iteration,layer_name,layer_type,time_ms,activation_mb,flops,params,call_index,exec_order,raw_time_ms,flops_source,input_shape,output_shape,process_rss_mb,gpu_mem_before_mb,gpu_mem_after_mb,timing_backend,device
0,embeddings.word_embeddings,Embedding,0.00614,0.375,0.0,23440896,0,0,0.00614,none,"[1, 128]","[1, 128, 768]",1081.34,0.0,0.375,cuda_event,cuda
0,embeddings.token_type_embeddings,Embedding,0.00595,0.375,0.0,1536,0,1,0.00595,none,"[1, 128]","[1, 128, 768]",1081.34,0.0,0.375,cuda_event,cuda
0,embeddings.position_embeddings,Embedding,0.00717,0.375,0.0,393216,0,2,0.00717,none,"[1, 128]","[1, 128, 768]",1081.34,0.0,0.375,cuda_event,cuda
0,embeddings.LayerNorm,LayerNorm,0.00819,0.375,491520.0,1536,0,3,0.00819,analytic,"[1, 128, 768]","[1, 128, 768]",1081.34,0.0,0.375,cuda_event,cuda
0,encoder.layer.0.attention.self.query,Linear,0.06138,0.375,150994944.0,590592,0,4,0.06138,counter,"[1, 128, 768]","[1, 128, 768]",1081.34,0.0,0.375,cuda_event,cuda
0,encoder.layer.0.attention.self.key,Linear,0.06141,0.375,150994944.0,590592,0,5,0.06141,counter,"[1, 128, 768]","[1, 128, 768]",1081.34,0.0,0.375,cuda_event,cuda
0,encoder.layer.0.attention.self.value,Linear,0.06147,0.375,150994944.0,590592,0,6,0.06147,counter,"[1, 128, 768]","[1, 128, 768]",1081.34,0.0,0.375,cuda_event,cuda
0,encoder.layer.0.attention.output.dense,Linear,0.0599,0.375,150994944.0,590592,0,7,0.0599,counter,"[1, 128, 768]","[1, 128, 768]",1081.34,0.0,0.375,cuda_event,cuda
0,encoder.layer.0.attention.output.LayerNorm,LayerNorm,0.00966,0.375,491520.0,1536,0,8,0.00966,analytic,"[1, 128, 768]","[1, 128, 768]",1081.34,0.0,0.375,cuda_event,cuda
0,encoder.layer.0.intermediate.dense,Linear,0.13578,1.5,603979776.0,2362368,0,9,0.13578,counter,"[1, 128, 768]","[1, 128, 3072]",1081.34,0.0,1.5,cuda_event,cuda
0,encoder.layer.0.intermediate.intermediate_act_fn,GELUActivation,0.008,1.5,0.0,0,0,10,0.008,none,"[1, 128, 3072]","[1, 128, 3072]",1081.34,0.0,1.5,cuda_event,cuda
0,encoder.layer.0.output.dense,Linear,0.16794,0.375,603979776.0,2360064,0,11,0.16794,counter,"[1, 128, 3072]","[1, 128, 768]",1081.34,0.0,0.375,cuda_event,cuda
0,encoder.layer.0.output.LayerNorm,LayerNorm,0.00845,0.375,491520.0,1536,0,12,0.00845,analytic,"[1, 128, 768]","[1, 128, 768]",1081.34,0.0,0.375,cuda_event,cuda
0,encoder.layer.1.attention.self.query,Linear,0.05939,0.375,150994944.0,590592,0,13,0.05939,counter,"[1, 128, 768]","[1, 128, 768]",1081.34,0.0,0.375,cuda_event,cuda
0,encoder.layer.1.attention.self.key,Linear,0.06144,0.375,150994944.0,590592,0,14,0.06144,counter,"[1, 128, 768]","[1, 128, 768]",1081.34,0.0,0.375,cuda_event,cuda
0,encoder.layer.1.attention.self.value,Linear,0.06064,0.375,150994944.0,590592,0,15,0.06064,counter,"[1, 128, 768]","[1, 128, 768]",1081.34,0.0,0.375,cuda_event,cuda
0,encoder.layer.1.attention.output.dense,Linear,0.06096,0.375,150994944.0,590592,0,16,0.06096,counter,"[1, 128, 768]","[1, 128, 768]",1081.34,0.0,0.375,cuda_event,cuda
0,encoder.layer.1.attention.output.LayerNorm,LayerNorm,0.00867,0.375,491520.0,1536,0,17,0.00867,analytic,"[1, 128, 768]","[1, 128, 768]",1081.34,0.0,0.375,cuda_event,cuda
0,encoder.layer.1.intermediate.dense,Linear,0.13661,1.5,603979776.0,2362368,0,18,0.13661,counter,"[1, 128, 768]","[1, 128, 3072]",1081.34,0.0,1.5,cuda_event,cuda
0,encoder.layer.1.intermediate.intermediate_act_fn,GELUActivation,0.00682,1.5,0.0,0,0,19,0.00682,none,"[1, 128, 3072]","[1, 128, 3072]",1081.34,0.0,1.5,cuda_event,cuda
0,encoder.layer.1.output.dense,Linear,0.16854,0.375,603979776.0,2360064,0,20,0.16854,counter,"[1, 128, 3072]","[1, 128, 768]",1081.34,0.0,0.375,cuda_event,cuda
0,encoder.layer.1.output.LayerNorm,LayerNorm,0.00941,0.375,491520.0,1536,0,21,0.00941,analytic,"[1, 128, 768]","[1, 128, 768]",1081.34,0.0,0.375,cuda_event,cuda
0,encoder.layer.2.attention.self.query,Linear,0.05971,0.375,150994944.0,590592,0,22,0.05971,counter,"[1, 128, 768]","[1, 128, 768]",1081.34,0.0,0.375,cuda_event,cuda
0,encoder.layer.2.attention.self.key,Linear,0.0616,0.375,150994944.0,590592,0,23,0.0616,counter,"[1, 128, 768]","[1, 128, 768]",1081.34,0.0,0.375,cuda_event,cuda
0,encoder.layer.2.attention.self.value,Linear,0.05949,0.375,150994944.0,590592,0,24,0.05949,counter,"[1, 128, 768]","[1, 128, 768]",1081.34,0.0,0.375,cuda_event,cuda
0,encoder.layer.2.attention.output.dense,Linear,0.06026,0.375,150994944.0,590592,0,25,0.06026,counter,"[1, 128, 768]","[1, 128, 768]",1081.34,0.0,0.375,cuda_event,cuda
0,encoder.layer.2.attention.output.LayerNorm,LayerNorm,0.00845,0.375,491520.0,1536,0,26,0.00845,analytic,"[1, 128, 768]","[1, 128, 768]",1081.34,0.0,0.375,cuda_event,cuda
0,encoder.layer.2.intermediate.dense,Linear,0.13664,1.5,603979776.0,2362368,0,27,0.13664,counter,"[1, 128, 768]","[1, 128, 3072]",1081.34,0.0,1.5,cuda_event,cuda
0,encoder.layer.2.intermediate.intermediate_act_fn,GELUActivation,0.00678,1.5,0.0,0,0,28,0.00678,none,"[1, 128, 3072]","[1, 128, 3072]",1081.34,0.0,1.5,cuda_event,cuda
0,encoder.layer.2.output.dense,Linear,0.16589,0.375,603979776.0,2360064,0,29,0.16589,counter,"[1, 128, 3072]","[1, 128, 768]",1081.34,0.0,0.375,cuda_event,cuda
0,encoder.layer.2.output.LayerNorm,LayerNorm,0.00922,0.375,491520.0,1536,0,30,0.00922,analytic,"[1, 128, 768]","[1, 128, 768]",1081.34,0.0,0.375,cuda_event,cuda
0,encoder.layer.3.attention.self.query,Linear,0.05997,0.375,150994944.0,590592,0,31,0.05997,counter,"[1, 128, 768]","[1, 128, 768]",1081.34,0.0,0.375,cuda_event,cuda
0,encoder.layer.3.attention.self.key,Linear,0.06134,0.375,150994944.0,590592,0,32,0.06134,counter,"[1, 128, 768]","[1, 128, 768]",1081.34,0.0,0.375,cuda_event,cuda
0,encoder.layer.3.attention.self.value,Linear,0.06003,0.375,150994944.0,590592,0,33,0.06003,counter,"[1, 128, 768]","[1, 128, 768]",1081.34,0.0,0.375,cuda_event,cuda
0,encoder.layer.3.attention.output.dense,Linear,0.06042,0.375,150994944.0,590592,0,34,0.06042,counter,"[1, 128, 768]","[1, 128, 768]",1081.34,0.0,0.375,cuda_event,cuda
0,encoder.layer.3.attention.output.LayerNorm,LayerNorm,0.00947,0.375,491520.0,1536,0,35,0.00947,analytic,"[1, 128, 768]","[1, 128, 768]",1081.34,0.0,0.375,cuda_event,cuda
0,encoder.layer.3.intermediate.dense,Linear,0.13805,1.5,603979776.0,2362368,0,36,0.13805,counter,"[1, 128, 768]","[1, 128, 3072]",1081.34,0.0,1.5,cuda_event,cuda
0,encoder.layer.3.intermediate.intermediate_act_fn,GELUActivation,0.00819,1.5,0.0,0,0,37,0.00819,none,"[1, 128, 3072]","[1, 128, 3072]",1081.34,0.0,1.5,cuda_event,cuda
0,encoder.layer.3.output.dense,Linear,0.16589,0.375,603979776.0,2360064,0,38,0.16589,counter,"[1, 128, 3072]","[1, 128, 768]",1081.34,0.0,0.375,cuda_event,cuda
0,encoder.layer.3.output.LayerNorm,LayerNorm,0.00976,0.375,491520.0,1536,0,39,0.00976,analytic,"[1, 128, 768]","[1, 128, 768]",1081.34,0.0,0.375,cuda_event,cuda
0,encoder.layer.4.attention.self.query,Linear,0.06134,0.375,150994944.0,590592,0,40,0.06134,counter,"[1, 128, 768]","[1, 128, 768]",1081.34,0.0,0.375,cuda_event,cuda
0,encoder.layer.4.attention.self.key,Linear,0.0616,0.375,150994944.0,590592,0,41,0.0616,counter,"[1, 128, 768]","[1, 128, 768]",1081.34,0.0,0.375,cuda_event,cuda
0,encoder.layer.4.attention.self.value,Linear,0.06176,0.375,150994944.0,590592,0,42,0.06176,counter,"[1, 128, 768]","[1, 128, 768]",1081.34,0.0,0.375,cuda_event,cuda
0,encoder.layer.4.attention.output.dense,Linear,0.06144,0.375,150994944.0,590592,0,43,0.06144,counter,"[1, 128, 768]","[1, 128, 768]",1081.34,0.0,0.375,cuda_event,cuda
0,encoder.layer.4.attention.output.LayerNorm,LayerNorm,0.00819,0.375,491520.0,1536,0,44,0.00819,analytic,"[1, 128, 768]","[1, 128, 768]",1081.34,0.0,0.375,cuda_event,cuda
0,encoder.layer.4.intermediate.dense,Linear,0.13722,1.5,603979776.0,2362368,0,45,0.13722,counter,"[1, 128, 768]","[1, 128, 3072]",1081.34,0.0,1.5,cuda_event,cuda
0,encoder.layer.4.intermediate.intermediate_act_fn,GELUActivation,0.00787,1.5,0.0,0,0,46,0.00787,none,"[1, 128, 3072]","[1, 128, 3072]",1081.34,0.0,1.5,cuda_event,cuda
0,encoder.layer.4.output.dense,Linear,0.16605,0.375,603979776.0,2360064,0,47,0.16605,counter,"[1, 128, 3072]","[1, 128, 768]",1081.34,0.0,0.375,cuda_event,cuda
0,encoder.layer.4.output.LayerNorm,LayerNorm,0.00845,0.375,491520.0,1536,0,48,0.00845,analytic,"[1, 128, 768]","[1, 128, 768]",1081.34,0.0,0.375,cuda_event,cuda
0,encoder.layer.5.attention.self.query,Linear,0.06042,0.375,150994944.0,590592,0,49,0.06042,counter,"[1, 128, 768]","[1, 128, 768]",1081.34,0.0,0.375,cuda_event,cuda
0,encoder.layer.5.attention.self.key,Linear,0.06118,0.375,150994944.0,590592,0,50,0.06118,counter,"[1, 128, 768]","[1, 128, 768]",1081.34,0.0,0.375,cuda_event,cuda
0,encoder.layer.5.attention.self.value,Linear,0.05968,0.375,150994944.0,590592,0,51,0.05968,counter,"[1, 128, 768]","[1, 128, 768]",1081.34,0.0,0.375,cuda_event,cuda
0,encoder.layer.5.attention.output.dense,Linear,0.05725,0.375,150994944.0,590592,0,52,0.05725,counter,"[1, 128, 768]","[1, 128, 768]",1081.34,0.0,0.375,cuda_event,cuda
0,encoder.layer.5.attention.output.LayerNorm,LayerNorm,0.00826,0.375,491520.0,1536,0,53,0.00826,analytic,"[1, 128, 768]","[1, 128, 768]",1081.34,0.0,0.375,cuda_event,cuda
0,encoder.layer.5.intermediate.dense,Linear,0.12912,1.5,603979776.0,2362368,0,54,0.12912,counter,"[1, 128, 768]","[1, 128, 3072]",1081.34,0.0,1.5,cuda_event,cuda
0,encoder.layer.5.intermediate.intermediate_act_fn,GELUActivation,0.00707,1.5,0.0,0,0,55,0.00707,none,"[1, 128, 3072]","[1, 128, 3072]",1081.34,0.0,1.5,cuda_event,cuda
0,encoder.layer.5.output.dense,Linear,0.15939,0.375,603979776.0,2360064,0,56,0.15939,counter,"[1, 128, 3072]","[1, 128, 768]",1081.34,0.0,0.375,cuda_event,cuda
0,encoder.layer.5.output.LayerNorm,LayerNorm,0.00819,0.375,491520.0,1536,0,57,0.00819,analytic,"[1, 128, 768]","[1, 128, 768]",1081.34,0.0,0.375,cuda_event,cuda
0,encoder.layer.6.attention.self.query,Linear,0.05622,0.375,150994944.0,590592,0,58,0.05622,counter,"[1, 128, 768]","[1, 128, 768]",1081.34,0.0,0.375,cuda_event,cuda
0,encoder.layer.6.attention.self.key,Linear,0.05725,0.375,150994944.0,590592,0,59,0.05725,counter,"[1, 128, 768]","[1, 128, 768]",1081.34,0.0,0.375,cuda_event,cuda
0,encoder.layer.6.attention.self.value,Linear,0.05562,0.375,150994944.0,590592,0,60,0.05562,counter,"[1, 128, 768]","[1, 128, 768]",1081.34,0.0,0.375,cuda_event,cuda
0,encoder.layer.6.attention.output.dense,Linear,0.05587,0.375,150994944.0,590592,0,61,0.05587,counter,"[1, 128, 768]","[1, 128, 768]",1081.34,0.0,0.375,cuda_event,cuda
0,encoder.layer.6.attention.output.LayerNorm,LayerNorm,0.00819,0.375,491520.0,1536,0,62,0.00819,analytic,"[1, 128, 768]","[1, 128, 768]",1081.34,0.0,0.375,cuda_event,cuda
0,encoder.layer.6.intermediate.dense,Linear,0.13107,1.5,603979776.0,2362368,0,63,0.13107,counter,"[1, 128, 768]","[1, 128, 3072]",1081.34,0.0,1.5,cuda_event,cuda
0,encoder.layer.6.intermediate.intermediate_act_fn,GELUActivation,0.00771,1.5,0.0,0,0,64,0.00771,none,"[1, 128, 3072]","[1, 128, 3072]",1081.34,0.0,1.5,cuda_event,cuda
0,encoder.layer.6.output.dense,Linear,0.16003,0.375,603979776.0,2360064,0,65,0.16003,counter,"[1, 128, 3072]","[1, 128, 768]",1081.34,0.0,0.375,cuda_event,cuda
0,encoder.layer.6.output.LayerNorm,LayerNorm,0.00835,0.375,491520.0,1536,0,66,0.00835,analytic,"[1, 128, 768]","[1, 128, 768]",1081.34,0.0,0.375,cuda_event,cuda
0,encoder.layer.7.attention.self.query,Linear,0.0553,0.375,150994944.0,590592,0,67,0.0553,counter,"[1, 128, 768]","[1, 128, 768]",1081.34,0.0,0.375,cuda_event,cuda
0,encoder.layer.7.attention.self.key,Linear,0.05734,0.375,150994944.0,590592,0,68,0.05734,counter,"[1, 128, 768]","[1, 128, 768]",1081.34,0.0,0.375,cuda_event,cuda
0,encoder.layer.7.attention.self.value,Linear,0.05734,0.375,150994944.0,590592,0,69,0.05734,counter,"[1, 128, 768]","[1, 128, 768]",1081.34,0.0,0.375,cuda_event,cuda
0,encoder.layer.7.attention.output.dense,Linear,0.05613,0.375,150994944.0,590592,0,70,0.05613,counter,"[1, 128, 768]","[1, 128, 768]",1081.34,0.0,0.375,cuda_event,cuda
0,encoder.layer.7.attention.output.LayerNorm,LayerNorm,0.00819,0.375,491520.0,1536,0,71,0.00819,analytic,"[1, 128, 768]","[1, 128, 768]",1081.34,0.0,0.375,cuda_event,cuda
0,encoder.layer.7.intermediate.dense,Linear,0.12902,1.5,603979776.0,2362368,0,72,0.12902,counter,"[1, 128, 768]","[1, 128, 3072]",1081.34,0.0,1.5,cuda_event,cuda
0,encoder.layer.7.intermediate.intermediate_act_fn,GELUActivation,0.00794,1.5,0.0,0,0,73,0.00794,none,"[1, 128, 3072]","[1, 128, 3072]",1081.34,0.0,1.5,cuda_event,cuda
0,encoder.layer.7.output.dense,Linear,0.16013,0.375,603979776.0,2360064,0,74,0.16013,counter,"[1, 128, 3072]","[1, 128, 768]",1081.34,0.0,0.375,cuda_event,cuda
0,encoder.layer.7.output.LayerNorm,LayerNorm,0.00819,0.375,491520.0,1536,0,75,0.00819,analytic,"[1, 128, 768]","[1, 128, 768]",1081.34,0.0,0.375,cuda_event,cuda
0,encoder.layer.8.attention.self.query,Linear,0.05658,0.375,150994944.0,590592,0,76,0.05658,counter,"[1, 128, 768]","[1, 128, 768]",1081.34,0.0,0.375,cuda_event,cuda
0,encoder.layer.8.attention.self.key,Linear,0.05619,0.375,150994944.0,590592,0,77,0.05619,counter,"[1, 128, 768]","[1, 128, 768]",1081.34,0.0,0.375,cuda_event,cuda
0,encoder.layer.8.attention.self.value,Linear,0.05734,0.375,150994944.0,590592,0,78,0.05734,counter,"[1, 128, 768]","[1, 128, 768]",1081.34,0.0,0.375,cuda_event,cuda
0,encoder.layer.8.attention.output.dense,Linear,0.0576,0.375,150994944.0,590592,0,79,0.0576,counter,"[1, 128, 768]","[1, 128, 768]",1081.34,0.0,0.375,cuda_event,cuda
0,encoder.layer.8.attention.output.LayerNorm,LayerNorm,0.00835,0.375,491520.0,1536,0,80,0.00835,analytic,"[1, 128, 768]","[1, 128, 768]",1081.34,0.0,0.375,cuda_event,cuda
0,encoder.layer.8.intermediate.dense,Linear,0.13139,1.5,603979776.0,2362368,0,81,0.13139,counter,"[1, 128, 768]","[1, 128, 3072]",1081.34,0.0,1.5,cuda_event,cuda
0,encoder.layer.8.intermediate.intermediate_act_fn,GELUActivation,0.00778,1.5,0.0,0,0,82,0.00778,none,"[1, 128, 3072]","[1, 128, 3072]",1081.34,0.0,1.5,cuda_event,cuda
0,encoder.layer.8.output.dense,Linear,0.15824,0.375,603979776.0,2360064,0,83,0.15824,counter,"[1, 128, 3072]","[1, 128, 768]",1081.34,0.0,0.375,cuda_event,cuda
0,encoder.layer.8.output.LayerNorm,LayerNorm,0.00819,0.375,491520.0,1536,0,84,0.00819,analytic,"[1, 128, 768]","[1, 128, 768]",1081.34,0.0,0.375,cuda_event,cuda
0,encoder.layer.9.attention.self.query,Linear,0.05693,0.375,150994944.0,590592,0,85,0.05693,counter,"[1, 128, 768]","[1, 128, 768]",1081.34,0.0,0.375,cuda_event,cuda
0,encoder.layer.9.attention.self.key,Linear,0.05581,0.375,150994944.0,590592,0,86,0.05581,counter,"[1, 128, 768]","[1, 128, 768]",1081.34,0.0,0.375,cuda_event,cuda
0,encoder.layer.9.attention.self.value,Linear,0.05702,0.375,150994944.0,590592,0,87,0.05702,counter,"[1, 128, 768]","[1, 128, 768]",1081.34,0.0,0.375,cuda_event,cuda
0,encoder.layer.9.attention.output.dense,Linear,0.05869,0.375,150994944.0,590592,0,88,0.05869,counter,"[1, 128, 768]","[1, 128, 768]",1081.34,0.0,0.375,cuda_event,cuda
0,encoder.layer.9.attention.output.LayerNorm,LayerNorm,0.0071,0.375,491520.0,1536,0,89,0.0071,analytic,"[1, 128, 768]","[1, 128, 768]",1081.34,0.0,0.375,cuda_event,cuda
0,encoder.layer.9.intermediate.dense,Linear,0.13002,1.5,603979776.0,2362368,0,90,0.13002,counter,"[1, 128, 768]","[1, 128, 3072]",1081.34,0.0,1.5,cuda_event,cuda
0,encoder.layer.9.intermediate.intermediate_act_fn,GELUActivation,0.0081,1.5,0.0,0,0,91,0.0081,none,"[1, 128, 3072]","[1, 128, 3072]",1081.34,0.0,1.5,cuda_event,cuda
0,encoder.layer.9.output.dense,Linear,0.15994,0.375,603979776.0,2360064,0,92,0.15994,counter,"[1, 128, 3072]","[1, 128, 768]",1081.34,0.0,0.375,cuda_event,cuda
0,encoder.layer.9.output.LayerNorm,LayerNorm,0.00822,0.375,491520.0,1536,0,93,0.00822,analytic,"[1, 128, 768]","[1, 128, 768]",1081.34,0.0,0.375,cuda_event,cuda
0,encoder.layer.10.attention.self.query,Linear,0.05542,0.375,150994944.0,590592,0,94,0.05542,counter,"[1, 128, 768]","[1, 128, 768]",1081.34,0.0,0.375,cuda_event,cuda
0,encoder.layer.10.attention.self.key,Linear,0.05568,0.375,150994944.0,590592,0,95,0.05568,counter,"[1, 128, 768]","[1, 128, 768]",1081.34,0.0,0.375,cuda_event,cuda
0,encoder.layer.10.attention.self.value,Linear,0.05734,0.375,150994944.0,590592,0,96,0.05734,counter,"[1, 128, 768]","[1, 128, 768]",1081.34,0.0,0.375,cuda_event,cuda
0,encoder.layer.10.attention.output.dense,Linear,0.05709,0.375,150994944.0,590592,0,97,0.05709,counter,"[1, 128, 768]","[1, 128, 768]",1081.34,0.0,0.375,cuda_event,cuda
0,encoder.layer.10.attention.output.LayerNorm,LayerNorm,0.00819,0.375,491520.0,1536,0,98,0.00819,analytic,"[1, 128, 768]","[1, 128, 768]",1081.34,0.0,0.375,cuda_event,cuda
0,encoder.layer.10.intermediate.dense,Linear,0.12976,1.5,603979776.0,2362368,0,99,0.12976,counter,"[1, 128, 768]","[1, 128, 3072]",1081.34,0.0,1.5,cuda_event,cuda
0,encoder.layer.10.intermediate.intermediate_act_fn,GELUActivation,0.00656,1.5,0.0,0,0,100,0.00656,none,"[1, 128, 3072]","[1, 128, 3072]",1081.34,0.0,1.5,cuda_event,cuda
0,encoder.layer.10.output.dense,Linear,0.16128,0.375,603979776.0,2360064,0,101,0.16128,counter,"[1, 128, 3072]","[1, 128, 768]",1081.34,0.0,0.375,cuda_event,cuda
0,encoder.layer.10.output.LayerNorm,LayerNorm,0.00822,0.375,491520.0,1536,0,102,0.00822,analytic,"[1, 128, 768]","[1, 128, 768]",1081.34,0.0,0.375,cuda_event,cuda
0,encoder.layer.11.attention.self.query,Linear,0.05616,0.375,150994944.0,590592,0,103,0.05616,counter,"[1, 128, 768]","[1, 128, 768]",1081.34,0.0,0.375,cuda_event,cuda
0,encoder.layer.11.attention.self.key,Linear,0.05712,0.375,150994944.0,590592,0,104,0.05712,counter,"[1, 128, 768]","[1, 128, 768]",1081.34,0.0,0.375,cuda_event,cuda
0,encoder.layer.11.attention.self.value,Linear,0.05565,0.375,150994944.0,590592,0,105,0.05565,counter,"[1, 128, 768]","[1, 128, 768]",1081.34,0.0,0.375,cuda_event,cuda
0,encoder.layer.11.attention.output.dense,Linear,0.05674,0.375,150994944.0,590592,0,106,0.05674,counter,"[1, 128, 768]","[1, 128, 768]",1081.34,0.0,0.375,cuda_event,cuda
0,encoder.layer.11.attention.output.LayerNorm,LayerNorm,0.00819,0.375,491520.0,1536,0,107,0.00819,analytic,"[1, 128, 768]","[1, 128, 768]",1081.34,0.0,0.375,cuda_event,cuda
0,encoder.layer.11.intermediate.dense,Linear,0.12864,1.5,603979776.0,2362368,0,108,0.12864,counter,"[1, 128, 768]","[1, 128, 3072]",1081.34,0.0,1.5,cuda_event,cuda
0,encoder.layer.11.intermediate.intermediate_act_fn,GELUActivation,0.00691,1.5,0.0,0,0,109,0.00691,none,"[1, 128, 3072]","[1, 128, 3072]",1081.34,0.0,1.5,cuda_event,cuda
0,encoder.layer.11.output.dense,Linear,0.15952,0.375,603979776.0,2360064,0,110,0.15952,counter,"[1, 128, 3072]","[1, 128, 768]",1081.34,0.0,0.375,cuda_event,cuda
0,encoder.layer.11.output.LayerNorm,LayerNorm,0.00941,0.375,491520.0,1536,0,111,0.00941,analytic,"[1, 128, 768]","[1, 128, 768]",1081.34,0.0,0.375,cuda_event,cuda
0,pooler.dense,Linear,0.01322,0.00293,1179648.0,590592,0,112,0.01322,counter,"[1, 768]","[1, 768]",1081.34,0.0,0.003,cuda_event,cuda
0,pooler.activation,Tanh,0.00531,0.00293,3072.0,0,0,113,0.00531,analytic,"[1, 768]","[1, 768]",1081.34,0.0,0.003,cuda_event,cuda
1,embeddings.word_embeddings,Embedding,0.00598,0.375,0.0,23440896,0,0,0.00598,none,"[1, 128]","[1, 128, 768]",1081.34,0.0,0.375,cuda_event,cuda
1,embeddings.token_type_embeddings,Embedding,0.00467,0.375,0.0,1536,0,1,0.00467,none,"[1, 128]","[1, 128, 768]",1081.34,0.0,0.375,cuda_event,cuda
1,embeddings.position_embeddings,Embedding,0.00614,0.375,0.0,393216,0,2,0.00614,none,"[1, 128]","[1, 128, 768]",1081.34,0.0,0.375,cuda_event,cuda
1,embeddings.LayerNorm,LayerNorm,0.00691,0.375,491520.0,1536,0,3,0.00691,analytic,"[1, 128, 768]","[1, 128, 768]",1081.34,0.0,0.375,cuda_event,cuda
1,encoder.layer.0.attention.self.query,Linear,0.05718,0.375,150994944.0,590592,0,4,0.05718,counter,"[1, 128, 768]","[1, 128, 768]",1081.34,0.0,0.375,cuda_event,cuda
1,encoder.layer.0.attention.self.key,Linear,0.05683,0.375,150994944.0,590592,0,5,0.05683,counter,"[1, 128, 768]","[1, 128, 768]",1081.34,0.0,0.375,cuda_event,cuda
1,encoder.layer.0.attention.self.value,Linear,0.05542,0.375,150994944.0,590592,0,6,0.05542,counter,"[1, 128, 768]","[1, 128, 768]",1081.34,0.0,0.375,cuda_event,cuda
1,encoder.layer.0.attention.output.dense,Linear,0.05581,0.375,150994944.0,590592,0,7,0.05581,counter,"[1, 128, 768]","[1, 128, 768]",1081.34,0.0,0.375,cuda_event,cuda
1,encoder.layer.0.attention.output.LayerNorm,LayerNorm,0.00819,0.375,491520.0,1536,0,8,0.00819,analytic,"[1, 128, 768]","[1, 128, 768]",1081.34,0.0,0.375,cuda_event,cuda
1,encoder.layer.0.intermediate.dense,Linear,0.12826,1.5,603979776.0,2362368,0,9,0.12826,counter,"[1, 128, 768]","[1, 128, 3072]",1081.34,0.0,1.5,cuda_event,cuda
1,encoder.layer.0.intermediate.intermediate_act_fn,GELUActivation,0.00694,1.5,0.0,0,0,10,0.00694,none,"[1, 128, 3072]","[1, 128, 3072]",1081.34,0.0,1.5,cuda_event,cuda
1,encoder.layer.0.output.dense,Linear,0.15587,0.375,603979776.0,2360064,0,11,0.15587,counter,"[1, 128, 3072]","[1, 128, 768]",1081.34,0.0,0.375,cuda_event,cuda
1,encoder.layer.0.output.LayerNorm,LayerNorm,0.00803,0.375,491520.0,1536,0,12,0.00803,analytic,"[1, 128, 768]","[1, 128, 768]",1081.34,0.0,0.375,cuda_event,cuda
1,encoder.layer.1.attention.self.query,Linear,0.05354,0.375,150994944.0,590592,0,13,0.05354,counter,"[1, 128, 768]","[1, 128, 768]",1081.34,0.0,0.375,cuda_event,cuda
1,encoder.layer.1.attention.self.key,Linear,0.0553,0.375,150994944.0,590592,0,14,0.0553,counter,"[1, 128, 768]","[1, 128, 768]",1081.34,0.0,0.375,cuda_event,cuda
1,encoder.layer.1.attention.self.value,Linear,0.05686,0.375,150994944.0,590592,0,15,0.05686,counter,"[1, 128, 768]","[1, 128, 768]",1081.34,0.0,0.375,cuda_event,cuda
1,encoder.layer.1.attention.output.dense,Linear,0.05392,0.375,150994944.0,590592,0,16,0.05392,counter,"[1, 128, 768]","[1, 128, 768]",1081.34,0.0,0.375,cuda_event,cuda
1,encoder.layer.1.attention.output.LayerNorm,LayerNorm,0.00819,0.375,491520.0,1536,0,17,0.00819,analytic,"[1, 128, 768]","[1, 128, 768]",1081.34,0.0,0.375,cuda_event,cuda
1,encoder.layer.1.intermediate.dense,Linear,0.12656,1.5,603979776.0,2362368,0,18,0.12656,counter,"[1, 128, 768]","[1, 128, 3072]",1081.34,0.0,1.5,cuda_event,cuda
1,encoder.layer.1.intermediate.intermediate_act_fn,GELUActivation,0.00669,1.5,0.0,0,0,19,0.00669,none,"[1, 128, 3072]","[1, 128, 3072]",1081.34,0.0,1.5,cuda_event,cuda
1,encoder.layer.1.output.dense,Linear,0.1577,0.375,603979776.0,2360064,0,20,0.1577,counter,"[1, 128, 3072]","[1, 128, 768]",1081.34,0.0,0.375,cuda_event,cuda
1,encoder.layer.1.output.LayerNorm,LayerNorm,0.00835,0.375,491520.0,1536,0,21,0.00835,analytic,"[1, 128, 768]","[1, 128, 768]",1081.34,0.0,0.375,cuda_event,cuda
1,encoder.layer.2.attention.self.query,Linear,0.0536,0.375,150994944.0,590592,0,22,0.0536,counter,"[1, 128, 768]","[1, 128, 768]",1081.34,0.0,0.375,cuda_event,cuda
1,encoder.layer.2.attention.self.key,Linear,0.05597,0.375,150994944.0,590592,0,23,0.05597,counter,"[1, 128, 768]","[1, 128, 768]",1081.34,0.0,0.375,cuda_event,cuda
1,encoder.layer.2.attention.self.value,Linear,0.0553,0.375,150994944.0,590592,0,24,0.0553,counter,"[1, 128, 768]","[1, 128, 768]",1081.34,0.0,0.375,cuda_event,cuda
1,encoder.layer.2.attention.output.dense,Linear,0.05677,0.375,150994944.0,590592,0,25,0.05677,counter,"[1, 128, 768]","[1, 128, 768]",1081.34,0.0,0.375,cuda_event,cuda
1,encoder.layer.2.attention.output.LayerNorm,LayerNorm,0.00819,0.375,491520.0,1536,0,26,0.00819,analytic,"[1, 128, 768]","[1, 128, 768]",1081.34,0.0,0.375,cuda_event,cuda
1,encoder.layer.2.intermediate.dense,Linear,0.12698,1.5,603979776.0,2362368,0,27,0.12698,counter,"[1, 128, 768]","[1, 128, 3072]",1081.34,0.0,1.5,cuda_event,cuda
1,encoder.layer.2.intermediate.intermediate_act_fn,GELUActivation,0.008,1.5,0.0,0,0,28,0.008,none,"[1, 128, 3072]","[1, 128, 3072]",1081.34,0.0,1.5,cuda_event,cuda
1,encoder.layer.2.output.dense,Linear,0.15725,0.375,603979776.0,2360064,0,29,0.15725,counter,"[1, 128, 3072]","[1, 128, 768]",1081.34,0.0,0.375,cuda_event,cuda
1,encoder.layer.2.output.LayerNorm,LayerNorm,0.00819,0.375,491520.0,1536,0,30,0.00819,analytic,"[1, 128, 768]","[1, 128, 768]",1081.34,0.0,0.375,cuda_event,cuda
1,encoder.layer.3.attention.self.query,Linear,0.0553,0.375,150994944.0,590592,0,31,0.0553,counter,"[1, 128, 768]","[1, 128, 768]",1081.34,0.0,0.375,cuda_event,cuda
1,encoder.layer.3.attention.self.key,Linear,0.0553,0.375,150994944.0,590592,0,32,0.0553,counter,"[1, 128, 768]","[1, 128, 768]",1081.34,0.0,0.375,cuda_event,cuda
1,encoder.layer.3.attention.self.value,Linear,0.0553,0.375,150994944.0,590592,0,33,0.0553,counter,"[1, 128, 768]","[1, 128, 768]",1081.34,0.0,0.375,cuda_event,cuda
1,encoder.layer.3.attention.output.dense,Linear,0.05677,0.375,150994944.0,590592,0,34,0.05677,counter,"[1, 128, 768]","[1, 128, 768]",1081.34,0.0,0.375,cuda_event,cuda
1,encoder.layer.3.attention.output.LayerNorm,LayerNorm,0.00819,0.375,491520.0,1536,0,35,0.00819,analytic,"[1, 128, 768]","[1, 128, 768]",1081.34,0.0,0.375,cuda_event,cuda
1,encoder.layer.3.intermediate.dense,Linear,0.12848,1.5,603979776.0,2362368,0,36,0.12848,counter,"[1, 128, 768]","[1, 128, 3072]",1081.34,0.0,1.5,cuda_event,cuda
1,encoder.layer.3.intermediate.intermediate_act_fn,GELUActivation,0.00682,1.5,0.0,0,0,37,0.00682,none,"[1, 128, 3072]","[1, 128, 3072]",1081.34,0.0,1.5,cuda_event,cuda
1,encoder.layer.3.output.dense,Linear,0.15766,0.375,603979776.0,2360064,0,38,0.15766,counter,"[1, 128, 3072]","[1, 128, 768]",1081.34,0.0,0.375,cuda_event,cuda
1,encoder.layer.3.output.LayerNorm,LayerNorm,0.00806,0.375,491520.0,1536,0,39,0.00806,analytic,"[1, 128, 768]","[1, 128, 768]",1081.34,0.0,0.375,cuda_event,cuda
1,encoder.layer.4.attention.self.query,Linear,0.05462,0.375,150994944.0,590592,0,40,0.05462,counter,"[1, 128, 768]","[1, 128, 768]",1081.34,0.0,0.375,cuda_event,cuda
1,encoder.layer.4.attention.self.key,Linear,0.05424,0.375,150994944.0,590592,0,41,0.05424,counter,"[1, 128, 768]","[1, 128, 768]",1081.34,0.0,0.375,cuda_event,cuda
1,encoder.layer.4.attention.self.value,Linear,0.05645,0.375,150994944.0,590592,0,42,0.05645,counter,"[1, 128, 768]","[1, 128, 768]",1081.34,0.0,0.375,cuda_event,cuda
1,encoder.layer.4.attention.output.dense,Linear,0.05411,0.375,150994944.0,590592,0,43,0.05411,counter,"[1, 128, 768]","[1, 128, 768]",1081.34,0.0,0.375,cuda_event,cuda
1,encoder.layer.4.attention.output.LayerNorm,LayerNorm,0.00819,0.375,491520.0,1536,0,44,0.00819,analytic,"[1, 128, 768]","[1, 128, 768]",1081.34,0.0,0.375,cuda_event,cuda
1,encoder.layer.4.intermediate.dense,Linear,0.12666,1.5,603979776.0,2362368,0,45,0.12666,counter,"[1, 128, 768]","[1, 128, 3072]",1081.34,0.0,1.5,cuda_event,cuda
1,encoder.layer.4.intermediate.intermediate_act_fn,GELUActivation,0.00659,1.5,0.0,0,0,46,0.00659,none,"[1, 128, 3072]","[1, 128, 3072]",1081.34,0.0,1.5,cuda_event,cuda
1,encoder.layer.4.output.dense,Linear,0.15526,0.375,603979776.0,2360064,0,47,0.15526,counter,"[1, 128, 3072]","[1, 128, 768]",1081.34,0.0,0.375,cuda_event,cuda
1,encoder.layer.4.output.LayerNorm,LayerNorm,0.008,0.375,491520.0,1536,0,48,0.008,analytic,"[1, 128, 768]","[1, 128, 768]",1081.34,0.0,0.375,cuda_event,cuda
1,encoder.layer.5.attention.self.query,Linear,0.0553,0.375,150994944.0,590592,0,49,0.0553,counter,"[1, 128, 768]","[1, 128, 768]",1081.34,0.0,0.375,cuda_event,cuda
1,encoder.layer.5.attention.self.key,Linear,0.05517,0.375,150994944.0,590592,0,50,0.05517,counter,"[1, 128, 768]","[1, 128, 768]",1081.34,0.0,0.375,cuda_event,cuda
1,encoder.layer.5.attention.self.value,Linear,0.05565,0.375,150994944.0,590592,0,51,0.05565,counter,"[1, 128, 768]","[1, 128, 768]",1081.34,0.0,0.375,cuda_event,cuda
1,encoder.layer.5.attention.output.dense,Linear,0.05558,0.375,150994944.0,590592,0,52,0.05558,counter,"[1, 128, 768]","[1, 128, 768]",1081.34,0.0,0.375,cuda_event,cuda
1,encoder.layer.5.attention.output.LayerNorm,LayerNorm,0.00707,0.375,491520.0,1536,0,53,0.00707,analytic,"[1, 128, 768]","[1, 128, 768]",1081.34,0.0,0.375,cuda_event,cuda
1,encoder.layer.5.intermediate.dense,Linear,0.1289,1.5,603979776.0,2362368,0,54,0.1289,counter,"[1, 128, 768]","[1, 128, 3072]",1081.34,0.0,1.5,cuda_event,cuda
1,encoder.layer.5.intermediate.intermediate_act_fn,GELUActivation,0.00624,1.5,0.0,0,0,55,0.00624,none,"[1, 128, 3072]","[1, 128, 3072]",1081.34,0.0,1.5,cuda_event,cuda
1,encoder.layer.5.output.dense,Linear,0.1577,0.375,603979776.0,2360064,0,56,0.1577,counter,"[1, 128, 3072]","[1, 128, 768]",1081.34,0.0,0.375,cuda_event,cuda
1,encoder.layer.5.output.LayerNorm,LayerNorm,0.00822,0.375,491520.0,1536,0,57,0.00822,analytic,"[1, 128, 768]","[1, 128, 768]",1081.34,0.0,0.375,cuda_event,cuda
1,encoder.layer.6.attention.self.query,Linear,0.05328,0.375,150994944.0,590592,0,58,0.05328,counter,"[1, 128, 768]","[1, 128, 768]",1081.34,0.0,0.375,cuda_event,cuda
1,encoder.layer.6.attention.self.key,Linear,0.0553,0.375,150994944.0,590592,0,59,0.0553,counter,"[1, 128, 768]","[1, 128, 768]",1081.34,0.0,0.375,cuda_event,cuda
1,encoder.layer.6.attention.self.value,Linear,0.05648,0.375,150994944.0,590592,0,60,0.05648,counter,"[1, 128, 768]","[1, 128, 768]",1081.34,0.0,0.375,cuda_event,cuda
1,encoder.layer.6.attention.output.dense,Linear,0.05555,0.375,150994944.0,590592,0,61,0.05555,counter,"[1, 128, 768]","[1, 128, 768]",1081.34,0.0,0.375,cuda_event,cuda
1,encoder.layer.6.attention.output.LayerNorm,LayerNorm,0.00714,0.375,491520.0,1536,0,62,0.00714,analytic,"[1, 128, 768]","[1, 128, 768]",1081.34,0.0,0.375,cuda_event,cuda
1,encoder.layer.6.intermediate.dense,Linear,0.12902,1.5,603979776.0,2362368,0,63,0.12902,counter,"[1, 128, 768]","[1, 128, 3072]",1081.34,0.0,1.5,cuda_event,cuda
1,encoder.layer.6.intermediate.intermediate_act_fn,GELUActivation,0.0072,1.5,0.0,0,0,64,0.0072,none,"[1, 128, 3072]","[1, 128, 3072]",1081.34,0.0,1.5,cuda_event,cuda
1,encoder.layer.6.output.dense,Linear,0.15904,0.375,603979776.0,2360064,0,65,0.15904,counter,"[1, 128, 3072]","[1, 128, 768]",1081.34,0.0,0.375,cuda_event,cuda
1,encoder.layer.6.output.LayerNorm,LayerNorm,0.00835,0.375,491520.0,1536,0,66,0.00835,analytic,"[1, 128, 768]","[1, 128, 768]",1081.34,0.0,0.375,cuda_event,cuda
1,encoder.layer.7.attention.self.query,Linear,0.05418,0.375,150994944.0,590592,0,67,0.05418,counter,"[1, 128, 768]","[1, 128, 768]",1081.34,0.0,0.375,cuda_event,cuda
1,encoder.layer.7.attention.self.key,Linear,0.0567,0.375,150994944.0,590592,0,68,0.0567,counter,"[1, 128, 768]","[1, 128, 768]",1081.34,0.0,0.375,cuda_event,cuda
1,encoder.layer.7.attention.self.value,Linear,0.05606,0.375,150994944.0,590592,0,69,0.05606,counter,"[1, 128, 768]","[1, 128, 768]",1081.34,0.0,0.375,cuda_event,cuda
1,encoder.layer.7.attention.output.dense,Linear,0.05501,0.375,150994944.0,590592,0,70,0.05501,counter,"[1, 128, 768]","[1, 128, 768]",1081.34,0.0,0.375,cuda_event,cuda
1,encoder.layer.7.attention.output.LayerNorm,LayerNorm,0.0081,0.375,491520.0,1536,0,71,0.0081,analytic,"[1, 128, 768]","[1, 128, 768]",1081.34,0.0,0.375,cuda_event,cuda
1,encoder.layer.7.intermediate.dense,Linear,0.12579,1.5,603979776.0,2362368,0,72,0.12579,counter,"[1, 128, 768]","[1, 128, 3072]",1081.34,0.0,1.5,cuda_event,cuda
1,encoder.layer.7.intermediate.intermediate_act_fn,GELUActivation,0.00634,1.5,0.0,0,0,73,0.00634,none,"[1, 128, 3072]","[1, 128, 3072]",1081.34,0.0,1.5,cuda_event,cuda
1,encoder.layer.7.output.dense,Linear,0.15917,0.375,603979776.0,2360064,0,74,0.15917,counter,"[1, 128, 3072]","[1, 128, 768]",1081.34,0.0,0.375,cuda_event,cuda
1,encoder.layer.7.output.LayerNorm,LayerNorm,0.00717,0.375,491520.0,1536,0,75,0.00717,analytic,"[1, 128, 768]","[1, 128, 768]",1081.34,0.0,0.375,cuda_event,cuda
1,encoder.layer.8.attention.self.query,Linear,0.0553,0.375,150994944.0,590592,0,76,0.0553,counter,"[1, 128, 768]","[1, 128, 768]",1081.34,0.0,0.375,cuda_event,cuda
1,encoder.layer.8.attention.self.key,Linear,0.0553,0.375,150994944.0,590592,0,77,0.0553,counter,"[1, 128, 768]","[1, 128, 768]",1081.34,0.0,0.375,cuda_event,cuda
1,encoder.layer.8.attention.self.value,Linear,0.0553,0.375,150994944.0,590592,0,78,0.0553,counter,"[1, 128, 768]","[1, 128, 768]",1081.34,0.0,0.375,cuda_event,cuda
1,encoder.layer.8.attention.output.dense,Linear,0.05712,0.375,150994944.0,590592,0,79,0.05712,counter,"[1, 128, 768]","[1, 128, 768]",1081.34,0.0,0.375,cuda_event,cuda
1,encoder.layer.8.attention.output.LayerNorm,LayerNorm,0.00781,0.375,491520.0,1536,0,80,0.00781,analytic,"[1, 128, 768]","[1, 128, 768]",1081.34,0.0,0.375,cuda_event,cuda
1,encoder.layer.8.intermediate.dense,Linear,0.12566,1.5,603979776.0,2362368,0,81,0.12566,counter,"[1, 128, 768]","[1, 128, 3072]",1081.34,0.0,1.5,cuda_event,cuda
1,encoder.layer.8.intermediate.intermediate_act_fn,GELUActivation,0.00781,1.5,0.0,0,0,82,0.00781,none,"[1, 128, 3072]","[1, 128, 3072]",1081.34,0.0,1.5,cuda_event,cuda
1,encoder.layer.8.output.dense,Linear,0.15619,0.375,603979776.0,2360064,0,83,0.15619,counter,"[1, 128, 3072]","[1, 128, 768]",1081.34,0.0,0.375,cuda_event,cuda
1,encoder.layer.8.output.LayerNorm,LayerNorm,0.00819,0.375,491520.0,1536,0,84,0.00819,analytic,"[1, 128, 768]","[1, 128, 768]",1081.34,0.0,0.375,cuda_event,cuda
1,encoder.layer.9.attention.self.query,Linear,0.05642,0.375,150994944.0,590592,0,85,0.05642,counter,"[1, 128, 768]","[1, 128, 768]",1081.34,0.0,0.375,cuda_event,cuda
1,encoder.layer.9.attention.self.key,Linear,0.0553,0.375,150994944.0,590592,0,86,0.0553,counter,"[1, 128, 768]","[1, 128, 768]",1081.34,0.0,0.375,cuda_event,cuda
1,encoder.layer.9.attention.self.value,Linear,0.0553,0.375,150994944.0,590592,0,87,0.0553,counter,"[1, 128, 768]","[1, 128, 768]",1081.34,0.0,0.375,cuda_event,cuda
1,encoder.layer.9.attention.output.dense,Linear,0.05613,0.375,150994944.0,590592,0,88,0.05613,counter,"[1, 128, 768]","[1, 128, 768]",1081.34,0.0,0.375,cuda_event,cuda
1,encoder.layer.9.attention.output.LayerNorm,LayerNorm,0.008,0.375,491520.0,1536,0,89,0.008,analytic,"[1, 128, 768]","[1, 128, 768]",1081.34,0.0,0.375,cuda_event,cuda
1,encoder.layer.9.intermediate.dense,Linear,0.12979,1.5,603979776.0,2362368,0,90,0.12979,counter,"[1, 128, 768]","[1, 128, 3072]",1081.34,0.0,1.5,cuda_event,cuda
1,encoder.layer.9.intermediate.intermediate_act_fn,GELUActivation,0.00733,1.5,0.0,0,0,91,0.00733,none,"[1, 128, 3072]","[1, 128, 3072]",1081.34,0.0,1.5,cuda_event,cuda
1,encoder.layer.9.output.dense,Linear,0.1577,0.375,603979776.0,2360064,0,92,0.1577,counter,"[1, 128, 3072]","[1, 128, 768]",1081.34,0.0,0.375,cuda_event,cuda
1,encoder.layer.9.output.LayerNorm,LayerNorm,0.00806,0.375,491520.0,1536,0,93,0.00806,analytic,"[1, 128, 768]","[1, 128, 768]",1081.34,0.0,0.375,cuda_event,cuda
1,encoder.layer.10.attention.self.query,Linear,0.05379,0.375,150994944.0,590592,0,94,0.05379,counter,"[1, 128, 768]","[1, 128, 768]",1081.34,0.0,0.375,cuda_event,cuda
1,encoder.layer.10.attention.self.key,Linear,0.05661,0.375,150994944.0,590592,0,95,0.05661,counter,"[1, 128, 768]","[1, 128, 768]",1081.34,0.0,0.375,cuda_event,cuda
1,encoder.layer.10.attention.self.value,Linear,0.05411,0.375,150994944.0,590592,0,96,0.05411,counter,"[1, 128, 768]","[1, 128, 768]",1081.34,0.0,0.375,cuda_event,cuda
1,encoder.layer.10.attention.output.dense,Linear,0.05731,0.375,150994944.0,590592,0,97,0.05731,counter,"[1, 128, 768]","[1, 128, 768]",1081.34,0.0,0.375,cuda_event,cuda
1,encoder.layer.10.attention.output.LayerNorm,LayerNorm,0.00826,0.375,491520.0,1536,0,98,0.00826,analytic,"[1, 128, 768]","[1, 128, 768]",1081.34,0.0,0.375,cuda_event,cuda
1,encoder.layer.10.intermediate.dense,Linear,0.12582,1.5,603979776.0,2362368,0,99,0.12582,counter,"[1, 128, 768]","[1, 128, 3072]",1081.34,0.0,1.5,cuda_event,cuda
1,encoder.layer.10.intermediate.intermediate_act_fn,GELUActivation,0.00742,1.5,0.0,0,0,100,0.00742,none,"[1, 128, 3072]","[1, 128, 3072]",1081.34,0.0,1.5,cuda_event,cuda
1,encoder.layer.10.output.dense,Linear,0.15658,0.375,603979776.0,2360064,0,101,0.15658,counter,"[1, 128, 3072]","[1, 128, 768]",1081.34,0.0,0.375,cuda_event,cuda
1,encoder.layer.10.output.LayerNorm,LayerNorm,0.00819,0.375,491520.0,1536,0,102,0.00819,analytic,"[1, 128, 768]","[1, 128, 768]",1081.34,0.0,0.375,cuda_event,cuda
1,encoder.layer.11.attention.self.query,Linear,0.0553,0.375,150994944.0,590592,0,103,0.0553,counter,"[1, 128, 768]","[1, 128, 768]",1081.34,0.0,0.375,cuda_event,cuda
1,encoder.layer.11.attention.self.key,Linear,0.05536,0.375,150994944.0,590592,0,104,0.05536,counter,"[1, 128, 768]","[1, 128, 768]",1081.34,0.0,0.375,cuda_event,cuda
1,encoder.layer.11.attention.self.value,Linear,0.0553,0.375,150994944.0,590592,0,105,0.0553,counter,"[1, 128, 768]","[1, 128, 768]",1081.34,0.0,0.375,cuda_event,cuda
1,encoder.layer.11.attention.output.dense,Linear,0.0553,0.375,150994944.0,590592,0,106,0.0553,counter,"[1, 128, 768]","[1, 128, 768]",1081.34,0.0,0.375,cuda_event,cuda
1,encoder.layer.11.attention.output.LayerNorm,LayerNorm,0.00797,0.375,491520.0,1536,0,107,0.00797,analytic,"[1, 128, 768]","[1, 128, 768]",1081.34,0.0,0.375,cuda_event,cuda
1,encoder.layer.11.intermediate.dense,Linear,0.12768,1.5,603979776.0,2362368,0,108,0.12768,counter,"[1, 128, 768]","[1, 128, 3072]",1081.34,0.0,1.5,cuda_event,cuda
1,encoder.layer.11.intermediate.intermediate_act_fn,GELUActivation,0.0073,1.5,0.0,0,0,109,0.0073,none,"[1, 128, 3072]","[1, 128, 3072]",1081.34,0.0,1.5,cuda_event,cuda
1,encoder.layer.11.output.dense,Linear,0.15664,0.375,603979776.0,2360064,0,110,0.15664,counter,"[1, 128, 3072]","[1, 128, 768]",1081.34,0.0,0.375,cuda_event,cuda
1,encoder.layer.11.output.LayerNorm,LayerNorm,0.00819,0.375,491520.0,1536,0,111,0.00819,analytic,"[1, 128, 768]","[1, 128, 768]",1081.34,0.0,0.375,cuda_event,cuda
1,pooler.dense,Linear,0.01434,0.00293,1179648.0,590592,0,112,0.01434,counter,"[1, 768]","[1, 768]",1081.34,0.0,0.003,cuda_event,cuda
1,pooler.activation,Tanh,0.0041,0.00293,3072.0,0,0,113,0.0041,analytic,"[1, 768]","[1, 768]",1081.34,0.0,0.003,cuda_event,cuda
2,embeddings.word_embeddings,Embedding,0.00582,0.375,0.0,23440896,0,0,0.00582,none,"[1, 128]","[1, 128, 768]",1081.34,0.0,0.375,cuda_event,cuda
2,embeddings.token_type_embeddings,Embedding,0.00573,0.375,0.0,1536,0,1,0.00573,none,"[1, 128]","[1, 128, 768]",1081.34,0.0,0.375,cuda_event,cuda
2,embeddings.position_embeddings,Embedding,0.00605,0.375,0.0,393216,0,2,0.00605,none,"[1, 128]","[1, 128, 768]",1081.34,0.0,0.375,cuda_event,cuda
2,embeddings.LayerNorm,LayerNorm,0.00816,0.375,491520.0,1536,0,3,0.00816,analytic,"[1, 128, 768]","[1, 128, 768]",1081.34,0.0,0.375,cuda_event,cuda
2,encoder.layer.0.attention.self.query,Linear,0.05542,0.375,150994944.0,590592,0,4,0.05542,counter,"[1, 128, 768]","[1, 128, 768]",1081.34,0.0,0.375,cuda_event,cuda
2,encoder.layer.0.attention.self.key,Linear,0.05418,0.375,150994944.0,590592,0,5,0.05418,counter,"[1, 128, 768]","[1, 128, 768]",1081.34,0.0,0.375,cuda_event,cuda
2,encoder.layer.0.attention.self.value,Linear,0.05635,0.375,150994944.0,590592,0,6,0.05635,counter,"[1, 128, 768]","[1, 128, 768]",1081.34,0.0,0.375,cuda_event,cuda
2,encoder.layer.0.attention.output.dense,Linear,0.05491,0.375,150994944.0,590592,0,7,0.05491,counter,"[1, 128, 768]","[1, 128, 768]",1081.34,0.0,0.375,cuda_event,cuda
2,encoder.layer.0.attention.output.LayerNorm,LayerNorm,0.00794,0.375,491520.0,1536,0,8,0.00794,analytic,"[1, 128, 768]","[1, 128, 768]",1081.34,0.0,0.375,cuda_event,cuda
2,encoder.layer.0.intermediate.dense,Linear,0.12474,1.5,603979776.0,2362368,0,9,0.12474,counter,"[1, 128, 768]","[1, 128, 3072]",1081.34,0.0,1.5,cuda_event,cuda
2,encoder.layer.0.intermediate.intermediate_act_fn,GELUActivation,0.00694,1.5,0.0,0,0,10,0.00694,none,"[1, 128, 3072]","[1, 128, 3072]",1081.34,0.0,1.5,cuda_event,cuda
2,encoder.layer.0.output.dense,Linear,0.15565,0.375,603979776.0,2360064,0,11,0.15565,counter,"[1, 128, 3072]","[1, 128, 768]",1081.34,0.0,0.375,cuda_event,cuda
2,encoder.layer.0.output.LayerNorm,LayerNorm,0.00787,0.375,491520.0,1536,0,12,0.00787,analytic,"[1, 128, 768]","[1, 128, 768]",1081.34,0.0,0.375,cuda_event,cuda
2,encoder.layer.1.attention.self.query,Linear,0.05366,0.375,150994944.0,590592,0,13,0.05366,counter,"[1, 128, 768]","[1, 128, 768]",1081.34,0.0,0.375,cuda_event,cuda
2,encoder.layer.1.attention.self.key,Linear,0.0536,0.375,150994944.0,590592,0,14,0.0536,counter,"[1, 128, 768]","[1, 128, 768]",1081.34,0.0,0.375,cuda_event,cuda
2,encoder.layer.1.attention.self.value,Linear,0.05482,0.375,150994944.0,590592,0,15,0.05482,counter,"[1, 128, 768]","[1, 128, 768]",1081.34,0.0,0.375,cuda_event,cuda
2,encoder.layer.1.attention.output.dense,Linear,0.05405,0.375,150994944.0,590592,0,16,0.05405,counter,"[1, 128, 768]","[1, 128, 768]",1081.34,0.0,0.375,cuda_event,cuda
2,encoder.layer.1.attention.output.LayerNorm,LayerNorm,0.00794,0.375,491520.0,1536,0,17,0.00794,analytic,"[1, 128, 768]","[1, 128, 768]",1081.34,0.0,0.375,cuda_event,cuda
2,encoder.layer.1.intermediate.dense,Linear,0.12576,1.5,603979776.0,2362368,0,18,0.12576,counter,"[1, 128, 768]","[1, 128, 3072]",1081.34,0.0,1.5,cuda_event,cuda
2,encoder.layer.1.intermediate.intermediate_act_fn,GELUActivation,0.00819,1.5,0.0,0,0,19,0.00819,none,"[1, 128, 3072]","[1, 128, 3072]",1081.34,0.0,1.5,cuda_event,cuda
2,encoder.layer.1.output.dense,Linear,0.15565,0.375,603979776.0,2360064,0,20,0.15565,counter,"[1, 128, 3072]","[1, 128, 768]",1081.34,0.0,0.375,cuda_event,cuda
2,encoder.layer.1.output.LayerNorm,LayerNorm,0.00822,0.375,491520.0,1536,0,21,0.00822,analytic,"[1, 128, 768]","[1, 128, 768]",1081.34,0.0,0.375,cuda_event,cuda
2,encoder.layer.2.attention.self.query,Linear,0.05341,0.375,150994944.0,590592,0,22,0.05341,counter,"[1, 128, 768]","[1, 128, 768]",1081.34,0.0,0.375,cuda_event,cuda
2,encoder.layer.2.attention.self.key,Linear,0.05485,0.375,150994944.0,590592,0,23,0.05485,counter,"[1, 128, 768]","[1, 128, 768]",1081.34,0.0,0.375,cuda_event,cuda
2,encoder.layer.2.attention.self.value,Linear,0.05386,0.375,150994944.0,590592,0,24,0.05386,counter,"[1, 128, 768]","[1, 128, 768]",1081.34,0.0,0.375,cuda_event,cuda
2,encoder.layer.2.attention.output.dense,Linear,0.05466,0.375,150994944.0,590592,0,25,0.05466,counter,"[1, 128, 768]","[1, 128, 768]",1081.34,0.0,0.375,cuda_event,cuda
2,encoder.layer.2.attention.output.LayerNorm,LayerNorm,0.00819,0.375,491520.0,1536,0,26,0.00819,analytic,"[1, 128, 768]","[1, 128, 768]",1081.34,0.0,0.375,cuda_event,cuda
2,encoder.layer.2.intermediate.dense,Linear,0.12493,1.5,603979776.0,2362368,0,27,0.12493,counter,"[1, 128, 768]","[1, 128, 3072]",1081.34,0.0,1.5,cuda_event,cuda
2,encoder.layer.2.intermediate.intermediate_act_fn,GELUActivation,0.00806,1.5,0.0,0,0,28,0.00806,none,"[1, 128, 3072]","[1, 128, 3072]",1081.34,0.0,1.5,cuda_event,cuda
2,encoder.layer.2.output.dense,Linear,0.15184,0.375,603979776.0,2360064,0,29,0.15184,counter,"[1, 128, 3072]","[1, 128, 768]",1081.34,0.0,0.375,cuda_event,cuda
2,encoder.layer.2.output.LayerNorm,LayerNorm,0.0079,0.375,491520.0,1536,0,30,0.0079,analytic,"[1, 128, 768]","[1, 128, 768]",1081.34,0.0,0.375,cuda_event,cuda
2,encoder.layer.3.attention.self.query,Linear,0.05376,0.375,150994944.0,590592,0,31,0.05376,counter,"[1, 128, 768]","[1, 128, 768]",1081.34,0.0,0.375,cuda_event,cuda
2,encoder.layer.3.attention.self.key,Linear,0.05338,0.375,150994944.0,590592,0,32,0.05338,counter,"[1, 128, 768]","[1, 128, 768]",1081.34,0.0,0.375,cuda_event,cuda
2,encoder.layer.3.attention.self.value,Linear,0.05501,0.375,150994944.0,590592,0,33,0.05501,counter,"[1, 128, 768]","[1, 128, 768]",1081.34,0.0,0.375,cuda_event,cuda
2,encoder.layer.3.attention.output.dense,Linear,0.0553,0.375,150994944.0,590592,0,34,0.0553,counter,"[1, 128, 768]","[1, 128, 768]",1081.34,0.0,0.375,cuda_event,cuda
2,encoder.layer.3.attention.output.LayerNorm,LayerNorm,0.0079,0.375,491520.0,1536,0,35,0.0079,analytic,"[1, 128, 768]","[1, 128, 768]",1081.34,0.0,0.375,cuda_event,cuda
2,encoder.layer.3.intermediate.dense,Linear,0.12733,1.5,603979776.0,2362368,0,36,0.12733,counter,"[1, 128, 768]","[1, 128, 3072]",1081.34,0.0,1.5,cuda_event,cuda
2,encoder.layer.3.intermediate.intermediate_act_fn,GELUActivation,0.0064,1.5,0.0,0,0,37,0.0064,none,"[1, 128, 3072]","[1, 128, 3072]",1081.34,0.0,1.5,cuda_event,cuda
2,encoder.layer.3.output.dense,Linear,0.15565,0.375,603979776.0,2360064,0,38,0.15565,counter,"[1, 128, 3072]","[1, 128, 768]",1081.34,0.0,0.375,cuda_event,cuda
2,encoder.layer.3.output.LayerNorm,LayerNorm,0.00794,0.375,491520.0,1536,0,39,0.00794,analytic,"[1, 128, 768]","[1, 128, 768]",1081.34,0.0,0.375,cuda_event,cuda
2,encoder.layer.4.attention.self.query,Linear,0.05504,0.375,150994944.0,590592,0,40,0.05504,counter,"[1, 128, 768]","[1, 128, 768]",1081.34,0.0,0.375,cuda_event,cuda
2,encoder.layer.4.attention.self.key,Linear,0.05382,0.375,150994944.0,590592,0,41,0.05382,counter,"[1, 128, 768]","[1, 128, 768]",1081.34,0.0,0.375,cuda_event,cuda
2,encoder.layer.4.attention.self.value,Linear,0.0553,0.375,150994944.0,590592,0,42,0.0553,counter,"[1, 128, 768]","[1, 128, 768]",1081.34,0.0,0.375,cuda_event,cuda
2,encoder.layer.4.attention.output.dense,Linear,0.05504,0.375,150994944.0,590592,0,43,0.05504,counter,"[1, 128, 768]","[1, 128, 768]",1081.34,0.0,0.375,cuda_event,cuda
2,encoder.layer.4.attention.output.LayerNorm,LayerNorm,0.0079,0.375,491520.0,1536,0,44,0.0079,analytic,"[1, 128, 768]","[1, 128, 768]",1081.34,0.0,0.375,cuda_event,cuda
2,encoder.layer.4.intermediate.dense,Linear,0.12384,1.5,603979776.0,2362368,0,45,0.12384,counter,"[1, 128, 768]","[1, 128, 3072]",1081.34,0.0,1.5,cuda_event,cuda
2,encoder.layer.4.intermediate.intermediate_act_fn,GELUActivation,0.00768,1.5,0.0,0,0,46,0.00768,none,"[1, 128, 3072]","[1, 128, 3072]",1081.34,0.0,1.5,cuda_event,cuda
2,encoder.layer.4.output.dense,Linear,0.15536,0.375,603979776.0,2360064,0,47,0.15536,counter,"[1, 128, 3072]","[1, 128, 768]",1081.34,0.0,0.375,cuda_event,cuda
2,encoder.layer.4.output.LayerNorm,LayerNorm,0.00819,0.375,491520.0,1536,0,48,0.00819,analytic,"[1, 128, 768]","[1, 128, 768]",1081.34,0.0,0.375,cuda_event,cuda
2,encoder.layer.5.attention.self.query,Linear,0.05325,0.375,150994944.0,590592,0,49,0.05325,counter,"[1, 128, 768]","[1, 128, 768]",1081.34,0.0,0.375,cuda_event,cuda
2,encoder.layer.5.attention.self.key,Linear,0.05434,0.375,150994944.0,590592,0,50,0.05434,counter,"[1, 128, 768]","[1, 128, 768]",1081.34,0.0,0.375,cuda_event,cuda
2,encoder.layer.5.attention.self.value,Linear,0.0553,0.375,150994944.0,590592,0,51,0.0553,counter,"[1, 128, 768]","[1, 128, 768]",1081.34,0.0,0.375,cuda_event,cuda
2,encoder.layer.5.attention.output.dense,Linear,0.05437,0.375,150994944.0,590592,0,52,0.05437,counter,"[1, 128, 768]","[1, 128, 768]",1081.34,0.0,0.375,cuda_event,cuda
2,encoder.layer.5.attention.output.LayerNorm,LayerNorm,0.00819,0.375,491520.0,1536,0,53,0.00819,analytic,"[1, 128, 768]","[1, 128, 768]",1081.34,0.0,0.375,cuda_event,cuda
2,encoder.layer.5.intermediate.dense,Linear,0.12637,1.5,603979776.0,2362368,0,54,0.12637,counter,"[1, 128, 768]","[1, 128, 3072]",1081.34,0.0,1.5,cuda_event,cuda
2,encoder.layer.5.intermediate.intermediate_act_fn,GELUActivation,0.00691,1.5,0.0,0,0,55,0.00691,none,"[1, 128, 3072]","[1, 128, 3072]",1081.34,0.0,1.5,cuda_event,cuda
2,encoder.layer.5.output.dense,Linear,0.1577,0.375,603979776.0,2360064,0,56,0.1577,counter,"[1, 128, 3072]","[1, 128, 768]",1081.34,0.0,0.375,cuda_event,cuda
2,encoder.layer.5.output.LayerNorm,LayerNorm,0.00819,0.375,491520.0,1536,0,57,0.00819,analytic,"[1, 128, 768]","[1, 128, 768]",1081.34,0.0,0.375,cuda_event,cuda
2,encoder.layer.6.attention.self.query,Linear,0.05382,0.375,150994944.0,590592,0,58,0.05382,counter,"[1, 128, 768]","[1, 128, 768]",1081.34,0.0,0.375,cuda_event,cuda
2,encoder.layer.6.attention.self.key,Linear,0.05523,0.375,150994944.0,590592,0,59,0.05523,counter,"[1, 128, 768]","[1, 128, 768]",1081.34,0.0,0.375,cuda_event,cuda
2,encoder.layer.6.attention.self.value,Linear,0.05523,0.375,150994944.0,590592,0,60,0.05523,counter,"[1, 128, 768]","[1, 128, 768]",1081.34,0.0,0.375,cuda_event,cuda
2,encoder.layer.6.attention.output.dense,Linear,0.05405,0.375,150994944.0,590592,0,61,0.05405,counter,"[1, 128, 768]","[1, 128, 768]",1081.34,0.0,0.375,cuda_event,cuda
2,encoder.layer.6.attention.output.LayerNorm,LayerNorm,0.00803,0.375,491520.0,1536,0,62,0.00803,analytic,"[1, 128, 768]","[1, 128, 768]",1081.34,0.0,0.375,cuda_event,cuda
2,encoder.layer.6.intermediate.dense,Linear,0.12835,1.5,603979776.0,2362368,0,63,0.12835,counter,"[1, 128, 768]","[1, 128, 3072]",1081.34,0.0,1.5,cuda_event,cuda
2,encoder.layer.6.intermediate.intermediate_act_fn,GELUActivation,0.00768,1.5,0.0,0,0,64,0.00768,none,"[1, 128, 3072]","[1, 128, 3072]",1081.34,0.0,1.5,cuda_event,cuda
2,encoder.layer.6.output.dense,Linear,0.15616,0.375,603979776.0,2360064,0,65,0.15616,counter,"[1, 128, 3072]","[1, 128, 768]",1081.34,0.0,0.375,cuda_event,cuda
2,encoder.layer.6.output.LayerNorm,LayerNorm,0.00819,0.375,491520.0,1536,0,66,0.00819,analytic,"[1, 128, 768]","[1, 128, 768]",1081.34,0.0,0.375,cuda_event,cuda
2,encoder.layer.7.attention.self.query,Linear,0.0543,0.375,150994944.0,590592,0,67,0.0543,counter,"[1, 128, 768]","[1, 128, 768]",1081.34,0.0,0.375,cuda_event,cuda
2,encoder.layer.7.attention.self.key,Linear,0.05632,0.375,150994944.0,590592,0,68,0.05632,counter,"[1, 128, 768]","[1, 128, 768]",1081.34,0.0,0.375,cuda_event,cuda
2,encoder.layer.7.attention.self.value,Linear,0.05421,0.375,150994944.0,590592,0,69,0.05421,counter,"[1, 128, 768]","[1, 128, 768]",1081.34,0.0,0.375,cuda_event,cuda
2,encoder.layer.7.attention.output.dense,Linear,0.0553,0.375,150994944.0,590592,0,70,0.0553,counter,"[1, 128, 768]","[1, 128, 768]",1081.34,0.0,0.375,cuda_event,cuda
2,encoder.layer.7.attention.output.LayerNorm,LayerNorm,0.00819,0.375,491520.0,1536,0,71,0.00819,analytic,"[1, 128, 768]","[1, 128, 768]",1081.34,0.0,0.375,cuda_event,cuda
2,encoder.layer.7.intermediate.dense,Linear,0.12493,1.5,603979776.0,2362368,0,72,0.12493,counter,"[1, 128, 768]","[1, 128, 3072]",1081.34,0.0,1.5,cuda_event,cuda
2,encoder.layer.7.intermediate.intermediate_act_fn,GELUActivation,0.00614,1.5,0.0,0,0,73,0.00614,none,"[1, 128, 3072]","[1, 128, 3072]",1081.34,0.0,1.5,cuda_event,cuda
2,encoder.layer.7.output.dense,Linear,0.1577,0.375,603979776.0,2360064,0,74,0.1577,counter,"[1, 128, 3072]","[1, 128, 768]",1081.34,0.0,0.375,cuda_event,cuda
2,encoder.layer.7.output.LayerNorm,LayerNorm,0.008,0.375,491520.0,1536,0,75,0.008,analytic,"[1, 128, 768]","[1, 128, 768]",1081.34,0.0,0.375,cuda_event,cuda
2,encoder.layer.8.attention.self.query,Linear,0.05366,0.375,150994944.0,590592,0,76,0.05366,counter,"[1, 128, 768]","[1, 128, 768]",1081.34,0.0,0.375,cuda_event,cuda
2,encoder.layer.8.attention.self.key,Linear,0.05546,0.375,150994944.0,590592,0,77,0.05546,counter,"[1, 128, 768]","[1, 128, 768]",1081.34,0.0,0.375,cuda_event,cuda
2,encoder.layer.8.attention.self.value,Linear,0.05382,0.375,150994944.0,590592,0,78,0.05382,counter,"[1, 128, 768]","[1, 128, 768]",1081.34,0.0,0.375,cuda_event,cuda
2,encoder.layer.8.attention.output.dense,Linear,0.0553,0.375,150994944.0,590592,0,79,0.0553,counter,"[1, 128, 768]","[1, 128, 768]",1081.34,0.0,0.375,cuda_event,cuda
2,encoder.layer.8.attention.output.LayerNorm,LayerNorm,0.00816,0.375,491520.0,1536,0,80,0.00816,analytic,"[1, 128, 768]","[1, 128, 768]",1081.34,0.0,0.375,cuda_event,cuda
2,encoder.layer.8.intermediate.dense,Linear,0.12518,1.5,603979776.0,2362368,0,81,0.12518,counter,"[1, 128, 768]","[1, 128, 3072]",1081.34,0.0,1.5,cuda_event,cuda
2,encoder.layer.8.intermediate.intermediate_act_fn,GELUActivation,0.00624,1.5,0.0,0,0,82,0.00624,none,"[1, 128, 3072]","[1, 128, 3072]",1081.34,0.0,1.5,cuda_event,cuda
2,encoder.layer.8.output.dense,Linear,0.15565,0.375,603979776.0,2360064,0,83,0.15565,counter,"[1, 128, 3072]","[1, 128, 768]",1081.34,0.0,0.375,cuda_event,cuda
2,encoder.layer.8.output.LayerNorm,LayerNorm,0.00819,0.375,491520.0,1536,0,84,0.00819,analytic,"[1, 128, 768]","[1, 128, 768]",1081.34,0.0,0.375,cuda_event,cuda
2,encoder.layer.9.attention.self.query,Linear,0.05325,0.375,150994944.0,590592,0,85,0.05325,counter,"[1, 128, 768]","[1, 128, 768]",1081.34,0.0,0.375,cuda_event,cuda
2,encoder.layer.9.attention.self.key,Linear,0.0543,0.375,150994944.0,590592,0,86,0.0543,counter,"[1, 128, 768]","[1, 128, 768]",1081.34,0.0,0.375,cuda_event,cuda
2,encoder.layer.9.attention.self.value,Linear,0.0553,0.375,150994944.0,590592,0,87,0.0553,counter,"[1, 128, 768]","[1, 128, 768]",1081.34,0.0,0.375,cuda_event,cuda
2,encoder.layer.9.attention.output.dense,Linear,0.05398,0.375,150994944.0,590592,0,88,0.05398,counter,"[1, 128, 768]","[1, 128, 768]",1081.34,0.0,0.375,cuda_event,cuda
2,encoder.layer.9.attention.output.LayerNorm,LayerNorm,0.00771,0.375,491520.0,1536,0,89,0.00771,analytic,"[1, 128, 768]","[1, 128, 768]",1081.34,0.0,0.375,cuda_event,cuda
2,encoder.layer.9.intermediate.dense,Linear,0.1256,1.5,603979776.0,2362368,0,90,0.1256,counter,"[1, 128, 768]","[1, 128, 3072]",1081.34,0.0,1.5,cuda_event,cuda
2,encoder.layer.9.intermediate.intermediate_act_fn,GELUActivation,0.0073,1.5,0.0,0,0,91,0.0073,none,"[1, 128, 3072]","[1, 128, 3072]",1081.34,0.0,1.5,cuda_event,cuda
2,encoder.layer.9.output.dense,Linear,0.15581,0.375,603979776.0,2360064,0,92,0.15581,counter,"[1, 128, 3072]","[1, 128, 768]",1081.34,0.0,0.375,cuda_event,cuda
2,encoder.layer.9.output.LayerNorm,LayerNorm,0.00819,0.375,491520.0,1536,0,93,0.00819,analytic,"[1, 128, 768]","[1, 128, 768]",1081.34,0.0,0.375,cuda_event,cuda
2,encoder.layer.10.attention.self.query,Linear,0.05325,0.375,150994944.0,590592,0,94,0.05325,counter,"[1, 128, 768]","[1, 128, 768]",1081.34,0.0,0.375,cuda_event,cuda
2,encoder.layer.10.attention.self.key,Linear,0.05331,0.375,150994944.0,590592,0,95,0.05331,counter,"[1, 128, 768]","[1, 128, 768]",1081.34,0.0,0.375,cuda_event,cuda
2,encoder.layer.10.attention.self.value,Linear,0.05507,0.375,150994944.0,590592,0,96,0.05507,counter,"[1, 128, 768]","[1, 128, 768]",1081.34,0.0,0.375,cuda_event,cuda
2,encoder.layer.10.attention.output.dense,Linear,0.05411,0.375,150994944.0,590592,0,97,0.05411,counter,"[1, 128, 768]","[1, 128, 768]",1081.34,0.0,0.375,cuda_event,cuda
2,encoder.layer.10.attention.output.LayerNorm,LayerNorm,0.00819,0.375,491520.0,1536,0,98,0.00819,analytic,"[1, 128, 768]","[1, 128, 768]",1081.34,0.0,0.375,cuda_event,cuda
2,encoder.layer.10.intermediate.dense,Linear,0.12493,1.5,603979776.0,2362368,0,99,0.12493,counter,"[1, 128, 768]","[1, 128, 3072]",1081.34,0.0,1.5,cuda_event,cuda
2,encoder.layer.10.intermediate.intermediate_act_fn,GELUActivation,0.00755,1.5,0.0,0,0,100,0.00755,none,"[1, 128, 3072]","[1, 128, 3072]",1081.34,0.0,1.5,cuda_event,cuda
2,encoder.layer.10.output.dense,Linear,0.15645,0.375,603979776.0,2360064,0,101,0.15645,counter,"[1, 128, 3072]","[1, 128, 768]",1081.34,0.0,0.375,cuda_event,cuda
2,encoder.layer.10.output.LayerNorm,LayerNorm,0.00784,0.375,491520.0,1536,0,102,0.00784,analytic,"[1, 128, 768]","[1, 128, 768]",1081.34,0.0,0.375,cuda_event,cuda
2,encoder.layer.11.attention.self.query,Linear,0.05373,0.375,150994944.0,590592,0,103,0.05373,counter,"[1, 128, 768]","[1, 128, 768]",1081.34,0.0,0.375,cuda_event,cuda
2,encoder.layer.11.attention.self.key,Linear,0.05472,0.375,150994944.0,590592,0,104,0.05472,counter,"[1, 128, 768]","[1, 128, 768]",1081.34,0.0,0.375,cuda_event,cuda
2,encoder.layer.11.attention.self.value,Linear,0.05395,0.375,150994944.0,590592,0,105,0.05395,counter,"[1, 128, 768]","[1, 128, 768]",1081.34,0.0,0.375,cuda_event,cuda
2,encoder.layer.11.attention.output.dense,Linear,0.05555,0.375,150994944.0,590592,0,106,0.05555,counter,"[1, 128, 768]","[1, 128, 768]",1081.34,0.0,0.375,cuda_event,cuda
2,encoder.layer.11.attention.output.LayerNorm,LayerNorm,0.00701,0.375,491520.0,1536,0,107,0.00701,analytic,"[1, 128, 768]","[1, 128, 768]",1081.34,0.0,0.375,cuda_event,cuda
2,encoder.layer.11.intermediate.dense,Linear,0.12672,1.5,603979776.0,2362368,0,108,0.12672,counter,"[1, 128, 768]","[1, 128, 3072]",1081.34,0.0,1.5,cuda_event,cuda
2,encoder.layer.11.intermediate.intermediate_act_fn,GELUActivation,0.00653,1.5,0.0,0,0,109,0.00653,none,"[1, 128, 3072]","[1, 128, 3072]",1081.34,0.0,1.5,cuda_event,cuda
2,encoder.layer.11.output.dense,Linear,0.15501,0.375,603979776.0,2360064,0,110,0.15501,counter,"[1, 128, 3072]","[1, 128, 768]",1081.34,0.0,0.375,cuda_event,cuda
2,encoder.layer.11.output.LayerNorm,LayerNorm,0.00819,0.375,491520.0,1536,0,111,0.00819,analytic,"[1, 128, 768]","[1, 128, 768]",1081.34,0.0,0.375,cuda_event,cuda
2,pooler.dense,Linear,0.01434,0.00293,1179648.0,590592,0,112,0.01434,counter,"[1, 768]","[1, 768]",1081.34,0.0,0.003,cuda_event,cuda
2,pooler.activation,Tanh,0.00416,0.00293,3072.0,0,0,113,0.00416,analytic,"[1, 768]","[1, 768]",1081.34,0.0,0.003,cuda_event,cuda
3,embeddings.word_embeddings,Embedding,0.00614,0.375,0.0,23440896,0,0,0.00614,none,"[1, 128]","[1, 128, 768]",1081.34,0.0,0.375,cuda_event,cuda
3,embeddings.token_type_embeddings,Embedding,0.00413,0.375,0.0,1536,0,1,0.00413,none,"[1, 128]","[1, 128, 768]",1081.34,0.0,0.375,cuda_event,cuda
3,embeddings.position_embeddings,Embedding,0.00621,0.375,0.0,393216,0,2,0.00621,none,"[1, 128]","[1, 128, 768]",1081.34,0.0,0.375,cuda_event,cuda
3,embeddings.LayerNorm,LayerNorm,0.00781,0.375,491520.0,1536,0,3,0.00781,analytic,"[1, 128, 768]","[1, 128, 768]",1081.34,0.0,0.375,cuda_event,cuda
3,encoder.layer.0.attention.self.query,Linear,0.05514,0.375,150994944.0,590592,0,4,0.05514,counter,"[1, 128, 768]","[1, 128, 768]",1081.34,0.0,0.375,cuda_event,cuda
3,encoder.layer.0.attention.self.key,Linear,0.05411,0.375,150994944.0,590592,0,5,0.05411,counter,"[1, 128, 768]","[1, 128, 768]",1081.34,0.0,0.375,cuda_event,cuda
3,encoder.layer.0.attention.self.value,Linear,0.05469,0.375,150994944.0,590592,0,6,0.05469,counter,"[1, 128, 768]","[1, 128, 768]",1081.34,0.0,0.375,cuda_event,cuda
3,encoder.layer.0.attention.output.dense,Linear,0.05366,0.375,150994944.0,590592,0,7,0.05366,counter,"[1, 128, 768]","[1, 128, 768]",1081.34,0.0,0.375,cuda_event,cuda
3,encoder.layer.0.attention.output.LayerNorm,LayerNorm,0.00794,0.375,491520.0,1536,0,8,0.00794,analytic,"[1, 128, 768]","[1, 128, 768]",1081.34,0.0,0.375,cuda_event,cuda
3,encoder.layer.0.intermediate.dense,Linear,0.12698,1.5,603979776.0,2362368,0,9,0.12698,counter,"[1, 128, 768]","[1, 128, 3072]",1081.34,0.0,1.5,cuda_event,cuda
3,encoder.layer.0.intermediate.intermediate_act_fn,GELUActivation,0.00819,1.5,0.0,0,0,10,0.00819,none,"[1, 128, 3072]","[1, 128, 3072]",1081.34,0.0,1.5,cuda_event,cuda
3,encoder.layer.0.output.dense,Linear,0.1536,0.375,603979776.0,2360064,0,11,0.1536,counter,"[1, 128, 3072]","[1, 128, 768]",1081.34,0.0,0.375,cuda_event,cuda
3,encoder.layer.0.output.LayerNorm,LayerNorm,0.00714,0.375,491520.0,1536,0,12,0.00714,analytic,"[1, 128, 768]","[1, 128, 768]",1081.34,0.0,0.375,cuda_event,cuda
3,encoder.layer.1.attention.self.query,Linear,0.05325,0.375,150994944.0,590592,0,13,0.05325,counter,"[1, 128, 768]","[1, 128, 768]",1081.34,0.0,0.375,cuda_event,cuda
3,encoder.layer.1.attention.self.key,Linear,0.0553,0.375,150994944.0,590592,0,14,0.0553,counter,"[1, 128, 768]","[1, 128, 768]",1081.34,0.0,0.375,cuda_event,cuda
3,encoder.layer.1.attention.self.value,Linear,0.05334,0.375,150994944.0,590592,0,15,0.05334,counter,"[1, 128, 768]","[1, 128, 768]",1081.34,0.0,0.375,cuda_event,cuda
3,encoder.layer.1.attention.output.dense,Linear,0.05482,0.375,150994944.0,590592,0,16,0.05482,counter,"[1, 128, 768]","[1, 128, 768]",1081.34,0.0,0.375,cuda_event,cuda
3,encoder.layer.1.attention.output.LayerNorm,LayerNorm,0.00822,0.375,491520.0,1536,0,17,0.00822,analytic,"[1, 128, 768]","[1, 128, 768]",1081.34,0.0,0.375,cuda_event,cuda
3,encoder.layer.1.intermediate.dense,Linear,0.12518,1.5,603979776.0,2362368,0,18,0.12518,counter,"[1, 128, 768]","[1, 128, 3072]",1081.34,0.0,1.5,cuda_event,cuda
3,encoder.layer.1.intermediate.intermediate_act_fn,GELUActivation,0.00694,1.5,0.0,0,0,19,0.00694,none,"[1, 128, 3072]","[1, 128, 3072]",1081.34,0.0,1.5,cuda_event,cuda
3,encoder.layer.1.output.dense,Linear,0.15354,0.375,603979776.0,2360064,0,20,0.15354,counter,"[1, 128, 3072]","[1, 128, 768]",1081.34,0.0,0.375,cuda_event,cuda
3,encoder.layer.1.output.LayerNorm,LayerNorm,0.00813,0.375,491520.0,1536,0,21,0.00813,analytic,"[1, 128, 768]","[1, 128, 768]",1081.34,0.0,0.375,cuda_event,cuda
3,encoder.layer.2.attention.self.query,Linear,0.05286,0.375,150994944.0,590592,0,22,0.05286,counter,"[1, 128, 768]","[1, 128, 768]",1081.34,0.0,0.375,cuda_event,cuda
3,encoder.layer.2.attention.self.key,Linear,0.05405,0.375,150994944.0,590592,0,23,0.05405,counter,"[1, 128, 768]","[1, 128, 768]",1081.34,0.0,0.375,cuda_event,cuda
3,encoder.layer.2.attention.self.value,Linear,0.05478,0.375,150994944.0,590592,0,24,0.05478,counter,"[1, 128, 768]","[1, 128, 768]",1081.34,0.0,0.375,cuda_event,cuda
3,encoder.layer.2.attention.output.dense,Linear,0.05462,0.375,150994944.0,590592,0,25,0.05462,counter,"[1, 128, 768]","[1, 128, 768]",1081.34,0.0,0.375,cuda_event,cuda
3,encoder.layer.2.attention.output.LayerNorm,LayerNorm,0.00819,0.375,491520.0,1536,0,26,0.00819,analytic,"[1, 128, 768]","[1, 128, 768]",1081.34,0.0,0.375,cuda_event,cuda
3,encoder.layer.2.intermediate.dense,Linear,0.12483,1.5,603979776.0,2362368,0,27,0.12483,counter,"[1, 128, 768]","[1, 128, 3072]",1081.34,0.0,1.5,cuda_event,cuda
3,encoder.layer.2.intermediate.intermediate_act_fn,GELUActivation,0.00637,1.5,0.0,0,0,28,0.00637,none,"[1, 128, 3072]","[1, 128, 3072]",1081.34,0.0,1.5,cuda_event,cuda
3,encoder.layer.2.output.dense,Linear,0.15155,0.375,603979776.0,2360064,0,29,0.15155,counter,"[1, 128, 3072]","[1, 128, 768]",1081.34,0.0,0.375,cuda_event,cuda
3,encoder.layer.2.output.LayerNorm,LayerNorm,0.00819,0.375,491520.0,1536,0,30,0.00819,analytic,"[1, 128, 768]","[1, 128, 768]",1081.34,0.0,0.375,cuda_event,cuda
3,encoder.layer.3.attention.self.query,Linear,0.05491,0.375,150994944.0,590592,0,31,0.05491,counter,"[1, 128, 768]","[1, 128, 768]",1081.34,0.0,0.375,cuda_event,cuda
3,encoder.layer.3.attention.self.key,Linear,0.05344,0.375,150994944.0,590592,0,32,0.05344,counter,"[1, 128, 768]","[1, 128, 768]",1081.34,0.0,0.375,cuda_event,cuda
3,encoder.layer.3.attention.self.value,Linear,0.0553,0.375,150994944.0,590592,0,33,0.0553,counter,"[1, 128, 768]","[1, 128, 768]",1081.34,0.0,0.375,cuda_event,cuda
3,encoder.layer.3.attention.output.dense,Linear,0.05386,0.375,150994944.0,590592,0,34,0.05386,counter,"[1, 128, 768]","[1, 128, 768]",1081.34,0.0,0.375,cuda_event,cuda
3,encoder.layer.3.attention.output.LayerNorm,LayerNorm,0.00813,0.375,491520.0,1536,0,35,0.00813,analytic,"[1, 128, 768]","[1, 128, 768]",1081.34,0.0,0.375,cuda_event,cuda
3,encoder.layer.3.intermediate.dense,Linear,0.12515,1.5,603979776.0,2362368,0,36,0.12515,counter,"[1, 128, 768]","[1, 128, 3072]",1081.34,0.0,1.5,cuda_event,cuda
3,encoder.layer.3.intermediate.intermediate_act_fn,GELUActivation,0.00742,1.5,0.0,0,0,37,0.00742,none,"[1, 128, 3072]","[1, 128, 3072]",1081.34,0.0,1.5,cuda_event,cuda
3,encoder.layer.3.output.dense,Linear,0.1561,0.375,603979776.0,2360064,0,38,0.1561,counter,"[1, 128, 3072]","[1, 128, 768]",1081.34,0.0,0.375,cuda_event,cuda
3,encoder.layer.3.output.LayerNorm,LayerNorm,0.00819,0.375,491520.0,1536,0,39,0.00819,analytic,"[1, 128, 768]","[1, 128, 768]",1081.34,0.0,0.375,cuda_event,cuda
3,encoder.layer.4.attention.self.query,Linear,0.05325,0.375,150994944.0,590592,0,40,0.05325,counter,"[1, 128, 768]","[1, 128, 768]",1081.34,0.0,0.375,cuda_event,cuda
3,encoder.layer.4.attention.self.key,Linear,0.05491,0.375,150994944.0,590592,0,41,0.05491,counter,"[1, 128, 768]","[1, 128, 768]",1081.34,0.0,0.375,cuda_event,cuda
3,encoder.layer.4.attention.self.value,Linear,0.05514,0.375,150994944.0,590592,0,42,0.05514,counter,"[1, 128, 768]","[1, 128, 768]",1081.34,0.0,0.375,cuda_event,cuda
3,encoder.layer.4.attention.output.dense,Linear,0.05462,0.375,150994944.0,590592,0,43,0.05462,counter,"[1, 128, 768]","[1, 128, 768]",1081.34,0.0,0.375,cuda_event,cuda
3,encoder.layer.4.attention.output.LayerNorm,LayerNorm,0.00717,0.375,491520.0,1536,0,44,0.00717,analytic,"[1, 128, 768]","[1, 128, 768]",1081.34,0.0,0.375,cuda_event,cuda
3,encoder.layer.4.intermediate.dense,Linear,0.12493,1.5,603979776.0,2362368,0,45,0.12493,counter,"[1, 128, 768]","[1, 128, 3072]",1081.34,0.0,1.5,cuda_event,cuda
3,encoder.layer.4.intermediate.intermediate_act_fn,GELUActivation,0.00755,1.5,0.0,0,0,46,0.00755,none,"[1, 128, 3072]","[1, 128, 3072]",1081.34,0.0,1.5,cuda_event,cuda
3,encoder.layer.4.output.dense,Linear,0.15427,0.375,603979776.0,2360064,0,47,0.15427,counter,"[1, 128, 3072]","[1, 128, 768]",1081.34,0.0,0.375,cuda_event,cuda
3,encoder.layer.4.output.LayerNorm,LayerNorm,0.00819,0.375,491520.0,1536,0,48,0.00819,analytic,"[1, 128, 768]","[1, 128, 768]",1081.34,0.0,0.375,cuda_event,cuda
3,encoder.layer.5.attention.self.query,Linear,0.05331,0.375,150994944.0,590592,0,49,0.05331,counter,"[1, 128, 768]","[1, 128, 768]",1081.34,0.0,0.375,cuda_event,cuda
3,encoder.layer.5.attention.self.key,Linear,0.05446,0.375,150994944.0,590592,0,50,0.05446,counter,"[1, 128, 768]","[1, 128, 768]",1081.34,0.0,0.375,cuda_event,cuda
3,encoder.layer.5.attention.self.value,Linear,0.05408,0.375,150994944.0,590592,0,51,0.05408,counter,"[1, 128, 768]","[1, 128, 768]",1081.34,0.0,0.375,cuda_event,cuda
3,encoder.layer.5.attention.output.dense,Linear,0.05565,0.375,150994944.0,590592,0,52,0.05565,counter,"[1, 128, 768]","[1, 128, 768]",1081.34,0.0,0.375,cuda_event,cuda
3,encoder.layer.5.attention.output.LayerNorm,LayerNorm,0.00806,0.375,491520.0,1536,0,53,0.00806,analytic,"[1, 128, 768]","[1, 128, 768]",1081.34,0.0,0.375,cuda_event,cuda
3,encoder.layer.5.intermediate.dense,Linear,0.12371,1.5,603979776.0,2362368,0,54,0.12371,counter,"[1, 128, 768]","[1, 128, 3072]",1081.34,0.0,1.5,cuda_event,cuda
3,encoder.layer.5.intermediate.intermediate_act_fn,GELUActivation,0.0072,1.5,0.0,0,0,55,0.0072,none,"[1, 128, 3072]","[1, 128, 3072]",1081.34,0.0,1.5,cuda_event,cuda
3,encoder.layer.5.output.dense,Linear,0.1536,0.375,603979776.0,2360064,0,56,0.1536,counter,"[1, 128, 3072]","[1, 128, 768]",1081.34,0.0,0.375,cuda_event,cuda
3,encoder.layer.5.output.LayerNorm,LayerNorm,0.00819,0.375,491520.0,1536,0,57,0.00819,analytic,"[1, 128, 768]","[1, 128, 768]",1081.34,0.0,0.375,cuda_event,cuda
3,encoder.layer.6.attention.self.query,Linear,0.05325,0.375,150994944.0,590592,0,58,0.05325,counter,"[1, 128, 768]","[1, 128, 768]",1081.34,0.0,0.375,cuda_event,cuda
3,encoder.layer.6.attention.self.key,Linear,0.05453,0.375,150994944.0,590592,0,59,0.05453,counter,"[1, 128, 768]","[1, 128, 768]",1081.34,0.0,0.375,cuda_event,cuda
3,encoder.layer.6.attention.self.value,Linear,0.05411,0.375,150994944.0,590592,0,60,0.05411,counter,"[1, 128, 768]","[1, 128, 768]",1081.34,0.0,0.375,cuda_event,cuda
3,encoder.layer.6.attention.output.dense,Linear,0.05526,0.375,150994944.0,590592,0,61,0.05526,counter,"[1, 128, 768]","[1, 128, 768]",1081.34,0.0,0.375,cuda_event,cuda
3,encoder.layer.6.attention.output.LayerNorm,LayerNorm,0.00819,0.375,491520.0,1536,0,62,0.00819,analytic,"[1, 128, 768]","[1, 128, 768]",1081.34,0.0,0.375,cuda_event,cuda
3,encoder.layer.6.intermediate.dense,Linear,0.12829,1.5,603979776.0,2362368,0,63,0.12829,counter,"[1, 128, 768]","[1, 128, 3072]",1081.34,0.0,1.5,cuda_event,cuda
3,encoder.layer.6.intermediate.intermediate_act_fn,GELUActivation,0.00701,1.5,0.0,0,0,64,0.00701,none,"[1, 128, 3072]","[1, 128, 3072]",1081.34,0.0,1.5,cuda_event,cuda
3,encoder.layer.6.output.dense,Linear,0.15539,0.375,603979776.0,2360064,0,65,0.15539,counter,"[1, 128, 3072]","[1, 128, 768]",1081.34,0.0,0.375,cuda_event,cuda
3,encoder.layer.6.output.LayerNorm,LayerNorm,0.00819,0.375,491520.0,1536,0,66,0.00819,analytic,"[1, 128, 768]","[1, 128, 768]",1081.34,0.0,0.375,cuda_event,cuda
3,encoder.layer.7.attention.self.query,Linear,0.0535,0.375,150994944.0,590592,0,67,0.0535,counter,"[1, 128, 768]","[1, 128, 768]",1081.34,0.0,0.375,cuda_event,cuda
3,encoder.layer.7.attention.self.key,Linear,0.05386,0.375,150994944.0,590592,0,68,0.05386,counter,"[1, 128, 768]","[1, 128, 768]",1081.34,0.0,0.375,cuda_event,cuda
3,encoder.layer.7.attention.self.value,Linear,0.0553,0.375,150994944.0,590592,0,69,0.0553,counter,"[1, 128, 768]","[1, 128, 768]",1081.34,0.0,0.375,cuda_event,cuda
3,encoder.layer.7.attention.output.dense,Linear,0.05405,0.375,150994944.0,590592,0,70,0.05405,counter,"[1, 128, 768]","[1, 128, 768]",1081.34,0.0,0.375,cuda_event,cuda
3,encoder.layer.7.attention.output.LayerNorm,LayerNorm,0.00784,0.375,491520.0,1536,0,71,0.00784,analytic,"[1, 128, 768]","[1, 128, 768]",1081.34,0.0,0.375,cuda_event,cuda
3,encoder.layer.7.intermediate.dense,Linear,0.12294,1.5,603979776.0,2362368,0,72,0.12294,counter,"[1, 128, 768]","[1, 128, 3072]",1081.34,0.0,1.5,cuda_event,cuda
3,encoder.layer.7.intermediate.intermediate_act_fn,GELUActivation,0.00691,1.5,0.0,0,0,73,0.00691,none,"[1, 128, 3072]","[1, 128, 3072]",1081.34,0.0,1.5,cuda_event,cuda
3,encoder.layer.7.output.dense,Linear,0.1536,0.375,603979776.0,2360064,0,74,0.1536,counter,"[1, 128, 3072]","[1, 128, 768]",1081.34,0.0,0.375,cuda_event,cuda
3,encoder.layer.7.output.LayerNorm,LayerNorm,0.00819,0.375,491520.0,1536,0,75,0.00819,analytic,"[1, 128, 768]","[1, 128, 768]",1081.34,0.0,0.375,cuda_event,cuda
3,encoder.layer.8.attention.self.query,Linear,0.05325,0.375,150994944.0,590592,0,76,0.05325,counter,"[1, 128, 768]","[1, 128, 768]",1081.34,0.0,0.375,cuda_event,cuda
3,encoder.layer.8.attention.self.key,Linear,0.0553,0.375,150994944.0,590592,0,77,0.0553,counter,"[1, 128, 768]","[1, 128, 768]",1081.34,0.0,0.375,cuda_event,cuda
3,encoder.layer.8.attention.self.value,Linear,0.05325,0.375,150994944.0,590592,0,78,0.05325,counter,"[1, 128, 768]","[1, 128, 768]",1081.34,0.0,0.375,cuda_event,cuda
3,encoder.layer.8.attention.output.dense,Linear,0.05478,0.375,150994944.0,590592,0,79,0.05478,counter,"[1, 128, 768]","[1, 128, 768]",1081.34,0.0,0.375,cuda_event,cuda
3,encoder.layer.8.attention.output.LayerNorm,LayerNorm,0.00819,0.375,491520.0,1536,0,80,0.00819,analytic,"[1, 128, 768]","[1, 128, 768]",1081.34,0.0,0.375,cuda_event,cuda
3,encoder.layer.8.intermediate.dense,Linear,0.12493,1.5,603979776.0,2362368,0,81,0.12493,counter,"[1, 128, 768]","[1, 128, 3072]",1081.34,0.0,1.5,cuda_event,cuda
3,encoder.layer.8.intermediate.intermediate_act_fn,GELUActivation,0.00614,1.5,0.0,0,0,82,0.00614,none,"[1, 128, 3072]","[1, 128, 3072]",1081.34,0.0,1.5,cuda_event,cuda
3,encoder.layer.8.output.dense,Linear,0.15459,0.375,603979776.0,2360064,0,83,0.15459,counter,"[1, 128, 3072]","[1, 128, 768]",1081.34,0.0,0.375,cuda_event,cuda
3,encoder.layer.8.output.LayerNorm,LayerNorm,0.00816,0.375,491520.0,1536,0,84,0.00816,analytic,"[1, 128, 768]","[1, 128, 768]",1081.34,0.0,0.375,cuda_event,cuda
3,encoder.layer.9.attention.self.query,Linear,0.05344,0.375,150994944.0,590592,0,85,0.05344,counter,"[1, 128, 768]","[1, 128, 768]",1081.34,0.0,0.375,cuda_event,cuda
3,encoder.layer.9.attention.self.key,Linear,0.05331,0.375,150994944.0,590592,0,86,0.05331,counter,"[1, 128, 768]","[1, 128, 768]",1081.34,0.0,0.375,cuda_event,cuda
3,encoder.layer.9.attention.self.value,Linear,0.0553,0.375,150994944.0,590592,0,87,0.0553,counter,"[1, 128, 768]","[1, 128, 768]",1081.34,0.0,0.375,cuda_event,cuda
3,encoder.layer.9.attention.output.dense,Linear,0.05344,0.375,150994944.0,590592,0,88,0.05344,counter,"[1, 128, 768]","[1, 128, 768]",1081.34,0.0,0.375,cuda_event,cuda
3,encoder.layer.9.attention.output.LayerNorm,LayerNorm,0.00781,0.375,491520.0,1536,0,89,0.00781,analytic,"[1, 128, 768]","[1, 128, 768]",1081.34,0.0,0.375,cuda_event,cuda
3,encoder.layer.9.intermediate.dense,Linear,0.1256,1.5,603979776.0,2362368,0,90,0.1256,counter,"[1, 128, 768]","[1, 128, 3072]",1081.34,0.0,1.5,cuda_event,cuda
3,encoder.layer.9.intermediate.intermediate_act_fn,GELUActivation,0.00614,1.5,0.0,0,0,91,0.00614,none,"[1, 128, 3072]","[1, 128, 3072]",1081.34,0.0,1.5,cuda_event,cuda
3,encoder.layer.9.output.dense,Linear,0.15565,0.375,603979776.0,2360064,0,92,0.15565,counter,"[1, 128, 3072]","[1, 128, 768]",1081.34,0.0,0.375,cuda_event,cuda
3,encoder.layer.9.output.LayerNorm,LayerNorm,0.00813,0.375,491520.0,1536,0,93,0.00813,analytic,"[1, 128, 768]","[1, 128, 768]",1081.34,0.0,0.375,cuda_event,cuda
3,encoder.layer.10.attention.self.query,Linear,0.05302,0.375,150994944.0,590592,0,94,0.05302,counter,"[1, 128, 768]","[1, 128, 768]",1081.34,0.0,0.375,cuda_event,cuda
3,encoder.layer.10.attention.self.key,Linear,0.05485,0.375,150994944.0,590592,0,95,0.05485,counter,"[1, 128, 768]","[1, 128, 768]",1081.34,0.0,0.375,cuda_event,cuda
3,encoder.layer.10.attention.self.value,Linear,0.05408,0.375,150994944.0,590592,0,96,0.05408,counter,"[1, 128, 768]","[1, 128, 768]",1081.34,0.0,0.375,cuda_event,cuda
3,encoder.layer.10.attention.output.dense,Linear,0.05491,0.375,150994944.0,590592,0,97,0.05491,counter,"[1, 128, 768]","[1, 128, 768]",1081.34,0.0,0.375,cuda_event,cuda
3,encoder.layer.10.attention.output.LayerNorm,LayerNorm,0.00682,0.375,491520.0,1536,0,98,0.00682,analytic,"[1, 128, 768]","[1, 128, 768]",1081.34,0.0,0.375,cuda_event,cuda
3,encoder.layer.10.intermediate.dense,Linear,0.12426,1.5,603979776.0,2362368,0,99,0.12426,counter,"[1, 128, 768]","[1, 128, 3072]",1081.34,0.0,1.5,cuda_event,cuda
3,encoder.layer.10.intermediate.intermediate_act_fn,GELUActivation,0.00691,1.5,0.0,0,0,100,0.00691,none,"[1, 128, 3072]","[1, 128, 3072]",1081.34,0.0,1.5,cuda_event,cuda
3,encoder.layer.10.output.dense,Linear,0.15568,0.375,603979776.0,2360064,0,101,0.15568,counter,"[1, 128, 3072]","[1, 128, 768]",1081.34,0.0,0.375,cuda_event,cuda
3,encoder.layer.10.output.LayerNorm,LayerNorm,0.00803,0.375,491520.0,1536,0,102,0.00803,analytic,"[1, 128, 768]","[1, 128, 768]",1081.34,0.0,0.375,cuda_event,cuda
3,encoder.layer.11.attention.self.query,Linear,0.05347,0.375,150994944.0,590592,0,103,0.05347,counter,"[1, 128, 768]","[1, 128, 768]",1081.34,0.0,0.375,cuda_event,cuda
3,encoder.layer.11.attention.self.key,Linear,0.05392,0.375,150994944.0,590592,0,104,0.05392,counter,"[1, 128, 768]","[1, 128, 768]",1081.34,0.0,0.375,cuda_event,cuda
3,encoder.layer.11.attention.self.value,Linear,0.0553,0.375,150994944.0,590592,0,105,0.0553,counter,"[1, 128, 768]","[1, 128, 768]",1081.34,0.0,0.375,cuda_event,cuda
3,encoder.layer.11.attention.output.dense,Linear,0.0536,0.375,150994944.0,590592,0,106,0.0536,counter,"[1, 128, 768]","[1, 128, 768]",1081.34,0.0,0.375,cuda_event,cuda
3,encoder.layer.11.attention.output.LayerNorm,LayerNorm,0.00787,0.375,491520.0,1536,0,107,0.00787,analytic,"[1, 128, 768]","[1, 128, 768]",1081.34,0.0,0.375,cuda_event,cuda
3,encoder.layer.11.intermediate.dense,Linear,0.12506,1.5,603979776.0,2362368,0,108,0.12506,counter,"[1, 128, 768]","[1, 128, 3072]",1081.34,0.0,1.5,cuda_event,cuda
3,encoder.layer.11.intermediate.intermediate_act_fn,GELUActivation,0.00662,1.5,0.0,0,0,109,0.00662,none,"[1, 128, 3072]","[1, 128, 3072]",1081.34,0.0,1.5,cuda_event,cuda
3,encoder.layer.11.output.dense,Linear,0.15302,0.375,603979776.0,2360064,0,110,0.15302,counter,"[1, 128, 3072]","[1, 128, 768]",1081.34,0.0,0.375,cuda_event,cuda
3,encoder.layer.11.output.LayerNorm,LayerNorm,0.00704,0.375,491520.0,1536,0,111,0.00704,analytic,"[1, 128, 768]","[1, 128, 768]",1081.34,0.0,0.375,cuda_event,cuda
3,pooler.dense,Linear,0.01434,0.00293,1179648.0,590592,0,112,0.01434,counter,"[1, 768]","[1, 768]",1081.34,0.0,0.003,cuda_event,cuda
3,pooler.activation,Tanh,0.0041,0.00293,3072.0,0,0,113,0.0041,analytic,"[1, 768]","[1, 768]",1081.34,0.0,0.003,cuda_event,cuda
4,embeddings.word_embeddings,Embedding,0.00614,0.375,0.0,23440896,0,0,0.00614,none,"[1, 128]","[1, 128, 768]",1081.34,0.0,0.375,cuda_event,cuda
4,embeddings.token_type_embeddings,Embedding,0.00525,0.375,0.0,1536,0,1,0.00525,none,"[1, 128]","[1, 128, 768]",1081.34,0.0,0.375,cuda_event,cuda
4,embeddings.position_embeddings,Embedding,0.00621,0.375,0.0,393216,0,2,0.00621,none,"[1, 128]","[1, 128, 768]",1081.34,0.0,0.375,cuda_event,cuda
4,embeddings.LayerNorm,LayerNorm,0.00774,0.375,491520.0,1536,0,3,0.00774,analytic,"[1, 128, 768]","[1, 128, 768]",1081.34,0.0,0.375,cuda_event,cuda
4,encoder.layer.0.attention.self.query,Linear,0.05382,0.375,150994944.0,590592,0,4,0.05382,counter,"[1, 128, 768]","[1, 128, 768]",1081.34,0.0,0.375,cuda_event,cuda
4,encoder.layer.0.attention.self.key,Linear,0.05482,0.375,150994944.0,590592,0,5,0.05482,counter,"[1, 128, 768]","[1, 128, 768]",1081.34,0.0,0.375,cuda_event,cuda
4,encoder.layer.0.attention.self.value,Linear,0.05379,0.375,150994944.0,590592,0,6,0.05379,counter,"[1, 128, 768]","[1, 128, 768]",1081.34,0.0,0.375,cuda_event,cuda
4,encoder.layer.0.attention.output.dense,Linear,0.05379,0.375,150994944.0,590592,0,7,0.05379,counter,"[1, 128, 768]","[1, 128, 768]",1081.34,0.0,0.375,cuda_event,cuda
4,encoder.layer.0.attention.output.LayerNorm,LayerNorm,0.00819,0.375,491520.0,1536,0,8,0.00819,analytic,"[1, 128, 768]","[1, 128, 768]",1081.34,0.0,0.375,cuda_event,cuda
4,encoder.layer.0.intermediate.dense,Linear,0.12499,1.5,603979776.0,2362368,0,9,0.12499,counter,"[1, 128, 768]","[1, 128, 3072]",1081.34,0.0,1.5,cuda_event,cuda
4,encoder.layer.0.intermediate.intermediate_act_fn,GELUActivation,0.00794,1.5,0.0,0,0,10,0.00794,none,"[1, 128, 3072]","[1, 128, 3072]",1081.34,0.0,1.5,cuda_event,cuda
4,encoder.layer.0.output.dense,Linear,0.15398,0.375,603979776.0,2360064,0,11,0.15398,counter,"[1, 128, 3072]","[1, 128, 768]",1081.34,0.0,0.375,cuda_event,cuda
4,encoder.layer.0.output.LayerNorm,LayerNorm,0.008,0.375,491520.0,1536,0,12,0.008,analytic,"[1, 128, 768]","[1, 128, 768]",1081.34,0.0,0.375,cuda_event,cuda
4,encoder.layer.1.attention.self.query,Linear,0.05306,0.375,150994944.0,590592,0,13,0.05306,counter,"[1, 128, 768]","[1, 128, 768]",1081.34,0.0,0.375,cuda_event,cuda
4,encoder.layer.1.attention.self.key,Linear,0.05347,0.375,150994944.0,590592,0,14,0.05347,counter,"[1, 128, 768]","[1, 128, 768]",1081.34,0.0,0.375,cuda_event,cuda
4,encoder.layer.1.attention.self.value,Linear,0.05386,0.375,150994944.0,590592,0,15,0.05386,counter,"[1, 128, 768]","[1, 128, 768]",1081.34,0.0,0.375,cuda_event,cuda
4,encoder.layer.1.attention.output.dense,Linear,0.05366,0.375,150994944.0,590592,0,16,0.05366,counter,"[1, 128, 768]","[1, 128, 768]",1081.34,0.0,0.375,cuda_event,cuda
4,encoder.layer.1.attention.output.LayerNorm,LayerNorm,0.00816,0.375,491520.0,1536,0,17,0.00816,analytic,"[1, 128, 768]","[1, 128, 768]",1081.34,0.0,0.375,cuda_event,cuda
4,encoder.layer.1.intermediate.dense,Linear,0.12512,1.5,603979776.0,2362368,0,18,0.12512,counter,"[1, 128, 768]","[1, 128, 3072]",1081.34,0.0,1.5,cuda_event,cuda
4,encoder.layer.1.intermediate.intermediate_act_fn,GELUActivation,0.00717,1.5,0.0,0,0,19,0.00717,none,"[1, 128, 3072]","[1, 128, 3072]",1081.34,0.0,1.5,cuda_event,cuda
4,encoder.layer.1.output.dense,Linear,0.15514,0.375,603979776.0,2360064,0,20,0.15514,counter,"[1, 128, 3072]","[1, 128, 768]",1081.34,0.0,0.375,cuda_event,cuda
4,encoder.layer.1.output.LayerNorm,LayerNorm,0.00819,0.375,491520.0,1536,0,21,0.00819,analytic,"[1, 128, 768]","[1, 128, 768]",1081.34,0.0,0.375,cuda_event,cuda
4,encoder.layer.2.attention.self.query,Linear,0.05325,0.375,150994944.0,590592,0,22,0.05325,counter,"[1, 128, 768]","[1, 128, 768]",1081.34,0.0,0.375,cuda_event,cuda
4,encoder.layer.2.attention.self.key,Linear,0.05411,0.375,150994944.0,590592,0,23,0.05411,counter,"[1, 128, 768]","[1, 128, 768]",1081.34,0.0,0.375,cuda_event,cuda
4,encoder.layer.2.attention.self.value,Linear,0.05469,0.375,150994944.0,590592,0,24,0.05469,counter,"[1, 128, 768]","[1, 128, 768]",1081.34,0.0,0.375,cuda_event,cuda
4,encoder.layer.2.attention.output.dense,Linear,0.05382,0.375,150994944.0,590592,0,25,0.05382,counter,"[1, 128, 768]","[1, 128, 768]",1081.34,0.0,0.375,cuda_event,cuda
4,encoder.layer.2.attention.output.LayerNorm,LayerNorm,0.00784,0.375,491520.0,1536,0,26,0.00784,analytic,"[1, 128, 768]","[1, 128, 768]",1081.34,0.0,0.375,cuda_event,cuda
4,encoder.layer.2.intermediate.dense,Linear,0.12483,1.5,603979776.0,2362368,0,27,0.12483,counter,"[1, 128, 768]","[1, 128, 3072]",1081.34,0.0,1.5,cuda_event,cuda
4,encoder.layer.2.intermediate.intermediate_act_fn,GELUActivation,0.00637,1.5,0.0,0,0,28,0.00637,none,"[1, 128, 3072]","[1, 128, 3072]",1081.34,0.0,1.5,cuda_event,cuda
4,encoder.layer.2.output.dense,Linear,0.15258,0.375,603979776.0,2360064,0,29,0.15258,counter,"[1, 128, 3072]","[1, 128, 768]",1081.34,0.0,0.375,cuda_event,cuda
4,encoder.layer.2.output.LayerNorm,LayerNorm,0.00819,0.375,491520.0,1536,0,30,0.00819,analytic,"[1, 128, 768]","[1, 128, 768]",1081.34,0.0,0.375,cuda_event,cuda
4,encoder.layer.3.attention.self.query,Linear,0.05325,0.375,150994944.0,590592,0,31,0.05325,counter,"[1, 128, 768]","[1, 128, 768]",1081.34,0.0,0.375,cuda_event,cuda
4,encoder.layer.3.attention.self.key,Linear,0.05434,0.375,150994944.0,590592,0,32,0.05434,counter,"[1, 128, 768]","[1, 128, 768]",1081.34,0.0,0.375,cuda_event,cuda
4,encoder.layer.3.attention.self.value,Linear,0.0553,0.375,150994944.0,590592,0,33,0.0553,counter,"[1, 128, 768]","[1, 128, 768]",1081.34,0.0,0.375,cuda_event,cuda
4,encoder.layer.3.attention.output.dense,Linear,0.05488,0.375,150994944.0,590592,0,34,0.05488,counter,"[1, 128, 768]","[1, 128, 768]",1081.34,0.0,0.375,cuda_event,cuda
4,encoder.layer.3.attention.output.LayerNorm,LayerNorm,0.00707,0.375,491520.0,1536,0,35,0.00707,analytic,"[1, 128, 768]","[1, 128, 768]",1081.34,0.0,0.375,cuda_event,cuda
4,encoder.layer.3.intermediate.dense,Linear,0.12698,1.5,603979776.0,2362368,0,36,0.12698,counter,"[1, 128, 768]","[1, 128, 3072]",1081.34,0.0,1.5,cuda_event,cuda
4,encoder.layer.3.intermediate.intermediate_act_fn,GELUActivation,0.00768,1.5,0.0,0,0,37,0.00768,none,"[1, 128, 3072]","[1, 128, 3072]",1081.34,0.0,1.5,cuda_event,cuda
4,encoder.layer.3.output.dense,Linear,0.15536,0.375,603979776.0,2360064,0,38,0.15536,counter,"[1, 128, 3072]","[1, 128, 768]",1081.34,0.0,0.375,cuda_event,cuda
4,encoder.layer.3.output.LayerNorm,LayerNorm,0.00819,0.375,491520.0,1536,0,39,0.00819,analytic,"[1, 128, 768]","[1, 128, 768]",1081.34,0.0,0.375,cuda_event,cuda
4,encoder.layer.4.attention.self.query,Linear,0.05325,0.375,150994944.0,590592,0,40,0.05325,counter,"[1, 128, 768]","[1, 128, 768]",1081.34,0.0,0.375,cuda_event,cuda
4,encoder.layer.4.attention.self.key,Linear,0.05325,0.375,150994944.0,590592,0,41,0.05325,counter,"[1, 128, 768]","[1, 128, 768]",1081.34,0.0,0.375,cuda_event,cuda
4,encoder.layer.4.attention.self.value,Linear,0.05501,0.375,150994944.0,590592,0,42,0.05501,counter,"[1, 128, 768]","[1, 128, 768]",1081.34,0.0,0.375,cuda_event,cuda
4,encoder.layer.4.attention.output.dense,Linear,0.05523,0.375,150994944.0,590592,0,43,0.05523,counter,"[1, 128, 768]","[1, 128, 768]",1081.34,0.0,0.375,cuda_event,cuda
4,encoder.layer.4.attention.output.LayerNorm,LayerNorm,0.00784,0.375,491520.0,1536,0,44,0.00784,analytic,"[1, 128, 768]","[1, 128, 768]",1081.34,0.0,0.375,cuda_event,cuda
4,encoder.layer.4.intermediate.dense,Linear,0.12304,1.5,603979776.0,2362368,0,45,0.12304,counter,"[1, 128, 768]","[1, 128, 3072]",1081.34,0.0,1.5,cuda_event,cuda
4,encoder.layer.4.intermediate.intermediate_act_fn,GELUActivation,0.00691,1.5,0.0,0,0,46,0.00691,none,"[1, 128, 3072]","[1, 128, 3072]",1081.34,0.0,1.5,cuda_event,cuda
4,encoder.layer.4.output.dense,Linear,0.15542,0.375,603979776.0,2360064,0,47,0.15542,counter,"[1, 128, 3072]","[1, 128, 768]",1081.34,0.0,0.375,cuda_event,cuda
4,encoder.layer.4.output.LayerNorm,LayerNorm,0.00813,0.375,491520.0,1536,0,48,0.00813,analytic,"[1, 128, 768]","[1, 128, 768]",1081.34,0.0,0.375,cuda_event,cuda
4,encoder.layer.5.attention.self.query,Linear,0.05325,0.375,150994944.0,590592,0,49,0.05325,counter,"[1, 128, 768]","[1, 128, 768]",1081.34,0.0,0.375,cuda_event,cuda
4,encoder.layer.5.attention.self.key,Linear,0.05427,0.375,150994944.0,590592,0,50,0.05427,counter,"[1, 128, 768]","[1, 128, 768]",1081.34,0.0,0.375,cuda_event,cuda
4,encoder.layer.5.attention.self.value,Linear,0.05392,0.375,150994944.0,590592,0,51,0.05392,counter,"[1, 128, 768]","[1, 128, 768]",1081.34,0.0,0.375,cuda_event,cuda
4,encoder.layer.5.attention.output.dense,Linear,0.05562,0.375,150994944.0,590592,0,52,0.05562,counter,"[1, 128, 768]","[1, 128, 768]",1081.34,0.0,0.375,cuda_event,cuda
4,encoder.layer.5.attention.output.LayerNorm,LayerNorm,0.00787,0.375,491520.0,1536,0,53,0.00787,analytic,"[1, 128, 768]","[1, 128, 768]",1081.34,0.0,0.375,cuda_event,cuda
4,encoder.layer.5.intermediate.dense,Linear,0.12618,1.5,603979776.0,2362368,0,54,0.12618,counter,"[1, 128, 768]","[1, 128, 3072]",1081.34,0.0,1.5,cuda_event,cuda
4,encoder.layer.5.intermediate.intermediate_act_fn,GELUActivation,0.00694,1.5,0.0,0,0,55,0.00694,none,"[1, 128, 3072]","[1, 128, 3072]",1081.34,0.0,1.5,cuda_event,cuda
4,encoder.layer.5.output.dense,Linear,0.15517,0.375,603979776.0,2360064,0,56,0.15517,counter,"[1, 128, 3072]","[1, 128, 768]",1081.34,0.0,0.375,cuda_event,cuda
4,encoder.layer.5.output.LayerNorm,LayerNorm,0.00819,0.375,491520.0,1536,0,57,0.00819,analytic,"[1, 128, 768]","[1, 128, 768]",1081.34,0.0,0.375,cuda_event,cuda
4,encoder.layer.6.attention.self.query,Linear,0.05325,0.375,150994944.0,590592,0,58,0.05325,counter,"[1, 128, 768]","[1, 128, 768]",1081.34,0.0,0.375,cuda_event,cuda
4,encoder.layer.6.attention.self.key,Linear,0.05459,0.375,150994944.0,590592,0,59,0.05459,counter,"[1, 128, 768]","[1, 128, 768]",1081.34,0.0,0.375,cuda_event,cuda
4,encoder.layer.6.attention.self.value,Linear,0.05411,0.375,150994944.0,590592,0,60,0.05411,counter,"[1, 128, 768]","[1, 128, 768]",1081.34,0.0,0.375,cuda_event,cuda
4,encoder.layer.6.attention.output.dense,Linear,0.05478,0.375,150994944.0,590592,0,61,0.05478,counter,"[1, 128, 768]","[1, 128, 768]",1081.34,0.0,0.375,cuda_event,cuda
4,encoder.layer.6.attention.output.LayerNorm,LayerNorm,0.00819,0.375,491520.0,1536,0,62,0.00819,analytic,"[1, 128, 768]","[1, 128, 768]",1081.34,0.0,0.375,cuda_event,cuda
4,encoder.layer.6.intermediate.dense,Linear,0.12698,1.5,603979776.0,2362368,0,63,0.12698,counter,"[1, 128, 768]","[1, 128, 3072]",1081.34,0.0,1.5,cuda_event,cuda
4,encoder.layer.6.intermediate.intermediate_act_fn,GELUActivation,0.00742,1.5,0.0,0,0,64,0.00742,none,"[1, 128, 3072]","[1, 128, 3072]",1081.34,0.0,1.5,cuda_event,cuda
4,encoder.layer.6.output.dense,Linear,0.15453,0.375,603979776.0,2360064,0,65,0.15453,counter,"[1, 128, 3072]","[1, 128, 768]",1081.34,0.0,0.375,cuda_event,cuda
4,encoder.layer.6.output.LayerNorm,LayerNorm,0.00816,0.375,491520.0,1536,0,66,0.00816,analytic,"[1, 128, 768]","[1, 128, 768]",1081.34,0.0,0.375,cuda_event,cuda
4,encoder.layer.7.attention.self.query,Linear,0.05299,0.375,150994944.0,590592,0,67,0.05299,counter,"[1, 128, 768]","[1, 128, 768]",1081.34,0.0,0.375,cuda_event,cuda
4,encoder.layer.7.attention.self.key,Linear,0.05517,0.375,150994944.0,590592,0,68,0.05517,counter,"[1, 128, 768]","[1, 128, 768]",1081.34,0.0,0.375,cuda_event,cuda
4,encoder.layer.7.attention.self.value,Linear,0.05376,0.375,150994944.0,590592,0,69,0.05376,counter,"[1, 128, 768]","[1, 128, 768]",1081.34,0.0,0.375,cuda_event,cuda
4,encoder.layer.7.attention.output.dense,Linear,0.05507,0.375,150994944.0,590592,0,70,0.05507,counter,"[1, 128, 768]","[1, 128, 768]",1081.34,0.0,0.375,cuda_event,cuda
4,encoder.layer.7.attention.output.LayerNorm,LayerNorm,0.00784,0.375,491520.0,1536,0,71,0.00784,analytic,"[1, 128, 768]","[1, 128, 768]",1081.34,0.0,0.375,cuda_event,cuda
4,encoder.layer.7.intermediate.dense,Linear,0.12333,1.5,603979776.0,2362368,0,72,0.12333,counter,"[1, 128, 768]","[1, 128, 3072]",1081.34,0.0,1.5,cuda_event,cuda
4,encoder.layer.7.intermediate.intermediate_act_fn,GELUActivation,0.0064,1.5,0.0,0,0,73,0.0064,none,"[1, 128, 3072]","[1, 128, 3072]",1081.34,0.0,1.5,cuda_event,cuda
4,encoder.layer.7.output.dense,Linear,0.1536,0.375,603979776.0,2360064,0,74,0.1536,counter,"[1, 128, 3072]","[1, 128, 768]",1081.34,0.0,0.375,cuda_event,cuda
4,encoder.layer.7.output.LayerNorm,LayerNorm,0.00784,0.375,491520.0,1536,0,75,0.00784,analytic,"[1, 128, 768]","[1, 128, 768]",1081.34,0.0,0.375,cuda_event,cuda
4,encoder.layer.8.attention.self.query,Linear,0.0535,0.375,150994944.0,590592,0,76,0.0535,counter,"[1, 128, 768]","[1, 128, 768]",1081.34,0.0,0.375,cuda_event,cuda
4,encoder.layer.8.attention.self.key,Linear,0.0536,0.375,150994944.0,590592,0,77,0.0536,counter,"[1, 128, 768]","[1, 128, 768]",1081.34,0.0,0.375,cuda_event,cuda
4,encoder.layer.8.attention.self.value,Linear,0.0543,0.375,150994944.0,590592,0,78,0.0543,counter,"[1, 128, 768]","[1, 128, 768]",1081.34,0.0,0.375,cuda_event,cuda
4,encoder.layer.8.attention.output.dense,Linear,0.05504,0.375,150994944.0,590592,0,79,0.05504,counter,"[1, 128, 768]","[1, 128, 768]",1081.34,0.0,0.375,cuda_event,cuda
4,encoder.layer.8.attention.output.LayerNorm,LayerNorm,0.00682,0.375,491520.0,1536,0,80,0.00682,analytic,"[1, 128, 768]","[1, 128, 768]",1081.34,0.0,0.375,cuda_event,cuda
4,encoder.layer.8.intermediate.dense,Linear,0.12483,1.5,603979776.0,2362368,0,81,0.12483,counter,"[1, 128, 768]","[1, 128, 3072]",1081.34,0.0,1.5,cuda_event,cuda
4,encoder.layer.8.intermediate.intermediate_act_fn,GELUActivation,0.00742,1.5,0.0,0,0,82,0.00742,none,"[1, 128, 3072]","[1, 128, 3072]",1081.34,0.0,1.5,cuda_event,cuda
4,encoder.layer.8.output.dense,Linear,0.15555,0.375,603979776.0,2360064,0,83,0.15555,counter,"[1, 128, 3072]","[1, 128, 768]",1081.34,0.0,0.375,cuda_event,cuda
4,encoder.layer.8.output.LayerNorm,LayerNorm,0.00691,0.375,491520.0,1536,0,84,0.00691,analytic,"[1, 128, 768]","[1, 128, 768]",1081.34,0.0,0.375,cuda_event,cuda
4,encoder.layer.9.attention.self.query,Linear,0.0553,0.375,150994944.0,590592,0,85,0.0553,counter,"[1, 128, 768]","[1, 128, 768]",1081.34,0.0,0.375,cuda_event,cuda
4,encoder.layer.9.attention.self.key,Linear,0.05501,0.375,150994944.0,590592,0,86,0.05501,counter,"[1, 128, 768]","[1, 128, 768]",1081.34,0.0,0.375,cuda_event,cuda
4,encoder.layer.9.attention.self.value,Linear,0.05354,0.375,150994944.0,590592,0,87,0.05354,counter,"[1, 128, 768]","[1, 128, 768]",1081.34,0.0,0.375,cuda_event,cuda
4,encoder.layer.9.attention.output.dense,Linear,0.05395,0.375,150994944.0,590592,0,88,0.05395,counter,"[1, 128, 768]","[1, 128, 768]",1081.34,0.0,0.375,cuda_event,cuda
4,encoder.layer.9.attention.output.LayerNorm,LayerNorm,0.00806,0.375,491520.0,1536,0,89,0.00806,analytic,"[1, 128, 768]","[1, 128, 768]",1081.34,0.0,0.375,cuda_event,cuda
4,encoder.layer.9.intermediate.dense,Linear,0.12726,1.5,603979776.0,2362368,0,90,0.12726,counter,"[1, 128, 768]","[1, 128, 3072]",1081.34,0.0,1.5,cuda_event,cuda
4,encoder.layer.9.intermediate.intermediate_act_fn,GELUActivation,0.00621,1.5,0.0,0,0,91,0.00621,none,"[1, 128, 3072]","[1, 128, 3072]",1081.34,0.0,1.5,cuda_event,cuda
4,encoder.layer.9.output.dense,Linear,0.15491,0.375,603979776.0,2360064,0,92,0.15491,counter,"[1, 128, 3072]","[1, 128, 768]",1081.34,0.0,0.375,cuda_event,cuda
4,encoder.layer.9.output.LayerNorm,LayerNorm,0.00819,0.375,491520.0,1536,0,93,0.00819,analytic,"[1, 128, 768]","[1, 128, 768]",1081.34,0.0,0.375,cuda_event,cuda
4,encoder.layer.10.attention.self.query,Linear,0.05325,0.375,150994944.0,590592,0,94,0.05325,counter,"[1, 128, 768]","[1, 128, 768]",1081.34,0.0,0.375,cuda_event,cuda
4,encoder.layer.10.attention.self.key,Linear,0.05325,0.375,150994944.0,590592,0,95,0.05325,counter,"[1, 128, 768]","[1, 128, 768]",1081.34,0.0,0.375,cuda_event,cuda
4,encoder.layer.10.attention.self.value,Linear,0.05507,0.375,150994944.0,590592,0,96,0.05507,counter,"[1, 128, 768]","[1, 128, 768]",1081.34,0.0,0.375,cuda_event,cuda
4,encoder.layer.10.attention.output.dense,Linear,0.0553,0.375,150994944.0,590592,0,97,0.0553,counter,"[1, 128, 768]","[1, 128, 768]",1081.34,0.0,0.375,cuda_event,cuda
4,encoder.layer.10.attention.output.LayerNorm,LayerNorm,0.00794,0.375,491520.0,1536,0,98,0.00794,analytic,"[1, 128, 768]","[1, 128, 768]",1081.34,0.0,0.375,cuda_event,cuda
4,encoder.layer.10.intermediate.dense,Linear,0.12534,1.5,603979776.0,2362368,0,99,0.12534,counter,"[1, 128, 768]","[1, 128, 3072]",1081.34,0.0,1.5,cuda_event,cuda
4,encoder.layer.10.intermediate.intermediate_act_fn,GELUActivation,0.00736,1.5,0.0,0,0,100,0.00736,none,"[1, 128, 3072]","[1, 128, 3072]",1081.34,0.0,1.5,cuda_event,cuda
4,encoder.layer.10.output.dense,Linear,0.15587,0.375,603979776.0,2360064,0,101,0.15587,counter,"[1, 128, 3072]","[1, 128, 768]",1081.34,0.0,0.375,cuda_event,cuda
4,encoder.layer.10.output.LayerNorm,LayerNorm,0.00819,0.375,491520.0,1536,0,102,0.00819,analytic,"[1, 128, 768]","[1, 128, 768]",1081.34,0.0,0.375,cuda_event,cuda
4,encoder.layer.11.attention.self.query,Linear,0.05325,0.375,150994944.0,590592,0,103,0.05325,counter,"[1, 128, 768]","[1, 128, 768]",1081.34,0.0,0.375,cuda_event,cuda
4,encoder.layer.11.attention.self.key,Linear,0.05507,0.375,150994944.0,590592,0,104,0.05507,counter,"[1, 128, 768]","[1, 128, 768]",1081.34,0.0,0.375,cuda_event,cuda
4,encoder.layer.11.attention.self.value,Linear,0.0536,0.375,150994944.0,590592,0,105,0.0536,counter,"[1, 128, 768]","[1, 128, 768]",1081.34,0.0,0.375,cuda_event,cuda
4,encoder.layer.11.attention.output.dense,Linear,0.0545,0.375,150994944.0,590592,0,106,0.0545,counter,"[1, 128, 768]","[1, 128, 768]",1081.34,0.0,0.375,cuda_event,cuda
4,encoder.layer.11.attention.output.LayerNorm,LayerNorm,0.00819,0.375,491520.0,1536,0,107,0.00819,analytic,"[1, 128, 768]","[1, 128, 768]",1081.34,0.0,0.375,cuda_event,cuda
4,encoder.layer.11.intermediate.dense,Linear,0.12493,1.5,603979776.0,2362368,0,108,0.12493,counter,"[1, 128, 768]","[1, 128, 3072]",1081.34,0.0,1.5,cuda_event,cuda
4,encoder.layer.11.intermediate.intermediate_act_fn,GELUActivation,0.00781,1.5,0.0,0,0,109,0.00781,none,"[1, 128, 3072]","[1, 128, 3072]",1081.34,0.0,1.5,cuda_event,cuda
4,encoder.layer.11.output.dense,Linear,0.15411,0.375,603979776.0,2360064,0,110,0.15411,counter,"[1, 128, 3072]","[1, 128, 768]",1081.34,0.0,0.375,cuda_event,cuda
4,encoder.layer.11.output.LayerNorm,LayerNorm,0.00806,0.375,491520.0,1536,0,111,0.00806,analytic,"[1, 128, 768]","[1, 128, 768]",1081.34,0.0,0.375,cuda_event,cuda
4,pooler.dense,Linear,0.01312,0.00293,1179648.0,590592,0,112,0.01312,counter,"[1, 768]","[1, 768]",1081.34,0.0,0.003,cuda_event,cuda
4,pooler.activation,Tanh,0.0041,0.00293,3072.0,0,0,113,0.0041,analytic,"[1, 768]","[1, 768]",1081.34,0.0,0.003,cuda_event,cuda
5,embeddings.word_embeddings,Embedding,0.00605,0.375,0.0,23440896,0,0,0.00605,none,"[1, 128]","[1, 128, 768]",1081.34,0.0,0.375,cuda_event,cuda
5,embeddings.token_type_embeddings,Embedding,0.00432,0.375,0.0,1536,0,1,0.00432,none,"[1, 128]","[1, 128, 768]",1081.34,0.0,0.375,cuda_event,cuda
5,embeddings.position_embeddings,Embedding,0.00614,0.375,0.0,393216,0,2,0.00614,none,"[1, 128]","[1, 128, 768]",1081.34,0.0,0.375,cuda_event,cuda
5,embeddings.LayerNorm,LayerNorm,0.00762,0.375,491520.0,1536,0,3,0.00762,analytic,"[1, 128, 768]","[1, 128, 768]",1081.34,0.0,0.375,cuda_event,cuda
5,encoder.layer.0.attention.self.query,Linear,0.05578,0.375,150994944.0,590592,0,4,0.05578,counter,"[1, 128, 768]","[1, 128, 768]",1081.34,0.0,0.375,cuda_event,cuda
5,encoder.layer.0.attention.self.key,Linear,0.05386,0.375,150994944.0,590592,0,5,0.05386,counter,"[1, 128, 768]","[1, 128, 768]",1081.34,0.0,0.375,cuda_event,cuda
5,encoder.layer.0.attention.self.value,Linear,0.0553,0.375,150994944.0,590592,0,6,0.0553,counter,"[1, 128, 768]","[1, 128, 768]",1081.34,0.0,0.375,cuda_event,cuda
5,encoder.layer.0.attention.output.dense,Linear,0.05469,0.375,150994944.0,590592,0,7,0.05469,counter,"[1, 128, 768]","[1, 128, 768]",1081.34,0.0,0.375,cuda_event,cuda
5,encoder.layer.0.attention.output.LayerNorm,LayerNorm,0.00816,0.375,491520.0,1536,0,8,0.00816,analytic,"[1, 128, 768]","[1, 128, 768]",1081.34,0.0,0.375,cuda_event,cuda
5,encoder.layer.0.intermediate.dense,Linear,0.12381,1.5,603979776.0,2362368,0,9,0.12381,counter,"[1, 128, 768]","[1, 128, 3072]",1081.34,0.0,1.5,cuda_event,cuda
5,encoder.layer.0.intermediate.intermediate_act_fn,GELUActivation,0.00733,1.5,0.0,0,0,10,0.00733,none,"[1, 128, 3072]","[1, 128, 3072]",1081.34,0.0,1.5,cuda_event,cuda
5,encoder.layer.0.output.dense,Linear,0.15667,0.375,603979776.0,2360064,0,11,0.15667,counter,"[1, 128, 3072]","[1, 128, 768]",1081.34,0.0,0.375,cuda_event,cuda
5,encoder.layer.0.output.LayerNorm,LayerNorm,0.0079,0.375,491520.0,1536,0,12,0.0079,analytic,"[1, 128, 768]","[1, 128, 768]",1081.34,0.0,0.375,cuda_event,cuda
5,encoder.layer.1.attention.self.query,Linear,0.05366,0.375,150994944.0,590592,0,13,0.05366,counter,"[1, 128, 768]","[1, 128, 768]",1081.34,0.0,0.375,cuda_event,cuda
5,encoder.layer.1.attention.self.key,Linear,0.05331,0.375,150994944.0,590592,0,14,0.05331,counter,"[1, 128, 768]","[1, 128, 768]",1081.34,0.0,0.375,cuda_event,cuda
5,encoder.layer.1.attention.self.value,Linear,0.05466,0.375,150994944.0,590592,0,15,0.05466,counter,"[1, 128, 768]","[1, 128, 768]",1081.34,0.0,0.375,cuda_event,cuda
5,encoder.layer.1.attention.output.dense,Linear,0.05514,0.375,150994944.0,590592,0,16,0.05514,counter,"[1, 128, 768]","[1, 128, 768]",1081.34,0.0,0.375,cuda_event,cuda
5,encoder.layer.1.attention.output.LayerNorm,LayerNorm,0.00784,0.375,491520.0,1536,0,17,0.00784,analytic,"[1, 128, 768]","[1, 128, 768]",1081.34,0.0,0.375,cuda_event,cuda
5,encoder.layer.1.intermediate.dense,Linear,0.12368,1.5,603979776.0,2362368,0,18,0.12368,counter,"[1, 128, 768]","[1, 128, 3072]",1081.34,0.0,1.5,cuda_event,cuda
5,encoder.layer.1.intermediate.intermediate_act_fn,GELUActivation,0.0065,1.5,0.0,0,0,19,0.0065,none,"[1, 128, 3072]","[1, 128, 3072]",1081.34,0.0,1.5,cuda_event,cuda
5,encoder.layer.1.output.dense,Linear,0.15507,0.375,603979776.0,2360064,0,20,0.15507,counter,"[1, 128, 3072]","[1, 128, 768]",1081.34,0.0,0.375,cuda_event,cuda
5,encoder.layer.1.output.LayerNorm,LayerNorm,0.00819,0.375,491520.0,1536,0,21,0.00819,analytic,"[1, 128, 768]","[1, 128, 768]",1081.34,0.0,0.375,cuda_event,cuda
5,encoder.layer.2.attention.self.query,Linear,0.05325,0.375,150994944.0,590592,0,22,0.05325,counter,"[1, 128, 768]","[1, 128, 768]",1081.34,0.0,0.375,cuda_event,cuda
5,encoder.layer.2.attention.self.key,Linear,0.05402,0.375,150994944.0,590592,0,23,0.05402,counter,"[1, 128, 768]","[1, 128, 768]",1081.34,0.0,0.375,cuda_event,cuda
5,encoder.layer.2.attention.self.value,Linear,0.0553,0.375,150994944.0,590592,0,24,0.0553,counter,"[1, 128, 768]","[1, 128, 768]",1081.34,0.0,0.375,cuda_event,cuda
5,encoder.layer.2.attention.output.dense,Linear,0.05482,0.375,150994944.0,590592,0,25,0.05482,counter,"[1, 128, 768]","[1, 128, 768]",1081.34,0.0,0.375,cuda_event,cuda
5,encoder.layer.2.attention.output.LayerNorm,LayerNorm,0.00717,0.375,491520.0,1536,0,26,0.00717,analytic,"[1, 128, 768]","[1, 128, 768]",1081.34,0.0,0.375,cuda_event,cuda
5,encoder.layer.2.intermediate.dense,Linear,0.1249,1.5,603979776.0,2362368,0,27,0.1249,counter,"[1, 128, 768]","[1, 128, 3072]",1081.34,0.0,1.5,cuda_event,cuda
5,encoder.layer.2.intermediate.intermediate_act_fn,GELUActivation,0.00634,1.5,0.0,0,0,28,0.00634,none,"[1, 128, 3072]","[1, 128, 3072]",1081.34,0.0,1.5,cuda_event,cuda
5,encoder.layer.2.output.dense,Linear,0.1536,0.375,603979776.0,2360064,0,29,0.1536,counter,"[1, 128, 3072]","[1, 128, 768]",1081.34,0.0,0.375,cuda_event,cuda
5,encoder.layer.2.output.LayerNorm,LayerNorm,0.008,0.375,491520.0,1536,0,30,0.008,analytic,"[1, 128, 768]","[1, 128, 768]",1081.34,0.0,0.375,cuda_event,cuda
5,encoder.layer.3.attention.self.query,Linear,0.05357,0.375,150994944.0,590592,0,31,0.05357,counter,"[1, 128, 768]","[1, 128, 768]",1081.34,0.0,0.375,cuda_event,cuda
5,encoder.layer.3.attention.self.key,Linear,0.0545,0.375,150994944.0,590592,0,32,0.0545,counter,"[1, 128, 768]","[1, 128, 768]",1081.34,0.0,0.375,cuda_event,cuda
5,encoder.layer.3.attention.self.value,Linear,0.05597,0.375,150994944.0,590592,0,33,0.05597,counter,"[1, 128, 768]","[1, 128, 768]",1081.34,0.0,0.375,cuda_event,cuda
5,encoder.layer.3.attention.output.dense,Linear,0.05485,0.375,150994944.0,590592,0,34,0.05485,counter,"[1, 128, 768]","[1, 128, 768]",1081.34,0.0,0.375,cuda_event,cuda
5,encoder.layer.3.attention.output.LayerNorm,LayerNorm,0.00819,0.375,491520.0,1536,0,35,0.00819,analytic,"[1, 128, 768]","[1, 128, 768]",1081.34,0.0,0.375,cuda_event,cuda
5,encoder.layer.3.intermediate.dense,Linear,0.12819,1.5,603979776.0,2362368,0,36,0.12819,counter,"[1, 128, 768]","[1, 128, 3072]",1081.34,0.0,1.5,cuda_event,cuda
5,encoder.layer.3.intermediate.intermediate_act_fn,GELUActivation,0.00675,1.5,0.0,0,0,37,0.00675,none,"[1, 128, 3072]","[1, 128, 3072]",1081.34,0.0,1.5,cuda_event,cuda
5,encoder.layer.3.output.dense,Linear,0.15363,0.375,603979776.0,2360064,0,38,0.15363,counter,"[1, 128, 3072]","[1, 128, 768]",1081.34,0.0,0.375,cuda_event,cuda
5,encoder.layer.3.output.LayerNorm,LayerNorm,0.00704,0.375,491520.0,1536,0,39,0.00704,analytic,"[1, 128, 768]","[1, 128, 768]",1081.34,0.0,0.375,cuda_event,cuda
5,encoder.layer.4.attention.self.query,Linear,0.05488,0.375,150994944.0,590592,0,40,0.05488,counter,"[1, 128, 768]","[1, 128, 768]",1081.34,0.0,0.375,cuda_event,cuda
5,encoder.layer.4.attention.self.key,Linear,0.05382,0.375,150994944.0,590592,0,41,0.05382,counter,"[1, 128, 768]","[1, 128, 768]",1081.34,0.0,0.375,cuda_event,cuda
5,encoder.layer.4.attention.self.value,Linear,0.05478,0.375,150994944.0,590592,0,42,0.05478,counter,"[1, 128, 768]","[1, 128, 768]",1081.34,0.0,0.375,cuda_event,cuda
5,encoder.layer.4.attention.output.dense,Linear,0.0553,0.375,150994944.0,590592,0,43,0.0553,counter,"[1, 128, 768]","[1, 128, 768]",1081.34,0.0,0.375,cuda_event,cuda
5,encoder.layer.4.attention.output.LayerNorm,LayerNorm,0.00813,0.375,491520.0,1536,0,44,0.00813,analytic,"[1, 128, 768]","[1, 128, 768]",1081.34,0.0,0.375,cuda_event,cuda
5,encoder.layer.4.intermediate.dense,Linear,0.1249,1.5,603979776.0,2362368,0,45,0.1249,counter,"[1, 128, 768]","[1, 128, 3072]",1081.34,0.0,1.5,cuda_event,cuda
5,encoder.layer.4.intermediate.intermediate_act_fn,GELUActivation,0.00643,1.5,0.0,0,0,46,0.00643,none,"[1, 128, 3072]","[1, 128, 3072]",1081.34,0.0,1.5,cuda_event,cuda
5,encoder.layer.4.output.dense,Linear,0.15558,0.375,603979776.0,2360064,0,47,0.15558,counter,"[1, 128, 3072]","[1, 128, 768]",1081.34,0.0,0.375,cuda_event,cuda
5,encoder.layer.4.output.LayerNorm,LayerNorm,0.00781,0.375,491520.0,1536,0,48,0.00781,analytic,"[1, 128, 768]","[1, 128, 768]",1081.34,0.0,0.375,cuda_event,cuda
5,encoder.layer.5.attention.self.query,Linear,0.05386,0.375,150994944.0,590592,0,49,0.05386,counter,"[1, 128, 768]","[1, 128, 768]",1081.34,0.0,0.375,cuda_event,cuda
5,encoder.layer.5.attention.self.key,Linear,0.0535,0.375,150994944.0,590592,0,50,0.0535,counter,"[1, 128, 768]","[1, 128, 768]",1081.34,0.0,0.375,cuda_event,cuda
5,encoder.layer.5.attention.self.value,Linear,0.05485,0.375,150994944.0,590592,0,51,0.05485,counter,"[1, 128, 768]","[1, 128, 768]",1081.34,0.0,0.375,cuda_event,cuda
5,encoder.layer.5.attention.output.dense,Linear,0.0553,0.375,150994944.0,590592,0,52,0.0553,counter,"[1, 128, 768]","[1, 128, 768]",1081.34,0.0,0.375,cuda_event,cuda
5,encoder.layer.5.attention.output.LayerNorm,LayerNorm,0.00762,0.375,491520.0,1536,0,53,0.00762,analytic,"[1, 128, 768]","[1, 128, 768]",1081.34,0.0,0.375,cuda_event,cuda
5,encoder.layer.5.intermediate.dense,Linear,0.12502,1.5,603979776.0,2362368,0,54,0.12502,counter,"[1, 128, 768]","[1, 128, 3072]",1081.34,0.0,1.5,cuda_event,cuda
5,encoder.layer.5.intermediate.intermediate_act_fn,GELUActivation,0.00688,1.5,0.0,0,0,55,0.00688,none,"[1, 128, 3072]","[1, 128, 3072]",1081.34,0.0,1.5,cuda_event,cuda
5,encoder.layer.5.output.dense,Linear,0.15338,0.375,603979776.0,2360064,0,56,0.15338,counter,"[1, 128, 3072]","[1, 128, 768]",1081.34,0.0,0.375,cuda_event,cuda
5,encoder.layer.5.output.LayerNorm,LayerNorm,0.0071,0.375,491520.0,1536,0,57,0.0071,analytic,"[1, 128, 768]","[1, 128, 768]",1081.34,0.0,0.375,cuda_event,cuda
5,encoder.layer.6.attention.self.query,Linear,0.05443,0.375,150994944.0,590592,0,58,0.05443,counter,"[1, 128, 768]","[1, 128, 768]",1081.34,0.0,0.375,cuda_event,cuda
5,encoder.layer.6.attention.self.key,Linear,0.05427,0.375,150994944.0,590592,0,59,0.05427,counter,"[1, 128, 768]","[1, 128, 768]",1081.34,0.0,0.375,cuda_event,cuda
5,encoder.layer.6.attention.self.value,Linear,0.05469,0.375,150994944.0,590592,0,60,0.05469,counter,"[1, 128, 768]","[1, 128, 768]",1081.34,0.0,0.375,cuda_event,cuda
5,encoder.layer.6.attention.output.dense,Linear,0.0553,0.375,150994944.0,590592,0,61,0.0553,counter,"[1, 128, 768]","[1, 128, 768]",1081.34,0.0,0.375,cuda_event,cuda
5,encoder.layer.6.attention.output.LayerNorm,LayerNorm,0.00685,0.375,491520.0,1536,0,62,0.00685,analytic,"[1, 128, 768]","[1, 128, 768]",1081.34,0.0,0.375,cuda_event,cuda
5,encoder.layer.6.intermediate.dense,Linear,0.12902,1.5,603979776.0,2362368,0,63,0.12902,counter,"[1, 128, 768]","[1, 128, 3072]",1081.34,0.0,1.5,cuda_event,cuda
5,encoder.layer.6.intermediate.intermediate_act_fn,GELUActivation,0.0073,1.5,0.0,0,0,64,0.0073,none,"[1, 128, 3072]","[1, 128, 3072]",1081.34,0.0,1.5,cuda_event,cuda
5,encoder.layer.6.output.dense,Linear,0.15466,0.375,603979776.0,2360064,0,65,0.15466,counter,"[1, 128, 3072]","[1, 128, 768]",1081.34,0.0,0.375,cuda_event,cuda
5,encoder.layer.6.output.LayerNorm,LayerNorm,0.00928,0.375,491520.0,1536,0,66,0.00928,analytic,"[1, 128, 768]","[1, 128, 768]",1081.34,0.0,0.375,cuda_event,cuda
5,encoder.layer.7.attention.self.query,Linear,0.05459,0.375,150994944.0,590592,0,67,0.05459,counter,"[1, 128, 768]","[1, 128, 768]",1081.34,0.0,0.375,cuda_event,cuda
5,encoder.layer.7.attention.self.key,Linear,0.0536,0.375,150994944.0,590592,0,68,0.0536,counter,"[1, 128, 768]","[1, 128, 768]",1081.34,0.0,0.375,cuda_event,cuda
5,encoder.layer.7.attention.self.value,Linear,0.05373,0.375,150994944.0,590592,0,69,0.05373,counter,"[1, 128, 768]","[1, 128, 768]",1081.34,0.0,0.375,cuda_event,cuda
5,encoder.layer.7.attention.output.dense,Linear,0.0537,0.375,150994944.0,590592,0,70,0.0537,counter,"[1, 128, 768]","[1, 128, 768]",1081.34,0.0,0.375,cuda_event,cuda
5,encoder.layer.7.attention.output.LayerNorm,LayerNorm,0.00784,0.375,491520.0,1536,0,71,0.00784,analytic,"[1, 128, 768]","[1, 128, 768]",1081.34,0.0,0.375,cuda_event,cuda
5,encoder.layer.7.intermediate.dense,Linear,0.12438,1.5,603979776.0,2362368,0,72,0.12438,counter,"[1, 128, 768]","[1, 128, 3072]",1081.34,0.0,1.5,cuda_event,cuda
5,encoder.layer.7.intermediate.intermediate_act_fn,GELUActivation,0.00714,1.5,0.0,0,0,73,0.00714,none,"[1, 128, 3072]","[1, 128, 3072]",1081.34,0.0,1.5,cuda_event,cuda
5,encoder.layer.7.output.dense,Linear,0.15485,0.375,603979776.0,2360064,0,74,0.15485,counter,"[1, 128, 3072]","[1, 128, 768]",1081.34,0.0,0.375,cuda_event,cuda
5,encoder.layer.7.output.LayerNorm,LayerNorm,0.00819,0.375,491520.0,1536,0,75,0.00819,analytic,"[1, 128, 768]","[1, 128, 768]",1081.34,0.0,0.375,cuda_event,cuda
5,encoder.layer.8.attention.self.query,Linear,0.05325,0.375,150994944.0,590592,0,76,0.05325,counter,"[1, 128, 768]","[1, 128, 768]",1081.34,0.0,0.375,cuda_event,cuda
5,encoder.layer.8.attention.self.key,Linear,0.05472,0.375,150994944.0,590592,0,77,0.05472,counter,"[1, 128, 768]","[1, 128, 768]",1081.34,0.0,0.375,cuda_event,cuda
5,encoder.layer.8.attention.self.value,Linear,0.0552,0.375,150994944.0,590592,0,78,0.0552,counter,"[1, 128, 768]","[1, 128, 768]",1081.34,0.0,0.375,cuda_event,cuda
5,encoder.layer.8.attention.output.dense,Linear,0.05475,0.375,150994944.0,590592,0,79,0.05475,counter,"[1, 128, 768]","[1, 128, 768]",1081.34,0.0,0.375,cuda_event,cuda
5,encoder.layer.8.attention.output.LayerNorm,LayerNorm,0.00819,0.375,491520.0,1536,0,80,0.00819,analytic,"[1, 128, 768]","[1, 128, 768]",1081.34,0.0,0.375,cuda_event,cuda
5,encoder.layer.8.intermediate.dense,Linear,0.12493,1.5,603979776.0,2362368,0,81,0.12493,counter,"[1, 128, 768]","[1, 128, 3072]",1081.34,0.0,1.5,cuda_event,cuda
5,encoder.layer.8.intermediate.intermediate_act_fn,GELUActivation,0.00618,1.5,0.0,0,0,82,0.00618,none,"[1, 128, 3072]","[1, 128, 3072]",1081.34,0.0,1.5,cuda_event,cuda
5,encoder.layer.8.output.dense,Linear,0.1536,0.375,603979776.0,2360064,0,83,0.1536,counter,"[1, 128, 3072]","[1, 128, 768]",1081.34,0.0,0.375,cuda_event,cuda
5,encoder.layer.8.output.LayerNorm,LayerNorm,0.00819,0.375,491520.0,1536,0,84,0.00819,analytic,"[1, 128, 768]","[1, 128, 768]",1081.34,0.0,0.375,cuda_event,cuda
5,encoder.layer.9.attention.self.query,Linear,0.05325,0.375,150994944.0,590592,0,85,0.05325,counter,"[1, 128, 768]","[1, 128, 768]",1081.34,0.0,0.375,cuda_event,cuda
5,encoder.layer.9.attention.self.key,Linear,0.05443,0.375,150994944.0,590592,0,86,0.05443,counter,"[1, 128, 768]","[1, 128, 768]",1081.34,0.0,0.375,cuda_event,cuda
5,encoder.layer.9.attention.self.value,Linear,0.05427,0.375,150994944.0,590592,0,87,0.05427,counter,"[1, 128, 768]","[1, 128, 768]",1081.34,0.0,0.375,cuda_event,cuda
5,encoder.layer.9.attention.output.dense,Linear,0.05373,0.375,150994944.0,590592,0,88,0.05373,counter,"[1, 128, 768]","[1, 128, 768]",1081.34,0.0,0.375,cuda_event,cuda
5,encoder.layer.9.attention.output.LayerNorm,LayerNorm,0.00819,0.375,491520.0,1536,0,89,0.00819,analytic,"[1, 128, 768]","[1, 128, 768]",1081.34,0.0,0.375,cuda_event,cuda
5,encoder.layer.9.intermediate.dense,Linear,0.12698,1.5,603979776.0,2362368,0,90,0.12698,counter,"[1, 128, 768]","[1, 128, 3072]",1081.34,0.0,1.5,cuda_event,cuda
5,encoder.layer.9.intermediate.intermediate_act_fn,GELUActivation,0.00614,1.5,0.0,0,0,91,0.00614,none,"[1, 128, 3072]","[1, 128, 3072]",1081.34,0.0,1.5,cuda_event,cuda
5,encoder.layer.9.output.dense,Linear,0.15686,0.375,603979776.0,2360064,0,92,0.15686,counter,"[1, 128, 3072]","[1, 128, 768]",1081.34,0.0,0.375,cuda_event,cuda
5,encoder.layer.9.output.LayerNorm,LayerNorm,0.008,0.375,491520.0,1536,0,93,0.008,analytic,"[1, 128, 768]","[1, 128, 768]",1081.34,0.0,0.375,cuda_event,cuda
5,encoder.layer.10.attention.self.query,Linear,0.05325,0.375,150994944.0,590592,0,94,0.05325,counter,"[1, 128, 768]","[1, 128, 768]",1081.34,0.0,0.375,cuda_event,cuda
5,encoder.layer.10.attention.self.key,Linear,0.05325,0.375,150994944.0,590592,0,95,0.05325,counter,"[1, 128, 768]","[1, 128, 768]",1081.34,0.0,0.375,cuda_event,cuda
5,encoder.layer.10.attention.self.value,Linear,0.05498,0.375,150994944.0,590592,0,96,0.05498,counter,"[1, 128, 768]","[1, 128, 768]",1081.34,0.0,0.375,cuda_event,cuda
5,encoder.layer.10.attention.output.dense,Linear,0.05418,0.375,150994944.0,590592,0,97,0.05418,counter,"[1, 128, 768]","[1, 128, 768]",1081.34,0.0,0.375,cuda_event,cuda
5,encoder.layer.10.attention.output.LayerNorm,LayerNorm,0.00819,0.375,491520.0,1536,0,98,0.00819,analytic,"[1, 128, 768]","[1, 128, 768]",1081.34,0.0,0.375,cuda_event,cuda
5,encoder.layer.10.intermediate.dense,Linear,0.1249,1.5,603979776.0,2362368,0,99,0.1249,counter,"[1, 128, 768]","[1, 128, 3072]",1081.34,0.0,1.5,cuda_event,cuda
5,encoder.layer.10.intermediate.intermediate_act_fn,GELUActivation,0.00634,1.5,0.0,0,0,100,0.00634,none,"[1, 128, 3072]","[1, 128, 3072]",1081.34,0.0,1.5,cuda_event,cuda
5,encoder.layer.10.output.dense,Linear,0.15565,0.375,603979776.0,2360064,0,101,0.15565,counter,"[1, 128, 3072]","[1, 128, 768]",1081.34,0.0,0.375,cuda_event,cuda
5,encoder.layer.10.output.LayerNorm,LayerNorm,0.00819,0.375,491520.0,1536,0,102,0.00819,analytic,"[1, 128, 768]","[1, 128, 768]",1081.34,0.0,0.375,cuda_event,cuda
5,encoder.layer.11.attention.self.query,Linear,0.05325,0.375,150994944.0,590592,0,103,0.05325,counter,"[1, 128, 768]","[1, 128, 768]",1081.34,0.0,0.375,cuda_event,cuda
5,encoder.layer.11.attention.self.key,Linear,0.05472,0.375,150994944.0,590592,0,104,0.05472,counter,"[1, 128, 768]","[1, 128, 768]",1081.34,0.0,0.375,cuda_event,cuda
5,encoder.layer.11.attention.self.value,Linear,0.05514,0.375,150994944.0,590592,0,105,0.05514,counter,"[1, 128, 768]","[1, 128, 768]",1081.34,0.0,0.375,cuda_event,cuda
5,encoder.layer.11.attention.output.dense,Linear,0.0553,0.375,150994944.0,590592,0,106,0.0553,counter,"[1, 128, 768]","[1, 128, 768]",1081.34,0.0,0.375,cuda_event,cuda
5,encoder.layer.11.attention.output.LayerNorm,LayerNorm,0.00778,0.375,491520.0,1536,0,107,0.00778,analytic,"[1, 128, 768]","[1, 128, 768]",1081.34,0.0,0.375,cuda_event,cuda
5,encoder.layer.11.intermediate.dense,Linear,0.1273,1.5,603979776.0,2362368,0,108,0.1273,counter,"[1, 128, 768]","[1, 128, 3072]",1081.34,0.0,1.5,cuda_event,cuda
5,encoder.layer.11.intermediate.intermediate_act_fn,GELUActivation,0.00666,1.5,0.0,0,0,109,0.00666,none,"[1, 128, 3072]","[1, 128, 3072]",1081.34,0.0,1.5,cuda_event,cuda
5,encoder.layer.11.output.dense,Linear,0.1536,0.375,603979776.0,2360064,0,110,0.1536,counter,"[1, 128, 3072]","[1, 128, 768]",1081.34,0.0,0.375,cuda_event,cuda
5,encoder.layer.11.output.LayerNorm,LayerNorm,0.00819,0.375,491520.0,1536,0,111,0.00819,analytic,"[1, 128, 768]","[1, 128, 768]",1081.34,0.0,0.375,cuda_event,cuda
5,pooler.dense,Linear,0.01398,0.00293,1179648.0,590592,0,112,0.01398,counter,"[1, 768]","[1, 768]",1081.34,0.0,0.003,cuda_event,cuda
5,pooler.activation,Tanh,0.00432,0.00293,3072.0,0,0,113,0.00432,analytic,"[1, 768]","[1, 768]",1081.34,0.0,0.003,cuda_event,cuda
6,embeddings.word_embeddings,Embedding,0.00614,0.375,0.0,23440896,0,0,0.00614,none,"[1, 128]","[1, 128, 768]",1081.34,0.0,0.375,cuda_event,cuda
6,embeddings.token_type_embeddings,Embedding,0.00547,0.375,0.0,1536,0,1,0.00547,none,"[1, 128]","[1, 128, 768]",1081.34,0.0,0.375,cuda_event,cuda
6,embeddings.position_embeddings,Embedding,0.00634,0.375,0.0,393216,0,2,0.00634,none,"[1, 128]","[1, 128, 768]",1081.34,0.0,0.375,cuda_event,cuda
6,embeddings.LayerNorm,LayerNorm,0.00813,0.375,491520.0,1536,0,3,0.00813,analytic,"[1, 128, 768]","[1, 128, 768]",1081.34,0.0,0.375,cuda_event,cuda
6,encoder.layer.0.attention.self.query,Linear,0.05485,0.375,150994944.0,590592,0,4,0.05485,counter,"[1, 128, 768]","[1, 128, 768]",1081.34,0.0,0.375,cuda_event,cuda
6,encoder.layer.0.attention.self.key,Linear,0.0551,0.375,150994944.0,590592,0,5,0.0551,counter,"[1, 128, 768]","[1, 128, 768]",1081.34,0.0,0.375,cuda_event,cuda
6,encoder.layer.0.attention.self.value,Linear,0.0544,0.375,150994944.0,590592,0,6,0.0544,counter,"[1, 128, 768]","[1, 128, 768]",1081.34,0.0,0.375,cuda_event,cuda
6,encoder.layer.0.attention.output.dense,Linear,0.0551,0.375,150994944.0,590592,0,7,0.0551,counter,"[1, 128, 768]","[1, 128, 768]",1081.34,0.0,0.375,cuda_event,cuda
6,encoder.layer.0.attention.output.LayerNorm,LayerNorm,0.00803,0.375,491520.0,1536,0,8,0.00803,analytic,"[1, 128, 768]","[1, 128, 768]",1081.34,0.0,0.375,cuda_event,cuda
6,encoder.layer.0.intermediate.dense,Linear,0.12349,1.5,603979776.0,2362368,0,9,0.12349,counter,"[1, 128, 768]","[1, 128, 3072]",1081.34,0.0,1.5,cuda_event,cuda
6,encoder.layer.0.intermediate.intermediate_act_fn,GELUActivation,0.0063,1.5,0.0,0,0,10,0.0063,none,"[1, 128, 3072]","[1, 128, 3072]",1081.34,0.0,1.5,cuda_event,cuda
6,encoder.layer.0.output.dense,Linear,0.15325,0.375,603979776.0,2360064,0,11,0.15325,counter,"[1, 128, 3072]","[1, 128, 768]",1081.34,0.0,0.375,cuda_event,cuda
6,encoder.layer.0.output.LayerNorm,LayerNorm,0.00806,0.375,491520.0,1536,0,12,0.00806,analytic,"[1, 128, 768]","[1, 128, 768]",1081.34,0.0,0.375,cuda_event,cuda
6,encoder.layer.1.attention.self.query,Linear,0.05325,0.375,150994944.0,590592,0,13,0.05325,counter,"[1, 128, 768]","[1, 128, 768]",1081.34,0.0,0.375,cuda_event,cuda
6,encoder.layer.1.attention.self.key,Linear,0.05469,0.375,150994944.0,590592,0,14,0.05469,counter,"[1, 128, 768]","[1, 128, 768]",1081.34,0.0,0.375,cuda_event,cuda
6,encoder.layer.1.attention.self.value,Linear,0.05504,0.375,150994944.0,590592,0,15,0.05504,counter,"[1, 128, 768]","[1, 128, 768]",1081.34,0.0,0.375,cuda_event,cuda
6,encoder.layer.1.attention.output.dense,Linear,0.05325,0.375,150994944.0,590592,0,16,0.05325,counter,"[1, 128, 768]","[1, 128, 768]",1081.34,0.0,0.375,cuda_event,cuda
6,encoder.layer.1.attention.output.LayerNorm,LayerNorm,0.00794,0.375,491520.0,1536,0,17,0.00794,analytic,"[1, 128, 768]","[1, 128, 768]",1081.34,0.0,0.375,cuda_event,cuda
6,encoder.layer.1.intermediate.dense,Linear,0.1233,1.5,603979776.0,2362368,0,18,0.1233,counter,"[1, 128, 768]","[1, 128, 3072]",1081.34,0.0,1.5,cuda_event,cuda
6,encoder.layer.1.intermediate.intermediate_act_fn,GELUActivation,0.00781,1.5,0.0,0,0,19,0.00781,none,"[1, 128, 3072]","[1, 128, 3072]",1081.34,0.0,1.5,cuda_event,cuda
6,encoder.layer.1.output.dense,Linear,0.1553,0.375,603979776.0,2360064,0,20,0.1553,counter,"[1, 128, 3072]","[1, 128, 768]",1081.34,0.0,0.375,cuda_event,cuda
6,encoder.layer.1.output.LayerNorm,LayerNorm,0.00822,0.375,491520.0,1536,0,21,0.00822,analytic,"[1, 128, 768]","[1, 128, 768]",1081.34,0.0,0.375,cuda_event,cuda
6,encoder.layer.2.attention.self.query,Linear,0.05325,0.375,150994944.0,590592,0,22,0.05325,counter,"[1, 128, 768]","[1, 128, 768]",1081.34,0.0,0.375,cuda_event,cuda
6,encoder.layer.2.attention.self.key,Linear,0.05501,0.375,150994944.0,590592,0,23,0.05501,counter,"[1, 128, 768]","[1, 128, 768]",1081.34,0.0,0.375,cuda_event,cuda
6,encoder.layer.2.attention.self.value,Linear,0.0537,0.375,150994944.0,590592,0,24,0.0537,counter,"[1, 128, 768]","[1, 128, 768]",1081.34,0.0,0.375,cuda_event,cuda
6,encoder.layer.2.attention.output.dense,Linear,0.05325,0.375,150994944.0,590592,0,25,0.05325,counter,"[1, 128, 768]","[1, 128, 768]",1081.34,0.0,0.375,cuda_event,cuda
6,encoder.layer.2.attention.output.LayerNorm,LayerNorm,0.00787,0.375,491520.0,1536,0,26,0.00787,analytic,"[1, 128, 768]","[1, 128, 768]",1081.34,0.0,0.375,cuda_event,cuda
6,encoder.layer.2.intermediate.dense,Linear,0.12458,1.5,603979776.0,2362368,0,27,0.12458,counter,"[1, 128, 768]","[1, 128, 3072]",1081.34,0.0,1.5,cuda_event,cuda
6,encoder.layer.2.intermediate.intermediate_act_fn,GELUActivation,0.00704,1.5,0.0,0,0,28,0.00704,none,"[1, 128, 3072]","[1, 128, 3072]",1081.34,0.0,1.5,cuda_event,cuda
6,encoder.layer.2.output.dense,Linear,0.15318,0.375,603979776.0,2360064,0,29,0.15318,counter,"[1, 128, 3072]","[1, 128, 768]",1081.34,0.0,0.375,cuda_event,cuda
6,encoder.layer.2.output.LayerNorm,LayerNorm,0.00819,0.375,491520.0,1536,0,30,0.00819,analytic,"[1, 128, 768]","[1, 128, 768]",1081.34,0.0,0.375,cuda_event,cuda
6,encoder.layer.3.attention.self.query,Linear,0.05325,0.375,150994944.0,590592,0,31,0.05325,counter,"[1, 128, 768]","[1, 128, 768]",1081.34,0.0,0.375,cuda_event,cuda
6,encoder.layer.3.attention.self.key,Linear,0.05325,0.375,150994944.0,590592,0,32,0.05325,counter,"[1, 128, 768]","[1, 128, 768]",1081.34,0.0,0.375,cuda_event,cuda
6,encoder.layer.3.attention.self.value,Linear,0.05507,0.375,150994944.0,590592,0,33,0.05507,counter,"[1, 128, 768]","[1, 128, 768]",1081.34,0.0,0.375,cuda_event,cuda
6,encoder.layer.3.attention.output.dense,Linear,0.05674,0.375,150994944.0,590592,0,34,0.05674,counter,"[1, 128, 768]","[1, 128, 768]",1081.34,0.0,0.375,cuda_event,cuda
6,encoder.layer.3.attention.output.LayerNorm,LayerNorm,0.00819,0.375,491520.0,1536,0,35,0.00819,analytic,"[1, 128, 768]","[1, 128, 768]",1081.34,0.0,0.375,cuda_event,cuda
6,encoder.layer.3.intermediate.dense,Linear,0.12688,1.5,603979776.0,2362368,0,36,0.12688,counter,"[1, 128, 768]","[1, 128, 3072]",1081.34,0.0,1.5,cuda_event,cuda
6,encoder.layer.3.intermediate.intermediate_act_fn,GELUActivation,0.00637,1.5,0.0,0,0,37,0.00637,none,"[1, 128, 3072]","[1, 128, 3072]",1081.34,0.0,1.5,cuda_event,cuda
6,encoder.layer.3.output.dense,Linear,0.15366,0.375,603979776.0,2360064,0,38,0.15366,counter,"[1, 128, 3072]","[1, 128, 768]",1081.34,0.0,0.375,cuda_event,cuda
6,encoder.layer.3.output.LayerNorm,LayerNorm,0.00819,0.375,491520.0,1536,0,39,0.00819,analytic,"[1, 128, 768]","[1, 128, 768]",1081.34,0.0,0.375,cuda_event,cuda
6,encoder.layer.4.attention.self.query,Linear,0.05325,0.375,150994944.0,590592,0,40,0.05325,counter,"[1, 128, 768]","[1, 128, 768]",1081.34,0.0,0.375,cuda_event,cuda
6,encoder.layer.4.attention.self.key,Linear,0.05437,0.375,150994944.0,590592,0,41,0.05437,counter,"[1, 128, 768]","[1, 128, 768]",1081.34,0.0,0.375,cuda_event,cuda
6,encoder.layer.4.attention.self.value,Linear,0.05418,0.375,150994944.0,590592,0,42,0.05418,counter,"[1, 128, 768]","[1, 128, 768]",1081.34,0.0,0.375,cuda_event,cuda
6,encoder.layer.4.attention.output.dense,Linear,0.05382,0.375,150994944.0,590592,0,43,0.05382,counter,"[1, 128, 768]","[1, 128, 768]",1081.34,0.0,0.375,cuda_event,cuda
6,encoder.layer.4.attention.output.LayerNorm,LayerNorm,0.00806,0.375,491520.0,1536,0,44,0.00806,analytic,"[1, 128, 768]","[1, 128, 768]",1081.34,0.0,0.375,cuda_event,cuda
6,encoder.layer.4.intermediate.dense,Linear,0.12522,1.5,603979776.0,2362368,0,45,0.12522,counter,"[1, 128, 768]","[1, 128, 3072]",1081.34,0.0,1.5,cuda_event,cuda
6,encoder.layer.4.intermediate.intermediate_act_fn,GELUActivation,0.00618,1.5,0.0,0,0,46,0.00618,none,"[1, 128, 3072]","[1, 128, 3072]",1081.34,0.0,1.5,cuda_event,cuda
6,encoder.layer.4.output.dense,Linear,0.15328,0.375,603979776.0,2360064,0,47,0.15328,counter,"[1, 128, 3072]","[1, 128, 768]",1081.34,0.0,0.375,cuda_event,cuda
6,encoder.layer.4.output.LayerNorm,LayerNorm,0.00819,0.375,491520.0,1536,0,48,0.00819,analytic,"[1, 128, 768]","[1, 128, 768]",1081.34,0.0,0.375,cuda_event,cuda
6,encoder.layer.5.attention.self.query,Linear,0.05498,0.375,150994944.0,590592,0,49,0.05498,counter,"[1, 128, 768]","[1, 128, 768]",1081.34,0.0,0.375,cuda_event,cuda
6,encoder.layer.5.attention.self.key,Linear,0.0537,0.375,150994944.0,590592,0,50,0.0537,counter,"[1, 128, 768]","[1, 128, 768]",1081.34,0.0,0.375,cuda_event,cuda
6,encoder.layer.5.attention.self.value,Linear,0.05494,0.375,150994944.0,590592,0,51,0.05494,counter,"[1, 128, 768]","[1, 128, 768]",1081.34,0.0,0.375,cuda_event,cuda
6,encoder.layer.5.attention.output.dense,Linear,0.05418,0.375,150994944.0,590592,0,52,0.05418,counter,"[1, 128, 768]","[1, 128, 768]",1081.34,0.0,0.375,cuda_event,cuda
6,encoder.layer.5.attention.output.LayerNorm,LayerNorm,0.00784,0.375,491520.0,1536,0,53,0.00784,analytic,"[1, 128, 768]","[1, 128, 768]",1081.34,0.0,0.375,cuda_event,cuda
6,encoder.layer.5.intermediate.dense,Linear,0.12506,1.5,603979776.0,2362368,0,54,0.12506,counter,"[1, 128, 768]","[1, 128, 3072]",1081.34,0.0,1.5,cuda_event,cuda
6,encoder.layer.5.intermediate.intermediate_act_fn,GELUActivation,0.00662,1.5,0.0,0,0,55,0.00662,none,"[1, 128, 3072]","[1, 128, 3072]",1081.34,0.0,1.5,cuda_event,cuda
6,encoder.layer.5.output.dense,Linear,0.15565,0.375,603979776.0,2360064,0,56,0.15565,counter,"[1, 128, 3072]","[1, 128, 768]",1081.34,0.0,0.375,cuda_event,cuda
6,encoder.layer.5.output.LayerNorm,LayerNorm,0.00784,0.375,491520.0,1536,0,57,0.00784,analytic,"[1, 128, 768]","[1, 128, 768]",1081.34,0.0,0.375,cuda_event,cuda
6,encoder.layer.6.attention.self.query,Linear,0.0543,0.375,150994944.0,590592,0,58,0.0543,counter,"[1, 128, 768]","[1, 128, 768]",1081.34,0.0,0.375,cuda_event,cuda
6,encoder.layer.6.attention.self.key,Linear,0.05485,0.375,150994944.0,590592,0,59,0.05485,counter,"[1, 128, 768]","[1, 128, 768]",1081.34,0.0,0.375,cuda_event,cuda
6,encoder.layer.6.attention.self.value,Linear,0.05382,0.375,150994944.0,590592,0,60,0.05382,counter,"[1, 128, 768]","[1, 128, 768]",1081.34,0.0,0.375,cuda_event,cuda
6,encoder.layer.6.attention.output.dense,Linear,0.05443,0.375,150994944.0,590592,0,61,0.05443,counter,"[1, 128, 768]","[1, 128, 768]",1081.34,0.0,0.375,cuda_event,cuda
6,encoder.layer.6.attention.output.LayerNorm,LayerNorm,0.00819,0.375,491520.0,1536,0,62,0.00819,analytic,"[1, 128, 768]","[1, 128, 768]",1081.34,0.0,0.375,cuda_event,cuda
6,encoder.layer.6.intermediate.dense,Linear,0.12698,1.5,603979776.0,2362368,0,63,0.12698,counter,"[1, 128, 768]","[1, 128, 3072]",1081.34,0.0,1.5,cuda_event,cuda
6,encoder.layer.6.intermediate.intermediate_act_fn,GELUActivation,0.00726,1.5,0.0,0,0,64,0.00726,none,"[1, 128, 3072]","[1, 128, 3072]",1081.34,0.0,1.5,cuda_event,cuda
6,encoder.layer.6.output.dense,Linear,0.15565,0.375,603979776.0,2360064,0,65,0.15565,counter,"[1, 128, 3072]","[1, 128, 768]",1081.34,0.0,0.375,cuda_event,cuda
6,encoder.layer.6.output.LayerNorm,LayerNorm,0.00835,0.375,491520.0,1536,0,66,0.00835,analytic,"[1, 128, 768]","[1, 128, 768]",1081.34,0.0,0.375,cuda_event,cuda
6,encoder.layer.7.attention.self.query,Linear,0.05491,0.375,150994944.0,590592,0,67,0.05491,counter,"[1, 128, 768]","[1, 128, 768]",1081.34,0.0,0.375,cuda_event,cuda
6,encoder.layer.7.attention.self.key,Linear,0.05398,0.375,150994944.0,590592,0,68,0.05398,counter,"[1, 128, 768]","[1, 128, 768]",1081.34,0.0,0.375,cuda_event,cuda
6,encoder.layer.7.attention.self.value,Linear,0.05318,0.375,150994944.0,590592,0,69,0.05318,counter,"[1, 128, 768]","[1, 128, 768]",1081.34,0.0,0.375,cuda_event,cuda
6,encoder.layer.7.attention.output.dense,Linear,0.05523,0.375,150994944.0,590592,0,70,0.05523,counter,"[1, 128, 768]","[1, 128, 768]",1081.34,0.0,0.375,cuda_event,cuda
6,encoder.layer.7.attention.output.LayerNorm,LayerNorm,0.00781,0.375,491520.0,1536,0,71,0.00781,analytic,"[1, 128, 768]","[1, 128, 768]",1081.34,0.0,0.375,cuda_event,cuda
6,encoder.layer.7.intermediate.dense,Linear,0.12179,1.5,603979776.0,2362368,0,72,0.12179,counter,"[1, 128, 768]","[1, 128, 3072]",1081.34,0.0,1.5,cuda_event,cuda
6,encoder.layer.7.intermediate.intermediate_act_fn,GELUActivation,0.00758,1.5,0.0,0,0,73,0.00758,none,"[1, 128, 3072]","[1, 128, 3072]",1081.34,0.0,1.5,cuda_event,cuda
6,encoder.layer.7.output.dense,Linear,0.15645,0.375,603979776.0,2360064,0,74,0.15645,counter,"[1, 128, 3072]","[1, 128, 768]",1081.34,0.0,0.375,cuda_event,cuda
6,encoder.layer.7.output.LayerNorm,LayerNorm,0.00768,0.375,491520.0,1536,0,75,0.00768,analytic,"[1, 128, 768]","[1, 128, 768]",1081.34,0.0,0.375,cuda_event,cuda
6,encoder.layer.8.attention.self.query,Linear,0.05357,0.375,150994944.0,590592,0,76,0.05357,counter,"[1, 128, 768]","[1, 128, 768]",1081.34,0.0,0.375,cuda_event,cuda
6,encoder.layer.8.attention.self.key,Linear,0.05376,0.375,150994944.0,590592,0,77,0.05376,counter,"[1, 128, 768]","[1, 128, 768]",1081.34,0.0,0.375,cuda_event,cuda
6,encoder.layer.8.attention.self.value,Linear,0.05443,0.375,150994944.0,590592,0,78,0.05443,counter,"[1, 128, 768]","[1, 128, 768]",1081.34,0.0,0.375,cuda_event,cuda
6,encoder.layer.8.attention.output.dense,Linear,0.05325,0.375,150994944.0,590592,0,79,0.05325,counter,"[1, 128, 768]","[1, 128, 768]",1081.34,0.0,0.375,cuda_event,cuda
6,encoder.layer.8.attention.output.LayerNorm,LayerNorm,0.008,0.375,491520.0,1536,0,80,0.008,analytic,"[1, 128, 768]","[1, 128, 768]",1081.34,0.0,0.375,cuda_event,cuda
6,encoder.layer.8.intermediate.dense,Linear,0.1247,1.5,603979776.0,2362368,0,81,0.1247,counter,"[1, 128, 768]","[1, 128, 3072]",1081.34,0.0,1.5,cuda_event,cuda
6,encoder.layer.8.intermediate.intermediate_act_fn,GELUActivation,0.00656,1.5,0.0,0,0,82,0.00656,none,"[1, 128, 3072]","[1, 128, 3072]",1081.34,0.0,1.5,cuda_event,cuda
6,encoder.layer.8.output.dense,Linear,0.15706,0.375,603979776.0,2360064,0,83,0.15706,counter,"[1, 128, 3072]","[1, 128, 768]",1081.34,0.0,0.375,cuda_event,cuda
6,encoder.layer.8.output.LayerNorm,LayerNorm,0.00819,0.375,491520.0,1536,0,84,0.00819,analytic,"[1, 128, 768]","[1, 128, 768]",1081.34,0.0,0.375,cuda_event,cuda
6,encoder.layer.9.attention.self.query,Linear,0.0553,0.375,150994944.0,590592,0,85,0.0553,counter,"[1, 128, 768]","[1, 128, 768]",1081.34,0.0,0.375,cuda_event,cuda
6,encoder.layer.9.attention.self.key,Linear,0.05331,0.375,150994944.0,590592,0,86,0.05331,counter,"[1, 128, 768]","[1, 128, 768]",1081.34,0.0,0.375,cuda_event,cuda
6,encoder.layer.9.attention.self.value,Linear,0.05466,0.375,150994944.0,590592,0,87,0.05466,counter,"[1, 128, 768]","[1, 128, 768]",1081.34,0.0,0.375,cuda_event,cuda
6,encoder.layer.9.attention.output.dense,Linear,0.05434,0.375,150994944.0,590592,0,88,0.05434,counter,"[1, 128, 768]","[1, 128, 768]",1081.34,0.0,0.375,cuda_event,cuda
6,encoder.layer.9.attention.output.LayerNorm,LayerNorm,0.00819,0.375,491520.0,1536,0,89,0.00819,analytic,"[1, 128, 768]","[1, 128, 768]",1081.34,0.0,0.375,cuda_event,cuda
6,encoder.layer.9.intermediate.dense,Linear,0.12627,1.5,603979776.0,2362368,0,90,0.12627,counter,"[1, 128, 768]","[1, 128, 3072]",1081.34,0.0,1.5,cuda_event,cuda
6,encoder.layer.9.intermediate.intermediate_act_fn,GELUActivation,0.00698,1.5,0.0,0,0,91,0.00698,none,"[1, 128, 3072]","[1, 128, 3072]",1081.34,0.0,1.5,cuda_event,cuda
6,encoder.layer.9.output.dense,Linear,0.15376,0.375,603979776.0,2360064,0,92,0.15376,counter,"[1, 128, 3072]","[1, 128, 768]",1081.34,0.0,0.375,cuda_event,cuda
6,encoder.layer.9.output.LayerNorm,LayerNorm,0.00819,0.375,491520.0,1536,0,93,0.00819,analytic,"[1, 128, 768]","[1, 128, 768]",1081.34,0.0,0.375,cuda_event,cuda
6,encoder.layer.10.attention.self.query,Linear,0.05325,0.375,150994944.0,590592,0,94,0.05325,counter,"[1, 128, 768]","[1, 128, 768]",1081.34,0.0,0.375,cuda_event,cuda
6,encoder.layer.10.attention.self.key,Linear,0.0545,0.375,150994944.0,590592,0,95,0.0545,counter,"[1, 128, 768]","[1, 128, 768]",1081.34,0.0,0.375,cuda_event,cuda
6,encoder.layer.10.attention.self.value,Linear,0.0537,0.375,150994944.0,590592,0,96,0.0537,counter,"[1, 128, 768]","[1, 128, 768]",1081.34,0.0,0.375,cuda_event,cuda
6,encoder.layer.10.attention.output.dense,Linear,0.05485,0.375,150994944.0,590592,0,97,0.05485,counter,"[1, 128, 768]","[1, 128, 768]",1081.34,0.0,0.375,cuda_event,cuda
6,encoder.layer.10.attention.output.LayerNorm,LayerNorm,0.00803,0.375,491520.0,1536,0,98,0.00803,analytic,"[1, 128, 768]","[1, 128, 768]",1081.34,0.0,0.375,cuda_event,cuda
6,encoder.layer.10.intermediate.dense,Linear,0.12547,1.5,603979776.0,2362368,0,99,0.12547,counter,"[1, 128, 768]","[1, 128, 3072]",1081.34,0.0,1.5,cuda_event,cuda
6,encoder.layer.10.intermediate.intermediate_act_fn,GELUActivation,0.00637,1.5,0.0,0,0,100,0.00637,none,"[1, 128, 3072]","[1, 128, 3072]",1081.34,0.0,1.5,cuda_event,cuda
6,encoder.layer.10.output.dense,Linear,0.15494,0.375,603979776.0,2360064,0,101,0.15494,counter,"[1, 128, 3072]","[1, 128, 768]",1081.34,0.0,0.375,cuda_event,cuda
6,encoder.layer.10.output.LayerNorm,LayerNorm,0.00819,0.375,491520.0,1536,0,102,0.00819,analytic,"[1, 128, 768]","[1, 128, 768]",1081.34,0.0,0.375,cuda_event,cuda
6,encoder.layer.11.attention.self.query,Linear,0.05325,0.375,150994944.0,590592,0,103,0.05325,counter,"[1, 128, 768]","[1, 128, 768]",1081.34,0.0,0.375,cuda_event,cuda
6,encoder.layer.11.attention.self.key,Linear,0.05491,0.375,150994944.0,590592,0,104,0.05491,counter,"[1, 128, 768]","[1, 128, 768]",1081.34,0.0,0.375,cuda_event,cuda
6,encoder.layer.11.attention.self.value,Linear,0.05379,0.375,150994944.0,590592,0,105,0.05379,counter,"[1, 128, 768]","[1, 128, 768]",1081.34,0.0,0.375,cuda_event,cuda
6,encoder.layer.11.attention.output.dense,Linear,0.05366,0.375,150994944.0,590592,0,106,0.05366,counter,"[1, 128, 768]","[1, 128, 768]",1081.34,0.0,0.375,cuda_event,cuda
6,encoder.layer.11.attention.output.LayerNorm,LayerNorm,0.00819,0.375,491520.0,1536,0,107,0.00819,analytic,"[1, 128, 768]","[1, 128, 768]",1081.34,0.0,0.375,cuda_event,cuda
6,encoder.layer.11.intermediate.dense,Linear,0.12458,1.5,603979776.0,2362368,0,108,0.12458,counter,"[1, 128, 768]","[1, 128, 3072]",1081.34,0.0,1.5,cuda_event,cuda
6,encoder.layer.11.intermediate.intermediate_act_fn,GELUActivation,0.00662,1.5,0.0,0,0,109,0.00662,none,"[1, 128, 3072]","[1, 128, 3072]",1081.34,0.0,1.5,cuda_event,cuda
6,encoder.layer.11.output.dense,Linear,0.15565,0.375,603979776.0,2360064,0,110,0.15565,counter,"[1, 128, 3072]","[1, 128, 768]",1081.34,0.0,0.375,cuda_event,cuda
6,encoder.layer.11.output.LayerNorm,LayerNorm,0.00688,0.375,491520.0,1536,0,111,0.00688,analytic,"[1, 128, 768]","[1, 128, 768]",1081.34,0.0,0.375,cuda_event,cuda
6,pooler.dense,Linear,0.01434,0.00293,1179648.0,590592,0,112,0.01434,counter,"[1, 768]","[1, 768]",1081.34,0.0,0.003,cuda_event,cuda
6,pooler.activation,Tanh,0.0041,0.00293,3072.0,0,0,113,0.0041,analytic,"[1, 768]","[1, 768]",1081.34,0.0,0.003,cuda_event,cuda
7,embeddings.word_embeddings,Embedding,0.00614,0.375,0.0,23440896,0,0,0.00614,none,"[1, 128]","[1, 128, 768]",1081.34,0.0,0.375,cuda_event,cuda
7,embeddings.token_type_embeddings,Embedding,0.0041,0.375,0.0,1536,0,1,0.0041,none,"[1, 128]","[1, 128, 768]",1081.34,0.0,0.375,cuda_event,cuda
7,embeddings.position_embeddings,Embedding,0.00605,0.375,0.0,393216,0,2,0.00605,none,"[1, 128]","[1, 128, 768]",1081.34,0.0,0.375,cuda_event,cuda
7,embeddings.LayerNorm,LayerNorm,0.00762,0.375,491520.0,1536,0,3,0.00762,analytic,"[1, 128, 768]","[1, 128, 768]",1081.34,0.0,0.375,cuda_event,cuda
7,encoder.layer.0.attention.self.query,Linear,0.0553,0.375,150994944.0,590592,0,4,0.0553,counter,"[1, 128, 768]","[1, 128, 768]",1081.34,0.0,0.375,cuda_event,cuda
7,encoder.layer.0.attention.self.key,Linear,0.05475,0.375,150994944.0,590592,0,5,0.05475,counter,"[1, 128, 768]","[1, 128, 768]",1081.34,0.0,0.375,cuda_event,cuda
7,encoder.layer.0.attention.self.value,Linear,0.05392,0.375,150994944.0,590592,0,6,0.05392,counter,"[1, 128, 768]","[1, 128, 768]",1081.34,0.0,0.375,cuda_event,cuda
7,encoder.layer.0.attention.output.dense,Linear,0.05309,0.375,150994944.0,590592,0,7,0.05309,counter,"[1, 128, 768]","[1, 128, 768]",1081.34,0.0,0.375,cuda_event,cuda
7,encoder.layer.0.attention.output.LayerNorm,LayerNorm,0.00806,0.375,491520.0,1536,0,8,0.00806,analytic,"[1, 128, 768]","[1, 128, 768]",1081.34,0.0,0.375,cuda_event,cuda
7,encoder.layer.0.intermediate.dense,Linear,0.12317,1.5,603979776.0,2362368,0,9,0.12317,counter,"[1, 128, 768]","[1, 128, 3072]",1081.34,0.0,1.5,cuda_event,cuda
7,encoder.layer.0.intermediate.intermediate_act_fn,GELUActivation,0.00717,1.5,0.0,0,0,10,0.00717,none,"[1, 128, 3072]","[1, 128, 3072]",1081.34,0.0,1.5,cuda_event,cuda
7,encoder.layer.0.output.dense,Linear,0.15565,0.375,603979776.0,2360064,0,11,0.15565,counter,"[1, 128, 3072]","[1, 128, 768]",1081.34,0.0,0.375,cuda_event,cuda
7,encoder.layer.0.output.LayerNorm,LayerNorm,0.00819,0.375,491520.0,1536,0,12,0.00819,analytic,"[1, 128, 768]","[1, 128, 768]",1081.34,0.0,0.375,cuda_event,cuda
7,encoder.layer.1.attention.self.query,Linear,0.05325,0.375,150994944.0,590592,0,13,0.05325,counter,"[1, 128, 768]","[1, 128, 768]",1081.34,0.0,0.375,cuda_event,cuda
7,encoder.layer.1.attention.self.key,Linear,0.05325,0.375,150994944.0,590592,0,14,0.05325,counter,"[1, 128, 768]","[1, 128, 768]",1081.34,0.0,0.375,cuda_event,cuda
7,encoder.layer.1.attention.self.value,Linear,0.0553,0.375,150994944.0,590592,0,15,0.0553,counter,"[1, 128, 768]","[1, 128, 768]",1081.34,0.0,0.375,cuda_event,cuda
7,encoder.layer.1.attention.output.dense,Linear,0.05347,0.375,150994944.0,590592,0,16,0.05347,counter,"[1, 128, 768]","[1, 128, 768]",1081.34,0.0,0.375,cuda_event,cuda
7,encoder.layer.1.attention.output.LayerNorm,LayerNorm,0.00717,0.375,491520.0,1536,0,17,0.00717,analytic,"[1, 128, 768]","[1, 128, 768]",1081.34,0.0,0.375,cuda_event,cuda
7,encoder.layer.1.intermediate.dense,Linear,0.12493,1.5,603979776.0,2362368,0,18,0.12493,counter,"[1, 128, 768]","[1, 128, 3072]",1081.34,0.0,1.5,cuda_event,cuda
7,encoder.layer.1.intermediate.intermediate_act_fn,GELUActivation,0.00614,1.5,0.0,0,0,19,0.00614,none,"[1, 128, 3072]","[1, 128, 3072]",1081.34,0.0,1.5,cuda_event,cuda
7,encoder.layer.1.output.dense,Linear,0.1536,0.375,603979776.0,2360064,0,20,0.1536,counter,"[1, 128, 3072]","[1, 128, 768]",1081.34,0.0,0.375,cuda_event,cuda
7,encoder.layer.1.output.LayerNorm,LayerNorm,0.00819,0.375,491520.0,1536,0,21,0.00819,analytic,"[1, 128, 768]","[1, 128, 768]",1081.34,0.0,0.375,cuda_event,cuda
7,encoder.layer.2.attention.self.query,Linear,0.05318,0.375,150994944.0,590592,0,22,0.05318,counter,"[1, 128, 768]","[1, 128, 768]",1081.34,0.0,0.375,cuda_event,cuda
7,encoder.layer.2.attention.self.key,Linear,0.05475,0.375,150994944.0,590592,0,23,0.05475,counter,"[1, 128, 768]","[1, 128, 768]",1081.34,0.0,0.375,cuda_event,cuda
7,encoder.layer.2.attention.self.value,Linear,0.05414,0.375,150994944.0,590592,0,24,0.05414,counter,"[1, 128, 768]","[1, 128, 768]",1081.34,0.0,0.375,cuda_event,cuda
7,encoder.layer.2.attention.output.dense,Linear,0.05379,0.375,150994944.0,590592,0,25,0.05379,counter,"[1, 128, 768]","[1, 128, 768]",1081.34,0.0,0.375,cuda_event,cuda
7,encoder.layer.2.attention.output.LayerNorm,LayerNorm,0.00678,0.375,491520.0,1536,0,26,0.00678,analytic,"[1, 128, 768]","[1, 128, 768]",1081.34,0.0,0.375,cuda_event,cuda
7,encoder.layer.2.intermediate.dense,Linear,0.12483,1.5,603979776.0,2362368,0,27,0.12483,counter,"[1, 128, 768]","[1, 128, 3072]",1081.34,0.0,1.5,cuda_event,cuda
7,encoder.layer.2.intermediate.intermediate_act_fn,GELUActivation,0.00637,1.5,0.0,0,0,28,0.00637,none,"[1, 128, 3072]","[1, 128, 3072]",1081.34,0.0,1.5,cuda_event,cuda
7,encoder.layer.2.output.dense,Linear,0.15155,0.375,603979776.0,2360064,0,29,0.15155,counter,"[1, 128, 3072]","[1, 128, 768]",1081.34,0.0,0.375,cuda_event,cuda
7,encoder.layer.2.output.LayerNorm,LayerNorm,0.00813,0.375,491520.0,1536,0,30,0.00813,analytic,"[1, 128, 768]","[1, 128, 768]",1081.34,0.0,0.375,cuda_event,cuda
7,encoder.layer.3.attention.self.query,Linear,0.05328,0.375,150994944.0,590592,0,31,0.05328,counter,"[1, 128, 768]","[1, 128, 768]",1081.34,0.0,0.375,cuda_event,cuda
7,encoder.layer.3.attention.self.key,Linear,0.05472,0.375,150994944.0,590592,0,32,0.05472,counter,"[1, 128, 768]","[1, 128, 768]",1081.34,0.0,0.375,cuda_event,cuda
7,encoder.layer.3.attention.self.value,Linear,0.0553,0.375,150994944.0,590592,0,33,0.0553,counter,"[1, 128, 768]","[1, 128, 768]",1081.34,0.0,0.375,cuda_event,cuda
7,encoder.layer.3.attention.output.dense,Linear,0.05418,0.375,150994944.0,590592,0,34,0.05418,counter,"[1, 128, 768]","[1, 128, 768]",1081.34,0.0,0.375,cuda_event,cuda
7,encoder.layer.3.attention.output.LayerNorm,LayerNorm,0.00797,0.375,491520.0,1536,0,35,0.00797,analytic,"[1, 128, 768]","[1, 128, 768]",1081.34,0.0,0.375,cuda_event,cuda
7,encoder.layer.3.intermediate.dense,Linear,0.1255,1.5,603979776.0,2362368,0,36,0.1255,counter,"[1, 128, 768]","[1, 128, 3072]",1081.34,0.0,1.5,cuda_event,cuda
7,encoder.layer.3.intermediate.intermediate_act_fn,GELUActivation,0.00768,1.5,0.0,0,0,37,0.00768,none,"[1, 128, 3072]","[1, 128, 3072]",1081.34,0.0,1.5,cuda_event,cuda
7,encoder.layer.3.output.dense,Linear,0.15427,0.375,603979776.0,2360064,0,38,0.15427,counter,"[1, 128, 3072]","[1, 128, 768]",1081.34,0.0,0.375,cuda_event,cuda
7,encoder.layer.3.output.LayerNorm,LayerNorm,0.00768,0.375,491520.0,1536,0,39,0.00768,analytic,"[1, 128, 768]","[1, 128, 768]",1081.34,0.0,0.375,cuda_event,cuda
7,encoder.layer.4.attention.self.query,Linear,0.0537,0.375,150994944.0,590592,0,40,0.0537,counter,"[1, 128, 768]","[1, 128, 768]",1081.34,0.0,0.375,cuda_event,cuda
7,encoder.layer.4.attention.self.key,Linear,0.05379,0.375,150994944.0,590592,0,41,0.05379,counter,"[1, 128, 768]","[1, 128, 768]",1081.34,0.0,0.375,cuda_event,cuda
7,encoder.layer.4.attention.self.value,Linear,0.05453,0.375,150994944.0,590592,0,42,0.05453,counter,"[1, 128, 768]","[1, 128, 768]",1081.34,0.0,0.375,cuda_event,cuda
7,encoder.layer.4.attention.output.dense,Linear,0.05325,0.375,150994944.0,590592,0,43,0.05325,counter,"[1, 128, 768]","[1, 128, 768]",1081.34,0.0,0.375,cuda_event,cuda
7,encoder.layer.4.attention.output.LayerNorm,LayerNorm,0.00819,0.375,491520.0,1536,0,44,0.00819,analytic,"[1, 128, 768]","[1, 128, 768]",1081.34,0.0,0.375,cuda_event,cuda
7,encoder.layer.4.intermediate.dense,Linear,0.12288,1.5,603979776.0,2362368,0,45,0.12288,counter,"[1, 128, 768]","[1, 128, 3072]",1081.34,0.0,1.5,cuda_event,cuda
7,encoder.layer.4.intermediate.intermediate_act_fn,GELUActivation,0.00739,1.5,0.0,0,0,46,0.00739,none,"[1, 128, 3072]","[1, 128, 3072]",1081.34,0.0,1.5,cuda_event,cuda
7,encoder.layer.4.output.dense,Linear,0.15421,0.375,603979776.0,2360064,0,47,0.15421,counter,"[1, 128, 3072]","[1, 128, 768]",1081.34,0.0,0.375,cuda_event,cuda
7,encoder.layer.4.output.LayerNorm,LayerNorm,0.00691,0.375,491520.0,1536,0,48,0.00691,analytic,"[1, 128, 768]","[1, 128, 768]",1081.34,0.0,0.375,cuda_event,cuda
7,encoder.layer.5.attention.self.query,Linear,0.05325,0.375,150994944.0,590592,0,49,0.05325,counter,"[1, 128, 768]","[1, 128, 768]",1081.34,0.0,0.375,cuda_event,cuda
7,encoder.layer.5.attention.self.key,Linear,0.05325,0.375,150994944.0,590592,0,50,0.05325,counter,"[1, 128, 768]","[1, 128, 768]",1081.34,0.0,0.375,cuda_event,cuda
7,encoder.layer.5.attention.self.value,Linear,0.0553,0.375,150994944.0,590592,0,51,0.0553,counter,"[1, 128, 768]","[1, 128, 768]",1081.34,0.0,0.375,cuda_event,cuda
7,encoder.layer.5.attention.output.dense,Linear,0.05389,0.375,150994944.0,590592,0,52,0.05389,counter,"[1, 128, 768]","[1, 128, 768]",1081.34,0.0,0.375,cuda_event,cuda
7,encoder.layer.5.attention.output.LayerNorm,LayerNorm,0.0079,0.375,491520.0,1536,0,53,0.0079,analytic,"[1, 128, 768]","[1, 128, 768]",1081.34,0.0,0.375,cuda_event,cuda
7,encoder.layer.5.intermediate.dense,Linear,0.12294,1.5,603979776.0,2362368,0,54,0.12294,counter,"[1, 128, 768]","[1, 128, 3072]",1081.34,0.0,1.5,cuda_event,cuda
7,encoder.layer.5.intermediate.intermediate_act_fn,GELUActivation,0.00634,1.5,0.0,0,0,55,0.00634,none,"[1, 128, 3072]","[1, 128, 3072]",1081.34,0.0,1.5,cuda_event,cuda
7,encoder.layer.5.output.dense,Linear,0.15536,0.375,603979776.0,2360064,0,56,0.15536,counter,"[1, 128, 3072]","[1, 128, 768]",1081.34,0.0,0.375,cuda_event,cuda
7,encoder.layer.5.output.LayerNorm,LayerNorm,0.00787,0.375,491520.0,1536,0,57,0.00787,analytic,"[1, 128, 768]","[1, 128, 768]",1081.34,0.0,0.375,cuda_event,cuda
7,encoder.layer.6.attention.self.query,Linear,0.05325,0.375,150994944.0,590592,0,58,0.05325,counter,"[1, 128, 768]","[1, 128, 768]",1081.34,0.0,0.375,cuda_event,cuda
7,encoder.layer.6.attention.self.key,Linear,0.0545,0.375,150994944.0,590592,0,59,0.0545,counter,"[1, 128, 768]","[1, 128, 768]",1081.34,0.0,0.375,cuda_event,cuda
7,encoder.layer.6.attention.self.value,Linear,0.05418,0.375,150994944.0,590592,0,60,0.05418,counter,"[1, 128, 768]","[1, 128, 768]",1081.34,0.0,0.375,cuda_event,cuda
7,encoder.layer.6.attention.output.dense,Linear,0.0552,0.375,150994944.0,590592,0,61,0.0552,counter,"[1, 128, 768]","[1, 128, 768]",1081.34,0.0,0.375,cuda_event,cuda
7,encoder.layer.6.attention.output.LayerNorm,LayerNorm,0.00688,0.375,491520.0,1536,0,62,0.00688,analytic,"[1, 128, 768]","[1, 128, 768]",1081.34,0.0,0.375,cuda_event,cuda
7,encoder.layer.6.intermediate.dense,Linear,0.1271,1.5,603979776.0,2362368,0,63,0.1271,counter,"[1, 128, 768]","[1, 128, 3072]",1081.34,0.0,1.5,cuda_event,cuda
7,encoder.layer.6.intermediate.intermediate_act_fn,GELUActivation,0.00819,1.5,0.0,0,0,64,0.00819,none,"[1, 128, 3072]","[1, 128, 3072]",1081.34,0.0,1.5,cuda_event,cuda
7,encoder.layer.6.output.dense,Linear,0.15366,0.375,603979776.0,2360064,0,65,0.15366,counter,"[1, 128, 3072]","[1, 128, 768]",1081.34,0.0,0.375,cuda_event,cuda
7,encoder.layer.6.output.LayerNorm,LayerNorm,0.00819,0.375,491520.0,1536,0,66,0.00819,analytic,"[1, 128, 768]","[1, 128, 768]",1081.34,0.0,0.375,cuda_event,cuda
7,encoder.layer.7.attention.self.query,Linear,0.05277,0.375,150994944.0,590592,0,67,0.05277,counter,"[1, 128, 768]","[1, 128, 768]",1081.34,0.0,0.375,cuda_event,cuda
7,encoder.layer.7.attention.self.key,Linear,0.05344,0.375,150994944.0,590592,0,68,0.05344,counter,"[1, 128, 768]","[1, 128, 768]",1081.34,0.0,0.375,cuda_event,cuda
7,encoder.layer.7.attention.self.value,Linear,0.05386,0.375,150994944.0,590592,0,69,0.05386,counter,"[1, 128, 768]","[1, 128, 768]",1081.34,0.0,0.375,cuda_event,cuda
7,encoder.layer.7.attention.output.dense,Linear,0.05373,0.375,150994944.0,590592,0,70,0.05373,counter,"[1, 128, 768]","[1, 128, 768]",1081.34,0.0,0.375,cuda_event,cuda
7,encoder.layer.7.attention.output.LayerNorm,LayerNorm,0.00774,0.375,491520.0,1536,0,71,0.00774,analytic,"[1, 128, 768]","[1, 128, 768]",1081.34,0.0,0.375,cuda_event,cuda
7,encoder.layer.7.intermediate.dense,Linear,0.12326,1.5,603979776.0,2362368,0,72,0.12326,counter,"[1, 128, 768]","[1, 128, 3072]",1081.34,0.0,1.5,cuda_event,cuda
7,encoder.layer.7.intermediate.intermediate_act_fn,GELUActivation,0.00656,1.5,0.0,0,0,73,0.00656,none,"[1, 128, 3072]","[1, 128, 3072]",1081.34,0.0,1.5,cuda_event,cuda
7,encoder.layer.7.output.dense,Linear,0.1536,0.375,603979776.0,2360064,0,74,0.1536,counter,"[1, 128, 3072]","[1, 128, 768]",1081.34,0.0,0.375,cuda_event,cuda
7,encoder.layer.7.output.LayerNorm,LayerNorm,0.00803,0.375,491520.0,1536,0,75,0.00803,analytic,"[1, 128, 768]","[1, 128, 768]",1081.34,0.0,0.375,cuda_event,cuda
7,encoder.layer.8.attention.self.query,Linear,0.05344,0.375,150994944.0,590592,0,76,0.05344,counter,"[1, 128, 768]","[1, 128, 768]",1081.34,0.0,0.375,cuda_event,cuda
7,encoder.layer.8.attention.self.key,Linear,0.05331,0.375,150994944.0,590592,0,77,0.05331,counter,"[1, 128, 768]","[1, 128, 768]",1081.34,0.0,0.375,cuda_event,cuda
7,encoder.layer.8.attention.self.value,Linear,0.05357,0.375,150994944.0,590592,0,78,0.05357,counter,"[1, 128, 768]","[1, 128, 768]",1081.34,0.0,0.375,cuda_event,cuda
7,encoder.layer.8.attention.output.dense,Linear,0.05389,0.375,150994944.0,590592,0,79,0.05389,counter,"[1, 128, 768]","[1, 128, 768]",1081.34,0.0,0.375,cuda_event,cuda
7,encoder.layer.8.attention.output.LayerNorm,LayerNorm,0.008,0.375,491520.0,1536,0,80,0.008,analytic,"[1, 128, 768]","[1, 128, 768]",1081.34,0.0,0.375,cuda_event,cuda
7,encoder.layer.8.intermediate.dense,Linear,0.12506,1.5,603979776.0,2362368,0,81,0.12506,counter,"[1, 128, 768]","[1, 128, 3072]",1081.34,0.0,1.5,cuda_event,cuda
7,encoder.layer.8.intermediate.intermediate_act_fn,GELUActivation,0.00675,1.5,0.0,0,0,82,0.00675,none,"[1, 128, 3072]","[1, 128, 3072]",1081.34,0.0,1.5,cuda_event,cuda
7,encoder.layer.8.output.dense,Linear,0.1536,0.375,603979776.0,2360064,0,83,0.1536,counter,"[1, 128, 3072]","[1, 128, 768]",1081.34,0.0,0.375,cuda_event,cuda
7,encoder.layer.8.output.LayerNorm,LayerNorm,0.00787,0.375,491520.0,1536,0,84,0.00787,analytic,"[1, 128, 768]","[1, 128, 768]",1081.34,0.0,0.375,cuda_event,cuda
7,encoder.layer.9.attention.self.query,Linear,0.05382,0.375,150994944.0,590592,0,85,0.05382,counter,"[1, 128, 768]","[1, 128, 768]",1081.34,0.0,0.375,cuda_event,cuda
7,encoder.layer.9.attention.self.key,Linear,0.0535,0.375,150994944.0,590592,0,86,0.0535,counter,"[1, 128, 768]","[1, 128, 768]",1081.34,0.0,0.375,cuda_event,cuda
7,encoder.layer.9.attention.self.value,Linear,0.05325,0.375,150994944.0,590592,0,87,0.05325,counter,"[1, 128, 768]","[1, 128, 768]",1081.34,0.0,0.375,cuda_event,cuda
7,encoder.layer.9.attention.output.dense,Linear,0.0535,0.375,150994944.0,590592,0,88,0.0535,counter,"[1, 128, 768]","[1, 128, 768]",1081.34,0.0,0.375,cuda_event,cuda
7,encoder.layer.9.attention.output.LayerNorm,LayerNorm,0.00787,0.375,491520.0,1536,0,89,0.00787,analytic,"[1, 128, 768]","[1, 128, 768]",1081.34,0.0,0.375,cuda_event,cuda
7,encoder.layer.9.intermediate.dense,Linear,0.12429,1.5,603979776.0,2362368,0,90,0.12429,counter,"[1, 128, 768]","[1, 128, 3072]",1081.34,0.0,1.5,cuda_event,cuda
7,encoder.layer.9.intermediate.intermediate_act_fn,GELUActivation,0.00685,1.5,0.0,0,0,91,0.00685,none,"[1, 128, 3072]","[1, 128, 3072]",1081.34,0.0,1.5,cuda_event,cuda
7,encoder.layer.9.output.dense,Linear,0.15354,0.375,603979776.0,2360064,0,92,0.15354,counter,"[1, 128, 3072]","[1, 128, 768]",1081.34,0.0,0.375,cuda_event,cuda
7,encoder.layer.9.output.LayerNorm,LayerNorm,0.00781,0.375,491520.0,1536,0,93,0.00781,analytic,"[1, 128, 768]","[1, 128, 768]",1081.34,0.0,0.375,cuda_event,cuda
7,encoder.layer.10.attention.self.query,Linear,0.05341,0.375,150994944.0,590592,0,94,0.05341,counter,"[1, 128, 768]","[1, 128, 768]",1081.34,0.0,0.375,cuda_event,cuda
7,encoder.layer.10.attention.self.key,Linear,0.05366,0.375,150994944.0,590592,0,95,0.05366,counter,"[1, 128, 768]","[1, 128, 768]",1081.34,0.0,0.375,cuda_event,cuda
7,encoder.layer.10.attention.self.value,Linear,0.05325,0.375,150994944.0,590592,0,96,0.05325,counter,"[1, 128, 768]","[1, 128, 768]",1081.34,0.0,0.375,cuda_event,cuda
7,encoder.layer.10.attention.output.dense,Linear,0.05338,0.375,150994944.0,590592,0,97,0.05338,counter,"[1, 128, 768]","[1, 128, 768]",1081.34,0.0,0.375,cuda_event,cuda
7,encoder.layer.10.attention.output.LayerNorm,LayerNorm,0.00794,0.375,491520.0,1536,0,98,0.00794,analytic,"[1, 128, 768]","[1, 128, 768]",1081.34,0.0,0.375,cuda_event,cuda
7,encoder.layer.10.intermediate.dense,Linear,0.12326,1.5,603979776.0,2362368,0,99,0.12326,counter,"[1, 128, 768]","[1, 128, 3072]",1081.34,0.0,1.5,cuda_event,cuda
7,encoder.layer.10.intermediate.intermediate_act_fn,GELUActivation,0.00624,1.5,0.0,0,0,100,0.00624,none,"[1, 128, 3072]","[1, 128, 3072]",1081.34,0.0,1.5,cuda_event,cuda
7,encoder.layer.10.output.dense,Linear,0.1536,0.375,603979776.0,2360064,0,101,0.1536,counter,"[1, 128, 3072]","[1, 128, 768]",1081.34,0.0,0.375,cuda_event,cuda
7,encoder.layer.10.output.LayerNorm,LayerNorm,0.00794,0.375,491520.0,1536,0,102,0.00794,analytic,"[1, 128, 768]","[1, 128, 768]",1081.34,0.0,0.375,cuda_event,cuda
7,encoder.layer.11.attention.self.query,Linear,0.05306,0.375,150994944.0,590592,0,103,0.05306,counter,"[1, 128, 768]","[1, 128, 768]",1081.34,0.0,0.375,cuda_event,cuda
7,encoder.layer.11.attention.self.key,Linear,0.05357,0.375,150994944.0,590592,0,104,0.05357,counter,"[1, 128, 768]","[1, 128, 768]",1081.34,0.0,0.375,cuda_event,cuda
7,encoder.layer.11.attention.self.value,Linear,0.05382,0.375,150994944.0,590592,0,105,0.05382,counter,"[1, 128, 768]","[1, 128, 768]",1081.34,0.0,0.375,cuda_event,cuda
7,encoder.layer.11.attention.output.dense,Linear,0.05376,0.375,150994944.0,590592,0,106,0.05376,counter,"[1, 128, 768]","[1, 128, 768]",1081.34,0.0,0.375,cuda_event,cuda
7,encoder.layer.11.attention.output.LayerNorm,LayerNorm,0.00787,0.375,491520.0,1536,0,107,0.00787,analytic,"[1, 128, 768]","[1, 128, 768]",1081.34,0.0,0.375,cuda_event,cuda
7,encoder.layer.11.intermediate.dense,Linear,0.12307,1.5,603979776.0,2362368,0,108,0.12307,counter,"[1, 128, 768]","[1, 128, 3072]",1081.34,0.0,1.5,cuda_event,cuda
7,encoder.layer.11.intermediate.intermediate_act_fn,GELUActivation,0.00666,1.5,0.0,0,0,109,0.00666,none,"[1, 128, 3072]","[1, 128, 3072]",1081.34,0.0,1.5,cuda_event,cuda
7,encoder.layer.11.output.dense,Linear,0.15363,0.375,603979776.0,2360064,0,110,0.15363,counter,"[1, 128, 3072]","[1, 128, 768]",1081.34,0.0,0.375,cuda_event,cuda
7,encoder.layer.11.output.LayerNorm,LayerNorm,0.00806,0.375,491520.0,1536,0,111,0.00806,analytic,"[1, 128, 768]","[1, 128, 768]",1081.34,0.0,0.375,cuda_event,cuda
7,pooler.dense,Linear,0.01434,0.00293,1179648.0,590592,0,112,0.01434,counter,"[1, 768]","[1, 768]",1081.34,0.0,0.003,cuda_event,cuda
7,pooler.activation,Tanh,0.00413,0.00293,3072.0,0,0,113,0.00413,analytic,"[1, 768]","[1, 768]",1081.34,0.0,0.003,cuda_event,cuda
8,embeddings.word_embeddings,Embedding,0.00608,0.375,0.0,23440896,0,0,0.00608,none,"[1, 128]","[1, 128, 768]",1081.34,0.0,0.375,cuda_event,cuda
8,embeddings.token_type_embeddings,Embedding,0.00429,0.375,0.0,1536,0,1,0.00429,none,"[1, 128]","[1, 128, 768]",1081.34,0.0,0.375,cuda_event,cuda
8,embeddings.position_embeddings,Embedding,0.00614,0.375,0.0,393216,0,2,0.00614,none,"[1, 128]","[1, 128, 768]",1081.34,0.0,0.375,cuda_event,cuda
8,embeddings.LayerNorm,LayerNorm,0.00819,0.375,491520.0,1536,0,3,0.00819,analytic,"[1, 128, 768]","[1, 128, 768]",1081.34,0.0,0.375,cuda_event,cuda
8,encoder.layer.0.attention.self.query,Linear,0.05507,0.375,150994944.0,590592,0,4,0.05507,counter,"[1, 128, 768]","[1, 128, 768]",1081.34,0.0,0.375,cuda_event,cuda
8,encoder.layer.0.attention.self.key,Linear,0.0551,0.375,150994944.0,590592,0,5,0.0551,counter,"[1, 128, 768]","[1, 128, 768]",1081.34,0.0,0.375,cuda_event,cuda
8,encoder.layer.0.attention.self.value,Linear,0.05392,0.375,150994944.0,590592,0,6,0.05392,counter,"[1, 128, 768]","[1, 128, 768]",1081.34,0.0,0.375,cuda_event,cuda
8,encoder.layer.0.attention.output.dense,Linear,0.05344,0.375,150994944.0,590592,0,7,0.05344,counter,"[1, 128, 768]","[1, 128, 768]",1081.34,0.0,0.375,cuda_event,cuda
8,encoder.layer.0.attention.output.LayerNorm,LayerNorm,0.0079,0.375,491520.0,1536,0,8,0.0079,analytic,"[1, 128, 768]","[1, 128, 768]",1081.34,0.0,0.375,cuda_event,cuda
8,encoder.layer.0.intermediate.dense,Linear,0.12528,1.5,603979776.0,2362368,0,9,0.12528,counter,"[1, 128, 768]","[1, 128, 3072]",1081.34,0.0,1.5,cuda_event,cuda
8,encoder.layer.0.intermediate.intermediate_act_fn,GELUActivation,0.0079,1.5,0.0,0,0,10,0.0079,none,"[1, 128, 3072]","[1, 128, 3072]",1081.34,0.0,1.5,cuda_event,cuda
8,encoder.layer.0.output.dense,Linear,0.15309,0.375,603979776.0,2360064,0,11,0.15309,counter,"[1, 128, 3072]","[1, 128, 768]",1081.34,0.0,0.375,cuda_event,cuda
8,encoder.layer.0.output.LayerNorm,LayerNorm,0.00701,0.375,491520.0,1536,0,12,0.00701,analytic,"[1, 128, 768]","[1, 128, 768]",1081.34,0.0,0.375,cuda_event,cuda
8,encoder.layer.1.attention.self.query,Linear,0.05325,0.375,150994944.0,590592,0,13,0.05325,counter,"[1, 128, 768]","[1, 128, 768]",1081.34,0.0,0.375,cuda_event,cuda
8,encoder.layer.1.attention.self.key,Linear,0.05472,0.375,150994944.0,590592,0,14,0.05472,counter,"[1, 128, 768]","[1, 128, 768]",1081.34,0.0,0.375,cuda_event,cuda
8,encoder.layer.1.attention.self.value,Linear,0.05395,0.375,150994944.0,590592,0,15,0.05395,counter,"[1, 128, 768]","[1, 128, 768]",1081.34,0.0,0.375,cuda_event,cuda
8,encoder.layer.1.attention.output.dense,Linear,0.0536,0.375,150994944.0,590592,0,16,0.0536,counter,"[1, 128, 768]","[1, 128, 768]",1081.34,0.0,0.375,cuda_event,cuda
8,encoder.layer.1.attention.output.LayerNorm,LayerNorm,0.00685,0.375,491520.0,1536,0,17,0.00685,analytic,"[1, 128, 768]","[1, 128, 768]",1081.34,0.0,0.375,cuda_event,cuda
8,encoder.layer.1.intermediate.dense,Linear,0.12493,1.5,603979776.0,2362368,0,18,0.12493,counter,"[1, 128, 768]","[1, 128, 3072]",1081.34,0.0,1.5,cuda_event,cuda
8,encoder.layer.1.intermediate.intermediate_act_fn,GELUActivation,0.00614,1.5,0.0,0,0,19,0.00614,none,"[1, 128, 3072]","[1, 128, 3072]",1081.34,0.0,1.5,cuda_event,cuda
8,encoder.layer.1.output.dense,Linear,0.1536,0.375,603979776.0,2360064,0,20,0.1536,counter,"[1, 128, 3072]","[1, 128, 768]",1081.34,0.0,0.375,cuda_event,cuda
8,encoder.layer.1.output.LayerNorm,LayerNorm,0.00819,0.375,491520.0,1536,0,21,0.00819,analytic,"[1, 128, 768]","[1, 128, 768]",1081.34,0.0,0.375,cuda_event,cuda
8,encoder.layer.2.attention.self.query,Linear,0.05328,0.375,150994944.0,590592,0,22,0.05328,counter,"[1, 128, 768]","[1, 128, 768]",1081.34,0.0,0.375,cuda_event,cuda
8,encoder.layer.2.attention.self.key,Linear,0.05354,0.375,150994944.0,590592,0,23,0.05354,counter,"[1, 128, 768]","[1, 128, 768]",1081.34,0.0,0.375,cuda_event,cuda
8,encoder.layer.2.attention.self.value,Linear,0.05325,0.375,150994944.0,590592,0,24,0.05325,counter,"[1, 128, 768]","[1, 128, 768]",1081.34,0.0,0.375,cuda_event,cuda
8,encoder.layer.2.attention.output.dense,Linear,0.05325,0.375,150994944.0,590592,0,25,0.05325,counter,"[1, 128, 768]","[1, 128, 768]",1081.34,0.0,0.375,cuda_event,cuda
8,encoder.layer.2.attention.output.LayerNorm,LayerNorm,0.00701,0.375,491520.0,1536,0,26,0.00701,analytic,"[1, 128, 768]","[1, 128, 768]",1081.34,0.0,0.375,cuda_event,cuda
8,encoder.layer.2.intermediate.dense,Linear,0.12474,1.5,603979776.0,2362368,0,27,0.12474,counter,"[1, 128, 768]","[1, 128, 3072]",1081.34,0.0,1.5,cuda_event,cuda
8,encoder.layer.2.intermediate.intermediate_act_fn,GELUActivation,0.00646,1.5,0.0,0,0,28,0.00646,none,"[1, 128, 3072]","[1, 128, 3072]",1081.34,0.0,1.5,cuda_event,cuda
8,encoder.layer.2.output.dense,Linear,0.15293,0.375,603979776.0,2360064,0,29,0.15293,counter,"[1, 128, 3072]","[1, 128, 768]",1081.34,0.0,0.375,cuda_event,cuda
8,encoder.layer.2.output.LayerNorm,LayerNorm,0.00717,0.375,491520.0,1536,0,30,0.00717,analytic,"[1, 128, 768]","[1, 128, 768]",1081.34,0.0,0.375,cuda_event,cuda
8,encoder.layer.3.attention.self.query,Linear,0.05443,0.375,150994944.0,590592,0,31,0.05443,counter,"[1, 128, 768]","[1, 128, 768]",1081.34,0.0,0.375,cuda_event,cuda
8,encoder.layer.3.attention.self.key,Linear,0.05402,0.375,150994944.0,590592,0,32,0.05402,counter,"[1, 128, 768]","[1, 128, 768]",1081.34,0.0,0.375,cuda_event,cuda
8,encoder.layer.3.attention.self.value,Linear,0.0535,0.375,150994944.0,590592,0,33,0.0535,counter,"[1, 128, 768]","[1, 128, 768]",1081.34,0.0,0.375,cuda_event,cuda
8,encoder.layer.3.attention.output.dense,Linear,0.05456,0.375,150994944.0,590592,0,34,0.05456,counter,"[1, 128, 768]","[1, 128, 768]",1081.34,0.0,0.375,cuda_event,cuda
8,encoder.layer.3.attention.output.LayerNorm,LayerNorm,0.00819,0.375,491520.0,1536,0,35,0.00819,analytic,"[1, 128, 768]","[1, 128, 768]",1081.34,0.0,0.375,cuda_event,cuda
8,encoder.layer.3.intermediate.dense,Linear,0.12614,1.5,603979776.0,2362368,0,36,0.12614,counter,"[1, 128, 768]","[1, 128, 3072]",1081.34,0.0,1.5,cuda_event,cuda
8,encoder.layer.3.intermediate.intermediate_act_fn,GELUActivation,0.00691,1.5,0.0,0,0,37,0.00691,none,"[1, 128, 3072]","[1, 128, 3072]",1081.34,0.0,1.5,cuda_event,cuda
8,encoder.layer.3.output.dense,Linear,0.15546,0.375,603979776.0,2360064,0,38,0.15546,counter,"[1, 128, 3072]","[1, 128, 768]",1081.34,0.0,0.375,cuda_event,cuda
8,encoder.layer.3.output.LayerNorm,LayerNorm,0.0071,0.375,491520.0,1536,0,39,0.0071,analytic,"[1, 128, 768]","[1, 128, 768]",1081.34,0.0,0.375,cuda_event,cuda
8,encoder.layer.4.attention.self.query,Linear,0.05443,0.375,150994944.0,590592,0,40,0.05443,counter,"[1, 128, 768]","[1, 128, 768]",1081.34,0.0,0.375,cuda_event,cuda
8,encoder.layer.4.attention.self.key,Linear,0.05222,0.375,150994944.0,590592,0,41,0.05222,counter,"[1, 128, 768]","[1, 128, 768]",1081.34,0.0,0.375,cuda_event,cuda
8,encoder.layer.4.attention.self.value,Linear,0.05443,0.375,150994944.0,590592,0,42,0.05443,counter,"[1, 128, 768]","[1, 128, 768]",1081.34,0.0,0.375,cuda_event,cuda
8,encoder.layer.4.attention.output.dense,Linear,0.05325,0.375,150994944.0,590592,0,43,0.05325,counter,"[1, 128, 768]","[1, 128, 768]",1081.34,0.0,0.375,cuda_event,cuda
8,encoder.layer.4.attention.output.LayerNorm,LayerNorm,0.00819,0.375,491520.0,1536,0,44,0.00819,analytic,"[1, 128, 768]","[1, 128, 768]",1081.34,0.0,0.375,cuda_event,cuda
8,encoder.layer.4.intermediate.dense,Linear,0.12422,1.5,603979776.0,2362368,0,45,0.12422,counter,"[1, 128, 768]","[1, 128, 3072]",1081.34,0.0,1.5,cuda_event,cuda
8,encoder.layer.4.intermediate.intermediate_act_fn,GELUActivation,0.00694,1.5,0.0,0,0,46,0.00694,none,"[1, 128, 3072]","[1, 128, 3072]",1081.34,0.0,1.5,cuda_event,cuda
8,encoder.layer.4.output.dense,Linear,0.15178,0.375,603979776.0,2360064,0,47,0.15178,counter,"[1, 128, 3072]","[1, 128, 768]",1081.34,0.0,0.375,cuda_event,cuda
8,encoder.layer.4.output.LayerNorm,LayerNorm,0.00806,0.375,491520.0,1536,0,48,0.00806,analytic,"[1, 128, 768]","[1, 128, 768]",1081.34,0.0,0.375,cuda_event,cuda
8,encoder.layer.5.attention.self.query,Linear,0.05338,0.375,150994944.0,590592,0,49,0.05338,counter,"[1, 128, 768]","[1, 128, 768]",1081.34,0.0,0.375,cuda_event,cuda
8,encoder.layer.5.attention.self.key,Linear,0.0535,0.375,150994944.0,590592,0,50,0.0535,counter,"[1, 128, 768]","[1, 128, 768]",1081.34,0.0,0.375,cuda_event,cuda
8,encoder.layer.5.attention.self.value,Linear,0.05325,0.375,150994944.0,590592,0,51,0.05325,counter,"[1, 128, 768]","[1, 128, 768]",1081.34,0.0,0.375,cuda_event,cuda
8,encoder.layer.5.attention.output.dense,Linear,0.05443,0.375,150994944.0,590592,0,52,0.05443,counter,"[1, 128, 768]","[1, 128, 768]",1081.34,0.0,0.375,cuda_event,cuda
8,encoder.layer.5.attention.output.LayerNorm,LayerNorm,0.00819,0.375,491520.0,1536,0,53,0.00819,analytic,"[1, 128, 768]","[1, 128, 768]",1081.34,0.0,0.375,cuda_event,cuda
8,encoder.layer.5.intermediate.dense,Linear,0.1247,1.5,603979776.0,2362368,0,54,0.1247,counter,"[1, 128, 768]","[1, 128, 3072]",1081.34,0.0,1.5,cuda_event,cuda
8,encoder.layer.5.intermediate.intermediate_act_fn,GELUActivation,0.00653,1.5,0.0,0,0,55,0.00653,none,"[1, 128, 3072]","[1, 128, 3072]",1081.34,0.0,1.5,cuda_event,cuda
8,encoder.layer.5.output.dense,Linear,0.15462,0.375,603979776.0,2360064,0,56,0.15462,counter,"[1, 128, 3072]","[1, 128, 768]",1081.34,0.0,0.375,cuda_event,cuda
8,encoder.layer.5.output.LayerNorm,LayerNorm,0.00819,0.375,491520.0,1536,0,57,0.00819,analytic,"[1, 128, 768]","[1, 128, 768]",1081.34,0.0,0.375,cuda_event,cuda
8,encoder.layer.6.attention.self.query,Linear,0.05453,0.375,150994944.0,590592,0,58,0.05453,counter,"[1, 128, 768]","[1, 128, 768]",1081.34,0.0,0.375,cuda_event,cuda
8,encoder.layer.6.attention.self.key,Linear,0.05389,0.375,150994944.0,590592,0,59,0.05389,counter,"[1, 128, 768]","[1, 128, 768]",1081.34,0.0,0.375,cuda_event,cuda
8,encoder.layer.6.attention.self.value,Linear,0.05443,0.375,150994944.0,590592,0,60,0.05443,counter,"[1, 128, 768]","[1, 128, 768]",1081.34,0.0,0.375,cuda_event,cuda
8,encoder.layer.6.attention.output.dense,Linear,0.0553,0.375,150994944.0,590592,0,61,0.0553,counter,"[1, 128, 768]","[1, 128, 768]",1081.34,0.0,0.375,cuda_event,cuda
8,encoder.layer.6.attention.output.LayerNorm,LayerNorm,0.00765,0.375,491520.0,1536,0,62,0.00765,analytic,"[1, 128, 768]","[1, 128, 768]",1081.34,0.0,0.375,cuda_event,cuda
8,encoder.layer.6.intermediate.dense,Linear,0.1265,1.5,603979776.0,2362368,0,63,0.1265,counter,"[1, 128, 768]","[1, 128, 3072]",1081.34,0.0,1.5,cuda_event,cuda
8,encoder.layer.6.intermediate.intermediate_act_fn,GELUActivation,0.00678,1.5,0.0,0,0,64,0.00678,none,"[1, 128, 3072]","[1, 128, 3072]",1081.34,0.0,1.5,cuda_event,cuda
8,encoder.layer.6.output.dense,Linear,0.15565,0.375,603979776.0,2360064,0,65,0.15565,counter,"[1, 128, 3072]","[1, 128, 768]",1081.34,0.0,0.375,cuda_event,cuda
8,encoder.layer.6.output.LayerNorm,LayerNorm,0.00816,0.375,491520.0,1536,0,66,0.00816,analytic,"[1, 128, 768]","[1, 128, 768]",1081.34,0.0,0.375,cuda_event,cuda
8,encoder.layer.7.attention.self.query,Linear,0.0535,0.375,150994944.0,590592,0,67,0.0535,counter,"[1, 128, 768]","[1, 128, 768]",1081.34,0.0,0.375,cuda_event,cuda
8,encoder.layer.7.attention.self.key,Linear,0.05478,0.375,150994944.0,590592,0,68,0.05478,counter,"[1, 128, 768]","[1, 128, 768]",1081.34,0.0,0.375,cuda_event,cuda
8,encoder.layer.7.attention.self.value,Linear,0.05392,0.375,150994944.0,590592,0,69,0.05392,counter,"[1, 128, 768]","[1, 128, 768]",1081.34,0.0,0.375,cuda_event,cuda
8,encoder.layer.7.attention.output.dense,Linear,0.05523,0.375,150994944.0,590592,0,70,0.05523,counter,"[1, 128, 768]","[1, 128, 768]",1081.34,0.0,0.375,cuda_event,cuda
8,encoder.layer.7.attention.output.LayerNorm,LayerNorm,0.00797,0.375,491520.0,1536,0,71,0.00797,analytic,"[1, 128, 768]","[1, 128, 768]",1081.34,0.0,0.375,cuda_event,cuda
8,encoder.layer.7.intermediate.dense,Linear,0.12314,1.5,603979776.0,2362368,0,72,0.12314,counter,"[1, 128, 768]","[1, 128, 3072]",1081.34,0.0,1.5,cuda_event,cuda
8,encoder.layer.7.intermediate.intermediate_act_fn,GELUActivation,0.0064,1.5,0.0,0,0,73,0.0064,none,"[1, 128, 3072]","[1, 128, 3072]",1081.34,0.0,1.5,cuda_event,cuda
8,encoder.layer.7.output.dense,Linear,0.15565,0.375,603979776.0,2360064,0,74,0.15565,counter,"[1, 128, 3072]","[1, 128, 768]",1081.34,0.0,0.375,cuda_event,cuda
8,encoder.layer.7.output.LayerNorm,LayerNorm,0.00806,0.375,491520.0,1536,0,75,0.00806,analytic,"[1, 128, 768]","[1, 128, 768]",1081.34,0.0,0.375,cuda_event,cuda
8,encoder.layer.8.attention.self.query,Linear,0.05331,0.375,150994944.0,590592,0,76,0.05331,counter,"[1, 128, 768]","[1, 128, 768]",1081.34,0.0,0.375,cuda_event,cuda
8,encoder.layer.8.attention.self.key,Linear,0.05363,0.375,150994944.0,590592,0,77,0.05363,counter,"[1, 128, 768]","[1, 128, 768]",1081.34,0.0,0.375,cuda_event,cuda
8,encoder.layer.8.attention.self.value,Linear,0.0553,0.375,150994944.0,590592,0,78,0.0553,counter,"[1, 128, 768]","[1, 128, 768]",1081.34,0.0,0.375,cuda_event,cuda
8,encoder.layer.8.attention.output.dense,Linear,0.05456,0.375,150994944.0,590592,0,79,0.05456,counter,"[1, 128, 768]","[1, 128, 768]",1081.34,0.0,0.375,cuda_event,cuda
8,encoder.layer.8.attention.output.LayerNorm,LayerNorm,0.00819,0.375,491520.0,1536,0,80,0.00819,analytic,"[1, 128, 768]","[1, 128, 768]",1081.34,0.0,0.375,cuda_event,cuda
8,encoder.layer.8.intermediate.dense,Linear,0.12288,1.5,603979776.0,2362368,0,81,0.12288,counter,"[1, 128, 768]","[1, 128, 3072]",1081.34,0.0,1.5,cuda_event,cuda
8,encoder.layer.8.intermediate.intermediate_act_fn,GELUActivation,0.00614,1.5,0.0,0,0,82,0.00614,none,"[1, 128, 3072]","[1, 128, 3072]",1081.34,0.0,1.5,cuda_event,cuda
8,encoder.layer.8.output.dense,Linear,0.1536,0.375,603979776.0,2360064,0,83,0.1536,counter,"[1, 128, 3072]","[1, 128, 768]",1081.34,0.0,0.375,cuda_event,cuda
8,encoder.layer.8.output.LayerNorm,LayerNorm,0.0079,0.375,491520.0,1536,0,84,0.0079,analytic,"[1, 128, 768]","[1, 128, 768]",1081.34,0.0,0.375,cuda_event,cuda
8,encoder.layer.9.attention.self.query,Linear,0.05338,0.375,150994944.0,590592,0,85,0.05338,counter,"[1, 128, 768]","[1, 128, 768]",1081.34,0.0,0.375,cuda_event,cuda
8,encoder.layer.9.attention.self.key,Linear,0.05344,0.375,150994944.0,590592,0,86,0.05344,counter,"[1, 128, 768]","[1, 128, 768]",1081.34,0.0,0.375,cuda_event,cuda
8,encoder.layer.9.attention.self.value,Linear,0.05347,0.375,150994944.0,590592,0,87,0.05347,counter,"[1, 128, 768]","[1, 128, 768]",1081.34,0.0,0.375,cuda_event,cuda
8,encoder.layer.9.attention.output.dense,Linear,0.05427,0.375,150994944.0,590592,0,88,0.05427,counter,"[1, 128, 768]","[1, 128, 768]",1081.34,0.0,0.375,cuda_event,cuda
8,encoder.layer.9.attention.output.LayerNorm,LayerNorm,0.00765,0.375,491520.0,1536,0,89,0.00765,analytic,"[1, 128, 768]","[1, 128, 768]",1081.34,0.0,0.375,cuda_event,cuda
8,encoder.layer.9.intermediate.dense,Linear,0.12371,1.5,603979776.0,2362368,0,90,0.12371,counter,"[1, 128, 768]","[1, 128, 3072]",1081.34,0.0,1.5,cuda_event,cuda
8,encoder.layer.9.intermediate.intermediate_act_fn,GELUActivation,0.00736,1.5,0.0,0,0,91,0.00736,none,"[1, 128, 3072]","[1, 128, 3072]",1081.34,0.0,1.5,cuda_event,cuda
8,encoder.layer.9.output.dense,Linear,0.15616,0.375,603979776.0,2360064,0,92,0.15616,counter,"[1, 128, 3072]","[1, 128, 768]",1081.34,0.0,0.375,cuda_event,cuda
8,encoder.layer.9.output.LayerNorm,LayerNorm,0.00819,0.375,491520.0,1536,0,93,0.00819,analytic,"[1, 128, 768]","[1, 128, 768]",1081.34,0.0,0.375,cuda_event,cuda
8,encoder.layer.10.attention.self.query,Linear,0.05325,0.375,150994944.0,590592,0,94,0.05325,counter,"[1, 128, 768]","[1, 128, 768]",1081.34,0.0,0.375,cuda_event,cuda
8,encoder.layer.10.attention.self.key,Linear,0.05434,0.375,150994944.0,590592,0,95,0.05434,counter,"[1, 128, 768]","[1, 128, 768]",1081.34,0.0,0.375,cuda_event,cuda
8,encoder.layer.10.attention.self.value,Linear,0.05453,0.375,150994944.0,590592,0,96,0.05453,counter,"[1, 128, 768]","[1, 128, 768]",1081.34,0.0,0.375,cuda_event,cuda
8,encoder.layer.10.attention.output.dense,Linear,0.0545,0.375,150994944.0,590592,0,97,0.0545,counter,"[1, 128, 768]","[1, 128, 768]",1081.34,0.0,0.375,cuda_event,cuda
8,encoder.layer.10.attention.output.LayerNorm,LayerNorm,0.00819,0.375,491520.0,1536,0,98,0.00819,analytic,"[1, 128, 768]","[1, 128, 768]",1081.34,0.0,0.375,cuda_event,cuda
8,encoder.layer.10.intermediate.dense,Linear,0.12493,1.5,603979776.0,2362368,0,99,0.12493,counter,"[1, 128, 768]","[1, 128, 3072]",1081.34,0.0,1.5,cuda_event,cuda
8,encoder.layer.10.intermediate.intermediate_act_fn,GELUActivation,0.00614,1.5,0.0,0,0,100,0.00614,none,"[1, 128, 3072]","[1, 128, 3072]",1081.34,0.0,1.5,cuda_event,cuda
8,encoder.layer.10.output.dense,Linear,0.15523,0.375,603979776.0,2360064,0,101,0.15523,counter,"[1, 128, 3072]","[1, 128, 768]",1081.34,0.0,0.375,cuda_event,cuda
8,encoder.layer.10.output.LayerNorm,LayerNorm,0.00819,0.375,491520.0,1536,0,102,0.00819,analytic,"[1, 128, 768]","[1, 128, 768]",1081.34,0.0,0.375,cuda_event,cuda
8,encoder.layer.11.attention.self.query,Linear,0.05427,0.375,150994944.0,590592,0,103,0.05427,counter,"[1, 128, 768]","[1, 128, 768]",1081.34,0.0,0.375,cuda_event,cuda
8,encoder.layer.11.attention.self.key,Linear,0.0543,0.375,150994944.0,590592,0,104,0.0543,counter,"[1, 128, 768]","[1, 128, 768]",1081.34,0.0,0.375,cuda_event,cuda
8,encoder.layer.11.attention.self.value,Linear,0.05437,0.375,150994944.0,590592,0,105,0.05437,counter,"[1, 128, 768]","[1, 128, 768]",1081.34,0.0,0.375,cuda_event,cuda
8,encoder.layer.11.attention.output.dense,Linear,0.05437,0.375,150994944.0,590592,0,106,0.05437,counter,"[1, 128, 768]","[1, 128, 768]",1081.34,0.0,0.375,cuda_event,cuda
8,encoder.layer.11.attention.output.LayerNorm,LayerNorm,0.00819,0.375,491520.0,1536,0,107,0.00819,analytic,"[1, 128, 768]","[1, 128, 768]",1081.34,0.0,0.375,cuda_event,cuda
8,encoder.layer.11.intermediate.dense,Linear,0.12493,1.5,603979776.0,2362368,0,108,0.12493,counter,"[1, 128, 768]","[1, 128, 3072]",1081.34,0.0,1.5,cuda_event,cuda
8,encoder.layer.11.intermediate.intermediate_act_fn,GELUActivation,0.00618,1.5,0.0,0,0,109,0.00618,none,"[1, 128, 3072]","[1, 128, 3072]",1081.34,0.0,1.5,cuda_event,cuda
8,encoder.layer.11.output.dense,Linear,0.1527,0.375,603979776.0,2360064,0,110,0.1527,counter,"[1, 128, 3072]","[1, 128, 768]",1081.34,0.0,0.375,cuda_event,cuda
8,encoder.layer.11.output.LayerNorm,LayerNorm,0.00819,0.375,491520.0,1536,0,111,0.00819,analytic,"[1, 128, 768]","[1, 128, 768]",1081.34,0.0,0.375,cuda_event,cuda
8,pooler.dense,Linear,0.01395,0.00293,1179648.0,590592,0,112,0.01395,counter,"[1, 768]","[1, 768]",1081.34,0.0,0.003,cuda_event,cuda
8,pooler.activation,Tanh,0.00432,0.00293,3072.0,0,0,113,0.00432,analytic,"[1, 768]","[1, 768]",1081.34,0.0,0.003,cuda_event,cuda
9,embeddings.word_embeddings,Embedding,0.00589,0.375,0.0,23440896,0,0,0.00589,none,"[1, 128]","[1, 128, 768]",1081.34,0.0,0.375,cuda_event,cuda
9,embeddings.token_type_embeddings,Embedding,0.00451,0.375,0.0,1536,0,1,0.00451,none,"[1, 128]","[1, 128, 768]",1081.34,0.0,0.375,cuda_event,cuda
9,embeddings.position_embeddings,Embedding,0.00614,0.375,0.0,393216,0,2,0.00614,none,"[1, 128]","[1, 128, 768]",1081.34,0.0,0.375,cuda_event,cuda
9,embeddings.LayerNorm,LayerNorm,0.00755,0.375,491520.0,1536,0,3,0.00755,analytic,"[1, 128, 768]","[1, 128, 768]",1081.34,0.0,0.375,cuda_event,cuda
9,encoder.layer.0.attention.self.query,Linear,0.05414,0.375,150994944.0,590592,0,4,0.05414,counter,"[1, 128, 768]","[1, 128, 768]",1081.34,0.0,0.375,cuda_event,cuda
9,encoder.layer.0.attention.self.key,Linear,0.05325,0.375,150994944.0,590592,0,5,0.05325,counter,"[1, 128, 768]","[1, 128, 768]",1081.34,0.0,0.375,cuda_event,cuda
9,encoder.layer.0.attention.self.value,Linear,0.05462,0.375,150994944.0,590592,0,6,0.05462,counter,"[1, 128, 768]","[1, 128, 768]",1081.34,0.0,0.375,cuda_event,cuda
9,encoder.layer.0.attention.output.dense,Linear,0.0553,0.375,150994944.0,590592,0,7,0.0553,counter,"[1, 128, 768]","[1, 128, 768]",1081.34,0.0,0.375,cuda_event,cuda
9,encoder.layer.0.attention.output.LayerNorm,LayerNorm,0.00797,0.375,491520.0,1536,0,8,0.00797,analytic,"[1, 128, 768]","[1, 128, 768]",1081.34,0.0,0.375,cuda_event,cuda
9,encoder.layer.0.intermediate.dense,Linear,0.12326,1.5,603979776.0,2362368,0,9,0.12326,counter,"[1, 128, 768]","[1, 128, 3072]",1081.34,0.0,1.5,cuda_event,cuda
9,encoder.layer.0.intermediate.intermediate_act_fn,GELUActivation,0.00784,1.5,0.0,0,0,10,0.00784,none,"[1, 128, 3072]","[1, 128, 3072]",1081.34,0.0,1.5,cuda_event,cuda
9,encoder.layer.0.output.dense,Linear,0.15418,0.375,603979776.0,2360064,0,11,0.15418,counter,"[1, 128, 3072]","[1, 128, 768]",1081.34,0.0,0.375,cuda_event,cuda
9,encoder.layer.0.output.LayerNorm,LayerNorm,0.00819,0.375,491520.0,1536,0,12,0.00819,analytic,"[1, 128, 768]","[1, 128, 768]",1081.34,0.0,0.375,cuda_event,cuda
9,encoder.layer.1.attention.self.query,Linear,0.05325,0.375,150994944.0,590592,0,13,0.05325,counter,"[1, 128, 768]","[1, 128, 768]",1081.34,0.0,0.375,cuda_event,cuda
9,encoder.layer.1.attention.self.key,Linear,0.0545,0.375,150994944.0,590592,0,14,0.0545,counter,"[1, 128, 768]","[1, 128, 768]",1081.34,0.0,0.375,cuda_event,cuda
9,encoder.layer.1.attention.self.value,Linear,0.05418,0.375,150994944.0,590592,0,15,0.05418,counter,"[1, 128, 768]","[1, 128, 768]",1081.34,0.0,0.375,cuda_event,cuda
9,encoder.layer.1.attention.output.dense,Linear,0.05328,0.375,150994944.0,590592,0,16,0.05328,counter,"[1, 128, 768]","[1, 128, 768]",1081.34,0.0,0.375,cuda_event,cuda
9,encoder.layer.1.attention.output.LayerNorm,LayerNorm,0.00819,0.375,491520.0,1536,0,17,0.00819,analytic,"[1, 128, 768]","[1, 128, 768]",1081.34,0.0,0.375,cuda_event,cuda
9,encoder.layer.1.intermediate.dense,Linear,0.12435,1.5,603979776.0,2362368,0,18,0.12435,counter,"[1, 128, 768]","[1, 128, 3072]",1081.34,0.0,1.5,cuda_event,cuda
9,encoder.layer.1.intermediate.intermediate_act_fn,GELUActivation,0.00678,1.5,0.0,0,0,19,0.00678,none,"[1, 128, 3072]","[1, 128, 3072]",1081.34,0.0,1.5,cuda_event,cuda
9,encoder.layer.1.output.dense,Linear,0.15386,0.375,603979776.0,2360064,0,20,0.15386,counter,"[1, 128, 3072]","[1, 128, 768]",1081.34,0.0,0.375,cuda_event,cuda
9,encoder.layer.1.output.LayerNorm,LayerNorm,0.00819,0.375,491520.0,1536,0,21,0.00819,analytic,"[1, 128, 768]","[1, 128, 768]",1081.34,0.0,0.375,cuda_event,cuda
9,encoder.layer.2.attention.self.query,Linear,0.05312,0.375,150994944.0,590592,0,22,0.05312,counter,"[1, 128, 768]","[1, 128, 768]",1081.34,0.0,0.375,cuda_event,cuda
9,encoder.layer.2.attention.self.key,Linear,0.05341,0.375,150994944.0,590592,0,23,0.05341,counter,"[1, 128, 768]","[1, 128, 768]",1081.34,0.0,0.375,cuda_event,cuda
9,encoder.layer.2.attention.self.value,Linear,0.05344,0.375,150994944.0,590592,0,24,0.05344,counter,"[1, 128, 768]","[1, 128, 768]",1081.34,0.0,0.375,cuda_event,cuda
9,encoder.layer.2.attention.output.dense,Linear,0.05504,0.375,150994944.0,590592,0,25,0.05504,counter,"[1, 128, 768]","[1, 128, 768]",1081.34,0.0,0.375,cuda_event,cuda
9,encoder.layer.2.attention.output.LayerNorm,LayerNorm,0.00813,0.375,491520.0,1536,0,26,0.00813,analytic,"[1, 128, 768]","[1, 128, 768]",1081.34,0.0,0.375,cuda_event,cuda
9,encoder.layer.2.intermediate.dense,Linear,0.12624,1.5,603979776.0,2362368,0,27,0.12624,counter,"[1, 128, 768]","[1, 128, 3072]",1081.34,0.0,1.5,cuda_event,cuda
9,encoder.layer.2.intermediate.intermediate_act_fn,GELUActivation,0.00666,1.5,0.0,0,0,28,0.00666,none,"[1, 128, 3072]","[1, 128, 3072]",1081.34,0.0,1.5,cuda_event,cuda
9,encoder.layer.2.output.dense,Linear,0.15002,0.375,603979776.0,2360064,0,29,0.15002,counter,"[1, 128, 3072]","[1, 128, 768]",1081.34,0.0,0.375,cuda_event,cuda
9,encoder.layer.2.output.LayerNorm,LayerNorm,0.00819,0.375,491520.0,1536,0,30,0.00819,analytic,"[1, 128, 768]","[1, 128, 768]",1081.34,0.0,0.375,cuda_event,cuda
9,encoder.layer.3.attention.self.query,Linear,0.0529,0.375,150994944.0,590592,0,31,0.0529,counter,"[1, 128, 768]","[1, 128, 768]",1081.34,0.0,0.375,cuda_event,cuda
9,encoder.layer.3.attention.self.key,Linear,0.05373,0.375,150994944.0,590592,0,32,0.05373,counter,"[1, 128, 768]","[1, 128, 768]",1081.34,0.0,0.375,cuda_event,cuda
9,encoder.layer.3.attention.self.value,Linear,0.05338,0.375,150994944.0,590592,0,33,0.05338,counter,"[1, 128, 768]","[1, 128, 768]",1081.34,0.0,0.375,cuda_event,cuda
9,encoder.layer.3.attention.output.dense,Linear,0.05325,0.375,150994944.0,590592,0,34,0.05325,counter,"[1, 128, 768]","[1, 128, 768]",1081.34,0.0,0.375,cuda_event,cuda
9,encoder.layer.3.attention.output.LayerNorm,LayerNorm,0.00774,0.375,491520.0,1536,0,35,0.00774,analytic,"[1, 128, 768]","[1, 128, 768]",1081.34,0.0,0.375,cuda_event,cuda
9,encoder.layer.3.intermediate.dense,Linear,0.12579,1.5,603979776.0,2362368,0,36,0.12579,counter,"[1, 128, 768]","[1, 128, 3072]",1081.34,0.0,1.5,cuda_event,cuda
9,encoder.layer.3.intermediate.intermediate_act_fn,GELUActivation,0.00614,1.5,0.0,0,0,37,0.00614,none,"[1, 128, 3072]","[1, 128, 3072]",1081.34,0.0,1.5,cuda_event,cuda
9,encoder.layer.3.output.dense,Linear,0.1568,0.375,603979776.0,2360064,0,38,0.1568,counter,"[1, 128, 3072]","[1, 128, 768]",1081.34,0.0,0.375,cuda_event,cuda
9,encoder.layer.3.output.LayerNorm,LayerNorm,0.00813,0.375,491520.0,1536,0,39,0.00813,analytic,"[1, 128, 768]","[1, 128, 768]",1081.34,0.0,0.375,cuda_event,cuda
9,encoder.layer.4.attention.self.query,Linear,0.05325,0.375,150994944.0,590592,0,40,0.05325,counter,"[1, 128, 768]","[1, 128, 768]",1081.34,0.0,0.375,cuda_event,cuda
9,encoder.layer.4.attention.self.key,Linear,0.05469,0.375,150994944.0,590592,0,41,0.05469,counter,"[1, 128, 768]","[1, 128, 768]",1081.34,0.0,0.375,cuda_event,cuda
9,encoder.layer.4.attention.self.value,Linear,0.05398,0.375,150994944.0,590592,0,42,0.05398,counter,"[1, 128, 768]","[1, 128, 768]",1081.34,0.0,0.375,cuda_event,cuda
9,encoder.layer.4.attention.output.dense,Linear,0.05382,0.375,150994944.0,590592,0,43,0.05382,counter,"[1, 128, 768]","[1, 128, 768]",1081.34,0.0,0.375,cuda_event,cuda
9,encoder.layer.4.attention.output.LayerNorm,LayerNorm,0.0081,0.375,491520.0,1536,0,44,0.0081,analytic,"[1, 128, 768]","[1, 128, 768]",1081.34,0.0,0.375,cuda_event,cuda
9,encoder.layer.4.intermediate.dense,Linear,0.12298,1.5,603979776.0,2362368,0,45,0.12298,counter,"[1, 128, 768]","[1, 128, 3072]",1081.34,0.0,1.5,cuda_event,cuda
9,encoder.layer.4.intermediate.intermediate_act_fn,GELUActivation,0.00694,1.5,0.0,0,0,46,0.00694,none,"[1, 128, 3072]","[1, 128, 3072]",1081.34,0.0,1.5,cuda_event,cuda
9,encoder.layer.4.output.dense,Linear,0.15155,0.375,603979776.0,2360064,0,47,0.15155,counter,"[1, 128, 3072]","[1, 128, 768]",1081.34,0.0,0.375,cuda_event,cuda
9,encoder.layer.4.output.LayerNorm,LayerNorm,0.00794,0.375,491520.0,1536,0,48,0.00794,analytic,"[1, 128, 768]","[1, 128, 768]",1081.34,0.0,0.375,cuda_event,cuda
9,encoder.layer.5.attention.self.query,Linear,0.05274,0.375,150994944.0,590592,0,49,0.05274,counter,"[1, 128, 768]","[1, 128, 768]",1081.34,0.0,0.375,cuda_event,cuda
9,encoder.layer.5.attention.self.key,Linear,0.05453,0.375,150994944.0,590592,0,50,0.05453,counter,"[1, 128, 768]","[1, 128, 768]",1081.34,0.0,0.375,cuda_event,cuda
9,encoder.layer.5.attention.self.value,Linear,0.05418,0.375,150994944.0,590592,0,51,0.05418,counter,"[1, 128, 768]","[1, 128, 768]",1081.34,0.0,0.375,cuda_event,cuda
9,encoder.layer.5.attention.output.dense,Linear,0.0529,0.375,150994944.0,590592,0,52,0.0529,counter,"[1, 128, 768]","[1, 128, 768]",1081.34,0.0,0.375,cuda_event,cuda
9,encoder.layer.5.attention.output.LayerNorm,LayerNorm,0.00819,0.375,491520.0,1536,0,53,0.00819,analytic,"[1, 128, 768]","[1, 128, 768]",1081.34,0.0,0.375,cuda_event,cuda
9,encoder.layer.5.intermediate.dense,Linear,0.12493,1.5,603979776.0,2362368,0,54,0.12493,counter,"[1, 128, 768]","[1, 128, 3072]",1081.34,0.0,1.5,cuda_event,cuda
9,encoder.layer.5.intermediate.intermediate_act_fn,GELUActivation,0.00614,1.5,0.0,0,0,55,0.00614,none,"[1, 128, 3072]","[1, 128, 3072]",1081.34,0.0,1.5,cuda_event,cuda
9,encoder.layer.5.output.dense,Linear,0.1551,0.375,603979776.0,2360064,0,56,0.1551,counter,"[1, 128, 3072]","[1, 128, 768]",1081.34,0.0,0.375,cuda_event,cuda
9,encoder.layer.5.output.LayerNorm,LayerNorm,0.00701,0.375,491520.0,1536,0,57,0.00701,analytic,"[1, 128, 768]","[1, 128, 768]",1081.34,0.0,0.375,cuda_event,cuda
9,encoder.layer.6.attention.self.query,Linear,0.05309,0.375,150994944.0,590592,0,58,0.05309,counter,"[1, 128, 768]","[1, 128, 768]",1081.34,0.0,0.375,cuda_event,cuda
9,encoder.layer.6.attention.self.key,Linear,0.05354,0.375,150994944.0,590592,0,59,0.05354,counter,"[1, 128, 768]","[1, 128, 768]",1081.34,0.0,0.375,cuda_event,cuda
9,encoder.layer.6.attention.self.value,Linear,0.05325,0.375,150994944.0,590592,0,60,0.05325,counter,"[1, 128, 768]","[1, 128, 768]",1081.34,0.0,0.375,cuda_event,cuda
9,encoder.layer.6.attention.output.dense,Linear,0.0536,0.375,150994944.0,590592,0,61,0.0536,counter,"[1, 128, 768]","[1, 128, 768]",1081.34,0.0,0.375,cuda_event,cuda
9,encoder.layer.6.attention.output.LayerNorm,LayerNorm,0.00675,0.375,491520.0,1536,0,62,0.00675,analytic,"[1, 128, 768]","[1, 128, 768]",1081.34,0.0,0.375,cuda_event,cuda
9,encoder.layer.6.intermediate.dense,Linear,0.12685,1.5,603979776.0,2362368,0,63,0.12685,counter,"[1, 128, 768]","[1, 128, 3072]",1081.34,0.0,1.5,cuda_event,cuda
9,encoder.layer.6.intermediate.intermediate_act_fn,GELUActivation,0.00643,1.5,0.0,0,0,64,0.00643,none,"[1, 128, 3072]","[1, 128, 3072]",1081.34,0.0,1.5,cuda_event,cuda
9,encoder.layer.6.output.dense,Linear,0.15536,0.375,603979776.0,2360064,0,65,0.15536,counter,"[1, 128, 3072]","[1, 128, 768]",1081.34,0.0,0.375,cuda_event,cuda
9,encoder.layer.6.output.LayerNorm,LayerNorm,0.00816,0.375,491520.0,1536,0,66,0.00816,analytic,"[1, 128, 768]","[1, 128, 768]",1081.34,0.0,0.375,cuda_event,cuda
9,encoder.layer.7.attention.self.query,Linear,0.05328,0.375,150994944.0,590592,0,67,0.05328,counter,"[1, 128, 768]","[1, 128, 768]",1081.34,0.0,0.375,cuda_event,cuda
9,encoder.layer.7.attention.self.key,Linear,0.05418,0.375,150994944.0,590592,0,68,0.05418,counter,"[1, 128, 768]","[1, 128, 768]",1081.34,0.0,0.375,cuda_event,cuda
9,encoder.layer.7.attention.self.value,Linear,0.0544,0.375,150994944.0,590592,0,69,0.0544,counter,"[1, 128, 768]","[1, 128, 768]",1081.34,0.0,0.375,cuda_event,cuda
9,encoder.layer.7.attention.output.dense,Linear,0.05331,0.375,150994944.0,590592,0,70,0.05331,counter,"[1, 128, 768]","[1, 128, 768]",1081.34,0.0,0.375,cuda_event,cuda
9,encoder.layer.7.attention.output.LayerNorm,LayerNorm,0.00806,0.375,491520.0,1536,0,71,0.00806,analytic,"[1, 128, 768]","[1, 128, 768]",1081.34,0.0,0.375,cuda_event,cuda
9,encoder.layer.7.intermediate.dense,Linear,0.12333,1.5,603979776.0,2362368,0,72,0.12333,counter,"[1, 128, 768]","[1, 128, 3072]",1081.34,0.0,1.5,cuda_event,cuda
9,encoder.layer.7.intermediate.intermediate_act_fn,GELUActivation,0.00618,1.5,0.0,0,0,73,0.00618,none,"[1, 128, 3072]","[1, 128, 3072]",1081.34,0.0,1.5,cuda_event,cuda
9,encoder.layer.7.output.dense,Linear,0.15565,0.375,603979776.0,2360064,0,74,0.15565,counter,"[1, 128, 3072]","[1, 128, 768]",1081.34,0.0,0.375,cuda_event,cuda
9,encoder.layer.7.output.LayerNorm,LayerNorm,0.00794,0.375,491520.0,1536,0,75,0.00794,analytic,"[1, 128, 768]","[1, 128, 768]",1081.34,0.0,0.375,cuda_event,cuda
9,encoder.layer.8.attention.self.query,Linear,0.05366,0.375,150994944.0,590592,0,76,0.05366,counter,"[1, 128, 768]","[1, 128, 768]",1081.34,0.0,0.375,cuda_event,cuda
9,encoder.layer.8.attention.self.key,Linear,0.05338,0.375,150994944.0,590592,0,77,0.05338,counter,"[1, 128, 768]","[1, 128, 768]",1081.34,0.0,0.375,cuda_event,cuda
9,encoder.layer.8.attention.self.value,Linear,0.0553,0.375,150994944.0,590592,0,78,0.0553,counter,"[1, 128, 768]","[1, 128, 768]",1081.34,0.0,0.375,cuda_event,cuda
9,encoder.layer.8.attention.output.dense,Linear,0.05376,0.375,150994944.0,590592,0,79,0.05376,counter,"[1, 128, 768]","[1, 128, 768]",1081.34,0.0,0.375,cuda_event,cuda
9,encoder.layer.8.attention.output.LayerNorm,LayerNorm,0.00797,0.375,491520.0,1536,0,80,0.00797,analytic,"[1, 128, 768]","[1, 128, 768]",1081.34,0.0,0.375,cuda_event,cuda
9,encoder.layer.8.intermediate.dense,Linear,0.12368,1.5,603979776.0,2362368,0,81,0.12368,counter,"[1, 128, 768]","[1, 128, 3072]",1081.34,0.0,1.5,cuda_event,cuda
9,encoder.layer.8.intermediate.intermediate_act_fn,GELUActivation,0.00752,1.5,0.0,0,0,82,0.00752,none,"[1, 128, 3072]","[1, 128, 3072]",1081.34,0.0,1.5,cuda_event,cuda
9,encoder.layer.8.output.dense,Linear,0.1536,0.375,603979776.0,2360064,0,83,0.1536,counter,"[1, 128, 3072]","[1, 128, 768]",1081.34,0.0,0.375,cuda_event,cuda
9,encoder.layer.8.output.LayerNorm,LayerNorm,0.00819,0.375,491520.0,1536,0,84,0.00819,analytic,"[1, 128, 768]","[1, 128, 768]",1081.34,0.0,0.375,cuda_event,cuda
9,encoder.layer.9.attention.self.query,Linear,0.05267,0.375,150994944.0,590592,0,85,0.05267,counter,"[1, 128, 768]","[1, 128, 768]",1081.34,0.0,0.375,cuda_event,cuda
9,encoder.layer.9.attention.self.key,Linear,0.05299,0.375,150994944.0,590592,0,86,0.05299,counter,"[1, 128, 768]","[1, 128, 768]",1081.34,0.0,0.375,cuda_event,cuda
9,encoder.layer.9.attention.self.value,Linear,0.05504,0.375,150994944.0,590592,0,87,0.05504,counter,"[1, 128, 768]","[1, 128, 768]",1081.34,0.0,0.375,cuda_event,cuda
9,encoder.layer.9.attention.output.dense,Linear,0.05517,0.375,150994944.0,590592,0,88,0.05517,counter,"[1, 128, 768]","[1, 128, 768]",1081.34,0.0,0.375,cuda_event,cuda
9,encoder.layer.9.attention.output.LayerNorm,LayerNorm,0.00778,0.375,491520.0,1536,0,89,0.00778,analytic,"[1, 128, 768]","[1, 128, 768]",1081.34,0.0,0.375,cuda_event,cuda
9,encoder.layer.9.intermediate.dense,Linear,0.1239,1.5,603979776.0,2362368,0,90,0.1239,counter,"[1, 128, 768]","[1, 128, 3072]",1081.34,0.0,1.5,cuda_event,cuda
9,encoder.layer.9.intermediate.intermediate_act_fn,GELUActivation,0.00614,1.5,0.0,0,0,91,0.00614,none,"[1, 128, 3072]","[1, 128, 3072]",1081.34,0.0,1.5,cuda_event,cuda
9,encoder.layer.9.output.dense,Linear,0.15565,0.375,603979776.0,2360064,0,92,0.15565,counter,"[1, 128, 3072]","[1, 128, 768]",1081.34,0.0,0.375,cuda_event,cuda
9,encoder.layer.9.output.LayerNorm,LayerNorm,0.00806,0.375,491520.0,1536,0,93,0.00806,analytic,"[1, 128, 768]","[1, 128, 768]",1081.34,0.0,0.375,cuda_event,cuda
9,encoder.layer.10.attention.self.query,Linear,0.05328,0.375,150994944.0,590592,0,94,0.05328,counter,"[1, 128, 768]","[1, 128, 768]",1081.34,0.0,0.375,cuda_event,cuda
9,encoder.layer.10.attention.self.key,Linear,0.0536,0.375,150994944.0,590592,0,95,0.0536,counter,"[1, 128, 768]","[1, 128, 768]",1081.34,0.0,0.375,cuda_event,cuda
9,encoder.layer.10.attention.self.value,Linear,0.05459,0.375,150994944.0,590592,0,96,0.05459,counter,"[1, 128, 768]","[1, 128, 768]",1081.34,0.0,0.375,cuda_event,cuda
9,encoder.layer.10.attention.output.dense,Linear,0.05434,0.375,150994944.0,590592,0,97,0.05434,counter,"[1, 128, 768]","[1, 128, 768]",1081.34,0.0,0.375,cuda_event,cuda
9,encoder.layer.10.attention.output.LayerNorm,LayerNorm,0.00819,0.375,491520.0,1536,0,98,0.00819,analytic,"[1, 128, 768]","[1, 128, 768]",1081.34,0.0,0.375,cuda_event,cuda
9,encoder.layer.10.intermediate.dense,Linear,0.12672,1.5,603979776.0,2362368,0,99,0.12672,counter,"[1, 128, 768]","[1, 128, 3072]",1081.34,0.0,1.5,cuda_event,cuda
9,encoder.layer.10.intermediate.intermediate_act_fn,GELUActivation,0.0064,1.5,0.0,0,0,100,0.0064,none,"[1, 128, 3072]","[1, 128, 3072]",1081.34,0.0,1.5,cuda_event,cuda
9,encoder.layer.10.output.dense,Linear,0.1551,0.375,603979776.0,2360064,0,101,0.1551,counter,"[1, 128, 3072]","[1, 128, 768]",1081.34,0.0,0.375,cuda_event,cuda
9,encoder.layer.10.output.LayerNorm,LayerNorm,0.0071,0.375,491520.0,1536,0,102,0.0071,analytic,"[1, 128, 768]","[1, 128, 768]",1081.34,0.0,0.375,cuda_event,cuda
9,encoder.layer.11.attention.self.query,Linear,0.05325,0.375,150994944.0,590592,0,103,0.05325,counter,"[1, 128, 768]","[1, 128, 768]",1081.34,0.0,0.375,cuda_event,cuda
9,encoder.layer.11.attention.self.key,Linear,0.05427,0.375,150994944.0,590592,0,104,0.05427,counter,"[1, 128, 768]","[1, 128, 768]",1081.34,0.0,0.375,cuda_event,cuda
9,encoder.layer.11.attention.self.value,Linear,0.05446,0.375,150994944.0,590592,0,105,0.05446,counter,"[1, 128, 768]","[1, 128, 768]",1081.34,0.0,0.375,cuda_event,cuda
9,encoder.layer.11.attention.output.dense,Linear,0.05322,0.375,150994944.0,590592,0,106,0.05322,counter,"[1, 128, 768]","[1, 128, 768]",1081.34,0.0,0.375,cuda_event,cuda
9,encoder.layer.11.attention.output.LayerNorm,LayerNorm,0.00682,0.375,491520.0,1536,0,107,0.00682,analytic,"[1, 128, 768]","[1, 128, 768]",1081.34,0.0,0.375,cuda_event,cuda
9,encoder.layer.11.intermediate.dense,Linear,0.12288,1.5,603979776.0,2362368,0,108,0.12288,counter,"[1, 128, 768]","[1, 128, 3072]",1081.34,0.0,1.5,cuda_event,cuda
9,encoder.layer.11.intermediate.intermediate_act_fn,GELUActivation,0.00771,1.5,0.0,0,0,109,0.00771,none,"[1, 128, 3072]","[1, 128, 3072]",1081.34,0.0,1.5,cuda_event,cuda
9,encoder.layer.11.output.dense,Linear,0.15216,0.375,603979776.0,2360064,0,110,0.15216,counter,"[1, 128, 3072]","[1, 128, 768]",1081.34,0.0,0.375,cuda_event,cuda
9,encoder.layer.11.output.LayerNorm,LayerNorm,0.00781,0.375,491520.0,1536,0,111,0.00781,analytic,"[1, 128, 768]","[1, 128, 768]",1081.34,0.0,0.375,cuda_event,cuda
9,pooler.dense,Linear,0.01299,0.00293,1179648.0,590592,0,112,0.01299,counter,"[1, 768]","[1, 768]",1081.34,0.0,0.003,cuda_event,cuda
9,pooler.activation,Tanh,0.0041,0.00293,3072.0,0,0,113,0.0041,analytic,"[1, 768]","[1, 768]",1081.34,0.0,0.003,cuda_event,cuda
10,embeddings.word_embeddings,Embedding,0.00502,0.375,0.0,23440896,0,0,0.00502,none,"[1, 128]","[1, 128, 768]",1081.34,0.0,0.375,cuda_event,cuda
10,embeddings.token_type_embeddings,Embedding,0.00541,0.375,0.0,1536,0,1,0.00541,none,"[1, 128]","[1, 128, 768]",1081.34,0.0,0.375,cuda_event,cuda
10,embeddings.position_embeddings,Embedding,0.00595,0.375,0.0,393216,0,2,0.00595,none,"[1, 128]","[1, 128, 768]",1081.34,0.0,0.375,cuda_event,cuda
10,embeddings.LayerNorm,LayerNorm,0.00755,0.375,491520.0,1536,0,3,0.00755,analytic,"[1, 128, 768]","[1, 128, 768]",1081.34,0.0,0.375,cuda_event,cuda
10,encoder.layer.0.attention.self.query,Linear,0.05405,0.375,150994944.0,590592,0,4,0.05405,counter,"[1, 128, 768]","[1, 128, 768]",1081.34,0.0,0.375,cuda_event,cuda
10,encoder.layer.0.attention.self.key,Linear,0.05325,0.375,150994944.0,590592,0,5,0.05325,counter,"[1, 128, 768]","[1, 128, 768]",1081.34,0.0,0.375,cuda_event,cuda
10,encoder.layer.0.attention.self.value,Linear,0.05456,0.375,150994944.0,590592,0,6,0.05456,counter,"[1, 128, 768]","[1, 128, 768]",1081.34,0.0,0.375,cuda_event,cuda
10,encoder.layer.0.attention.output.dense,Linear,0.05325,0.375,150994944.0,590592,0,7,0.05325,counter,"[1, 128, 768]","[1, 128, 768]",1081.34,0.0,0.375,cuda_event,cuda
10,encoder.layer.0.attention.output.LayerNorm,LayerNorm,0.00819,0.375,491520.0,1536,0,8,0.00819,analytic,"[1, 128, 768]","[1, 128, 768]",1081.34,0.0,0.375,cuda_event,cuda
10,encoder.layer.0.intermediate.dense,Linear,0.12298,1.5,603979776.0,2362368,0,9,0.12298,counter,"[1, 128, 768]","[1, 128, 3072]",1081.34,0.0,1.5,cuda_event,cuda
10,encoder.layer.0.intermediate.intermediate_act_fn,GELUActivation,0.00819,1.5,0.0,0,0,10,0.00819,none,"[1, 128, 3072]","[1, 128, 3072]",1081.34,0.0,1.5,cuda_event,cuda
10,encoder.layer.0.output.dense,Linear,0.15526,0.375,603979776.0,2360064,0,11,0.15526,counter,"[1, 128, 3072]","[1, 128, 768]",1081.34,0.0,0.375,cuda_event,cuda
10,encoder.layer.0.output.LayerNorm,LayerNorm,0.00813,0.375,491520.0,1536,0,12,0.00813,analytic,"[1, 128, 768]","[1, 128, 768]",1081.34,0.0,0.375,cuda_event,cuda
10,encoder.layer.1.attention.self.query,Linear,0.05338,0.375,150994944.0,590592,0,13,0.05338,counter,"[1, 128, 768]","[1, 128, 768]",1081.34,0.0,0.375,cuda_event,cuda
10,encoder.layer.1.attention.self.key,Linear,0.05418,0.375,150994944.0,590592,0,14,0.05418,counter,"[1, 128, 768]","[1, 128, 768]",1081.34,0.0,0.375,cuda_event,cuda
10,encoder.layer.1.attention.self.value,Linear,0.05344,0.375,150994944.0,590592,0,15,0.05344,counter,"[1, 128, 768]","[1, 128, 768]",1081.34,0.0,0.375,cuda_event,cuda
10,encoder.layer.1.attention.output.dense,Linear,0.05328,0.375,150994944.0,590592,0,16,0.05328,counter,"[1, 128, 768]","[1, 128, 768]",1081.34,0.0,0.375,cuda_event,cuda
10,encoder.layer.1.attention.output.LayerNorm,LayerNorm,0.00778,0.375,491520.0,1536,0,17,0.00778,analytic,"[1, 128, 768]","[1, 128, 768]",1081.34,0.0,0.375,cuda_event,cuda
10,encoder.layer.1.intermediate.dense,Linear,0.12682,1.5,603979776.0,2362368,0,18,0.12682,counter,"[1, 128, 768]","[1, 128, 3072]",1081.34,0.0,1.5,cuda_event,cuda
10,encoder.layer.1.intermediate.intermediate_act_fn,GELUActivation,0.00646,1.5,0.0,0,0,19,0.00646,none,"[1, 128, 3072]","[1, 128, 3072]",1081.34,0.0,1.5,cuda_event,cuda
10,encoder.layer.1.output.dense,Linear,0.15312,0.375,603979776.0,2360064,0,20,0.15312,counter,"[1, 128, 3072]","[1, 128, 768]",1081.34,0.0,0.375,cuda_event,cuda
10,encoder.layer.1.output.LayerNorm,LayerNorm,0.00813,0.375,491520.0,1536,0,21,0.00813,analytic,"[1, 128, 768]","[1, 128, 768]",1081.34,0.0,0.375,cuda_event,cuda
10,encoder.layer.2.attention.self.query,Linear,0.05363,0.375,150994944.0,590592,0,22,0.05363,counter,"[1, 128, 768]","[1, 128, 768]",1081.34,0.0,0.375,cuda_event,cuda
10,encoder.layer.2.attention.self.key,Linear,0.05382,0.375,150994944.0,590592,0,23,0.05382,counter,"[1, 128, 768]","[1, 128, 768]",1081.34,0.0,0.375,cuda_event,cuda
10,encoder.layer.2.attention.self.value,Linear,0.05507,0.375,150994944.0,590592,0,24,0.05507,counter,"[1, 128, 768]","[1, 128, 768]",1081.34,0.0,0.375,cuda_event,cuda
10,encoder.layer.2.attention.output.dense,Linear,0.05504,0.375,150994944.0,590592,0,25,0.05504,counter,"[1, 128, 768]","[1, 128, 768]",1081.34,0.0,0.375,cuda_event,cuda
10,encoder.layer.2.attention.output.LayerNorm,LayerNorm,0.00778,0.375,491520.0,1536,0,26,0.00778,analytic,"[1, 128, 768]","[1, 128, 768]",1081.34,0.0,0.375,cuda_event,cuda
10,encoder.layer.2.intermediate.dense,Linear,0.12493,1.5,603979776.0,2362368,0,27,0.12493,counter,"[1, 128, 768]","[1, 128, 3072]",1081.34,0.0,1.5,cuda_event,cuda
10,encoder.layer.2.intermediate.intermediate_act_fn,GELUActivation,0.00726,1.5,0.0,0,0,28,0.00726,none,"[1, 128, 3072]","[1, 128, 3072]",1081.34,0.0,1.5,cuda_event,cuda
10,encoder.layer.2.output.dense,Linear,0.15155,0.375,603979776.0,2360064,0,29,0.15155,counter,"[1, 128, 3072]","[1, 128, 768]",1081.34,0.0,0.375,cuda_event,cuda
10,encoder.layer.2.output.LayerNorm,LayerNorm,0.00803,0.375,491520.0,1536,0,30,0.00803,analytic,"[1, 128, 768]","[1, 128, 768]",1081.34,0.0,0.375,cuda_event,cuda
10,encoder.layer.3.attention.self.query,Linear,0.05318,0.375,150994944.0,590592,0,31,0.05318,counter,"[1, 128, 768]","[1, 128, 768]",1081.34,0.0,0.375,cuda_event,cuda
10,encoder.layer.3.attention.self.key,Linear,0.05357,0.375,150994944.0,590592,0,32,0.05357,counter,"[1, 128, 768]","[1, 128, 768]",1081.34,0.0,0.375,cuda_event,cuda
10,encoder.layer.3.attention.self.value,Linear,0.05328,0.375,150994944.0,590592,0,33,0.05328,counter,"[1, 128, 768]","[1, 128, 768]",1081.34,0.0,0.375,cuda_event,cuda
10,encoder.layer.3.attention.output.dense,Linear,0.05482,0.375,150994944.0,590592,0,34,0.05482,counter,"[1, 128, 768]","[1, 128, 768]",1081.34,0.0,0.375,cuda_event,cuda
10,encoder.layer.3.attention.output.LayerNorm,LayerNorm,0.00717,0.375,491520.0,1536,0,35,0.00717,analytic,"[1, 128, 768]","[1, 128, 768]",1081.34,0.0,0.375,cuda_event,cuda
10,encoder.layer.3.intermediate.dense,Linear,0.1264,1.5,603979776.0,2362368,0,36,0.1264,counter,"[1, 128, 768]","[1, 128, 3072]",1081.34,0.0,1.5,cuda_event,cuda
10,encoder.layer.3.intermediate.intermediate_act_fn,GELUActivation,0.00688,1.5,0.0,0,0,37,0.00688,none,"[1, 128, 3072]","[1, 128, 3072]",1081.34,0.0,1.5,cuda_event,cuda
10,encoder.layer.3.output.dense,Linear,0.15482,0.375,603979776.0,2360064,0,38,0.15482,counter,"[1, 128, 3072]","[1, 128, 768]",1081.34,0.0,0.375,cuda_event,cuda
10,encoder.layer.3.output.LayerNorm,LayerNorm,0.00819,0.375,491520.0,1536,0,39,0.00819,analytic,"[1, 128, 768]","[1, 128, 768]",1081.34,0.0,0.375,cuda_event,cuda
10,encoder.layer.4.attention.self.query,Linear,0.05325,0.375,150994944.0,590592,0,40,0.05325,counter,"[1, 128, 768]","[1, 128, 768]",1081.34,0.0,0.375,cuda_event,cuda
10,encoder.layer.4.attention.self.key,Linear,0.05325,0.375,150994944.0,590592,0,41,0.05325,counter,"[1, 128, 768]","[1, 128, 768]",1081.34,0.0,0.375,cuda_event,cuda
10,encoder.layer.4.attention.self.value,Linear,0.05501,0.375,150994944.0,590592,0,42,0.05501,counter,"[1, 128, 768]","[1, 128, 768]",1081.34,0.0,0.375,cuda_event,cuda
10,encoder.layer.4.attention.output.dense,Linear,0.05325,0.375,150994944.0,590592,0,43,0.05325,counter,"[1, 128, 768]","[1, 128, 768]",1081.34,0.0,0.375,cuda_event,cuda
10,encoder.layer.4.attention.output.LayerNorm,LayerNorm,0.00819,0.375,491520.0,1536,0,44,0.00819,analytic,"[1, 128, 768]","[1, 128, 768]",1081.34,0.0,0.375,cuda_event,cuda
10,encoder.layer.4.intermediate.dense,Linear,0.12301,1.5,603979776.0,2362368,0,45,0.12301,counter,"[1, 128, 768]","[1, 128, 3072]",1081.34,0.0,1.5,cuda_event,cuda
10,encoder.layer.4.intermediate.intermediate_act_fn,GELUActivation,0.00694,1.5,0.0,0,0,46,0.00694,none,"[1, 128, 3072]","[1, 128, 3072]",1081.34,0.0,1.5,cuda_event,cuda
10,encoder.layer.4.output.dense,Linear,0.15306,0.375,603979776.0,2360064,0,47,0.15306,counter,"[1, 128, 3072]","[1, 128, 768]",1081.34,0.0,0.375,cuda_event,cuda
10,encoder.layer.4.output.LayerNorm,LayerNorm,0.00819,0.375,491520.0,1536,0,48,0.00819,analytic,"[1, 128, 768]","[1, 128, 768]",1081.34,0.0,0.375,cuda_event,cuda
10,encoder.layer.5.attention.self.query,Linear,0.05318,0.375,150994944.0,590592,0,49,0.05318,counter,"[1, 128, 768]","[1, 128, 768]",1081.34,0.0,0.375,cuda_event,cuda
10,encoder.layer.5.attention.self.key,Linear,0.05338,0.375,150994944.0,590592,0,50,0.05338,counter,"[1, 128, 768]","[1, 128, 768]",1081.34,0.0,0.375,cuda_event,cuda
10,encoder.layer.5.attention.self.value,Linear,0.05347,0.375,150994944.0,590592,0,51,0.05347,counter,"[1, 128, 768]","[1, 128, 768]",1081.34,0.0,0.375,cuda_event,cuda
10,encoder.layer.5.attention.output.dense,Linear,0.05392,0.375,150994944.0,590592,0,52,0.05392,counter,"[1, 128, 768]","[1, 128, 768]",1081.34,0.0,0.375,cuda_event,cuda
10,encoder.layer.5.attention.output.LayerNorm,LayerNorm,0.00845,0.375,491520.0,1536,0,53,0.00845,analytic,"[1, 128, 768]","[1, 128, 768]",1081.34,0.0,0.375,cuda_event,cuda
10,encoder.layer.5.intermediate.dense,Linear,0.12358,1.5,603979776.0,2362368,0,54,0.12358,counter,"[1, 128, 768]","[1, 128, 3072]",1081.34,0.0,1.5,cuda_event,cuda
10,encoder.layer.5.intermediate.intermediate_act_fn,GELUActivation,0.00733,1.5,0.0,0,0,55,0.00733,none,"[1, 128, 3072]","[1, 128, 3072]",1081.34,0.0,1.5,cuda_event,cuda
10,encoder.layer.5.output.dense,Linear,0.15446,0.375,603979776.0,2360064,0,56,0.15446,counter,"[1, 128, 3072]","[1, 128, 768]",1081.34,0.0,0.375,cuda_event,cuda
10,encoder.layer.5.output.LayerNorm,LayerNorm,0.00806,0.375,491520.0,1536,0,57,0.00806,analytic,"[1, 128, 768]","[1, 128, 768]",1081.34,0.0,0.375,cuda_event,cuda
10,encoder.layer.6.attention.self.query,Linear,0.05366,0.375,150994944.0,590592,0,58,0.05366,counter,"[1, 128, 768]","[1, 128, 768]",1081.34,0.0,0.375,cuda_event,cuda
10,encoder.layer.6.attention.self.key,Linear,0.05325,0.375,150994944.0,590592,0,59,0.05325,counter,"[1, 128, 768]","[1, 128, 768]",1081.34,0.0,0.375,cuda_event,cuda
10,encoder.layer.6.attention.self.value,Linear,0.05459,0.375,150994944.0,590592,0,60,0.05459,counter,"[1, 128, 768]","[1, 128, 768]",1081.34,0.0,0.375,cuda_event,cuda
10,encoder.layer.6.attention.output.dense,Linear,0.0551,0.375,150994944.0,590592,0,61,0.0551,counter,"[1, 128, 768]","[1, 128, 768]",1081.34,0.0,0.375,cuda_event,cuda
10,encoder.layer.6.attention.output.LayerNorm,LayerNorm,0.00682,0.375,491520.0,1536,0,62,0.00682,analytic,"[1, 128, 768]","[1, 128, 768]",1081.34,0.0,0.375,cuda_event,cuda
10,encoder.layer.6.intermediate.dense,Linear,0.12698,1.5,603979776.0,2362368,0,63,0.12698,counter,"[1, 128, 768]","[1, 128, 3072]",1081.34,0.0,1.5,cuda_event,cuda
10,encoder.layer.6.intermediate.intermediate_act_fn,GELUActivation,0.00614,1.5,0.0,0,0,64,0.00614,none,"[1, 128, 3072]","[1, 128, 3072]",1081.34,0.0,1.5,cuda_event,cuda
10,encoder.layer.6.output.dense,Linear,0.1552,0.375,603979776.0,2360064,0,65,0.1552,counter,"[1, 128, 3072]","[1, 128, 768]",1081.34,0.0,0.375,cuda_event,cuda
10,encoder.layer.6.output.LayerNorm,LayerNorm,0.00813,0.375,491520.0,1536,0,66,0.00813,analytic,"[1, 128, 768]","[1, 128, 768]",1081.34,0.0,0.375,cuda_event,cuda
10,encoder.layer.7.attention.self.query,Linear,0.05334,0.375,150994944.0,590592,0,67,0.05334,counter,"[1, 128, 768]","[1, 128, 768]",1081.34,0.0,0.375,cuda_event,cuda
10,encoder.layer.7.attention.self.key,Linear,0.05424,0.375,150994944.0,590592,0,68,0.05424,counter,"[1, 128, 768]","[1, 128, 768]",1081.34,0.0,0.375,cuda_event,cuda
10,encoder.layer.7.attention.self.value,Linear,0.05475,0.375,150994944.0,590592,0,69,0.05475,counter,"[1, 128, 768]","[1, 128, 768]",1081.34,0.0,0.375,cuda_event,cuda
10,encoder.layer.7.attention.output.dense,Linear,0.05325,0.375,150994944.0,590592,0,70,0.05325,counter,"[1, 128, 768]","[1, 128, 768]",1081.34,0.0,0.375,cuda_event,cuda
10,encoder.layer.7.attention.output.LayerNorm,LayerNorm,0.00806,0.375,491520.0,1536,0,71,0.00806,analytic,"[1, 128, 768]","[1, 128, 768]",1081.34,0.0,0.375,cuda_event,cuda
10,encoder.layer.7.intermediate.dense,Linear,0.12317,1.5,603979776.0,2362368,0,72,0.12317,counter,"[1, 128, 768]","[1, 128, 3072]",1081.34,0.0,1.5,cuda_event,cuda
10,encoder.layer.7.intermediate.intermediate_act_fn,GELUActivation,0.00624,1.5,0.0,0,0,73,0.00624,none,"[1, 128, 3072]","[1, 128, 3072]",1081.34,0.0,1.5,cuda_event,cuda
10,encoder.layer.7.output.dense,Linear,0.156,0.375,603979776.0,2360064,0,74,0.156,counter,"[1, 128, 3072]","[1, 128, 768]",1081.34,0.0,0.375,cuda_event,cuda
10,encoder.layer.7.output.LayerNorm,LayerNorm,0.00819,0.375,491520.0,1536,0,75,0.00819,analytic,"[1, 128, 768]","[1, 128, 768]",1081.34,0.0,0.375,cuda_event,cuda
10,encoder.layer.8.attention.self.query,Linear,0.05302,0.375,150994944.0,590592,0,76,0.05302,counter,"[1, 128, 768]","[1, 128, 768]",1081.34,0.0,0.375,cuda_event,cuda
10,encoder.layer.8.attention.self.key,Linear,0.05334,0.375,150994944.0,590592,0,77,0.05334,counter,"[1, 128, 768]","[1, 128, 768]",1081.34,0.0,0.375,cuda_event,cuda
10,encoder.layer.8.attention.self.value,Linear,0.05472,0.375,150994944.0,590592,0,78,0.05472,counter,"[1, 128, 768]","[1, 128, 768]",1081.34,0.0,0.375,cuda_event,cuda
10,encoder.layer.8.attention.output.dense,Linear,0.05482,0.375,150994944.0,590592,0,79,0.05482,counter,"[1, 128, 768]","[1, 128, 768]",1081.34,0.0,0.375,cuda_event,cuda
10,encoder.layer.8.attention.output.LayerNorm,LayerNorm,0.00694,0.375,491520.0,1536,0,80,0.00694,analytic,"[1, 128, 768]","[1, 128, 768]",1081.34,0.0,0.375,cuda_event,cuda
10,encoder.layer.8.intermediate.dense,Linear,0.12493,1.5,603979776.0,2362368,0,81,0.12493,counter,"[1, 128, 768]","[1, 128, 3072]",1081.34,0.0,1.5,cuda_event,cuda
10,encoder.layer.8.intermediate.intermediate_act_fn,GELUActivation,0.00614,1.5,0.0,0,0,82,0.00614,none,"[1, 128, 3072]","[1, 128, 3072]",1081.34,0.0,1.5,cuda_event,cuda
10,encoder.layer.8.output.dense,Linear,0.1577,0.375,603979776.0,2360064,0,83,0.1577,counter,"[1, 128, 3072]","[1, 128, 768]",1081.34,0.0,0.375,cuda_event,cuda
10,encoder.layer.8.output.LayerNorm,LayerNorm,0.00781,0.375,491520.0,1536,0,84,0.00781,analytic,"[1, 128, 768]","[1, 128, 768]",1081.34,0.0,0.375,cuda_event,cuda
10,encoder.layer.9.attention.self.query,Linear,0.05453,0.375,150994944.0,590592,0,85,0.05453,counter,"[1, 128, 768]","[1, 128, 768]",1081.34,0.0,0.375,cuda_event,cuda
10,encoder.layer.9.attention.self.key,Linear,0.05363,0.375,150994944.0,590592,0,86,0.05363,counter,"[1, 128, 768]","[1, 128, 768]",1081.34,0.0,0.375,cuda_event,cuda
10,encoder.layer.9.attention.self.value,Linear,0.05386,0.375,150994944.0,590592,0,87,0.05386,counter,"[1, 128, 768]","[1, 128, 768]",1081.34,0.0,0.375,cuda_event,cuda
10,encoder.layer.9.attention.output.dense,Linear,0.05405,0.375,150994944.0,590592,0,88,0.05405,counter,"[1, 128, 768]","[1, 128, 768]",1081.34,0.0,0.375,cuda_event,cuda
10,encoder.layer.9.attention.output.LayerNorm,LayerNorm,0.00771,0.375,491520.0,1536,0,89,0.00771,analytic,"[1, 128, 768]","[1, 128, 768]",1081.34,0.0,0.375,cuda_event,cuda
10,encoder.layer.9.intermediate.dense,Linear,0.12381,1.5,603979776.0,2362368,0,90,0.12381,counter,"[1, 128, 768]","[1, 128, 3072]",1081.34,0.0,1.5,cuda_event,cuda
10,encoder.layer.9.intermediate.intermediate_act_fn,GELUActivation,0.00614,1.5,0.0,0,0,91,0.00614,none,"[1, 128, 3072]","[1, 128, 3072]",1081.34,0.0,1.5,cuda_event,cuda
10,encoder.layer.9.output.dense,Linear,0.15731,0.375,603979776.0,2360064,0,92,0.15731,counter,"[1, 128, 3072]","[1, 128, 768]",1081.34,0.0,0.375,cuda_event,cuda
10,encoder.layer.9.output.LayerNorm,LayerNorm,0.0079,0.375,491520.0,1536,0,93,0.0079,analytic,"[1, 128, 768]","[1, 128, 768]",1081.34,0.0,0.375,cuda_event,cuda
10,encoder.layer.10.attention.self.query,Linear,0.05376,0.375,150994944.0,590592,0,94,0.05376,counter,"[1, 128, 768]","[1, 128, 768]",1081.34,0.0,0.375,cuda_event,cuda
10,encoder.layer.10.attention.self.key,Linear,0.05357,0.375,150994944.0,590592,0,95,0.05357,counter,"[1, 128, 768]","[1, 128, 768]",1081.34,0.0,0.375,cuda_event,cuda
10,encoder.layer.10.attention.self.value,Linear,0.05354,0.375,150994944.0,590592,0,96,0.05354,counter,"[1, 128, 768]","[1, 128, 768]",1081.34,0.0,0.375,cuda_event,cuda
10,encoder.layer.10.attention.output.dense,Linear,0.05498,0.375,150994944.0,590592,0,97,0.05498,counter,"[1, 128, 768]","[1, 128, 768]",1081.34,0.0,0.375,cuda_event,cuda
10,encoder.layer.10.attention.output.LayerNorm,LayerNorm,0.00816,0.375,491520.0,1536,0,98,0.00816,analytic,"[1, 128, 768]","[1, 128, 768]",1081.34,0.0,0.375,cuda_event,cuda
10,encoder.layer.10.intermediate.dense,Linear,0.12493,1.5,603979776.0,2362368,0,99,0.12493,counter,"[1, 128, 768]","[1, 128, 3072]",1081.34,0.0,1.5,cuda_event,cuda
10,encoder.layer.10.intermediate.intermediate_act_fn,GELUActivation,0.00614,1.5,0.0,0,0,100,0.00614,none,"[1, 128, 3072]","[1, 128, 3072]",1081.34,0.0,1.5,cuda_event,cuda
10,encoder.layer.10.output.dense,Linear,0.15565,0.375,603979776.0,2360064,0,101,0.15565,counter,"[1, 128, 3072]","[1, 128, 768]",1081.34,0.0,0.375,cuda_event,cuda
10,encoder.layer.10.output.LayerNorm,LayerNorm,0.00778,0.375,491520.0,1536,0,102,0.00778,analytic,"[1, 128, 768]","[1, 128, 768]",1081.34,0.0,0.375,cuda_event,cuda
10,encoder.layer.11.attention.self.query,Linear,0.05325,0.375,150994944.0,590592,0,103,0.05325,counter,"[1, 128, 768]","[1, 128, 768]",1081.34,0.0,0.375,cuda_event,cuda
10,encoder.layer.11.attention.self.key,Linear,0.05325,0.375,150994944.0,590592,0,104,0.05325,counter,"[1, 128, 768]","[1, 128, 768]",1081.34,0.0,0.375,cuda_event,cuda
10,encoder.layer.11.attention.self.value,Linear,0.05482,0.375,150994944.0,590592,0,105,0.05482,counter,"[1, 128, 768]","[1, 128, 768]",1081.34,0.0,0.375,cuda_event,cuda
10,encoder.layer.11.attention.output.dense,Linear,0.0551,0.375,150994944.0,590592,0,106,0.0551,counter,"[1, 128, 768]","[1, 128, 768]",1081.34,0.0,0.375,cuda_event,cuda
10,encoder.layer.11.attention.output.LayerNorm,LayerNorm,0.00688,0.375,491520.0,1536,0,107,0.00688,analytic,"[1, 128, 768]","[1, 128, 768]",1081.34,0.0,0.375,cuda_event,cuda
10,encoder.layer.11.intermediate.dense,Linear,0.12429,1.5,603979776.0,2362368,0,108,0.12429,counter,"[1, 128, 768]","[1, 128, 3072]",1081.34,0.0,1.5,cuda_event,cuda
10,encoder.layer.11.intermediate.intermediate_act_fn,GELUActivation,0.00691,1.5,0.0,0,0,109,0.00691,none,"[1, 128, 3072]","[1, 128, 3072]",1081.34,0.0,1.5,cuda_event,cuda
10,encoder.layer.11.output.dense,Linear,0.15155,0.375,603979776.0,2360064,0,110,0.15155,counter,"[1, 128, 3072]","[1, 128, 768]",1081.34,0.0,0.375,cuda_event,cuda
10,encoder.layer.11.output.LayerNorm,LayerNorm,0.00803,0.375,491520.0,1536,0,111,0.00803,analytic,"[1, 128, 768]","[1, 128, 768]",1081.34,0.0,0.375,cuda_event,cuda
10,pooler.dense,Linear,0.01379,0.00293,1179648.0,590592,0,112,0.01379,counter,"[1, 768]","[1, 768]",1081.34,0.0,0.003,cuda_event,cuda
10,pooler.activation,Tanh,0.00538,0.00293,3072.0,0,0,113,0.00538,analytic,"[1, 768]","[1, 768]",1081.34,0.0,0.003,cuda_event,cuda
11,embeddings.word_embeddings,Embedding,0.00614,0.375,0.0,23440896,0,0,0.00614,none,"[1, 128]","[1, 128, 768]",1081.34,0.0,0.375,cuda_event,cuda
11,embeddings.token_type_embeddings,Embedding,0.0041,0.375,0.0,1536,0,1,0.0041,none,"[1, 128]","[1, 128, 768]",1081.34,0.0,0.375,cuda_event,cuda
11,embeddings.position_embeddings,Embedding,0.00608,0.375,0.0,393216,0,2,0.00608,none,"[1, 128]","[1, 128, 768]",1081.34,0.0,0.375,cuda_event,cuda
11,embeddings.LayerNorm,LayerNorm,0.00784,0.375,491520.0,1536,0,3,0.00784,analytic,"[1, 128, 768]","[1, 128, 768]",1081.34,0.0,0.375,cuda_event,cuda
11,encoder.layer.0.attention.self.query,Linear,0.05386,0.375,150994944.0,590592,0,4,0.05386,counter,"[1, 128, 768]","[1, 128, 768]",1081.34,0.0,0.375,cuda_event,cuda
11,encoder.layer.0.attention.self.key,Linear,0.05469,0.375,150994944.0,590592,0,5,0.05469,counter,"[1, 128, 768]","[1, 128, 768]",1081.34,0.0,0.375,cuda_event,cuda
11,encoder.layer.0.attention.self.value,Linear,0.05395,0.375,150994944.0,590592,0,6,0.05395,counter,"[1, 128, 768]","[1, 128, 768]",1081.34,0.0,0.375,cuda_event,cuda
11,encoder.layer.0.attention.output.dense,Linear,0.05363,0.375,150994944.0,590592,0,7,0.05363,counter,"[1, 128, 768]","[1, 128, 768]",1081.34,0.0,0.375,cuda_event,cuda
11,encoder.layer.0.attention.output.LayerNorm,LayerNorm,0.00819,0.375,491520.0,1536,0,8,0.00819,analytic,"[1, 128, 768]","[1, 128, 768]",1081.34,0.0,0.375,cuda_event,cuda
11,encoder.layer.0.intermediate.dense,Linear,0.12563,1.5,603979776.0,2362368,0,9,0.12563,counter,"[1, 128, 768]","[1, 128, 3072]",1081.34,0.0,1.5,cuda_event,cuda
11,encoder.layer.0.intermediate.intermediate_act_fn,GELUActivation,0.00624,1.5,0.0,0,0,10,0.00624,none,"[1, 128, 3072]","[1, 128, 3072]",1081.34,0.0,1.5,cuda_event,cuda
11,encoder.layer.0.output.dense,Linear,0.15472,0.375,603979776.0,2360064,0,11,0.15472,counter,"[1, 128, 3072]","[1, 128, 768]",1081.34,0.0,0.375,cuda_event,cuda
11,encoder.layer.0.output.LayerNorm,LayerNorm,0.00707,0.375,491520.0,1536,0,12,0.00707,analytic,"[1, 128, 768]","[1, 128, 768]",1081.34,0.0,0.375,cuda_event,cuda
11,encoder.layer.1.attention.self.query,Linear,0.05331,0.375,150994944.0,590592,0,13,0.05331,counter,"[1, 128, 768]","[1, 128, 768]",1081.34,0.0,0.375,cuda_event,cuda
11,encoder.layer.1.attention.self.key,Linear,0.05325,0.375,150994944.0,590592,0,14,0.05325,counter,"[1, 128, 768]","[1, 128, 768]",1081.34,0.0,0.375,cuda_event,cuda
11,encoder.layer.1.attention.self.value,Linear,0.05446,0.375,150994944.0,590592,0,15,0.05446,counter,"[1, 128, 768]","[1, 128, 768]",1081.34,0.0,0.375,cuda_event,cuda
11,encoder.layer.1.attention.output.dense,Linear,0.05325,0.375,150994944.0,590592,0,16,0.05325,counter,"[1, 128, 768]","[1, 128, 768]",1081.34,0.0,0.375,cuda_event,cuda
11,encoder.layer.1.attention.output.LayerNorm,LayerNorm,0.00774,0.375,491520.0,1536,0,17,0.00774,analytic,"[1, 128, 768]","[1, 128, 768]",1081.34,0.0,0.375,cuda_event,cuda
11,encoder.layer.1.intermediate.dense,Linear,0.12378,1.5,603979776.0,2362368,0,18,0.12378,counter,"[1, 128, 768]","[1, 128, 3072]",1081.34,0.0,1.5,cuda_event,cuda
11,encoder.layer.1.intermediate.intermediate_act_fn,GELUActivation,0.00614,1.5,0.0,0,0,19,0.00614,none,"[1, 128, 3072]","[1, 128, 3072]",1081.34,0.0,1.5,cuda_event,cuda
11,encoder.layer.1.output.dense,Linear,0.1536,0.375,603979776.0,2360064,0,20,0.1536,counter,"[1, 128, 3072]","[1, 128, 768]",1081.34,0.0,0.375,cuda_event,cuda
11,encoder.layer.1.output.LayerNorm,LayerNorm,0.00819,0.375,491520.0,1536,0,21,0.00819,analytic,"[1, 128, 768]","[1, 128, 768]",1081.34,0.0,0.375,cuda_event,cuda
11,encoder.layer.2.attention.self.query,Linear,0.05325,0.375,150994944.0,590592,0,22,0.05325,counter,"[1, 128, 768]","[1, 128, 768]",1081.34,0.0,0.375,cuda_event,cuda
11,encoder.layer.2.attention.self.key,Linear,0.05523,0.375,150994944.0,590592,0,23,0.05523,counter,"[1, 128, 768]","[1, 128, 768]",1081.34,0.0,0.375,cuda_event,cuda
11,encoder.layer.2.attention.self.value,Linear,0.05347,0.375,150994944.0,590592,0,24,0.05347,counter,"[1, 128, 768]","[1, 128, 768]",1081.34,0.0,0.375,cuda_event,cuda
11,encoder.layer.2.attention.output.dense,Linear,0.05322,0.375,150994944.0,590592,0,25,0.05322,counter,"[1, 128, 768]","[1, 128, 768]",1081.34,0.0,0.375,cuda_event,cuda
11,encoder.layer.2.attention.output.LayerNorm,LayerNorm,0.00819,0.375,491520.0,1536,0,26,0.00819,analytic,"[1, 128, 768]","[1, 128, 768]",1081.34,0.0,0.375,cuda_event,cuda
11,encoder.layer.2.intermediate.dense,Linear,0.12403,1.5,603979776.0,2362368,0,27,0.12403,counter,"[1, 128, 768]","[1, 128, 3072]",1081.34,0.0,1.5,cuda_event,cuda
11,encoder.layer.2.intermediate.intermediate_act_fn,GELUActivation,0.00717,1.5,0.0,0,0,28,0.00717,none,"[1, 128, 3072]","[1, 128, 3072]",1081.34,0.0,1.5,cuda_event,cuda
11,encoder.layer.2.output.dense,Linear,0.15312,0.375,603979776.0,2360064,0,29,0.15312,counter,"[1, 128, 3072]","[1, 128, 768]",1081.34,0.0,0.375,cuda_event,cuda
11,encoder.layer.2.output.LayerNorm,LayerNorm,0.00819,0.375,491520.0,1536,0,30,0.00819,analytic,"[1, 128, 768]","[1, 128, 768]",1081.34,0.0,0.375,cuda_event,cuda
11,encoder.layer.3.attention.self.query,Linear,0.05325,0.375,150994944.0,590592,0,31,0.05325,counter,"[1, 128, 768]","[1, 128, 768]",1081.34,0.0,0.375,cuda_event,cuda
11,encoder.layer.3.attention.self.key,Linear,0.05325,0.375,150994944.0,590592,0,32,0.05325,counter,"[1, 128, 768]","[1, 128, 768]",1081.34,0.0,0.375,cuda_event,cuda
11,encoder.layer.3.attention.self.value,Linear,0.0553,0.375,150994944.0,590592,0,33,0.0553,counter,"[1, 128, 768]","[1, 128, 768]",1081.34,0.0,0.375,cuda_event,cuda
11,encoder.layer.3.attention.output.dense,Linear,0.05344,0.375,150994944.0,590592,0,34,0.05344,counter,"[1, 128, 768]","[1, 128, 768]",1081.34,0.0,0.375,cuda_event,cuda
11,encoder.layer.3.attention.output.LayerNorm,LayerNorm,0.00816,0.375,491520.0,1536,0,35,0.00816,analytic,"[1, 128, 768]","[1, 128, 768]",1081.34,0.0,0.375,cuda_event,cuda
11,encoder.layer.3.intermediate.dense,Linear,0.12493,1.5,603979776.0,2362368,0,36,0.12493,counter,"[1, 128, 768]","[1, 128, 3072]",1081.34,0.0,1.5,cuda_event,cuda
11,encoder.layer.3.intermediate.intermediate_act_fn,GELUActivation,0.00765,1.5,0.0,0,0,37,0.00765,none,"[1, 128, 3072]","[1, 128, 3072]",1081.34,0.0,1.5,cuda_event,cuda
11,encoder.layer.3.output.dense,Linear,0.15546,0.375,603979776.0,2360064,0,38,0.15546,counter,"[1, 128, 3072]","[1, 128, 768]",1081.34,0.0,0.375,cuda_event,cuda
11,encoder.layer.3.output.LayerNorm,LayerNorm,0.00819,0.375,491520.0,1536,0,39,0.00819,analytic,"[1, 128, 768]","[1, 128, 768]",1081.34,0.0,0.375,cuda_event,cuda
11,encoder.layer.4.attention.self.query,Linear,0.05325,0.375,150994944.0,590592,0,40,0.05325,counter,"[1, 128, 768]","[1, 128, 768]",1081.34,0.0,0.375,cuda_event,cuda
11,encoder.layer.4.attention.self.key,Linear,0.05325,0.375,150994944.0,590592,0,41,0.05325,counter,"[1, 128, 768]","[1, 128, 768]",1081.34,0.0,0.375,cuda_event,cuda
11,encoder.layer.4.attention.self.value,Linear,0.0552,0.375,150994944.0,590592,0,42,0.0552,counter,"[1, 128, 768]","[1, 128, 768]",1081.34,0.0,0.375,cuda_event,cuda
11,encoder.layer.4.attention.output.dense,Linear,0.05411,0.375,150994944.0,590592,0,43,0.05411,counter,"[1, 128, 768]","[1, 128, 768]",1081.34,0.0,0.375,cuda_event,cuda
11,encoder.layer.4.attention.output.LayerNorm,LayerNorm,0.00794,0.375,491520.0,1536,0,44,0.00794,analytic,"[1, 128, 768]","[1, 128, 768]",1081.34,0.0,0.375,cuda_event,cuda
11,encoder.layer.4.intermediate.dense,Linear,0.1225,1.5,603979776.0,2362368,0,45,0.1225,counter,"[1, 128, 768]","[1, 128, 3072]",1081.34,0.0,1.5,cuda_event,cuda
11,encoder.layer.4.intermediate.intermediate_act_fn,GELUActivation,0.00688,1.5,0.0,0,0,46,0.00688,none,"[1, 128, 3072]","[1, 128, 3072]",1081.34,0.0,1.5,cuda_event,cuda
11,encoder.layer.4.output.dense,Linear,0.1536,0.375,603979776.0,2360064,0,47,0.1536,counter,"[1, 128, 3072]","[1, 128, 768]",1081.34,0.0,0.375,cuda_event,cuda
11,encoder.layer.4.output.LayerNorm,LayerNorm,0.00806,0.375,491520.0,1536,0,48,0.00806,analytic,"[1, 128, 768]","[1, 128, 768]",1081.34,0.0,0.375,cuda_event,cuda
11,encoder.layer.5.attention.self.query,Linear,0.05299,0.375,150994944.0,590592,0,49,0.05299,counter,"[1, 128, 768]","[1, 128, 768]",1081.34,0.0,0.375,cuda_event,cuda
11,encoder.layer.5.attention.self.key,Linear,0.05344,0.375,150994944.0,590592,0,50,0.05344,counter,"[1, 128, 768]","[1, 128, 768]",1081.34,0.0,0.375,cuda_event,cuda
11,encoder.layer.5.attention.self.value,Linear,0.05363,0.375,150994944.0,590592,0,51,0.05363,counter,"[1, 128, 768]","[1, 128, 768]",1081.34,0.0,0.375,cuda_event,cuda
11,encoder.layer.5.attention.output.dense,Linear,0.05283,0.375,150994944.0,590592,0,52,0.05283,counter,"[1, 128, 768]","[1, 128, 768]",1081.34,0.0,0.375,cuda_event,cuda
11,encoder.layer.5.attention.output.LayerNorm,LayerNorm,0.00819,0.375,491520.0,1536,0,53,0.00819,analytic,"[1, 128, 768]","[1, 128, 768]",1081.34,0.0,0.375,cuda_event,cuda
11,encoder.layer.5.intermediate.dense,Linear,0.12451,1.5,603979776.0,2362368,0,54,0.12451,counter,"[1, 128, 768]","[1, 128, 3072]",1081.34,0.0,1.5,cuda_event,cuda
11,encoder.layer.5.intermediate.intermediate_act_fn,GELUActivation,0.00669,1.5,0.0,0,0,55,0.00669,none,"[1, 128, 3072]","[1, 128, 3072]",1081.34,0.0,1.5,cuda_event,cuda
11,encoder.layer.5.output.dense,Linear,0.15341,0.375,603979776.0,2360064,0,56,0.15341,counter,"[1, 128, 3072]","[1, 128, 768]",1081.34,0.0,0.375,cuda_event,cuda
11,encoder.layer.5.output.LayerNorm,LayerNorm,0.00778,0.375,491520.0,1536,0,57,0.00778,analytic,"[1, 128, 768]","[1, 128, 768]",1081.34,0.0,0.375,cuda_event,cuda
11,encoder.layer.6.attention.self.query,Linear,0.05325,0.375,150994944.0,590592,0,58,0.05325,counter,"[1, 128, 768]","[1, 128, 768]",1081.34,0.0,0.375,cuda_event,cuda
11,encoder.layer.6.attention.self.key,Linear,0.05475,0.375,150994944.0,590592,0,59,0.05475,counter,"[1, 128, 768]","[1, 128, 768]",1081.34,0.0,0.375,cuda_event,cuda
11,encoder.layer.6.attention.self.value,Linear,0.0535,0.375,150994944.0,590592,0,60,0.0535,counter,"[1, 128, 768]","[1, 128, 768]",1081.34,0.0,0.375,cuda_event,cuda
11,encoder.layer.6.attention.output.dense,Linear,0.05325,0.375,150994944.0,590592,0,61,0.05325,counter,"[1, 128, 768]","[1, 128, 768]",1081.34,0.0,0.375,cuda_event,cuda
11,encoder.layer.6.attention.output.LayerNorm,LayerNorm,0.00819,0.375,491520.0,1536,0,62,0.00819,analytic,"[1, 128, 768]","[1, 128, 768]",1081.34,0.0,0.375,cuda_event,cuda
11,encoder.layer.6.intermediate.dense,Linear,0.12493,1.5,603979776.0,2362368,0,63,0.12493,counter,"[1, 128, 768]","[1, 128, 3072]",1081.34,0.0,1.5,cuda_event,cuda
11,encoder.layer.6.intermediate.intermediate_act_fn,GELUActivation,0.00752,1.5,0.0,0,0,64,0.00752,none,"[1, 128, 3072]","[1, 128, 3072]",1081.34,0.0,1.5,cuda_event,cuda
11,encoder.layer.6.output.dense,Linear,0.15389,0.375,603979776.0,2360064,0,65,0.15389,counter,"[1, 128, 3072]","[1, 128, 768]",1081.34,0.0,0.375,cuda_event,cuda
11,encoder.layer.6.output.LayerNorm,LayerNorm,0.0081,0.375,491520.0,1536,0,66,0.0081,analytic,"[1, 128, 768]","[1, 128, 768]",1081.34,0.0,0.375,cuda_event,cuda
11,encoder.layer.7.attention.self.query,Linear,0.05325,0.375,150994944.0,590592,0,67,0.05325,counter,"[1, 128, 768]","[1, 128, 768]",1081.34,0.0,0.375,cuda_event,cuda
11,encoder.layer.7.attention.self.key,Linear,0.05469,0.375,150994944.0,590592,0,68,0.05469,counter,"[1, 128, 768]","[1, 128, 768]",1081.34,0.0,0.375,cuda_event,cuda
11,encoder.layer.7.attention.self.value,Linear,0.05373,0.375,150994944.0,590592,0,69,0.05373,counter,"[1, 128, 768]","[1, 128, 768]",1081.34,0.0,0.375,cuda_event,cuda
11,encoder.layer.7.attention.output.dense,Linear,0.05453,0.375,150994944.0,590592,0,70,0.05453,counter,"[1, 128, 768]","[1, 128, 768]",1081.34,0.0,0.375,cuda_event,cuda
11,encoder.layer.7.attention.output.LayerNorm,LayerNorm,0.00813,0.375,491520.0,1536,0,71,0.00813,analytic,"[1, 128, 768]","[1, 128, 768]",1081.34,0.0,0.375,cuda_event,cuda
11,encoder.layer.7.intermediate.dense,Linear,0.12317,1.5,603979776.0,2362368,0,72,0.12317,counter,"[1, 128, 768]","[1, 128, 3072]",1081.34,0.0,1.5,cuda_event,cuda
11,encoder.layer.7.intermediate.intermediate_act_fn,GELUActivation,0.00682,1.5,0.0,0,0,73,0.00682,none,"[1, 128, 3072]","[1, 128, 3072]",1081.34,0.0,1.5,cuda_event,cuda
11,encoder.layer.7.output.dense,Linear,0.15507,0.375,603979776.0,2360064,0,74,0.15507,counter,"[1, 128, 3072]","[1, 128, 768]",1081.34,0.0,0.375,cuda_event,cuda
11,encoder.layer.7.output.LayerNorm,LayerNorm,0.00704,0.375,491520.0,1536,0,75,0.00704,analytic,"[1, 128, 768]","[1, 128, 768]",1081.34,0.0,0.375,cuda_event,cuda
11,encoder.layer.8.attention.self.query,Linear,0.05286,0.375,150994944.0,590592,0,76,0.05286,counter,"[1, 128, 768]","[1, 128, 768]",1081.34,0.0,0.375,cuda_event,cuda
11,encoder.layer.8.attention.self.key,Linear,0.05376,0.375,150994944.0,590592,0,77,0.05376,counter,"[1, 128, 768]","[1, 128, 768]",1081.34,0.0,0.375,cuda_event,cuda
11,encoder.layer.8.attention.self.value,Linear,0.05453,0.375,150994944.0,590592,0,78,0.05453,counter,"[1, 128, 768]","[1, 128, 768]",1081.34,0.0,0.375,cuda_event,cuda
11,encoder.layer.8.attention.output.dense,Linear,0.05491,0.375,150994944.0,590592,0,79,0.05491,counter,"[1, 128, 768]","[1, 128, 768]",1081.34,0.0,0.375,cuda_event,cuda
11,encoder.layer.8.attention.output.LayerNorm,LayerNorm,0.00778,0.375,491520.0,1536,0,80,0.00778,analytic,"[1, 128, 768]","[1, 128, 768]",1081.34,0.0,0.375,cuda_event,cuda
11,encoder.layer.8.intermediate.dense,Linear,0.12493,1.5,603979776.0,2362368,0,81,0.12493,counter,"[1, 128, 768]","[1, 128, 3072]",1081.34,0.0,1.5,cuda_event,cuda
11,encoder.layer.8.intermediate.intermediate_act_fn,GELUActivation,0.00614,1.5,0.0,0,0,82,0.00614,none,"[1, 128, 3072]","[1, 128, 3072]",1081.34,0.0,1.5,cuda_event,cuda
11,encoder.layer.8.output.dense,Linear,0.1536,0.375,603979776.0,2360064,0,83,0.1536,counter,"[1, 128, 3072]","[1, 128, 768]",1081.34,0.0,0.375,cuda_event,cuda
11,encoder.layer.8.output.LayerNorm,LayerNorm,0.0081,0.375,491520.0,1536,0,84,0.0081,analytic,"[1, 128, 768]","[1, 128, 768]",1081.34,0.0,0.375,cuda_event,cuda
11,encoder.layer.9.attention.self.query,Linear,0.05274,0.375,150994944.0,590592,0,85,0.05274,counter,"[1, 128, 768]","[1, 128, 768]",1081.34,0.0,0.375,cuda_event,cuda
11,encoder.layer.9.attention.self.key,Linear,0.05309,0.375,150994944.0,590592,0,86,0.05309,counter,"[1, 128, 768]","[1, 128, 768]",1081.34,0.0,0.375,cuda_event,cuda
11,encoder.layer.9.attention.self.value,Linear,0.05462,0.375,150994944.0,590592,0,87,0.05462,counter,"[1, 128, 768]","[1, 128, 768]",1081.34,0.0,0.375,cuda_event,cuda
11,encoder.layer.9.attention.output.dense,Linear,0.05318,0.375,150994944.0,590592,0,88,0.05318,counter,"[1, 128, 768]","[1, 128, 768]",1081.34,0.0,0.375,cuda_event,cuda
11,encoder.layer.9.attention.output.LayerNorm,LayerNorm,0.00694,0.375,491520.0,1536,0,89,0.00694,analytic,"[1, 128, 768]","[1, 128, 768]",1081.34,0.0,0.375,cuda_event,cuda
11,encoder.layer.9.intermediate.dense,Linear,0.12288,1.5,603979776.0,2362368,0,90,0.12288,counter,"[1, 128, 768]","[1, 128, 3072]",1081.34,0.0,1.5,cuda_event,cuda
11,encoder.layer.9.intermediate.intermediate_act_fn,GELUActivation,0.00778,1.5,0.0,0,0,91,0.00778,none,"[1, 128, 3072]","[1, 128, 3072]",1081.34,0.0,1.5,cuda_event,cuda
11,encoder.layer.9.output.dense,Linear,0.15536,0.375,603979776.0,2360064,0,92,0.15536,counter,"[1, 128, 3072]","[1, 128, 768]",1081.34,0.0,0.375,cuda_event,cuda
11,encoder.layer.9.output.LayerNorm,LayerNorm,0.00704,0.375,491520.0,1536,0,93,0.00704,analytic,"[1, 128, 768]","[1, 128, 768]",1081.34,0.0,0.375,cuda_event,cuda
11,encoder.layer.10.attention.self.query,Linear,0.05325,0.375,150994944.0,590592,0,94,0.05325,counter,"[1, 128, 768]","[1, 128, 768]",1081.34,0.0,0.375,cuda_event,cuda
11,encoder.layer.10.attention.self.key,Linear,0.05325,0.375,150994944.0,590592,0,95,0.05325,counter,"[1, 128, 768]","[1, 128, 768]",1081.34,0.0,0.375,cuda_event,cuda
11,encoder.layer.10.attention.self.value,Linear,0.0553,0.375,150994944.0,590592,0,96,0.0553,counter,"[1, 128, 768]","[1, 128, 768]",1081.34,0.0,0.375,cuda_event,cuda
11,encoder.layer.10.attention.output.dense,Linear,0.05389,0.375,150994944.0,590592,0,97,0.05389,counter,"[1, 128, 768]","[1, 128, 768]",1081.34,0.0,0.375,cuda_event,cuda
11,encoder.layer.10.attention.output.LayerNorm,LayerNorm,0.00781,0.375,491520.0,1536,0,98,0.00781,analytic,"[1, 128, 768]","[1, 128, 768]",1081.34,0.0,0.375,cuda_event,cuda
11,encoder.layer.10.intermediate.dense,Linear,0.12336,1.5,603979776.0,2362368,0,99,0.12336,counter,"[1, 128, 768]","[1, 128, 3072]",1081.34,0.0,1.5,cuda_event,cuda
11,encoder.layer.10.intermediate.intermediate_act_fn,GELUActivation,0.00614,1.5,0.0,0,0,100,0.00614,none,"[1, 128, 3072]","[1, 128, 3072]",1081.34,0.0,1.5,cuda_event,cuda
11,encoder.layer.10.output.dense,Linear,0.15475,0.375,603979776.0,2360064,0,101,0.15475,counter,"[1, 128, 3072]","[1, 128, 768]",1081.34,0.0,0.375,cuda_event,cuda
11,encoder.layer.10.output.LayerNorm,LayerNorm,0.00819,0.375,491520.0,1536,0,102,0.00819,analytic,"[1, 128, 768]","[1, 128, 768]",1081.34,0.0,0.375,cuda_event,cuda
11,encoder.layer.11.attention.self.query,Linear,0.05325,0.375,150994944.0,590592,0,103,0.05325,counter,"[1, 128, 768]","[1, 128, 768]",1081.34,0.0,0.375,cuda_event,cuda
11,encoder.layer.11.attention.self.key,Linear,0.0553,0.375,150994944.0,590592,0,104,0.0553,counter,"[1, 128, 768]","[1, 128, 768]",1081.34,0.0,0.375,cuda_event,cuda
11,encoder.layer.11.attention.self.value,Linear,0.05328,0.375,150994944.0,590592,0,105,0.05328,counter,"[1, 128, 768]","[1, 128, 768]",1081.34,0.0,0.375,cuda_event,cuda
11,encoder.layer.11.attention.output.dense,Linear,0.05354,0.375,150994944.0,590592,0,106,0.05354,counter,"[1, 128, 768]","[1, 128, 768]",1081.34,0.0,0.375,cuda_event,cuda
11,encoder.layer.11.attention.output.LayerNorm,LayerNorm,0.00682,0.375,491520.0,1536,0,107,0.00682,analytic,"[1, 128, 768]","[1, 128, 768]",1081.34,0.0,0.375,cuda_event,cuda
11,encoder.layer.11.intermediate.dense,Linear,0.12461,1.5,603979776.0,2362368,0,108,0.12461,counter,"[1, 128, 768]","[1, 128, 3072]",1081.34,0.0,1.5,cuda_event,cuda
11,encoder.layer.11.intermediate.intermediate_act_fn,GELUActivation,0.0064,1.5,0.0,0,0,109,0.0064,none,"[1, 128, 3072]","[1, 128, 3072]",1081.34,0.0,1.5,cuda_event,cuda
11,encoder.layer.11.output.dense,Linear,0.1536,0.375,603979776.0,2360064,0,110,0.1536,counter,"[1, 128, 3072]","[1, 128, 768]",1081.34,0.0,0.375,cuda_event,cuda
11,encoder.layer.11.output.LayerNorm,LayerNorm,0.00797,0.375,491520.0,1536,0,111,0.00797,analytic,"[1, 128, 768]","[1, 128, 768]",1081.34,0.0,0.375,cuda_event,cuda
11,pooler.dense,Linear,0.01264,0.00293,1179648.0,590592,0,112,0.01264,counter,"[1, 768]","[1, 768]",1081.34,0.0,0.003,cuda_event,cuda
11,pooler.activation,Tanh,0.00541,0.00293,3072.0,0,0,113,0.00541,analytic,"[1, 768]","[1, 768]",1081.34,0.0,0.003,cuda_event,cuda
12,embeddings.word_embeddings,Embedding,0.00573,0.375,0.0,23440896,0,0,0.00573,none,"[1, 128]","[1, 128, 768]",1081.34,0.0,0.375,cuda_event,cuda
12,embeddings.token_type_embeddings,Embedding,0.00467,0.375,0.0,1536,0,1,0.00467,none,"[1, 128]","[1, 128, 768]",1081.34,0.0,0.375,cuda_event,cuda
12,embeddings.position_embeddings,Embedding,0.00614,0.375,0.0,393216,0,2,0.00614,none,"[1, 128]","[1, 128, 768]",1081.34,0.0,0.375,cuda_event,cuda
12,embeddings.LayerNorm,LayerNorm,0.0081,0.375,491520.0,1536,0,3,0.0081,analytic,"[1, 128, 768]","[1, 128, 768]",1081.34,0.0,0.375,cuda_event,cuda
12,encoder.layer.0.attention.self.query,Linear,0.05344,0.375,150994944.0,590592,0,4,0.05344,counter,"[1, 128, 768]","[1, 128, 768]",1081.34,0.0,0.375,cuda_event,cuda
12,encoder.layer.0.attention.self.key,Linear,0.05328,0.375,150994944.0,590592,0,5,0.05328,counter,"[1, 128, 768]","[1, 128, 768]",1081.34,0.0,0.375,cuda_event,cuda
12,encoder.layer.0.attention.self.value,Linear,0.0545,0.375,150994944.0,590592,0,6,0.0545,counter,"[1, 128, 768]","[1, 128, 768]",1081.34,0.0,0.375,cuda_event,cuda
12,encoder.layer.0.attention.output.dense,Linear,0.05318,0.375,150994944.0,590592,0,7,0.05318,counter,"[1, 128, 768]","[1, 128, 768]",1081.34,0.0,0.375,cuda_event,cuda
12,encoder.layer.0.attention.output.LayerNorm,LayerNorm,0.00794,0.375,491520.0,1536,0,8,0.00794,analytic,"[1, 128, 768]","[1, 128, 768]",1081.34,0.0,0.375,cuda_event,cuda
12,encoder.layer.0.intermediate.dense,Linear,0.12349,1.5,603979776.0,2362368,0,9,0.12349,counter,"[1, 128, 768]","[1, 128, 3072]",1081.34,0.0,1.5,cuda_event,cuda
12,encoder.layer.0.intermediate.intermediate_act_fn,GELUActivation,0.00746,1.5,0.0,0,0,10,0.00746,none,"[1, 128, 3072]","[1, 128, 3072]",1081.34,0.0,1.5,cuda_event,cuda
12,encoder.layer.0.output.dense,Linear,0.1543,0.375,603979776.0,2360064,0,11,0.1543,counter,"[1, 128, 3072]","[1, 128, 768]",1081.34,0.0,0.375,cuda_event,cuda
12,encoder.layer.0.output.LayerNorm,LayerNorm,0.00774,0.375,491520.0,1536,0,12,0.00774,analytic,"[1, 128, 768]","[1, 128, 768]",1081.34,0.0,0.375,cuda_event,cuda
12,encoder.layer.1.attention.self.query,Linear,0.05325,0.375,150994944.0,590592,0,13,0.05325,counter,"[1, 128, 768]","[1, 128, 768]",1081.34,0.0,0.375,cuda_event,cuda
12,encoder.layer.1.attention.self.key,Linear,0.05325,0.375,150994944.0,590592,0,14,0.05325,counter,"[1, 128, 768]","[1, 128, 768]",1081.34,0.0,0.375,cuda_event,cuda
12,encoder.layer.1.attention.self.value,Linear,0.05328,0.375,150994944.0,590592,0,15,0.05328,counter,"[1, 128, 768]","[1, 128, 768]",1081.34,0.0,0.375,cuda_event,cuda
12,encoder.layer.1.attention.output.dense,Linear,0.05344,0.375,150994944.0,590592,0,16,0.05344,counter,"[1, 128, 768]","[1, 128, 768]",1081.34,0.0,0.375,cuda_event,cuda
12,encoder.layer.1.attention.output.LayerNorm,LayerNorm,0.00784,0.375,491520.0,1536,0,17,0.00784,analytic,"[1, 128, 768]","[1, 128, 768]",1081.34,0.0,0.375,cuda_event,cuda
12,encoder.layer.1.intermediate.dense,Linear,0.12528,1.5,603979776.0,2362368,0,18,0.12528,counter,"[1, 128, 768]","[1, 128, 3072]",1081.34,0.0,1.5,cuda_event,cuda
12,encoder.layer.1.intermediate.intermediate_act_fn,GELUActivation,0.00672,1.5,0.0,0,0,19,0.00672,none,"[1, 128, 3072]","[1, 128, 3072]",1081.34,0.0,1.5,cuda_event,cuda
12,encoder.layer.1.output.dense,Linear,0.1536,0.375,603979776.0,2360064,0,20,0.1536,counter,"[1, 128, 3072]","[1, 128, 768]",1081.34,0.0,0.375,cuda_event,cuda
12,encoder.layer.1.output.LayerNorm,LayerNorm,0.00819,0.375,491520.0,1536,0,21,0.00819,analytic,"[1, 128, 768]","[1, 128, 768]",1081.34,0.0,0.375,cuda_event,cuda
12,encoder.layer.2.attention.self.query,Linear,0.05325,0.375,150994944.0,590592,0,22,0.05325,counter,"[1, 128, 768]","[1, 128, 768]",1081.34,0.0,0.375,cuda_event,cuda
12,encoder.layer.2.attention.self.key,Linear,0.05437,0.375,150994944.0,590592,0,23,0.05437,counter,"[1, 128, 768]","[1, 128, 768]",1081.34,0.0,0.375,cuda_event,cuda
12,encoder.layer.2.attention.self.value,Linear,0.05485,0.375,150994944.0,590592,0,24,0.05485,counter,"[1, 128, 768]","[1, 128, 768]",1081.34,0.0,0.375,cuda_event,cuda
12,encoder.layer.2.attention.output.dense,Linear,0.05325,0.375,150994944.0,590592,0,25,0.05325,counter,"[1, 128, 768]","[1, 128, 768]",1081.34,0.0,0.375,cuda_event,cuda
12,encoder.layer.2.attention.output.LayerNorm,LayerNorm,0.00816,0.375,491520.0,1536,0,26,0.00816,analytic,"[1, 128, 768]","[1, 128, 768]",1081.34,0.0,0.375,cuda_event,cuda
12,encoder.layer.2.intermediate.dense,Linear,0.12307,1.5,603979776.0,2362368,0,27,0.12307,counter,"[1, 128, 768]","[1, 128, 3072]",1081.34,0.0,1.5,cuda_event,cuda
12,encoder.layer.2.intermediate.intermediate_act_fn,GELUActivation,0.00749,1.5,0.0,0,0,28,0.00749,none,"[1, 128, 3072]","[1, 128, 3072]",1081.34,0.0,1.5,cuda_event,cuda
12,encoder.layer.2.output.dense,Linear,0.15037,0.375,603979776.0,2360064,0,29,0.15037,counter,"[1, 128, 3072]","[1, 128, 768]",1081.34,0.0,0.375,cuda_event,cuda
12,encoder.layer.2.output.LayerNorm,LayerNorm,0.00794,0.375,491520.0,1536,0,30,0.00794,analytic,"[1, 128, 768]","[1, 128, 768]",1081.34,0.0,0.375,cuda_event,cuda
12,encoder.layer.3.attention.self.query,Linear,0.05158,0.375,150994944.0,590592,0,31,0.05158,counter,"[1, 128, 768]","[1, 128, 768]",1081.34,0.0,0.375,cuda_event,cuda
12,encoder.layer.3.attention.self.key,Linear,0.0553,0.375,150994944.0,590592,0,32,0.0553,counter,"[1, 128, 768]","[1, 128, 768]",1081.34,0.0,0.375,cuda_event,cuda
12,encoder.layer.3.attention.self.value,Linear,0.05437,0.375,150994944.0,590592,0,33,0.05437,counter,"[1, 128, 768]","[1, 128, 768]",1081.34,0.0,0.375,cuda_event,cuda
12,encoder.layer.3.attention.output.dense,Linear,0.05341,0.375,150994944.0,590592,0,34,0.05341,counter,"[1, 128, 768]","[1, 128, 768]",1081.34,0.0,0.375,cuda_event,cuda
12,encoder.layer.3.attention.output.LayerNorm,LayerNorm,0.00803,0.375,491520.0,1536,0,35,0.00803,analytic,"[1, 128, 768]","[1, 128, 768]",1081.34,0.0,0.375,cuda_event,cuda
12,encoder.layer.3.intermediate.dense,Linear,0.12474,1.5,603979776.0,2362368,0,36,0.12474,counter,"[1, 128, 768]","[1, 128, 3072]",1081.34,0.0,1.5,cuda_event,cuda
12,encoder.layer.3.intermediate.intermediate_act_fn,GELUActivation,0.00678,1.5,0.0,0,0,37,0.00678,none,"[1, 128, 3072]","[1, 128, 3072]",1081.34,0.0,1.5,cuda_event,cuda
12,encoder.layer.3.output.dense,Linear,0.15523,0.375,603979776.0,2360064,0,38,0.15523,counter,"[1, 128, 3072]","[1, 128, 768]",1081.34,0.0,0.375,cuda_event,cuda
12,encoder.layer.3.output.LayerNorm,LayerNorm,0.00704,0.375,491520.0,1536,0,39,0.00704,analytic,"[1, 128, 768]","[1, 128, 768]",1081.34,0.0,0.375,cuda_event,cuda
12,encoder.layer.4.attention.self.query,Linear,0.05325,0.375,150994944.0,590592,0,40,0.05325,counter,"[1, 128, 768]","[1, 128, 768]",1081.34,0.0,0.375,cuda_event,cuda
12,encoder.layer.4.attention.self.key,Linear,0.05478,0.375,150994944.0,590592,0,41,0.05478,counter,"[1, 128, 768]","[1, 128, 768]",1081.34,0.0,0.375,cuda_event,cuda
12,encoder.layer.4.attention.self.value,Linear,0.05469,0.375,150994944.0,590592,0,42,0.05469,counter,"[1, 128, 768]","[1, 128, 768]",1081.34,0.0,0.375,cuda_event,cuda
12,encoder.layer.4.attention.output.dense,Linear,0.05341,0.375,150994944.0,590592,0,43,0.05341,counter,"[1, 128, 768]","[1, 128, 768]",1081.34,0.0,0.375,cuda_event,cuda
12,encoder.layer.4.attention.output.LayerNorm,LayerNorm,0.00819,0.375,491520.0,1536,0,44,0.00819,analytic,"[1, 128, 768]","[1, 128, 768]",1081.34,0.0,0.375,cuda_event,cuda
12,encoder.layer.4.intermediate.dense,Linear,0.12288,1.5,603979776.0,2362368,0,45,0.12288,counter,"[1, 128, 768]","[1, 128, 3072]",1081.34,0.0,1.5,cuda_event,cuda
12,encoder.layer.4.intermediate.intermediate_act_fn,GELUActivation,0.00717,1.5,0.0,0,0,46,0.00717,none,"[1, 128, 3072]","[1, 128, 3072]",1081.34,0.0,1.5,cuda_event,cuda
12,encoder.layer.4.output.dense,Linear,0.15485,0.375,603979776.0,2360064,0,47,0.15485,counter,"[1, 128, 3072]","[1, 128, 768]",1081.34,0.0,0.375,cuda_event,cuda
12,encoder.layer.4.output.LayerNorm,LayerNorm,0.00819,0.375,491520.0,1536,0,48,0.00819,analytic,"[1, 128, 768]","[1, 128, 768]",1081.34,0.0,0.375,cuda_event,cuda
12,encoder.layer.5.attention.self.query,Linear,0.05283,0.375,150994944.0,590592,0,49,0.05283,counter,"[1, 128, 768]","[1, 128, 768]",1081.34,0.0,0.375,cuda_event,cuda
12,encoder.layer.5.attention.self.key,Linear,0.05296,0.375,150994944.0,590592,0,50,0.05296,counter,"[1, 128, 768]","[1, 128, 768]",1081.34,0.0,0.375,cuda_event,cuda
12,encoder.layer.5.attention.self.value,Linear,0.05408,0.375,150994944.0,590592,0,51,0.05408,counter,"[1, 128, 768]","[1, 128, 768]",1081.34,0.0,0.375,cuda_event,cuda
12,encoder.layer.5.attention.output.dense,Linear,0.05395,0.375,150994944.0,590592,0,52,0.05395,counter,"[1, 128, 768]","[1, 128, 768]",1081.34,0.0,0.375,cuda_event,cuda
12,encoder.layer.5.attention.output.LayerNorm,LayerNorm,0.00819,0.375,491520.0,1536,0,53,0.00819,analytic,"[1, 128, 768]","[1, 128, 768]",1081.34,0.0,0.375,cuda_event,cuda
12,encoder.layer.5.intermediate.dense,Linear,0.12682,1.5,603979776.0,2362368,0,54,0.12682,counter,"[1, 128, 768]","[1, 128, 3072]",1081.34,0.0,1.5,cuda_event,cuda
12,encoder.layer.5.intermediate.intermediate_act_fn,GELUActivation,0.00643,1.5,0.0,0,0,55,0.00643,none,"[1, 128, 3072]","[1, 128, 3072]",1081.34,0.0,1.5,cuda_event,cuda
12,encoder.layer.5.output.dense,Linear,0.1536,0.375,603979776.0,2360064,0,56,0.1536,counter,"[1, 128, 3072]","[1, 128, 768]",1081.34,0.0,0.375,cuda_event,cuda
12,encoder.layer.5.output.LayerNorm,LayerNorm,0.00803,0.375,491520.0,1536,0,57,0.00803,analytic,"[1, 128, 768]","[1, 128, 768]",1081.34,0.0,0.375,cuda_event,cuda
12,encoder.layer.6.attention.self.query,Linear,0.0535,0.375,150994944.0,590592,0,58,0.0535,counter,"[1, 128, 768]","[1, 128, 768]",1081.34,0.0,0.375,cuda_event,cuda
12,encoder.layer.6.attention.self.key,Linear,0.05475,0.375,150994944.0,590592,0,59,0.05475,counter,"[1, 128, 768]","[1, 128, 768]",1081.34,0.0,0.375,cuda_event,cuda
12,encoder.layer.6.attention.self.value,Linear,0.05389,0.375,150994944.0,590592,0,60,0.05389,counter,"[1, 128, 768]","[1, 128, 768]",1081.34,0.0,0.375,cuda_event,cuda
12,encoder.layer.6.attention.output.dense,Linear,0.05389,0.375,150994944.0,590592,0,61,0.05389,counter,"[1, 128, 768]","[1, 128, 768]",1081.34,0.0,0.375,cuda_event,cuda
12,encoder.layer.6.attention.output.LayerNorm,LayerNorm,0.00765,0.375,491520.0,1536,0,62,0.00765,analytic,"[1, 128, 768]","[1, 128, 768]",1081.34,0.0,0.375,cuda_event,cuda
12,encoder.layer.6.intermediate.dense,Linear,0.12547,1.5,603979776.0,2362368,0,63,0.12547,counter,"[1, 128, 768]","[1, 128, 3072]",1081.34,0.0,1.5,cuda_event,cuda
12,encoder.layer.6.intermediate.intermediate_act_fn,GELUActivation,0.00656,1.5,0.0,0,0,64,0.00656,none,"[1, 128, 3072]","[1, 128, 3072]",1081.34,0.0,1.5,cuda_event,cuda
12,encoder.layer.6.output.dense,Linear,0.1536,0.375,603979776.0,2360064,0,65,0.1536,counter,"[1, 128, 3072]","[1, 128, 768]",1081.34,0.0,0.375,cuda_event,cuda
12,encoder.layer.6.output.LayerNorm,LayerNorm,0.00819,0.375,491520.0,1536,0,66,0.00819,analytic,"[1, 128, 768]","[1, 128, 768]",1081.34,0.0,0.375,cuda_event,cuda
12,encoder.layer.7.attention.self.query,Linear,0.05331,0.375,150994944.0,590592,0,67,0.05331,counter,"[1, 128, 768]","[1, 128, 768]",1081.34,0.0,0.375,cuda_event,cuda
12,encoder.layer.7.attention.self.key,Linear,0.05325,0.375,150994944.0,590592,0,68,0.05325,counter,"[1, 128, 768]","[1, 128, 768]",1081.34,0.0,0.375,cuda_event,cuda
12,encoder.layer.7.attention.self.value,Linear,0.0543,0.375,150994944.0,590592,0,69,0.0543,counter,"[1, 128, 768]","[1, 128, 768]",1081.34,0.0,0.375,cuda_event,cuda
12,encoder.layer.7.attention.output.dense,Linear,0.0528,0.375,150994944.0,590592,0,70,0.0528,counter,"[1, 128, 768]","[1, 128, 768]",1081.34,0.0,0.375,cuda_event,cuda
12,encoder.layer.7.attention.output.LayerNorm,LayerNorm,0.00701,0.375,491520.0,1536,0,71,0.00701,analytic,"[1, 128, 768]","[1, 128, 768]",1081.34,0.0,0.375,cuda_event,cuda
12,encoder.layer.7.intermediate.dense,Linear,0.12403,1.5,603979776.0,2362368,0,72,0.12403,counter,"[1, 128, 768]","[1, 128, 3072]",1081.34,0.0,1.5,cuda_event,cuda
12,encoder.layer.7.intermediate.intermediate_act_fn,GELUActivation,0.00717,1.5,0.0,0,0,73,0.00717,none,"[1, 128, 3072]","[1, 128, 3072]",1081.34,0.0,1.5,cuda_event,cuda
12,encoder.layer.7.output.dense,Linear,0.15574,0.375,603979776.0,2360064,0,74,0.15574,counter,"[1, 128, 3072]","[1, 128, 768]",1081.34,0.0,0.375,cuda_event,cuda
12,encoder.layer.7.output.LayerNorm,LayerNorm,0.00778,0.375,491520.0,1536,0,75,0.00778,analytic,"[1, 128, 768]","[1, 128, 768]",1081.34,0.0,0.375,cuda_event,cuda
12,encoder.layer.8.attention.self.query,Linear,0.05325,0.375,150994944.0,590592,0,76,0.05325,counter,"[1, 128, 768]","[1, 128, 768]",1081.34,0.0,0.375,cuda_event,cuda
12,encoder.layer.8.attention.self.key,Linear,0.05325,0.375,150994944.0,590592,0,77,0.05325,counter,"[1, 128, 768]","[1, 128, 768]",1081.34,0.0,0.375,cuda_event,cuda
12,encoder.layer.8.attention.self.value,Linear,0.05325,0.375,150994944.0,590592,0,78,0.05325,counter,"[1, 128, 768]","[1, 128, 768]",1081.34,0.0,0.375,cuda_event,cuda
12,encoder.layer.8.attention.output.dense,Linear,0.05354,0.375,150994944.0,590592,0,79,0.05354,counter,"[1, 128, 768]","[1, 128, 768]",1081.34,0.0,0.375,cuda_event,cuda
12,encoder.layer.8.attention.output.LayerNorm,LayerNorm,0.00787,0.375,491520.0,1536,0,80,0.00787,analytic,"[1, 128, 768]","[1, 128, 768]",1081.34,0.0,0.375,cuda_event,cuda
12,encoder.layer.8.intermediate.dense,Linear,0.12342,1.5,603979776.0,2362368,0,81,0.12342,counter,"[1, 128, 768]","[1, 128, 3072]",1081.34,0.0,1.5,cuda_event,cuda
12,encoder.layer.8.intermediate.intermediate_act_fn,GELUActivation,0.0072,1.5,0.0,0,0,82,0.0072,none,"[1, 128, 3072]","[1, 128, 3072]",1081.34,0.0,1.5,cuda_event,cuda
12,encoder.layer.8.output.dense,Linear,0.15354,0.375,603979776.0,2360064,0,83,0.15354,counter,"[1, 128, 3072]","[1, 128, 768]",1081.34,0.0,0.375,cuda_event,cuda
12,encoder.layer.8.output.LayerNorm,LayerNorm,0.00694,0.375,491520.0,1536,0,84,0.00694,analytic,"[1, 128, 768]","[1, 128, 768]",1081.34,0.0,0.375,cuda_event,cuda
12,encoder.layer.9.attention.self.query,Linear,0.0545,0.375,150994944.0,590592,0,85,0.0545,counter,"[1, 128, 768]","[1, 128, 768]",1081.34,0.0,0.375,cuda_event,cuda
12,encoder.layer.9.attention.self.key,Linear,0.05421,0.375,150994944.0,590592,0,86,0.05421,counter,"[1, 128, 768]","[1, 128, 768]",1081.34,0.0,0.375,cuda_event,cuda
12,encoder.layer.9.attention.self.value,Linear,0.05325,0.375,150994944.0,590592,0,87,0.05325,counter,"[1, 128, 768]","[1, 128, 768]",1081.34,0.0,0.375,cuda_event,cuda
12,encoder.layer.9.attention.output.dense,Linear,0.05472,0.375,150994944.0,590592,0,88,0.05472,counter,"[1, 128, 768]","[1, 128, 768]",1081.34,0.0,0.375,cuda_event,cuda
12,encoder.layer.9.attention.output.LayerNorm,LayerNorm,0.00813,0.375,491520.0,1536,0,89,0.00813,analytic,"[1, 128, 768]","[1, 128, 768]",1081.34,0.0,0.375,cuda_event,cuda
12,encoder.layer.9.intermediate.dense,Linear,0.12515,1.5,603979776.0,2362368,0,90,0.12515,counter,"[1, 128, 768]","[1, 128, 3072]",1081.34,0.0,1.5,cuda_event,cuda
12,encoder.layer.9.intermediate.intermediate_act_fn,GELUActivation,0.00618,1.5,0.0,0,0,91,0.00618,none,"[1, 128, 3072]","[1, 128, 3072]",1081.34,0.0,1.5,cuda_event,cuda
12,encoder.layer.9.output.dense,Linear,0.15485,0.375,603979776.0,2360064,0,92,0.15485,counter,"[1, 128, 3072]","[1, 128, 768]",1081.34,0.0,0.375,cuda_event,cuda
12,encoder.layer.9.output.LayerNorm,LayerNorm,0.00819,0.375,491520.0,1536,0,93,0.00819,analytic,"[1, 128, 768]","[1, 128, 768]",1081.34,0.0,0.375,cuda_event,cuda
12,encoder.layer.10.attention.self.query,Linear,0.05325,0.375,150994944.0,590592,0,94,0.05325,counter,"[1, 128, 768]","[1, 128, 768]",1081.34,0.0,0.375,cuda_event,cuda
12,encoder.layer.10.attention.self.key,Linear,0.05334,0.375,150994944.0,590592,0,95,0.05334,counter,"[1, 128, 768]","[1, 128, 768]",1081.34,0.0,0.375,cuda_event,cuda
12,encoder.layer.10.attention.self.value,Linear,0.05325,0.375,150994944.0,590592,0,96,0.05325,counter,"[1, 128, 768]","[1, 128, 768]",1081.34,0.0,0.375,cuda_event,cuda
12,encoder.layer.10.attention.output.dense,Linear,0.05395,0.375,150994944.0,590592,0,97,0.05395,counter,"[1, 128, 768]","[1, 128, 768]",1081.34,0.0,0.375,cuda_event,cuda
12,encoder.layer.10.attention.output.LayerNorm,LayerNorm,0.00803,0.375,491520.0,1536,0,98,0.00803,analytic,"[1, 128, 768]","[1, 128, 768]",1081.34,0.0,0.375,cuda_event,cuda
12,encoder.layer.10.intermediate.dense,Linear,0.12442,1.5,603979776.0,2362368,0,99,0.12442,counter,"[1, 128, 768]","[1, 128, 3072]",1081.34,0.0,1.5,cuda_event,cuda
12,encoder.layer.10.intermediate.intermediate_act_fn,GELUActivation,0.00688,1.5,0.0,0,0,100,0.00688,none,"[1, 128, 3072]","[1, 128, 3072]",1081.34,0.0,1.5,cuda_event,cuda
12,encoder.layer.10.output.dense,Linear,0.15398,0.375,603979776.0,2360064,0,101,0.15398,counter,"[1, 128, 3072]","[1, 128, 768]",1081.34,0.0,0.375,cuda_event,cuda
12,encoder.layer.10.output.LayerNorm,LayerNorm,0.00797,0.375,491520.0,1536,0,102,0.00797,analytic,"[1, 128, 768]","[1, 128, 768]",1081.34,0.0,0.375,cuda_event,cuda
12,encoder.layer.11.attention.self.query,Linear,0.0536,0.375,150994944.0,590592,0,103,0.0536,counter,"[1, 128, 768]","[1, 128, 768]",1081.34,0.0,0.375,cuda_event,cuda
12,encoder.layer.11.attention.self.key,Linear,0.05325,0.375,150994944.0,590592,0,104,0.05325,counter,"[1, 128, 768]","[1, 128, 768]",1081.34,0.0,0.375,cuda_event,cuda
12,encoder.layer.11.attention.self.value,Linear,0.05325,0.375,150994944.0,590592,0,105,0.05325,counter,"[1, 128, 768]","[1, 128, 768]",1081.34,0.0,0.375,cuda_event,cuda
12,encoder.layer.11.attention.output.dense,Linear,0.0535,0.375,150994944.0,590592,0,106,0.0535,counter,"[1, 128, 768]","[1, 128, 768]",1081.34,0.0,0.375,cuda_event,cuda
12,encoder.layer.11.attention.output.LayerNorm,LayerNorm,0.00819,0.375,491520.0,1536,0,107,0.00819,analytic,"[1, 128, 768]","[1, 128, 768]",1081.34,0.0,0.375,cuda_event,cuda
12,encoder.layer.11.intermediate.dense,Linear,0.12291,1.5,603979776.0,2362368,0,108,0.12291,counter,"[1, 128, 768]","[1, 128, 3072]",1081.34,0.0,1.5,cuda_event,cuda
12,encoder.layer.11.intermediate.intermediate_act_fn,GELUActivation,0.0073,1.5,0.0,0,0,109,0.0073,none,"[1, 128, 3072]","[1, 128, 3072]",1081.34,0.0,1.5,cuda_event,cuda
12,encoder.layer.11.output.dense,Linear,0.15466,0.375,603979776.0,2360064,0,110,0.15466,counter,"[1, 128, 3072]","[1, 128, 768]",1081.34,0.0,0.375,cuda_event,cuda
12,encoder.layer.11.output.LayerNorm,LayerNorm,0.00819,0.375,491520.0,1536,0,111,0.00819,analytic,"[1, 128, 768]","[1, 128, 768]",1081.34,0.0,0.375,cuda_event,cuda
12,pooler.dense,Linear,0.01386,0.00293,1179648.0,590592,0,112,0.01386,counter,"[1, 768]","[1, 768]",1081.34,0.0,0.003,cuda_event,cuda
12,pooler.activation,Tanh,0.00429,0.00293,3072.0,0,0,113,0.00429,analytic,"[1, 768]","[1, 768]",1081.34,0.0,0.003,cuda_event,cuda
13,embeddings.word_embeddings,Embedding,0.00614,0.375,0.0,23440896,0,0,0.00614,none,"[1, 128]","[1, 128, 768]",1081.34,0.0,0.375,cuda_event,cuda
13,embeddings.token_type_embeddings,Embedding,0.0041,0.375,0.0,1536,0,1,0.0041,none,"[1, 128]","[1, 128, 768]",1081.34,0.0,0.375,cuda_event,cuda
13,embeddings.position_embeddings,Embedding,0.00605,0.375,0.0,393216,0,2,0.00605,none,"[1, 128]","[1, 128, 768]",1081.34,0.0,0.375,cuda_event,cuda
13,embeddings.LayerNorm,LayerNorm,0.00755,0.375,491520.0,1536,0,3,0.00755,analytic,"[1, 128, 768]","[1, 128, 768]",1081.34,0.0,0.375,cuda_event,cuda
13,encoder.layer.0.attention.self.query,Linear,0.05379,0.375,150994944.0,590592,0,4,0.05379,counter,"[1, 128, 768]","[1, 128, 768]",1081.34,0.0,0.375,cuda_event,cuda
13,encoder.layer.0.attention.self.key,Linear,0.05382,0.375,150994944.0,590592,0,5,0.05382,counter,"[1, 128, 768]","[1, 128, 768]",1081.34,0.0,0.375,cuda_event,cuda
13,encoder.layer.0.attention.self.value,Linear,0.05325,0.375,150994944.0,590592,0,6,0.05325,counter,"[1, 128, 768]","[1, 128, 768]",1081.34,0.0,0.375,cuda_event,cuda
13,encoder.layer.0.attention.output.dense,Linear,0.05325,0.375,150994944.0,590592,0,7,0.05325,counter,"[1, 128, 768]","[1, 128, 768]",1081.34,0.0,0.375,cuda_event,cuda
13,encoder.layer.0.attention.output.LayerNorm,LayerNorm,0.00819,0.375,491520.0,1536,0,8,0.00819,analytic,"[1, 128, 768]","[1, 128, 768]",1081.34,0.0,0.375,cuda_event,cuda
13,encoder.layer.0.intermediate.dense,Linear,0.12438,1.5,603979776.0,2362368,0,9,0.12438,counter,"[1, 128, 768]","[1, 128, 3072]",1081.34,0.0,1.5,cuda_event,cuda
13,encoder.layer.0.intermediate.intermediate_act_fn,GELUActivation,0.00666,1.5,0.0,0,0,10,0.00666,none,"[1, 128, 3072]","[1, 128, 3072]",1081.34,0.0,1.5,cuda_event,cuda
13,encoder.layer.0.output.dense,Linear,0.15222,0.375,603979776.0,2360064,0,11,0.15222,counter,"[1, 128, 3072]","[1, 128, 768]",1081.34,0.0,0.375,cuda_event,cuda
13,encoder.layer.0.output.LayerNorm,LayerNorm,0.00819,0.375,491520.0,1536,0,12,0.00819,analytic,"[1, 128, 768]","[1, 128, 768]",1081.34,0.0,0.375,cuda_event,cuda
13,encoder.layer.1.attention.self.query,Linear,0.05251,0.375,150994944.0,590592,0,13,0.05251,counter,"[1, 128, 768]","[1, 128, 768]",1081.34,0.0,0.375,cuda_event,cuda
13,encoder.layer.1.attention.self.key,Linear,0.05398,0.375,150994944.0,590592,0,14,0.05398,counter,"[1, 128, 768]","[1, 128, 768]",1081.34,0.0,0.375,cuda_event,cuda
13,encoder.layer.1.attention.self.value,Linear,0.05357,0.375,150994944.0,590592,0,15,0.05357,counter,"[1, 128, 768]","[1, 128, 768]",1081.34,0.0,0.375,cuda_event,cuda
13,encoder.layer.1.attention.output.dense,Linear,0.0535,0.375,150994944.0,590592,0,16,0.0535,counter,"[1, 128, 768]","[1, 128, 768]",1081.34,0.0,0.375,cuda_event,cuda
13,encoder.layer.1.attention.output.LayerNorm,LayerNorm,0.00925,0.375,491520.0,1536,0,17,0.00925,analytic,"[1, 128, 768]","[1, 128, 768]",1081.34,0.0,0.375,cuda_event,cuda
13,encoder.layer.1.intermediate.dense,Linear,0.12627,1.5,603979776.0,2362368,0,18,0.12627,counter,"[1, 128, 768]","[1, 128, 3072]",1081.34,0.0,1.5,cuda_event,cuda
13,encoder.layer.1.intermediate.intermediate_act_fn,GELUActivation,0.00682,1.5,0.0,0,0,19,0.00682,none,"[1, 128, 3072]","[1, 128, 3072]",1081.34,0.0,1.5,cuda_event,cuda
13,encoder.layer.1.output.dense,Linear,0.15555,0.375,603979776.0,2360064,0,20,0.15555,counter,"[1, 128, 3072]","[1, 128, 768]",1081.34,0.0,0.375,cuda_event,cuda
13,encoder.layer.1.output.LayerNorm,LayerNorm,0.00813,0.375,491520.0,1536,0,21,0.00813,analytic,"[1, 128, 768]","[1, 128, 768]",1081.34,0.0,0.375,cuda_event,cuda
13,encoder.layer.2.attention.self.query,Linear,0.05174,0.375,150994944.0,590592,0,22,0.05174,counter,"[1, 128, 768]","[1, 128, 768]",1081.34,0.0,0.375,cuda_event,cuda
13,encoder.layer.2.attention.self.key,Linear,0.05504,0.375,150994944.0,590592,0,23,0.05504,counter,"[1, 128, 768]","[1, 128, 768]",1081.34,0.0,0.375,cuda_event,cuda
13,encoder.layer.2.attention.self.value,Linear,0.05334,0.375,150994944.0,590592,0,24,0.05334,counter,"[1, 128, 768]","[1, 128, 768]",1081.34,0.0,0.375,cuda_event,cuda
13,encoder.layer.2.attention.output.dense,Linear,0.0528,0.375,150994944.0,590592,0,25,0.0528,counter,"[1, 128, 768]","[1, 128, 768]",1081.34,0.0,0.375,cuda_event,cuda
13,encoder.layer.2.attention.output.LayerNorm,LayerNorm,0.00819,0.375,491520.0,1536,0,26,0.00819,analytic,"[1, 128, 768]","[1, 128, 768]",1081.34,0.0,0.375,cuda_event,cuda
13,encoder.layer.2.intermediate.dense,Linear,0.12493,1.5,603979776.0,2362368,0,27,0.12493,counter,"[1, 128, 768]","[1, 128, 3072]",1081.34,0.0,1.5,cuda_event,cuda
13,encoder.layer.2.intermediate.intermediate_act_fn,GELUActivation,0.00784,1.5,0.0,0,0,28,0.00784,none,"[1, 128, 3072]","[1, 128, 3072]",1081.34,0.0,1.5,cuda_event,cuda
13,encoder.layer.2.output.dense,Linear,0.15376,0.375,603979776.0,2360064,0,29,0.15376,counter,"[1, 128, 3072]","[1, 128, 768]",1081.34,0.0,0.375,cuda_event,cuda
13,encoder.layer.2.output.LayerNorm,LayerNorm,0.00822,0.375,491520.0,1536,0,30,0.00822,analytic,"[1, 128, 768]","[1, 128, 768]",1081.34,0.0,0.375,cuda_event,cuda
13,encoder.layer.3.attention.self.query,Linear,0.05203,0.375,150994944.0,590592,0,31,0.05203,counter,"[1, 128, 768]","[1, 128, 768]",1081.34,0.0,0.375,cuda_event,cuda
13,encoder.layer.3.attention.self.key,Linear,0.05325,0.375,150994944.0,590592,0,32,0.05325,counter,"[1, 128, 768]","[1, 128, 768]",1081.34,0.0,0.375,cuda_event,cuda
13,encoder.layer.3.attention.self.value,Linear,0.05498,0.375,150994944.0,590592,0,33,0.05498,counter,"[1, 128, 768]","[1, 128, 768]",1081.34,0.0,0.375,cuda_event,cuda
13,encoder.layer.3.attention.output.dense,Linear,0.05325,0.375,150994944.0,590592,0,34,0.05325,counter,"[1, 128, 768]","[1, 128, 768]",1081.34,0.0,0.375,cuda_event,cuda
13,encoder.layer.3.attention.output.LayerNorm,LayerNorm,0.00803,0.375,491520.0,1536,0,35,0.00803,analytic,"[1, 128, 768]","[1, 128, 768]",1081.34,0.0,0.375,cuda_event,cuda
13,encoder.layer.3.intermediate.dense,Linear,0.1263,1.5,603979776.0,2362368,0,36,0.1263,counter,"[1, 128, 768]","[1, 128, 3072]",1081.34,0.0,1.5,cuda_event,cuda
13,encoder.layer.3.intermediate.intermediate_act_fn,GELUActivation,0.00787,1.5,0.0,0,0,37,0.00787,none,"[1, 128, 3072]","[1, 128, 3072]",1081.34,0.0,1.5,cuda_event,cuda
13,encoder.layer.3.output.dense,Linear,0.15408,0.375,603979776.0,2360064,0,38,0.15408,counter,"[1, 128, 3072]","[1, 128, 768]",1081.34,0.0,0.375,cuda_event,cuda
13,encoder.layer.3.output.LayerNorm,LayerNorm,0.00758,0.375,491520.0,1536,0,39,0.00758,analytic,"[1, 128, 768]","[1, 128, 768]",1081.34,0.0,0.375,cuda_event,cuda
13,encoder.layer.4.attention.self.query,Linear,0.05197,0.375,150994944.0,590592,0,40,0.05197,counter,"[1, 128, 768]","[1, 128, 768]",1081.34,0.0,0.375,cuda_event,cuda
13,encoder.layer.4.attention.self.key,Linear,0.05325,0.375,150994944.0,590592,0,41,0.05325,counter,"[1, 128, 768]","[1, 128, 768]",1081.34,0.0,0.375,cuda_event,cuda
13,encoder.layer.4.attention.self.value,Linear,0.05363,0.375,150994944.0,590592,0,42,0.05363,counter,"[1, 128, 768]","[1, 128, 768]",1081.34,0.0,0.375,cuda_event,cuda
13,encoder.layer.4.attention.output.dense,Linear,0.05325,0.375,150994944.0,590592,0,43,0.05325,counter,"[1, 128, 768]","[1, 128, 768]",1081.34,0.0,0.375,cuda_event,cuda
13,encoder.layer.4.attention.output.LayerNorm,LayerNorm,0.008,0.375,491520.0,1536,0,44,0.008,analytic,"[1, 128, 768]","[1, 128, 768]",1081.34,0.0,0.375,cuda_event,cuda
13,encoder.layer.4.intermediate.dense,Linear,0.12288,1.5,603979776.0,2362368,0,45,0.12288,counter,"[1, 128, 768]","[1, 128, 3072]",1081.34,0.0,1.5,cuda_event,cuda
13,encoder.layer.4.intermediate.intermediate_act_fn,GELUActivation,0.00662,1.5,0.0,0,0,46,0.00662,none,"[1, 128, 3072]","[1, 128, 3072]",1081.34,0.0,1.5,cuda_event,cuda
13,encoder.layer.4.output.dense,Linear,0.15174,0.375,603979776.0,2360064,0,47,0.15174,counter,"[1, 128, 3072]","[1, 128, 768]",1081.34,0.0,0.375,cuda_event,cuda
13,encoder.layer.4.output.LayerNorm,LayerNorm,0.00819,0.375,491520.0,1536,0,48,0.00819,analytic,"[1, 128, 768]","[1, 128, 768]",1081.34,0.0,0.375,cuda_event,cuda
13,encoder.layer.5.attention.self.query,Linear,0.05331,0.375,150994944.0,590592,0,49,0.05331,counter,"[1, 128, 768]","[1, 128, 768]",1081.34,0.0,0.375,cuda_event,cuda
13,encoder.layer.5.attention.self.key,Linear,0.05325,0.375,150994944.0,590592,0,50,0.05325,counter,"[1, 128, 768]","[1, 128, 768]",1081.34,0.0,0.375,cuda_event,cuda
13,encoder.layer.5.attention.self.value,Linear,0.05354,0.375,150994944.0,590592,0,51,0.05354,counter,"[1, 128, 768]","[1, 128, 768]",1081.34,0.0,0.375,cuda_event,cuda
13,encoder.layer.5.attention.output.dense,Linear,0.0536,0.375,150994944.0,590592,0,52,0.0536,counter,"[1, 128, 768]","[1, 128, 768]",1081.34,0.0,0.375,cuda_event,cuda
13,encoder.layer.5.attention.output.LayerNorm,LayerNorm,0.00691,0.375,491520.0,1536,0,53,0.00691,analytic,"[1, 128, 768]","[1, 128, 768]",1081.34,0.0,0.375,cuda_event,cuda
13,encoder.layer.5.intermediate.dense,Linear,0.12288,1.5,603979776.0,2362368,0,54,0.12288,counter,"[1, 128, 768]","[1, 128, 3072]",1081.34,0.0,1.5,cuda_event,cuda
13,encoder.layer.5.intermediate.intermediate_act_fn,GELUActivation,0.00784,1.5,0.0,0,0,55,0.00784,none,"[1, 128, 3072]","[1, 128, 3072]",1081.34,0.0,1.5,cuda_event,cuda
13,encoder.layer.5.output.dense,Linear,0.15389,0.375,603979776.0,2360064,0,56,0.15389,counter,"[1, 128, 3072]","[1, 128, 768]",1081.34,0.0,0.375,cuda_event,cuda
13,encoder.layer.5.output.LayerNorm,LayerNorm,0.00685,0.375,491520.0,1536,0,57,0.00685,analytic,"[1, 128, 768]","[1, 128, 768]",1081.34,0.0,0.375,cuda_event,cuda
13,encoder.layer.6.attention.self.query,Linear,0.05299,0.375,150994944.0,590592,0,58,0.05299,counter,"[1, 128, 768]","[1, 128, 768]",1081.34,0.0,0.375,cuda_event,cuda
13,encoder.layer.6.attention.self.key,Linear,0.05363,0.375,150994944.0,590592,0,59,0.05363,counter,"[1, 128, 768]","[1, 128, 768]",1081.34,0.0,0.375,cuda_event,cuda
13,encoder.layer.6.attention.self.value,Linear,0.0543,0.375,150994944.0,590592,0,60,0.0543,counter,"[1, 128, 768]","[1, 128, 768]",1081.34,0.0,0.375,cuda_event,cuda
13,encoder.layer.6.attention.output.dense,Linear,0.0537,0.375,150994944.0,590592,0,61,0.0537,counter,"[1, 128, 768]","[1, 128, 768]",1081.34,0.0,0.375,cuda_event,cuda
13,encoder.layer.6.attention.output.LayerNorm,LayerNorm,0.00774,0.375,491520.0,1536,0,62,0.00774,analytic,"[1, 128, 768]","[1, 128, 768]",1081.34,0.0,0.375,cuda_event,cuda
13,encoder.layer.6.intermediate.dense,Linear,0.12506,1.5,603979776.0,2362368,0,63,0.12506,counter,"[1, 128, 768]","[1, 128, 3072]",1081.34,0.0,1.5,cuda_event,cuda
13,encoder.layer.6.intermediate.intermediate_act_fn,GELUActivation,0.00688,1.5,0.0,0,0,64,0.00688,none,"[1, 128, 3072]","[1, 128, 3072]",1081.34,0.0,1.5,cuda_event,cuda
13,encoder.layer.6.output.dense,Linear,0.15565,0.375,603979776.0,2360064,0,65,0.15565,counter,"[1, 128, 3072]","[1, 128, 768]",1081.34,0.0,0.375,cuda_event,cuda
13,encoder.layer.6.output.LayerNorm,LayerNorm,0.00819,0.375,491520.0,1536,0,66,0.00819,analytic,"[1, 128, 768]","[1, 128, 768]",1081.34,0.0,0.375,cuda_event,cuda
13,encoder.layer.7.attention.self.query,Linear,0.05325,0.375,150994944.0,590592,0,67,0.05325,counter,"[1, 128, 768]","[1, 128, 768]",1081.34,0.0,0.375,cuda_event,cuda
13,encoder.layer.7.attention.self.key,Linear,0.05325,0.375,150994944.0,590592,0,68,0.05325,counter,"[1, 128, 768]","[1, 128, 768]",1081.34,0.0,0.375,cuda_event,cuda
13,encoder.layer.7.attention.self.value,Linear,0.05325,0.375,150994944.0,590592,0,69,0.05325,counter,"[1, 128, 768]","[1, 128, 768]",1081.34,0.0,0.375,cuda_event,cuda
13,encoder.layer.7.attention.output.dense,Linear,0.05373,0.375,150994944.0,590592,0,70,0.05373,counter,"[1, 128, 768]","[1, 128, 768]",1081.34,0.0,0.375,cuda_event,cuda
13,encoder.layer.7.attention.output.LayerNorm,LayerNorm,0.008,0.375,491520.0,1536,0,71,0.008,analytic,"[1, 128, 768]","[1, 128, 768]",1081.34,0.0,0.375,cuda_event,cuda
13,encoder.layer.7.intermediate.dense,Linear,0.12291,1.5,603979776.0,2362368,0,72,0.12291,counter,"[1, 128, 768]","[1, 128, 3072]",1081.34,0.0,1.5,cuda_event,cuda
13,encoder.layer.7.intermediate.intermediate_act_fn,GELUActivation,0.00675,1.5,0.0,0,0,73,0.00675,none,"[1, 128, 3072]","[1, 128, 3072]",1081.34,0.0,1.5,cuda_event,cuda
13,encoder.layer.7.output.dense,Linear,0.15389,0.375,603979776.0,2360064,0,74,0.15389,counter,"[1, 128, 3072]","[1, 128, 768]",1081.34,0.0,0.375,cuda_event,cuda
13,encoder.layer.7.output.LayerNorm,LayerNorm,0.00787,0.375,491520.0,1536,0,75,0.00787,analytic,"[1, 128, 768]","[1, 128, 768]",1081.34,0.0,0.375,cuda_event,cuda
13,encoder.layer.8.attention.self.query,Linear,0.05334,0.375,150994944.0,590592,0,76,0.05334,counter,"[1, 128, 768]","[1, 128, 768]",1081.34,0.0,0.375,cuda_event,cuda
13,encoder.layer.8.attention.self.key,Linear,0.0536,0.375,150994944.0,590592,0,77,0.0536,counter,"[1, 128, 768]","[1, 128, 768]",1081.34,0.0,0.375,cuda_event,cuda
13,encoder.layer.8.attention.self.value,Linear,0.0537,0.375,150994944.0,590592,0,78,0.0537,counter,"[1, 128, 768]","[1, 128, 768]",1081.34,0.0,0.375,cuda_event,cuda
13,encoder.layer.8.attention.output.dense,Linear,0.05418,0.375,150994944.0,590592,0,79,0.05418,counter,"[1, 128, 768]","[1, 128, 768]",1081.34,0.0,0.375,cuda_event,cuda
13,encoder.layer.8.attention.output.LayerNorm,LayerNorm,0.00758,0.375,491520.0,1536,0,80,0.00758,analytic,"[1, 128, 768]","[1, 128, 768]",1081.34,0.0,0.375,cuda_event,cuda
13,encoder.layer.8.intermediate.dense,Linear,0.1239,1.5,603979776.0,2362368,0,81,0.1239,counter,"[1, 128, 768]","[1, 128, 3072]",1081.34,0.0,1.5,cuda_event,cuda
13,encoder.layer.8.intermediate.intermediate_act_fn,GELUActivation,0.00717,1.5,0.0,0,0,82,0.00717,none,"[1, 128, 3072]","[1, 128, 3072]",1081.34,0.0,1.5,cuda_event,cuda
13,encoder.layer.8.output.dense,Linear,0.15552,0.375,603979776.0,2360064,0,83,0.15552,counter,"[1, 128, 3072]","[1, 128, 768]",1081.34,0.0,0.375,cuda_event,cuda
13,encoder.layer.8.output.LayerNorm,LayerNorm,0.00787,0.375,491520.0,1536,0,84,0.00787,analytic,"[1, 128, 768]","[1, 128, 768]",1081.34,0.0,0.375,cuda_event,cuda
13,encoder.layer.9.attention.self.query,Linear,0.05331,0.375,150994944.0,590592,0,85,0.05331,counter,"[1, 128, 768]","[1, 128, 768]",1081.34,0.0,0.375,cuda_event,cuda
13,encoder.layer.9.attention.self.key,Linear,0.05341,0.375,150994944.0,590592,0,86,0.05341,counter,"[1, 128, 768]","[1, 128, 768]",1081.34,0.0,0.375,cuda_event,cuda
13,encoder.layer.9.attention.self.value,Linear,0.05414,0.375,150994944.0,590592,0,87,0.05414,counter,"[1, 128, 768]","[1, 128, 768]",1081.34,0.0,0.375,cuda_event,cuda
13,encoder.layer.9.attention.output.dense,Linear,0.05373,0.375,150994944.0,590592,0,88,0.05373,counter,"[1, 128, 768]","[1, 128, 768]",1081.34,0.0,0.375,cuda_event,cuda
13,encoder.layer.9.attention.output.LayerNorm,LayerNorm,0.0079,0.375,491520.0,1536,0,89,0.0079,analytic,"[1, 128, 768]","[1, 128, 768]",1081.34,0.0,0.375,cuda_event,cuda
13,encoder.layer.9.intermediate.dense,Linear,0.12368,1.5,603979776.0,2362368,0,90,0.12368,counter,"[1, 128, 768]","[1, 128, 3072]",1081.34,0.0,1.5,cuda_event,cuda
13,encoder.layer.9.intermediate.intermediate_act_fn,GELUActivation,0.00643,1.5,0.0,0,0,91,0.00643,none,"[1, 128, 3072]","[1, 128, 3072]",1081.34,0.0,1.5,cuda_event,cuda
13,encoder.layer.9.output.dense,Linear,0.15498,0.375,603979776.0,2360064,0,92,0.15498,counter,"[1, 128, 3072]","[1, 128, 768]",1081.34,0.0,0.375,cuda_event,cuda
13,encoder.layer.9.output.LayerNorm,LayerNorm,0.00819,0.375,491520.0,1536,0,93,0.00819,analytic,"[1, 128, 768]","[1, 128, 768]",1081.34,0.0,0.375,cuda_event,cuda
13,encoder.layer.10.attention.self.query,Linear,0.05235,0.375,150994944.0,590592,0,94,0.05235,counter,"[1, 128, 768]","[1, 128, 768]",1081.34,0.0,0.375,cuda_event,cuda
13,encoder.layer.10.attention.self.key,Linear,0.05366,0.375,150994944.0,590592,0,95,0.05366,counter,"[1, 128, 768]","[1, 128, 768]",1081.34,0.0,0.375,cuda_event,cuda
13,encoder.layer.10.attention.self.value,Linear,0.05478,0.375,150994944.0,590592,0,96,0.05478,counter,"[1, 128, 768]","[1, 128, 768]",1081.34,0.0,0.375,cuda_event,cuda
13,encoder.layer.10.attention.output.dense,Linear,0.05334,0.375,150994944.0,590592,0,97,0.05334,counter,"[1, 128, 768]","[1, 128, 768]",1081.34,0.0,0.375,cuda_event,cuda
13,encoder.layer.10.attention.output.LayerNorm,LayerNorm,0.00819,0.375,491520.0,1536,0,98,0.00819,analytic,"[1, 128, 768]","[1, 128, 768]",1081.34,0.0,0.375,cuda_event,cuda
13,encoder.layer.10.intermediate.dense,Linear,0.12483,1.5,603979776.0,2362368,0,99,0.12483,counter,"[1, 128, 768]","[1, 128, 3072]",1081.34,0.0,1.5,cuda_event,cuda
13,encoder.layer.10.intermediate.intermediate_act_fn,GELUActivation,0.00634,1.5,0.0,0,0,100,0.00634,none,"[1, 128, 3072]","[1, 128, 3072]",1081.34,0.0,1.5,cuda_event,cuda
13,encoder.layer.10.output.dense,Linear,0.15488,0.375,603979776.0,2360064,0,101,0.15488,counter,"[1, 128, 3072]","[1, 128, 768]",1081.34,0.0,0.375,cuda_event,cuda
13,encoder.layer.10.output.LayerNorm,LayerNorm,0.00819,0.375,491520.0,1536,0,102,0.00819,analytic,"[1, 128, 768]","[1, 128, 768]",1081.34,0.0,0.375,cuda_event,cuda
13,encoder.layer.11.attention.self.query,Linear,0.05325,0.375,150994944.0,590592,0,103,0.05325,counter,"[1, 128, 768]","[1, 128, 768]",1081.34,0.0,0.375,cuda_event,cuda
13,encoder.layer.11.attention.self.key,Linear,0.0553,0.375,150994944.0,590592,0,104,0.0553,counter,"[1, 128, 768]","[1, 128, 768]",1081.34,0.0,0.375,cuda_event,cuda
13,encoder.layer.11.attention.self.value,Linear,0.05456,0.375,150994944.0,590592,0,105,0.05456,counter,"[1, 128, 768]","[1, 128, 768]",1081.34,0.0,0.375,cuda_event,cuda
13,encoder.layer.11.attention.output.dense,Linear,0.05325,0.375,150994944.0,590592,0,106,0.05325,counter,"[1, 128, 768]","[1, 128, 768]",1081.34,0.0,0.375,cuda_event,cuda
13,encoder.layer.11.attention.output.LayerNorm,LayerNorm,0.00806,0.375,491520.0,1536,0,107,0.00806,analytic,"[1, 128, 768]","[1, 128, 768]",1081.34,0.0,0.375,cuda_event,cuda
13,encoder.layer.11.intermediate.dense,Linear,0.12422,1.5,603979776.0,2362368,0,108,0.12422,counter,"[1, 128, 768]","[1, 128, 3072]",1081.34,0.0,1.5,cuda_event,cuda
13,encoder.layer.11.intermediate.intermediate_act_fn,GELUActivation,0.00778,1.5,0.0,0,0,109,0.00778,none,"[1, 128, 3072]","[1, 128, 3072]",1081.34,0.0,1.5,cuda_event,cuda
13,encoder.layer.11.output.dense,Linear,0.15322,0.375,603979776.0,2360064,0,110,0.15322,counter,"[1, 128, 3072]","[1, 128, 768]",1081.34,0.0,0.375,cuda_event,cuda
13,encoder.layer.11.output.LayerNorm,LayerNorm,0.00819,0.375,491520.0,1536,0,111,0.00819,analytic,"[1, 128, 768]","[1, 128, 768]",1081.34,0.0,0.375,cuda_event,cuda
13,pooler.dense,Linear,0.01363,0.00293,1179648.0,590592,0,112,0.01363,counter,"[1, 768]","[1, 768]",1081.34,0.0,0.003,cuda_event,cuda
13,pooler.activation,Tanh,0.00432,0.00293,3072.0,0,0,113,0.00432,analytic,"[1, 768]","[1, 768]",1081.34,0.0,0.003,cuda_event,cuda
14,embeddings.word_embeddings,Embedding,0.00483,0.375,0.0,23440896,0,0,0.00483,none,"[1, 128]","[1, 128, 768]",1081.34,0.0,0.375,cuda_event,cuda
14,embeddings.token_type_embeddings,Embedding,0.00586,0.375,0.0,1536,0,1,0.00586,none,"[1, 128]","[1, 128, 768]",1081.34,0.0,0.375,cuda_event,cuda
14,embeddings.position_embeddings,Embedding,0.00614,0.375,0.0,393216,0,2,0.00614,none,"[1, 128]","[1, 128, 768]",1081.34,0.0,0.375,cuda_event,cuda
14,embeddings.LayerNorm,LayerNorm,0.00813,0.375,491520.0,1536,0,3,0.00813,analytic,"[1, 128, 768]","[1, 128, 768]",1081.34,0.0,0.375,cuda_event,cuda
14,encoder.layer.0.attention.self.query,Linear,0.05347,0.375,150994944.0,590592,0,4,0.05347,counter,"[1, 128, 768]","[1, 128, 768]",1081.34,0.0,0.375,cuda_event,cuda
14,encoder.layer.0.attention.self.key,Linear,0.05482,0.375,150994944.0,590592,0,5,0.05482,counter,"[1, 128, 768]","[1, 128, 768]",1081.34,0.0,0.375,cuda_event,cuda
14,encoder.layer.0.attention.self.value,Linear,0.05373,0.375,150994944.0,590592,0,6,0.05373,counter,"[1, 128, 768]","[1, 128, 768]",1081.34,0.0,0.375,cuda_event,cuda
14,encoder.layer.0.attention.output.dense,Linear,0.0553,0.375,150994944.0,590592,0,7,0.0553,counter,"[1, 128, 768]","[1, 128, 768]",1081.34,0.0,0.375,cuda_event,cuda
14,encoder.layer.0.attention.output.LayerNorm,LayerNorm,0.00794,0.375,491520.0,1536,0,8,0.00794,analytic,"[1, 128, 768]","[1, 128, 768]",1081.34,0.0,0.375,cuda_event,cuda
14,encoder.layer.0.intermediate.dense,Linear,0.12269,1.5,603979776.0,2362368,0,9,0.12269,counter,"[1, 128, 768]","[1, 128, 3072]",1081.34,0.0,1.5,cuda_event,cuda
14,encoder.layer.0.intermediate.intermediate_act_fn,GELUActivation,0.00714,1.5,0.0,0,0,10,0.00714,none,"[1, 128, 3072]","[1, 128, 3072]",1081.34,0.0,1.5,cuda_event,cuda
14,encoder.layer.0.output.dense,Linear,0.1536,0.375,603979776.0,2360064,0,11,0.1536,counter,"[1, 128, 3072]","[1, 128, 768]",1081.34,0.0,0.375,cuda_event,cuda
14,encoder.layer.0.output.LayerNorm,LayerNorm,0.00806,0.375,491520.0,1536,0,12,0.00806,analytic,"[1, 128, 768]","[1, 128, 768]",1081.34,0.0,0.375,cuda_event,cuda
14,encoder.layer.1.attention.self.query,Linear,0.05354,0.375,150994944.0,590592,0,13,0.05354,counter,"[1, 128, 768]","[1, 128, 768]",1081.34,0.0,0.375,cuda_event,cuda
14,encoder.layer.1.attention.self.key,Linear,0.05325,0.375,150994944.0,590592,0,14,0.05325,counter,"[1, 128, 768]","[1, 128, 768]",1081.34,0.0,0.375,cuda_event,cuda
14,encoder.layer.1.attention.self.value,Linear,0.05338,0.375,150994944.0,590592,0,15,0.05338,counter,"[1, 128, 768]","[1, 128, 768]",1081.34,0.0,0.375,cuda_event,cuda
14,encoder.layer.1.attention.output.dense,Linear,0.0536,0.375,150994944.0,590592,0,16,0.0536,counter,"[1, 128, 768]","[1, 128, 768]",1081.34,0.0,0.375,cuda_event,cuda
14,encoder.layer.1.attention.output.LayerNorm,LayerNorm,0.00768,0.375,491520.0,1536,0,17,0.00768,analytic,"[1, 128, 768]","[1, 128, 768]",1081.34,0.0,0.375,cuda_event,cuda
14,encoder.layer.1.intermediate.dense,Linear,0.12374,1.5,603979776.0,2362368,0,18,0.12374,counter,"[1, 128, 768]","[1, 128, 3072]",1081.34,0.0,1.5,cuda_event,cuda
14,encoder.layer.1.intermediate.intermediate_act_fn,GELUActivation,0.00774,1.5,0.0,0,0,19,0.00774,none,"[1, 128, 3072]","[1, 128, 3072]",1081.34,0.0,1.5,cuda_event,cuda
14,encoder.layer.1.output.dense,Linear,0.15418,0.375,603979776.0,2360064,0,20,0.15418,counter,"[1, 128, 3072]","[1, 128, 768]",1081.34,0.0,0.375,cuda_event,cuda
14,encoder.layer.1.output.LayerNorm,LayerNorm,0.00813,0.375,491520.0,1536,0,21,0.00813,analytic,"[1, 128, 768]","[1, 128, 768]",1081.34,0.0,0.375,cuda_event,cuda
14,encoder.layer.2.attention.self.query,Linear,0.05366,0.375,150994944.0,590592,0,22,0.05366,counter,"[1, 128, 768]","[1, 128, 768]",1081.34,0.0,0.375,cuda_event,cuda
14,encoder.layer.2.attention.self.key,Linear,0.05504,0.375,150994944.0,590592,0,23,0.05504,counter,"[1, 128, 768]","[1, 128, 768]",1081.34,0.0,0.375,cuda_event,cuda
14,encoder.layer.2.attention.self.value,Linear,0.05366,0.375,150994944.0,590592,0,24,0.05366,counter,"[1, 128, 768]","[1, 128, 768]",1081.34,0.0,0.375,cuda_event,cuda
14,encoder.layer.2.attention.output.dense,Linear,0.05328,0.375,150994944.0,590592,0,25,0.05328,counter,"[1, 128, 768]","[1, 128, 768]",1081.34,0.0,0.375,cuda_event,cuda
14,encoder.layer.2.attention.output.LayerNorm,LayerNorm,0.00819,0.375,491520.0,1536,0,26,0.00819,analytic,"[1, 128, 768]","[1, 128, 768]",1081.34,0.0,0.375,cuda_event,cuda
14,encoder.layer.2.intermediate.dense,Linear,0.12288,1.5,603979776.0,2362368,0,27,0.12288,counter,"[1, 128, 768]","[1, 128, 3072]",1081.34,0.0,1.5,cuda_event,cuda
14,encoder.layer.2.intermediate.intermediate_act_fn,GELUActivation,0.00621,1.5,0.0,0,0,28,0.00621,none,"[1, 128, 3072]","[1, 128, 3072]",1081.34,0.0,1.5,cuda_event,cuda
14,encoder.layer.2.output.dense,Linear,0.1536,0.375,603979776.0,2360064,0,29,0.1536,counter,"[1, 128, 3072]","[1, 128, 768]",1081.34,0.0,0.375,cuda_event,cuda
14,encoder.layer.2.output.LayerNorm,LayerNorm,0.00784,0.375,491520.0,1536,0,30,0.00784,analytic,"[1, 128, 768]","[1, 128, 768]",1081.34,0.0,0.375,cuda_event,cuda
14,encoder.layer.3.attention.self.query,Linear,0.05357,0.375,150994944.0,590592,0,31,0.05357,counter,"[1, 128, 768]","[1, 128, 768]",1081.34,0.0,0.375,cuda_event,cuda
14,encoder.layer.3.attention.self.key,Linear,0.05382,0.375,150994944.0,590592,0,32,0.05382,counter,"[1, 128, 768]","[1, 128, 768]",1081.34,0.0,0.375,cuda_event,cuda
14,encoder.layer.3.attention.self.value,Linear,0.05328,0.375,150994944.0,590592,0,33,0.05328,counter,"[1, 128, 768]","[1, 128, 768]",1081.34,0.0,0.375,cuda_event,cuda
14,encoder.layer.3.attention.output.dense,Linear,0.05382,0.375,150994944.0,590592,0,34,0.05382,counter,"[1, 128, 768]","[1, 128, 768]",1081.34,0.0,0.375,cuda_event,cuda
14,encoder.layer.3.attention.output.LayerNorm,LayerNorm,0.00707,0.375,491520.0,1536,0,35,0.00707,analytic,"[1, 128, 768]","[1, 128, 768]",1081.34,0.0,0.375,cuda_event,cuda
14,encoder.layer.3.intermediate.dense,Linear,0.12486,1.5,603979776.0,2362368,0,36,0.12486,counter,"[1, 128, 768]","[1, 128, 3072]",1081.34,0.0,1.5,cuda_event,cuda
14,encoder.layer.3.intermediate.intermediate_act_fn,GELUActivation,0.0063,1.5,0.0,0,0,37,0.0063,none,"[1, 128, 3072]","[1, 128, 3072]",1081.34,0.0,1.5,cuda_event,cuda
14,encoder.layer.3.output.dense,Linear,0.15565,0.375,603979776.0,2360064,0,38,0.15565,counter,"[1, 128, 3072]","[1, 128, 768]",1081.34,0.0,0.375,cuda_event,cuda
14,encoder.layer.3.output.LayerNorm,LayerNorm,0.00768,0.375,491520.0,1536,0,39,0.00768,analytic,"[1, 128, 768]","[1, 128, 768]",1081.34,0.0,0.375,cuda_event,cuda
14,encoder.layer.4.attention.self.query,Linear,0.05325,0.375,150994944.0,590592,0,40,0.05325,counter,"[1, 128, 768]","[1, 128, 768]",1081.34,0.0,0.375,cuda_event,cuda
14,encoder.layer.4.attention.self.key,Linear,0.05456,0.375,150994944.0,590592,0,41,0.05456,counter,"[1, 128, 768]","[1, 128, 768]",1081.34,0.0,0.375,cuda_event,cuda
14,encoder.layer.4.attention.self.value,Linear,0.05203,0.375,150994944.0,590592,0,42,0.05203,counter,"[1, 128, 768]","[1, 128, 768]",1081.34,0.0,0.375,cuda_event,cuda
14,encoder.layer.4.attention.output.dense,Linear,0.0536,0.375,150994944.0,590592,0,43,0.0536,counter,"[1, 128, 768]","[1, 128, 768]",1081.34,0.0,0.375,cuda_event,cuda
14,encoder.layer.4.attention.output.LayerNorm,LayerNorm,0.00762,0.375,491520.0,1536,0,44,0.00762,analytic,"[1, 128, 768]","[1, 128, 768]",1081.34,0.0,0.375,cuda_event,cuda
14,encoder.layer.4.intermediate.dense,Linear,0.12381,1.5,603979776.0,2362368,0,45,0.12381,counter,"[1, 128, 768]","[1, 128, 3072]",1081.34,0.0,1.5,cuda_event,cuda
14,encoder.layer.4.intermediate.intermediate_act_fn,GELUActivation,0.00637,1.5,0.0,0,0,46,0.00637,none,"[1, 128, 3072]","[1, 128, 3072]",1081.34,0.0,1.5,cuda_event,cuda
14,encoder.layer.4.output.dense,Linear,0.15322,0.375,603979776.0,2360064,0,47,0.15322,counter,"[1, 128, 3072]","[1, 128, 768]",1081.34,0.0,0.375,cuda_event,cuda
14,encoder.layer.4.output.LayerNorm,LayerNorm,0.00819,0.375,491520.0,1536,0,48,0.00819,analytic,"[1, 128, 768]","[1, 128, 768]",1081.34,0.0,0.375,cuda_event,cuda
14,encoder.layer.5.attention.self.query,Linear,0.05322,0.375,150994944.0,590592,0,49,0.05322,counter,"[1, 128, 768]","[1, 128, 768]",1081.34,0.0,0.375,cuda_event,cuda
14,encoder.layer.5.attention.self.key,Linear,0.05344,0.375,150994944.0,590592,0,50,0.05344,counter,"[1, 128, 768]","[1, 128, 768]",1081.34,0.0,0.375,cuda_event,cuda
14,encoder.layer.5.attention.self.value,Linear,0.05334,0.375,150994944.0,590592,0,51,0.05334,counter,"[1, 128, 768]","[1, 128, 768]",1081.34,0.0,0.375,cuda_event,cuda
14,encoder.layer.5.attention.output.dense,Linear,0.05325,0.375,150994944.0,590592,0,52,0.05325,counter,"[1, 128, 768]","[1, 128, 768]",1081.34,0.0,0.375,cuda_event,cuda
14,encoder.layer.5.attention.output.LayerNorm,LayerNorm,0.00819,0.375,491520.0,1536,0,53,0.00819,analytic,"[1, 128, 768]","[1, 128, 768]",1081.34,0.0,0.375,cuda_event,cuda
14,encoder.layer.5.intermediate.dense,Linear,0.1249,1.5,603979776.0,2362368,0,54,0.1249,counter,"[1, 128, 768]","[1, 128, 3072]",1081.34,0.0,1.5,cuda_event,cuda
14,encoder.layer.5.intermediate.intermediate_act_fn,GELUActivation,0.0063,1.5,0.0,0,0,55,0.0063,none,"[1, 128, 3072]","[1, 128, 3072]",1081.34,0.0,1.5,cuda_event,cuda
14,encoder.layer.5.output.dense,Linear,0.15565,0.375,603979776.0,2360064,0,56,0.15565,counter,"[1, 128, 3072]","[1, 128, 768]",1081.34,0.0,0.375,cuda_event,cuda
14,encoder.layer.5.output.LayerNorm,LayerNorm,0.00816,0.375,491520.0,1536,0,57,0.00816,analytic,"[1, 128, 768]","[1, 128, 768]",1081.34,0.0,0.375,cuda_event,cuda
14,encoder.layer.6.attention.self.query,Linear,0.05344,0.375,150994944.0,590592,0,58,0.05344,counter,"[1, 128, 768]","[1, 128, 768]",1081.34,0.0,0.375,cuda_event,cuda
14,encoder.layer.6.attention.self.key,Linear,0.05325,0.375,150994944.0,590592,0,59,0.05325,counter,"[1, 128, 768]","[1, 128, 768]",1081.34,0.0,0.375,cuda_event,cuda
14,encoder.layer.6.attention.self.value,Linear,0.0552,0.375,150994944.0,590592,0,60,0.0552,counter,"[1, 128, 768]","[1, 128, 768]",1081.34,0.0,0.375,cuda_event,cuda
14,encoder.layer.6.attention.output.dense,Linear,0.05325,0.375,150994944.0,590592,0,61,0.05325,counter,"[1, 128, 768]","[1, 128, 768]",1081.34,0.0,0.375,cuda_event,cuda
14,encoder.layer.6.attention.output.LayerNorm,LayerNorm,0.00803,0.375,491520.0,1536,0,62,0.00803,analytic,"[1, 128, 768]","[1, 128, 768]",1081.34,0.0,0.375,cuda_event,cuda
14,encoder.layer.6.intermediate.dense,Linear,0.12669,1.5,603979776.0,2362368,0,63,0.12669,counter,"[1, 128, 768]","[1, 128, 3072]",1081.34,0.0,1.5,cuda_event,cuda
14,encoder.layer.6.intermediate.intermediate_act_fn,GELUActivation,0.00669,1.5,0.0,0,0,64,0.00669,none,"[1, 128, 3072]","[1, 128, 3072]",1081.34,0.0,1.5,cuda_event,cuda
14,encoder.layer.6.output.dense,Linear,0.15578,0.375,603979776.0,2360064,0,65,0.15578,counter,"[1, 128, 3072]","[1, 128, 768]",1081.34,0.0,0.375,cuda_event,cuda
14,encoder.layer.6.output.LayerNorm,LayerNorm,0.00819,0.375,491520.0,1536,0,66,0.00819,analytic,"[1, 128, 768]","[1, 128, 768]",1081.34,0.0,0.375,cuda_event,cuda
14,encoder.layer.7.attention.self.query,Linear,0.05379,0.375,150994944.0,590592,0,67,0.05379,counter,"[1, 128, 768]","[1, 128, 768]",1081.34,0.0,0.375,cuda_event,cuda
14,encoder.layer.7.attention.self.key,Linear,0.05325,0.375,150994944.0,590592,0,68,0.05325,counter,"[1, 128, 768]","[1, 128, 768]",1081.34,0.0,0.375,cuda_event,cuda
14,encoder.layer.7.attention.self.value,Linear,0.05325,0.375,150994944.0,590592,0,69,0.05325,counter,"[1, 128, 768]","[1, 128, 768]",1081.34,0.0,0.375,cuda_event,cuda
14,encoder.layer.7.attention.output.dense,Linear,0.05379,0.375,150994944.0,590592,0,70,0.05379,counter,"[1, 128, 768]","[1, 128, 768]",1081.34,0.0,0.375,cuda_event,cuda
14,encoder.layer.7.attention.output.LayerNorm,LayerNorm,0.00806,0.375,491520.0,1536,0,71,0.00806,analytic,"[1, 128, 768]","[1, 128, 768]",1081.34,0.0,0.375,cuda_event,cuda
14,encoder.layer.7.intermediate.dense,Linear,0.12336,1.5,603979776.0,2362368,0,72,0.12336,counter,"[1, 128, 768]","[1, 128, 3072]",1081.34,0.0,1.5,cuda_event,cuda
14,encoder.layer.7.intermediate.intermediate_act_fn,GELUActivation,0.0063,1.5,0.0,0,0,73,0.0063,none,"[1, 128, 3072]","[1, 128, 3072]",1081.34,0.0,1.5,cuda_event,cuda
14,encoder.layer.7.output.dense,Linear,0.15571,0.375,603979776.0,2360064,0,74,0.15571,counter,"[1, 128, 3072]","[1, 128, 768]",1081.34,0.0,0.375,cuda_event,cuda
14,encoder.layer.7.output.LayerNorm,LayerNorm,0.0081,0.375,491520.0,1536,0,75,0.0081,analytic,"[1, 128, 768]","[1, 128, 768]",1081.34,0.0,0.375,cuda_event,cuda
14,encoder.layer.8.attention.self.query,Linear,0.05264,0.375,150994944.0,590592,0,76,0.05264,counter,"[1, 128, 768]","[1, 128, 768]",1081.34,0.0,0.375,cuda_event,cuda
14,encoder.layer.8.attention.self.key,Linear,0.05424,0.375,150994944.0,590592,0,77,0.05424,counter,"[1, 128, 768]","[1, 128, 768]",1081.34,0.0,0.375,cuda_event,cuda
14,encoder.layer.8.attention.self.value,Linear,0.05507,0.375,150994944.0,590592,0,78,0.05507,counter,"[1, 128, 768]","[1, 128, 768]",1081.34,0.0,0.375,cuda_event,cuda
14,encoder.layer.8.attention.output.dense,Linear,0.05414,0.375,150994944.0,590592,0,79,0.05414,counter,"[1, 128, 768]","[1, 128, 768]",1081.34,0.0,0.375,cuda_event,cuda
14,encoder.layer.8.attention.output.LayerNorm,LayerNorm,0.00778,0.375,491520.0,1536,0,80,0.00778,analytic,"[1, 128, 768]","[1, 128, 768]",1081.34,0.0,0.375,cuda_event,cuda
14,encoder.layer.8.intermediate.dense,Linear,0.1249,1.5,603979776.0,2362368,0,81,0.1249,counter,"[1, 128, 768]","[1, 128, 3072]",1081.34,0.0,1.5,cuda_event,cuda
14,encoder.layer.8.intermediate.intermediate_act_fn,GELUActivation,0.00704,1.5,0.0,0,0,82,0.00704,none,"[1, 128, 3072]","[1, 128, 3072]",1081.34,0.0,1.5,cuda_event,cuda
14,encoder.layer.8.output.dense,Linear,0.1536,0.375,603979776.0,2360064,0,83,0.1536,counter,"[1, 128, 3072]","[1, 128, 768]",1081.34,0.0,0.375,cuda_event,cuda
14,encoder.layer.8.output.LayerNorm,LayerNorm,0.00781,0.375,491520.0,1536,0,84,0.00781,analytic,"[1, 128, 768]","[1, 128, 768]",1081.34,0.0,0.375,cuda_event,cuda
14,encoder.layer.9.attention.self.query,Linear,0.05325,0.375,150994944.0,590592,0,85,0.05325,counter,"[1, 128, 768]","[1, 128, 768]",1081.34,0.0,0.375,cuda_event,cuda
14,encoder.layer.9.attention.self.key,Linear,0.05427,0.375,150994944.0,590592,0,86,0.05427,counter,"[1, 128, 768]","[1, 128, 768]",1081.34,0.0,0.375,cuda_event,cuda
14,encoder.layer.9.attention.self.value,Linear,0.05462,0.375,150994944.0,590592,0,87,0.05462,counter,"[1, 128, 768]","[1, 128, 768]",1081.34,0.0,0.375,cuda_event,cuda
14,encoder.layer.9.attention.output.dense,Linear,0.05459,0.375,150994944.0,590592,0,88,0.05459,counter,"[1, 128, 768]","[1, 128, 768]",1081.34,0.0,0.375,cuda_event,cuda
14,encoder.layer.9.attention.output.LayerNorm,LayerNorm,0.00819,0.375,491520.0,1536,0,89,0.00819,analytic,"[1, 128, 768]","[1, 128, 768]",1081.34,0.0,0.375,cuda_event,cuda
14,encoder.layer.9.intermediate.dense,Linear,0.1265,1.5,603979776.0,2362368,0,90,0.1265,counter,"[1, 128, 768]","[1, 128, 3072]",1081.34,0.0,1.5,cuda_event,cuda
14,encoder.layer.9.intermediate.intermediate_act_fn,GELUActivation,0.00662,1.5,0.0,0,0,91,0.00662,none,"[1, 128, 3072]","[1, 128, 3072]",1081.34,0.0,1.5,cuda_event,cuda
14,encoder.layer.9.output.dense,Linear,0.1576,0.375,603979776.0,2360064,0,92,0.1576,counter,"[1, 128, 3072]","[1, 128, 768]",1081.34,0.0,0.375,cuda_event,cuda
14,encoder.layer.9.output.LayerNorm,LayerNorm,0.00688,0.375,491520.0,1536,0,93,0.00688,analytic,"[1, 128, 768]","[1, 128, 768]",1081.34,0.0,0.375,cuda_event,cuda
14,encoder.layer.10.attention.self.query,Linear,0.05338,0.375,150994944.0,590592,0,94,0.05338,counter,"[1, 128, 768]","[1, 128, 768]",1081.34,0.0,0.375,cuda_event,cuda
14,encoder.layer.10.attention.self.key,Linear,0.05395,0.375,150994944.0,590592,0,95,0.05395,counter,"[1, 128, 768]","[1, 128, 768]",1081.34,0.0,0.375,cuda_event,cuda
14,encoder.layer.10.attention.self.value,Linear,0.05446,0.375,150994944.0,590592,0,96,0.05446,counter,"[1, 128, 768]","[1, 128, 768]",1081.34,0.0,0.375,cuda_event,cuda
14,encoder.layer.10.attention.output.dense,Linear,0.0545,0.375,150994944.0,590592,0,97,0.0545,counter,"[1, 128, 768]","[1, 128, 768]",1081.34,0.0,0.375,cuda_event,cuda
14,encoder.layer.10.attention.output.LayerNorm,LayerNorm,0.00819,0.375,491520.0,1536,0,98,0.00819,analytic,"[1, 128, 768]","[1, 128, 768]",1081.34,0.0,0.375,cuda_event,cuda
14,encoder.layer.10.intermediate.dense,Linear,0.1247,1.5,603979776.0,2362368,0,99,0.1247,counter,"[1, 128, 768]","[1, 128, 3072]",1081.34,0.0,1.5,cuda_event,cuda
14,encoder.layer.10.intermediate.intermediate_act_fn,GELUActivation,0.00653,1.5,0.0,0,0,100,0.00653,none,"[1, 128, 3072]","[1, 128, 3072]",1081.34,0.0,1.5,cuda_event,cuda
14,encoder.layer.10.output.dense,Linear,0.1551,0.375,603979776.0,2360064,0,101,0.1551,counter,"[1, 128, 3072]","[1, 128, 768]",1081.34,0.0,0.375,cuda_event,cuda
14,encoder.layer.10.output.LayerNorm,LayerNorm,0.00819,0.375,491520.0,1536,0,102,0.00819,analytic,"[1, 128, 768]","[1, 128, 768]",1081.34,0.0,0.375,cuda_event,cuda
14,encoder.layer.11.attention.self.query,Linear,0.05325,0.375,150994944.0,590592,0,103,0.05325,counter,"[1, 128, 768]","[1, 128, 768]",1081.34,0.0,0.375,cuda_event,cuda
14,encoder.layer.11.attention.self.key,Linear,0.05325,0.375,150994944.0,590592,0,104,0.05325,counter,"[1, 128, 768]","[1, 128, 768]",1081.34,0.0,0.375,cuda_event,cuda
14,encoder.layer.11.attention.self.value,Linear,0.05325,0.375,150994944.0,590592,0,105,0.05325,counter,"[1, 128, 768]","[1, 128, 768]",1081.34,0.0,0.375,cuda_event,cuda
14,encoder.layer.11.attention.output.dense,Linear,0.05366,0.375,150994944.0,590592,0,106,0.05366,counter,"[1, 128, 768]","[1, 128, 768]",1081.34,0.0,0.375,cuda_event,cuda
14,encoder.layer.11.attention.output.LayerNorm,LayerNorm,0.00819,0.375,491520.0,1536,0,107,0.00819,analytic,"[1, 128, 768]","[1, 128, 768]",1081.34,0.0,0.375,cuda_event,cuda
14,encoder.layer.11.intermediate.dense,Linear,0.12288,1.5,603979776.0,2362368,0,108,0.12288,counter,"[1, 128, 768]","[1, 128, 3072]",1081.34,0.0,1.5,cuda_event,cuda
14,encoder.layer.11.intermediate.intermediate_act_fn,GELUActivation,0.00746,1.5,0.0,0,0,109,0.00746,none,"[1, 128, 3072]","[1, 128, 3072]",1081.34,0.0,1.5,cuda_event,cuda
14,encoder.layer.11.output.dense,Linear,0.15248,0.375,603979776.0,2360064,0,110,0.15248,counter,"[1, 128, 3072]","[1, 128, 768]",1081.34,0.0,0.375,cuda_event,cuda
14,encoder.layer.11.output.LayerNorm,LayerNorm,0.00819,0.375,491520.0,1536,0,111,0.00819,analytic,"[1, 128, 768]","[1, 128, 768]",1081.34,0.0,0.375,cuda_event,cuda
14,pooler.dense,Linear,0.01379,0.00293,1179648.0,590592,0,112,0.01379,counter,"[1, 768]","[1, 768]",1081.34,0.0,0.003,cuda_event,cuda
14,pooler.activation,Tanh,0.00432,0.00293,3072.0,0,0,113,0.00432,analytic,"[1, 768]","[1, 768]",1081.34,0.0,0.003,cuda_event,cuda
15,embeddings.word_embeddings,Embedding,0.00614,0.375,0.0,23440896,0,0,0.00614,none,"[1, 128]","[1, 128, 768]",1081.34,0.0,0.375,cuda_event,cuda
15,embeddings.token_type_embeddings,Embedding,0.0041,0.375,0.0,1536,0,1,0.0041,none,"[1, 128]","[1, 128, 768]",1081.34,0.0,0.375,cuda_event,cuda
15,embeddings.position_embeddings,Embedding,0.00605,0.375,0.0,393216,0,2,0.00605,none,"[1, 128]","[1, 128, 768]",1081.34,0.0,0.375,cuda_event,cuda
15,embeddings.LayerNorm,LayerNorm,0.00774,0.375,491520.0,1536,0,3,0.00774,analytic,"[1, 128, 768]","[1, 128, 768]",1081.34,0.0,0.375,cuda_event,cuda
15,encoder.layer.0.attention.self.query,Linear,0.05414,0.375,150994944.0,590592,0,4,0.05414,counter,"[1, 128, 768]","[1, 128, 768]",1081.34,0.0,0.375,cuda_event,cuda
15,encoder.layer.0.attention.self.key,Linear,0.0535,0.375,150994944.0,590592,0,5,0.0535,counter,"[1, 128, 768]","[1, 128, 768]",1081.34,0.0,0.375,cuda_event,cuda
15,encoder.layer.0.attention.self.value,Linear,0.05325,0.375,150994944.0,590592,0,6,0.05325,counter,"[1, 128, 768]","[1, 128, 768]",1081.34,0.0,0.375,cuda_event,cuda
15,encoder.layer.0.attention.output.dense,Linear,0.05331,0.375,150994944.0,590592,0,7,0.05331,counter,"[1, 128, 768]","[1, 128, 768]",1081.34,0.0,0.375,cuda_event,cuda
15,encoder.layer.0.attention.output.LayerNorm,LayerNorm,0.00813,0.375,491520.0,1536,0,8,0.00813,analytic,"[1, 128, 768]","[1, 128, 768]",1081.34,0.0,0.375,cuda_event,cuda
15,encoder.layer.0.intermediate.dense,Linear,0.12317,1.5,603979776.0,2362368,0,9,0.12317,counter,"[1, 128, 768]","[1, 128, 3072]",1081.34,0.0,1.5,cuda_event,cuda
15,encoder.layer.0.intermediate.intermediate_act_fn,GELUActivation,0.00678,1.5,0.0,0,0,10,0.00678,none,"[1, 128, 3072]","[1, 128, 3072]",1081.34,0.0,1.5,cuda_event,cuda
15,encoder.layer.0.output.dense,Linear,0.15331,0.375,603979776.0,2360064,0,11,0.15331,counter,"[1, 128, 3072]","[1, 128, 768]",1081.34,0.0,0.375,cuda_event,cuda
15,encoder.layer.0.output.LayerNorm,LayerNorm,0.00781,0.375,491520.0,1536,0,12,0.00781,analytic,"[1, 128, 768]","[1, 128, 768]",1081.34,0.0,0.375,cuda_event,cuda
15,encoder.layer.1.attention.self.query,Linear,0.05325,0.375,150994944.0,590592,0,13,0.05325,counter,"[1, 128, 768]","[1, 128, 768]",1081.34,0.0,0.375,cuda_event,cuda
15,encoder.layer.1.attention.self.key,Linear,0.05325,0.375,150994944.0,590592,0,14,0.05325,counter,"[1, 128, 768]","[1, 128, 768]",1081.34,0.0,0.375,cuda_event,cuda
15,encoder.layer.1.attention.self.value,Linear,0.05334,0.375,150994944.0,590592,0,15,0.05334,counter,"[1, 128, 768]","[1, 128, 768]",1081.34,0.0,0.375,cuda_event,cuda
15,encoder.layer.1.attention.output.dense,Linear,0.0535,0.375,150994944.0,590592,0,16,0.0535,counter,"[1, 128, 768]","[1, 128, 768]",1081.34,0.0,0.375,cuda_event,cuda
15,encoder.layer.1.attention.output.LayerNorm,LayerNorm,0.00778,0.375,491520.0,1536,0,17,0.00778,analytic,"[1, 128, 768]","[1, 128, 768]",1081.34,0.0,0.375,cuda_event,cuda
15,encoder.layer.1.intermediate.dense,Linear,0.12342,1.5,603979776.0,2362368,0,18,0.12342,counter,"[1, 128, 768]","[1, 128, 3072]",1081.34,0.0,1.5,cuda_event,cuda
15,encoder.layer.1.intermediate.intermediate_act_fn,GELUActivation,0.00614,1.5,0.0,0,0,19,0.00614,none,"[1, 128, 3072]","[1, 128, 3072]",1081.34,0.0,1.5,cuda_event,cuda
15,encoder.layer.1.output.dense,Linear,0.15504,0.375,603979776.0,2360064,0,20,0.15504,counter,"[1, 128, 3072]","[1, 128, 768]",1081.34,0.0,0.375,cuda_event,cuda
15,encoder.layer.1.output.LayerNorm,LayerNorm,0.00816,0.375,491520.0,1536,0,21,0.00816,analytic,"[1, 128, 768]","[1, 128, 768]",1081.34,0.0,0.375,cuda_event,cuda
15,encoder.layer.2.attention.self.query,Linear,0.05197,0.375,150994944.0,590592,0,22,0.05197,counter,"[1, 128, 768]","[1, 128, 768]",1081.34,0.0,0.375,cuda_event,cuda
15,encoder.layer.2.attention.self.key,Linear,0.05472,0.375,150994944.0,590592,0,23,0.05472,counter,"[1, 128, 768]","[1, 128, 768]",1081.34,0.0,0.375,cuda_event,cuda
15,encoder.layer.2.attention.self.value,Linear,0.0553,0.375,150994944.0,590592,0,24,0.0553,counter,"[1, 128, 768]","[1, 128, 768]",1081.34,0.0,0.375,cuda_event,cuda
15,encoder.layer.2.attention.output.dense,Linear,0.05325,0.375,150994944.0,590592,0,25,0.05325,counter,"[1, 128, 768]","[1, 128, 768]",1081.34,0.0,0.375,cuda_event,cuda
15,encoder.layer.2.attention.output.LayerNorm,LayerNorm,0.008,0.375,491520.0,1536,0,26,0.008,analytic,"[1, 128, 768]","[1, 128, 768]",1081.34,0.0,0.375,cuda_event,cuda
15,encoder.layer.2.intermediate.dense,Linear,0.12496,1.5,603979776.0,2362368,0,27,0.12496,counter,"[1, 128, 768]","[1, 128, 3072]",1081.34,0.0,1.5,cuda_event,cuda
15,encoder.layer.2.intermediate.intermediate_act_fn,GELUActivation,0.00662,1.5,0.0,0,0,28,0.00662,none,"[1, 128, 3072]","[1, 128, 3072]",1081.34,0.0,1.5,cuda_event,cuda
15,encoder.layer.2.output.dense,Linear,0.15363,0.375,603979776.0,2360064,0,29,0.15363,counter,"[1, 128, 3072]","[1, 128, 768]",1081.34,0.0,0.375,cuda_event,cuda
15,encoder.layer.2.output.LayerNorm,LayerNorm,0.00819,0.375,491520.0,1536,0,30,0.00819,analytic,"[1, 128, 768]","[1, 128, 768]",1081.34,0.0,0.375,cuda_event,cuda
15,encoder.layer.3.attention.self.query,Linear,0.05328,0.375,150994944.0,590592,0,31,0.05328,counter,"[1, 128, 768]","[1, 128, 768]",1081.34,0.0,0.375,cuda_event,cuda
15,encoder.layer.3.attention.self.key,Linear,0.05325,0.375,150994944.0,590592,0,32,0.05325,counter,"[1, 128, 768]","[1, 128, 768]",1081.34,0.0,0.375,cuda_event,cuda
15,encoder.layer.3.attention.self.value,Linear,0.05501,0.375,150994944.0,590592,0,33,0.05501,counter,"[1, 128, 768]","[1, 128, 768]",1081.34,0.0,0.375,cuda_event,cuda
15,encoder.layer.3.attention.output.dense,Linear,0.05501,0.375,150994944.0,590592,0,34,0.05501,counter,"[1, 128, 768]","[1, 128, 768]",1081.34,0.0,0.375,cuda_event,cuda
15,encoder.layer.3.attention.output.LayerNorm,LayerNorm,0.00717,0.375,491520.0,1536,0,35,0.00717,analytic,"[1, 128, 768]","[1, 128, 768]",1081.34,0.0,0.375,cuda_event,cuda
15,encoder.layer.3.intermediate.dense,Linear,0.12803,1.5,603979776.0,2362368,0,36,0.12803,counter,"[1, 128, 768]","[1, 128, 3072]",1081.34,0.0,1.5,cuda_event,cuda
15,encoder.layer.3.intermediate.intermediate_act_fn,GELUActivation,0.00765,1.5,0.0,0,0,37,0.00765,none,"[1, 128, 3072]","[1, 128, 3072]",1081.34,0.0,1.5,cuda_event,cuda
15,encoder.layer.3.output.dense,Linear,0.1536,0.375,603979776.0,2360064,0,38,0.1536,counter,"[1, 128, 3072]","[1, 128, 768]",1081.34,0.0,0.375,cuda_event,cuda
15,encoder.layer.3.output.LayerNorm,LayerNorm,0.00819,0.375,491520.0,1536,0,39,0.00819,analytic,"[1, 128, 768]","[1, 128, 768]",1081.34,0.0,0.375,cuda_event,cuda
15,encoder.layer.4.attention.self.query,Linear,0.05267,0.375,150994944.0,590592,0,40,0.05267,counter,"[1, 128, 768]","[1, 128, 768]",1081.34,0.0,0.375,cuda_event,cuda
15,encoder.layer.4.attention.self.key,Linear,0.05331,0.375,150994944.0,590592,0,41,0.05331,counter,"[1, 128, 768]","[1, 128, 768]",1081.34,0.0,0.375,cuda_event,cuda
15,encoder.layer.4.attention.self.value,Linear,0.05405,0.375,150994944.0,590592,0,42,0.05405,counter,"[1, 128, 768]","[1, 128, 768]",1081.34,0.0,0.375,cuda_event,cuda
15,encoder.layer.4.attention.output.dense,Linear,0.05328,0.375,150994944.0,590592,0,43,0.05328,counter,"[1, 128, 768]","[1, 128, 768]",1081.34,0.0,0.375,cuda_event,cuda
15,encoder.layer.4.attention.output.LayerNorm,LayerNorm,0.00701,0.375,491520.0,1536,0,44,0.00701,analytic,"[1, 128, 768]","[1, 128, 768]",1081.34,0.0,0.375,cuda_event,cuda
15,encoder.layer.4.intermediate.dense,Linear,0.12288,1.5,603979776.0,2362368,0,45,0.12288,counter,"[1, 128, 768]","[1, 128, 3072]",1081.34,0.0,1.5,cuda_event,cuda
15,encoder.layer.4.intermediate.intermediate_act_fn,GELUActivation,0.00765,1.5,0.0,0,0,46,0.00765,none,"[1, 128, 3072]","[1, 128, 3072]",1081.34,0.0,1.5,cuda_event,cuda
15,encoder.layer.4.output.dense,Linear,0.15414,0.375,603979776.0,2360064,0,47,0.15414,counter,"[1, 128, 3072]","[1, 128, 768]",1081.34,0.0,0.375,cuda_event,cuda
15,encoder.layer.4.output.LayerNorm,LayerNorm,0.00781,0.375,491520.0,1536,0,48,0.00781,analytic,"[1, 128, 768]","[1, 128, 768]",1081.34,0.0,0.375,cuda_event,cuda
15,encoder.layer.5.attention.self.query,Linear,0.05181,0.375,150994944.0,590592,0,49,0.05181,counter,"[1, 128, 768]","[1, 128, 768]",1081.34,0.0,0.375,cuda_event,cuda
15,encoder.layer.5.attention.self.key,Linear,0.05475,0.375,150994944.0,590592,0,50,0.05475,counter,"[1, 128, 768]","[1, 128, 768]",1081.34,0.0,0.375,cuda_event,cuda
15,encoder.layer.5.attention.self.value,Linear,0.0536,0.375,150994944.0,590592,0,51,0.0536,counter,"[1, 128, 768]","[1, 128, 768]",1081.34,0.0,0.375,cuda_event,cuda
15,encoder.layer.5.attention.output.dense,Linear,0.05456,0.375,150994944.0,590592,0,52,0.05456,counter,"[1, 128, 768]","[1, 128, 768]",1081.34,0.0,0.375,cuda_event,cuda
15,encoder.layer.5.attention.output.LayerNorm,LayerNorm,0.00813,0.375,491520.0,1536,0,53,0.00813,analytic,"[1, 128, 768]","[1, 128, 768]",1081.34,0.0,0.375,cuda_event,cuda
15,encoder.layer.5.intermediate.dense,Linear,0.12493,1.5,603979776.0,2362368,0,54,0.12493,counter,"[1, 128, 768]","[1, 128, 3072]",1081.34,0.0,1.5,cuda_event,cuda
15,encoder.layer.5.intermediate.intermediate_act_fn,GELUActivation,0.00621,1.5,0.0,0,0,55,0.00621,none,"[1, 128, 3072]","[1, 128, 3072]",1081.34,0.0,1.5,cuda_event,cuda
15,encoder.layer.5.output.dense,Linear,0.15507,0.375,603979776.0,2360064,0,56,0.15507,counter,"[1, 128, 3072]","[1, 128, 768]",1081.34,0.0,0.375,cuda_event,cuda
15,encoder.layer.5.output.LayerNorm,LayerNorm,0.00704,0.375,491520.0,1536,0,57,0.00704,analytic,"[1, 128, 768]","[1, 128, 768]",1081.34,0.0,0.375,cuda_event,cuda
15,encoder.layer.6.attention.self.query,Linear,0.05325,0.375,150994944.0,590592,0,58,0.05325,counter,"[1, 128, 768]","[1, 128, 768]",1081.34,0.0,0.375,cuda_event,cuda
15,encoder.layer.6.attention.self.key,Linear,0.05325,0.375,150994944.0,590592,0,59,0.05325,counter,"[1, 128, 768]","[1, 128, 768]",1081.34,0.0,0.375,cuda_event,cuda
15,encoder.layer.6.attention.self.value,Linear,0.05443,0.375,150994944.0,590592,0,60,0.05443,counter,"[1, 128, 768]","[1, 128, 768]",1081.34,0.0,0.375,cuda_event,cuda
15,encoder.layer.6.attention.output.dense,Linear,0.0536,0.375,150994944.0,590592,0,61,0.0536,counter,"[1, 128, 768]","[1, 128, 768]",1081.34,0.0,0.375,cuda_event,cuda
15,encoder.layer.6.attention.output.LayerNorm,LayerNorm,0.00794,0.375,491520.0,1536,0,62,0.00794,analytic,"[1, 128, 768]","[1, 128, 768]",1081.34,0.0,0.375,cuda_event,cuda
15,encoder.layer.6.intermediate.dense,Linear,0.12499,1.5,603979776.0,2362368,0,63,0.12499,counter,"[1, 128, 768]","[1, 128, 3072]",1081.34,0.0,1.5,cuda_event,cuda
15,encoder.layer.6.intermediate.intermediate_act_fn,GELUActivation,0.00662,1.5,0.0,0,0,64,0.00662,none,"[1, 128, 3072]","[1, 128, 3072]",1081.34,0.0,1.5,cuda_event,cuda
15,encoder.layer.6.output.dense,Linear,0.1543,0.375,603979776.0,2360064,0,65,0.1543,counter,"[1, 128, 3072]","[1, 128, 768]",1081.34,0.0,0.375,cuda_event,cuda
15,encoder.layer.6.output.LayerNorm,LayerNorm,0.00842,0.375,491520.0,1536,0,66,0.00842,analytic,"[1, 128, 768]","[1, 128, 768]",1081.34,0.0,0.375,cuda_event,cuda
15,encoder.layer.7.attention.self.query,Linear,0.05165,0.375,150994944.0,590592,0,67,0.05165,counter,"[1, 128, 768]","[1, 128, 768]",1081.34,0.0,0.375,cuda_event,cuda
15,encoder.layer.7.attention.self.key,Linear,0.05325,0.375,150994944.0,590592,0,68,0.05325,counter,"[1, 128, 768]","[1, 128, 768]",1081.34,0.0,0.375,cuda_event,cuda
15,encoder.layer.7.attention.self.value,Linear,0.05462,0.375,150994944.0,590592,0,69,0.05462,counter,"[1, 128, 768]","[1, 128, 768]",1081.34,0.0,0.375,cuda_event,cuda
15,encoder.layer.7.attention.output.dense,Linear,0.05325,0.375,150994944.0,590592,0,70,0.05325,counter,"[1, 128, 768]","[1, 128, 768]",1081.34,0.0,0.375,cuda_event,cuda
15,encoder.layer.7.attention.output.LayerNorm,LayerNorm,0.00797,0.375,491520.0,1536,0,71,0.00797,analytic,"[1, 128, 768]","[1, 128, 768]",1081.34,0.0,0.375,cuda_event,cuda
15,encoder.layer.7.intermediate.dense,Linear,0.12294,1.5,603979776.0,2362368,0,72,0.12294,counter,"[1, 128, 768]","[1, 128, 3072]",1081.34,0.0,1.5,cuda_event,cuda
15,encoder.layer.7.intermediate.intermediate_act_fn,GELUActivation,0.00656,1.5,0.0,0,0,73,0.00656,none,"[1, 128, 3072]","[1, 128, 3072]",1081.34,0.0,1.5,cuda_event,cuda
15,encoder.layer.7.output.dense,Linear,0.15472,0.375,603979776.0,2360064,0,74,0.15472,counter,"[1, 128, 3072]","[1, 128, 768]",1081.34,0.0,0.375,cuda_event,cuda
15,encoder.layer.7.output.LayerNorm,LayerNorm,0.00819,0.375,491520.0,1536,0,75,0.00819,analytic,"[1, 128, 768]","[1, 128, 768]",1081.34,0.0,0.375,cuda_event,cuda
15,encoder.layer.8.attention.self.query,Linear,0.0513,0.375,150994944.0,590592,0,76,0.0513,counter,"[1, 128, 768]","[1, 128, 768]",1081.34,0.0,0.375,cuda_event,cuda
15,encoder.layer.8.attention.self.key,Linear,0.05325,0.375,150994944.0,590592,0,77,0.05325,counter,"[1, 128, 768]","[1, 128, 768]",1081.34,0.0,0.375,cuda_event,cuda
15,encoder.layer.8.attention.self.value,Linear,0.05325,0.375,150994944.0,590592,0,78,0.05325,counter,"[1, 128, 768]","[1, 128, 768]",1081.34,0.0,0.375,cuda_event,cuda
15,encoder.layer.8.attention.output.dense,Linear,0.0536,0.375,150994944.0,590592,0,79,0.0536,counter,"[1, 128, 768]","[1, 128, 768]",1081.34,0.0,0.375,cuda_event,cuda
15,encoder.layer.8.attention.output.LayerNorm,LayerNorm,0.0079,0.375,491520.0,1536,0,80,0.0079,analytic,"[1, 128, 768]","[1, 128, 768]",1081.34,0.0,0.375,cuda_event,cuda
15,encoder.layer.8.intermediate.dense,Linear,0.12486,1.5,603979776.0,2362368,0,81,0.12486,counter,"[1, 128, 768]","[1, 128, 3072]",1081.34,0.0,1.5,cuda_event,cuda
15,encoder.layer.8.intermediate.intermediate_act_fn,GELUActivation,0.00698,1.5,0.0,0,0,82,0.00698,none,"[1, 128, 3072]","[1, 128, 3072]",1081.34,0.0,1.5,cuda_event,cuda
15,encoder.layer.8.output.dense,Linear,0.15318,0.375,603979776.0,2360064,0,83,0.15318,counter,"[1, 128, 3072]","[1, 128, 768]",1081.34,0.0,0.375,cuda_event,cuda
15,encoder.layer.8.output.LayerNorm,LayerNorm,0.0071,0.375,491520.0,1536,0,84,0.0071,analytic,"[1, 128, 768]","[1, 128, 768]",1081.34,0.0,0.375,cuda_event,cuda
15,encoder.layer.9.attention.self.query,Linear,0.05325,0.375,150994944.0,590592,0,85,0.05325,counter,"[1, 128, 768]","[1, 128, 768]",1081.34,0.0,0.375,cuda_event,cuda
15,encoder.layer.9.attention.self.key,Linear,0.0544,0.375,150994944.0,590592,0,86,0.0544,counter,"[1, 128, 768]","[1, 128, 768]",1081.34,0.0,0.375,cuda_event,cuda
15,encoder.layer.9.attention.self.value,Linear,0.05472,0.375,150994944.0,590592,0,87,0.05472,counter,"[1, 128, 768]","[1, 128, 768]",1081.34,0.0,0.375,cuda_event,cuda
15,encoder.layer.9.attention.output.dense,Linear,0.05427,0.375,150994944.0,590592,0,88,0.05427,counter,"[1, 128, 768]","[1, 128, 768]",1081.34,0.0,0.375,cuda_event,cuda
15,encoder.layer.9.attention.output.LayerNorm,LayerNorm,0.0081,0.375,491520.0,1536,0,89,0.0081,analytic,"[1, 128, 768]","[1, 128, 768]",1081.34,0.0,0.375,cuda_event,cuda
15,encoder.layer.9.intermediate.dense,Linear,0.1231,1.5,603979776.0,2362368,0,90,0.1231,counter,"[1, 128, 768]","[1, 128, 3072]",1081.34,0.0,1.5,cuda_event,cuda
15,encoder.layer.9.intermediate.intermediate_act_fn,GELUActivation,0.00746,1.5,0.0,0,0,91,0.00746,none,"[1, 128, 3072]","[1, 128, 3072]",1081.34,0.0,1.5,cuda_event,cuda
15,encoder.layer.9.output.dense,Linear,0.15434,0.375,603979776.0,2360064,0,92,0.15434,counter,"[1, 128, 3072]","[1, 128, 768]",1081.34,0.0,0.375,cuda_event,cuda
15,encoder.layer.9.output.LayerNorm,LayerNorm,0.00666,0.375,491520.0,1536,0,93,0.00666,analytic,"[1, 128, 768]","[1, 128, 768]",1081.34,0.0,0.375,cuda_event,cuda
15,encoder.layer.10.attention.self.query,Linear,0.05325,0.375,150994944.0,590592,0,94,0.05325,counter,"[1, 128, 768]","[1, 128, 768]",1081.34,0.0,0.375,cuda_event,cuda
15,encoder.layer.10.attention.self.key,Linear,0.05325,0.375,150994944.0,590592,0,95,0.05325,counter,"[1, 128, 768]","[1, 128, 768]",1081.34,0.0,0.375,cuda_event,cuda
15,encoder.layer.10.attention.self.value,Linear,0.05494,0.375,150994944.0,590592,0,96,0.05494,counter,"[1, 128, 768]","[1, 128, 768]",1081.34,0.0,0.375,cuda_event,cuda
15,encoder.layer.10.attention.output.dense,Linear,0.05325,0.375,150994944.0,590592,0,97,0.05325,counter,"[1, 128, 768]","[1, 128, 768]",1081.34,0.0,0.375,cuda_event,cuda
15,encoder.layer.10.attention.output.LayerNorm,LayerNorm,0.00816,0.375,491520.0,1536,0,98,0.00816,analytic,"[1, 128, 768]","[1, 128, 768]",1081.34,0.0,0.375,cuda_event,cuda
15,encoder.layer.10.intermediate.dense,Linear,0.12307,1.5,603979776.0,2362368,0,99,0.12307,counter,"[1, 128, 768]","[1, 128, 3072]",1081.34,0.0,1.5,cuda_event,cuda
15,encoder.layer.10.intermediate.intermediate_act_fn,GELUActivation,0.00614,1.5,0.0,0,0,100,0.00614,none,"[1, 128, 3072]","[1, 128, 3072]",1081.34,0.0,1.5,cuda_event,cuda
15,encoder.layer.10.output.dense,Linear,0.15523,0.375,603979776.0,2360064,0,101,0.15523,counter,"[1, 128, 3072]","[1, 128, 768]",1081.34,0.0,0.375,cuda_event,cuda
15,encoder.layer.10.output.LayerNorm,LayerNorm,0.00781,0.375,491520.0,1536,0,102,0.00781,analytic,"[1, 128, 768]","[1, 128, 768]",1081.34,0.0,0.375,cuda_event,cuda
15,encoder.layer.11.attention.self.query,Linear,0.05325,0.375,150994944.0,590592,0,103,0.05325,counter,"[1, 128, 768]","[1, 128, 768]",1081.34,0.0,0.375,cuda_event,cuda
15,encoder.layer.11.attention.self.key,Linear,0.05302,0.375,150994944.0,590592,0,104,0.05302,counter,"[1, 128, 768]","[1, 128, 768]",1081.34,0.0,0.375,cuda_event,cuda
15,encoder.layer.11.attention.self.value,Linear,0.0536,0.375,150994944.0,590592,0,105,0.0536,counter,"[1, 128, 768]","[1, 128, 768]",1081.34,0.0,0.375,cuda_event,cuda
15,encoder.layer.11.attention.output.dense,Linear,0.0536,0.375,150994944.0,590592,0,106,0.0536,counter,"[1, 128, 768]","[1, 128, 768]",1081.34,0.0,0.375,cuda_event,cuda
15,encoder.layer.11.attention.output.LayerNorm,LayerNorm,0.00682,0.375,491520.0,1536,0,107,0.00682,analytic,"[1, 128, 768]","[1, 128, 768]",1081.34,0.0,0.375,cuda_event,cuda
15,encoder.layer.11.intermediate.dense,Linear,0.12493,1.5,603979776.0,2362368,0,108,0.12493,counter,"[1, 128, 768]","[1, 128, 3072]",1081.34,0.0,1.5,cuda_event,cuda
15,encoder.layer.11.intermediate.intermediate_act_fn,GELUActivation,0.0073,1.5,0.0,0,0,109,0.0073,none,"[1, 128, 3072]","[1, 128, 3072]",1081.34,0.0,1.5,cuda_event,cuda
15,encoder.layer.11.output.dense,Linear,0.1536,0.375,603979776.0,2360064,0,110,0.1536,counter,"[1, 128, 3072]","[1, 128, 768]",1081.34,0.0,0.375,cuda_event,cuda
15,encoder.layer.11.output.LayerNorm,LayerNorm,0.00816,0.375,491520.0,1536,0,111,0.00816,analytic,"[1, 128, 768]","[1, 128, 768]",1081.34,0.0,0.375,cuda_event,cuda
15,pooler.dense,Linear,0.01366,0.00293,1179648.0,590592,0,112,0.01366,counter,"[1, 768]","[1, 768]",1081.34,0.0,0.003,cuda_event,cuda
15,pooler.activation,Tanh,0.00429,0.00293,3072.0,0,0,113,0.00429,analytic,"[1, 768]","[1, 768]",1081.34,0.0,0.003,cuda_event,cuda
16,embeddings.word_embeddings,Embedding,0.00579,0.375,0.0,23440896,0,0,0.00579,none,"[1, 128]","[1, 128, 768]",1081.34,0.0,0.375,cuda_event,cuda
16,embeddings.token_type_embeddings,Embedding,0.00563,0.375,0.0,1536,0,1,0.00563,none,"[1, 128]","[1, 128, 768]",1081.34,0.0,0.375,cuda_event,cuda
16,embeddings.position_embeddings,Embedding,0.00608,0.375,0.0,393216,0,2,0.00608,none,"[1, 128]","[1, 128, 768]",1081.34,0.0,0.375,cuda_event,cuda
16,embeddings.LayerNorm,LayerNorm,0.00803,0.375,491520.0,1536,0,3,0.00803,analytic,"[1, 128, 768]","[1, 128, 768]",1081.34,0.0,0.375,cuda_event,cuda
16,encoder.layer.0.attention.self.query,Linear,0.0535,0.375,150994944.0,590592,0,4,0.0535,counter,"[1, 128, 768]","[1, 128, 768]",1081.34,0.0,0.375,cuda_event,cuda
16,encoder.layer.0.attention.self.key,Linear,0.05456,0.375,150994944.0,590592,0,5,0.05456,counter,"[1, 128, 768]","[1, 128, 768]",1081.34,0.0,0.375,cuda_event,cuda
16,encoder.layer.0.attention.self.value,Linear,0.05331,0.375,150994944.0,590592,0,6,0.05331,counter,"[1, 128, 768]","[1, 128, 768]",1081.34,0.0,0.375,cuda_event,cuda
16,encoder.layer.0.attention.output.dense,Linear,0.05299,0.375,150994944.0,590592,0,7,0.05299,counter,"[1, 128, 768]","[1, 128, 768]",1081.34,0.0,0.375,cuda_event,cuda
16,encoder.layer.0.attention.output.LayerNorm,LayerNorm,0.00781,0.375,491520.0,1536,0,8,0.00781,analytic,"[1, 128, 768]","[1, 128, 768]",1081.34,0.0,0.375,cuda_event,cuda
16,encoder.layer.0.intermediate.dense,Linear,0.12355,1.5,603979776.0,2362368,0,9,0.12355,counter,"[1, 128, 768]","[1, 128, 3072]",1081.34,0.0,1.5,cuda_event,cuda
16,encoder.layer.0.intermediate.intermediate_act_fn,GELUActivation,0.0064,1.5,0.0,0,0,10,0.0064,none,"[1, 128, 3072]","[1, 128, 3072]",1081.34,0.0,1.5,cuda_event,cuda
16,encoder.layer.0.output.dense,Linear,0.1536,0.375,603979776.0,2360064,0,11,0.1536,counter,"[1, 128, 3072]","[1, 128, 768]",1081.34,0.0,0.375,cuda_event,cuda
16,encoder.layer.0.output.LayerNorm,LayerNorm,0.00816,0.375,491520.0,1536,0,12,0.00816,analytic,"[1, 128, 768]","[1, 128, 768]",1081.34,0.0,0.375,cuda_event,cuda
16,encoder.layer.1.attention.self.query,Linear,0.0528,0.375,150994944.0,590592,0,13,0.0528,counter,"[1, 128, 768]","[1, 128, 768]",1081.34,0.0,0.375,cuda_event,cuda
16,encoder.layer.1.attention.self.key,Linear,0.05347,0.375,150994944.0,590592,0,14,0.05347,counter,"[1, 128, 768]","[1, 128, 768]",1081.34,0.0,0.375,cuda_event,cuda
16,encoder.layer.1.attention.self.value,Linear,0.05354,0.375,150994944.0,590592,0,15,0.05354,counter,"[1, 128, 768]","[1, 128, 768]",1081.34,0.0,0.375,cuda_event,cuda
16,encoder.layer.1.attention.output.dense,Linear,0.05331,0.375,150994944.0,590592,0,16,0.05331,counter,"[1, 128, 768]","[1, 128, 768]",1081.34,0.0,0.375,cuda_event,cuda
16,encoder.layer.1.attention.output.LayerNorm,LayerNorm,0.00819,0.375,491520.0,1536,0,17,0.00819,analytic,"[1, 128, 768]","[1, 128, 768]",1081.34,0.0,0.375,cuda_event,cuda
16,encoder.layer.1.intermediate.dense,Linear,0.12294,1.5,603979776.0,2362368,0,18,0.12294,counter,"[1, 128, 768]","[1, 128, 3072]",1081.34,0.0,1.5,cuda_event,cuda
16,encoder.layer.1.intermediate.intermediate_act_fn,GELUActivation,0.00768,1.5,0.0,0,0,19,0.00768,none,"[1, 128, 3072]","[1, 128, 3072]",1081.34,0.0,1.5,cuda_event,cuda
16,encoder.layer.1.output.dense,Linear,0.15626,0.375,603979776.0,2360064,0,20,0.15626,counter,"[1, 128, 3072]","[1, 128, 768]",1081.34,0.0,0.375,cuda_event,cuda
16,encoder.layer.1.output.LayerNorm,LayerNorm,0.00813,0.375,491520.0,1536,0,21,0.00813,analytic,"[1, 128, 768]","[1, 128, 768]",1081.34,0.0,0.375,cuda_event,cuda
16,encoder.layer.2.attention.self.query,Linear,0.05165,0.375,150994944.0,590592,0,22,0.05165,counter,"[1, 128, 768]","[1, 128, 768]",1081.34,0.0,0.375,cuda_event,cuda
16,encoder.layer.2.attention.self.key,Linear,0.05325,0.375,150994944.0,590592,0,23,0.05325,counter,"[1, 128, 768]","[1, 128, 768]",1081.34,0.0,0.375,cuda_event,cuda
16,encoder.layer.2.attention.self.value,Linear,0.05488,0.375,150994944.0,590592,0,24,0.05488,counter,"[1, 128, 768]","[1, 128, 768]",1081.34,0.0,0.375,cuda_event,cuda
16,encoder.layer.2.attention.output.dense,Linear,0.05325,0.375,150994944.0,590592,0,25,0.05325,counter,"[1, 128, 768]","[1, 128, 768]",1081.34,0.0,0.375,cuda_event,cuda
16,encoder.layer.2.attention.output.LayerNorm,LayerNorm,0.00797,0.375,491520.0,1536,0,26,0.00797,analytic,"[1, 128, 768]","[1, 128, 768]",1081.34,0.0,0.375,cuda_event,cuda
16,encoder.layer.2.intermediate.dense,Linear,0.12461,1.5,603979776.0,2362368,0,27,0.12461,counter,"[1, 128, 768]","[1, 128, 3072]",1081.34,0.0,1.5,cuda_event,cuda
16,encoder.layer.2.intermediate.intermediate_act_fn,GELUActivation,0.00701,1.5,0.0,0,0,28,0.00701,none,"[1, 128, 3072]","[1, 128, 3072]",1081.34,0.0,1.5,cuda_event,cuda
16,encoder.layer.2.output.dense,Linear,0.15158,0.375,603979776.0,2360064,0,29,0.15158,counter,"[1, 128, 3072]","[1, 128, 768]",1081.34,0.0,0.375,cuda_event,cuda
16,encoder.layer.2.output.LayerNorm,LayerNorm,0.00803,0.375,491520.0,1536,0,30,0.00803,analytic,"[1, 128, 768]","[1, 128, 768]",1081.34,0.0,0.375,cuda_event,cuda
16,encoder.layer.3.attention.self.query,Linear,0.05363,0.375,150994944.0,590592,0,31,0.05363,counter,"[1, 128, 768]","[1, 128, 768]",1081.34,0.0,0.375,cuda_event,cuda
16,encoder.layer.3.attention.self.key,Linear,0.05491,0.375,150994944.0,590592,0,32,0.05491,counter,"[1, 128, 768]","[1, 128, 768]",1081.34,0.0,0.375,cuda_event,cuda
16,encoder.layer.3.attention.self.value,Linear,0.05331,0.375,150994944.0,590592,0,33,0.05331,counter,"[1, 128, 768]","[1, 128, 768]",1081.34,0.0,0.375,cuda_event,cuda
16,encoder.layer.3.attention.output.dense,Linear,0.05475,0.375,150994944.0,590592,0,34,0.05475,counter,"[1, 128, 768]","[1, 128, 768]",1081.34,0.0,0.375,cuda_event,cuda
16,encoder.layer.3.attention.output.LayerNorm,LayerNorm,0.00819,0.375,491520.0,1536,0,35,0.00819,analytic,"[1, 128, 768]","[1, 128, 768]",1081.34,0.0,0.375,cuda_event,cuda
16,encoder.layer.3.intermediate.dense,Linear,0.12822,1.5,603979776.0,2362368,0,36,0.12822,counter,"[1, 128, 768]","[1, 128, 3072]",1081.34,0.0,1.5,cuda_event,cuda
16,encoder.layer.3.intermediate.intermediate_act_fn,GELUActivation,0.00707,1.5,0.0,0,0,37,0.00707,none,"[1, 128, 3072]","[1, 128, 3072]",1081.34,0.0,1.5,cuda_event,cuda
16,encoder.layer.3.output.dense,Linear,0.15482,0.375,603979776.0,2360064,0,38,0.15482,counter,"[1, 128, 3072]","[1, 128, 768]",1081.34,0.0,0.375,cuda_event,cuda
16,encoder.layer.3.output.LayerNorm,LayerNorm,0.00819,0.375,491520.0,1536,0,39,0.00819,analytic,"[1, 128, 768]","[1, 128, 768]",1081.34,0.0,0.375,cuda_event,cuda
16,encoder.layer.4.attention.self.query,Linear,0.05446,0.375,150994944.0,590592,0,40,0.05446,counter,"[1, 128, 768]","[1, 128, 768]",1081.34,0.0,0.375,cuda_event,cuda
16,encoder.layer.4.attention.self.key,Linear,0.05322,0.375,150994944.0,590592,0,41,0.05322,counter,"[1, 128, 768]","[1, 128, 768]",1081.34,0.0,0.375,cuda_event,cuda
16,encoder.layer.4.attention.self.value,Linear,0.05427,0.375,150994944.0,590592,0,42,0.05427,counter,"[1, 128, 768]","[1, 128, 768]",1081.34,0.0,0.375,cuda_event,cuda
16,encoder.layer.4.attention.output.dense,Linear,0.05418,0.375,150994944.0,590592,0,43,0.05418,counter,"[1, 128, 768]","[1, 128, 768]",1081.34,0.0,0.375,cuda_event,cuda
16,encoder.layer.4.attention.output.LayerNorm,LayerNorm,0.00781,0.375,491520.0,1536,0,44,0.00781,analytic,"[1, 128, 768]","[1, 128, 768]",1081.34,0.0,0.375,cuda_event,cuda
16,encoder.layer.4.intermediate.dense,Linear,0.12365,1.5,603979776.0,2362368,0,45,0.12365,counter,"[1, 128, 768]","[1, 128, 3072]",1081.34,0.0,1.5,cuda_event,cuda
16,encoder.layer.4.intermediate.intermediate_act_fn,GELUActivation,0.00768,1.5,0.0,0,0,46,0.00768,none,"[1, 128, 3072]","[1, 128, 3072]",1081.34,0.0,1.5,cuda_event,cuda
16,encoder.layer.4.output.dense,Linear,0.15206,0.375,603979776.0,2360064,0,47,0.15206,counter,"[1, 128, 3072]","[1, 128, 768]",1081.34,0.0,0.375,cuda_event,cuda
16,encoder.layer.4.output.LayerNorm,LayerNorm,0.00794,0.375,491520.0,1536,0,48,0.00794,analytic,"[1, 128, 768]","[1, 128, 768]",1081.34,0.0,0.375,cuda_event,cuda
16,encoder.layer.5.attention.self.query,Linear,0.05162,0.375,150994944.0,590592,0,49,0.05162,counter,"[1, 128, 768]","[1, 128, 768]",1081.34,0.0,0.375,cuda_event,cuda
16,encoder.layer.5.attention.self.key,Linear,0.0553,0.375,150994944.0,590592,0,50,0.0553,counter,"[1, 128, 768]","[1, 128, 768]",1081.34,0.0,0.375,cuda_event,cuda
16,encoder.layer.5.attention.self.value,Linear,0.05334,0.375,150994944.0,590592,0,51,0.05334,counter,"[1, 128, 768]","[1, 128, 768]",1081.34,0.0,0.375,cuda_event,cuda
16,encoder.layer.5.attention.output.dense,Linear,0.05475,0.375,150994944.0,590592,0,52,0.05475,counter,"[1, 128, 768]","[1, 128, 768]",1081.34,0.0,0.375,cuda_event,cuda
16,encoder.layer.5.attention.output.LayerNorm,LayerNorm,0.00819,0.375,491520.0,1536,0,53,0.00819,analytic,"[1, 128, 768]","[1, 128, 768]",1081.34,0.0,0.375,cuda_event,cuda
16,encoder.layer.5.intermediate.dense,Linear,0.12493,1.5,603979776.0,2362368,0,54,0.12493,counter,"[1, 128, 768]","[1, 128, 3072]",1081.34,0.0,1.5,cuda_event,cuda
16,encoder.layer.5.intermediate.intermediate_act_fn,GELUActivation,0.0073,1.5,0.0,0,0,55,0.0073,none,"[1, 128, 3072]","[1, 128, 3072]",1081.34,0.0,1.5,cuda_event,cuda
16,encoder.layer.5.output.dense,Linear,0.15629,0.375,603979776.0,2360064,0,56,0.15629,counter,"[1, 128, 3072]","[1, 128, 768]",1081.34,0.0,0.375,cuda_event,cuda
16,encoder.layer.5.output.LayerNorm,LayerNorm,0.00717,0.375,491520.0,1536,0,57,0.00717,analytic,"[1, 128, 768]","[1, 128, 768]",1081.34,0.0,0.375,cuda_event,cuda
16,encoder.layer.6.attention.self.query,Linear,0.05325,0.375,150994944.0,590592,0,58,0.05325,counter,"[1, 128, 768]","[1, 128, 768]",1081.34,0.0,0.375,cuda_event,cuda
16,encoder.layer.6.attention.self.key,Linear,0.0551,0.375,150994944.0,590592,0,59,0.0551,counter,"[1, 128, 768]","[1, 128, 768]",1081.34,0.0,0.375,cuda_event,cuda
16,encoder.layer.6.attention.self.value,Linear,0.05354,0.375,150994944.0,590592,0,60,0.05354,counter,"[1, 128, 768]","[1, 128, 768]",1081.34,0.0,0.375,cuda_event,cuda
16,encoder.layer.6.attention.output.dense,Linear,0.0551,0.375,150994944.0,590592,0,61,0.0551,counter,"[1, 128, 768]","[1, 128, 768]",1081.34,0.0,0.375,cuda_event,cuda
16,encoder.layer.6.attention.output.LayerNorm,LayerNorm,0.00672,0.375,491520.0,1536,0,62,0.00672,analytic,"[1, 128, 768]","[1, 128, 768]",1081.34,0.0,0.375,cuda_event,cuda
16,encoder.layer.6.intermediate.dense,Linear,0.12627,1.5,603979776.0,2362368,0,63,0.12627,counter,"[1, 128, 768]","[1, 128, 3072]",1081.34,0.0,1.5,cuda_event,cuda
16,encoder.layer.6.intermediate.intermediate_act_fn,GELUActivation,0.00691,1.5,0.0,0,0,64,0.00691,none,"[1, 128, 3072]","[1, 128, 3072]",1081.34,0.0,1.5,cuda_event,cuda
16,encoder.layer.6.output.dense,Linear,0.15475,0.375,603979776.0,2360064,0,65,0.15475,counter,"[1, 128, 3072]","[1, 128, 768]",1081.34,0.0,0.375,cuda_event,cuda
16,encoder.layer.6.output.LayerNorm,LayerNorm,0.00819,0.375,491520.0,1536,0,66,0.00819,analytic,"[1, 128, 768]","[1, 128, 768]",1081.34,0.0,0.375,cuda_event,cuda
16,encoder.layer.7.attention.self.query,Linear,0.05325,0.375,150994944.0,590592,0,67,0.05325,counter,"[1, 128, 768]","[1, 128, 768]",1081.34,0.0,0.375,cuda_event,cuda
16,encoder.layer.7.attention.self.key,Linear,0.05472,0.375,150994944.0,590592,0,68,0.05472,counter,"[1, 128, 768]","[1, 128, 768]",1081.34,0.0,0.375,cuda_event,cuda
16,encoder.layer.7.attention.self.value,Linear,0.05341,0.375,150994944.0,590592,0,69,0.05341,counter,"[1, 128, 768]","[1, 128, 768]",1081.34,0.0,0.375,cuda_event,cuda
16,encoder.layer.7.attention.output.dense,Linear,0.05453,0.375,150994944.0,590592,0,70,0.05453,counter,"[1, 128, 768]","[1, 128, 768]",1081.34,0.0,0.375,cuda_event,cuda
16,encoder.layer.7.attention.output.LayerNorm,LayerNorm,0.00819,0.375,491520.0,1536,0,71,0.00819,analytic,"[1, 128, 768]","[1, 128, 768]",1081.34,0.0,0.375,cuda_event,cuda
16,encoder.layer.7.intermediate.dense,Linear,0.12288,1.5,603979776.0,2362368,0,72,0.12288,counter,"[1, 128, 768]","[1, 128, 3072]",1081.34,0.0,1.5,cuda_event,cuda
16,encoder.layer.7.intermediate.intermediate_act_fn,GELUActivation,0.00784,1.5,0.0,0,0,73,0.00784,none,"[1, 128, 3072]","[1, 128, 3072]",1081.34,0.0,1.5,cuda_event,cuda
16,encoder.layer.7.output.dense,Linear,0.15411,0.375,603979776.0,2360064,0,74,0.15411,counter,"[1, 128, 3072]","[1, 128, 768]",1081.34,0.0,0.375,cuda_event,cuda
16,encoder.layer.7.output.LayerNorm,LayerNorm,0.00778,0.375,491520.0,1536,0,75,0.00778,analytic,"[1, 128, 768]","[1, 128, 768]",1081.34,0.0,0.375,cuda_event,cuda
16,encoder.layer.8.attention.self.query,Linear,0.05213,0.375,150994944.0,590592,0,76,0.05213,counter,"[1, 128, 768]","[1, 128, 768]",1081.34,0.0,0.375,cuda_event,cuda
16,encoder.layer.8.attention.self.key,Linear,0.05475,0.375,150994944.0,590592,0,77,0.05475,counter,"[1, 128, 768]","[1, 128, 768]",1081.34,0.0,0.375,cuda_event,cuda
16,encoder.layer.8.attention.self.value,Linear,0.05357,0.375,150994944.0,590592,0,78,0.05357,counter,"[1, 128, 768]","[1, 128, 768]",1081.34,0.0,0.375,cuda_event,cuda
16,encoder.layer.8.attention.output.dense,Linear,0.05472,0.375,150994944.0,590592,0,79,0.05472,counter,"[1, 128, 768]","[1, 128, 768]",1081.34,0.0,0.375,cuda_event,cuda
16,encoder.layer.8.attention.output.LayerNorm,LayerNorm,0.00707,0.375,491520.0,1536,0,80,0.00707,analytic,"[1, 128, 768]","[1, 128, 768]",1081.34,0.0,0.375,cuda_event,cuda
16,encoder.layer.8.intermediate.dense,Linear,0.12493,1.5,603979776.0,2362368,0,81,0.12493,counter,"[1, 128, 768]","[1, 128, 3072]",1081.34,0.0,1.5,cuda_event,cuda
16,encoder.layer.8.intermediate.intermediate_act_fn,GELUActivation,0.00762,1.5,0.0,0,0,82,0.00762,none,"[1, 128, 3072]","[1, 128, 3072]",1081.34,0.0,1.5,cuda_event,cuda
16,encoder.layer.8.output.dense,Linear,0.15571,0.375,603979776.0,2360064,0,83,0.15571,counter,"[1, 128, 3072]","[1, 128, 768]",1081.34,0.0,0.375,cuda_event,cuda
16,encoder.layer.8.output.LayerNorm,LayerNorm,0.00819,0.375,491520.0,1536,0,84,0.00819,analytic,"[1, 128, 768]","[1, 128, 768]",1081.34,0.0,0.375,cuda_event,cuda
16,encoder.layer.9.attention.self.query,Linear,0.05296,0.375,150994944.0,590592,0,85,0.05296,counter,"[1, 128, 768]","[1, 128, 768]",1081.34,0.0,0.375,cuda_event,cuda
16,encoder.layer.9.attention.self.key,Linear,0.05341,0.375,150994944.0,590592,0,86,0.05341,counter,"[1, 128, 768]","[1, 128, 768]",1081.34,0.0,0.375,cuda_event,cuda
16,encoder.layer.9.attention.self.value,Linear,0.05325,0.375,150994944.0,590592,0,87,0.05325,counter,"[1, 128, 768]","[1, 128, 768]",1081.34,0.0,0.375,cuda_event,cuda
16,encoder.layer.9.attention.output.dense,Linear,0.0536,0.375,150994944.0,590592,0,88,0.0536,counter,"[1, 128, 768]","[1, 128, 768]",1081.34,0.0,0.375,cuda_event,cuda
16,encoder.layer.9.attention.output.LayerNorm,LayerNorm,0.00787,0.375,491520.0,1536,0,89,0.00787,analytic,"[1, 128, 768]","[1, 128, 768]",1081.34,0.0,0.375,cuda_event,cuda
16,encoder.layer.9.intermediate.dense,Linear,0.12323,1.5,603979776.0,2362368,0,90,0.12323,counter,"[1, 128, 768]","[1, 128, 3072]",1081.34,0.0,1.5,cuda_event,cuda
16,encoder.layer.9.intermediate.intermediate_act_fn,GELUActivation,0.00637,1.5,0.0,0,0,91,0.00637,none,"[1, 128, 3072]","[1, 128, 3072]",1081.34,0.0,1.5,cuda_event,cuda
16,encoder.layer.9.output.dense,Linear,0.15565,0.375,603979776.0,2360064,0,92,0.15565,counter,"[1, 128, 3072]","[1, 128, 768]",1081.34,0.0,0.375,cuda_event,cuda
16,encoder.layer.9.output.LayerNorm,LayerNorm,0.00784,0.375,491520.0,1536,0,93,0.00784,analytic,"[1, 128, 768]","[1, 128, 768]",1081.34,0.0,0.375,cuda_event,cuda
16,encoder.layer.10.attention.self.query,Linear,0.05219,0.375,150994944.0,590592,0,94,0.05219,counter,"[1, 128, 768]","[1, 128, 768]",1081.34,0.0,0.375,cuda_event,cuda
16,encoder.layer.10.attention.self.key,Linear,0.05446,0.375,150994944.0,590592,0,95,0.05446,counter,"[1, 128, 768]","[1, 128, 768]",1081.34,0.0,0.375,cuda_event,cuda
16,encoder.layer.10.attention.self.value,Linear,0.05341,0.375,150994944.0,590592,0,96,0.05341,counter,"[1, 128, 768]","[1, 128, 768]",1081.34,0.0,0.375,cuda_event,cuda
16,encoder.layer.10.attention.output.dense,Linear,0.05325,0.375,150994944.0,590592,0,97,0.05325,counter,"[1, 128, 768]","[1, 128, 768]",1081.34,0.0,0.375,cuda_event,cuda
16,encoder.layer.10.attention.output.LayerNorm,LayerNorm,0.00781,0.375,491520.0,1536,0,98,0.00781,analytic,"[1, 128, 768]","[1, 128, 768]",1081.34,0.0,0.375,cuda_event,cuda
16,encoder.layer.10.intermediate.dense,Linear,0.12454,1.5,603979776.0,2362368,0,99,0.12454,counter,"[1, 128, 768]","[1, 128, 3072]",1081.34,0.0,1.5,cuda_event,cuda
16,encoder.layer.10.intermediate.intermediate_act_fn,GELUActivation,0.00771,1.5,0.0,0,0,100,0.00771,none,"[1, 128, 3072]","[1, 128, 3072]",1081.34,0.0,1.5,cuda_event,cuda
16,encoder.layer.10.output.dense,Linear,0.15222,0.375,603979776.0,2360064,0,101,0.15222,counter,"[1, 128, 3072]","[1, 128, 768]",1081.34,0.0,0.375,cuda_event,cuda
16,encoder.layer.10.output.LayerNorm,LayerNorm,0.00778,0.375,491520.0,1536,0,102,0.00778,analytic,"[1, 128, 768]","[1, 128, 768]",1081.34,0.0,0.375,cuda_event,cuda
16,encoder.layer.11.attention.self.query,Linear,0.05194,0.375,150994944.0,590592,0,103,0.05194,counter,"[1, 128, 768]","[1, 128, 768]",1081.34,0.0,0.375,cuda_event,cuda
16,encoder.layer.11.attention.self.key,Linear,0.05325,0.375,150994944.0,590592,0,104,0.05325,counter,"[1, 128, 768]","[1, 128, 768]",1081.34,0.0,0.375,cuda_event,cuda
16,encoder.layer.11.attention.self.value,Linear,0.05434,0.375,150994944.0,590592,0,105,0.05434,counter,"[1, 128, 768]","[1, 128, 768]",1081.34,0.0,0.375,cuda_event,cuda
16,encoder.layer.11.attention.output.dense,Linear,0.05325,0.375,150994944.0,590592,0,106,0.05325,counter,"[1, 128, 768]","[1, 128, 768]",1081.34,0.0,0.375,cuda_event,cuda
16,encoder.layer.11.attention.output.LayerNorm,LayerNorm,0.00778,0.375,491520.0,1536,0,107,0.00778,analytic,"[1, 128, 768]","[1, 128, 768]",1081.34,0.0,0.375,cuda_event,cuda
16,encoder.layer.11.intermediate.dense,Linear,0.12358,1.5,603979776.0,2362368,0,108,0.12358,counter,"[1, 128, 768]","[1, 128, 3072]",1081.34,0.0,1.5,cuda_event,cuda
16,encoder.layer.11.intermediate.intermediate_act_fn,GELUActivation,0.00771,1.5,0.0,0,0,109,0.00771,none,"[1, 128, 3072]","[1, 128, 3072]",1081.34,0.0,1.5,cuda_event,cuda
16,encoder.layer.11.output.dense,Linear,0.15219,0.375,603979776.0,2360064,0,110,0.15219,counter,"[1, 128, 3072]","[1, 128, 768]",1081.34,0.0,0.375,cuda_event,cuda
16,encoder.layer.11.output.LayerNorm,LayerNorm,0.00803,0.375,491520.0,1536,0,111,0.00803,analytic,"[1, 128, 768]","[1, 128, 768]",1081.34,0.0,0.375,cuda_event,cuda
16,pooler.dense,Linear,0.01274,0.00293,1179648.0,590592,0,112,0.01274,counter,"[1, 768]","[1, 768]",1081.34,0.0,0.003,cuda_event,cuda
16,pooler.activation,Tanh,0.00413,0.00293,3072.0,0,0,113,0.00413,analytic,"[1, 768]","[1, 768]",1081.34,0.0,0.003,cuda_event,cuda
17,embeddings.word_embeddings,Embedding,0.00614,0.375,0.0,23440896,0,0,0.00614,none,"[1, 128]","[1, 128, 768]",1081.34,0.0,0.375,cuda_event,cuda
17,embeddings.token_type_embeddings,Embedding,0.00518,0.375,0.0,1536,0,1,0.00518,none,"[1, 128]","[1, 128, 768]",1081.34,0.0,0.375,cuda_event,cuda
17,embeddings.position_embeddings,Embedding,0.00608,0.375,0.0,393216,0,2,0.00608,none,"[1, 128]","[1, 128, 768]",1081.34,0.0,0.375,cuda_event,cuda
17,embeddings.LayerNorm,LayerNorm,0.00778,0.375,491520.0,1536,0,3,0.00778,analytic,"[1, 128, 768]","[1, 128, 768]",1081.34,0.0,0.375,cuda_event,cuda
17,encoder.layer.0.attention.self.query,Linear,0.05376,0.375,150994944.0,590592,0,4,0.05376,counter,"[1, 128, 768]","[1, 128, 768]",1081.34,0.0,0.375,cuda_event,cuda
17,encoder.layer.0.attention.self.key,Linear,0.05443,0.375,150994944.0,590592,0,5,0.05443,counter,"[1, 128, 768]","[1, 128, 768]",1081.34,0.0,0.375,cuda_event,cuda
17,encoder.layer.0.attention.self.value,Linear,0.05376,0.375,150994944.0,590592,0,6,0.05376,counter,"[1, 128, 768]","[1, 128, 768]",1081.34,0.0,0.375,cuda_event,cuda
17,encoder.layer.0.attention.output.dense,Linear,0.05325,0.375,150994944.0,590592,0,7,0.05325,counter,"[1, 128, 768]","[1, 128, 768]",1081.34,0.0,0.375,cuda_event,cuda
17,encoder.layer.0.attention.output.LayerNorm,LayerNorm,0.0081,0.375,491520.0,1536,0,8,0.0081,analytic,"[1, 128, 768]","[1, 128, 768]",1081.34,0.0,0.375,cuda_event,cuda
17,encoder.layer.0.intermediate.dense,Linear,0.12262,1.5,603979776.0,2362368,0,9,0.12262,counter,"[1, 128, 768]","[1, 128, 3072]",1081.34,0.0,1.5,cuda_event,cuda
17,encoder.layer.0.intermediate.intermediate_act_fn,GELUActivation,0.00675,1.5,0.0,0,0,10,0.00675,none,"[1, 128, 3072]","[1, 128, 3072]",1081.34,0.0,1.5,cuda_event,cuda
17,encoder.layer.0.output.dense,Linear,0.15363,0.375,603979776.0,2360064,0,11,0.15363,counter,"[1, 128, 3072]","[1, 128, 768]",1081.34,0.0,0.375,cuda_event,cuda
17,encoder.layer.0.output.LayerNorm,LayerNorm,0.00784,0.375,491520.0,1536,0,12,0.00784,analytic,"[1, 128, 768]","[1, 128, 768]",1081.34,0.0,0.375,cuda_event,cuda
17,encoder.layer.1.attention.self.query,Linear,0.05299,0.375,150994944.0,590592,0,13,0.05299,counter,"[1, 128, 768]","[1, 128, 768]",1081.34,0.0,0.375,cuda_event,cuda
17,encoder.layer.1.attention.self.key,Linear,0.05363,0.375,150994944.0,590592,0,14,0.05363,counter,"[1, 128, 768]","[1, 128, 768]",1081.34,0.0,0.375,cuda_event,cuda
17,encoder.layer.1.attention.self.value,Linear,0.0537,0.375,150994944.0,590592,0,15,0.0537,counter,"[1, 128, 768]","[1, 128, 768]",1081.34,0.0,0.375,cuda_event,cuda
17,encoder.layer.1.attention.output.dense,Linear,0.05325,0.375,150994944.0,590592,0,16,0.05325,counter,"[1, 128, 768]","[1, 128, 768]",1081.34,0.0,0.375,cuda_event,cuda
17,encoder.layer.1.attention.output.LayerNorm,LayerNorm,0.00819,0.375,491520.0,1536,0,17,0.00819,analytic,"[1, 128, 768]","[1, 128, 768]",1081.34,0.0,0.375,cuda_event,cuda
17,encoder.layer.1.intermediate.dense,Linear,0.12426,1.5,603979776.0,2362368,0,18,0.12426,counter,"[1, 128, 768]","[1, 128, 3072]",1081.34,0.0,1.5,cuda_event,cuda
17,encoder.layer.1.intermediate.intermediate_act_fn,GELUActivation,0.00691,1.5,0.0,0,0,19,0.00691,none,"[1, 128, 3072]","[1, 128, 3072]",1081.34,0.0,1.5,cuda_event,cuda
17,encoder.layer.1.output.dense,Linear,0.15379,0.375,603979776.0,2360064,0,20,0.15379,counter,"[1, 128, 3072]","[1, 128, 768]",1081.34,0.0,0.375,cuda_event,cuda
17,encoder.layer.1.output.LayerNorm,LayerNorm,0.00819,0.375,491520.0,1536,0,21,0.00819,analytic,"[1, 128, 768]","[1, 128, 768]",1081.34,0.0,0.375,cuda_event,cuda
17,encoder.layer.2.attention.self.query,Linear,0.0529,0.375,150994944.0,590592,0,22,0.0529,counter,"[1, 128, 768]","[1, 128, 768]",1081.34,0.0,0.375,cuda_event,cuda
17,encoder.layer.2.attention.self.key,Linear,0.05363,0.375,150994944.0,590592,0,23,0.05363,counter,"[1, 128, 768]","[1, 128, 768]",1081.34,0.0,0.375,cuda_event,cuda
17,encoder.layer.2.attention.self.value,Linear,0.05478,0.375,150994944.0,590592,0,24,0.05478,counter,"[1, 128, 768]","[1, 128, 768]",1081.34,0.0,0.375,cuda_event,cuda
17,encoder.layer.2.attention.output.dense,Linear,0.05325,0.375,150994944.0,590592,0,25,0.05325,counter,"[1, 128, 768]","[1, 128, 768]",1081.34,0.0,0.375,cuda_event,cuda
17,encoder.layer.2.attention.output.LayerNorm,LayerNorm,0.00771,0.375,491520.0,1536,0,26,0.00771,analytic,"[1, 128, 768]","[1, 128, 768]",1081.34,0.0,0.375,cuda_event,cuda
17,encoder.layer.2.intermediate.dense,Linear,0.12362,1.5,603979776.0,2362368,0,27,0.12362,counter,"[1, 128, 768]","[1, 128, 3072]",1081.34,0.0,1.5,cuda_event,cuda
17,encoder.layer.2.intermediate.intermediate_act_fn,GELUActivation,0.00736,1.5,0.0,0,0,28,0.00736,none,"[1, 128, 3072]","[1, 128, 3072]",1081.34,0.0,1.5,cuda_event,cuda
17,encoder.layer.2.output.dense,Linear,0.15254,0.375,603979776.0,2360064,0,29,0.15254,counter,"[1, 128, 3072]","[1, 128, 768]",1081.34,0.0,0.375,cuda_event,cuda
17,encoder.layer.2.output.LayerNorm,LayerNorm,0.00784,0.375,491520.0,1536,0,30,0.00784,analytic,"[1, 128, 768]","[1, 128, 768]",1081.34,0.0,0.375,cuda_event,cuda
17,encoder.layer.3.attention.self.query,Linear,0.05184,0.375,150994944.0,590592,0,31,0.05184,counter,"[1, 128, 768]","[1, 128, 768]",1081.34,0.0,0.375,cuda_event,cuda
17,encoder.layer.3.attention.self.key,Linear,0.05469,0.375,150994944.0,590592,0,32,0.05469,counter,"[1, 128, 768]","[1, 128, 768]",1081.34,0.0,0.375,cuda_event,cuda
17,encoder.layer.3.attention.self.value,Linear,0.05405,0.375,150994944.0,590592,0,33,0.05405,counter,"[1, 128, 768]","[1, 128, 768]",1081.34,0.0,0.375,cuda_event,cuda
17,encoder.layer.3.attention.output.dense,Linear,0.05366,0.375,150994944.0,590592,0,34,0.05366,counter,"[1, 128, 768]","[1, 128, 768]",1081.34,0.0,0.375,cuda_event,cuda
17,encoder.layer.3.attention.output.LayerNorm,LayerNorm,0.00778,0.375,491520.0,1536,0,35,0.00778,analytic,"[1, 128, 768]","[1, 128, 768]",1081.34,0.0,0.375,cuda_event,cuda
17,encoder.layer.3.intermediate.dense,Linear,0.12579,1.5,603979776.0,2362368,0,36,0.12579,counter,"[1, 128, 768]","[1, 128, 3072]",1081.34,0.0,1.5,cuda_event,cuda
17,encoder.layer.3.intermediate.intermediate_act_fn,GELUActivation,0.00621,1.5,0.0,0,0,37,0.00621,none,"[1, 128, 3072]","[1, 128, 3072]",1081.34,0.0,1.5,cuda_event,cuda
17,encoder.layer.3.output.dense,Linear,0.15155,0.375,603979776.0,2360064,0,38,0.15155,counter,"[1, 128, 3072]","[1, 128, 768]",1081.34,0.0,0.375,cuda_event,cuda
17,encoder.layer.3.output.LayerNorm,LayerNorm,0.00819,0.375,491520.0,1536,0,39,0.00819,analytic,"[1, 128, 768]","[1, 128, 768]",1081.34,0.0,0.375,cuda_event,cuda
17,encoder.layer.4.attention.self.query,Linear,0.05299,0.375,150994944.0,590592,0,40,0.05299,counter,"[1, 128, 768]","[1, 128, 768]",1081.34,0.0,0.375,cuda_event,cuda
17,encoder.layer.4.attention.self.key,Linear,0.05318,0.375,150994944.0,590592,0,41,0.05318,counter,"[1, 128, 768]","[1, 128, 768]",1081.34,0.0,0.375,cuda_event,cuda
17,encoder.layer.4.attention.self.value,Linear,0.05398,0.375,150994944.0,590592,0,42,0.05398,counter,"[1, 128, 768]","[1, 128, 768]",1081.34,0.0,0.375,cuda_event,cuda
17,encoder.layer.4.attention.output.dense,Linear,0.05331,0.375,150994944.0,590592,0,43,0.05331,counter,"[1, 128, 768]","[1, 128, 768]",1081.34,0.0,0.375,cuda_event,cuda
17,encoder.layer.4.attention.output.LayerNorm,LayerNorm,0.00781,0.375,491520.0,1536,0,44,0.00781,analytic,"[1, 128, 768]","[1, 128, 768]",1081.34,0.0,0.375,cuda_event,cuda
17,encoder.layer.4.intermediate.dense,Linear,0.12294,1.5,603979776.0,2362368,0,45,0.12294,counter,"[1, 128, 768]","[1, 128, 3072]",1081.34,0.0,1.5,cuda_event,cuda
17,encoder.layer.4.intermediate.intermediate_act_fn,GELUActivation,0.00701,1.5,0.0,0,0,46,0.00701,none,"[1, 128, 3072]","[1, 128, 3072]",1081.34,0.0,1.5,cuda_event,cuda
17,encoder.layer.4.output.dense,Linear,0.15462,0.375,603979776.0,2360064,0,47,0.15462,counter,"[1, 128, 3072]","[1, 128, 768]",1081.34,0.0,0.375,cuda_event,cuda
17,encoder.layer.4.output.LayerNorm,LayerNorm,0.00819,0.375,491520.0,1536,0,48,0.00819,analytic,"[1, 128, 768]","[1, 128, 768]",1081.34,0.0,0.375,cuda_event,cuda
17,encoder.layer.5.attention.self.query,Linear,0.05325,0.375,150994944.0,590592,0,49,0.05325,counter,"[1, 128, 768]","[1, 128, 768]",1081.34,0.0,0.375,cuda_event,cuda
17,encoder.layer.5.attention.self.key,Linear,0.05325,0.375,150994944.0,590592,0,50,0.05325,counter,"[1, 128, 768]","[1, 128, 768]",1081.34,0.0,0.375,cuda_event,cuda
17,encoder.layer.5.attention.self.value,Linear,0.05453,0.375,150994944.0,590592,0,51,0.05453,counter,"[1, 128, 768]","[1, 128, 768]",1081.34,0.0,0.375,cuda_event,cuda
17,encoder.layer.5.attention.output.dense,Linear,0.05469,0.375,150994944.0,590592,0,52,0.05469,counter,"[1, 128, 768]","[1, 128, 768]",1081.34,0.0,0.375,cuda_event,cuda
17,encoder.layer.5.attention.output.LayerNorm,LayerNorm,0.00819,0.375,491520.0,1536,0,53,0.00819,analytic,"[1, 128, 768]","[1, 128, 768]",1081.34,0.0,0.375,cuda_event,cuda
17,encoder.layer.5.intermediate.dense,Linear,0.12288,1.5,603979776.0,2362368,0,54,0.12288,counter,"[1, 128, 768]","[1, 128, 3072]",1081.34,0.0,1.5,cuda_event,cuda
17,encoder.layer.5.intermediate.intermediate_act_fn,GELUActivation,0.00614,1.5,0.0,0,0,55,0.00614,none,"[1, 128, 3072]","[1, 128, 3072]",1081.34,0.0,1.5,cuda_event,cuda
17,encoder.layer.5.output.dense,Linear,0.15539,0.375,603979776.0,2360064,0,56,0.15539,counter,"[1, 128, 3072]","[1, 128, 768]",1081.34,0.0,0.375,cuda_event,cuda
17,encoder.layer.5.output.LayerNorm,LayerNorm,0.0079,0.375,491520.0,1536,0,57,0.0079,analytic,"[1, 128, 768]","[1, 128, 768]",1081.34,0.0,0.375,cuda_event,cuda
17,encoder.layer.6.attention.self.query,Linear,0.05181,0.375,150994944.0,590592,0,58,0.05181,counter,"[1, 128, 768]","[1, 128, 768]",1081.34,0.0,0.375,cuda_event,cuda
17,encoder.layer.6.attention.self.key,Linear,0.05354,0.375,150994944.0,590592,0,59,0.05354,counter,"[1, 128, 768]","[1, 128, 768]",1081.34,0.0,0.375,cuda_event,cuda
17,encoder.layer.6.attention.self.value,Linear,0.05325,0.375,150994944.0,590592,0,60,0.05325,counter,"[1, 128, 768]","[1, 128, 768]",1081.34,0.0,0.375,cuda_event,cuda
17,encoder.layer.6.attention.output.dense,Linear,0.05357,0.375,150994944.0,590592,0,61,0.05357,counter,"[1, 128, 768]","[1, 128, 768]",1081.34,0.0,0.375,cuda_event,cuda
17,encoder.layer.6.attention.output.LayerNorm,LayerNorm,0.00688,0.375,491520.0,1536,0,62,0.00688,analytic,"[1, 128, 768]","[1, 128, 768]",1081.34,0.0,0.375,cuda_event,cuda
17,encoder.layer.6.intermediate.dense,Linear,0.12678,1.5,603979776.0,2362368,0,63,0.12678,counter,"[1, 128, 768]","[1, 128, 3072]",1081.34,0.0,1.5,cuda_event,cuda
17,encoder.layer.6.intermediate.intermediate_act_fn,GELUActivation,0.00646,1.5,0.0,0,0,64,0.00646,none,"[1, 128, 3072]","[1, 128, 3072]",1081.34,0.0,1.5,cuda_event,cuda
17,encoder.layer.6.output.dense,Linear,0.15491,0.375,603979776.0,2360064,0,65,0.15491,counter,"[1, 128, 3072]","[1, 128, 768]",1081.34,0.0,0.375,cuda_event,cuda
17,encoder.layer.6.output.LayerNorm,LayerNorm,0.00819,0.375,491520.0,1536,0,66,0.00819,analytic,"[1, 128, 768]","[1, 128, 768]",1081.34,0.0,0.375,cuda_event,cuda
17,encoder.layer.7.attention.self.query,Linear,0.05325,0.375,150994944.0,590592,0,67,0.05325,counter,"[1, 128, 768]","[1, 128, 768]",1081.34,0.0,0.375,cuda_event,cuda
17,encoder.layer.7.attention.self.key,Linear,0.05437,0.375,150994944.0,590592,0,68,0.05437,counter,"[1, 128, 768]","[1, 128, 768]",1081.34,0.0,0.375,cuda_event,cuda
17,encoder.layer.7.attention.self.value,Linear,0.05446,0.375,150994944.0,590592,0,69,0.05446,counter,"[1, 128, 768]","[1, 128, 768]",1081.34,0.0,0.375,cuda_event,cuda
17,encoder.layer.7.attention.output.dense,Linear,0.05334,0.375,150994944.0,590592,0,70,0.05334,counter,"[1, 128, 768]","[1, 128, 768]",1081.34,0.0,0.375,cuda_event,cuda
17,encoder.layer.7.attention.output.LayerNorm,LayerNorm,0.00784,0.375,491520.0,1536,0,71,0.00784,analytic,"[1, 128, 768]","[1, 128, 768]",1081.34,0.0,0.375,cuda_event,cuda
17,encoder.layer.7.intermediate.dense,Linear,0.1232,1.5,603979776.0,2362368,0,72,0.1232,counter,"[1, 128, 768]","[1, 128, 3072]",1081.34,0.0,1.5,cuda_event,cuda
17,encoder.layer.7.intermediate.intermediate_act_fn,GELUActivation,0.00682,1.5,0.0,0,0,73,0.00682,none,"[1, 128, 3072]","[1, 128, 3072]",1081.34,0.0,1.5,cuda_event,cuda
17,encoder.layer.7.output.dense,Linear,0.15472,0.375,603979776.0,2360064,0,74,0.15472,counter,"[1, 128, 3072]","[1, 128, 768]",1081.34,0.0,0.375,cuda_event,cuda
17,encoder.layer.7.output.LayerNorm,LayerNorm,0.00819,0.375,491520.0,1536,0,75,0.00819,analytic,"[1, 128, 768]","[1, 128, 768]",1081.34,0.0,0.375,cuda_event,cuda
17,encoder.layer.8.attention.self.query,Linear,0.0528,0.375,150994944.0,590592,0,76,0.0528,counter,"[1, 128, 768]","[1, 128, 768]",1081.34,0.0,0.375,cuda_event,cuda
17,encoder.layer.8.attention.self.key,Linear,0.05386,0.375,150994944.0,590592,0,77,0.05386,counter,"[1, 128, 768]","[1, 128, 768]",1081.34,0.0,0.375,cuda_event,cuda
17,encoder.layer.8.attention.self.value,Linear,0.05443,0.375,150994944.0,590592,0,78,0.05443,counter,"[1, 128, 768]","[1, 128, 768]",1081.34,0.0,0.375,cuda_event,cuda
17,encoder.layer.8.attention.output.dense,Linear,0.05328,0.375,150994944.0,590592,0,79,0.05328,counter,"[1, 128, 768]","[1, 128, 768]",1081.34,0.0,0.375,cuda_event,cuda
17,encoder.layer.8.attention.output.LayerNorm,LayerNorm,0.00819,0.375,491520.0,1536,0,80,0.00819,analytic,"[1, 128, 768]","[1, 128, 768]",1081.34,0.0,0.375,cuda_event,cuda
17,encoder.layer.8.intermediate.dense,Linear,0.12288,1.5,603979776.0,2362368,0,81,0.12288,counter,"[1, 128, 768]","[1, 128, 3072]",1081.34,0.0,1.5,cuda_event,cuda
17,encoder.layer.8.intermediate.intermediate_act_fn,GELUActivation,0.00739,1.5,0.0,0,0,82,0.00739,none,"[1, 128, 3072]","[1, 128, 3072]",1081.34,0.0,1.5,cuda_event,cuda
17,encoder.layer.8.output.dense,Linear,0.1544,0.375,603979776.0,2360064,0,83,0.1544,counter,"[1, 128, 3072]","[1, 128, 768]",1081.34,0.0,0.375,cuda_event,cuda
17,encoder.layer.8.output.LayerNorm,LayerNorm,0.00774,0.375,491520.0,1536,0,84,0.00774,analytic,"[1, 128, 768]","[1, 128, 768]",1081.34,0.0,0.375,cuda_event,cuda
17,encoder.layer.9.attention.self.query,Linear,0.05254,0.375,150994944.0,590592,0,85,0.05254,counter,"[1, 128, 768]","[1, 128, 768]",1081.34,0.0,0.375,cuda_event,cuda
17,encoder.layer.9.attention.self.key,Linear,0.05379,0.375,150994944.0,590592,0,86,0.05379,counter,"[1, 128, 768]","[1, 128, 768]",1081.34,0.0,0.375,cuda_event,cuda
17,encoder.layer.9.attention.self.value,Linear,0.05373,0.375,150994944.0,590592,0,87,0.05373,counter,"[1, 128, 768]","[1, 128, 768]",1081.34,0.0,0.375,cuda_event,cuda
17,encoder.layer.9.attention.output.dense,Linear,0.05325,0.375,150994944.0,590592,0,88,0.05325,counter,"[1, 128, 768]","[1, 128, 768]",1081.34,0.0,0.375,cuda_event,cuda
17,encoder.layer.9.attention.output.LayerNorm,LayerNorm,0.00778,0.375,491520.0,1536,0,89,0.00778,analytic,"[1, 128, 768]","[1, 128, 768]",1081.34,0.0,0.375,cuda_event,cuda
17,encoder.layer.9.intermediate.dense,Linear,0.12426,1.5,603979776.0,2362368,0,90,0.12426,counter,"[1, 128, 768]","[1, 128, 3072]",1081.34,0.0,1.5,cuda_event,cuda
17,encoder.layer.9.intermediate.intermediate_act_fn,GELUActivation,0.00778,1.5,0.0,0,0,91,0.00778,none,"[1, 128, 3072]","[1, 128, 3072]",1081.34,0.0,1.5,cuda_event,cuda
17,encoder.layer.9.output.dense,Linear,0.15216,0.375,603979776.0,2360064,0,92,0.15216,counter,"[1, 128, 3072]","[1, 128, 768]",1081.34,0.0,0.375,cuda_event,cuda
17,encoder.layer.9.output.LayerNorm,LayerNorm,0.00819,0.375,491520.0,1536,0,93,0.00819,analytic,"[1, 128, 768]","[1, 128, 768]",1081.34,0.0,0.375,cuda_event,cuda
17,encoder.layer.10.attention.self.query,Linear,0.05306,0.375,150994944.0,590592,0,94,0.05306,counter,"[1, 128, 768]","[1, 128, 768]",1081.34,0.0,0.375,cuda_event,cuda
17,encoder.layer.10.attention.self.key,Linear,0.0529,0.375,150994944.0,590592,0,95,0.0529,counter,"[1, 128, 768]","[1, 128, 768]",1081.34,0.0,0.375,cuda_event,cuda
17,encoder.layer.10.attention.self.value,Linear,0.05373,0.375,150994944.0,590592,0,96,0.05373,counter,"[1, 128, 768]","[1, 128, 768]",1081.34,0.0,0.375,cuda_event,cuda
17,encoder.layer.10.attention.output.dense,Linear,0.05491,0.375,150994944.0,590592,0,97,0.05491,counter,"[1, 128, 768]","[1, 128, 768]",1081.34,0.0,0.375,cuda_event,cuda
17,encoder.layer.10.attention.output.LayerNorm,LayerNorm,0.0081,0.375,491520.0,1536,0,98,0.0081,analytic,"[1, 128, 768]","[1, 128, 768]",1081.34,0.0,0.375,cuda_event,cuda
17,encoder.layer.10.intermediate.dense,Linear,0.12493,1.5,603979776.0,2362368,0,99,0.12493,counter,"[1, 128, 768]","[1, 128, 3072]",1081.34,0.0,1.5,cuda_event,cuda
17,encoder.layer.10.intermediate.intermediate_act_fn,GELUActivation,0.0072,1.5,0.0,0,0,100,0.0072,none,"[1, 128, 3072]","[1, 128, 3072]",1081.34,0.0,1.5,cuda_event,cuda
17,encoder.layer.10.output.dense,Linear,0.15494,0.375,603979776.0,2360064,0,101,0.15494,counter,"[1, 128, 3072]","[1, 128, 768]",1081.34,0.0,0.375,cuda_event,cuda
17,encoder.layer.10.output.LayerNorm,LayerNorm,0.00691,0.375,491520.0,1536,0,102,0.00691,analytic,"[1, 128, 768]","[1, 128, 768]",1081.34,0.0,0.375,cuda_event,cuda
17,encoder.layer.11.attention.self.query,Linear,0.05325,0.375,150994944.0,590592,0,103,0.05325,counter,"[1, 128, 768]","[1, 128, 768]",1081.34,0.0,0.375,cuda_event,cuda
17,encoder.layer.11.attention.self.key,Linear,0.05296,0.375,150994944.0,590592,0,104,0.05296,counter,"[1, 128, 768]","[1, 128, 768]",1081.34,0.0,0.375,cuda_event,cuda
17,encoder.layer.11.attention.self.value,Linear,0.05366,0.375,150994944.0,590592,0,105,0.05366,counter,"[1, 128, 768]","[1, 128, 768]",1081.34,0.0,0.375,cuda_event,cuda
17,encoder.layer.11.attention.output.dense,Linear,0.05379,0.375,150994944.0,590592,0,106,0.05379,counter,"[1, 128, 768]","[1, 128, 768]",1081.34,0.0,0.375,cuda_event,cuda
17,encoder.layer.11.attention.output.LayerNorm,LayerNorm,0.00717,0.375,491520.0,1536,0,107,0.00717,analytic,"[1, 128, 768]","[1, 128, 768]",1081.34,0.0,0.375,cuda_event,cuda
17,encoder.layer.11.intermediate.dense,Linear,0.12419,1.5,603979776.0,2362368,0,108,0.12419,counter,"[1, 128, 768]","[1, 128, 3072]",1081.34,0.0,1.5,cuda_event,cuda
17,encoder.layer.11.intermediate.intermediate_act_fn,GELUActivation,0.00701,1.5,0.0,0,0,109,0.00701,none,"[1, 128, 3072]","[1, 128, 3072]",1081.34,0.0,1.5,cuda_event,cuda
17,encoder.layer.11.output.dense,Linear,0.15155,0.375,603979776.0,2360064,0,110,0.15155,counter,"[1, 128, 3072]","[1, 128, 768]",1081.34,0.0,0.375,cuda_event,cuda
17,encoder.layer.11.output.LayerNorm,LayerNorm,0.00819,0.375,491520.0,1536,0,111,0.00819,analytic,"[1, 128, 768]","[1, 128, 768]",1081.34,0.0,0.375,cuda_event,cuda
17,pooler.dense,Linear,0.01363,0.00293,1179648.0,590592,0,112,0.01363,counter,"[1, 768]","[1, 768]",1081.34,0.0,0.003,cuda_event,cuda
17,pooler.activation,Tanh,0.00435,0.00293,3072.0,0,0,113,0.00435,analytic,"[1, 768]","[1, 768]",1081.34,0.0,0.003,cuda_event,cuda
18,embeddings.word_embeddings,Embedding,0.00573,0.375,0.0,23440896,0,0,0.00573,none,"[1, 128]","[1, 128, 768]",1081.34,0.0,0.375,cuda_event,cuda
18,embeddings.token_type_embeddings,Embedding,0.00467,0.375,0.0,1536,0,1,0.00467,none,"[1, 128]","[1, 128, 768]",1081.34,0.0,0.375,cuda_event,cuda
18,embeddings.position_embeddings,Embedding,0.00614,0.375,0.0,393216,0,2,0.00614,none,"[1, 128]","[1, 128, 768]",1081.34,0.0,0.375,cuda_event,cuda
18,embeddings.LayerNorm,LayerNorm,0.00806,0.375,491520.0,1536,0,3,0.00806,analytic,"[1, 128, 768]","[1, 128, 768]",1081.34,0.0,0.375,cuda_event,cuda
18,encoder.layer.0.attention.self.query,Linear,0.0535,0.375,150994944.0,590592,0,4,0.0535,counter,"[1, 128, 768]","[1, 128, 768]",1081.34,0.0,0.375,cuda_event,cuda
18,encoder.layer.0.attention.self.key,Linear,0.05434,0.375,150994944.0,590592,0,5,0.05434,counter,"[1, 128, 768]","[1, 128, 768]",1081.34,0.0,0.375,cuda_event,cuda
18,encoder.layer.0.attention.self.value,Linear,0.05427,0.375,150994944.0,590592,0,6,0.05427,counter,"[1, 128, 768]","[1, 128, 768]",1081.34,0.0,0.375,cuda_event,cuda
18,encoder.layer.0.attention.output.dense,Linear,0.05325,0.375,150994944.0,590592,0,7,0.05325,counter,"[1, 128, 768]","[1, 128, 768]",1081.34,0.0,0.375,cuda_event,cuda
18,encoder.layer.0.attention.output.LayerNorm,LayerNorm,0.00819,0.375,491520.0,1536,0,8,0.00819,analytic,"[1, 128, 768]","[1, 128, 768]",1081.34,0.0,0.375,cuda_event,cuda
18,encoder.layer.0.intermediate.dense,Linear,0.12298,1.5,603979776.0,2362368,0,9,0.12298,counter,"[1, 128, 768]","[1, 128, 3072]",1081.34,0.0,1.5,cuda_event,cuda
18,encoder.layer.0.intermediate.intermediate_act_fn,GELUActivation,0.00771,1.5,0.0,0,0,10,0.00771,none,"[1, 128, 3072]","[1, 128, 3072]",1081.34,0.0,1.5,cuda_event,cuda
18,encoder.layer.0.output.dense,Linear,0.15558,0.375,603979776.0,2360064,0,11,0.15558,counter,"[1, 128, 3072]","[1, 128, 768]",1081.34,0.0,0.375,cuda_event,cuda
18,encoder.layer.0.output.LayerNorm,LayerNorm,0.00778,0.375,491520.0,1536,0,12,0.00778,analytic,"[1, 128, 768]","[1, 128, 768]",1081.34,0.0,0.375,cuda_event,cuda
18,encoder.layer.1.attention.self.query,Linear,0.05334,0.375,150994944.0,590592,0,13,0.05334,counter,"[1, 128, 768]","[1, 128, 768]",1081.34,0.0,0.375,cuda_event,cuda
18,encoder.layer.1.attention.self.key,Linear,0.05325,0.375,150994944.0,590592,0,14,0.05325,counter,"[1, 128, 768]","[1, 128, 768]",1081.34,0.0,0.375,cuda_event,cuda
18,encoder.layer.1.attention.self.value,Linear,0.05322,0.375,150994944.0,590592,0,15,0.05322,counter,"[1, 128, 768]","[1, 128, 768]",1081.34,0.0,0.375,cuda_event,cuda
18,encoder.layer.1.attention.output.dense,Linear,0.05325,0.375,150994944.0,590592,0,16,0.05325,counter,"[1, 128, 768]","[1, 128, 768]",1081.34,0.0,0.375,cuda_event,cuda
18,encoder.layer.1.attention.output.LayerNorm,LayerNorm,0.00774,0.375,491520.0,1536,0,17,0.00774,analytic,"[1, 128, 768]","[1, 128, 768]",1081.34,0.0,0.375,cuda_event,cuda
18,encoder.layer.1.intermediate.dense,Linear,0.12467,1.5,603979776.0,2362368,0,18,0.12467,counter,"[1, 128, 768]","[1, 128, 3072]",1081.34,0.0,1.5,cuda_event,cuda
18,encoder.layer.1.intermediate.intermediate_act_fn,GELUActivation,0.00813,1.5,0.0,0,0,19,0.00813,none,"[1, 128, 3072]","[1, 128, 3072]",1081.34,0.0,1.5,cuda_event,cuda
18,encoder.layer.1.output.dense,Linear,0.15584,0.375,603979776.0,2360064,0,20,0.15584,counter,"[1, 128, 3072]","[1, 128, 768]",1081.34,0.0,0.375,cuda_event,cuda
18,encoder.layer.1.output.LayerNorm,LayerNorm,0.0081,0.375,491520.0,1536,0,21,0.0081,analytic,"[1, 128, 768]","[1, 128, 768]",1081.34,0.0,0.375,cuda_event,cuda
18,encoder.layer.2.attention.self.query,Linear,0.05302,0.375,150994944.0,590592,0,22,0.05302,counter,"[1, 128, 768]","[1, 128, 768]",1081.34,0.0,0.375,cuda_event,cuda
18,encoder.layer.2.attention.self.key,Linear,0.05395,0.375,150994944.0,590592,0,23,0.05395,counter,"[1, 128, 768]","[1, 128, 768]",1081.34,0.0,0.375,cuda_event,cuda
18,encoder.layer.2.attention.self.value,Linear,0.05315,0.375,150994944.0,590592,0,24,0.05315,counter,"[1, 128, 768]","[1, 128, 768]",1081.34,0.0,0.375,cuda_event,cuda
18,encoder.layer.2.attention.output.dense,Linear,0.05325,0.375,150994944.0,590592,0,25,0.05325,counter,"[1, 128, 768]","[1, 128, 768]",1081.34,0.0,0.375,cuda_event,cuda
18,encoder.layer.2.attention.output.LayerNorm,LayerNorm,0.00781,0.375,491520.0,1536,0,26,0.00781,analytic,"[1, 128, 768]","[1, 128, 768]",1081.34,0.0,0.375,cuda_event,cuda
18,encoder.layer.2.intermediate.dense,Linear,0.12317,1.5,603979776.0,2362368,0,27,0.12317,counter,"[1, 128, 768]","[1, 128, 3072]",1081.34,0.0,1.5,cuda_event,cuda
18,encoder.layer.2.intermediate.intermediate_act_fn,GELUActivation,0.00653,1.5,0.0,0,0,28,0.00653,none,"[1, 128, 3072]","[1, 128, 3072]",1081.34,0.0,1.5,cuda_event,cuda
18,encoder.layer.2.output.dense,Linear,0.15155,0.375,603979776.0,2360064,0,29,0.15155,counter,"[1, 128, 3072]","[1, 128, 768]",1081.34,0.0,0.375,cuda_event,cuda
18,encoder.layer.2.output.LayerNorm,LayerNorm,0.00781,0.375,491520.0,1536,0,30,0.00781,analytic,"[1, 128, 768]","[1, 128, 768]",1081.34,0.0,0.375,cuda_event,cuda
18,encoder.layer.3.attention.self.query,Linear,0.05194,0.375,150994944.0,590592,0,31,0.05194,counter,"[1, 128, 768]","[1, 128, 768]",1081.34,0.0,0.375,cuda_event,cuda
18,encoder.layer.3.attention.self.key,Linear,0.05325,0.375,150994944.0,590592,0,32,0.05325,counter,"[1, 128, 768]","[1, 128, 768]",1081.34,0.0,0.375,cuda_event,cuda
18,encoder.layer.3.attention.self.value,Linear,0.05325,0.375,150994944.0,590592,0,33,0.05325,counter,"[1, 128, 768]","[1, 128, 768]",1081.34,0.0,0.375,cuda_event,cuda
18,encoder.layer.3.attention.output.dense,Linear,0.05376,0.375,150994944.0,590592,0,34,0.05376,counter,"[1, 128, 768]","[1, 128, 768]",1081.34,0.0,0.375,cuda_event,cuda
18,encoder.layer.3.attention.output.LayerNorm,LayerNorm,0.00765,0.375,491520.0,1536,0,35,0.00765,analytic,"[1, 128, 768]","[1, 128, 768]",1081.34,0.0,0.375,cuda_event,cuda
18,encoder.layer.3.intermediate.dense,Linear,0.12698,1.5,603979776.0,2362368,0,36,0.12698,counter,"[1, 128, 768]","[1, 128, 3072]",1081.34,0.0,1.5,cuda_event,cuda
18,encoder.layer.3.intermediate.intermediate_act_fn,GELUActivation,0.00614,1.5,0.0,0,0,37,0.00614,none,"[1, 128, 3072]","[1, 128, 3072]",1081.34,0.0,1.5,cuda_event,cuda
18,encoder.layer.3.output.dense,Linear,0.15302,0.375,603979776.0,2360064,0,38,0.15302,counter,"[1, 128, 3072]","[1, 128, 768]",1081.34,0.0,0.375,cuda_event,cuda
18,encoder.layer.3.output.LayerNorm,LayerNorm,0.00819,0.375,491520.0,1536,0,39,0.00819,analytic,"[1, 128, 768]","[1, 128, 768]",1081.34,0.0,0.375,cuda_event,cuda
18,encoder.layer.4.attention.self.query,Linear,0.05325,0.375,150994944.0,590592,0,40,0.05325,counter,"[1, 128, 768]","[1, 128, 768]",1081.34,0.0,0.375,cuda_event,cuda
18,encoder.layer.4.attention.self.key,Linear,0.05334,0.375,150994944.0,590592,0,41,0.05334,counter,"[1, 128, 768]","[1, 128, 768]",1081.34,0.0,0.375,cuda_event,cuda
18,encoder.layer.4.attention.self.value,Linear,0.05325,0.375,150994944.0,590592,0,42,0.05325,counter,"[1, 128, 768]","[1, 128, 768]",1081.34,0.0,0.375,cuda_event,cuda
18,encoder.layer.4.attention.output.dense,Linear,0.05392,0.375,150994944.0,590592,0,43,0.05392,counter,"[1, 128, 768]","[1, 128, 768]",1081.34,0.0,0.375,cuda_event,cuda
18,encoder.layer.4.attention.output.LayerNorm,LayerNorm,0.0079,0.375,491520.0,1536,0,44,0.0079,analytic,"[1, 128, 768]","[1, 128, 768]",1081.34,0.0,0.375,cuda_event,cuda
18,encoder.layer.4.intermediate.dense,Linear,0.12371,1.5,603979776.0,2362368,0,45,0.12371,counter,"[1, 128, 768]","[1, 128, 3072]",1081.34,0.0,1.5,cuda_event,cuda
18,encoder.layer.4.intermediate.intermediate_act_fn,GELUActivation,0.00624,1.5,0.0,0,0,46,0.00624,none,"[1, 128, 3072]","[1, 128, 3072]",1081.34,0.0,1.5,cuda_event,cuda
18,encoder.layer.4.output.dense,Linear,0.15261,0.375,603979776.0,2360064,0,47,0.15261,counter,"[1, 128, 3072]","[1, 128, 768]",1081.34,0.0,0.375,cuda_event,cuda
18,encoder.layer.4.output.LayerNorm,LayerNorm,0.0081,0.375,491520.0,1536,0,48,0.0081,analytic,"[1, 128, 768]","[1, 128, 768]",1081.34,0.0,0.375,cuda_event,cuda
18,encoder.layer.5.attention.self.query,Linear,0.05341,0.375,150994944.0,590592,0,49,0.05341,counter,"[1, 128, 768]","[1, 128, 768]",1081.34,0.0,0.375,cuda_event,cuda
18,encoder.layer.5.attention.self.key,Linear,0.05347,0.375,150994944.0,590592,0,50,0.05347,counter,"[1, 128, 768]","[1, 128, 768]",1081.34,0.0,0.375,cuda_event,cuda
18,encoder.layer.5.attention.self.value,Linear,0.05293,0.375,150994944.0,590592,0,51,0.05293,counter,"[1, 128, 768]","[1, 128, 768]",1081.34,0.0,0.375,cuda_event,cuda
18,encoder.layer.5.attention.output.dense,Linear,0.05472,0.375,150994944.0,590592,0,52,0.05472,counter,"[1, 128, 768]","[1, 128, 768]",1081.34,0.0,0.375,cuda_event,cuda
18,encoder.layer.5.attention.output.LayerNorm,LayerNorm,0.00819,0.375,491520.0,1536,0,53,0.00819,analytic,"[1, 128, 768]","[1, 128, 768]",1081.34,0.0,0.375,cuda_event,cuda
18,encoder.layer.5.intermediate.dense,Linear,0.12288,1.5,603979776.0,2362368,0,54,0.12288,counter,"[1, 128, 768]","[1, 128, 3072]",1081.34,0.0,1.5,cuda_event,cuda
18,encoder.layer.5.intermediate.intermediate_act_fn,GELUActivation,0.00819,1.5,0.0,0,0,55,0.00819,none,"[1, 128, 3072]","[1, 128, 3072]",1081.34,0.0,1.5,cuda_event,cuda
18,encoder.layer.5.output.dense,Linear,0.1537,0.375,603979776.0,2360064,0,56,0.1537,counter,"[1, 128, 3072]","[1, 128, 768]",1081.34,0.0,0.375,cuda_event,cuda
18,encoder.layer.5.output.LayerNorm,LayerNorm,0.0081,0.375,491520.0,1536,0,57,0.0081,analytic,"[1, 128, 768]","[1, 128, 768]",1081.34,0.0,0.375,cuda_event,cuda
18,encoder.layer.6.attention.self.query,Linear,0.05139,0.375,150994944.0,590592,0,58,0.05139,counter,"[1, 128, 768]","[1, 128, 768]",1081.34,0.0,0.375,cuda_event,cuda
18,encoder.layer.6.attention.self.key,Linear,0.05475,0.375,150994944.0,590592,0,59,0.05475,counter,"[1, 128, 768]","[1, 128, 768]",1081.34,0.0,0.375,cuda_event,cuda
18,encoder.layer.6.attention.self.value,Linear,0.05306,0.375,150994944.0,590592,0,60,0.05306,counter,"[1, 128, 768]","[1, 128, 768]",1081.34,0.0,0.375,cuda_event,cuda
18,encoder.layer.6.attention.output.dense,Linear,0.05354,0.375,150994944.0,590592,0,61,0.05354,counter,"[1, 128, 768]","[1, 128, 768]",1081.34,0.0,0.375,cuda_event,cuda
18,encoder.layer.6.attention.output.LayerNorm,LayerNorm,0.00762,0.375,491520.0,1536,0,62,0.00762,analytic,"[1, 128, 768]","[1, 128, 768]",1081.34,0.0,0.375,cuda_event,cuda
18,encoder.layer.6.intermediate.dense,Linear,0.1256,1.5,603979776.0,2362368,0,63,0.1256,counter,"[1, 128, 768]","[1, 128, 3072]",1081.34,0.0,1.5,cuda_event,cuda
18,encoder.layer.6.intermediate.intermediate_act_fn,GELUActivation,0.00618,1.5,0.0,0,0,64,0.00618,none,"[1, 128, 3072]","[1, 128, 3072]",1081.34,0.0,1.5,cuda_event,cuda
18,encoder.layer.6.output.dense,Linear,0.15482,0.375,603979776.0,2360064,0,65,0.15482,counter,"[1, 128, 3072]","[1, 128, 768]",1081.34,0.0,0.375,cuda_event,cuda
18,encoder.layer.6.output.LayerNorm,LayerNorm,0.00819,0.375,491520.0,1536,0,66,0.00819,analytic,"[1, 128, 768]","[1, 128, 768]",1081.34,0.0,0.375,cuda_event,cuda
18,encoder.layer.7.attention.self.query,Linear,0.05466,0.375,150994944.0,590592,0,67,0.05466,counter,"[1, 128, 768]","[1, 128, 768]",1081.34,0.0,0.375,cuda_event,cuda
18,encoder.layer.7.attention.self.key,Linear,0.05366,0.375,150994944.0,590592,0,68,0.05366,counter,"[1, 128, 768]","[1, 128, 768]",1081.34,0.0,0.375,cuda_event,cuda
18,encoder.layer.7.attention.self.value,Linear,0.05325,0.375,150994944.0,590592,0,69,0.05325,counter,"[1, 128, 768]","[1, 128, 768]",1081.34,0.0,0.375,cuda_event,cuda
18,encoder.layer.7.attention.output.dense,Linear,0.05386,0.375,150994944.0,590592,0,70,0.05386,counter,"[1, 128, 768]","[1, 128, 768]",1081.34,0.0,0.375,cuda_event,cuda
18,encoder.layer.7.attention.output.LayerNorm,LayerNorm,0.00781,0.375,491520.0,1536,0,71,0.00781,analytic,"[1, 128, 768]","[1, 128, 768]",1081.34,0.0,0.375,cuda_event,cuda
18,encoder.layer.7.intermediate.dense,Linear,0.12141,1.5,603979776.0,2362368,0,72,0.12141,counter,"[1, 128, 768]","[1, 128, 3072]",1081.34,0.0,1.5,cuda_event,cuda
18,encoder.layer.7.intermediate.intermediate_act_fn,GELUActivation,0.00733,1.5,0.0,0,0,73,0.00733,none,"[1, 128, 3072]","[1, 128, 3072]",1081.34,0.0,1.5,cuda_event,cuda
18,encoder.layer.7.output.dense,Linear,0.15405,0.375,603979776.0,2360064,0,74,0.15405,counter,"[1, 128, 3072]","[1, 128, 768]",1081.34,0.0,0.375,cuda_event,cuda
18,encoder.layer.7.output.LayerNorm,LayerNorm,0.00819,0.375,491520.0,1536,0,75,0.00819,analytic,"[1, 128, 768]","[1, 128, 768]",1081.34,0.0,0.375,cuda_event,cuda
18,encoder.layer.8.attention.self.query,Linear,0.05325,0.375,150994944.0,590592,0,76,0.05325,counter,"[1, 128, 768]","[1, 128, 768]",1081.34,0.0,0.375,cuda_event,cuda
18,encoder.layer.8.attention.self.key,Linear,0.05453,0.375,150994944.0,590592,0,77,0.05453,counter,"[1, 128, 768]","[1, 128, 768]",1081.34,0.0,0.375,cuda_event,cuda
18,encoder.layer.8.attention.self.value,Linear,0.05354,0.375,150994944.0,590592,0,78,0.05354,counter,"[1, 128, 768]","[1, 128, 768]",1081.34,0.0,0.375,cuda_event,cuda
18,encoder.layer.8.attention.output.dense,Linear,0.05325,0.375,150994944.0,590592,0,79,0.05325,counter,"[1, 128, 768]","[1, 128, 768]",1081.34,0.0,0.375,cuda_event,cuda
18,encoder.layer.8.attention.output.LayerNorm,LayerNorm,0.0079,0.375,491520.0,1536,0,80,0.0079,analytic,"[1, 128, 768]","[1, 128, 768]",1081.34,0.0,0.375,cuda_event,cuda
18,encoder.layer.8.intermediate.dense,Linear,0.12333,1.5,603979776.0,2362368,0,81,0.12333,counter,"[1, 128, 768]","[1, 128, 3072]",1081.34,0.0,1.5,cuda_event,cuda
18,encoder.layer.8.intermediate.intermediate_act_fn,GELUActivation,0.03008,1.5,0.0,0,0,82,0.03008,none,"[1, 128, 3072]","[1, 128, 3072]",1081.34,0.0,1.5,cuda_event,cuda
18,encoder.layer.8.output.dense,Linear,0.22598,0.375,603979776.0,2360064,0,83,0.22598,counter,"[1, 128, 3072]","[1, 128, 768]",1081.34,0.0,0.375,cuda_event,cuda
18,encoder.layer.8.output.LayerNorm,LayerNorm,0.1247,0.375,491520.0,1536,0,84,0.1247,analytic,"[1, 128, 768]","[1, 128, 768]",1081.34,0.0,0.375,cuda_event,cuda
18,encoder.layer.9.attention.self.query,Linear,0.12912,0.375,150994944.0,590592,0,85,0.12912,counter,"[1, 128, 768]","[1, 128, 768]",1081.34,0.0,0.375,cuda_event,cuda
18,encoder.layer.9.attention.self.key,Linear,0.12563,0.375,150994944.0,590592,0,86,0.12563,counter,"[1, 128, 768]","[1, 128, 768]",1081.34,0.0,0.375,cuda_event,cuda
18,encoder.layer.9.attention.self.value,Linear,0.11859,0.375,150994944.0,590592,0,87,0.11859,counter,"[1, 128, 768]","[1, 128, 768]",1081.34,0.0,0.375,cuda_event,cuda
18,encoder.layer.9.attention.output.dense,Linear,0.13459,0.375,150994944.0,590592,0,88,0.13459,counter,"[1, 128, 768]","[1, 128, 768]",1081.34,0.0,0.375,cuda_event,cuda
18,encoder.layer.9.attention.output.LayerNorm,LayerNorm,0.09414,0.375,491520.0,1536,0,89,0.09414,analytic,"[1, 128, 768]","[1, 128, 768]",1081.34,0.0,0.375,cuda_event,cuda
18,encoder.layer.9.intermediate.dense,Linear,0.20112,1.5,603979776.0,2362368,0,90,0.20112,counter,"[1, 128, 768]","[1, 128, 3072]",1081.34,0.0,1.5,cuda_event,cuda
18,encoder.layer.9.intermediate.intermediate_act_fn,GELUActivation,0.05984,1.5,0.0,0,0,91,0.05984,none,"[1, 128, 3072]","[1, 128, 3072]",1081.34,0.0,1.5,cuda_event,cuda
18,encoder.layer.9.output.dense,Linear,0.23962,0.375,603979776.0,2360064,0,92,0.23962,counter,"[1, 128, 3072]","[1, 128, 768]",1081.34,0.0,0.375,cuda_event,cuda
18,encoder.layer.9.output.LayerNorm,LayerNorm,0.09626,0.375,491520.0,1536,0,93,0.09626,analytic,"[1, 128, 768]","[1, 128, 768]",1081.34,0.0,0.375,cuda_event,cuda
18,encoder.layer.10.attention.self.query,Linear,0.13875,0.375,150994944.0,590592,0,94,0.13875,counter,"[1, 128, 768]","[1, 128, 768]",1081.34,0.0,0.375,cuda_event,cuda
18,encoder.layer.10.attention.self.key,Linear,0.26019,0.375,150994944.0,590592,0,95,0.26019,counter,"[1, 128, 768]","[1, 128, 768]",1081.34,0.0,0.375,cuda_event,cuda
18,encoder.layer.10.attention.self.value,Linear,0.14342,0.375,150994944.0,590592,0,96,0.14342,counter,"[1, 128, 768]","[1, 128, 768]",1081.34,0.0,0.375,cuda_event,cuda
18,encoder.layer.10.attention.output.dense,Linear,0.13488,0.375,150994944.0,590592,0,97,0.13488,counter,"[1, 128, 768]","[1, 128, 768]",1081.34,0.0,0.375,cuda_event,cuda
18,encoder.layer.10.attention.output.LayerNorm,LayerNorm,0.08806,0.375,491520.0,1536,0,98,0.08806,analytic,"[1, 128, 768]","[1, 128, 768]",1081.34,0.0,0.375,cuda_event,cuda
18,encoder.layer.10.intermediate.dense,Linear,0.21088,1.5,603979776.0,2362368,0,99,0.21088,counter,"[1, 128, 768]","[1, 128, 3072]",1081.34,0.0,1.5,cuda_event,cuda
18,encoder.layer.10.intermediate.intermediate_act_fn,GELUActivation,0.0456,1.5,0.0,0,0,100,0.0456,none,"[1, 128, 3072]","[1, 128, 3072]",1081.34,0.0,1.5,cuda_event,cuda
18,encoder.layer.10.output.dense,Linear,0.22733,0.375,603979776.0,2360064,0,101,0.22733,counter,"[1, 128, 3072]","[1, 128, 768]",1081.34,0.0,0.375,cuda_event,cuda
18,encoder.layer.10.output.LayerNorm,LayerNorm,0.08496,0.375,491520.0,1536,0,102,0.08496,analytic,"[1, 128, 768]","[1, 128, 768]",1081.34,0.0,0.375,cuda_event,cuda
18,encoder.layer.11.attention.self.query,Linear,0.15731,0.375,150994944.0,590592,0,103,0.15731,counter,"[1, 128, 768]","[1, 128, 768]",1081.34,0.0,0.375,cuda_event,cuda
18,encoder.layer.11.attention.self.key,Linear,0.11878,0.375,150994944.0,590592,0,104,0.11878,counter,"[1, 128, 768]","[1, 128, 768]",1081.34,0.0,0.375,cuda_event,cuda
18,encoder.layer.11.attention.self.value,Linear,0.13853,0.375,150994944.0,590592,0,105,0.13853,counter,"[1, 128, 768]","[1, 128, 768]",1081.34,0.0,0.375,cuda_event,cuda
18,encoder.layer.11.attention.output.dense,Linear,0.12,0.375,150994944.0,590592,0,106,0.12,counter,"[1, 128, 768]","[1, 128, 768]",1081.34,0.0,0.375,cuda_event,cuda
18,encoder.layer.11.attention.output.LayerNorm,LayerNorm,0.12592,0.375,491520.0,1536,0,107,0.12592,analytic,"[1, 128, 768]","[1, 128, 768]",1081.34,0.0,0.375,cuda_event,cuda
18,encoder.layer.11.intermediate.dense,Linear,0.20288,1.5,603979776.0,2362368,0,108,0.20288,counter,"[1, 128, 768]","[1, 128, 3072]",1081.34,0.0,1.5,cuda_event,cuda
18,encoder.layer.11.intermediate.intermediate_act_fn,GELUActivation,0.00803,1.5,0.0,0,0,109,0.00803,none,"[1, 128, 3072]","[1, 128, 3072]",1081.34,0.0,1.5,cuda_event,cuda
18,encoder.layer.11.output.dense,Linear,0.19827,0.375,603979776.0,2360064,0,110,0.19827,counter,"[1, 128, 3072]","[1, 128, 768]",1081.34,0.0,0.375,cuda_event,cuda
18,encoder.layer.11.output.LayerNorm,LayerNorm,0.01168,0.375,491520.0,1536,0,111,0.01168,analytic,"[1, 128, 768]","[1, 128, 768]",1081.34,0.0,0.375,cuda_event,cuda
18,pooler.dense,Linear,0.10867,0.00293,1179648.0,590592,0,112,0.10867,counter,"[1, 768]","[1, 768]",1081.34,0.0,0.003,cuda_event,cuda
18,pooler.activation,Tanh,0.05318,0.00293,3072.0,0,0,113,0.05318,analytic,"[1, 768]","[1, 768]",1081.34,0.0,0.003,cuda_event,cuda
19,embeddings.word_embeddings,Embedding,0.00598,0.375,0.0,23440896,0,0,0.00598,none,"[1, 128]","[1, 128, 768]",1081.34,0.0,0.375,cuda_event,cuda
19,embeddings.token_type_embeddings,Embedding,0.0047,0.375,0.0,1536,0,1,0.0047,none,"[1, 128]","[1, 128, 768]",1081.34,0.0,0.375,cuda_event,cuda
19,embeddings.position_embeddings,Embedding,0.00614,0.375,0.0,393216,0,2,0.00614,none,"[1, 128]","[1, 128, 768]",1081.34,0.0,0.375,cuda_event,cuda
19,embeddings.LayerNorm,LayerNorm,0.00819,0.375,491520.0,1536,0,3,0.00819,analytic,"[1, 128, 768]","[1, 128, 768]",1081.34,0.0,0.375,cuda_event,cuda
19,encoder.layer.0.attention.self.query,Linear,0.0552,0.375,150994944.0,590592,0,4,0.0552,counter,"[1, 128, 768]","[1, 128, 768]",1081.34,0.0,0.375,cuda_event,cuda
19,encoder.layer.0.attention.self.key,Linear,0.05331,0.375,150994944.0,590592,0,5,0.05331,counter,"[1, 128, 768]","[1, 128, 768]",1081.34,0.0,0.375,cuda_event,cuda
19,encoder.layer.0.attention.self.value,Linear,0.0553,0.375,150994944.0,590592,0,6,0.0553,counter,"[1, 128, 768]","[1, 128, 768]",1081.34,0.0,0.375,cuda_event,cuda
19,encoder.layer.0.attention.output.dense,Linear,0.05389,0.375,150994944.0,590592,0,7,0.05389,counter,"[1, 128, 768]","[1, 128, 768]",1081.34,0.0,0.375,cuda_event,cuda
19,encoder.layer.0.attention.output.LayerNorm,LayerNorm,0.00813,0.375,491520.0,1536,0,8,0.00813,analytic,"[1, 128, 768]","[1, 128, 768]",1081.34,0.0,0.375,cuda_event,cuda
19,encoder.layer.0.intermediate.dense,Linear,0.12608,1.5,603979776.0,2362368,0,9,0.12608,counter,"[1, 128, 768]","[1, 128, 3072]",1081.34,0.0,1.5,cuda_event,cuda
19,encoder.layer.0.intermediate.intermediate_act_fn,GELUActivation,0.0081,1.5,0.0,0,0,10,0.0081,none,"[1, 128, 3072]","[1, 128, 3072]",1081.34,0.0,1.5,cuda_event,cuda
19,encoder.layer.0.output.dense,Linear,0.15574,0.375,603979776.0,2360064,0,11,0.15574,counter,"[1, 128, 3072]","[1, 128, 768]",1081.34,0.0,0.375,cuda_event,cuda
19,encoder.layer.0.output.LayerNorm,LayerNorm,0.008,0.375,491520.0,1536,0,12,0.008,analytic,"[1, 128, 768]","[1, 128, 768]",1081.34,0.0,0.375,cuda_event,cuda
19,encoder.layer.1.attention.self.query,Linear,0.05325,0.375,150994944.0,590592,0,13,0.05325,counter,"[1, 128, 768]","[1, 128, 768]",1081.34,0.0,0.375,cuda_event,cuda
19,encoder.layer.1.attention.self.key,Linear,0.05344,0.375,150994944.0,590592,0,14,0.05344,counter,"[1, 128, 768]","[1, 128, 768]",1081.34,0.0,0.375,cuda_event,cuda
19,encoder.layer.1.attention.self.value,Linear,0.05459,0.375,150994944.0,590592,0,15,0.05459,counter,"[1, 128, 768]","[1, 128, 768]",1081.34,0.0,0.375,cuda_event,cuda
19,encoder.layer.1.attention.output.dense,Linear,0.05453,0.375,150994944.0,590592,0,16,0.05453,counter,"[1, 128, 768]","[1, 128, 768]",1081.34,0.0,0.375,cuda_event,cuda
19,encoder.layer.1.attention.output.LayerNorm,LayerNorm,0.00819,0.375,491520.0,1536,0,17,0.00819,analytic,"[1, 128, 768]","[1, 128, 768]",1081.34,0.0,0.375,cuda_event,cuda
19,encoder.layer.1.intermediate.dense,Linear,0.12653,1.5,603979776.0,2362368,0,18,0.12653,counter,"[1, 128, 768]","[1, 128, 3072]",1081.34,0.0,1.5,cuda_event,cuda
19,encoder.layer.1.intermediate.intermediate_act_fn,GELUActivation,0.00672,1.5,0.0,0,0,19,0.00672,none,"[1, 128, 3072]","[1, 128, 3072]",1081.34,0.0,1.5,cuda_event,cuda
19,encoder.layer.1.output.dense,Linear,0.15539,0.375,603979776.0,2360064,0,20,0.15539,counter,"[1, 128, 3072]","[1, 128, 768]",1081.34,0.0,0.375,cuda_event,cuda
19,encoder.layer.1.output.LayerNorm,LayerNorm,0.00816,0.375,491520.0,1536,0,21,0.00816,analytic,"[1, 128, 768]","[1, 128, 768]",1081.34,0.0,0.375,cuda_event,cuda
19,encoder.layer.2.attention.self.query,Linear,0.05302,0.375,150994944.0,590592,0,22,0.05302,counter,"[1, 128, 768]","[1, 128, 768]",1081.34,0.0,0.375,cuda_event,cuda
19,encoder.layer.2.attention.self.key,Linear,0.05405,0.375,150994944.0,590592,0,23,0.05405,counter,"[1, 128, 768]","[1, 128, 768]",1081.34,0.0,0.375,cuda_event,cuda
19,encoder.layer.2.attention.self.value,Linear,0.05466,0.375,150994944.0,590592,0,24,0.05466,counter,"[1, 128, 768]","[1, 128, 768]",1081.34,0.0,0.375,cuda_event,cuda
19,encoder.layer.2.attention.output.dense,Linear,0.05466,0.375,150994944.0,590592,0,25,0.05466,counter,"[1, 128, 768]","[1, 128, 768]",1081.34,0.0,0.375,cuda_event,cuda
19,encoder.layer.2.attention.output.LayerNorm,LayerNorm,0.00819,0.375,491520.0,1536,0,26,0.00819,analytic,"[1, 128, 768]","[1, 128, 768]",1081.34,0.0,0.375,cuda_event,cuda
19,encoder.layer.2.intermediate.dense,Linear,0.12493,1.5,603979776.0,2362368,0,27,0.12493,counter,"[1, 128, 768]","[1, 128, 3072]",1081.34,0.0,1.5,cuda_event,cuda
19,encoder.layer.2.intermediate.intermediate_act_fn,GELUActivation,0.00736,1.5,0.0,0,0,28,0.00736,none,"[1, 128, 3072]","[1, 128, 3072]",1081.34,0.0,1.5,cuda_event,cuda
19,encoder.layer.2.output.dense,Linear,0.15242,0.375,603979776.0,2360064,0,29,0.15242,counter,"[1, 128, 3072]","[1, 128, 768]",1081.34,0.0,0.375,cuda_event,cuda
19,encoder.layer.2.output.LayerNorm,LayerNorm,0.00819,0.375,491520.0,1536,0,30,0.00819,analytic,"[1, 128, 768]","[1, 128, 768]",1081.34,0.0,0.375,cuda_event,cuda
19,encoder.layer.3.attention.self.query,Linear,0.05325,0.375,150994944.0,590592,0,31,0.05325,counter,"[1, 128, 768]","[1, 128, 768]",1081.34,0.0,0.375,cuda_event,cuda
19,encoder.layer.3.attention.self.key,Linear,0.05334,0.375,150994944.0,590592,0,32,0.05334,counter,"[1, 128, 768]","[1, 128, 768]",1081.34,0.0,0.375,cuda_event,cuda
19,encoder.layer.3.attention.self.value,Linear,0.05501,0.375,150994944.0,590592,0,33,0.05501,counter,"[1, 128, 768]","[1, 128, 768]",1081.34,0.0,0.375,cuda_event,cuda
19,encoder.layer.3.attention.output.dense,Linear,0.05408,0.375,150994944.0,590592,0,34,0.05408,counter,"[1, 128, 768]","[1, 128, 768]",1081.34,0.0,0.375,cuda_event,cuda
19,encoder.layer.3.attention.output.LayerNorm,LayerNorm,0.00768,0.375,491520.0,1536,0,35,0.00768,analytic,"[1, 128, 768]","[1, 128, 768]",1081.34,0.0,0.375,cuda_event,cuda
19,encoder.layer.3.intermediate.dense,Linear,0.12797,1.5,603979776.0,2362368,0,36,0.12797,counter,"[1, 128, 768]","[1, 128, 3072]",1081.34,0.0,1.5,cuda_event,cuda
19,encoder.layer.3.intermediate.intermediate_act_fn,GELUActivation,0.00746,1.5,0.0,0,0,37,0.00746,none,"[1, 128, 3072]","[1, 128, 3072]",1081.34,0.0,1.5,cuda_event,cuda
19,encoder.layer.3.output.dense,Linear,0.1545,0.375,603979776.0,2360064,0,38,0.1545,counter,"[1, 128, 3072]","[1, 128, 768]",1081.34,0.0,0.375,cuda_event,cuda
19,encoder.layer.3.output.LayerNorm,LayerNorm,0.00819,0.375,491520.0,1536,0,39,0.00819,analytic,"[1, 128, 768]","[1, 128, 768]",1081.34,0.0,0.375,cuda_event,cuda
19,encoder.layer.4.attention.self.query,Linear,0.05322,0.375,150994944.0,590592,0,40,0.05322,counter,"[1, 128, 768]","[1, 128, 768]",1081.34,0.0,0.375,cuda_event,cuda
19,encoder.layer.4.attention.self.key,Linear,0.05344,0.375,150994944.0,590592,0,41,0.05344,counter,"[1, 128, 768]","[1, 128, 768]",1081.34,0.0,0.375,cuda_event,cuda
19,encoder.layer.4.attention.self.value,Linear,0.05488,0.375,150994944.0,590592,0,42,0.05488,counter,"[1, 128, 768]","[1, 128, 768]",1081.34,0.0,0.375,cuda_event,cuda
19,encoder.layer.4.attention.output.dense,Linear,0.05472,0.375,150994944.0,590592,0,43,0.05472,counter,"[1, 128, 768]","[1, 128, 768]",1081.34,0.0,0.375,cuda_event,cuda
19,encoder.layer.4.attention.output.LayerNorm,LayerNorm,0.00781,0.375,491520.0,1536,0,44,0.00781,analytic,"[1, 128, 768]","[1, 128, 768]",1081.34,0.0,0.375,cuda_event,cuda
19,encoder.layer.4.intermediate.dense,Linear,0.12474,1.5,603979776.0,2362368,0,45,0.12474,counter,"[1, 128, 768]","[1, 128, 3072]",1081.34,0.0,1.5,cuda_event,cuda
19,encoder.layer.4.intermediate.intermediate_act_fn,GELUActivation,0.00771,1.5,0.0,0,0,46,0.00771,none,"[1, 128, 3072]","[1, 128, 3072]",1081.34,0.0,1.5,cuda_event,cuda
19,encoder.layer.4.output.dense,Linear,0.15219,0.375,603979776.0,2360064,0,47,0.15219,counter,"[1, 128, 3072]","[1, 128, 768]",1081.34,0.0,0.375,cuda_event,cuda
19,encoder.layer.4.output.LayerNorm,LayerNorm,0.00819,0.375,491520.0,1536,0,48,0.00819,analytic,"[1, 128, 768]","[1, 128, 768]",1081.34,0.0,0.375,cuda_event,cuda
19,encoder.layer.5.attention.self.query,Linear,0.05293,0.375,150994944.0,590592,0,49,0.05293,counter,"[1, 128, 768]","[1, 128, 768]",1081.34,0.0,0.375,cuda_event,cuda
19,encoder.layer.5.attention.self.key,Linear,0.05373,0.375,150994944.0,590592,0,50,0.05373,counter,"[1, 128, 768]","[1, 128, 768]",1081.34,0.0,0.375,cuda_event,cuda
19,encoder.layer.5.attention.self.value,Linear,0.05469,0.375,150994944.0,590592,0,51,0.05469,counter,"[1, 128, 768]","[1, 128, 768]",1081.34,0.0,0.375,cuda_event,cuda
19,encoder.layer.5.attention.output.dense,Linear,0.05456,0.375,150994944.0,590592,0,52,0.05456,counter,"[1, 128, 768]","[1, 128, 768]",1081.34,0.0,0.375,cuda_event,cuda
19,encoder.layer.5.attention.output.LayerNorm,LayerNorm,0.00717,0.375,491520.0,1536,0,53,0.00717,analytic,"[1, 128, 768]","[1, 128, 768]",1081.34,0.0,0.375,cuda_event,cuda
19,encoder.layer.5.intermediate.dense,Linear,0.12397,1.5,603979776.0,2362368,0,54,0.12397,counter,"[1, 128, 768]","[1, 128, 3072]",1081.34,0.0,1.5,cuda_event,cuda
19,encoder.layer.5.intermediate.intermediate_act_fn,GELUActivation,0.00819,1.5,0.0,0,0,55,0.00819,none,"[1, 128, 3072]","[1, 128, 3072]",1081.34,0.0,1.5,cuda_event,cuda
19,encoder.layer.5.output.dense,Linear,0.15328,0.375,603979776.0,2360064,0,56,0.15328,counter,"[1, 128, 3072]","[1, 128, 768]",1081.34,0.0,0.375,cuda_event,cuda
19,encoder.layer.5.output.LayerNorm,LayerNorm,0.0081,0.375,491520.0,1536,0,57,0.0081,analytic,"[1, 128, 768]","[1, 128, 768]",1081.34,0.0,0.375,cuda_event,cuda
19,encoder.layer.6.attention.self.query,Linear,0.05194,0.375,150994944.0,590592,0,58,0.05194,counter,"[1, 128, 768]","[1, 128, 768]",1081.34,0.0,0.375,cuda_event,cuda
19,encoder.layer.6.attention.self.key,Linear,0.05459,0.375,150994944.0,590592,0,59,0.05459,counter,"[1, 128, 768]","[1, 128, 768]",1081.34,0.0,0.375,cuda_event,cuda
19,encoder.layer.6.attention.self.value,Linear,0.0552,0.375,150994944.0,590592,0,60,0.0552,counter,"[1, 128, 768]","[1, 128, 768]",1081.34,0.0,0.375,cuda_event,cuda
19,encoder.layer.6.attention.output.dense,Linear,0.05434,0.375,150994944.0,590592,0,61,0.05434,counter,"[1, 128, 768]","[1, 128, 768]",1081.34,0.0,0.375,cuda_event,cuda
19,encoder.layer.6.attention.output.LayerNorm,LayerNorm,0.00819,0.375,491520.0,1536,0,62,0.00819,analytic,"[1, 128, 768]","[1, 128, 768]",1081.34,0.0,0.375,cuda_event,cuda
19,encoder.layer.6.intermediate.dense,Linear,0.12595,1.5,603979776.0,2362368,0,63,0.12595,counter,"[1, 128, 768]","[1, 128, 3072]",1081.34,0.0,1.5,cuda_event,cuda
19,encoder.layer.6.intermediate.intermediate_act_fn,GELUActivation,0.00752,1.5,0.0,0,0,64,0.00752,none,"[1, 128, 3072]","[1, 128, 3072]",1081.34,0.0,1.5,cuda_event,cuda
19,encoder.layer.6.output.dense,Linear,0.15562,0.375,603979776.0,2360064,0,65,0.15562,counter,"[1, 128, 3072]","[1, 128, 768]",1081.34,0.0,0.375,cuda_event,cuda
19,encoder.layer.6.output.LayerNorm,LayerNorm,0.00819,0.375,491520.0,1536,0,66,0.00819,analytic,"[1, 128, 768]","[1, 128, 768]",1081.34,0.0,0.375,cuda_event,cuda
19,encoder.layer.7.attention.self.query,Linear,0.05325,0.375,150994944.0,590592,0,67,0.05325,counter,"[1, 128, 768]","[1, 128, 768]",1081.34,0.0,0.375,cuda_event,cuda
19,encoder.layer.7.attention.self.key,Linear,0.05523,0.375,150994944.0,590592,0,68,0.05523,counter,"[1, 128, 768]","[1, 128, 768]",1081.34,0.0,0.375,cuda_event,cuda
19,encoder.layer.7.attention.self.value,Linear,0.05347,0.375,150994944.0,590592,0,69,0.05347,counter,"[1, 128, 768]","[1, 128, 768]",1081.34,0.0,0.375,cuda_event,cuda
19,encoder.layer.7.attention.output.dense,Linear,0.05328,0.375,150994944.0,590592,0,70,0.05328,counter,"[1, 128, 768]","[1, 128, 768]",1081.34,0.0,0.375,cuda_event,cuda
19,encoder.layer.7.attention.output.LayerNorm,LayerNorm,0.00784,0.375,491520.0,1536,0,71,0.00784,analytic,"[1, 128, 768]","[1, 128, 768]",1081.34,0.0,0.375,cuda_event,cuda
19,encoder.layer.7.intermediate.dense,Linear,0.12493,1.5,603979776.0,2362368,0,72,0.12493,counter,"[1, 128, 768]","[1, 128, 3072]",1081.34,0.0,1.5,cuda_event,cuda
19,encoder.layer.7.intermediate.intermediate_act_fn,GELUActivation,0.00688,1.5,0.0,0,0,73,0.00688,none,"[1, 128, 3072]","[1, 128, 3072]",1081.34,0.0,1.5,cuda_event,cuda
19,encoder.layer.7.output.dense,Linear,0.15376,0.375,603979776.0,2360064,0,74,0.15376,counter,"[1, 128, 3072]","[1, 128, 768]",1081.34,0.0,0.375,cuda_event,cuda
19,encoder.layer.7.output.LayerNorm,LayerNorm,0.00784,0.375,491520.0,1536,0,75,0.00784,analytic,"[1, 128, 768]","[1, 128, 768]",1081.34,0.0,0.375,cuda_event,cuda
19,encoder.layer.8.attention.self.query,Linear,0.05171,0.375,150994944.0,590592,0,76,0.05171,counter,"[1, 128, 768]","[1, 128, 768]",1081.34,0.0,0.375,cuda_event,cuda
19,encoder.layer.8.attention.self.key,Linear,0.0553,0.375,150994944.0,590592,0,77,0.0553,counter,"[1, 128, 768]","[1, 128, 768]",1081.34,0.0,0.375,cuda_event,cuda
19,encoder.layer.8.attention.self.value,Linear,0.05325,0.375,150994944.0,590592,0,78,0.05325,counter,"[1, 128, 768]","[1, 128, 768]",1081.34,0.0,0.375,cuda_event,cuda
19,encoder.layer.8.attention.output.dense,Linear,0.05469,0.375,150994944.0,590592,0,79,0.05469,counter,"[1, 128, 768]","[1, 128, 768]",1081.34,0.0,0.375,cuda_event,cuda
19,encoder.layer.8.attention.output.LayerNorm,LayerNorm,0.00819,0.375,491520.0,1536,0,80,0.00819,analytic,"[1, 128, 768]","[1, 128, 768]",1081.34,0.0,0.375,cuda_event,cuda
19,encoder.layer.8.intermediate.dense,Linear,0.12493,1.5,603979776.0,2362368,0,81,0.12493,counter,"[1, 128, 768]","[1, 128, 3072]",1081.34,0.0,1.5,cuda_event,cuda
19,encoder.layer.8.intermediate.intermediate_act_fn,GELUActivation,0.00787,1.5,0.0,0,0,82,0.00787,none,"[1, 128, 3072]","[1, 128, 3072]",1081.34,0.0,1.5,cuda_event,cuda
19,encoder.layer.8.output.dense,Linear,0.15408,0.375,603979776.0,2360064,0,83,0.15408,counter,"[1, 128, 3072]","[1, 128, 768]",1081.34,0.0,0.375,cuda_event,cuda
19,encoder.layer.8.output.LayerNorm,LayerNorm,0.00794,0.375,491520.0,1536,0,84,0.00794,analytic,"[1, 128, 768]","[1, 128, 768]",1081.34,0.0,0.375,cuda_event,cuda
19,encoder.layer.9.attention.self.query,Linear,0.05318,0.375,150994944.0,590592,0,85,0.05318,counter,"[1, 128, 768]","[1, 128, 768]",1081.34,0.0,0.375,cuda_event,cuda
19,encoder.layer.9.attention.self.key,Linear,0.05402,0.375,150994944.0,590592,0,86,0.05402,counter,"[1, 128, 768]","[1, 128, 768]",1081.34,0.0,0.375,cuda_event,cuda
19,encoder.layer.9.attention.self.value,Linear,0.0545,0.375,150994944.0,590592,0,87,0.0545,counter,"[1, 128, 768]","[1, 128, 768]",1081.34,0.0,0.375,cuda_event,cuda
19,encoder.layer.9.attention.output.dense,Linear,0.05325,0.375,150994944.0,590592,0,88,0.05325,counter,"[1, 128, 768]","[1, 128, 768]",1081.34,0.0,0.375,cuda_event,cuda
19,encoder.layer.9.attention.output.LayerNorm,LayerNorm,0.00758,0.375,491520.0,1536,0,89,0.00758,analytic,"[1, 128, 768]","[1, 128, 768]",1081.34,0.0,0.375,cuda_event,cuda
19,encoder.layer.9.intermediate.dense,Linear,0.12362,1.5,603979776.0,2362368,0,90,0.12362,counter,"[1, 128, 768]","[1, 128, 3072]",1081.34,0.0,1.5,cuda_event,cuda
19,encoder.layer.9.intermediate.intermediate_act_fn,GELUActivation,0.00614,1.5,0.0,0,0,91,0.00614,none,"[1, 128, 3072]","[1, 128, 3072]",1081.34,0.0,1.5,cuda_event,cuda
19,encoder.layer.9.output.dense,Linear,0.15565,0.375,603979776.0,2360064,0,92,0.15565,counter,"[1, 128, 3072]","[1, 128, 768]",1081.34,0.0,0.375,cuda_event,cuda
19,encoder.layer.9.output.LayerNorm,LayerNorm,0.00819,0.375,491520.0,1536,0,93,0.00819,analytic,"[1, 128, 768]","[1, 128, 768]",1081.34,0.0,0.375,cuda_event,cuda
19,encoder.layer.10.attention.self.query,Linear,0.05318,0.375,150994944.0,590592,0,94,0.05318,counter,"[1, 128, 768]","[1, 128, 768]",1081.34,0.0,0.375,cuda_event,cuda
19,encoder.layer.10.attention.self.key,Linear,0.05347,0.375,150994944.0,590592,0,95,0.05347,counter,"[1, 128, 768]","[1, 128, 768]",1081.34,0.0,0.375,cuda_event,cuda
19,encoder.layer.10.attention.self.value,Linear,0.0553,0.375,150994944.0,590592,0,96,0.0553,counter,"[1, 128, 768]","[1, 128, 768]",1081.34,0.0,0.375,cuda_event,cuda
19,encoder.layer.10.attention.output.dense,Linear,0.05382,0.375,150994944.0,590592,0,97,0.05382,counter,"[1, 128, 768]","[1, 128, 768]",1081.34,0.0,0.375,cuda_event,cuda
19,encoder.layer.10.attention.output.LayerNorm,LayerNorm,0.00774,0.375,491520.0,1536,0,98,0.00774,analytic,"[1, 128, 768]","[1, 128, 768]",1081.34,0.0,0.375,cuda_event,cuda
19,encoder.layer.10.intermediate.dense,Linear,0.12557,1.5,603979776.0,2362368,0,99,0.12557,counter,"[1, 128, 768]","[1, 128, 3072]",1081.34,0.0,1.5,cuda_event,cuda
19,encoder.layer.10.intermediate.intermediate_act_fn,GELUActivation,0.00736,1.5,0.0,0,0,100,0.00736,none,"[1, 128, 3072]","[1, 128, 3072]",1081.34,0.0,1.5,cuda_event,cuda
19,encoder.layer.10.output.dense,Linear,0.15581,0.375,603979776.0,2360064,0,101,0.15581,counter,"[1, 128, 3072]","[1, 128, 768]",1081.34,0.0,0.375,cuda_event,cuda
19,encoder.layer.10.output.LayerNorm,LayerNorm,0.00819,0.375,491520.0,1536,0,102,0.00819,analytic,"[1, 128, 768]","[1, 128, 768]",1081.34,0.0,0.375,cuda_event,cuda
19,encoder.layer.11.attention.self.query,Linear,0.05302,0.375,150994944.0,590592,0,103,0.05302,counter,"[1, 128, 768]","[1, 128, 768]",1081.34,0.0,0.375,cuda_event,cuda
19,encoder.layer.11.attention.self.key,Linear,0.05363,0.375,150994944.0,590592,0,104,0.05363,counter,"[1, 128, 768]","[1, 128, 768]",1081.34,0.0,0.375,cuda_event,cuda
19,encoder.layer.11.attention.self.value,Linear,0.05504,0.375,150994944.0,590592,0,105,0.05504,counter,"[1, 128, 768]","[1, 128, 768]",1081.34,0.0,0.375,cuda_event,cuda
19,encoder.layer.11.attention.output.dense,Linear,0.05661,0.375,150994944.0,590592,0,106,0.05661,counter,"[1, 128, 768]","[1, 128, 768]",1081.34,0.0,0.375,cuda_event,cuda
19,encoder.layer.11.attention.output.LayerNorm,LayerNorm,0.00819,0.375,491520.0,1536,0,107,0.00819,analytic,"[1, 128, 768]","[1, 128, 768]",1081.34,0.0,0.375,cuda_event,cuda
19,encoder.layer.11.intermediate.dense,Linear,0.12493,1.5,603979776.0,2362368,0,108,0.12493,counter,"[1, 128, 768]","[1, 128, 3072]",1081.34,0.0,1.5,cuda_event,cuda
19,encoder.layer.11.intermediate.intermediate_act_fn,GELUActivation,0.00771,1.5,0.0,0,0,109,0.00771,none,"[1, 128, 3072]","[1, 128, 3072]",1081.34,0.0,1.5,cuda_event,cuda
19,encoder.layer.11.output.dense,Linear,0.15325,0.375,603979776.0,2360064,0,110,0.15325,counter,"[1, 128, 3072]","[1, 128, 768]",1081.34,0.0,0.375,cuda_event,cuda
19,encoder.layer.11.output.LayerNorm,LayerNorm,0.00819,0.375,491520.0,1536,0,111,0.00819,analytic,"[1, 128, 768]","[1, 128, 768]",1081.34,0.0,0.375,cuda_event,cuda
19,pooler.dense,Linear,0.01376,0.00293,1179648.0,590592,0,112,0.01376,counter,"[1, 768]","[1, 768]",1081.34,0.0,0.003,cuda_event,cuda
19,pooler.activation,Tanh,0.00435,0.00293,3072.0,0,0,113,0.00435,analytic,"[1, 768]","[1, 768]",1081.34,0.0,0.003,cuda_event,cuda
20,embeddings.word_embeddings,Embedding,0.00614,0.375,0.0,23440896,0,0,0.00614,none,"[1, 128]","[1, 128, 768]",1081.34,0.0,0.375,cuda_event,cuda
20,embeddings.token_type_embeddings,Embedding,0.00547,0.375,0.0,1536,0,1,0.00547,none,"[1, 128]","[1, 128, 768]",1081.34,0.0,0.375,cuda_event,cuda
20,embeddings.position_embeddings,Embedding,0.00614,0.375,0.0,393216,0,2,0.00614,none,"[1, 128]","[1, 128, 768]",1081.34,0.0,0.375,cuda_event,cuda
20,embeddings.LayerNorm,LayerNorm,0.00797,0.375,491520.0,1536,0,3,0.00797,analytic,"[1, 128, 768]","[1, 128, 768]",1081.34,0.0,0.375,cuda_event,cuda
20,encoder.layer.0.attention.self.query,Linear,0.05526,0.375,150994944.0,590592,0,4,0.05526,counter,"[1, 128, 768]","[1, 128, 768]",1081.34,0.0,0.375,cuda_event,cuda
20,encoder.layer.0.attention.self.key,Linear,0.05373,0.375,150994944.0,590592,0,5,0.05373,counter,"[1, 128, 768]","[1, 128, 768]",1081.34,0.0,0.375,cuda_event,cuda
20,encoder.layer.0.attention.self.value,Linear,0.0553,0.375,150994944.0,590592,0,6,0.0553,counter,"[1, 128, 768]","[1, 128, 768]",1081.34,0.0,0.375,cuda_event,cuda
20,encoder.layer.0.attention.output.dense,Linear,0.05427,0.375,150994944.0,590592,0,7,0.05427,counter,"[1, 128, 768]","[1, 128, 768]",1081.34,0.0,0.375,cuda_event,cuda
20,encoder.layer.0.attention.output.LayerNorm,LayerNorm,0.00698,0.375,491520.0,1536,0,8,0.00698,analytic,"[1, 128, 768]","[1, 128, 768]",1081.34,0.0,0.375,cuda_event,cuda
20,encoder.layer.0.intermediate.dense,Linear,0.12493,1.5,603979776.0,2362368,0,9,0.12493,counter,"[1, 128, 768]","[1, 128, 3072]",1081.34,0.0,1.5,cuda_event,cuda
20,encoder.layer.0.intermediate.intermediate_act_fn,GELUActivation,0.00621,1.5,0.0,0,0,10,0.00621,none,"[1, 128, 3072]","[1, 128, 3072]",1081.34,0.0,1.5,cuda_event,cuda
20,encoder.layer.0.output.dense,Linear,0.1536,0.375,603979776.0,2360064,0,11,0.1536,counter,"[1, 128, 3072]","[1, 128, 768]",1081.34,0.0,0.375,cuda_event,cuda
20,encoder.layer.0.output.LayerNorm,LayerNorm,0.00819,0.375,491520.0,1536,0,12,0.00819,analytic,"[1, 128, 768]","[1, 128, 768]",1081.34,0.0,0.375,cuda_event,cuda
20,encoder.layer.1.attention.self.query,Linear,0.05325,0.375,150994944.0,590592,0,13,0.05325,counter,"[1, 128, 768]","[1, 128, 768]",1081.34,0.0,0.375,cuda_event,cuda
20,encoder.layer.1.attention.self.key,Linear,0.0545,0.375,150994944.0,590592,0,14,0.0545,counter,"[1, 128, 768]","[1, 128, 768]",1081.34,0.0,0.375,cuda_event,cuda
20,encoder.layer.1.attention.self.value,Linear,0.05376,0.375,150994944.0,590592,0,15,0.05376,counter,"[1, 128, 768]","[1, 128, 768]",1081.34,0.0,0.375,cuda_event,cuda
20,encoder.layer.1.attention.output.dense,Linear,0.05434,0.375,150994944.0,590592,0,16,0.05434,counter,"[1, 128, 768]","[1, 128, 768]",1081.34,0.0,0.375,cuda_event,cuda
20,encoder.layer.1.attention.output.LayerNorm,LayerNorm,0.00819,0.375,491520.0,1536,0,17,0.00819,analytic,"[1, 128, 768]","[1, 128, 768]",1081.34,0.0,0.375,cuda_event,cuda
20,encoder.layer.1.intermediate.dense,Linear,0.13312,1.5,603979776.0,2362368,0,18,0.13312,counter,"[1, 128, 768]","[1, 128, 3072]",1081.34,0.0,1.5,cuda_event,cuda
20,encoder.layer.1.intermediate.intermediate_act_fn,GELUActivation,0.00813,1.5,0.0,0,0,19,0.00813,none,"[1, 128, 3072]","[1, 128, 3072]",1081.34,0.0,1.5,cuda_event,cuda
20,encoder.layer.1.output.dense,Linear,0.15382,0.375,603979776.0,2360064,0,20,0.15382,counter,"[1, 128, 3072]","[1, 128, 768]",1081.34,0.0,0.375,cuda_event,cuda
20,encoder.layer.1.output.LayerNorm,LayerNorm,0.00819,0.375,491520.0,1536,0,21,0.00819,analytic,"[1, 128, 768]","[1, 128, 768]",1081.34,0.0,0.375,cuda_event,cuda
20,encoder.layer.2.attention.self.query,Linear,0.05325,0.375,150994944.0,590592,0,22,0.05325,counter,"[1, 128, 768]","[1, 128, 768]",1081.34,0.0,0.375,cuda_event,cuda
20,encoder.layer.2.attention.self.key,Linear,0.05526,0.375,150994944.0,590592,0,23,0.05526,counter,"[1, 128, 768]","[1, 128, 768]",1081.34,0.0,0.375,cuda_event,cuda
20,encoder.layer.2.attention.self.value,Linear,0.05501,0.375,150994944.0,590592,0,24,0.05501,counter,"[1, 128, 768]","[1, 128, 768]",1081.34,0.0,0.375,cuda_event,cuda
20,encoder.layer.2.attention.output.dense,Linear,0.05373,0.375,150994944.0,590592,0,25,0.05373,counter,"[1, 128, 768]","[1, 128, 768]",1081.34,0.0,0.375,cuda_event,cuda
20,encoder.layer.2.attention.output.LayerNorm,LayerNorm,0.00694,0.375,491520.0,1536,0,26,0.00694,analytic,"[1, 128, 768]","[1, 128, 768]",1081.34,0.0,0.375,cuda_event,cuda
20,encoder.layer.2.intermediate.dense,Linear,0.12454,1.5,603979776.0,2362368,0,27,0.12454,counter,"[1, 128, 768]","[1, 128, 3072]",1081.34,0.0,1.5,cuda_event,cuda
20,encoder.layer.2.intermediate.intermediate_act_fn,GELUActivation,0.0064,1.5,0.0,0,0,28,0.0064,none,"[1, 128, 3072]","[1, 128, 3072]",1081.34,0.0,1.5,cuda_event,cuda
20,encoder.layer.2.output.dense,Linear,0.15488,0.375,603979776.0,2360064,0,29,0.15488,counter,"[1, 128, 3072]","[1, 128, 768]",1081.34,0.0,0.375,cuda_event,cuda
20,encoder.layer.2.output.LayerNorm,LayerNorm,0.00819,0.375,491520.0,1536,0,30,0.00819,analytic,"[1, 128, 768]","[1, 128, 768]",1081.34,0.0,0.375,cuda_event,cuda
20,encoder.layer.3.attention.self.query,Linear,0.05325,0.375,150994944.0,590592,0,31,0.05325,counter,"[1, 128, 768]","[1, 128, 768]",1081.34,0.0,0.375,cuda_event,cuda
20,encoder.layer.3.attention.self.key,Linear,0.05488,0.375,150994944.0,590592,0,32,0.05488,counter,"[1, 128, 768]","[1, 128, 768]",1081.34,0.0,0.375,cuda_event,cuda
20,encoder.layer.3.attention.self.value,Linear,0.05379,0.375,150994944.0,590592,0,33,0.05379,counter,"[1, 128, 768]","[1, 128, 768]",1081.34,0.0,0.375,cuda_event,cuda
20,encoder.layer.3.attention.output.dense,Linear,0.05347,0.375,150994944.0,590592,0,34,0.05347,counter,"[1, 128, 768]","[1, 128, 768]",1081.34,0.0,0.375,cuda_event,cuda
20,encoder.layer.3.attention.output.LayerNorm,LayerNorm,0.00774,0.375,491520.0,1536,0,35,0.00774,analytic,"[1, 128, 768]","[1, 128, 768]",1081.34,0.0,0.375,cuda_event,cuda
20,encoder.layer.3.intermediate.dense,Linear,0.1273,1.5,603979776.0,2362368,0,36,0.1273,counter,"[1, 128, 768]","[1, 128, 3072]",1081.34,0.0,1.5,cuda_event,cuda
20,encoder.layer.3.intermediate.intermediate_act_fn,GELUActivation,0.00653,1.5,0.0,0,0,37,0.00653,none,"[1, 128, 3072]","[1, 128, 3072]",1081.34,0.0,1.5,cuda_event,cuda
20,encoder.layer.3.output.dense,Linear,0.15293,0.375,603979776.0,2360064,0,38,0.15293,counter,"[1, 128, 3072]","[1, 128, 768]",1081.34,0.0,0.375,cuda_event,cuda
20,encoder.layer.3.output.LayerNorm,LayerNorm,0.00819,0.375,491520.0,1536,0,39,0.00819,analytic,"[1, 128, 768]","[1, 128, 768]",1081.34,0.0,0.375,cuda_event,cuda
20,encoder.layer.4.attention.self.query,Linear,0.05325,0.375,150994944.0,590592,0,40,0.05325,counter,"[1, 128, 768]","[1, 128, 768]",1081.34,0.0,0.375,cuda_event,cuda
20,encoder.layer.4.attention.self.key,Linear,0.05459,0.375,150994944.0,590592,0,41,0.05459,counter,"[1, 128, 768]","[1, 128, 768]",1081.34,0.0,0.375,cuda_event,cuda
20,encoder.layer.4.attention.self.value,Linear,0.05408,0.375,150994944.0,590592,0,42,0.05408,counter,"[1, 128, 768]","[1, 128, 768]",1081.34,0.0,0.375,cuda_event,cuda
20,encoder.layer.4.attention.output.dense,Linear,0.05507,0.375,150994944.0,590592,0,43,0.05507,counter,"[1, 128, 768]","[1, 128, 768]",1081.34,0.0,0.375,cuda_event,cuda
20,encoder.layer.4.attention.output.LayerNorm,LayerNorm,0.0081,0.375,491520.0,1536,0,44,0.0081,analytic,"[1, 128, 768]","[1, 128, 768]",1081.34,0.0,0.375,cuda_event,cuda
20,encoder.layer.4.intermediate.dense,Linear,0.1239,1.5,603979776.0,2362368,0,45,0.1239,counter,"[1, 128, 768]","[1, 128, 3072]",1081.34,0.0,1.5,cuda_event,cuda
20,encoder.layer.4.intermediate.intermediate_act_fn,GELUActivation,0.00624,1.5,0.0,0,0,46,0.00624,none,"[1, 128, 3072]","[1, 128, 3072]",1081.34,0.0,1.5,cuda_event,cuda
20,encoder.layer.4.output.dense,Linear,0.1536,0.375,603979776.0,2360064,0,47,0.1536,counter,"[1, 128, 3072]","[1, 128, 768]",1081.34,0.0,0.375,cuda_event,cuda
20,encoder.layer.4.output.LayerNorm,LayerNorm,0.00797,0.375,491520.0,1536,0,48,0.00797,analytic,"[1, 128, 768]","[1, 128, 768]",1081.34,0.0,0.375,cuda_event,cuda
20,encoder.layer.5.attention.self.query,Linear,0.05379,0.375,150994944.0,590592,0,49,0.05379,counter,"[1, 128, 768]","[1, 128, 768]",1081.34,0.0,0.375,cuda_event,cuda
20,encoder.layer.5.attention.self.key,Linear,0.05354,0.375,150994944.0,590592,0,50,0.05354,counter,"[1, 128, 768]","[1, 128, 768]",1081.34,0.0,0.375,cuda_event,cuda
20,encoder.layer.5.attention.self.value,Linear,0.05494,0.375,150994944.0,590592,0,51,0.05494,counter,"[1, 128, 768]","[1, 128, 768]",1081.34,0.0,0.375,cuda_event,cuda
20,encoder.layer.5.attention.output.dense,Linear,0.05491,0.375,150994944.0,590592,0,52,0.05491,counter,"[1, 128, 768]","[1, 128, 768]",1081.34,0.0,0.375,cuda_event,cuda
20,encoder.layer.5.attention.output.LayerNorm,LayerNorm,0.00698,0.375,491520.0,1536,0,53,0.00698,analytic,"[1, 128, 768]","[1, 128, 768]",1081.34,0.0,0.375,cuda_event,cuda
20,encoder.layer.5.intermediate.dense,Linear,0.12634,1.5,603979776.0,2362368,0,54,0.12634,counter,"[1, 128, 768]","[1, 128, 3072]",1081.34,0.0,1.5,cuda_event,cuda
20,encoder.layer.5.intermediate.intermediate_act_fn,GELUActivation,0.00691,1.5,0.0,0,0,55,0.00691,none,"[1, 128, 3072]","[1, 128, 3072]",1081.34,0.0,1.5,cuda_event,cuda
20,encoder.layer.5.output.dense,Linear,0.1536,0.375,603979776.0,2360064,0,56,0.1536,counter,"[1, 128, 3072]","[1, 128, 768]",1081.34,0.0,0.375,cuda_event,cuda
20,encoder.layer.5.output.LayerNorm,LayerNorm,0.00803,0.375,491520.0,1536,0,57,0.00803,analytic,"[1, 128, 768]","[1, 128, 768]",1081.34,0.0,0.375,cuda_event,cuda
20,encoder.layer.6.attention.self.query,Linear,0.0551,0.375,150994944.0,590592,0,58,0.0551,counter,"[1, 128, 768]","[1, 128, 768]",1081.34,0.0,0.375,cuda_event,cuda
20,encoder.layer.6.attention.self.key,Linear,0.05357,0.375,150994944.0,590592,0,59,0.05357,counter,"[1, 128, 768]","[1, 128, 768]",1081.34,0.0,0.375,cuda_event,cuda
20,encoder.layer.6.attention.self.value,Linear,0.05466,0.375,150994944.0,590592,0,60,0.05466,counter,"[1, 128, 768]","[1, 128, 768]",1081.34,0.0,0.375,cuda_event,cuda
20,encoder.layer.6.attention.output.dense,Linear,0.05446,0.375,150994944.0,590592,0,61,0.05446,counter,"[1, 128, 768]","[1, 128, 768]",1081.34,0.0,0.375,cuda_event,cuda
20,encoder.layer.6.attention.output.LayerNorm,LayerNorm,0.00819,0.375,491520.0,1536,0,62,0.00819,analytic,"[1, 128, 768]","[1, 128, 768]",1081.34,0.0,0.375,cuda_event,cuda
20,encoder.layer.6.intermediate.dense,Linear,0.12698,1.5,603979776.0,2362368,0,63,0.12698,counter,"[1, 128, 768]","[1, 128, 3072]",1081.34,0.0,1.5,cuda_event,cuda
20,encoder.layer.6.intermediate.intermediate_act_fn,GELUActivation,0.00752,1.5,0.0,0,0,64,0.00752,none,"[1, 128, 3072]","[1, 128, 3072]",1081.34,0.0,1.5,cuda_event,cuda
20,encoder.layer.6.output.dense,Linear,0.15645,0.375,603979776.0,2360064,0,65,0.15645,counter,"[1, 128, 3072]","[1, 128, 768]",1081.34,0.0,0.375,cuda_event,cuda
20,encoder.layer.6.output.LayerNorm,LayerNorm,0.00838,0.375,491520.0,1536,0,66,0.00838,analytic,"[1, 128, 768]","[1, 128, 768]",1081.34,0.0,0.375,cuda_event,cuda
20,encoder.layer.7.attention.self.query,Linear,0.05306,0.375,150994944.0,590592,0,67,0.05306,counter,"[1, 128, 768]","[1, 128, 768]",1081.34,0.0,0.375,cuda_event,cuda
20,encoder.layer.7.attention.self.key,Linear,0.05347,0.375,150994944.0,590592,0,68,0.05347,counter,"[1, 128, 768]","[1, 128, 768]",1081.34,0.0,0.375,cuda_event,cuda
20,encoder.layer.7.attention.self.value,Linear,0.05453,0.375,150994944.0,590592,0,69,0.05453,counter,"[1, 128, 768]","[1, 128, 768]",1081.34,0.0,0.375,cuda_event,cuda
20,encoder.layer.7.attention.output.dense,Linear,0.05491,0.375,150994944.0,590592,0,70,0.05491,counter,"[1, 128, 768]","[1, 128, 768]",1081.34,0.0,0.375,cuda_event,cuda
20,encoder.layer.7.attention.output.LayerNorm,LayerNorm,0.00787,0.375,491520.0,1536,0,71,0.00787,analytic,"[1, 128, 768]","[1, 128, 768]",1081.34,0.0,0.375,cuda_event,cuda
20,encoder.layer.7.intermediate.dense,Linear,0.12493,1.5,603979776.0,2362368,0,72,0.12493,counter,"[1, 128, 768]","[1, 128, 3072]",1081.34,0.0,1.5,cuda_event,cuda
20,encoder.layer.7.intermediate.intermediate_act_fn,GELUActivation,0.00614,1.5,0.0,0,0,73,0.00614,none,"[1, 128, 3072]","[1, 128, 3072]",1081.34,0.0,1.5,cuda_event,cuda
20,encoder.layer.7.output.dense,Linear,0.15482,0.375,603979776.0,2360064,0,74,0.15482,counter,"[1, 128, 3072]","[1, 128, 768]",1081.34,0.0,0.375,cuda_event,cuda
20,encoder.layer.7.output.LayerNorm,LayerNorm,0.00819,0.375,491520.0,1536,0,75,0.00819,analytic,"[1, 128, 768]","[1, 128, 768]",1081.34,0.0,0.375,cuda_event,cuda
20,encoder.layer.8.attention.self.query,Linear,0.05325,0.375,150994944.0,590592,0,76,0.05325,counter,"[1, 128, 768]","[1, 128, 768]",1081.34,0.0,0.375,cuda_event,cuda
20,encoder.layer.8.attention.self.key,Linear,0.05331,0.375,150994944.0,590592,0,77,0.05331,counter,"[1, 128, 768]","[1, 128, 768]",1081.34,0.0,0.375,cuda_event,cuda
20,encoder.layer.8.attention.self.value,Linear,0.05504,0.375,150994944.0,590592,0,78,0.05504,counter,"[1, 128, 768]","[1, 128, 768]",1081.34,0.0,0.375,cuda_event,cuda
20,encoder.layer.8.attention.output.dense,Linear,0.05363,0.375,150994944.0,590592,0,79,0.05363,counter,"[1, 128, 768]","[1, 128, 768]",1081.34,0.0,0.375,cuda_event,cuda
20,encoder.layer.8.attention.output.LayerNorm,LayerNorm,0.00806,0.375,491520.0,1536,0,80,0.00806,analytic,"[1, 128, 768]","[1, 128, 768]",1081.34,0.0,0.375,cuda_event,cuda
20,encoder.layer.8.intermediate.dense,Linear,0.1247,1.5,603979776.0,2362368,0,81,0.1247,counter,"[1, 128, 768]","[1, 128, 3072]",1081.34,0.0,1.5,cuda_event,cuda
20,encoder.layer.8.intermediate.intermediate_act_fn,GELUActivation,0.00678,1.5,0.0,0,0,82,0.00678,none,"[1, 128, 3072]","[1, 128, 3072]",1081.34,0.0,1.5,cuda_event,cuda
20,encoder.layer.8.output.dense,Linear,0.1536,0.375,603979776.0,2360064,0,83,0.1536,counter,"[1, 128, 3072]","[1, 128, 768]",1081.34,0.0,0.375,cuda_event,cuda
20,encoder.layer.8.output.LayerNorm,LayerNorm,0.00806,0.375,491520.0,1536,0,84,0.00806,analytic,"[1, 128, 768]","[1, 128, 768]",1081.34,0.0,0.375,cuda_event,cuda
20,encoder.layer.9.attention.self.query,Linear,0.05386,0.375,150994944.0,590592,0,85,0.05386,counter,"[1, 128, 768]","[1, 128, 768]",1081.34,0.0,0.375,cuda_event,cuda
20,encoder.layer.9.attention.self.key,Linear,0.05338,0.375,150994944.0,590592,0,86,0.05338,counter,"[1, 128, 768]","[1, 128, 768]",1081.34,0.0,0.375,cuda_event,cuda
20,encoder.layer.9.attention.self.value,Linear,0.05494,0.375,150994944.0,590592,0,87,0.05494,counter,"[1, 128, 768]","[1, 128, 768]",1081.34,0.0,0.375,cuda_event,cuda
20,encoder.layer.9.attention.output.dense,Linear,0.0544,0.375,150994944.0,590592,0,88,0.0544,counter,"[1, 128, 768]","[1, 128, 768]",1081.34,0.0,0.375,cuda_event,cuda
20,encoder.layer.9.attention.output.LayerNorm,LayerNorm,0.00819,0.375,491520.0,1536,0,89,0.00819,analytic,"[1, 128, 768]","[1, 128, 768]",1081.34,0.0,0.375,cuda_event,cuda
20,encoder.layer.9.intermediate.dense,Linear,0.12422,1.5,603979776.0,2362368,0,90,0.12422,counter,"[1, 128, 768]","[1, 128, 3072]",1081.34,0.0,1.5,cuda_event,cuda
20,encoder.layer.9.intermediate.intermediate_act_fn,GELUActivation,0.00698,1.5,0.0,0,0,91,0.00698,none,"[1, 128, 3072]","[1, 128, 3072]",1081.34,0.0,1.5,cuda_event,cuda
20,encoder.layer.9.output.dense,Linear,0.15539,0.375,603979776.0,2360064,0,92,0.15539,counter,"[1, 128, 3072]","[1, 128, 768]",1081.34,0.0,0.375,cuda_event,cuda
20,encoder.layer.9.output.LayerNorm,LayerNorm,0.00685,0.375,491520.0,1536,0,93,0.00685,analytic,"[1, 128, 768]","[1, 128, 768]",1081.34,0.0,0.375,cuda_event,cuda
20,encoder.layer.10.attention.self.query,Linear,0.05456,0.375,150994944.0,590592,0,94,0.05456,counter,"[1, 128, 768]","[1, 128, 768]",1081.34,0.0,0.375,cuda_event,cuda
20,encoder.layer.10.attention.self.key,Linear,0.05414,0.375,150994944.0,590592,0,95,0.05414,counter,"[1, 128, 768]","[1, 128, 768]",1081.34,0.0,0.375,cuda_event,cuda
20,encoder.layer.10.attention.self.value,Linear,0.0545,0.375,150994944.0,590592,0,96,0.0545,counter,"[1, 128, 768]","[1, 128, 768]",1081.34,0.0,0.375,cuda_event,cuda
20,encoder.layer.10.attention.output.dense,Linear,0.05434,0.375,150994944.0,590592,0,97,0.05434,counter,"[1, 128, 768]","[1, 128, 768]",1081.34,0.0,0.375,cuda_event,cuda
20,encoder.layer.10.attention.output.LayerNorm,LayerNorm,0.00819,0.375,491520.0,1536,0,98,0.00819,analytic,"[1, 128, 768]","[1, 128, 768]",1081.34,0.0,0.375,cuda_event,cuda
20,encoder.layer.10.intermediate.dense,Linear,0.12598,1.5,603979776.0,2362368,0,99,0.12598,counter,"[1, 128, 768]","[1, 128, 3072]",1081.34,0.0,1.5,cuda_event,cuda
20,encoder.layer.10.intermediate.intermediate_act_fn,GELUActivation,0.00803,1.5,0.0,0,0,100,0.00803,none,"[1, 128, 3072]","[1, 128, 3072]",1081.34,0.0,1.5,cuda_event,cuda
20,encoder.layer.10.output.dense,Linear,0.15392,0.375,603979776.0,2360064,0,101,0.15392,counter,"[1, 128, 3072]","[1, 128, 768]",1081.34,0.0,0.375,cuda_event,cuda
20,encoder.layer.10.output.LayerNorm,LayerNorm,0.00784,0.375,491520.0,1536,0,102,0.00784,analytic,"[1, 128, 768]","[1, 128, 768]",1081.34,0.0,0.375,cuda_event,cuda
20,encoder.layer.11.attention.self.query,Linear,0.0537,0.375,150994944.0,590592,0,103,0.0537,counter,"[1, 128, 768]","[1, 128, 768]",1081.34,0.0,0.375,cuda_event,cuda
20,encoder.layer.11.attention.self.key,Linear,0.0536,0.375,150994944.0,590592,0,104,0.0536,counter,"[1, 128, 768]","[1, 128, 768]",1081.34,0.0,0.375,cuda_event,cuda
20,encoder.layer.11.attention.self.value,Linear,0.05478,0.375,150994944.0,590592,0,105,0.05478,counter,"[1, 128, 768]","[1, 128, 768]",1081.34,0.0,0.375,cuda_event,cuda
20,encoder.layer.11.attention.output.dense,Linear,0.05501,0.375,150994944.0,590592,0,106,0.05501,counter,"[1, 128, 768]","[1, 128, 768]",1081.34,0.0,0.375,cuda_event,cuda
20,encoder.layer.11.attention.output.LayerNorm,LayerNorm,0.00694,0.375,491520.0,1536,0,107,0.00694,analytic,"[1, 128, 768]","[1, 128, 768]",1081.34,0.0,0.375,cuda_event,cuda
20,encoder.layer.11.intermediate.dense,Linear,0.1248,1.5,603979776.0,2362368,0,108,0.1248,counter,"[1, 128, 768]","[1, 128, 3072]",1081.34,0.0,1.5,cuda_event,cuda
20,encoder.layer.11.intermediate.intermediate_act_fn,GELUActivation,0.00637,1.5,0.0,0,0,109,0.00637,none,"[1, 128, 3072]","[1, 128, 3072]",1081.34,0.0,1.5,cuda_event,cuda
20,encoder.layer.11.output.dense,Linear,0.1536,0.375,603979776.0,2360064,0,110,0.1536,counter,"[1, 128, 3072]","[1, 128, 768]",1081.34,0.0,0.375,cuda_event,cuda
20,encoder.layer.11.output.LayerNorm,LayerNorm,0.00787,0.375,491520.0,1536,0,111,0.00787,analytic,"[1, 128, 768]","[1, 128, 768]",1081.34,0.0,0.375,cuda_event,cuda
20,pooler.dense,Linear,0.01318,0.00293,1179648.0,590592,0,112,0.01318,counter,"[1, 768]","[1, 768]",1081.34,0.0,0.003,cuda_event,cuda
20,pooler.activation,Tanh,0.00547,0.00293,3072.0,0,0,113,0.00547,analytic,"[1, 768]","[1, 768]",1081.34,0.0,0.003,cuda_event,cuda
21,embeddings.word_embeddings,Embedding,0.00614,0.375,0.0,23440896,0,0,0.00614,none,"[1, 128]","[1, 128, 768]",1081.34,0.0,0.375,cuda_event,cuda
21,embeddings.token_type_embeddings,Embedding,0.00534,0.375,0.0,1536,0,1,0.00534,none,"[1, 128]","[1, 128, 768]",1081.34,0.0,0.375,cuda_event,cuda
21,embeddings.position_embeddings,Embedding,0.0063,0.375,0.0,393216,0,2,0.0063,none,"[1, 128]","[1, 128, 768]",1081.34,0.0,0.375,cuda_event,cuda
21,embeddings.LayerNorm,LayerNorm,0.0081,0.375,491520.0,1536,0,3,0.0081,analytic,"[1, 128, 768]","[1, 128, 768]",1081.34,0.0,0.375,cuda_event,cuda
21,encoder.layer.0.attention.self.query,Linear,0.05462,0.375,150994944.0,590592,0,4,0.05462,counter,"[1, 128, 768]","[1, 128, 768]",1081.34,0.0,0.375,cuda_event,cuda
21,encoder.layer.0.attention.self.key,Linear,0.05526,0.375,150994944.0,590592,0,5,0.05526,counter,"[1, 128, 768]","[1, 128, 768]",1081.34,0.0,0.375,cuda_event,cuda
21,encoder.layer.0.attention.self.value,Linear,0.0553,0.375,150994944.0,590592,0,6,0.0553,counter,"[1, 128, 768]","[1, 128, 768]",1081.34,0.0,0.375,cuda_event,cuda
21,encoder.layer.0.attention.output.dense,Linear,0.05373,0.375,150994944.0,590592,0,7,0.05373,counter,"[1, 128, 768]","[1, 128, 768]",1081.34,0.0,0.375,cuda_event,cuda
21,encoder.layer.0.attention.output.LayerNorm,LayerNorm,0.0081,0.375,491520.0,1536,0,8,0.0081,analytic,"[1, 128, 768]","[1, 128, 768]",1081.34,0.0,0.375,cuda_event,cuda
21,encoder.layer.0.intermediate.dense,Linear,0.1231,1.5,603979776.0,2362368,0,9,0.1231,counter,"[1, 128, 768]","[1, 128, 3072]",1081.34,0.0,1.5,cuda_event,cuda
21,encoder.layer.0.intermediate.intermediate_act_fn,GELUActivation,0.00624,1.5,0.0,0,0,10,0.00624,none,"[1, 128, 3072]","[1, 128, 3072]",1081.34,0.0,1.5,cuda_event,cuda
21,encoder.layer.0.output.dense,Linear,0.15488,0.375,603979776.0,2360064,0,11,0.15488,counter,"[1, 128, 3072]","[1, 128, 768]",1081.34,0.0,0.375,cuda_event,cuda
21,encoder.layer.0.output.LayerNorm,LayerNorm,0.00794,0.375,491520.0,1536,0,12,0.00794,analytic,"[1, 128, 768]","[1, 128, 768]",1081.34,0.0,0.375,cuda_event,cuda
21,encoder.layer.1.attention.self.query,Linear,0.05379,0.375,150994944.0,590592,0,13,0.05379,counter,"[1, 128, 768]","[1, 128, 768]",1081.34,0.0,0.375,cuda_event,cuda
21,encoder.layer.1.attention.self.key,Linear,0.05386,0.375,150994944.0,590592,0,14,0.05386,counter,"[1, 128, 768]","[1, 128, 768]",1081.34,0.0,0.375,cuda_event,cuda
21,encoder.layer.1.attention.self.value,Linear,0.0553,0.375,150994944.0,590592,0,15,0.0553,counter,"[1, 128, 768]","[1, 128, 768]",1081.34,0.0,0.375,cuda_event,cuda
21,encoder.layer.1.attention.output.dense,Linear,0.05421,0.375,150994944.0,590592,0,16,0.05421,counter,"[1, 128, 768]","[1, 128, 768]",1081.34,0.0,0.375,cuda_event,cuda
21,encoder.layer.1.attention.output.LayerNorm,LayerNorm,0.00784,0.375,491520.0,1536,0,17,0.00784,analytic,"[1, 128, 768]","[1, 128, 768]",1081.34,0.0,0.375,cuda_event,cuda
21,encoder.layer.1.intermediate.dense,Linear,0.12346,1.5,603979776.0,2362368,0,18,0.12346,counter,"[1, 128, 768]","[1, 128, 3072]",1081.34,0.0,1.5,cuda_event,cuda
21,encoder.layer.1.intermediate.intermediate_act_fn,GELUActivation,0.00819,1.5,0.0,0,0,19,0.00819,none,"[1, 128, 3072]","[1, 128, 3072]",1081.34,0.0,1.5,cuda_event,cuda
21,encoder.layer.1.output.dense,Linear,0.15578,0.375,603979776.0,2360064,0,20,0.15578,counter,"[1, 128, 3072]","[1, 128, 768]",1081.34,0.0,0.375,cuda_event,cuda
21,encoder.layer.1.output.LayerNorm,LayerNorm,0.00819,0.375,491520.0,1536,0,21,0.00819,analytic,"[1, 128, 768]","[1, 128, 768]",1081.34,0.0,0.375,cuda_event,cuda
21,encoder.layer.2.attention.self.query,Linear,0.05325,0.375,150994944.0,590592,0,22,0.05325,counter,"[1, 128, 768]","[1, 128, 768]",1081.34,0.0,0.375,cuda_event,cuda
21,encoder.layer.2.attention.self.key,Linear,0.05523,0.375,150994944.0,590592,0,23,0.05523,counter,"[1, 128, 768]","[1, 128, 768]",1081.34,0.0,0.375,cuda_event,cuda
21,encoder.layer.2.attention.self.value,Linear,0.05491,0.375,150994944.0,590592,0,24,0.05491,counter,"[1, 128, 768]","[1, 128, 768]",1081.34,0.0,0.375,cuda_event,cuda
21,encoder.layer.2.attention.output.dense,Linear,0.05472,0.375,150994944.0,590592,0,25,0.05472,counter,"[1, 128, 768]","[1, 128, 768]",1081.34,0.0,0.375,cuda_event,cuda
21,encoder.layer.2.attention.output.LayerNorm,LayerNorm,0.00819,0.375,491520.0,1536,0,26,0.00819,analytic,"[1, 128, 768]","[1, 128, 768]",1081.34,0.0,0.375,cuda_event,cuda
21,encoder.layer.2.intermediate.dense,Linear,0.12493,1.5,603979776.0,2362368,0,27,0.12493,counter,"[1, 128, 768]","[1, 128, 3072]",1081.34,0.0,1.5,cuda_event,cuda
21,encoder.layer.2.intermediate.intermediate_act_fn,GELUActivation,0.00749,1.5,0.0,0,0,28,0.00749,none,"[1, 128, 3072]","[1, 128, 3072]",1081.34,0.0,1.5,cuda_event,cuda
21,encoder.layer.2.output.dense,Linear,0.15219,0.375,603979776.0,2360064,0,29,0.15219,counter,"[1, 128, 3072]","[1, 128, 768]",1081.34,0.0,0.375,cuda_event,cuda
21,encoder.layer.2.output.LayerNorm,LayerNorm,0.00784,0.375,491520.0,1536,0,30,0.00784,analytic,"[1, 128, 768]","[1, 128, 768]",1081.34,0.0,0.375,cuda_event,cuda
21,encoder.layer.3.attention.self.query,Linear,0.05219,0.375,150994944.0,590592,0,31,0.05219,counter,"[1, 128, 768]","[1, 128, 768]",1081.34,0.0,0.375,cuda_event,cuda
21,encoder.layer.3.attention.self.key,Linear,0.05469,0.375,150994944.0,590592,0,32,0.05469,counter,"[1, 128, 768]","[1, 128, 768]",1081.34,0.0,0.375,cuda_event,cuda
21,encoder.layer.3.attention.self.value,Linear,0.0537,0.375,150994944.0,590592,0,33,0.0537,counter,"[1, 128, 768]","[1, 128, 768]",1081.34,0.0,0.375,cuda_event,cuda
21,encoder.layer.3.attention.output.dense,Linear,0.05398,0.375,150994944.0,590592,0,34,0.05398,counter,"[1, 128, 768]","[1, 128, 768]",1081.34,0.0,0.375,cuda_event,cuda
21,encoder.layer.3.attention.output.LayerNorm,LayerNorm,0.0081,0.375,491520.0,1536,0,35,0.0081,analytic,"[1, 128, 768]","[1, 128, 768]",1081.34,0.0,0.375,cuda_event,cuda
21,encoder.layer.3.intermediate.dense,Linear,0.12653,1.5,603979776.0,2362368,0,36,0.12653,counter,"[1, 128, 768]","[1, 128, 3072]",1081.34,0.0,1.5,cuda_event,cuda
21,encoder.layer.3.intermediate.intermediate_act_fn,GELUActivation,0.00682,1.5,0.0,0,0,37,0.00682,none,"[1, 128, 3072]","[1, 128, 3072]",1081.34,0.0,1.5,cuda_event,cuda
21,encoder.layer.3.output.dense,Linear,0.15386,0.375,603979776.0,2360064,0,38,0.15386,counter,"[1, 128, 3072]","[1, 128, 768]",1081.34,0.0,0.375,cuda_event,cuda
21,encoder.layer.3.output.LayerNorm,LayerNorm,0.00819,0.375,491520.0,1536,0,39,0.00819,analytic,"[1, 128, 768]","[1, 128, 768]",1081.34,0.0,0.375,cuda_event,cuda
21,encoder.layer.4.attention.self.query,Linear,0.05325,0.375,150994944.0,590592,0,40,0.05325,counter,"[1, 128, 768]","[1, 128, 768]",1081.34,0.0,0.375,cuda_event,cuda
21,encoder.layer.4.attention.self.key,Linear,0.05325,0.375,150994944.0,590592,0,41,0.05325,counter,"[1, 128, 768]","[1, 128, 768]",1081.34,0.0,0.375,cuda_event,cuda
21,encoder.layer.4.attention.self.value,Linear,0.05405,0.375,150994944.0,590592,0,42,0.05405,counter,"[1, 128, 768]","[1, 128, 768]",1081.34,0.0,0.375,cuda_event,cuda
21,encoder.layer.4.attention.output.dense,Linear,0.05475,0.375,150994944.0,590592,0,43,0.05475,counter,"[1, 128, 768]","[1, 128, 768]",1081.34,0.0,0.375,cuda_event,cuda
21,encoder.layer.4.attention.output.LayerNorm,LayerNorm,0.00781,0.375,491520.0,1536,0,44,0.00781,analytic,"[1, 128, 768]","[1, 128, 768]",1081.34,0.0,0.375,cuda_event,cuda
21,encoder.layer.4.intermediate.dense,Linear,0.12493,1.5,603979776.0,2362368,0,45,0.12493,counter,"[1, 128, 768]","[1, 128, 3072]",1081.34,0.0,1.5,cuda_event,cuda
21,encoder.layer.4.intermediate.intermediate_act_fn,GELUActivation,0.00784,1.5,0.0,0,0,46,0.00784,none,"[1, 128, 3072]","[1, 128, 3072]",1081.34,0.0,1.5,cuda_event,cuda
21,encoder.layer.4.output.dense,Linear,0.15206,0.375,603979776.0,2360064,0,47,0.15206,counter,"[1, 128, 3072]","[1, 128, 768]",1081.34,0.0,0.375,cuda_event,cuda
21,encoder.layer.4.output.LayerNorm,LayerNorm,0.00819,0.375,491520.0,1536,0,48,0.00819,analytic,"[1, 128, 768]","[1, 128, 768]",1081.34,0.0,0.375,cuda_event,cuda
21,encoder.layer.5.attention.self.query,Linear,0.05296,0.375,150994944.0,590592,0,49,0.05296,counter,"[1, 128, 768]","[1, 128, 768]",1081.34,0.0,0.375,cuda_event,cuda
21,encoder.layer.5.attention.self.key,Linear,0.05354,0.375,150994944.0,590592,0,50,0.05354,counter,"[1, 128, 768]","[1, 128, 768]",1081.34,0.0,0.375,cuda_event,cuda
21,encoder.layer.5.attention.self.value,Linear,0.05475,0.375,150994944.0,590592,0,51,0.05475,counter,"[1, 128, 768]","[1, 128, 768]",1081.34,0.0,0.375,cuda_event,cuda
21,encoder.layer.5.attention.output.dense,Linear,0.05485,0.375,150994944.0,590592,0,52,0.05485,counter,"[1, 128, 768]","[1, 128, 768]",1081.34,0.0,0.375,cuda_event,cuda
21,encoder.layer.5.attention.output.LayerNorm,LayerNorm,0.0071,0.375,491520.0,1536,0,53,0.0071,analytic,"[1, 128, 768]","[1, 128, 768]",1081.34,0.0,0.375,cuda_event,cuda
21,encoder.layer.5.intermediate.dense,Linear,0.12493,1.5,603979776.0,2362368,0,54,0.12493,counter,"[1, 128, 768]","[1, 128, 3072]",1081.34,0.0,1.5,cuda_event,cuda
21,encoder.layer.5.intermediate.intermediate_act_fn,GELUActivation,0.00746,1.5,0.0,0,0,55,0.00746,none,"[1, 128, 3072]","[1, 128, 3072]",1081.34,0.0,1.5,cuda_event,cuda
21,encoder.layer.5.output.dense,Linear,0.15606,0.375,603979776.0,2360064,0,56,0.15606,counter,"[1, 128, 3072]","[1, 128, 768]",1081.34,0.0,0.375,cuda_event,cuda
21,encoder.layer.5.output.LayerNorm,LayerNorm,0.00701,0.375,491520.0,1536,0,57,0.00701,analytic,"[1, 128, 768]","[1, 128, 768]",1081.34,0.0,0.375,cuda_event,cuda
21,encoder.layer.6.attention.self.query,Linear,0.05325,0.375,150994944.0,590592,0,58,0.05325,counter,"[1, 128, 768]","[1, 128, 768]",1081.34,0.0,0.375,cuda_event,cuda
21,encoder.layer.6.attention.self.key,Linear,0.05501,0.375,150994944.0,590592,0,59,0.05501,counter,"[1, 128, 768]","[1, 128, 768]",1081.34,0.0,0.375,cuda_event,cuda
21,encoder.layer.6.attention.self.value,Linear,0.05376,0.375,150994944.0,590592,0,60,0.05376,counter,"[1, 128, 768]","[1, 128, 768]",1081.34,0.0,0.375,cuda_event,cuda
21,encoder.layer.6.attention.output.dense,Linear,0.0535,0.375,150994944.0,590592,0,61,0.0535,counter,"[1, 128, 768]","[1, 128, 768]",1081.34,0.0,0.375,cuda_event,cuda
21,encoder.layer.6.attention.output.LayerNorm,LayerNorm,0.00797,0.375,491520.0,1536,0,62,0.00797,analytic,"[1, 128, 768]","[1, 128, 768]",1081.34,0.0,0.375,cuda_event,cuda
21,encoder.layer.6.intermediate.dense,Linear,0.12662,1.5,603979776.0,2362368,0,63,0.12662,counter,"[1, 128, 768]","[1, 128, 3072]",1081.34,0.0,1.5,cuda_event,cuda
21,encoder.layer.6.intermediate.intermediate_act_fn,GELUActivation,0.00685,1.5,0.0,0,0,64,0.00685,none,"[1, 128, 3072]","[1, 128, 3072]",1081.34,0.0,1.5,cuda_event,cuda
21,encoder.layer.6.output.dense,Linear,0.15578,0.375,603979776.0,2360064,0,65,0.15578,counter,"[1, 128, 3072]","[1, 128, 768]",1081.34,0.0,0.375,cuda_event,cuda
21,encoder.layer.6.output.LayerNorm,LayerNorm,0.00819,0.375,491520.0,1536,0,66,0.00819,analytic,"[1, 128, 768]","[1, 128, 768]",1081.34,0.0,0.375,cuda_event,cuda
21,encoder.layer.7.attention.self.query,Linear,0.05325,0.375,150994944.0,590592,0,67,0.05325,counter,"[1, 128, 768]","[1, 128, 768]",1081.34,0.0,0.375,cuda_event,cuda
21,encoder.layer.7.attention.self.key,Linear,0.05488,0.375,150994944.0,590592,0,68,0.05488,counter,"[1, 128, 768]","[1, 128, 768]",1081.34,0.0,0.375,cuda_event,cuda
21,encoder.layer.7.attention.self.value,Linear,0.05494,0.375,150994944.0,590592,0,69,0.05494,counter,"[1, 128, 768]","[1, 128, 768]",1081.34,0.0,0.375,cuda_event,cuda
21,encoder.layer.7.attention.output.dense,Linear,0.05501,0.375,150994944.0,590592,0,70,0.05501,counter,"[1, 128, 768]","[1, 128, 768]",1081.34,0.0,0.375,cuda_event,cuda
21,encoder.layer.7.attention.output.LayerNorm,LayerNorm,0.00822,0.375,491520.0,1536,0,71,0.00822,analytic,"[1, 128, 768]","[1, 128, 768]",1081.34,0.0,0.375,cuda_event,cuda
21,encoder.layer.7.intermediate.dense,Linear,0.12358,1.5,603979776.0,2362368,0,72,0.12358,counter,"[1, 128, 768]","[1, 128, 3072]",1081.34,0.0,1.5,cuda_event,cuda
21,encoder.layer.7.intermediate.intermediate_act_fn,GELUActivation,0.00749,1.5,0.0,0,0,73,0.00749,none,"[1, 128, 3072]","[1, 128, 3072]",1081.34,0.0,1.5,cuda_event,cuda
21,encoder.layer.7.output.dense,Linear,0.15437,0.375,603979776.0,2360064,0,74,0.15437,counter,"[1, 128, 3072]","[1, 128, 768]",1081.34,0.0,0.375,cuda_event,cuda
21,encoder.layer.7.output.LayerNorm,LayerNorm,0.00784,0.375,491520.0,1536,0,75,0.00784,analytic,"[1, 128, 768]","[1, 128, 768]",1081.34,0.0,0.375,cuda_event,cuda
21,encoder.layer.8.attention.self.query,Linear,0.05382,0.375,150994944.0,590592,0,76,0.05382,counter,"[1, 128, 768]","[1, 128, 768]",1081.34,0.0,0.375,cuda_event,cuda
21,encoder.layer.8.attention.self.key,Linear,0.05373,0.375,150994944.0,590592,0,77,0.05373,counter,"[1, 128, 768]","[1, 128, 768]",1081.34,0.0,0.375,cuda_event,cuda
21,encoder.layer.8.attention.self.value,Linear,0.0553,0.375,150994944.0,590592,0,78,0.0553,counter,"[1, 128, 768]","[1, 128, 768]",1081.34,0.0,0.375,cuda_event,cuda
21,encoder.layer.8.attention.output.dense,Linear,0.05453,0.375,150994944.0,590592,0,79,0.05453,counter,"[1, 128, 768]","[1, 128, 768]",1081.34,0.0,0.375,cuda_event,cuda
21,encoder.layer.8.attention.output.LayerNorm,LayerNorm,0.00819,0.375,491520.0,1536,0,80,0.00819,analytic,"[1, 128, 768]","[1, 128, 768]",1081.34,0.0,0.375,cuda_event,cuda
21,encoder.layer.8.intermediate.dense,Linear,0.12637,1.5,603979776.0,2362368,0,81,0.12637,counter,"[1, 128, 768]","[1, 128, 3072]",1081.34,0.0,1.5,cuda_event,cuda
21,encoder.layer.8.intermediate.intermediate_act_fn,GELUActivation,0.00688,1.5,0.0,0,0,82,0.00688,none,"[1, 128, 3072]","[1, 128, 3072]",1081.34,0.0,1.5,cuda_event,cuda
21,encoder.layer.8.output.dense,Linear,0.15574,0.375,603979776.0,2360064,0,83,0.15574,counter,"[1, 128, 3072]","[1, 128, 768]",1081.34,0.0,0.375,cuda_event,cuda
21,encoder.layer.8.output.LayerNorm,LayerNorm,0.00787,0.375,491520.0,1536,0,84,0.00787,analytic,"[1, 128, 768]","[1, 128, 768]",1081.34,0.0,0.375,cuda_event,cuda
21,encoder.layer.9.attention.self.query,Linear,0.05206,0.375,150994944.0,590592,0,85,0.05206,counter,"[1, 128, 768]","[1, 128, 768]",1081.34,0.0,0.375,cuda_event,cuda
21,encoder.layer.9.attention.self.key,Linear,0.0553,0.375,150994944.0,590592,0,86,0.0553,counter,"[1, 128, 768]","[1, 128, 768]",1081.34,0.0,0.375,cuda_event,cuda
21,encoder.layer.9.attention.self.value,Linear,0.05491,0.375,150994944.0,590592,0,87,0.05491,counter,"[1, 128, 768]","[1, 128, 768]",1081.34,0.0,0.375,cuda_event,cuda
21,encoder.layer.9.attention.output.dense,Linear,0.05482,0.375,150994944.0,590592,0,88,0.05482,counter,"[1, 128, 768]","[1, 128, 768]",1081.34,0.0,0.375,cuda_event,cuda
21,encoder.layer.9.attention.output.LayerNorm,LayerNorm,0.00717,0.375,491520.0,1536,0,89,0.00717,analytic,"[1, 128, 768]","[1, 128, 768]",1081.34,0.0,0.375,cuda_event,cuda
21,encoder.layer.9.intermediate.dense,Linear,0.12288,1.5,603979776.0,2362368,0,90,0.12288,counter,"[1, 128, 768]","[1, 128, 3072]",1081.34,0.0,1.5,cuda_event,cuda
21,encoder.layer.9.intermediate.intermediate_act_fn,GELUActivation,0.00733,1.5,0.0,0,0,91,0.00733,none,"[1, 128, 3072]","[1, 128, 3072]",1081.34,0.0,1.5,cuda_event,cuda
21,encoder.layer.9.output.dense,Linear,0.15754,0.375,603979776.0,2360064,0,92,0.15754,counter,"[1, 128, 3072]","[1, 128, 768]",1081.34,0.0,0.375,cuda_event,cuda
21,encoder.layer.9.output.LayerNorm,LayerNorm,0.00771,0.375,491520.0,1536,0,93,0.00771,analytic,"[1, 128, 768]","[1, 128, 768]",1081.34,0.0,0.375,cuda_event,cuda
21,encoder.layer.10.attention.self.query,Linear,0.05331,0.375,150994944.0,590592,0,94,0.05331,counter,"[1, 128, 768]","[1, 128, 768]",1081.34,0.0,0.375,cuda_event,cuda
21,encoder.layer.10.attention.self.key,Linear,0.05478,0.375,150994944.0,590592,0,95,0.05478,counter,"[1, 128, 768]","[1, 128, 768]",1081.34,0.0,0.375,cuda_event,cuda
21,encoder.layer.10.attention.self.value,Linear,0.05373,0.375,150994944.0,590592,0,96,0.05373,counter,"[1, 128, 768]","[1, 128, 768]",1081.34,0.0,0.375,cuda_event,cuda
21,encoder.layer.10.attention.output.dense,Linear,0.05325,0.375,150994944.0,590592,0,97,0.05325,counter,"[1, 128, 768]","[1, 128, 768]",1081.34,0.0,0.375,cuda_event,cuda
21,encoder.layer.10.attention.output.LayerNorm,LayerNorm,0.00819,0.375,491520.0,1536,0,98,0.00819,analytic,"[1, 128, 768]","[1, 128, 768]",1081.34,0.0,0.375,cuda_event,cuda
21,encoder.layer.10.intermediate.dense,Linear,0.12682,1.5,603979776.0,2362368,0,99,0.12682,counter,"[1, 128, 768]","[1, 128, 3072]",1081.34,0.0,1.5,cuda_event,cuda
21,encoder.layer.10.intermediate.intermediate_act_fn,GELUActivation,0.00643,1.5,0.0,0,0,100,0.00643,none,"[1, 128, 3072]","[1, 128, 3072]",1081.34,0.0,1.5,cuda_event,cuda
21,encoder.layer.10.output.dense,Linear,0.1536,0.375,603979776.0,2360064,0,101,0.1536,counter,"[1, 128, 3072]","[1, 128, 768]",1081.34,0.0,0.375,cuda_event,cuda
21,encoder.layer.10.output.LayerNorm,LayerNorm,0.00784,0.375,491520.0,1536,0,102,0.00784,analytic,"[1, 128, 768]","[1, 128, 768]",1081.34,0.0,0.375,cuda_event,cuda
21,encoder.layer.11.attention.self.query,Linear,0.05373,0.375,150994944.0,590592,0,103,0.05373,counter,"[1, 128, 768]","[1, 128, 768]",1081.34,0.0,0.375,cuda_event,cuda
21,encoder.layer.11.attention.self.key,Linear,0.05325,0.375,150994944.0,590592,0,104,0.05325,counter,"[1, 128, 768]","[1, 128, 768]",1081.34,0.0,0.375,cuda_event,cuda
21,encoder.layer.11.attention.self.value,Linear,0.05526,0.375,150994944.0,590592,0,105,0.05526,counter,"[1, 128, 768]","[1, 128, 768]",1081.34,0.0,0.375,cuda_event,cuda
21,encoder.layer.11.attention.output.dense,Linear,0.05325,0.375,150994944.0,590592,0,106,0.05325,counter,"[1, 128, 768]","[1, 128, 768]",1081.34,0.0,0.375,cuda_event,cuda
21,encoder.layer.11.attention.output.LayerNorm,LayerNorm,0.00819,0.375,491520.0,1536,0,107,0.00819,analytic,"[1, 128, 768]","[1, 128, 768]",1081.34,0.0,0.375,cuda_event,cuda
21,encoder.layer.11.intermediate.dense,Linear,0.12502,1.5,603979776.0,2362368,0,108,0.12502,counter,"[1, 128, 768]","[1, 128, 3072]",1081.34,0.0,1.5,cuda_event,cuda
21,encoder.layer.11.intermediate.intermediate_act_fn,GELUActivation,0.00816,1.5,0.0,0,0,109,0.00816,none,"[1, 128, 3072]","[1, 128, 3072]",1081.34,0.0,1.5,cuda_event,cuda
21,encoder.layer.11.output.dense,Linear,0.15322,0.375,603979776.0,2360064,0,110,0.15322,counter,"[1, 128, 3072]","[1, 128, 768]",1081.34,0.0,0.375,cuda_event,cuda
21,encoder.layer.11.output.LayerNorm,LayerNorm,0.00803,0.375,491520.0,1536,0,111,0.00803,analytic,"[1, 128, 768]","[1, 128, 768]",1081.34,0.0,0.375,cuda_event,cuda
21,pooler.dense,Linear,0.01434,0.00293,1179648.0,590592,0,112,0.01434,counter,"[1, 768]","[1, 768]",1081.34,0.0,0.003,cuda_event,cuda
21,pooler.activation,Tanh,0.0041,0.00293,3072.0,0,0,113,0.0041,analytic,"[1, 768]","[1, 768]",1081.34,0.0,0.003,cuda_event,cuda
22,embeddings.word_embeddings,Embedding,0.00614,0.375,0.0,23440896,0,0,0.00614,none,"[1, 128]","[1, 128, 768]",1081.34,0.0,0.375,cuda_event,cuda
22,embeddings.token_type_embeddings,Embedding,0.00419,0.375,0.0,1536,0,1,0.00419,none,"[1, 128]","[1, 128, 768]",1081.34,0.0,0.375,cuda_event,cuda
22,embeddings.position_embeddings,Embedding,0.00509,0.375,0.0,393216,0,2,0.00509,none,"[1, 128]","[1, 128, 768]",1081.34,0.0,0.375,cuda_event,cuda
22,embeddings.LayerNorm,LayerNorm,0.00781,0.375,491520.0,1536,0,3,0.00781,analytic,"[1, 128, 768]","[1, 128, 768]",1081.34,0.0,0.375,cuda_event,cuda
22,encoder.layer.0.attention.self.query,Linear,0.0553,0.375,150994944.0,590592,0,4,0.0553,counter,"[1, 128, 768]","[1, 128, 768]",1081.34,0.0,0.375,cuda_event,cuda
22,encoder.layer.0.attention.self.key,Linear,0.05472,0.375,150994944.0,590592,0,5,0.05472,counter,"[1, 128, 768]","[1, 128, 768]",1081.34,0.0,0.375,cuda_event,cuda
22,encoder.layer.0.attention.self.value,Linear,0.05376,0.375,150994944.0,590592,0,6,0.05376,counter,"[1, 128, 768]","[1, 128, 768]",1081.34,0.0,0.375,cuda_event,cuda
22,encoder.layer.0.attention.output.dense,Linear,0.05469,0.375,150994944.0,590592,0,7,0.05469,counter,"[1, 128, 768]","[1, 128, 768]",1081.34,0.0,0.375,cuda_event,cuda
22,encoder.layer.0.attention.output.LayerNorm,LayerNorm,0.0081,0.375,491520.0,1536,0,8,0.0081,analytic,"[1, 128, 768]","[1, 128, 768]",1081.34,0.0,0.375,cuda_event,cuda
22,encoder.layer.0.intermediate.dense,Linear,0.12288,1.5,603979776.0,2362368,0,9,0.12288,counter,"[1, 128, 768]","[1, 128, 3072]",1081.34,0.0,1.5,cuda_event,cuda
22,encoder.layer.0.intermediate.intermediate_act_fn,GELUActivation,0.00621,1.5,0.0,0,0,10,0.00621,none,"[1, 128, 3072]","[1, 128, 3072]",1081.34,0.0,1.5,cuda_event,cuda
22,encoder.layer.0.output.dense,Linear,0.15248,0.375,603979776.0,2360064,0,11,0.15248,counter,"[1, 128, 3072]","[1, 128, 768]",1081.34,0.0,0.375,cuda_event,cuda
22,encoder.layer.0.output.LayerNorm,LayerNorm,0.00819,0.375,491520.0,1536,0,12,0.00819,analytic,"[1, 128, 768]","[1, 128, 768]",1081.34,0.0,0.375,cuda_event,cuda
22,encoder.layer.1.attention.self.query,Linear,0.05322,0.375,150994944.0,590592,0,13,0.05322,counter,"[1, 128, 768]","[1, 128, 768]",1081.34,0.0,0.375,cuda_event,cuda
22,encoder.layer.1.attention.self.key,Linear,0.05344,0.375,150994944.0,590592,0,14,0.05344,counter,"[1, 128, 768]","[1, 128, 768]",1081.34,0.0,0.375,cuda_event,cuda
22,encoder.layer.1.attention.self.value,Linear,0.0552,0.375,150994944.0,590592,0,15,0.0552,counter,"[1, 128, 768]","[1, 128, 768]",1081.34,0.0,0.375,cuda_event,cuda
22,encoder.layer.1.attention.output.dense,Linear,0.05443,0.375,150994944.0,590592,0,16,0.05443,counter,"[1, 128, 768]","[1, 128, 768]",1081.34,0.0,0.375,cuda_event,cuda
22,encoder.layer.1.attention.output.LayerNorm,LayerNorm,0.00819,0.375,491520.0,1536,0,17,0.00819,analytic,"[1, 128, 768]","[1, 128, 768]",1081.34,0.0,0.375,cuda_event,cuda
22,encoder.layer.1.intermediate.dense,Linear,0.12477,1.5,603979776.0,2362368,0,18,0.12477,counter,"[1, 128, 768]","[1, 128, 3072]",1081.34,0.0,1.5,cuda_event,cuda
22,encoder.layer.1.intermediate.intermediate_act_fn,GELUActivation,0.00643,1.5,0.0,0,0,19,0.00643,none,"[1, 128, 3072]","[1, 128, 3072]",1081.34,0.0,1.5,cuda_event,cuda
22,encoder.layer.1.output.dense,Linear,0.1536,0.375,603979776.0,2360064,0,20,0.1536,counter,"[1, 128, 3072]","[1, 128, 768]",1081.34,0.0,0.375,cuda_event,cuda
22,encoder.layer.1.output.LayerNorm,LayerNorm,0.00819,0.375,491520.0,1536,0,21,0.00819,analytic,"[1, 128, 768]","[1, 128, 768]",1081.34,0.0,0.375,cuda_event,cuda
22,encoder.layer.2.attention.self.query,Linear,0.05299,0.375,150994944.0,590592,0,22,0.05299,counter,"[1, 128, 768]","[1, 128, 768]",1081.34,0.0,0.375,cuda_event,cuda
22,encoder.layer.2.attention.self.key,Linear,0.05491,0.375,150994944.0,590592,0,23,0.05491,counter,"[1, 128, 768]","[1, 128, 768]",1081.34,0.0,0.375,cuda_event,cuda
22,encoder.layer.2.attention.self.value,Linear,0.05469,0.375,150994944.0,590592,0,24,0.05469,counter,"[1, 128, 768]","[1, 128, 768]",1081.34,0.0,0.375,cuda_event,cuda
22,encoder.layer.2.attention.output.dense,Linear,0.05514,0.375,150994944.0,590592,0,25,0.05514,counter,"[1, 128, 768]","[1, 128, 768]",1081.34,0.0,0.375,cuda_event,cuda
22,encoder.layer.2.attention.output.LayerNorm,LayerNorm,0.00781,0.375,491520.0,1536,0,26,0.00781,analytic,"[1, 128, 768]","[1, 128, 768]",1081.34,0.0,0.375,cuda_event,cuda
22,encoder.layer.2.intermediate.dense,Linear,0.124,1.5,603979776.0,2362368,0,27,0.124,counter,"[1, 128, 768]","[1, 128, 3072]",1081.34,0.0,1.5,cuda_event,cuda
22,encoder.layer.2.intermediate.intermediate_act_fn,GELUActivation,0.00819,1.5,0.0,0,0,28,0.00819,none,"[1, 128, 3072]","[1, 128, 3072]",1081.34,0.0,1.5,cuda_event,cuda
22,encoder.layer.2.output.dense,Linear,0.1536,0.375,603979776.0,2360064,0,29,0.1536,counter,"[1, 128, 3072]","[1, 128, 768]",1081.34,0.0,0.375,cuda_event,cuda
22,encoder.layer.2.output.LayerNorm,LayerNorm,0.00774,0.375,491520.0,1536,0,30,0.00774,analytic,"[1, 128, 768]","[1, 128, 768]",1081.34,0.0,0.375,cuda_event,cuda
22,encoder.layer.3.attention.self.query,Linear,0.05203,0.375,150994944.0,590592,0,31,0.05203,counter,"[1, 128, 768]","[1, 128, 768]",1081.34,0.0,0.375,cuda_event,cuda
22,encoder.layer.3.attention.self.key,Linear,0.0545,0.375,150994944.0,590592,0,32,0.0545,counter,"[1, 128, 768]","[1, 128, 768]",1081.34,0.0,0.375,cuda_event,cuda
22,encoder.layer.3.attention.self.value,Linear,0.05536,0.375,150994944.0,590592,0,33,0.05536,counter,"[1, 128, 768]","[1, 128, 768]",1081.34,0.0,0.375,cuda_event,cuda
22,encoder.layer.3.attention.output.dense,Linear,0.05325,0.375,150994944.0,590592,0,34,0.05325,counter,"[1, 128, 768]","[1, 128, 768]",1081.34,0.0,0.375,cuda_event,cuda
22,encoder.layer.3.attention.output.LayerNorm,LayerNorm,0.00813,0.375,491520.0,1536,0,35,0.00813,analytic,"[1, 128, 768]","[1, 128, 768]",1081.34,0.0,0.375,cuda_event,cuda
22,encoder.layer.3.intermediate.dense,Linear,0.12502,1.5,603979776.0,2362368,0,36,0.12502,counter,"[1, 128, 768]","[1, 128, 3072]",1081.34,0.0,1.5,cuda_event,cuda
22,encoder.layer.3.intermediate.intermediate_act_fn,GELUActivation,0.00614,1.5,0.0,0,0,37,0.00614,none,"[1, 128, 3072]","[1, 128, 3072]",1081.34,0.0,1.5,cuda_event,cuda
22,encoder.layer.3.output.dense,Linear,0.15501,0.375,603979776.0,2360064,0,38,0.15501,counter,"[1, 128, 3072]","[1, 128, 768]",1081.34,0.0,0.375,cuda_event,cuda
22,encoder.layer.3.output.LayerNorm,LayerNorm,0.00819,0.375,491520.0,1536,0,39,0.00819,analytic,"[1, 128, 768]","[1, 128, 768]",1081.34,0.0,0.375,cuda_event,cuda
22,encoder.layer.4.attention.self.query,Linear,0.05325,0.375,150994944.0,590592,0,40,0.05325,counter,"[1, 128, 768]","[1, 128, 768]",1081.34,0.0,0.375,cuda_event,cuda
22,encoder.layer.4.attention.self.key,Linear,0.05341,0.375,150994944.0,590592,0,41,0.05341,counter,"[1, 128, 768]","[1, 128, 768]",1081.34,0.0,0.375,cuda_event,cuda
22,encoder.layer.4.attention.self.value,Linear,0.05526,0.375,150994944.0,590592,0,42,0.05526,counter,"[1, 128, 768]","[1, 128, 768]",1081.34,0.0,0.375,cuda_event,cuda
22,encoder.layer.4.attention.output.dense,Linear,0.05482,0.375,150994944.0,590592,0,43,0.05482,counter,"[1, 128, 768]","[1, 128, 768]",1081.34,0.0,0.375,cuda_event,cuda
22,encoder.layer.4.attention.output.LayerNorm,LayerNorm,0.00701,0.375,491520.0,1536,0,44,0.00701,analytic,"[1, 128, 768]","[1, 128, 768]",1081.34,0.0,0.375,cuda_event,cuda
22,encoder.layer.4.intermediate.dense,Linear,0.12493,1.5,603979776.0,2362368,0,45,0.12493,counter,"[1, 128, 768]","[1, 128, 3072]",1081.34,0.0,1.5,cuda_event,cuda
22,encoder.layer.4.intermediate.intermediate_act_fn,GELUActivation,0.0072,1.5,0.0,0,0,46,0.0072,none,"[1, 128, 3072]","[1, 128, 3072]",1081.34,0.0,1.5,cuda_event,cuda
22,encoder.layer.4.output.dense,Linear,0.1536,0.375,603979776.0,2360064,0,47,0.1536,counter,"[1, 128, 3072]","[1, 128, 768]",1081.34,0.0,0.375,cuda_event,cuda
22,encoder.layer.4.output.LayerNorm,LayerNorm,0.00685,0.375,491520.0,1536,0,48,0.00685,analytic,"[1, 128, 768]","[1, 128, 768]",1081.34,0.0,0.375,cuda_event,cuda
22,encoder.layer.5.attention.self.query,Linear,0.05325,0.375,150994944.0,590592,0,49,0.05325,counter,"[1, 128, 768]","[1, 128, 768]",1081.34,0.0,0.375,cuda_event,cuda
22,encoder.layer.5.attention.self.key,Linear,0.05325,0.375,150994944.0,590592,0,50,0.05325,counter,"[1, 128, 768]","[1, 128, 768]",1081.34,0.0,0.375,cuda_event,cuda
22,encoder.layer.5.attention.self.value,Linear,0.0545,0.375,150994944.0,590592,0,51,0.0545,counter,"[1, 128, 768]","[1, 128, 768]",1081.34,0.0,0.375,cuda_event,cuda
22,encoder.layer.5.attention.output.dense,Linear,0.05443,0.375,150994944.0,590592,0,52,0.05443,counter,"[1, 128, 768]","[1, 128, 768]",1081.34,0.0,0.375,cuda_event,cuda
22,encoder.layer.5.attention.output.LayerNorm,LayerNorm,0.00819,0.375,491520.0,1536,0,53,0.00819,analytic,"[1, 128, 768]","[1, 128, 768]",1081.34,0.0,0.375,cuda_event,cuda
22,encoder.layer.5.intermediate.dense,Linear,0.12435,1.5,603979776.0,2362368,0,54,0.12435,counter,"[1, 128, 768]","[1, 128, 3072]",1081.34,0.0,1.5,cuda_event,cuda
22,encoder.layer.5.intermediate.intermediate_act_fn,GELUActivation,0.00694,1.5,0.0,0,0,55,0.00694,none,"[1, 128, 3072]","[1, 128, 3072]",1081.34,0.0,1.5,cuda_event,cuda
22,encoder.layer.5.output.dense,Linear,0.1552,0.375,603979776.0,2360064,0,56,0.1552,counter,"[1, 128, 3072]","[1, 128, 768]",1081.34,0.0,0.375,cuda_event,cuda
22,encoder.layer.5.output.LayerNorm,LayerNorm,0.00819,0.375,491520.0,1536,0,57,0.00819,analytic,"[1, 128, 768]","[1, 128, 768]",1081.34,0.0,0.375,cuda_event,cuda
22,encoder.layer.6.attention.self.query,Linear,0.05325,0.375,150994944.0,590592,0,58,0.05325,counter,"[1, 128, 768]","[1, 128, 768]",1081.34,0.0,0.375,cuda_event,cuda
22,encoder.layer.6.attention.self.key,Linear,0.05325,0.375,150994944.0,590592,0,59,0.05325,counter,"[1, 128, 768]","[1, 128, 768]",1081.34,0.0,0.375,cuda_event,cuda
22,encoder.layer.6.attention.self.value,Linear,0.0544,0.375,150994944.0,590592,0,60,0.0544,counter,"[1, 128, 768]","[1, 128, 768]",1081.34,0.0,0.375,cuda_event,cuda
22,encoder.layer.6.attention.output.dense,Linear,0.05357,0.375,150994944.0,590592,0,61,0.05357,counter,"[1, 128, 768]","[1, 128, 768]",1081.34,0.0,0.375,cuda_event,cuda
22,encoder.layer.6.attention.output.LayerNorm,LayerNorm,0.00778,0.375,491520.0,1536,0,62,0.00778,analytic,"[1, 128, 768]","[1, 128, 768]",1081.34,0.0,0.375,cuda_event,cuda
22,encoder.layer.6.intermediate.dense,Linear,0.1248,1.5,603979776.0,2362368,0,63,0.1248,counter,"[1, 128, 768]","[1, 128, 3072]",1081.34,0.0,1.5,cuda_event,cuda
22,encoder.layer.6.intermediate.intermediate_act_fn,GELUActivation,0.00678,1.5,0.0,0,0,64,0.00678,none,"[1, 128, 3072]","[1, 128, 3072]",1081.34,0.0,1.5,cuda_event,cuda
22,encoder.layer.6.output.dense,Linear,0.15398,0.375,603979776.0,2360064,0,65,0.15398,counter,"[1, 128, 3072]","[1, 128, 768]",1081.34,0.0,0.375,cuda_event,cuda
22,encoder.layer.6.output.LayerNorm,LayerNorm,0.00819,0.375,491520.0,1536,0,66,0.00819,analytic,"[1, 128, 768]","[1, 128, 768]",1081.34,0.0,0.375,cuda_event,cuda
22,encoder.layer.7.attention.self.query,Linear,0.05341,0.375,150994944.0,590592,0,67,0.05341,counter,"[1, 128, 768]","[1, 128, 768]",1081.34,0.0,0.375,cuda_event,cuda
22,encoder.layer.7.attention.self.key,Linear,0.05325,0.375,150994944.0,590592,0,68,0.05325,counter,"[1, 128, 768]","[1, 128, 768]",1081.34,0.0,0.375,cuda_event,cuda
22,encoder.layer.7.attention.self.value,Linear,0.05325,0.375,150994944.0,590592,0,69,0.05325,counter,"[1, 128, 768]","[1, 128, 768]",1081.34,0.0,0.375,cuda_event,cuda
22,encoder.layer.7.attention.output.dense,Linear,0.0537,0.375,150994944.0,590592,0,70,0.0537,counter,"[1, 128, 768]","[1, 128, 768]",1081.34,0.0,0.375,cuda_event,cuda
22,encoder.layer.7.attention.output.LayerNorm,LayerNorm,0.00781,0.375,491520.0,1536,0,71,0.00781,analytic,"[1, 128, 768]","[1, 128, 768]",1081.34,0.0,0.375,cuda_event,cuda
22,encoder.layer.7.intermediate.dense,Linear,0.12349,1.5,603979776.0,2362368,0,72,0.12349,counter,"[1, 128, 768]","[1, 128, 3072]",1081.34,0.0,1.5,cuda_event,cuda
22,encoder.layer.7.intermediate.intermediate_act_fn,GELUActivation,0.00618,1.5,0.0,0,0,73,0.00618,none,"[1, 128, 3072]","[1, 128, 3072]",1081.34,0.0,1.5,cuda_event,cuda
22,encoder.layer.7.output.dense,Linear,0.15517,0.375,603979776.0,2360064,0,74,0.15517,counter,"[1, 128, 3072]","[1, 128, 768]",1081.34,0.0,0.375,cuda_event,cuda
22,encoder.layer.7.output.LayerNorm,LayerNorm,0.00688,0.375,491520.0,1536,0,75,0.00688,analytic,"[1, 128, 768]","[1, 128, 768]",1081.34,0.0,0.375,cuda_event,cuda
22,encoder.layer.8.attention.self.query,Linear,0.05325,0.375,150994944.0,590592,0,76,0.05325,counter,"[1, 128, 768]","[1, 128, 768]",1081.34,0.0,0.375,cuda_event,cuda
22,encoder.layer.8.attention.self.key,Linear,0.05446,0.375,150994944.0,590592,0,77,0.05446,counter,"[1, 128, 768]","[1, 128, 768]",1081.34,0.0,0.375,cuda_event,cuda
22,encoder.layer.8.attention.self.value,Linear,0.05421,0.375,150994944.0,590592,0,78,0.05421,counter,"[1, 128, 768]","[1, 128, 768]",1081.34,0.0,0.375,cuda_event,cuda
22,encoder.layer.8.attention.output.dense,Linear,0.05501,0.375,150994944.0,590592,0,79,0.05501,counter,"[1, 128, 768]","[1, 128, 768]",1081.34,0.0,0.375,cuda_event,cuda
22,encoder.layer.8.attention.output.LayerNorm,LayerNorm,0.00678,0.375,491520.0,1536,0,80,0.00678,analytic,"[1, 128, 768]","[1, 128, 768]",1081.34,0.0,0.375,cuda_event,cuda
22,encoder.layer.8.intermediate.dense,Linear,0.12493,1.5,603979776.0,2362368,0,81,0.12493,counter,"[1, 128, 768]","[1, 128, 3072]",1081.34,0.0,1.5,cuda_event,cuda
22,encoder.layer.8.intermediate.intermediate_act_fn,GELUActivation,0.00733,1.5,0.0,0,0,82,0.00733,none,"[1, 128, 3072]","[1, 128, 3072]",1081.34,0.0,1.5,cuda_event,cuda
22,encoder.layer.8.output.dense,Linear,0.15254,0.375,603979776.0,2360064,0,83,0.15254,counter,"[1, 128, 3072]","[1, 128, 768]",1081.34,0.0,0.375,cuda_event,cuda
22,encoder.layer.8.output.LayerNorm,LayerNorm,0.00806,0.375,491520.0,1536,0,84,0.00806,analytic,"[1, 128, 768]","[1, 128, 768]",1081.34,0.0,0.375,cuda_event,cuda
22,encoder.layer.9.attention.self.query,Linear,0.05363,0.375,150994944.0,590592,0,85,0.05363,counter,"[1, 128, 768]","[1, 128, 768]",1081.34,0.0,0.375,cuda_event,cuda
22,encoder.layer.9.attention.self.key,Linear,0.05341,0.375,150994944.0,590592,0,86,0.05341,counter,"[1, 128, 768]","[1, 128, 768]",1081.34,0.0,0.375,cuda_event,cuda
22,encoder.layer.9.attention.self.value,Linear,0.05341,0.375,150994944.0,590592,0,87,0.05341,counter,"[1, 128, 768]","[1, 128, 768]",1081.34,0.0,0.375,cuda_event,cuda
22,encoder.layer.9.attention.output.dense,Linear,0.05459,0.375,150994944.0,590592,0,88,0.05459,counter,"[1, 128, 768]","[1, 128, 768]",1081.34,0.0,0.375,cuda_event,cuda
22,encoder.layer.9.attention.output.LayerNorm,LayerNorm,0.00717,0.375,491520.0,1536,0,89,0.00717,analytic,"[1, 128, 768]","[1, 128, 768]",1081.34,0.0,0.375,cuda_event,cuda
22,encoder.layer.9.intermediate.dense,Linear,0.12493,1.5,603979776.0,2362368,0,90,0.12493,counter,"[1, 128, 768]","[1, 128, 3072]",1081.34,0.0,1.5,cuda_event,cuda
22,encoder.layer.9.intermediate.intermediate_act_fn,GELUActivation,0.00627,1.5,0.0,0,0,91,0.00627,none,"[1, 128, 3072]","[1, 128, 3072]",1081.34,0.0,1.5,cuda_event,cuda
22,encoder.layer.9.output.dense,Linear,0.15565,0.375,603979776.0,2360064,0,92,0.15565,counter,"[1, 128, 3072]","[1, 128, 768]",1081.34,0.0,0.375,cuda_event,cuda
22,encoder.layer.9.output.LayerNorm,LayerNorm,0.00781,0.375,491520.0,1536,0,93,0.00781,analytic,"[1, 128, 768]","[1, 128, 768]",1081.34,0.0,0.375,cuda_event,cuda
22,encoder.layer.10.attention.self.query,Linear,0.05325,0.375,150994944.0,590592,0,94,0.05325,counter,"[1, 128, 768]","[1, 128, 768]",1081.34,0.0,0.375,cuda_event,cuda
22,encoder.layer.10.attention.self.key,Linear,0.05482,0.375,150994944.0,590592,0,95,0.05482,counter,"[1, 128, 768]","[1, 128, 768]",1081.34,0.0,0.375,cuda_event,cuda
22,encoder.layer.10.attention.self.value,Linear,0.05376,0.375,150994944.0,590592,0,96,0.05376,counter,"[1, 128, 768]","[1, 128, 768]",1081.34,0.0,0.375,cuda_event,cuda
22,encoder.layer.10.attention.output.dense,Linear,0.05478,0.375,150994944.0,590592,0,97,0.05478,counter,"[1, 128, 768]","[1, 128, 768]",1081.34,0.0,0.375,cuda_event,cuda
22,encoder.layer.10.attention.output.LayerNorm,LayerNorm,0.00688,0.375,491520.0,1536,0,98,0.00688,analytic,"[1, 128, 768]","[1, 128, 768]",1081.34,0.0,0.375,cuda_event,cuda
22,encoder.layer.10.intermediate.dense,Linear,0.12493,1.5,603979776.0,2362368,0,99,0.12493,counter,"[1, 128, 768]","[1, 128, 3072]",1081.34,0.0,1.5,cuda_event,cuda
22,encoder.layer.10.intermediate.intermediate_act_fn,GELUActivation,0.00736,1.5,0.0,0,0,100,0.00736,none,"[1, 128, 3072]","[1, 128, 3072]",1081.34,0.0,1.5,cuda_event,cuda
22,encoder.layer.10.output.dense,Linear,0.15459,0.375,603979776.0,2360064,0,101,0.15459,counter,"[1, 128, 3072]","[1, 128, 768]",1081.34,0.0,0.375,cuda_event,cuda
22,encoder.layer.10.output.LayerNorm,LayerNorm,0.00781,0.375,491520.0,1536,0,102,0.00781,analytic,"[1, 128, 768]","[1, 128, 768]",1081.34,0.0,0.375,cuda_event,cuda
22,encoder.layer.11.attention.self.query,Linear,0.05382,0.375,150994944.0,590592,0,103,0.05382,counter,"[1, 128, 768]","[1, 128, 768]",1081.34,0.0,0.375,cuda_event,cuda
22,encoder.layer.11.attention.self.key,Linear,0.05347,0.375,150994944.0,590592,0,104,0.05347,counter,"[1, 128, 768]","[1, 128, 768]",1081.34,0.0,0.375,cuda_event,cuda
22,encoder.layer.11.attention.self.value,Linear,0.05363,0.375,150994944.0,590592,0,105,0.05363,counter,"[1, 128, 768]","[1, 128, 768]",1081.34,0.0,0.375,cuda_event,cuda
22,encoder.layer.11.attention.output.dense,Linear,0.05392,0.375,150994944.0,590592,0,106,0.05392,counter,"[1, 128, 768]","[1, 128, 768]",1081.34,0.0,0.375,cuda_event,cuda
22,encoder.layer.11.attention.output.LayerNorm,LayerNorm,0.00778,0.375,491520.0,1536,0,107,0.00778,analytic,"[1, 128, 768]","[1, 128, 768]",1081.34,0.0,0.375,cuda_event,cuda
22,encoder.layer.11.intermediate.dense,Linear,0.12368,1.5,603979776.0,2362368,0,108,0.12368,counter,"[1, 128, 768]","[1, 128, 3072]",1081.34,0.0,1.5,cuda_event,cuda
22,encoder.layer.11.intermediate.intermediate_act_fn,GELUActivation,0.00614,1.5,0.0,0,0,109,0.00614,none,"[1, 128, 3072]","[1, 128, 3072]",1081.34,0.0,1.5,cuda_event,cuda
22,encoder.layer.11.output.dense,Linear,0.15315,0.375,603979776.0,2360064,0,110,0.15315,counter,"[1, 128, 3072]","[1, 128, 768]",1081.34,0.0,0.375,cuda_event,cuda
22,encoder.layer.11.output.LayerNorm,LayerNorm,0.00717,0.375,491520.0,1536,0,111,0.00717,analytic,"[1, 128, 768]","[1, 128, 768]",1081.34,0.0,0.375,cuda_event,cuda
22,pooler.dense,Linear,0.01418,0.00293,1179648.0,590592,0,112,0.01418,counter,"[1, 768]","[1, 768]",1081.34,0.0,0.003,cuda_event,cuda
22,pooler.activation,Tanh,0.00429,0.00293,3072.0,0,0,113,0.00429,analytic,"[1, 768]","[1, 768]",1081.34,0.0,0.003,cuda_event,cuda
23,embeddings.word_embeddings,Embedding,0.00614,0.375,0.0,23440896,0,0,0.00614,none,"[1, 128]","[1, 128, 768]",1081.34,0.0,0.375,cuda_event,cuda
23,embeddings.token_type_embeddings,Embedding,0.0041,0.375,0.0,1536,0,1,0.0041,none,"[1, 128]","[1, 128, 768]",1081.34,0.0,0.375,cuda_event,cuda
23,embeddings.position_embeddings,Embedding,0.00624,0.375,0.0,393216,0,2,0.00624,none,"[1, 128]","[1, 128, 768]",1081.34,0.0,0.375,cuda_event,cuda
23,embeddings.LayerNorm,LayerNorm,0.00755,0.375,491520.0,1536,0,3,0.00755,analytic,"[1, 128, 768]","[1, 128, 768]",1081.34,0.0,0.375,cuda_event,cuda
23,encoder.layer.0.attention.self.query,Linear,0.05603,0.375,150994944.0,590592,0,4,0.05603,counter,"[1, 128, 768]","[1, 128, 768]",1081.34,0.0,0.375,cuda_event,cuda
23,encoder.layer.0.attention.self.key,Linear,0.05366,0.375,150994944.0,590592,0,5,0.05366,counter,"[1, 128, 768]","[1, 128, 768]",1081.34,0.0,0.375,cuda_event,cuda
23,encoder.layer.0.attention.self.value,Linear,0.05325,0.375,150994944.0,590592,0,6,0.05325,counter,"[1, 128, 768]","[1, 128, 768]",1081.34,0.0,0.375,cuda_event,cuda
23,encoder.layer.0.attention.output.dense,Linear,0.05293,0.375,150994944.0,590592,0,7,0.05293,counter,"[1, 128, 768]","[1, 128, 768]",1081.34,0.0,0.375,cuda_event,cuda
23,encoder.layer.0.attention.output.LayerNorm,LayerNorm,0.00717,0.375,491520.0,1536,0,8,0.00717,analytic,"[1, 128, 768]","[1, 128, 768]",1081.34,0.0,0.375,cuda_event,cuda
23,encoder.layer.0.intermediate.dense,Linear,0.12461,1.5,603979776.0,2362368,0,9,0.12461,counter,"[1, 128, 768]","[1, 128, 3072]",1081.34,0.0,1.5,cuda_event,cuda
23,encoder.layer.0.intermediate.intermediate_act_fn,GELUActivation,0.00656,1.5,0.0,0,0,10,0.00656,none,"[1, 128, 3072]","[1, 128, 3072]",1081.34,0.0,1.5,cuda_event,cuda
23,encoder.layer.0.output.dense,Linear,0.1536,0.375,603979776.0,2360064,0,11,0.1536,counter,"[1, 128, 3072]","[1, 128, 768]",1081.34,0.0,0.375,cuda_event,cuda
23,encoder.layer.0.output.LayerNorm,LayerNorm,0.00778,0.375,491520.0,1536,0,12,0.00778,analytic,"[1, 128, 768]","[1, 128, 768]",1081.34,0.0,0.375,cuda_event,cuda
23,encoder.layer.1.attention.self.query,Linear,0.0528,0.375,150994944.0,590592,0,13,0.0528,counter,"[1, 128, 768]","[1, 128, 768]",1081.34,0.0,0.375,cuda_event,cuda
23,encoder.layer.1.attention.self.key,Linear,0.05514,0.375,150994944.0,590592,0,14,0.05514,counter,"[1, 128, 768]","[1, 128, 768]",1081.34,0.0,0.375,cuda_event,cuda
23,encoder.layer.1.attention.self.value,Linear,0.05354,0.375,150994944.0,590592,0,15,0.05354,counter,"[1, 128, 768]","[1, 128, 768]",1081.34,0.0,0.375,cuda_event,cuda
23,encoder.layer.1.attention.output.dense,Linear,0.05328,0.375,150994944.0,590592,0,16,0.05328,counter,"[1, 128, 768]","[1, 128, 768]",1081.34,0.0,0.375,cuda_event,cuda
23,encoder.layer.1.attention.output.LayerNorm,LayerNorm,0.00819,0.375,491520.0,1536,0,17,0.00819,analytic,"[1, 128, 768]","[1, 128, 768]",1081.34,0.0,0.375,cuda_event,cuda
23,encoder.layer.1.intermediate.dense,Linear,0.12435,1.5,603979776.0,2362368,0,18,0.12435,counter,"[1, 128, 768]","[1, 128, 3072]",1081.34,0.0,1.5,cuda_event,cuda
23,encoder.layer.1.intermediate.intermediate_act_fn,GELUActivation,0.00669,1.5,0.0,0,0,19,0.00669,none,"[1, 128, 3072]","[1, 128, 3072]",1081.34,0.0,1.5,cuda_event,cuda
23,encoder.layer.1.output.dense,Linear,0.1536,0.375,603979776.0,2360064,0,20,0.1536,counter,"[1, 128, 3072]","[1, 128, 768]",1081.34,0.0,0.375,cuda_event,cuda
23,encoder.layer.1.output.LayerNorm,LayerNorm,0.00819,0.375,491520.0,1536,0,21,0.00819,analytic,"[1, 128, 768]","[1, 128, 768]",1081.34,0.0,0.375,cuda_event,cuda
23,encoder.layer.2.attention.self.query,Linear,0.05165,0.375,150994944.0,590592,0,22,0.05165,counter,"[1, 128, 768]","[1, 128, 768]",1081.34,0.0,0.375,cuda_event,cuda
23,encoder.layer.2.attention.self.key,Linear,0.0545,0.375,150994944.0,590592,0,23,0.0545,counter,"[1, 128, 768]","[1, 128, 768]",1081.34,0.0,0.375,cuda_event,cuda
23,encoder.layer.2.attention.self.value,Linear,0.05386,0.375,150994944.0,590592,0,24,0.05386,counter,"[1, 128, 768]","[1, 128, 768]",1081.34,0.0,0.375,cuda_event,cuda
23,encoder.layer.2.attention.output.dense,Linear,0.05325,0.375,150994944.0,590592,0,25,0.05325,counter,"[1, 128, 768]","[1, 128, 768]",1081.34,0.0,0.375,cuda_event,cuda
23,encoder.layer.2.attention.output.LayerNorm,LayerNorm,0.00781,0.375,491520.0,1536,0,26,0.00781,analytic,"[1, 128, 768]","[1, 128, 768]",1081.34,0.0,0.375,cuda_event,cuda
23,encoder.layer.2.intermediate.dense,Linear,0.12326,1.5,603979776.0,2362368,0,27,0.12326,counter,"[1, 128, 768]","[1, 128, 3072]",1081.34,0.0,1.5,cuda_event,cuda
23,encoder.layer.2.intermediate.intermediate_act_fn,GELUActivation,0.0065,1.5,0.0,0,0,28,0.0065,none,"[1, 128, 3072]","[1, 128, 3072]",1081.34,0.0,1.5,cuda_event,cuda
23,encoder.layer.2.output.dense,Linear,0.1536,0.375,603979776.0,2360064,0,29,0.1536,counter,"[1, 128, 3072]","[1, 128, 768]",1081.34,0.0,0.375,cuda_event,cuda
23,encoder.layer.2.output.LayerNorm,LayerNorm,0.00787,0.375,491520.0,1536,0,30,0.00787,analytic,"[1, 128, 768]","[1, 128, 768]",1081.34,0.0,0.375,cuda_event,cuda
23,encoder.layer.3.attention.self.query,Linear,0.05325,0.375,150994944.0,590592,0,31,0.05325,counter,"[1, 128, 768]","[1, 128, 768]",1081.34,0.0,0.375,cuda_event,cuda
23,encoder.layer.3.attention.self.key,Linear,0.0537,0.375,150994944.0,590592,0,32,0.0537,counter,"[1, 128, 768]","[1, 128, 768]",1081.34,0.0,0.375,cuda_event,cuda
23,encoder.layer.3.attention.self.value,Linear,0.05373,0.375,150994944.0,590592,0,33,0.05373,counter,"[1, 128, 768]","[1, 128, 768]",1081.34,0.0,0.375,cuda_event,cuda
23,encoder.layer.3.attention.output.dense,Linear,0.05334,0.375,150994944.0,590592,0,34,0.05334,counter,"[1, 128, 768]","[1, 128, 768]",1081.34,0.0,0.375,cuda_event,cuda
23,encoder.layer.3.attention.output.LayerNorm,LayerNorm,0.00819,0.375,491520.0,1536,0,35,0.00819,analytic,"[1, 128, 768]","[1, 128, 768]",1081.34,0.0,0.375,cuda_event,cuda
23,encoder.layer.3.intermediate.dense,Linear,0.12502,1.5,603979776.0,2362368,0,36,0.12502,counter,"[1, 128, 768]","[1, 128, 3072]",1081.34,0.0,1.5,cuda_event,cuda
23,encoder.layer.3.intermediate.intermediate_act_fn,GELUActivation,0.00739,1.5,0.0,0,0,37,0.00739,none,"[1, 128, 3072]","[1, 128, 3072]",1081.34,0.0,1.5,cuda_event,cuda
23,encoder.layer.3.output.dense,Linear,0.15456,0.375,603979776.0,2360064,0,38,0.15456,counter,"[1, 128, 3072]","[1, 128, 768]",1081.34,0.0,0.375,cuda_event,cuda
23,encoder.layer.3.output.LayerNorm,LayerNorm,0.00819,0.375,491520.0,1536,0,39,0.00819,analytic,"[1, 128, 768]","[1, 128, 768]",1081.34,0.0,0.375,cuda_event,cuda
23,encoder.layer.4.attention.self.query,Linear,0.05325,0.375,150994944.0,590592,0,40,0.05325,counter,"[1, 128, 768]","[1, 128, 768]",1081.34,0.0,0.375,cuda_event,cuda
23,encoder.layer.4.attention.self.key,Linear,0.05325,0.375,150994944.0,590592,0,41,0.05325,counter,"[1, 128, 768]","[1, 128, 768]",1081.34,0.0,0.375,cuda_event,cuda
23,encoder.layer.4.attention.self.value,Linear,0.05427,0.375,150994944.0,590592,0,42,0.05427,counter,"[1, 128, 768]","[1, 128, 768]",1081.34,0.0,0.375,cuda_event,cuda
23,encoder.layer.4.attention.output.dense,Linear,0.05338,0.375,150994944.0,590592,0,43,0.05338,counter,"[1, 128, 768]","[1, 128, 768]",1081.34,0.0,0.375,cuda_event,cuda
23,encoder.layer.4.attention.output.LayerNorm,LayerNorm,0.00797,0.375,491520.0,1536,0,44,0.00797,analytic,"[1, 128, 768]","[1, 128, 768]",1081.34,0.0,0.375,cuda_event,cuda
23,encoder.layer.4.intermediate.dense,Linear,0.12285,1.5,603979776.0,2362368,0,45,0.12285,counter,"[1, 128, 768]","[1, 128, 3072]",1081.34,0.0,1.5,cuda_event,cuda
23,encoder.layer.4.intermediate.intermediate_act_fn,GELUActivation,0.00666,1.5,0.0,0,0,46,0.00666,none,"[1, 128, 3072]","[1, 128, 3072]",1081.34,0.0,1.5,cuda_event,cuda
23,encoder.layer.4.output.dense,Linear,0.15552,0.375,603979776.0,2360064,0,47,0.15552,counter,"[1, 128, 3072]","[1, 128, 768]",1081.34,0.0,0.375,cuda_event,cuda
23,encoder.layer.4.output.LayerNorm,LayerNorm,0.00672,0.375,491520.0,1536,0,48,0.00672,analytic,"[1, 128, 768]","[1, 128, 768]",1081.34,0.0,0.375,cuda_event,cuda
23,encoder.layer.5.attention.self.query,Linear,0.05325,0.375,150994944.0,590592,0,49,0.05325,counter,"[1, 128, 768]","[1, 128, 768]",1081.34,0.0,0.375,cuda_event,cuda
23,encoder.layer.5.attention.self.key,Linear,0.05331,0.375,150994944.0,590592,0,50,0.05331,counter,"[1, 128, 768]","[1, 128, 768]",1081.34,0.0,0.375,cuda_event,cuda
23,encoder.layer.5.attention.self.value,Linear,0.0551,0.375,150994944.0,590592,0,51,0.0551,counter,"[1, 128, 768]","[1, 128, 768]",1081.34,0.0,0.375,cuda_event,cuda
23,encoder.layer.5.attention.output.dense,Linear,0.05418,0.375,150994944.0,590592,0,52,0.05418,counter,"[1, 128, 768]","[1, 128, 768]",1081.34,0.0,0.375,cuda_event,cuda
23,encoder.layer.5.attention.output.LayerNorm,LayerNorm,0.00781,0.375,491520.0,1536,0,53,0.00781,analytic,"[1, 128, 768]","[1, 128, 768]",1081.34,0.0,0.375,cuda_event,cuda
23,encoder.layer.5.intermediate.dense,Linear,0.12384,1.5,603979776.0,2362368,0,54,0.12384,counter,"[1, 128, 768]","[1, 128, 3072]",1081.34,0.0,1.5,cuda_event,cuda
23,encoder.layer.5.intermediate.intermediate_act_fn,GELUActivation,0.00778,1.5,0.0,0,0,55,0.00778,none,"[1, 128, 3072]","[1, 128, 3072]",1081.34,0.0,1.5,cuda_event,cuda
23,encoder.layer.5.output.dense,Linear,0.15325,0.375,603979776.0,2360064,0,56,0.15325,counter,"[1, 128, 3072]","[1, 128, 768]",1081.34,0.0,0.375,cuda_event,cuda
23,encoder.layer.5.output.LayerNorm,LayerNorm,0.00819,0.375,491520.0,1536,0,57,0.00819,analytic,"[1, 128, 768]","[1, 128, 768]",1081.34,0.0,0.375,cuda_event,cuda
23,encoder.layer.6.attention.self.query,Linear,0.05325,0.375,150994944.0,590592,0,58,0.05325,counter,"[1, 128, 768]","[1, 128, 768]",1081.34,0.0,0.375,cuda_event,cuda
23,encoder.layer.6.attention.self.key,Linear,0.05446,0.375,150994944.0,590592,0,59,0.05446,counter,"[1, 128, 768]","[1, 128, 768]",1081.34,0.0,0.375,cuda_event,cuda
23,encoder.layer.6.attention.self.value,Linear,0.05418,0.375,150994944.0,590592,0,60,0.05418,counter,"[1, 128, 768]","[1, 128, 768]",1081.34,0.0,0.375,cuda_event,cuda
23,encoder.layer.6.attention.output.dense,Linear,0.05395,0.375,150994944.0,590592,0,61,0.05395,counter,"[1, 128, 768]","[1, 128, 768]",1081.34,0.0,0.375,cuda_event,cuda
23,encoder.layer.6.attention.output.LayerNorm,LayerNorm,0.0079,0.375,491520.0,1536,0,62,0.0079,analytic,"[1, 128, 768]","[1, 128, 768]",1081.34,0.0,0.375,cuda_event,cuda
23,encoder.layer.6.intermediate.dense,Linear,0.12698,1.5,603979776.0,2362368,0,63,0.12698,counter,"[1, 128, 768]","[1, 128, 3072]",1081.34,0.0,1.5,cuda_event,cuda
23,encoder.layer.6.intermediate.intermediate_act_fn,GELUActivation,0.00621,1.5,0.0,0,0,64,0.00621,none,"[1, 128, 3072]","[1, 128, 3072]",1081.34,0.0,1.5,cuda_event,cuda
23,encoder.layer.6.output.dense,Linear,0.1545,0.375,603979776.0,2360064,0,65,0.1545,counter,"[1, 128, 3072]","[1, 128, 768]",1081.34,0.0,0.375,cuda_event,cuda
23,encoder.layer.6.output.LayerNorm,LayerNorm,0.00803,0.375,491520.0,1536,0,66,0.00803,analytic,"[1, 128, 768]","[1, 128, 768]",1081.34,0.0,0.375,cuda_event,cuda
23,encoder.layer.7.attention.self.query,Linear,0.05315,0.375,150994944.0,590592,0,67,0.05315,counter,"[1, 128, 768]","[1, 128, 768]",1081.34,0.0,0.375,cuda_event,cuda
23,encoder.layer.7.attention.self.key,Linear,0.0551,0.375,150994944.0,590592,0,68,0.0551,counter,"[1, 128, 768]","[1, 128, 768]",1081.34,0.0,0.375,cuda_event,cuda
23,encoder.layer.7.attention.self.value,Linear,0.05395,0.375,150994944.0,590592,0,69,0.05395,counter,"[1, 128, 768]","[1, 128, 768]",1081.34,0.0,0.375,cuda_event,cuda
23,encoder.layer.7.attention.output.dense,Linear,0.05389,0.375,150994944.0,590592,0,70,0.05389,counter,"[1, 128, 768]","[1, 128, 768]",1081.34,0.0,0.375,cuda_event,cuda
23,encoder.layer.7.attention.output.LayerNorm,LayerNorm,0.00803,0.375,491520.0,1536,0,71,0.00803,analytic,"[1, 128, 768]","[1, 128, 768]",1081.34,0.0,0.375,cuda_event,cuda
23,encoder.layer.7.intermediate.dense,Linear,0.12374,1.5,603979776.0,2362368,0,72,0.12374,counter,"[1, 128, 768]","[1, 128, 3072]",1081.34,0.0,1.5,cuda_event,cuda
23,encoder.layer.7.intermediate.intermediate_act_fn,GELUActivation,0.00614,1.5,0.0,0,0,73,0.00614,none,"[1, 128, 3072]","[1, 128, 3072]",1081.34,0.0,1.5,cuda_event,cuda
23,encoder.layer.7.output.dense,Linear,0.1536,0.375,603979776.0,2360064,0,74,0.1536,counter,"[1, 128, 3072]","[1, 128, 768]",1081.34,0.0,0.375,cuda_event,cuda
23,encoder.layer.7.output.LayerNorm,LayerNorm,0.00768,0.375,491520.0,1536,0,75,0.00768,analytic,"[1, 128, 768]","[1, 128, 768]",1081.34,0.0,0.375,cuda_event,cuda
23,encoder.layer.8.attention.self.query,Linear,0.05184,0.375,150994944.0,590592,0,76,0.05184,counter,"[1, 128, 768]","[1, 128, 768]",1081.34,0.0,0.375,cuda_event,cuda
23,encoder.layer.8.attention.self.key,Linear,0.05491,0.375,150994944.0,590592,0,77,0.05491,counter,"[1, 128, 768]","[1, 128, 768]",1081.34,0.0,0.375,cuda_event,cuda
23,encoder.layer.8.attention.self.value,Linear,0.05379,0.375,150994944.0,590592,0,78,0.05379,counter,"[1, 128, 768]","[1, 128, 768]",1081.34,0.0,0.375,cuda_event,cuda
23,encoder.layer.8.attention.output.dense,Linear,0.05414,0.375,150994944.0,590592,0,79,0.05414,counter,"[1, 128, 768]","[1, 128, 768]",1081.34,0.0,0.375,cuda_event,cuda
23,encoder.layer.8.attention.output.LayerNorm,LayerNorm,0.008,0.375,491520.0,1536,0,80,0.008,analytic,"[1, 128, 768]","[1, 128, 768]",1081.34,0.0,0.375,cuda_event,cuda
23,encoder.layer.8.intermediate.dense,Linear,0.12496,1.5,603979776.0,2362368,0,81,0.12496,counter,"[1, 128, 768]","[1, 128, 3072]",1081.34,0.0,1.5,cuda_event,cuda
23,encoder.layer.8.intermediate.intermediate_act_fn,GELUActivation,0.00656,1.5,0.0,0,0,82,0.00656,none,"[1, 128, 3072]","[1, 128, 3072]",1081.34,0.0,1.5,cuda_event,cuda
23,encoder.layer.8.output.dense,Linear,0.15686,0.375,603979776.0,2360064,0,83,0.15686,counter,"[1, 128, 3072]","[1, 128, 768]",1081.34,0.0,0.375,cuda_event,cuda
23,encoder.layer.8.output.LayerNorm,LayerNorm,0.00819,0.375,491520.0,1536,0,84,0.00819,analytic,"[1, 128, 768]","[1, 128, 768]",1081.34,0.0,0.375,cuda_event,cuda
23,encoder.layer.9.attention.self.query,Linear,0.05325,0.375,150994944.0,590592,0,85,0.05325,counter,"[1, 128, 768]","[1, 128, 768]",1081.34,0.0,0.375,cuda_event,cuda
23,encoder.layer.9.attention.self.key,Linear,0.05325,0.375,150994944.0,590592,0,86,0.05325,counter,"[1, 128, 768]","[1, 128, 768]",1081.34,0.0,0.375,cuda_event,cuda
23,encoder.layer.9.attention.self.value,Linear,0.05334,0.375,150994944.0,590592,0,87,0.05334,counter,"[1, 128, 768]","[1, 128, 768]",1081.34,0.0,0.375,cuda_event,cuda
23,encoder.layer.9.attention.output.dense,Linear,0.05331,0.375,150994944.0,590592,0,88,0.05331,counter,"[1, 128, 768]","[1, 128, 768]",1081.34,0.0,0.375,cuda_event,cuda
23,encoder.layer.9.attention.output.LayerNorm,LayerNorm,0.00778,0.375,491520.0,1536,0,89,0.00778,analytic,"[1, 128, 768]","[1, 128, 768]",1081.34,0.0,0.375,cuda_event,cuda
23,encoder.layer.9.intermediate.dense,Linear,0.12362,1.5,603979776.0,2362368,0,90,0.12362,counter,"[1, 128, 768]","[1, 128, 3072]",1081.34,0.0,1.5,cuda_event,cuda
23,encoder.layer.9.intermediate.intermediate_act_fn,GELUActivation,0.00618,1.5,0.0,0,0,91,0.00618,none,"[1, 128, 3072]","[1, 128, 3072]",1081.34,0.0,1.5,cuda_event,cuda
23,encoder.layer.9.output.dense,Linear,0.15501,0.375,603979776.0,2360064,0,92,0.15501,counter,"[1, 128, 3072]","[1, 128, 768]",1081.34,0.0,0.375,cuda_event,cuda
23,encoder.layer.9.output.LayerNorm,LayerNorm,0.00717,0.375,491520.0,1536,0,93,0.00717,analytic,"[1, 128, 768]","[1, 128, 768]",1081.34,0.0,0.375,cuda_event,cuda
23,encoder.layer.10.attention.self.query,Linear,0.05286,0.375,150994944.0,590592,0,94,0.05286,counter,"[1, 128, 768]","[1, 128, 768]",1081.34,0.0,0.375,cuda_event,cuda
23,encoder.layer.10.attention.self.key,Linear,0.05363,0.375,150994944.0,590592,0,95,0.05363,counter,"[1, 128, 768]","[1, 128, 768]",1081.34,0.0,0.375,cuda_event,cuda
23,encoder.layer.10.attention.self.value,Linear,0.05437,0.375,150994944.0,590592,0,96,0.05437,counter,"[1, 128, 768]","[1, 128, 768]",1081.34,0.0,0.375,cuda_event,cuda
23,encoder.layer.10.attention.output.dense,Linear,0.05437,0.375,150994944.0,590592,0,97,0.05437,counter,"[1, 128, 768]","[1, 128, 768]",1081.34,0.0,0.375,cuda_event,cuda
23,encoder.layer.10.attention.output.LayerNorm,LayerNorm,0.00819,0.375,491520.0,1536,0,98,0.00819,analytic,"[1, 128, 768]","[1, 128, 768]",1081.34,0.0,0.375,cuda_event,cuda
23,encoder.layer.10.intermediate.dense,Linear,0.12493,1.5,603979776.0,2362368,0,99,0.12493,counter,"[1, 128, 768]","[1, 128, 3072]",1081.34,0.0,1.5,cuda_event,cuda
23,encoder.layer.10.intermediate.intermediate_act_fn,GELUActivation,0.00614,1.5,0.0,0,0,100,0.00614,none,"[1, 128, 3072]","[1, 128, 3072]",1081.34,0.0,1.5,cuda_event,cuda
23,encoder.layer.10.output.dense,Linear,0.15539,0.375,603979776.0,2360064,0,101,0.15539,counter,"[1, 128, 3072]","[1, 128, 768]",1081.34,0.0,0.375,cuda_event,cuda
23,encoder.layer.10.output.LayerNorm,LayerNorm,0.00778,0.375,491520.0,1536,0,102,0.00778,analytic,"[1, 128, 768]","[1, 128, 768]",1081.34,0.0,0.375,cuda_event,cuda
23,encoder.layer.11.attention.self.query,Linear,0.0521,0.375,150994944.0,590592,0,103,0.0521,counter,"[1, 128, 768]","[1, 128, 768]",1081.34,0.0,0.375,cuda_event,cuda
23,encoder.layer.11.attention.self.key,Linear,0.05469,0.375,150994944.0,590592,0,104,0.05469,counter,"[1, 128, 768]","[1, 128, 768]",1081.34,0.0,0.375,cuda_event,cuda
23,encoder.layer.11.attention.self.value,Linear,0.0536,0.375,150994944.0,590592,0,105,0.0536,counter,"[1, 128, 768]","[1, 128, 768]",1081.34,0.0,0.375,cuda_event,cuda
23,encoder.layer.11.attention.output.dense,Linear,0.05482,0.375,150994944.0,590592,0,106,0.05482,counter,"[1, 128, 768]","[1, 128, 768]",1081.34,0.0,0.375,cuda_event,cuda
23,encoder.layer.11.attention.output.LayerNorm,LayerNorm,0.00819,0.375,491520.0,1536,0,107,0.00819,analytic,"[1, 128, 768]","[1, 128, 768]",1081.34,0.0,0.375,cuda_event,cuda
23,encoder.layer.11.intermediate.dense,Linear,0.12493,1.5,603979776.0,2362368,0,108,0.12493,counter,"[1, 128, 768]","[1, 128, 3072]",1081.34,0.0,1.5,cuda_event,cuda
23,encoder.layer.11.intermediate.intermediate_act_fn,GELUActivation,0.00771,1.5,0.0,0,0,109,0.00771,none,"[1, 128, 3072]","[1, 128, 3072]",1081.34,0.0,1.5,cuda_event,cuda
23,encoder.layer.11.output.dense,Linear,0.15354,0.375,603979776.0,2360064,0,110,0.15354,counter,"[1, 128, 3072]","[1, 128, 768]",1081.34,0.0,0.375,cuda_event,cuda
23,encoder.layer.11.output.LayerNorm,LayerNorm,0.00819,0.375,491520.0,1536,0,111,0.00819,analytic,"[1, 128, 768]","[1, 128, 768]",1081.34,0.0,0.375,cuda_event,cuda
23,pooler.dense,Linear,0.01398,0.00293,1179648.0,590592,0,112,0.01398,counter,"[1, 768]","[1, 768]",1081.34,0.0,0.003,cuda_event,cuda
23,pooler.activation,Tanh,0.00429,0.00293,3072.0,0,0,113,0.00429,analytic,"[1, 768]","[1, 768]",1081.34,0.0,0.003,cuda_event,cuda
24,embeddings.word_embeddings,Embedding,0.00614,0.375,0.0,23440896,0,0,0.00614,none,"[1, 128]","[1, 128, 768]",1081.34,0.0,0.375,cuda_event,cuda
24,embeddings.token_type_embeddings,Embedding,0.00413,0.375,0.0,1536,0,1,0.00413,none,"[1, 128]","[1, 128, 768]",1081.34,0.0,0.375,cuda_event,cuda
24,embeddings.position_embeddings,Embedding,0.00621,0.375,0.0,393216,0,2,0.00621,none,"[1, 128]","[1, 128, 768]",1081.34,0.0,0.375,cuda_event,cuda
24,embeddings.LayerNorm,LayerNorm,0.00758,0.375,491520.0,1536,0,3,0.00758,analytic,"[1, 128, 768]","[1, 128, 768]",1081.34,0.0,0.375,cuda_event,cuda
24,encoder.layer.0.attention.self.query,Linear,0.05619,0.375,150994944.0,590592,0,4,0.05619,counter,"[1, 128, 768]","[1, 128, 768]",1081.34,0.0,0.375,cuda_event,cuda
24,encoder.layer.0.attention.self.key,Linear,0.05344,0.375,150994944.0,590592,0,5,0.05344,counter,"[1, 128, 768]","[1, 128, 768]",1081.34,0.0,0.375,cuda_event,cuda
24,encoder.layer.0.attention.self.value,Linear,0.05325,0.375,150994944.0,590592,0,6,0.05325,counter,"[1, 128, 768]","[1, 128, 768]",1081.34,0.0,0.375,cuda_event,cuda
24,encoder.layer.0.attention.output.dense,Linear,0.05347,0.375,150994944.0,590592,0,7,0.05347,counter,"[1, 128, 768]","[1, 128, 768]",1081.34,0.0,0.375,cuda_event,cuda
24,encoder.layer.0.attention.output.LayerNorm,LayerNorm,0.00803,0.375,491520.0,1536,0,8,0.00803,analytic,"[1, 128, 768]","[1, 128, 768]",1081.34,0.0,0.375,cuda_event,cuda
24,encoder.layer.0.intermediate.dense,Linear,0.12346,1.5,603979776.0,2362368,0,9,0.12346,counter,"[1, 128, 768]","[1, 128, 3072]",1081.34,0.0,1.5,cuda_event,cuda
24,encoder.layer.0.intermediate.intermediate_act_fn,GELUActivation,0.00614,1.5,0.0,0,0,10,0.00614,none,"[1, 128, 3072]","[1, 128, 3072]",1081.34,0.0,1.5,cuda_event,cuda
24,encoder.layer.0.output.dense,Linear,0.1527,0.375,603979776.0,2360064,0,11,0.1527,counter,"[1, 128, 3072]","[1, 128, 768]",1081.34,0.0,0.375,cuda_event,cuda
24,encoder.layer.0.output.LayerNorm,LayerNorm,0.00819,0.375,491520.0,1536,0,12,0.00819,analytic,"[1, 128, 768]","[1, 128, 768]",1081.34,0.0,0.375,cuda_event,cuda
24,encoder.layer.1.attention.self.query,Linear,0.05325,0.375,150994944.0,590592,0,13,0.05325,counter,"[1, 128, 768]","[1, 128, 768]",1081.34,0.0,0.375,cuda_event,cuda
24,encoder.layer.1.attention.self.key,Linear,0.05341,0.375,150994944.0,590592,0,14,0.05341,counter,"[1, 128, 768]","[1, 128, 768]",1081.34,0.0,0.375,cuda_event,cuda
24,encoder.layer.1.attention.self.value,Linear,0.05328,0.375,150994944.0,590592,0,15,0.05328,counter,"[1, 128, 768]","[1, 128, 768]",1081.34,0.0,0.375,cuda_event,cuda
24,encoder.layer.1.attention.output.dense,Linear,0.05392,0.375,150994944.0,590592,0,16,0.05392,counter,"[1, 128, 768]","[1, 128, 768]",1081.34,0.0,0.375,cuda_event,cuda
24,encoder.layer.1.attention.output.LayerNorm,LayerNorm,0.00784,0.375,491520.0,1536,0,17,0.00784,analytic,"[1, 128, 768]","[1, 128, 768]",1081.34,0.0,0.375,cuda_event,cuda
24,encoder.layer.1.intermediate.dense,Linear,0.12243,1.5,603979776.0,2362368,0,18,0.12243,counter,"[1, 128, 768]","[1, 128, 3072]",1081.34,0.0,1.5,cuda_event,cuda
24,encoder.layer.1.intermediate.intermediate_act_fn,GELUActivation,0.00787,1.5,0.0,0,0,19,0.00787,none,"[1, 128, 3072]","[1, 128, 3072]",1081.34,0.0,1.5,cuda_event,cuda
24,encoder.layer.1.output.dense,Linear,0.15408,0.375,603979776.0,2360064,0,20,0.15408,counter,"[1, 128, 3072]","[1, 128, 768]",1081.34,0.0,0.375,cuda_event,cuda
24,encoder.layer.1.output.LayerNorm,LayerNorm,0.00819,0.375,491520.0,1536,0,21,0.00819,analytic,"[1, 128, 768]","[1, 128, 768]",1081.34,0.0,0.375,cuda_event,cuda
24,encoder.layer.2.attention.self.query,Linear,0.05325,0.375,150994944.0,590592,0,22,0.05325,counter,"[1, 128, 768]","[1, 128, 768]",1081.34,0.0,0.375,cuda_event,cuda
24,encoder.layer.2.attention.self.key,Linear,0.05482,0.375,150994944.0,590592,0,23,0.05482,counter,"[1, 128, 768]","[1, 128, 768]",1081.34,0.0,0.375,cuda_event,cuda
24,encoder.layer.2.attention.self.value,Linear,0.05376,0.375,150994944.0,590592,0,24,0.05376,counter,"[1, 128, 768]","[1, 128, 768]",1081.34,0.0,0.375,cuda_event,cuda
24,encoder.layer.2.attention.output.dense,Linear,0.0553,0.375,150994944.0,590592,0,25,0.0553,counter,"[1, 128, 768]","[1, 128, 768]",1081.34,0.0,0.375,cuda_event,cuda
24,encoder.layer.2.attention.output.LayerNorm,LayerNorm,0.0079,0.375,491520.0,1536,0,26,0.0079,analytic,"[1, 128, 768]","[1, 128, 768]",1081.34,0.0,0.375,cuda_event,cuda
24,encoder.layer.2.intermediate.dense,Linear,0.12531,1.5,603979776.0,2362368,0,27,0.12531,counter,"[1, 128, 768]","[1, 128, 3072]",1081.34,0.0,1.5,cuda_event,cuda
24,encoder.layer.2.intermediate.intermediate_act_fn,GELUActivation,0.00643,1.5,0.0,0,0,28,0.00643,none,"[1, 128, 3072]","[1, 128, 3072]",1081.34,0.0,1.5,cuda_event,cuda
24,encoder.layer.2.output.dense,Linear,0.15155,0.375,603979776.0,2360064,0,29,0.15155,counter,"[1, 128, 3072]","[1, 128, 768]",1081.34,0.0,0.375,cuda_event,cuda
24,encoder.layer.2.output.LayerNorm,LayerNorm,0.00781,0.375,491520.0,1536,0,30,0.00781,analytic,"[1, 128, 768]","[1, 128, 768]",1081.34,0.0,0.375,cuda_event,cuda
24,encoder.layer.3.attention.self.query,Linear,0.05389,0.375,150994944.0,590592,0,31,0.05389,counter,"[1, 128, 768]","[1, 128, 768]",1081.34,0.0,0.375,cuda_event,cuda
24,encoder.layer.3.attention.self.key,Linear,0.05322,0.375,150994944.0,590592,0,32,0.05322,counter,"[1, 128, 768]","[1, 128, 768]",1081.34,0.0,0.375,cuda_event,cuda
24,encoder.layer.3.attention.self.value,Linear,0.05354,0.375,150994944.0,590592,0,33,0.05354,counter,"[1, 128, 768]","[1, 128, 768]",1081.34,0.0,0.375,cuda_event,cuda
24,encoder.layer.3.attention.output.dense,Linear,0.05494,0.375,150994944.0,590592,0,34,0.05494,counter,"[1, 128, 768]","[1, 128, 768]",1081.34,0.0,0.375,cuda_event,cuda
24,encoder.layer.3.attention.output.LayerNorm,LayerNorm,0.00691,0.375,491520.0,1536,0,35,0.00691,analytic,"[1, 128, 768]","[1, 128, 768]",1081.34,0.0,0.375,cuda_event,cuda
24,encoder.layer.3.intermediate.dense,Linear,0.12698,1.5,603979776.0,2362368,0,36,0.12698,counter,"[1, 128, 768]","[1, 128, 3072]",1081.34,0.0,1.5,cuda_event,cuda
24,encoder.layer.3.intermediate.intermediate_act_fn,GELUActivation,0.00739,1.5,0.0,0,0,37,0.00739,none,"[1, 128, 3072]","[1, 128, 3072]",1081.34,0.0,1.5,cuda_event,cuda
24,encoder.layer.3.output.dense,Linear,0.15456,0.375,603979776.0,2360064,0,38,0.15456,counter,"[1, 128, 3072]","[1, 128, 768]",1081.34,0.0,0.375,cuda_event,cuda
24,encoder.layer.3.output.LayerNorm,LayerNorm,0.00819,0.375,491520.0,1536,0,39,0.00819,analytic,"[1, 128, 768]","[1, 128, 768]",1081.34,0.0,0.375,cuda_event,cuda
24,encoder.layer.4.attention.self.query,Linear,0.05338,0.375,150994944.0,590592,0,40,0.05338,counter,"[1, 128, 768]","[1, 128, 768]",1081.34,0.0,0.375,cuda_event,cuda
24,encoder.layer.4.attention.self.key,Linear,0.05341,0.375,150994944.0,590592,0,41,0.05341,counter,"[1, 128, 768]","[1, 128, 768]",1081.34,0.0,0.375,cuda_event,cuda
24,encoder.layer.4.attention.self.value,Linear,0.05446,0.375,150994944.0,590592,0,42,0.05446,counter,"[1, 128, 768]","[1, 128, 768]",1081.34,0.0,0.375,cuda_event,cuda
24,encoder.layer.4.attention.output.dense,Linear,0.05325,0.375,150994944.0,590592,0,43,0.05325,counter,"[1, 128, 768]","[1, 128, 768]",1081.34,0.0,0.375,cuda_event,cuda
24,encoder.layer.4.attention.output.LayerNorm,LayerNorm,0.00797,0.375,491520.0,1536,0,44,0.00797,analytic,"[1, 128, 768]","[1, 128, 768]",1081.34,0.0,0.375,cuda_event,cuda
24,encoder.layer.4.intermediate.dense,Linear,0.12285,1.5,603979776.0,2362368,0,45,0.12285,counter,"[1, 128, 768]","[1, 128, 3072]",1081.34,0.0,1.5,cuda_event,cuda
24,encoder.layer.4.intermediate.intermediate_act_fn,GELUActivation,0.00669,1.5,0.0,0,0,46,0.00669,none,"[1, 128, 3072]","[1, 128, 3072]",1081.34,0.0,1.5,cuda_event,cuda
24,encoder.layer.4.output.dense,Linear,0.15155,0.375,603979776.0,2360064,0,47,0.15155,counter,"[1, 128, 3072]","[1, 128, 768]",1081.34,0.0,0.375,cuda_event,cuda
24,encoder.layer.4.output.LayerNorm,LayerNorm,0.00819,0.375,491520.0,1536,0,48,0.00819,analytic,"[1, 128, 768]","[1, 128, 768]",1081.34,0.0,0.375,cuda_event,cuda
24,encoder.layer.5.attention.self.query,Linear,0.05251,0.375,150994944.0,590592,0,49,0.05251,counter,"[1, 128, 768]","[1, 128, 768]",1081.34,0.0,0.375,cuda_event,cuda
24,encoder.layer.5.attention.self.key,Linear,0.05421,0.375,150994944.0,590592,0,50,0.05421,counter,"[1, 128, 768]","[1, 128, 768]",1081.34,0.0,0.375,cuda_event,cuda
24,encoder.layer.5.attention.self.value,Linear,0.05325,0.375,150994944.0,590592,0,51,0.05325,counter,"[1, 128, 768]","[1, 128, 768]",1081.34,0.0,0.375,cuda_event,cuda
24,encoder.layer.5.attention.output.dense,Linear,0.05363,0.375,150994944.0,590592,0,52,0.05363,counter,"[1, 128, 768]","[1, 128, 768]",1081.34,0.0,0.375,cuda_event,cuda
24,encoder.layer.5.attention.output.LayerNorm,LayerNorm,0.00797,0.375,491520.0,1536,0,53,0.00797,analytic,"[1, 128, 768]","[1, 128, 768]",1081.34,0.0,0.375,cuda_event,cuda
24,encoder.layer.5.intermediate.dense,Linear,0.12323,1.5,603979776.0,2362368,0,54,0.12323,counter,"[1, 128, 768]","[1, 128, 3072]",1081.34,0.0,1.5,cuda_event,cuda
24,encoder.layer.5.intermediate.intermediate_act_fn,GELUActivation,0.00784,1.5,0.0,0,0,55,0.00784,none,"[1, 128, 3072]","[1, 128, 3072]",1081.34,0.0,1.5,cuda_event,cuda
24,encoder.layer.5.output.dense,Linear,0.15411,0.375,603979776.0,2360064,0,56,0.15411,counter,"[1, 128, 3072]","[1, 128, 768]",1081.34,0.0,0.375,cuda_event,cuda
24,encoder.layer.5.output.LayerNorm,LayerNorm,0.00774,0.375,491520.0,1536,0,57,0.00774,analytic,"[1, 128, 768]","[1, 128, 768]",1081.34,0.0,0.375,cuda_event,cuda
24,encoder.layer.6.attention.self.query,Linear,0.05341,0.375,150994944.0,590592,0,58,0.05341,counter,"[1, 128, 768]","[1, 128, 768]",1081.34,0.0,0.375,cuda_event,cuda
24,encoder.layer.6.attention.self.key,Linear,0.05379,0.375,150994944.0,590592,0,59,0.05379,counter,"[1, 128, 768]","[1, 128, 768]",1081.34,0.0,0.375,cuda_event,cuda
24,encoder.layer.6.attention.self.value,Linear,0.05498,0.375,150994944.0,590592,0,60,0.05498,counter,"[1, 128, 768]","[1, 128, 768]",1081.34,0.0,0.375,cuda_event,cuda
24,encoder.layer.6.attention.output.dense,Linear,0.05446,0.375,150994944.0,590592,0,61,0.05446,counter,"[1, 128, 768]","[1, 128, 768]",1081.34,0.0,0.375,cuda_event,cuda
24,encoder.layer.6.attention.output.LayerNorm,LayerNorm,0.00816,0.375,491520.0,1536,0,62,0.00816,analytic,"[1, 128, 768]","[1, 128, 768]",1081.34,0.0,0.375,cuda_event,cuda
24,encoder.layer.6.intermediate.dense,Linear,0.12442,1.5,603979776.0,2362368,0,63,0.12442,counter,"[1, 128, 768]","[1, 128, 3072]",1081.34,0.0,1.5,cuda_event,cuda
24,encoder.layer.6.intermediate.intermediate_act_fn,GELUActivation,0.00682,1.5,0.0,0,0,64,0.00682,none,"[1, 128, 3072]","[1, 128, 3072]",1081.34,0.0,1.5,cuda_event,cuda
24,encoder.layer.6.output.dense,Linear,0.15526,0.375,603979776.0,2360064,0,65,0.15526,counter,"[1, 128, 3072]","[1, 128, 768]",1081.34,0.0,0.375,cuda_event,cuda
24,encoder.layer.6.output.LayerNorm,LayerNorm,0.00819,0.375,491520.0,1536,0,66,0.00819,analytic,"[1, 128, 768]","[1, 128, 768]",1081.34,0.0,0.375,cuda_event,cuda
24,encoder.layer.7.attention.self.query,Linear,0.05325,0.375,150994944.0,590592,0,67,0.05325,counter,"[1, 128, 768]","[1, 128, 768]",1081.34,0.0,0.375,cuda_event,cuda
24,encoder.layer.7.attention.self.key,Linear,0.05325,0.375,150994944.0,590592,0,68,0.05325,counter,"[1, 128, 768]","[1, 128, 768]",1081.34,0.0,0.375,cuda_event,cuda
24,encoder.layer.7.attention.self.value,Linear,0.05462,0.375,150994944.0,590592,0,69,0.05462,counter,"[1, 128, 768]","[1, 128, 768]",1081.34,0.0,0.375,cuda_event,cuda
24,encoder.layer.7.attention.output.dense,Linear,0.0545,0.375,150994944.0,590592,0,70,0.0545,counter,"[1, 128, 768]","[1, 128, 768]",1081.34,0.0,0.375,cuda_event,cuda
24,encoder.layer.7.attention.output.LayerNorm,LayerNorm,0.00819,0.375,491520.0,1536,0,71,0.00819,analytic,"[1, 128, 768]","[1, 128, 768]",1081.34,0.0,0.375,cuda_event,cuda
24,encoder.layer.7.intermediate.dense,Linear,0.12272,1.5,603979776.0,2362368,0,72,0.12272,counter,"[1, 128, 768]","[1, 128, 3072]",1081.34,0.0,1.5,cuda_event,cuda
24,encoder.layer.7.intermediate.intermediate_act_fn,GELUActivation,0.00643,1.5,0.0,0,0,73,0.00643,none,"[1, 128, 3072]","[1, 128, 3072]",1081.34,0.0,1.5,cuda_event,cuda
24,encoder.layer.7.output.dense,Linear,0.15533,0.375,603979776.0,2360064,0,74,0.15533,counter,"[1, 128, 3072]","[1, 128, 768]",1081.34,0.0,0.375,cuda_event,cuda
24,encoder.layer.7.output.LayerNorm,LayerNorm,0.00819,0.375,491520.0,1536,0,75,0.00819,analytic,"[1, 128, 768]","[1, 128, 768]",1081.34,0.0,0.375,cuda_event,cuda
24,encoder.layer.8.attention.self.query,Linear,0.05325,0.375,150994944.0,590592,0,76,0.05325,counter,"[1, 128, 768]","[1, 128, 768]",1081.34,0.0,0.375,cuda_event,cuda
24,encoder.layer.8.attention.self.key,Linear,0.05325,0.375,150994944.0,590592,0,77,0.05325,counter,"[1, 128, 768]","[1, 128, 768]",1081.34,0.0,0.375,cuda_event,cuda
24,encoder.layer.8.attention.self.value,Linear,0.05373,0.375,150994944.0,590592,0,78,0.05373,counter,"[1, 128, 768]","[1, 128, 768]",1081.34,0.0,0.375,cuda_event,cuda
24,encoder.layer.8.attention.output.dense,Linear,0.05475,0.375,150994944.0,590592,0,79,0.05475,counter,"[1, 128, 768]","[1, 128, 768]",1081.34,0.0,0.375,cuda_event,cuda
24,encoder.layer.8.attention.output.LayerNorm,LayerNorm,0.00819,0.375,491520.0,1536,0,80,0.00819,analytic,"[1, 128, 768]","[1, 128, 768]",1081.34,0.0,0.375,cuda_event,cuda
24,encoder.layer.8.intermediate.dense,Linear,0.1247,1.5,603979776.0,2362368,0,81,0.1247,counter,"[1, 128, 768]","[1, 128, 3072]",1081.34,0.0,1.5,cuda_event,cuda
24,encoder.layer.8.intermediate.intermediate_act_fn,GELUActivation,0.00653,1.5,0.0,0,0,82,0.00653,none,"[1, 128, 3072]","[1, 128, 3072]",1081.34,0.0,1.5,cuda_event,cuda
24,encoder.layer.8.output.dense,Linear,0.1536,0.375,603979776.0,2360064,0,83,0.1536,counter,"[1, 128, 3072]","[1, 128, 768]",1081.34,0.0,0.375,cuda_event,cuda
24,encoder.layer.8.output.LayerNorm,LayerNorm,0.00781,0.375,491520.0,1536,0,84,0.00781,analytic,"[1, 128, 768]","[1, 128, 768]",1081.34,0.0,0.375,cuda_event,cuda
24,encoder.layer.9.attention.self.query,Linear,0.0528,0.375,150994944.0,590592,0,85,0.0528,counter,"[1, 128, 768]","[1, 128, 768]",1081.34,0.0,0.375,cuda_event,cuda
24,encoder.layer.9.attention.self.key,Linear,0.05462,0.375,150994944.0,590592,0,86,0.05462,counter,"[1, 128, 768]","[1, 128, 768]",1081.34,0.0,0.375,cuda_event,cuda
24,encoder.layer.9.attention.self.value,Linear,0.05405,0.375,150994944.0,590592,0,87,0.05405,counter,"[1, 128, 768]","[1, 128, 768]",1081.34,0.0,0.375,cuda_event,cuda
24,encoder.layer.9.attention.output.dense,Linear,0.05478,0.375,150994944.0,590592,0,88,0.05478,counter,"[1, 128, 768]","[1, 128, 768]",1081.34,0.0,0.375,cuda_event,cuda
24,encoder.layer.9.attention.output.LayerNorm,LayerNorm,0.00819,0.375,491520.0,1536,0,89,0.00819,analytic,"[1, 128, 768]","[1, 128, 768]",1081.34,0.0,0.375,cuda_event,cuda
24,encoder.layer.9.intermediate.dense,Linear,0.12493,1.5,603979776.0,2362368,0,90,0.12493,counter,"[1, 128, 768]","[1, 128, 3072]",1081.34,0.0,1.5,cuda_event,cuda
24,encoder.layer.9.intermediate.intermediate_act_fn,GELUActivation,0.00621,1.5,0.0,0,0,91,0.00621,none,"[1, 128, 3072]","[1, 128, 3072]",1081.34,0.0,1.5,cuda_event,cuda
24,encoder.layer.9.output.dense,Linear,0.15482,0.375,603979776.0,2360064,0,92,0.15482,counter,"[1, 128, 3072]","[1, 128, 768]",1081.34,0.0,0.375,cuda_event,cuda
24,encoder.layer.9.output.LayerNorm,LayerNorm,0.00819,0.375,491520.0,1536,0,93,0.00819,analytic,"[1, 128, 768]","[1, 128, 768]",1081.34,0.0,0.375,cuda_event,cuda
24,encoder.layer.10.attention.self.query,Linear,0.05293,0.375,150994944.0,590592,0,94,0.05293,counter,"[1, 128, 768]","[1, 128, 768]",1081.34,0.0,0.375,cuda_event,cuda
24,encoder.layer.10.attention.self.key,Linear,0.05373,0.375,150994944.0,590592,0,95,0.05373,counter,"[1, 128, 768]","[1, 128, 768]",1081.34,0.0,0.375,cuda_event,cuda
24,encoder.layer.10.attention.self.value,Linear,0.05325,0.375,150994944.0,590592,0,96,0.05325,counter,"[1, 128, 768]","[1, 128, 768]",1081.34,0.0,0.375,cuda_event,cuda
24,encoder.layer.10.attention.output.dense,Linear,0.05469,0.375,150994944.0,590592,0,97,0.05469,counter,"[1, 128, 768]","[1, 128, 768]",1081.34,0.0,0.375,cuda_event,cuda
24,encoder.layer.10.attention.output.LayerNorm,LayerNorm,0.00819,0.375,491520.0,1536,0,98,0.00819,analytic,"[1, 128, 768]","[1, 128, 768]",1081.34,0.0,0.375,cuda_event,cuda
24,encoder.layer.10.intermediate.dense,Linear,0.12493,1.5,603979776.0,2362368,0,99,0.12493,counter,"[1, 128, 768]","[1, 128, 3072]",1081.34,0.0,1.5,cuda_event,cuda
24,encoder.layer.10.intermediate.intermediate_act_fn,GELUActivation,0.00614,1.5,0.0,0,0,100,0.00614,none,"[1, 128, 3072]","[1, 128, 3072]",1081.34,0.0,1.5,cuda_event,cuda
24,encoder.layer.10.output.dense,Linear,0.1553,0.375,603979776.0,2360064,0,101,0.1553,counter,"[1, 128, 3072]","[1, 128, 768]",1081.34,0.0,0.375,cuda_event,cuda
24,encoder.layer.10.output.LayerNorm,LayerNorm,0.00819,0.375,491520.0,1536,0,102,0.00819,analytic,"[1, 128, 768]","[1, 128, 768]",1081.34,0.0,0.375,cuda_event,cuda
24,encoder.layer.11.attention.self.query,Linear,0.0551,0.375,150994944.0,590592,0,103,0.0551,counter,"[1, 128, 768]","[1, 128, 768]",1081.34,0.0,0.375,cuda_event,cuda
24,encoder.layer.11.attention.self.key,Linear,0.0536,0.375,150994944.0,590592,0,104,0.0536,counter,"[1, 128, 768]","[1, 128, 768]",1081.34,0.0,0.375,cuda_event,cuda
24,encoder.layer.11.attention.self.value,Linear,0.05469,0.375,150994944.0,590592,0,105,0.05469,counter,"[1, 128, 768]","[1, 128, 768]",1081.34,0.0,0.375,cuda_event,cuda
24,encoder.layer.11.attention.output.dense,Linear,0.05491,0.375,150994944.0,590592,0,106,0.05491,counter,"[1, 128, 768]","[1, 128, 768]",1081.34,0.0,0.375,cuda_event,cuda
24,encoder.layer.11.attention.output.LayerNorm,LayerNorm,0.00781,0.375,491520.0,1536,0,107,0.00781,analytic,"[1, 128, 768]","[1, 128, 768]",1081.34,0.0,0.375,cuda_event,cuda
24,encoder.layer.11.intermediate.dense,Linear,0.12509,1.5,603979776.0,2362368,0,108,0.12509,counter,"[1, 128, 768]","[1, 128, 3072]",1081.34,0.0,1.5,cuda_event,cuda
24,encoder.layer.11.intermediate.intermediate_act_fn,GELUActivation,0.00685,1.5,0.0,0,0,109,0.00685,none,"[1, 128, 3072]","[1, 128, 3072]",1081.34,0.0,1.5,cuda_event,cuda
24,encoder.layer.11.output.dense,Linear,0.15341,0.375,603979776.0,2360064,0,110,0.15341,counter,"[1, 128, 3072]","[1, 128, 768]",1081.34,0.0,0.375,cuda_event,cuda
24,encoder.layer.11.output.LayerNorm,LayerNorm,0.00704,0.375,491520.0,1536,0,111,0.00704,analytic,"[1, 128, 768]","[1, 128, 768]",1081.34,0.0,0.375,cuda_event,cuda
24,pooler.dense,Linear,0.01434,0.00293,1179648.0,590592,0,112,0.01434,counter,"[1, 768]","[1, 768]",1081.34,0.0,0.003,cuda_event,cuda
24,pooler.activation,Tanh,0.0041,0.00293,3072.0,0,0,113,0.0041,analytic,"[1, 768]","[1, 768]",1081.34,0.0,0.003,cuda_event,cuda
25,embeddings.word_embeddings,Embedding,0.00611,0.375,0.0,23440896,0,0,0.00611,none,"[1, 128]","[1, 128, 768]",1081.34,0.0,0.375,cuda_event,cuda
25,embeddings.token_type_embeddings,Embedding,0.0047,0.375,0.0,1536,0,1,0.0047,none,"[1, 128]","[1, 128, 768]",1081.34,0.0,0.375,cuda_event,cuda
25,embeddings.position_embeddings,Embedding,0.00614,0.375,0.0,393216,0,2,0.00614,none,"[1, 128]","[1, 128, 768]",1081.34,0.0,0.375,cuda_event,cuda
25,embeddings.LayerNorm,LayerNorm,0.00819,0.375,491520.0,1536,0,3,0.00819,analytic,"[1, 128, 768]","[1, 128, 768]",1081.34,0.0,0.375,cuda_event,cuda
25,encoder.layer.0.attention.self.query,Linear,0.05478,0.375,150994944.0,590592,0,4,0.05478,counter,"[1, 128, 768]","[1, 128, 768]",1081.34,0.0,0.375,cuda_event,cuda
25,encoder.layer.0.attention.self.key,Linear,0.05392,0.375,150994944.0,590592,0,5,0.05392,counter,"[1, 128, 768]","[1, 128, 768]",1081.34,0.0,0.375,cuda_event,cuda
25,encoder.layer.0.attention.self.value,Linear,0.05501,0.375,150994944.0,590592,0,6,0.05501,counter,"[1, 128, 768]","[1, 128, 768]",1081.34,0.0,0.375,cuda_event,cuda
25,encoder.layer.0.attention.output.dense,Linear,0.05325,0.375,150994944.0,590592,0,7,0.05325,counter,"[1, 128, 768]","[1, 128, 768]",1081.34,0.0,0.375,cuda_event,cuda
25,encoder.layer.0.attention.output.LayerNorm,LayerNorm,0.00806,0.375,491520.0,1536,0,8,0.00806,analytic,"[1, 128, 768]","[1, 128, 768]",1081.34,0.0,0.375,cuda_event,cuda
25,encoder.layer.0.intermediate.dense,Linear,0.12493,1.5,603979776.0,2362368,0,9,0.12493,counter,"[1, 128, 768]","[1, 128, 3072]",1081.34,0.0,1.5,cuda_event,cuda
25,encoder.layer.0.intermediate.intermediate_act_fn,GELUActivation,0.00758,1.5,0.0,0,0,10,0.00758,none,"[1, 128, 3072]","[1, 128, 3072]",1081.34,0.0,1.5,cuda_event,cuda
25,encoder.layer.0.output.dense,Linear,0.15344,0.375,603979776.0,2360064,0,11,0.15344,counter,"[1, 128, 3072]","[1, 128, 768]",1081.34,0.0,0.375,cuda_event,cuda
25,encoder.layer.0.output.LayerNorm,LayerNorm,0.00717,0.375,491520.0,1536,0,12,0.00717,analytic,"[1, 128, 768]","[1, 128, 768]",1081.34,0.0,0.375,cuda_event,cuda
25,encoder.layer.1.attention.self.query,Linear,0.05322,0.375,150994944.0,590592,0,13,0.05322,counter,"[1, 128, 768]","[1, 128, 768]",1081.34,0.0,0.375,cuda_event,cuda
25,encoder.layer.1.attention.self.key,Linear,0.05293,0.375,150994944.0,590592,0,14,0.05293,counter,"[1, 128, 768]","[1, 128, 768]",1081.34,0.0,0.375,cuda_event,cuda
25,encoder.layer.1.attention.self.value,Linear,0.05386,0.375,150994944.0,590592,0,15,0.05386,counter,"[1, 128, 768]","[1, 128, 768]",1081.34,0.0,0.375,cuda_event,cuda
25,encoder.layer.1.attention.output.dense,Linear,0.0543,0.375,150994944.0,590592,0,16,0.0543,counter,"[1, 128, 768]","[1, 128, 768]",1081.34,0.0,0.375,cuda_event,cuda
25,encoder.layer.1.attention.output.LayerNorm,LayerNorm,0.00819,0.375,491520.0,1536,0,17,0.00819,analytic,"[1, 128, 768]","[1, 128, 768]",1081.34,0.0,0.375,cuda_event,cuda
25,encoder.layer.1.intermediate.dense,Linear,0.12493,1.5,603979776.0,2362368,0,18,0.12493,counter,"[1, 128, 768]","[1, 128, 3072]",1081.34,0.0,1.5,cuda_event,cuda
25,encoder.layer.1.intermediate.intermediate_act_fn,GELUActivation,0.00771,1.5,0.0,0,0,19,0.00771,none,"[1, 128, 3072]","[1, 128, 3072]",1081.34,0.0,1.5,cuda_event,cuda
25,encoder.layer.1.output.dense,Linear,0.15408,0.375,603979776.0,2360064,0,20,0.15408,counter,"[1, 128, 3072]","[1, 128, 768]",1081.34,0.0,0.375,cuda_event,cuda
25,encoder.layer.1.output.LayerNorm,LayerNorm,0.00816,0.375,491520.0,1536,0,21,0.00816,analytic,"[1, 128, 768]","[1, 128, 768]",1081.34,0.0,0.375,cuda_event,cuda
25,encoder.layer.2.attention.self.query,Linear,0.05357,0.375,150994944.0,590592,0,22,0.05357,counter,"[1, 128, 768]","[1, 128, 768]",1081.34,0.0,0.375,cuda_event,cuda
25,encoder.layer.2.attention.self.key,Linear,0.05437,0.375,150994944.0,590592,0,23,0.05437,counter,"[1, 128, 768]","[1, 128, 768]",1081.34,0.0,0.375,cuda_event,cuda
25,encoder.layer.2.attention.self.value,Linear,0.0552,0.375,150994944.0,590592,0,24,0.0552,counter,"[1, 128, 768]","[1, 128, 768]",1081.34,0.0,0.375,cuda_event,cuda
25,encoder.layer.2.attention.output.dense,Linear,0.05376,0.375,150994944.0,590592,0,25,0.05376,counter,"[1, 128, 768]","[1, 128, 768]",1081.34,0.0,0.375,cuda_event,cuda
25,encoder.layer.2.attention.output.LayerNorm,LayerNorm,0.00794,0.375,491520.0,1536,0,26,0.00794,analytic,"[1, 128, 768]","[1, 128, 768]",1081.34,0.0,0.375,cuda_event,cuda
25,encoder.layer.2.intermediate.dense,Linear,0.12477,1.5,603979776.0,2362368,0,27,0.12477,counter,"[1, 128, 768]","[1, 128, 3072]",1081.34,0.0,1.5,cuda_event,cuda
25,encoder.layer.2.intermediate.intermediate_act_fn,GELUActivation,0.00643,1.5,0.0,0,0,28,0.00643,none,"[1, 128, 3072]","[1, 128, 3072]",1081.34,0.0,1.5,cuda_event,cuda
25,encoder.layer.2.output.dense,Linear,0.1535,0.375,603979776.0,2360064,0,29,0.1535,counter,"[1, 128, 3072]","[1, 128, 768]",1081.34,0.0,0.375,cuda_event,cuda
25,encoder.layer.2.output.LayerNorm,LayerNorm,0.00797,0.375,491520.0,1536,0,30,0.00797,analytic,"[1, 128, 768]","[1, 128, 768]",1081.34,0.0,0.375,cuda_event,cuda
25,encoder.layer.3.attention.self.query,Linear,0.05322,0.375,150994944.0,590592,0,31,0.05322,counter,"[1, 128, 768]","[1, 128, 768]",1081.34,0.0,0.375,cuda_event,cuda
25,encoder.layer.3.attention.self.key,Linear,0.05507,0.375,150994944.0,590592,0,32,0.05507,counter,"[1, 128, 768]","[1, 128, 768]",1081.34,0.0,0.375,cuda_event,cuda
25,encoder.layer.3.attention.self.value,Linear,0.05379,0.375,150994944.0,590592,0,33,0.05379,counter,"[1, 128, 768]","[1, 128, 768]",1081.34,0.0,0.375,cuda_event,cuda
25,encoder.layer.3.attention.output.dense,Linear,0.05338,0.375,150994944.0,590592,0,34,0.05338,counter,"[1, 128, 768]","[1, 128, 768]",1081.34,0.0,0.375,cuda_event,cuda
25,encoder.layer.3.attention.output.LayerNorm,LayerNorm,0.00774,0.375,491520.0,1536,0,35,0.00774,analytic,"[1, 128, 768]","[1, 128, 768]",1081.34,0.0,0.375,cuda_event,cuda
25,encoder.layer.3.intermediate.dense,Linear,0.12493,1.5,603979776.0,2362368,0,36,0.12493,counter,"[1, 128, 768]","[1, 128, 3072]",1081.34,0.0,1.5,cuda_event,cuda
25,encoder.layer.3.intermediate.intermediate_act_fn,GELUActivation,0.00694,1.5,0.0,0,0,37,0.00694,none,"[1, 128, 3072]","[1, 128, 3072]",1081.34,0.0,1.5,cuda_event,cuda
25,encoder.layer.3.output.dense,Linear,0.1536,0.375,603979776.0,2360064,0,38,0.1536,counter,"[1, 128, 3072]","[1, 128, 768]",1081.34,0.0,0.375,cuda_event,cuda
25,encoder.layer.3.output.LayerNorm,LayerNorm,0.00797,0.375,491520.0,1536,0,39,0.00797,analytic,"[1, 128, 768]","[1, 128, 768]",1081.34,0.0,0.375,cuda_event,cuda
25,encoder.layer.4.attention.self.query,Linear,0.05267,0.375,150994944.0,590592,0,40,0.05267,counter,"[1, 128, 768]","[1, 128, 768]",1081.34,0.0,0.375,cuda_event,cuda
25,encoder.layer.4.attention.self.key,Linear,0.05466,0.375,150994944.0,590592,0,41,0.05466,counter,"[1, 128, 768]","[1, 128, 768]",1081.34,0.0,0.375,cuda_event,cuda
25,encoder.layer.4.attention.self.value,Linear,0.05395,0.375,150994944.0,590592,0,42,0.05395,counter,"[1, 128, 768]","[1, 128, 768]",1081.34,0.0,0.375,cuda_event,cuda
25,encoder.layer.4.attention.output.dense,Linear,0.0537,0.375,150994944.0,590592,0,43,0.0537,counter,"[1, 128, 768]","[1, 128, 768]",1081.34,0.0,0.375,cuda_event,cuda
25,encoder.layer.4.attention.output.LayerNorm,LayerNorm,0.00797,0.375,491520.0,1536,0,44,0.00797,analytic,"[1, 128, 768]","[1, 128, 768]",1081.34,0.0,0.375,cuda_event,cuda
25,encoder.layer.4.intermediate.dense,Linear,0.12262,1.5,603979776.0,2362368,0,45,0.12262,counter,"[1, 128, 768]","[1, 128, 3072]",1081.34,0.0,1.5,cuda_event,cuda
25,encoder.layer.4.intermediate.intermediate_act_fn,GELUActivation,0.00669,1.5,0.0,0,0,46,0.00669,none,"[1, 128, 3072]","[1, 128, 3072]",1081.34,0.0,1.5,cuda_event,cuda
25,encoder.layer.4.output.dense,Linear,0.15283,0.375,603979776.0,2360064,0,47,0.15283,counter,"[1, 128, 3072]","[1, 128, 768]",1081.34,0.0,0.375,cuda_event,cuda
25,encoder.layer.4.output.LayerNorm,LayerNorm,0.00698,0.375,491520.0,1536,0,48,0.00698,analytic,"[1, 128, 768]","[1, 128, 768]",1081.34,0.0,0.375,cuda_event,cuda
25,encoder.layer.5.attention.self.query,Linear,0.05325,0.375,150994944.0,590592,0,49,0.05325,counter,"[1, 128, 768]","[1, 128, 768]",1081.34,0.0,0.375,cuda_event,cuda
25,encoder.layer.5.attention.self.key,Linear,0.05459,0.375,150994944.0,590592,0,50,0.05459,counter,"[1, 128, 768]","[1, 128, 768]",1081.34,0.0,0.375,cuda_event,cuda
25,encoder.layer.5.attention.self.value,Linear,0.05398,0.375,150994944.0,590592,0,51,0.05398,counter,"[1, 128, 768]","[1, 128, 768]",1081.34,0.0,0.375,cuda_event,cuda
25,encoder.layer.5.attention.output.dense,Linear,0.05382,0.375,150994944.0,590592,0,52,0.05382,counter,"[1, 128, 768]","[1, 128, 768]",1081.34,0.0,0.375,cuda_event,cuda
25,encoder.layer.5.attention.output.LayerNorm,LayerNorm,0.00717,0.375,491520.0,1536,0,53,0.00717,analytic,"[1, 128, 768]","[1, 128, 768]",1081.34,0.0,0.375,cuda_event,cuda
25,encoder.layer.5.intermediate.dense,Linear,0.12493,1.5,603979776.0,2362368,0,54,0.12493,counter,"[1, 128, 768]","[1, 128, 3072]",1081.34,0.0,1.5,cuda_event,cuda
25,encoder.layer.5.intermediate.intermediate_act_fn,GELUActivation,0.00758,1.5,0.0,0,0,55,0.00758,none,"[1, 128, 3072]","[1, 128, 3072]",1081.34,0.0,1.5,cuda_event,cuda
25,encoder.layer.5.output.dense,Linear,0.15232,0.375,603979776.0,2360064,0,56,0.15232,counter,"[1, 128, 3072]","[1, 128, 768]",1081.34,0.0,0.375,cuda_event,cuda
25,encoder.layer.5.output.LayerNorm,LayerNorm,0.00826,0.375,491520.0,1536,0,57,0.00826,analytic,"[1, 128, 768]","[1, 128, 768]",1081.34,0.0,0.375,cuda_event,cuda
25,encoder.layer.6.attention.self.query,Linear,0.05325,0.375,150994944.0,590592,0,58,0.05325,counter,"[1, 128, 768]","[1, 128, 768]",1081.34,0.0,0.375,cuda_event,cuda
25,encoder.layer.6.attention.self.key,Linear,0.0536,0.375,150994944.0,590592,0,59,0.0536,counter,"[1, 128, 768]","[1, 128, 768]",1081.34,0.0,0.375,cuda_event,cuda
25,encoder.layer.6.attention.self.value,Linear,0.05504,0.375,150994944.0,590592,0,60,0.05504,counter,"[1, 128, 768]","[1, 128, 768]",1081.34,0.0,0.375,cuda_event,cuda
25,encoder.layer.6.attention.output.dense,Linear,0.0553,0.375,150994944.0,590592,0,61,0.0553,counter,"[1, 128, 768]","[1, 128, 768]",1081.34,0.0,0.375,cuda_event,cuda
25,encoder.layer.6.attention.output.LayerNorm,LayerNorm,0.00784,0.375,491520.0,1536,0,62,0.00784,analytic,"[1, 128, 768]","[1, 128, 768]",1081.34,0.0,0.375,cuda_event,cuda
25,encoder.layer.6.intermediate.dense,Linear,0.12592,1.5,603979776.0,2362368,0,63,0.12592,counter,"[1, 128, 768]","[1, 128, 3072]",1081.34,0.0,1.5,cuda_event,cuda
25,encoder.layer.6.intermediate.intermediate_act_fn,GELUActivation,0.00765,1.5,0.0,0,0,64,0.00765,none,"[1, 128, 3072]","[1, 128, 3072]",1081.34,0.0,1.5,cuda_event,cuda
25,encoder.layer.6.output.dense,Linear,0.15226,0.375,603979776.0,2360064,0,65,0.15226,counter,"[1, 128, 3072]","[1, 128, 768]",1081.34,0.0,0.375,cuda_event,cuda
25,encoder.layer.6.output.LayerNorm,LayerNorm,0.00819,0.375,491520.0,1536,0,66,0.00819,analytic,"[1, 128, 768]","[1, 128, 768]",1081.34,0.0,0.375,cuda_event,cuda
25,encoder.layer.7.attention.self.query,Linear,0.05331,0.375,150994944.0,590592,0,67,0.05331,counter,"[1, 128, 768]","[1, 128, 768]",1081.34,0.0,0.375,cuda_event,cuda
25,encoder.layer.7.attention.self.key,Linear,0.05325,0.375,150994944.0,590592,0,68,0.05325,counter,"[1, 128, 768]","[1, 128, 768]",1081.34,0.0,0.375,cuda_event,cuda
25,encoder.layer.7.attention.self.value,Linear,0.05325,0.375,150994944.0,590592,0,69,0.05325,counter,"[1, 128, 768]","[1, 128, 768]",1081.34,0.0,0.375,cuda_event,cuda
25,encoder.layer.7.attention.output.dense,Linear,0.05341,0.375,150994944.0,590592,0,70,0.05341,counter,"[1, 128, 768]","[1, 128, 768]",1081.34,0.0,0.375,cuda_event,cuda
25,encoder.layer.7.attention.output.LayerNorm,LayerNorm,0.00813,0.375,491520.0,1536,0,71,0.00813,analytic,"[1, 128, 768]","[1, 128, 768]",1081.34,0.0,0.375,cuda_event,cuda
25,encoder.layer.7.intermediate.dense,Linear,0.12435,1.5,603979776.0,2362368,0,72,0.12435,counter,"[1, 128, 768]","[1, 128, 3072]",1081.34,0.0,1.5,cuda_event,cuda
25,encoder.layer.7.intermediate.intermediate_act_fn,GELUActivation,0.00685,1.5,0.0,0,0,73,0.00685,none,"[1, 128, 3072]","[1, 128, 3072]",1081.34,0.0,1.5,cuda_event,cuda
25,encoder.layer.7.output.dense,Linear,0.15293,0.375,603979776.0,2360064,0,74,0.15293,counter,"[1, 128, 3072]","[1, 128, 768]",1081.34,0.0,0.375,cuda_event,cuda
25,encoder.layer.7.output.LayerNorm,LayerNorm,0.00714,0.375,491520.0,1536,0,75,0.00714,analytic,"[1, 128, 768]","[1, 128, 768]",1081.34,0.0,0.375,cuda_event,cuda
25,encoder.layer.8.attention.self.query,Linear,0.05238,0.375,150994944.0,590592,0,76,0.05238,counter,"[1, 128, 768]","[1, 128, 768]",1081.34,0.0,0.375,cuda_event,cuda
25,encoder.layer.8.attention.self.key,Linear,0.05226,0.375,150994944.0,590592,0,77,0.05226,counter,"[1, 128, 768]","[1, 128, 768]",1081.34,0.0,0.375,cuda_event,cuda
25,encoder.layer.8.attention.self.value,Linear,0.05366,0.375,150994944.0,590592,0,78,0.05366,counter,"[1, 128, 768]","[1, 128, 768]",1081.34,0.0,0.375,cuda_event,cuda
25,encoder.layer.8.attention.output.dense,Linear,0.05488,0.375,150994944.0,590592,0,79,0.05488,counter,"[1, 128, 768]","[1, 128, 768]",1081.34,0.0,0.375,cuda_event,cuda
25,encoder.layer.8.attention.output.LayerNorm,LayerNorm,0.00794,0.375,491520.0,1536,0,80,0.00794,analytic,"[1, 128, 768]","[1, 128, 768]",1081.34,0.0,0.375,cuda_event,cuda
25,encoder.layer.8.intermediate.dense,Linear,0.1249,1.5,603979776.0,2362368,0,81,0.1249,counter,"[1, 128, 768]","[1, 128, 3072]",1081.34,0.0,1.5,cuda_event,cuda
25,encoder.layer.8.intermediate.intermediate_act_fn,GELUActivation,0.00627,1.5,0.0,0,0,82,0.00627,none,"[1, 128, 3072]","[1, 128, 3072]",1081.34,0.0,1.5,cuda_event,cuda
25,encoder.layer.8.output.dense,Linear,0.15565,0.375,603979776.0,2360064,0,83,0.15565,counter,"[1, 128, 3072]","[1, 128, 768]",1081.34,0.0,0.375,cuda_event,cuda
25,encoder.layer.8.output.LayerNorm,LayerNorm,0.00819,0.375,491520.0,1536,0,84,0.00819,analytic,"[1, 128, 768]","[1, 128, 768]",1081.34,0.0,0.375,cuda_event,cuda
25,encoder.layer.9.attention.self.query,Linear,0.05325,0.375,150994944.0,590592,0,85,0.05325,counter,"[1, 128, 768]","[1, 128, 768]",1081.34,0.0,0.375,cuda_event,cuda
25,encoder.layer.9.attention.self.key,Linear,0.0553,0.375,150994944.0,590592,0,86,0.0553,counter,"[1, 128, 768]","[1, 128, 768]",1081.34,0.0,0.375,cuda_event,cuda
25,encoder.layer.9.attention.self.value,Linear,0.05325,0.375,150994944.0,590592,0,87,0.05325,counter,"[1, 128, 768]","[1, 128, 768]",1081.34,0.0,0.375,cuda_event,cuda
25,encoder.layer.9.attention.output.dense,Linear,0.05334,0.375,150994944.0,590592,0,88,0.05334,counter,"[1, 128, 768]","[1, 128, 768]",1081.34,0.0,0.375,cuda_event,cuda
25,encoder.layer.9.attention.output.LayerNorm,LayerNorm,0.00781,0.375,491520.0,1536,0,89,0.00781,analytic,"[1, 128, 768]","[1, 128, 768]",1081.34,0.0,0.375,cuda_event,cuda
25,encoder.layer.9.intermediate.dense,Linear,0.12365,1.5,603979776.0,2362368,0,90,0.12365,counter,"[1, 128, 768]","[1, 128, 3072]",1081.34,0.0,1.5,cuda_event,cuda
25,encoder.layer.9.intermediate.intermediate_act_fn,GELUActivation,0.00736,1.5,0.0,0,0,91,0.00736,none,"[1, 128, 3072]","[1, 128, 3072]",1081.34,0.0,1.5,cuda_event,cuda
25,encoder.layer.9.output.dense,Linear,0.15606,0.375,603979776.0,2360064,0,92,0.15606,counter,"[1, 128, 3072]","[1, 128, 768]",1081.34,0.0,0.375,cuda_event,cuda
25,encoder.layer.9.output.LayerNorm,LayerNorm,0.00701,0.375,491520.0,1536,0,93,0.00701,analytic,"[1, 128, 768]","[1, 128, 768]",1081.34,0.0,0.375,cuda_event,cuda
25,encoder.layer.10.attention.self.query,Linear,0.05325,0.375,150994944.0,590592,0,94,0.05325,counter,"[1, 128, 768]","[1, 128, 768]",1081.34,0.0,0.375,cuda_event,cuda
25,encoder.layer.10.attention.self.key,Linear,0.0551,0.375,150994944.0,590592,0,95,0.0551,counter,"[1, 128, 768]","[1, 128, 768]",1081.34,0.0,0.375,cuda_event,cuda
25,encoder.layer.10.attention.self.value,Linear,0.05344,0.375,150994944.0,590592,0,96,0.05344,counter,"[1, 128, 768]","[1, 128, 768]",1081.34,0.0,0.375,cuda_event,cuda
25,encoder.layer.10.attention.output.dense,Linear,0.05453,0.375,150994944.0,590592,0,97,0.05453,counter,"[1, 128, 768]","[1, 128, 768]",1081.34,0.0,0.375,cuda_event,cuda
25,encoder.layer.10.attention.output.LayerNorm,LayerNorm,0.00819,0.375,491520.0,1536,0,98,0.00819,analytic,"[1, 128, 768]","[1, 128, 768]",1081.34,0.0,0.375,cuda_event,cuda
25,encoder.layer.10.intermediate.dense,Linear,0.12288,1.5,603979776.0,2362368,0,99,0.12288,counter,"[1, 128, 768]","[1, 128, 3072]",1081.34,0.0,1.5,cuda_event,cuda
25,encoder.layer.10.intermediate.intermediate_act_fn,GELUActivation,0.00774,1.5,0.0,0,0,100,0.00774,none,"[1, 128, 3072]","[1, 128, 3072]",1081.34,0.0,1.5,cuda_event,cuda
25,encoder.layer.10.output.dense,Linear,0.15341,0.375,603979776.0,2360064,0,101,0.15341,counter,"[1, 128, 3072]","[1, 128, 768]",1081.34,0.0,0.375,cuda_event,cuda
25,encoder.layer.10.output.LayerNorm,LayerNorm,0.00819,0.375,491520.0,1536,0,102,0.00819,analytic,"[1, 128, 768]","[1, 128, 768]",1081.34,0.0,0.375,cuda_event,cuda
25,encoder.layer.11.attention.self.query,Linear,0.05245,0.375,150994944.0,590592,0,103,0.05245,counter,"[1, 128, 768]","[1, 128, 768]",1081.34,0.0,0.375,cuda_event,cuda
25,encoder.layer.11.attention.self.key,Linear,0.0537,0.375,150994944.0,590592,0,104,0.0537,counter,"[1, 128, 768]","[1, 128, 768]",1081.34,0.0,0.375,cuda_event,cuda
25,encoder.layer.11.attention.self.value,Linear,0.05389,0.375,150994944.0,590592,0,105,0.05389,counter,"[1, 128, 768]","[1, 128, 768]",1081.34,0.0,0.375,cuda_event,cuda
25,encoder.layer.11.attention.output.dense,Linear,0.05341,0.375,150994944.0,590592,0,106,0.05341,counter,"[1, 128, 768]","[1, 128, 768]",1081.34,0.0,0.375,cuda_event,cuda
25,encoder.layer.11.attention.output.LayerNorm,LayerNorm,0.00774,0.375,491520.0,1536,0,107,0.00774,analytic,"[1, 128, 768]","[1, 128, 768]",1081.34,0.0,0.375,cuda_event,cuda
25,encoder.layer.11.intermediate.dense,Linear,0.12157,1.5,603979776.0,2362368,0,108,0.12157,counter,"[1, 128, 768]","[1, 128, 3072]",1081.34,0.0,1.5,cuda_event,cuda
25,encoder.layer.11.intermediate.intermediate_act_fn,GELUActivation,0.00742,1.5,0.0,0,0,109,0.00742,none,"[1, 128, 3072]","[1, 128, 3072]",1081.34,0.0,1.5,cuda_event,cuda
25,encoder.layer.11.output.dense,Linear,0.15414,0.375,603979776.0,2360064,0,110,0.15414,counter,"[1, 128, 3072]","[1, 128, 768]",1081.34,0.0,0.375,cuda_event,cuda
25,encoder.layer.11.output.LayerNorm,LayerNorm,0.008,0.375,491520.0,1536,0,111,0.008,analytic,"[1, 128, 768]","[1, 128, 768]",1081.34,0.0,0.375,cuda_event,cuda
25,pooler.dense,Linear,0.0129,0.00293,1179648.0,590592,0,112,0.0129,counter,"[1, 768]","[1, 768]",1081.34,0.0,0.003,cuda_event,cuda
25,pooler.activation,Tanh,0.0041,0.00293,3072.0,0,0,113,0.0041,analytic,"[1, 768]","[1, 768]",1081.34,0.0,0.003,cuda_event,cuda
26,embeddings.word_embeddings,Embedding,0.00477,0.375,0.0,23440896,0,0,0.00477,none,"[1, 128]","[1, 128, 768]",1081.34,0.0,0.375,cuda_event,cuda
26,embeddings.token_type_embeddings,Embedding,0.00544,0.375,0.0,1536,0,1,0.00544,none,"[1, 128]","[1, 128, 768]",1081.34,0.0,0.375,cuda_event,cuda
26,embeddings.position_embeddings,Embedding,0.00627,0.375,0.0,393216,0,2,0.00627,none,"[1, 128]","[1, 128, 768]",1081.34,0.0,0.375,cuda_event,cuda
26,embeddings.LayerNorm,LayerNorm,0.00803,0.375,491520.0,1536,0,3,0.00803,analytic,"[1, 128, 768]","[1, 128, 768]",1081.34,0.0,0.375,cuda_event,cuda
26,encoder.layer.0.attention.self.query,Linear,0.05347,0.375,150994944.0,590592,0,4,0.05347,counter,"[1, 128, 768]","[1, 128, 768]",1081.34,0.0,0.375,cuda_event,cuda
26,encoder.layer.0.attention.self.key,Linear,0.05475,0.375,150994944.0,590592,0,5,0.05475,counter,"[1, 128, 768]","[1, 128, 768]",1081.34,0.0,0.375,cuda_event,cuda
26,encoder.layer.0.attention.self.value,Linear,0.05392,0.375,150994944.0,590592,0,6,0.05392,counter,"[1, 128, 768]","[1, 128, 768]",1081.34,0.0,0.375,cuda_event,cuda
26,encoder.layer.0.attention.output.dense,Linear,0.05325,0.375,150994944.0,590592,0,7,0.05325,counter,"[1, 128, 768]","[1, 128, 768]",1081.34,0.0,0.375,cuda_event,cuda
26,encoder.layer.0.attention.output.LayerNorm,LayerNorm,0.00819,0.375,491520.0,1536,0,8,0.00819,analytic,"[1, 128, 768]","[1, 128, 768]",1081.34,0.0,0.375,cuda_event,cuda
26,encoder.layer.0.intermediate.dense,Linear,0.12288,1.5,603979776.0,2362368,0,9,0.12288,counter,"[1, 128, 768]","[1, 128, 3072]",1081.34,0.0,1.5,cuda_event,cuda
26,encoder.layer.0.intermediate.intermediate_act_fn,GELUActivation,0.00787,1.5,0.0,0,0,10,0.00787,none,"[1, 128, 3072]","[1, 128, 3072]",1081.34,0.0,1.5,cuda_event,cuda
26,encoder.layer.0.output.dense,Linear,0.15408,0.375,603979776.0,2360064,0,11,0.15408,counter,"[1, 128, 3072]","[1, 128, 768]",1081.34,0.0,0.375,cuda_event,cuda
26,encoder.layer.0.output.LayerNorm,LayerNorm,0.00813,0.375,491520.0,1536,0,12,0.00813,analytic,"[1, 128, 768]","[1, 128, 768]",1081.34,0.0,0.375,cuda_event,cuda
26,encoder.layer.1.attention.self.query,Linear,0.0528,0.375,150994944.0,590592,0,13,0.0528,counter,"[1, 128, 768]","[1, 128, 768]",1081.34,0.0,0.375,cuda_event,cuda
26,encoder.layer.1.attention.self.key,Linear,0.05318,0.375,150994944.0,590592,0,14,0.05318,counter,"[1, 128, 768]","[1, 128, 768]",1081.34,0.0,0.375,cuda_event,cuda
26,encoder.layer.1.attention.self.value,Linear,0.05395,0.375,150994944.0,590592,0,15,0.05395,counter,"[1, 128, 768]","[1, 128, 768]",1081.34,0.0,0.375,cuda_event,cuda
26,encoder.layer.1.attention.output.dense,Linear,0.05485,0.375,150994944.0,590592,0,16,0.05485,counter,"[1, 128, 768]","[1, 128, 768]",1081.34,0.0,0.375,cuda_event,cuda
26,encoder.layer.1.attention.output.LayerNorm,LayerNorm,0.00688,0.375,491520.0,1536,0,17,0.00688,analytic,"[1, 128, 768]","[1, 128, 768]",1081.34,0.0,0.375,cuda_event,cuda
26,encoder.layer.1.intermediate.dense,Linear,0.12605,1.5,603979776.0,2362368,0,18,0.12605,counter,"[1, 128, 768]","[1, 128, 3072]",1081.34,0.0,1.5,cuda_event,cuda
26,encoder.layer.1.intermediate.intermediate_act_fn,GELUActivation,0.00778,1.5,0.0,0,0,19,0.00778,none,"[1, 128, 3072]","[1, 128, 3072]",1081.34,0.0,1.5,cuda_event,cuda
26,encoder.layer.1.output.dense,Linear,0.15418,0.375,603979776.0,2360064,0,20,0.15418,counter,"[1, 128, 3072]","[1, 128, 768]",1081.34,0.0,0.375,cuda_event,cuda
26,encoder.layer.1.output.LayerNorm,LayerNorm,0.00819,0.375,491520.0,1536,0,21,0.00819,analytic,"[1, 128, 768]","[1, 128, 768]",1081.34,0.0,0.375,cuda_event,cuda
26,encoder.layer.2.attention.self.query,Linear,0.05309,0.375,150994944.0,590592,0,22,0.05309,counter,"[1, 128, 768]","[1, 128, 768]",1081.34,0.0,0.375,cuda_event,cuda
26,encoder.layer.2.attention.self.key,Linear,0.05357,0.375,150994944.0,590592,0,23,0.05357,counter,"[1, 128, 768]","[1, 128, 768]",1081.34,0.0,0.375,cuda_event,cuda
26,encoder.layer.2.attention.self.value,Linear,0.05325,0.375,150994944.0,590592,0,24,0.05325,counter,"[1, 128, 768]","[1, 128, 768]",1081.34,0.0,0.375,cuda_event,cuda
26,encoder.layer.2.attention.output.dense,Linear,0.05363,0.375,150994944.0,590592,0,25,0.05363,counter,"[1, 128, 768]","[1, 128, 768]",1081.34,0.0,0.375,cuda_event,cuda
26,encoder.layer.2.attention.output.LayerNorm,LayerNorm,0.00784,0.375,491520.0,1536,0,26,0.00784,analytic,"[1, 128, 768]","[1, 128, 768]",1081.34,0.0,0.375,cuda_event,cuda
26,encoder.layer.2.intermediate.dense,Linear,0.12349,1.5,603979776.0,2362368,0,27,0.12349,counter,"[1, 128, 768]","[1, 128, 3072]",1081.34,0.0,1.5,cuda_event,cuda
26,encoder.layer.2.intermediate.intermediate_act_fn,GELUActivation,0.00656,1.5,0.0,0,0,28,0.00656,none,"[1, 128, 3072]","[1, 128, 3072]",1081.34,0.0,1.5,cuda_event,cuda
26,encoder.layer.2.output.dense,Linear,0.1536,0.375,603979776.0,2360064,0,29,0.1536,counter,"[1, 128, 3072]","[1, 128, 768]",1081.34,0.0,0.375,cuda_event,cuda
26,encoder.layer.2.output.LayerNorm,LayerNorm,0.00819,0.375,491520.0,1536,0,30,0.00819,analytic,"[1, 128, 768]","[1, 128, 768]",1081.34,0.0,0.375,cuda_event,cuda
26,encoder.layer.3.attention.self.query,Linear,0.05318,0.375,150994944.0,590592,0,31,0.05318,counter,"[1, 128, 768]","[1, 128, 768]",1081.34,0.0,0.375,cuda_event,cuda
26,encoder.layer.3.attention.self.key,Linear,0.05325,0.375,150994944.0,590592,0,32,0.05325,counter,"[1, 128, 768]","[1, 128, 768]",1081.34,0.0,0.375,cuda_event,cuda
26,encoder.layer.3.attention.self.value,Linear,0.05469,0.375,150994944.0,590592,0,33,0.05469,counter,"[1, 128, 768]","[1, 128, 768]",1081.34,0.0,0.375,cuda_event,cuda
26,encoder.layer.3.attention.output.dense,Linear,0.05494,0.375,150994944.0,590592,0,34,0.05494,counter,"[1, 128, 768]","[1, 128, 768]",1081.34,0.0,0.375,cuda_event,cuda
26,encoder.layer.3.attention.output.LayerNorm,LayerNorm,0.00813,0.375,491520.0,1536,0,35,0.00813,analytic,"[1, 128, 768]","[1, 128, 768]",1081.34,0.0,0.375,cuda_event,cuda
26,encoder.layer.3.intermediate.dense,Linear,0.12669,1.5,603979776.0,2362368,0,36,0.12669,counter,"[1, 128, 768]","[1, 128, 3072]",1081.34,0.0,1.5,cuda_event,cuda
26,encoder.layer.3.intermediate.intermediate_act_fn,GELUActivation,0.00646,1.5,0.0,0,0,37,0.00646,none,"[1, 128, 3072]","[1, 128, 3072]",1081.34,0.0,1.5,cuda_event,cuda
26,encoder.layer.3.output.dense,Linear,0.1536,0.375,603979776.0,2360064,0,38,0.1536,counter,"[1, 128, 3072]","[1, 128, 768]",1081.34,0.0,0.375,cuda_event,cuda
26,encoder.layer.3.output.LayerNorm,LayerNorm,0.00682,0.375,491520.0,1536,0,39,0.00682,analytic,"[1, 128, 768]","[1, 128, 768]",1081.34,0.0,0.375,cuda_event,cuda
26,encoder.layer.4.attention.self.query,Linear,0.05485,0.375,150994944.0,590592,0,40,0.05485,counter,"[1, 128, 768]","[1, 128, 768]",1081.34,0.0,0.375,cuda_event,cuda
26,encoder.layer.4.attention.self.key,Linear,0.05386,0.375,150994944.0,590592,0,41,0.05386,counter,"[1, 128, 768]","[1, 128, 768]",1081.34,0.0,0.375,cuda_event,cuda
26,encoder.layer.4.attention.self.value,Linear,0.05338,0.375,150994944.0,590592,0,42,0.05338,counter,"[1, 128, 768]","[1, 128, 768]",1081.34,0.0,0.375,cuda_event,cuda
26,encoder.layer.4.attention.output.dense,Linear,0.05341,0.375,150994944.0,590592,0,43,0.05341,counter,"[1, 128, 768]","[1, 128, 768]",1081.34,0.0,0.375,cuda_event,cuda
26,encoder.layer.4.attention.output.LayerNorm,LayerNorm,0.00816,0.375,491520.0,1536,0,44,0.00816,analytic,"[1, 128, 768]","[1, 128, 768]",1081.34,0.0,0.375,cuda_event,cuda
26,encoder.layer.4.intermediate.dense,Linear,0.12432,1.5,603979776.0,2362368,0,45,0.12432,counter,"[1, 128, 768]","[1, 128, 3072]",1081.34,0.0,1.5,cuda_event,cuda
26,encoder.layer.4.intermediate.intermediate_act_fn,GELUActivation,0.00707,1.5,0.0,0,0,46,0.00707,none,"[1, 128, 3072]","[1, 128, 3072]",1081.34,0.0,1.5,cuda_event,cuda
26,encoder.layer.4.output.dense,Linear,0.15363,0.375,603979776.0,2360064,0,47,0.15363,counter,"[1, 128, 3072]","[1, 128, 768]",1081.34,0.0,0.375,cuda_event,cuda
26,encoder.layer.4.output.LayerNorm,LayerNorm,0.00806,0.375,491520.0,1536,0,48,0.00806,analytic,"[1, 128, 768]","[1, 128, 768]",1081.34,0.0,0.375,cuda_event,cuda
26,encoder.layer.5.attention.self.query,Linear,0.05555,0.375,150994944.0,590592,0,49,0.05555,counter,"[1, 128, 768]","[1, 128, 768]",1081.34,0.0,0.375,cuda_event,cuda
26,encoder.layer.5.attention.self.key,Linear,0.05366,0.375,150994944.0,590592,0,50,0.05366,counter,"[1, 128, 768]","[1, 128, 768]",1081.34,0.0,0.375,cuda_event,cuda
26,encoder.layer.5.attention.self.value,Linear,0.05341,0.375,150994944.0,590592,0,51,0.05341,counter,"[1, 128, 768]","[1, 128, 768]",1081.34,0.0,0.375,cuda_event,cuda
26,encoder.layer.5.attention.output.dense,Linear,0.05386,0.375,150994944.0,590592,0,52,0.05386,counter,"[1, 128, 768]","[1, 128, 768]",1081.34,0.0,0.375,cuda_event,cuda
26,encoder.layer.5.attention.output.LayerNorm,LayerNorm,0.00778,0.375,491520.0,1536,0,53,0.00778,analytic,"[1, 128, 768]","[1, 128, 768]",1081.34,0.0,0.375,cuda_event,cuda
26,encoder.layer.5.intermediate.dense,Linear,0.12477,1.5,603979776.0,2362368,0,54,0.12477,counter,"[1, 128, 768]","[1, 128, 3072]",1081.34,0.0,1.5,cuda_event,cuda
26,encoder.layer.5.intermediate.intermediate_act_fn,GELUActivation,0.00694,1.5,0.0,0,0,55,0.00694,none,"[1, 128, 3072]","[1, 128, 3072]",1081.34,0.0,1.5,cuda_event,cuda
26,encoder.layer.5.output.dense,Linear,0.15392,0.375,603979776.0,2360064,0,56,0.15392,counter,"[1, 128, 3072]","[1, 128, 768]",1081.34,0.0,0.375,cuda_event,cuda
26,encoder.layer.5.output.LayerNorm,LayerNorm,0.00803,0.375,491520.0,1536,0,57,0.00803,analytic,"[1, 128, 768]","[1, 128, 768]",1081.34,0.0,0.375,cuda_event,cuda
26,encoder.layer.6.attention.self.query,Linear,0.0527,0.375,150994944.0,590592,0,58,0.0527,counter,"[1, 128, 768]","[1, 128, 768]",1081.34,0.0,0.375,cuda_event,cuda
26,encoder.layer.6.attention.self.key,Linear,0.05344,0.375,150994944.0,590592,0,59,0.05344,counter,"[1, 128, 768]","[1, 128, 768]",1081.34,0.0,0.375,cuda_event,cuda
26,encoder.layer.6.attention.self.value,Linear,0.05344,0.375,150994944.0,590592,0,60,0.05344,counter,"[1, 128, 768]","[1, 128, 768]",1081.34,0.0,0.375,cuda_event,cuda
26,encoder.layer.6.attention.output.dense,Linear,0.05318,0.375,150994944.0,590592,0,61,0.05318,counter,"[1, 128, 768]","[1, 128, 768]",1081.34,0.0,0.375,cuda_event,cuda
26,encoder.layer.6.attention.output.LayerNorm,LayerNorm,0.00778,0.375,491520.0,1536,0,62,0.00778,analytic,"[1, 128, 768]","[1, 128, 768]",1081.34,0.0,0.375,cuda_event,cuda
26,encoder.layer.6.intermediate.dense,Linear,0.12579,1.5,603979776.0,2362368,0,63,0.12579,counter,"[1, 128, 768]","[1, 128, 3072]",1081.34,0.0,1.5,cuda_event,cuda
26,encoder.layer.6.intermediate.intermediate_act_fn,GELUActivation,0.00637,1.5,0.0,0,0,64,0.00637,none,"[1, 128, 3072]","[1, 128, 3072]",1081.34,0.0,1.5,cuda_event,cuda
26,encoder.layer.6.output.dense,Linear,0.15565,0.375,603979776.0,2360064,0,65,0.15565,counter,"[1, 128, 3072]","[1, 128, 768]",1081.34,0.0,0.375,cuda_event,cuda
26,encoder.layer.6.output.LayerNorm,LayerNorm,0.008,0.375,491520.0,1536,0,66,0.008,analytic,"[1, 128, 768]","[1, 128, 768]",1081.34,0.0,0.375,cuda_event,cuda
26,encoder.layer.7.attention.self.query,Linear,0.05328,0.375,150994944.0,590592,0,67,0.05328,counter,"[1, 128, 768]","[1, 128, 768]",1081.34,0.0,0.375,cuda_event,cuda
26,encoder.layer.7.attention.self.key,Linear,0.05382,0.375,150994944.0,590592,0,68,0.05382,counter,"[1, 128, 768]","[1, 128, 768]",1081.34,0.0,0.375,cuda_event,cuda
26,encoder.layer.7.attention.self.value,Linear,0.05347,0.375,150994944.0,590592,0,69,0.05347,counter,"[1, 128, 768]","[1, 128, 768]",1081.34,0.0,0.375,cuda_event,cuda
26,encoder.layer.7.attention.output.dense,Linear,0.05485,0.375,150994944.0,590592,0,70,0.05485,counter,"[1, 128, 768]","[1, 128, 768]",1081.34,0.0,0.375,cuda_event,cuda
26,encoder.layer.7.attention.output.LayerNorm,LayerNorm,0.00704,0.375,491520.0,1536,0,71,0.00704,analytic,"[1, 128, 768]","[1, 128, 768]",1081.34,0.0,0.375,cuda_event,cuda
26,encoder.layer.7.intermediate.dense,Linear,0.12438,1.5,603979776.0,2362368,0,72,0.12438,counter,"[1, 128, 768]","[1, 128, 3072]",1081.34,0.0,1.5,cuda_event,cuda
26,encoder.layer.7.intermediate.intermediate_act_fn,GELUActivation,0.00656,1.5,0.0,0,0,73,0.00656,none,"[1, 128, 3072]","[1, 128, 3072]",1081.34,0.0,1.5,cuda_event,cuda
26,encoder.layer.7.output.dense,Linear,0.15478,0.375,603979776.0,2360064,0,74,0.15478,counter,"[1, 128, 3072]","[1, 128, 768]",1081.34,0.0,0.375,cuda_event,cuda
26,encoder.layer.7.output.LayerNorm,LayerNorm,0.00819,0.375,491520.0,1536,0,75,0.00819,analytic,"[1, 128, 768]","[1, 128, 768]",1081.34,0.0,0.375,cuda_event,cuda
26,encoder.layer.8.attention.self.query,Linear,0.05251,0.375,150994944.0,590592,0,76,0.05251,counter,"[1, 128, 768]","[1, 128, 768]",1081.34,0.0,0.375,cuda_event,cuda
26,encoder.layer.8.attention.self.key,Linear,0.05408,0.375,150994944.0,590592,0,77,0.05408,counter,"[1, 128, 768]","[1, 128, 768]",1081.34,0.0,0.375,cuda_event,cuda
26,encoder.layer.8.attention.self.value,Linear,0.05325,0.375,150994944.0,590592,0,78,0.05325,counter,"[1, 128, 768]","[1, 128, 768]",1081.34,0.0,0.375,cuda_event,cuda
26,encoder.layer.8.attention.output.dense,Linear,0.05373,0.375,150994944.0,590592,0,79,0.05373,counter,"[1, 128, 768]","[1, 128, 768]",1081.34,0.0,0.375,cuda_event,cuda
26,encoder.layer.8.attention.output.LayerNorm,LayerNorm,0.00813,0.375,491520.0,1536,0,80,0.00813,analytic,"[1, 128, 768]","[1, 128, 768]",1081.34,0.0,0.375,cuda_event,cuda
26,encoder.layer.8.intermediate.dense,Linear,0.12419,1.5,603979776.0,2362368,0,81,0.12419,counter,"[1, 128, 768]","[1, 128, 3072]",1081.34,0.0,1.5,cuda_event,cuda
26,encoder.layer.8.intermediate.intermediate_act_fn,GELUActivation,0.00768,1.5,0.0,0,0,82,0.00768,none,"[1, 128, 3072]","[1, 128, 3072]",1081.34,0.0,1.5,cuda_event,cuda
26,encoder.layer.8.output.dense,Linear,0.15558,0.375,603979776.0,2360064,0,83,0.15558,counter,"[1, 128, 3072]","[1, 128, 768]",1081.34,0.0,0.375,cuda_event,cuda
26,encoder.layer.8.output.LayerNorm,LayerNorm,0.00819,0.375,491520.0,1536,0,84,0.00819,analytic,"[1, 128, 768]","[1, 128, 768]",1081.34,0.0,0.375,cuda_event,cuda
26,encoder.layer.9.attention.self.query,Linear,0.05325,0.375,150994944.0,590592,0,85,0.05325,counter,"[1, 128, 768]","[1, 128, 768]",1081.34,0.0,0.375,cuda_event,cuda
26,encoder.layer.9.attention.self.key,Linear,0.05459,0.375,150994944.0,590592,0,86,0.05459,counter,"[1, 128, 768]","[1, 128, 768]",1081.34,0.0,0.375,cuda_event,cuda
26,encoder.layer.9.attention.self.value,Linear,0.05418,0.375,150994944.0,590592,0,87,0.05418,counter,"[1, 128, 768]","[1, 128, 768]",1081.34,0.0,0.375,cuda_event,cuda
26,encoder.layer.9.attention.output.dense,Linear,0.05408,0.375,150994944.0,590592,0,88,0.05408,counter,"[1, 128, 768]","[1, 128, 768]",1081.34,0.0,0.375,cuda_event,cuda
26,encoder.layer.9.attention.output.LayerNorm,LayerNorm,0.00813,0.375,491520.0,1536,0,89,0.00813,analytic,"[1, 128, 768]","[1, 128, 768]",1081.34,0.0,0.375,cuda_event,cuda
26,encoder.layer.9.intermediate.dense,Linear,0.12547,1.5,603979776.0,2362368,0,90,0.12547,counter,"[1, 128, 768]","[1, 128, 3072]",1081.34,0.0,1.5,cuda_event,cuda
26,encoder.layer.9.intermediate.intermediate_act_fn,GELUActivation,0.00614,1.5,0.0,0,0,91,0.00614,none,"[1, 128, 3072]","[1, 128, 3072]",1081.34,0.0,1.5,cuda_event,cuda
26,encoder.layer.9.output.dense,Linear,0.1536,0.375,603979776.0,2360064,0,92,0.1536,counter,"[1, 128, 3072]","[1, 128, 768]",1081.34,0.0,0.375,cuda_event,cuda
26,encoder.layer.9.output.LayerNorm,LayerNorm,0.00794,0.375,491520.0,1536,0,93,0.00794,analytic,"[1, 128, 768]","[1, 128, 768]",1081.34,0.0,0.375,cuda_event,cuda
26,encoder.layer.10.attention.self.query,Linear,0.05341,0.375,150994944.0,590592,0,94,0.05341,counter,"[1, 128, 768]","[1, 128, 768]",1081.34,0.0,0.375,cuda_event,cuda
26,encoder.layer.10.attention.self.key,Linear,0.05366,0.375,150994944.0,590592,0,95,0.05366,counter,"[1, 128, 768]","[1, 128, 768]",1081.34,0.0,0.375,cuda_event,cuda
26,encoder.layer.10.attention.self.value,Linear,0.05325,0.375,150994944.0,590592,0,96,0.05325,counter,"[1, 128, 768]","[1, 128, 768]",1081.34,0.0,0.375,cuda_event,cuda
26,encoder.layer.10.attention.output.dense,Linear,0.05395,0.375,150994944.0,590592,0,97,0.05395,counter,"[1, 128, 768]","[1, 128, 768]",1081.34,0.0,0.375,cuda_event,cuda
26,encoder.layer.10.attention.output.LayerNorm,LayerNorm,0.00819,0.375,491520.0,1536,0,98,0.00819,analytic,"[1, 128, 768]","[1, 128, 768]",1081.34,0.0,0.375,cuda_event,cuda
26,encoder.layer.10.intermediate.dense,Linear,0.12288,1.5,603979776.0,2362368,0,99,0.12288,counter,"[1, 128, 768]","[1, 128, 3072]",1081.34,0.0,1.5,cuda_event,cuda
26,encoder.layer.10.intermediate.intermediate_act_fn,GELUActivation,0.00717,1.5,0.0,0,0,100,0.00717,none,"[1, 128, 3072]","[1, 128, 3072]",1081.34,0.0,1.5,cuda_event,cuda
26,encoder.layer.10.output.dense,Linear,0.15466,0.375,603979776.0,2360064,0,101,0.15466,counter,"[1, 128, 3072]","[1, 128, 768]",1081.34,0.0,0.375,cuda_event,cuda
26,encoder.layer.10.output.LayerNorm,LayerNorm,0.00819,0.375,491520.0,1536,0,102,0.00819,analytic,"[1, 128, 768]","[1, 128, 768]",1081.34,0.0,0.375,cuda_event,cuda
26,encoder.layer.11.attention.self.query,Linear,0.05325,0.375,150994944.0,590592,0,103,0.05325,counter,"[1, 128, 768]","[1, 128, 768]",1081.34,0.0,0.375,cuda_event,cuda
26,encoder.layer.11.attention.self.key,Linear,0.05325,0.375,150994944.0,590592,0,104,0.05325,counter,"[1, 128, 768]","[1, 128, 768]",1081.34,0.0,0.375,cuda_event,cuda
26,encoder.layer.11.attention.self.value,Linear,0.05325,0.375,150994944.0,590592,0,105,0.05325,counter,"[1, 128, 768]","[1, 128, 768]",1081.34,0.0,0.375,cuda_event,cuda
26,encoder.layer.11.attention.output.dense,Linear,0.05309,0.375,150994944.0,590592,0,106,0.05309,counter,"[1, 128, 768]","[1, 128, 768]",1081.34,0.0,0.375,cuda_event,cuda
26,encoder.layer.11.attention.output.LayerNorm,LayerNorm,0.0071,0.375,491520.0,1536,0,107,0.0071,analytic,"[1, 128, 768]","[1, 128, 768]",1081.34,0.0,0.375,cuda_event,cuda
26,encoder.layer.11.intermediate.dense,Linear,0.12493,1.5,603979776.0,2362368,0,108,0.12493,counter,"[1, 128, 768]","[1, 128, 3072]",1081.34,0.0,1.5,cuda_event,cuda
26,encoder.layer.11.intermediate.intermediate_act_fn,GELUActivation,0.00746,1.5,0.0,0,0,109,0.00746,none,"[1, 128, 3072]","[1, 128, 3072]",1081.34,0.0,1.5,cuda_event,cuda
26,encoder.layer.11.output.dense,Linear,0.15232,0.375,603979776.0,2360064,0,110,0.15232,counter,"[1, 128, 3072]","[1, 128, 768]",1081.34,0.0,0.375,cuda_event,cuda
26,encoder.layer.11.output.LayerNorm,LayerNorm,0.00682,0.375,491520.0,1536,0,111,0.00682,analytic,"[1, 128, 768]","[1, 128, 768]",1081.34,0.0,0.375,cuda_event,cuda
26,pooler.dense,Linear,0.01434,0.00293,1179648.0,590592,0,112,0.01434,counter,"[1, 768]","[1, 768]",1081.34,0.0,0.003,cuda_event,cuda
26,pooler.activation,Tanh,0.0041,0.00293,3072.0,0,0,113,0.0041,analytic,"[1, 768]","[1, 768]",1081.34,0.0,0.003,cuda_event,cuda
27,embeddings.word_embeddings,Embedding,0.00586,0.375,0.0,23440896,0,0,0.00586,none,"[1, 128]","[1, 128, 768]",1081.34,0.0,0.375,cuda_event,cuda
27,embeddings.token_type_embeddings,Embedding,0.00464,0.375,0.0,1536,0,1,0.00464,none,"[1, 128]","[1, 128, 768]",1081.34,0.0,0.375,cuda_event,cuda
27,embeddings.position_embeddings,Embedding,0.00614,0.375,0.0,393216,0,2,0.00614,none,"[1, 128]","[1, 128, 768]",1081.34,0.0,0.375,cuda_event,cuda
27,embeddings.LayerNorm,LayerNorm,0.00698,0.375,491520.0,1536,0,3,0.00698,analytic,"[1, 128, 768]","[1, 128, 768]",1081.34,0.0,0.375,cuda_event,cuda
27,encoder.layer.0.attention.self.query,Linear,0.05514,0.375,150994944.0,590592,0,4,0.05514,counter,"[1, 128, 768]","[1, 128, 768]",1081.34,0.0,0.375,cuda_event,cuda
27,encoder.layer.0.attention.self.key,Linear,0.05357,0.375,150994944.0,590592,0,5,0.05357,counter,"[1, 128, 768]","[1, 128, 768]",1081.34,0.0,0.375,cuda_event,cuda
27,encoder.layer.0.attention.self.value,Linear,0.05437,0.375,150994944.0,590592,0,6,0.05437,counter,"[1, 128, 768]","[1, 128, 768]",1081.34,0.0,0.375,cuda_event,cuda
27,encoder.layer.0.attention.output.dense,Linear,0.05334,0.375,150994944.0,590592,0,7,0.05334,counter,"[1, 128, 768]","[1, 128, 768]",1081.34,0.0,0.375,cuda_event,cuda
27,encoder.layer.0.attention.output.LayerNorm,LayerNorm,0.00819,0.375,491520.0,1536,0,8,0.00819,analytic,"[1, 128, 768]","[1, 128, 768]",1081.34,0.0,0.375,cuda_event,cuda
27,encoder.layer.0.intermediate.dense,Linear,0.12288,1.5,603979776.0,2362368,0,9,0.12288,counter,"[1, 128, 768]","[1, 128, 3072]",1081.34,0.0,1.5,cuda_event,cuda
27,encoder.layer.0.intermediate.intermediate_act_fn,GELUActivation,0.00742,1.5,0.0,0,0,10,0.00742,none,"[1, 128, 3072]","[1, 128, 3072]",1081.34,0.0,1.5,cuda_event,cuda
27,encoder.layer.0.output.dense,Linear,0.15597,0.375,603979776.0,2360064,0,11,0.15597,counter,"[1, 128, 3072]","[1, 128, 768]",1081.34,0.0,0.375,cuda_event,cuda
27,encoder.layer.0.output.LayerNorm,LayerNorm,0.00778,0.375,491520.0,1536,0,12,0.00778,analytic,"[1, 128, 768]","[1, 128, 768]",1081.34,0.0,0.375,cuda_event,cuda
27,encoder.layer.1.attention.self.query,Linear,0.05325,0.375,150994944.0,590592,0,13,0.05325,counter,"[1, 128, 768]","[1, 128, 768]",1081.34,0.0,0.375,cuda_event,cuda
27,encoder.layer.1.attention.self.key,Linear,0.05318,0.375,150994944.0,590592,0,14,0.05318,counter,"[1, 128, 768]","[1, 128, 768]",1081.34,0.0,0.375,cuda_event,cuda
27,encoder.layer.1.attention.self.value,Linear,0.0551,0.375,150994944.0,590592,0,15,0.0551,counter,"[1, 128, 768]","[1, 128, 768]",1081.34,0.0,0.375,cuda_event,cuda
27,encoder.layer.1.attention.output.dense,Linear,0.05325,0.375,150994944.0,590592,0,16,0.05325,counter,"[1, 128, 768]","[1, 128, 768]",1081.34,0.0,0.375,cuda_event,cuda
27,encoder.layer.1.attention.output.LayerNorm,LayerNorm,0.008,0.375,491520.0,1536,0,17,0.008,analytic,"[1, 128, 768]","[1, 128, 768]",1081.34,0.0,0.375,cuda_event,cuda
27,encoder.layer.1.intermediate.dense,Linear,0.12518,1.5,603979776.0,2362368,0,18,0.12518,counter,"[1, 128, 768]","[1, 128, 3072]",1081.34,0.0,1.5,cuda_event,cuda
27,encoder.layer.1.intermediate.intermediate_act_fn,GELUActivation,0.00646,1.5,0.0,0,0,19,0.00646,none,"[1, 128, 3072]","[1, 128, 3072]",1081.34,0.0,1.5,cuda_event,cuda
27,encoder.layer.1.output.dense,Linear,0.1536,0.375,603979776.0,2360064,0,20,0.1536,counter,"[1, 128, 3072]","[1, 128, 768]",1081.34,0.0,0.375,cuda_event,cuda
27,encoder.layer.1.output.LayerNorm,LayerNorm,0.00819,0.375,491520.0,1536,0,21,0.00819,analytic,"[1, 128, 768]","[1, 128, 768]",1081.34,0.0,0.375,cuda_event,cuda
27,encoder.layer.2.attention.self.query,Linear,0.05293,0.375,150994944.0,590592,0,22,0.05293,counter,"[1, 128, 768]","[1, 128, 768]",1081.34,0.0,0.375,cuda_event,cuda
27,encoder.layer.2.attention.self.key,Linear,0.05338,0.375,150994944.0,590592,0,23,0.05338,counter,"[1, 128, 768]","[1, 128, 768]",1081.34,0.0,0.375,cuda_event,cuda
27,encoder.layer.2.attention.self.value,Linear,0.05376,0.375,150994944.0,590592,0,24,0.05376,counter,"[1, 128, 768]","[1, 128, 768]",1081.34,0.0,0.375,cuda_event,cuda
27,encoder.layer.2.attention.output.dense,Linear,0.05392,0.375,150994944.0,590592,0,25,0.05392,counter,"[1, 128, 768]","[1, 128, 768]",1081.34,0.0,0.375,cuda_event,cuda
27,encoder.layer.2.attention.output.LayerNorm,LayerNorm,0.00774,0.375,491520.0,1536,0,26,0.00774,analytic,"[1, 128, 768]","[1, 128, 768]",1081.34,0.0,0.375,cuda_event,cuda
27,encoder.layer.2.intermediate.dense,Linear,0.12435,1.5,603979776.0,2362368,0,27,0.12435,counter,"[1, 128, 768]","[1, 128, 3072]",1081.34,0.0,1.5,cuda_event,cuda
27,encoder.layer.2.intermediate.intermediate_act_fn,GELUActivation,0.00653,1.5,0.0,0,0,28,0.00653,none,"[1, 128, 3072]","[1, 128, 3072]",1081.34,0.0,1.5,cuda_event,cuda
27,encoder.layer.2.output.dense,Linear,0.1495,0.375,603979776.0,2360064,0,29,0.1495,counter,"[1, 128, 3072]","[1, 128, 768]",1081.34,0.0,0.375,cuda_event,cuda
27,encoder.layer.2.output.LayerNorm,LayerNorm,0.00819,0.375,491520.0,1536,0,30,0.00819,analytic,"[1, 128, 768]","[1, 128, 768]",1081.34,0.0,0.375,cuda_event,cuda
27,encoder.layer.3.attention.self.query,Linear,0.05126,0.375,150994944.0,590592,0,31,0.05126,counter,"[1, 128, 768]","[1, 128, 768]",1081.34,0.0,0.375,cuda_event,cuda
27,encoder.layer.3.attention.self.key,Linear,0.05213,0.375,150994944.0,590592,0,32,0.05213,counter,"[1, 128, 768]","[1, 128, 768]",1081.34,0.0,0.375,cuda_event,cuda
27,encoder.layer.3.attention.self.value,Linear,0.05325,0.375,150994944.0,590592,0,33,0.05325,counter,"[1, 128, 768]","[1, 128, 768]",1081.34,0.0,0.375,cuda_event,cuda
27,encoder.layer.3.attention.output.dense,Linear,0.05341,0.375,150994944.0,590592,0,34,0.05341,counter,"[1, 128, 768]","[1, 128, 768]",1081.34,0.0,0.375,cuda_event,cuda
27,encoder.layer.3.attention.output.LayerNorm,LayerNorm,0.00819,0.375,491520.0,1536,0,35,0.00819,analytic,"[1, 128, 768]","[1, 128, 768]",1081.34,0.0,0.375,cuda_event,cuda
27,encoder.layer.3.intermediate.dense,Linear,0.12618,1.5,603979776.0,2362368,0,36,0.12618,counter,"[1, 128, 768]","[1, 128, 3072]",1081.34,0.0,1.5,cuda_event,cuda
27,encoder.layer.3.intermediate.intermediate_act_fn,GELUActivation,0.00656,1.5,0.0,0,0,37,0.00656,none,"[1, 128, 3072]","[1, 128, 3072]",1081.34,0.0,1.5,cuda_event,cuda
27,encoder.layer.3.output.dense,Linear,0.1537,0.375,603979776.0,2360064,0,38,0.1537,counter,"[1, 128, 3072]","[1, 128, 768]",1081.34,0.0,0.375,cuda_event,cuda
27,encoder.layer.3.output.LayerNorm,LayerNorm,0.00707,0.375,491520.0,1536,0,39,0.00707,analytic,"[1, 128, 768]","[1, 128, 768]",1081.34,0.0,0.375,cuda_event,cuda
27,encoder.layer.4.attention.self.query,Linear,0.05325,0.375,150994944.0,590592,0,40,0.05325,counter,"[1, 128, 768]","[1, 128, 768]",1081.34,0.0,0.375,cuda_event,cuda
27,encoder.layer.4.attention.self.key,Linear,0.05325,0.375,150994944.0,590592,0,41,0.05325,counter,"[1, 128, 768]","[1, 128, 768]",1081.34,0.0,0.375,cuda_event,cuda
27,encoder.layer.4.attention.self.value,Linear,0.05472,0.375,150994944.0,590592,0,42,0.05472,counter,"[1, 128, 768]","[1, 128, 768]",1081.34,0.0,0.375,cuda_event,cuda
27,encoder.layer.4.attention.output.dense,Linear,0.05325,0.375,150994944.0,590592,0,43,0.05325,counter,"[1, 128, 768]","[1, 128, 768]",1081.34,0.0,0.375,cuda_event,cuda
27,encoder.layer.4.attention.output.LayerNorm,LayerNorm,0.008,0.375,491520.0,1536,0,44,0.008,analytic,"[1, 128, 768]","[1, 128, 768]",1081.34,0.0,0.375,cuda_event,cuda
27,encoder.layer.4.intermediate.dense,Linear,0.12371,1.5,603979776.0,2362368,0,45,0.12371,counter,"[1, 128, 768]","[1, 128, 3072]",1081.34,0.0,1.5,cuda_event,cuda
27,encoder.layer.4.intermediate.intermediate_act_fn,GELUActivation,0.00621,1.5,0.0,0,0,46,0.00621,none,"[1, 128, 3072]","[1, 128, 3072]",1081.34,0.0,1.5,cuda_event,cuda
27,encoder.layer.4.output.dense,Linear,0.1536,0.375,603979776.0,2360064,0,47,0.1536,counter,"[1, 128, 3072]","[1, 128, 768]",1081.34,0.0,0.375,cuda_event,cuda
27,encoder.layer.4.output.LayerNorm,LayerNorm,0.00819,0.375,491520.0,1536,0,48,0.00819,analytic,"[1, 128, 768]","[1, 128, 768]",1081.34,0.0,0.375,cuda_event,cuda
27,encoder.layer.5.attention.self.query,Linear,0.05325,0.375,150994944.0,590592,0,49,0.05325,counter,"[1, 128, 768]","[1, 128, 768]",1081.34,0.0,0.375,cuda_event,cuda
27,encoder.layer.5.attention.self.key,Linear,0.05325,0.375,150994944.0,590592,0,50,0.05325,counter,"[1, 128, 768]","[1, 128, 768]",1081.34,0.0,0.375,cuda_event,cuda
27,encoder.layer.5.attention.self.value,Linear,0.0553,0.375,150994944.0,590592,0,51,0.0553,counter,"[1, 128, 768]","[1, 128, 768]",1081.34,0.0,0.375,cuda_event,cuda
27,encoder.layer.5.attention.output.dense,Linear,0.05482,0.375,150994944.0,590592,0,52,0.05482,counter,"[1, 128, 768]","[1, 128, 768]",1081.34,0.0,0.375,cuda_event,cuda
27,encoder.layer.5.attention.output.LayerNorm,LayerNorm,0.00819,0.375,491520.0,1536,0,53,0.00819,analytic,"[1, 128, 768]","[1, 128, 768]",1081.34,0.0,0.375,cuda_event,cuda
27,encoder.layer.5.intermediate.dense,Linear,0.12493,1.5,603979776.0,2362368,0,54,0.12493,counter,"[1, 128, 768]","[1, 128, 3072]",1081.34,0.0,1.5,cuda_event,cuda
27,encoder.layer.5.intermediate.intermediate_act_fn,GELUActivation,0.00739,1.5,0.0,0,0,55,0.00739,none,"[1, 128, 3072]","[1, 128, 3072]",1081.34,0.0,1.5,cuda_event,cuda
27,encoder.layer.5.output.dense,Linear,0.15251,0.375,603979776.0,2360064,0,56,0.15251,counter,"[1, 128, 3072]","[1, 128, 768]",1081.34,0.0,0.375,cuda_event,cuda
27,encoder.layer.5.output.LayerNorm,LayerNorm,0.00778,0.375,491520.0,1536,0,57,0.00778,analytic,"[1, 128, 768]","[1, 128, 768]",1081.34,0.0,0.375,cuda_event,cuda
27,encoder.layer.6.attention.self.query,Linear,0.05184,0.375,150994944.0,590592,0,58,0.05184,counter,"[1, 128, 768]","[1, 128, 768]",1081.34,0.0,0.375,cuda_event,cuda
27,encoder.layer.6.attention.self.key,Linear,0.05472,0.375,150994944.0,590592,0,59,0.05472,counter,"[1, 128, 768]","[1, 128, 768]",1081.34,0.0,0.375,cuda_event,cuda
27,encoder.layer.6.attention.self.value,Linear,0.05392,0.375,150994944.0,590592,0,60,0.05392,counter,"[1, 128, 768]","[1, 128, 768]",1081.34,0.0,0.375,cuda_event,cuda
27,encoder.layer.6.attention.output.dense,Linear,0.05325,0.375,150994944.0,590592,0,61,0.05325,counter,"[1, 128, 768]","[1, 128, 768]",1081.34,0.0,0.375,cuda_event,cuda
27,encoder.layer.6.attention.output.LayerNorm,LayerNorm,0.00787,0.375,491520.0,1536,0,62,0.00787,analytic,"[1, 128, 768]","[1, 128, 768]",1081.34,0.0,0.375,cuda_event,cuda
27,encoder.layer.6.intermediate.dense,Linear,0.12528,1.5,603979776.0,2362368,0,63,0.12528,counter,"[1, 128, 768]","[1, 128, 3072]",1081.34,0.0,1.5,cuda_event,cuda
27,encoder.layer.6.intermediate.intermediate_act_fn,GELUActivation,0.0065,1.5,0.0,0,0,64,0.0065,none,"[1, 128, 3072]","[1, 128, 3072]",1081.34,0.0,1.5,cuda_event,cuda
27,encoder.layer.6.output.dense,Linear,0.15565,0.375,603979776.0,2360064,0,65,0.15565,counter,"[1, 128, 3072]","[1, 128, 768]",1081.34,0.0,0.375,cuda_event,cuda
27,encoder.layer.6.output.LayerNorm,LayerNorm,0.00819,0.375,491520.0,1536,0,66,0.00819,analytic,"[1, 128, 768]","[1, 128, 768]",1081.34,0.0,0.375,cuda_event,cuda
27,encoder.layer.7.attention.self.query,Linear,0.05318,0.375,150994944.0,590592,0,67,0.05318,counter,"[1, 128, 768]","[1, 128, 768]",1081.34,0.0,0.375,cuda_event,cuda
27,encoder.layer.7.attention.self.key,Linear,0.05347,0.375,150994944.0,590592,0,68,0.05347,counter,"[1, 128, 768]","[1, 128, 768]",1081.34,0.0,0.375,cuda_event,cuda
27,encoder.layer.7.attention.self.value,Linear,0.05427,0.375,150994944.0,590592,0,69,0.05427,counter,"[1, 128, 768]","[1, 128, 768]",1081.34,0.0,0.375,cuda_event,cuda
27,encoder.layer.7.attention.output.dense,Linear,0.0529,0.375,150994944.0,590592,0,70,0.0529,counter,"[1, 128, 768]","[1, 128, 768]",1081.34,0.0,0.375,cuda_event,cuda
27,encoder.layer.7.attention.output.LayerNorm,LayerNorm,0.00704,0.375,491520.0,1536,0,71,0.00704,analytic,"[1, 128, 768]","[1, 128, 768]",1081.34,0.0,0.375,cuda_event,cuda
27,encoder.layer.7.intermediate.dense,Linear,0.12288,1.5,603979776.0,2362368,0,72,0.12288,counter,"[1, 128, 768]","[1, 128, 3072]",1081.34,0.0,1.5,cuda_event,cuda
27,encoder.layer.7.intermediate.intermediate_act_fn,GELUActivation,0.00749,1.5,0.0,0,0,73,0.00749,none,"[1, 128, 3072]","[1, 128, 3072]",1081.34,0.0,1.5,cuda_event,cuda
27,encoder.layer.7.output.dense,Linear,0.15392,0.375,603979776.0,2360064,0,74,0.15392,counter,"[1, 128, 3072]","[1, 128, 768]",1081.34,0.0,0.375,cuda_event,cuda
27,encoder.layer.7.output.LayerNorm,LayerNorm,0.00819,0.375,491520.0,1536,0,75,0.00819,analytic,"[1, 128, 768]","[1, 128, 768]",1081.34,0.0,0.375,cuda_event,cuda
27,encoder.layer.8.attention.self.query,Linear,0.05302,0.375,150994944.0,590592,0,76,0.05302,counter,"[1, 128, 768]","[1, 128, 768]",1081.34,0.0,0.375,cuda_event,cuda
27,encoder.layer.8.attention.self.key,Linear,0.0536,0.375,150994944.0,590592,0,77,0.0536,counter,"[1, 128, 768]","[1, 128, 768]",1081.34,0.0,0.375,cuda_event,cuda
27,encoder.layer.8.attention.self.value,Linear,0.05344,0.375,150994944.0,590592,0,78,0.05344,counter,"[1, 128, 768]","[1, 128, 768]",1081.34,0.0,0.375,cuda_event,cuda
27,encoder.layer.8.attention.output.dense,Linear,0.0535,0.375,150994944.0,590592,0,79,0.0535,counter,"[1, 128, 768]","[1, 128, 768]",1081.34,0.0,0.375,cuda_event,cuda
27,encoder.layer.8.attention.output.LayerNorm,LayerNorm,0.00682,0.375,491520.0,1536,0,80,0.00682,analytic,"[1, 128, 768]","[1, 128, 768]",1081.34,0.0,0.375,cuda_event,cuda
27,encoder.layer.8.intermediate.dense,Linear,0.12493,1.5,603979776.0,2362368,0,81,0.12493,counter,"[1, 128, 768]","[1, 128, 3072]",1081.34,0.0,1.5,cuda_event,cuda
27,encoder.layer.8.intermediate.intermediate_act_fn,GELUActivation,0.00624,1.5,0.0,0,0,82,0.00624,none,"[1, 128, 3072]","[1, 128, 3072]",1081.34,0.0,1.5,cuda_event,cuda
27,encoder.layer.8.output.dense,Linear,0.1536,0.375,603979776.0,2360064,0,83,0.1536,counter,"[1, 128, 3072]","[1, 128, 768]",1081.34,0.0,0.375,cuda_event,cuda
27,encoder.layer.8.output.LayerNorm,LayerNorm,0.00819,0.375,491520.0,1536,0,84,0.00819,analytic,"[1, 128, 768]","[1, 128, 768]",1081.34,0.0,0.375,cuda_event,cuda
27,encoder.layer.9.attention.self.query,Linear,0.05264,0.375,150994944.0,590592,0,85,0.05264,counter,"[1, 128, 768]","[1, 128, 768]",1081.34,0.0,0.375,cuda_event,cuda
27,encoder.layer.9.attention.self.key,Linear,0.05376,0.375,150994944.0,590592,0,86,0.05376,counter,"[1, 128, 768]","[1, 128, 768]",1081.34,0.0,0.375,cuda_event,cuda
27,encoder.layer.9.attention.self.value,Linear,0.05363,0.375,150994944.0,590592,0,87,0.05363,counter,"[1, 128, 768]","[1, 128, 768]",1081.34,0.0,0.375,cuda_event,cuda
27,encoder.layer.9.attention.output.dense,Linear,0.05315,0.375,150994944.0,590592,0,88,0.05315,counter,"[1, 128, 768]","[1, 128, 768]",1081.34,0.0,0.375,cuda_event,cuda
27,encoder.layer.9.attention.output.LayerNorm,LayerNorm,0.00803,0.375,491520.0,1536,0,89,0.00803,analytic,"[1, 128, 768]","[1, 128, 768]",1081.34,0.0,0.375,cuda_event,cuda
27,encoder.layer.9.intermediate.dense,Linear,0.12435,1.5,603979776.0,2362368,0,90,0.12435,counter,"[1, 128, 768]","[1, 128, 3072]",1081.34,0.0,1.5,cuda_event,cuda
27,encoder.layer.9.intermediate.intermediate_act_fn,GELUActivation,0.00778,1.5,0.0,0,0,91,0.00778,none,"[1, 128, 3072]","[1, 128, 3072]",1081.34,0.0,1.5,cuda_event,cuda
27,encoder.layer.9.output.dense,Linear,0.15386,0.375,603979776.0,2360064,0,92,0.15386,counter,"[1, 128, 3072]","[1, 128, 768]",1081.34,0.0,0.375,cuda_event,cuda
27,encoder.layer.9.output.LayerNorm,LayerNorm,0.00691,0.375,491520.0,1536,0,93,0.00691,analytic,"[1, 128, 768]","[1, 128, 768]",1081.34,0.0,0.375,cuda_event,cuda
27,encoder.layer.10.attention.self.query,Linear,0.05325,0.375,150994944.0,590592,0,94,0.05325,counter,"[1, 128, 768]","[1, 128, 768]",1081.34,0.0,0.375,cuda_event,cuda
27,encoder.layer.10.attention.self.key,Linear,0.05325,0.375,150994944.0,590592,0,95,0.05325,counter,"[1, 128, 768]","[1, 128, 768]",1081.34,0.0,0.375,cuda_event,cuda
27,encoder.layer.10.attention.self.value,Linear,0.05325,0.375,150994944.0,590592,0,96,0.05325,counter,"[1, 128, 768]","[1, 128, 768]",1081.34,0.0,0.375,cuda_event,cuda
27,encoder.layer.10.attention.output.dense,Linear,0.05331,0.375,150994944.0,590592,0,97,0.05331,counter,"[1, 128, 768]","[1, 128, 768]",1081.34,0.0,0.375,cuda_event,cuda
27,encoder.layer.10.attention.output.LayerNorm,LayerNorm,0.00819,0.375,491520.0,1536,0,98,0.00819,analytic,"[1, 128, 768]","[1, 128, 768]",1081.34,0.0,0.375,cuda_event,cuda
27,encoder.layer.10.intermediate.dense,Linear,0.12288,1.5,603979776.0,2362368,0,99,0.12288,counter,"[1, 128, 768]","[1, 128, 3072]",1081.34,0.0,1.5,cuda_event,cuda
27,encoder.layer.10.intermediate.intermediate_act_fn,GELUActivation,0.00819,1.5,0.0,0,0,100,0.00819,none,"[1, 128, 3072]","[1, 128, 3072]",1081.34,0.0,1.5,cuda_event,cuda
27,encoder.layer.10.output.dense,Linear,0.15376,0.375,603979776.0,2360064,0,101,0.15376,counter,"[1, 128, 3072]","[1, 128, 768]",1081.34,0.0,0.375,cuda_event,cuda
27,encoder.layer.10.output.LayerNorm,LayerNorm,0.00819,0.375,491520.0,1536,0,102,0.00819,analytic,"[1, 128, 768]","[1, 128, 768]",1081.34,0.0,0.375,cuda_event,cuda
27,encoder.layer.11.attention.self.query,Linear,0.05232,0.375,150994944.0,590592,0,103,0.05232,counter,"[1, 128, 768]","[1, 128, 768]",1081.34,0.0,0.375,cuda_event,cuda
27,encoder.layer.11.attention.self.key,Linear,0.05325,0.375,150994944.0,590592,0,104,0.05325,counter,"[1, 128, 768]","[1, 128, 768]",1081.34,0.0,0.375,cuda_event,cuda
27,encoder.layer.11.attention.self.value,Linear,0.05363,0.375,150994944.0,590592,0,105,0.05363,counter,"[1, 128, 768]","[1, 128, 768]",1081.34,0.0,0.375,cuda_event,cuda
27,encoder.layer.11.attention.output.dense,Linear,0.05325,0.375,150994944.0,590592,0,106,0.05325,counter,"[1, 128, 768]","[1, 128, 768]",1081.34,0.0,0.375,cuda_event,cuda
27,encoder.layer.11.attention.output.LayerNorm,LayerNorm,0.00819,0.375,491520.0,1536,0,107,0.00819,analytic,"[1, 128, 768]","[1, 128, 768]",1081.34,0.0,0.375,cuda_event,cuda
27,encoder.layer.11.intermediate.dense,Linear,0.12499,1.5,603979776.0,2362368,0,108,0.12499,counter,"[1, 128, 768]","[1, 128, 3072]",1081.34,0.0,1.5,cuda_event,cuda
27,encoder.layer.11.intermediate.intermediate_act_fn,GELUActivation,0.00627,1.5,0.0,0,0,109,0.00627,none,"[1, 128, 3072]","[1, 128, 3072]",1081.34,0.0,1.5,cuda_event,cuda
27,encoder.layer.11.output.dense,Linear,0.15296,0.375,603979776.0,2360064,0,110,0.15296,counter,"[1, 128, 3072]","[1, 128, 768]",1081.34,0.0,0.375,cuda_event,cuda
27,encoder.layer.11.output.LayerNorm,LayerNorm,0.00822,0.375,491520.0,1536,0,111,0.00822,analytic,"[1, 128, 768]","[1, 128, 768]",1081.34,0.0,0.375,cuda_event,cuda
27,pooler.dense,Linear,0.01434,0.00293,1179648.0,590592,0,112,0.01434,counter,"[1, 768]","[1, 768]",1081.34,0.0,0.003,cuda_event,cuda
27,pooler.activation,Tanh,0.0041,0.00293,3072.0,0,0,113,0.0041,analytic,"[1, 768]","[1, 768]",1081.34,0.0,0.003,cuda_event,cuda
28,embeddings.word_embeddings,Embedding,0.00592,0.375,0.0,23440896,0,0,0.00592,none,"[1, 128]","[1, 128, 768]",1081.34,0.0,0.375,cuda_event,cuda
28,embeddings.token_type_embeddings,Embedding,0.00458,0.375,0.0,1536,0,1,0.00458,none,"[1, 128]","[1, 128, 768]",1081.34,0.0,0.375,cuda_event,cuda
28,embeddings.position_embeddings,Embedding,0.00614,0.375,0.0,393216,0,2,0.00614,none,"[1, 128]","[1, 128, 768]",1081.34,0.0,0.375,cuda_event,cuda
28,embeddings.LayerNorm,LayerNorm,0.00819,0.375,491520.0,1536,0,3,0.00819,analytic,"[1, 128, 768]","[1, 128, 768]",1081.34,0.0,0.375,cuda_event,cuda
28,encoder.layer.0.attention.self.query,Linear,0.05446,0.375,150994944.0,590592,0,4,0.05446,counter,"[1, 128, 768]","[1, 128, 768]",1081.34,0.0,0.375,cuda_event,cuda
28,encoder.layer.0.attention.self.key,Linear,0.05395,0.375,150994944.0,590592,0,5,0.05395,counter,"[1, 128, 768]","[1, 128, 768]",1081.34,0.0,0.375,cuda_event,cuda
28,encoder.layer.0.attention.self.value,Linear,0.05325,0.375,150994944.0,590592,0,6,0.05325,counter,"[1, 128, 768]","[1, 128, 768]",1081.34,0.0,0.375,cuda_event,cuda
28,encoder.layer.0.attention.output.dense,Linear,0.05306,0.375,150994944.0,590592,0,7,0.05306,counter,"[1, 128, 768]","[1, 128, 768]",1081.34,0.0,0.375,cuda_event,cuda
28,encoder.layer.0.attention.output.LayerNorm,LayerNorm,0.00704,0.375,491520.0,1536,0,8,0.00704,analytic,"[1, 128, 768]","[1, 128, 768]",1081.34,0.0,0.375,cuda_event,cuda
28,encoder.layer.0.intermediate.dense,Linear,0.12288,1.5,603979776.0,2362368,0,9,0.12288,counter,"[1, 128, 768]","[1, 128, 3072]",1081.34,0.0,1.5,cuda_event,cuda
28,encoder.layer.0.intermediate.intermediate_act_fn,GELUActivation,0.0079,1.5,0.0,0,0,10,0.0079,none,"[1, 128, 3072]","[1, 128, 3072]",1081.34,0.0,1.5,cuda_event,cuda
28,encoder.layer.0.output.dense,Linear,0.15517,0.375,603979776.0,2360064,0,11,0.15517,counter,"[1, 128, 3072]","[1, 128, 768]",1081.34,0.0,0.375,cuda_event,cuda
28,encoder.layer.0.output.LayerNorm,LayerNorm,0.00819,0.375,491520.0,1536,0,12,0.00819,analytic,"[1, 128, 768]","[1, 128, 768]",1081.34,0.0,0.375,cuda_event,cuda
28,encoder.layer.1.attention.self.query,Linear,0.05258,0.375,150994944.0,590592,0,13,0.05258,counter,"[1, 128, 768]","[1, 128, 768]",1081.34,0.0,0.375,cuda_event,cuda
28,encoder.layer.1.attention.self.key,Linear,0.0535,0.375,150994944.0,590592,0,14,0.0535,counter,"[1, 128, 768]","[1, 128, 768]",1081.34,0.0,0.375,cuda_event,cuda
28,encoder.layer.1.attention.self.value,Linear,0.05366,0.375,150994944.0,590592,0,15,0.05366,counter,"[1, 128, 768]","[1, 128, 768]",1081.34,0.0,0.375,cuda_event,cuda
28,encoder.layer.1.attention.output.dense,Linear,0.05325,0.375,150994944.0,590592,0,16,0.05325,counter,"[1, 128, 768]","[1, 128, 768]",1081.34,0.0,0.375,cuda_event,cuda
28,encoder.layer.1.attention.output.LayerNorm,LayerNorm,0.00778,0.375,491520.0,1536,0,17,0.00778,analytic,"[1, 128, 768]","[1, 128, 768]",1081.34,0.0,0.375,cuda_event,cuda
28,encoder.layer.1.intermediate.dense,Linear,0.12499,1.5,603979776.0,2362368,0,18,0.12499,counter,"[1, 128, 768]","[1, 128, 3072]",1081.34,0.0,1.5,cuda_event,cuda
28,encoder.layer.1.intermediate.intermediate_act_fn,GELUActivation,0.00694,1.5,0.0,0,0,19,0.00694,none,"[1, 128, 3072]","[1, 128, 3072]",1081.34,0.0,1.5,cuda_event,cuda
28,encoder.layer.1.output.dense,Linear,0.15174,0.375,603979776.0,2360064,0,20,0.15174,counter,"[1, 128, 3072]","[1, 128, 768]",1081.34,0.0,0.375,cuda_event,cuda
28,encoder.layer.1.output.LayerNorm,LayerNorm,0.008,0.375,491520.0,1536,0,21,0.008,analytic,"[1, 128, 768]","[1, 128, 768]",1081.34,0.0,0.375,cuda_event,cuda
28,encoder.layer.2.attention.self.query,Linear,0.05363,0.375,150994944.0,590592,0,22,0.05363,counter,"[1, 128, 768]","[1, 128, 768]",1081.34,0.0,0.375,cuda_event,cuda
28,encoder.layer.2.attention.self.key,Linear,0.05331,0.375,150994944.0,590592,0,23,0.05331,counter,"[1, 128, 768]","[1, 128, 768]",1081.34,0.0,0.375,cuda_event,cuda
28,encoder.layer.2.attention.self.value,Linear,0.05437,0.375,150994944.0,590592,0,24,0.05437,counter,"[1, 128, 768]","[1, 128, 768]",1081.34,0.0,0.375,cuda_event,cuda
28,encoder.layer.2.attention.output.dense,Linear,0.05325,0.375,150994944.0,590592,0,25,0.05325,counter,"[1, 128, 768]","[1, 128, 768]",1081.34,0.0,0.375,cuda_event,cuda
28,encoder.layer.2.attention.output.LayerNorm,LayerNorm,0.00813,0.375,491520.0,1536,0,26,0.00813,analytic,"[1, 128, 768]","[1, 128, 768]",1081.34,0.0,0.375,cuda_event,cuda
28,encoder.layer.2.intermediate.dense,Linear,0.1231,1.5,603979776.0,2362368,0,27,0.1231,counter,"[1, 128, 768]","[1, 128, 3072]",1081.34,0.0,1.5,cuda_event,cuda
28,encoder.layer.2.intermediate.intermediate_act_fn,GELUActivation,0.00774,1.5,0.0,0,0,28,0.00774,none,"[1, 128, 3072]","[1, 128, 3072]",1081.34,0.0,1.5,cuda_event,cuda
28,encoder.layer.2.output.dense,Linear,0.15325,0.375,603979776.0,2360064,0,29,0.15325,counter,"[1, 128, 3072]","[1, 128, 768]",1081.34,0.0,0.375,cuda_event,cuda
28,encoder.layer.2.output.LayerNorm,LayerNorm,0.00816,0.375,491520.0,1536,0,30,0.00816,analytic,"[1, 128, 768]","[1, 128, 768]",1081.34,0.0,0.375,cuda_event,cuda
28,encoder.layer.3.attention.self.query,Linear,0.05344,0.375,150994944.0,590592,0,31,0.05344,counter,"[1, 128, 768]","[1, 128, 768]",1081.34,0.0,0.375,cuda_event,cuda
28,encoder.layer.3.attention.self.key,Linear,0.05334,0.375,150994944.0,590592,0,32,0.05334,counter,"[1, 128, 768]","[1, 128, 768]",1081.34,0.0,0.375,cuda_event,cuda
28,encoder.layer.3.attention.self.value,Linear,0.05469,0.375,150994944.0,590592,0,33,0.05469,counter,"[1, 128, 768]","[1, 128, 768]",1081.34,0.0,0.375,cuda_event,cuda
28,encoder.layer.3.attention.output.dense,Linear,0.05325,0.375,150994944.0,590592,0,34,0.05325,counter,"[1, 128, 768]","[1, 128, 768]",1081.34,0.0,0.375,cuda_event,cuda
28,encoder.layer.3.attention.output.LayerNorm,LayerNorm,0.00781,0.375,491520.0,1536,0,35,0.00781,analytic,"[1, 128, 768]","[1, 128, 768]",1081.34,0.0,0.375,cuda_event,cuda
28,encoder.layer.3.intermediate.dense,Linear,0.12723,1.5,603979776.0,2362368,0,36,0.12723,counter,"[1, 128, 768]","[1, 128, 3072]",1081.34,0.0,1.5,cuda_event,cuda
28,encoder.layer.3.intermediate.intermediate_act_fn,GELUActivation,0.00656,1.5,0.0,0,0,37,0.00656,none,"[1, 128, 3072]","[1, 128, 3072]",1081.34,0.0,1.5,cuda_event,cuda
28,encoder.layer.3.output.dense,Linear,0.15354,0.375,603979776.0,2360064,0,38,0.15354,counter,"[1, 128, 3072]","[1, 128, 768]",1081.34,0.0,0.375,cuda_event,cuda
28,encoder.layer.3.output.LayerNorm,LayerNorm,0.00778,0.375,491520.0,1536,0,39,0.00778,analytic,"[1, 128, 768]","[1, 128, 768]",1081.34,0.0,0.375,cuda_event,cuda
28,encoder.layer.4.attention.self.query,Linear,0.05325,0.375,150994944.0,590592,0,40,0.05325,counter,"[1, 128, 768]","[1, 128, 768]",1081.34,0.0,0.375,cuda_event,cuda
28,encoder.layer.4.attention.self.key,Linear,0.05443,0.375,150994944.0,590592,0,41,0.05443,counter,"[1, 128, 768]","[1, 128, 768]",1081.34,0.0,0.375,cuda_event,cuda
28,encoder.layer.4.attention.self.value,Linear,0.05392,0.375,150994944.0,590592,0,42,0.05392,counter,"[1, 128, 768]","[1, 128, 768]",1081.34,0.0,0.375,cuda_event,cuda
28,encoder.layer.4.attention.output.dense,Linear,0.05325,0.375,150994944.0,590592,0,43,0.05325,counter,"[1, 128, 768]","[1, 128, 768]",1081.34,0.0,0.375,cuda_event,cuda
28,encoder.layer.4.attention.output.LayerNorm,LayerNorm,0.00781,0.375,491520.0,1536,0,44,0.00781,analytic,"[1, 128, 768]","[1, 128, 768]",1081.34,0.0,0.375,cuda_event,cuda
28,encoder.layer.4.intermediate.dense,Linear,0.12323,1.5,603979776.0,2362368,0,45,0.12323,counter,"[1, 128, 768]","[1, 128, 3072]",1081.34,0.0,1.5,cuda_event,cuda
28,encoder.layer.4.intermediate.intermediate_act_fn,GELUActivation,0.00646,1.5,0.0,0,0,46,0.00646,none,"[1, 128, 3072]","[1, 128, 3072]",1081.34,0.0,1.5,cuda_event,cuda
28,encoder.layer.4.output.dense,Linear,0.15344,0.375,603979776.0,2360064,0,47,0.15344,counter,"[1, 128, 3072]","[1, 128, 768]",1081.34,0.0,0.375,cuda_event,cuda
28,encoder.layer.4.output.LayerNorm,LayerNorm,0.00784,0.375,491520.0,1536,0,48,0.00784,analytic,"[1, 128, 768]","[1, 128, 768]",1081.34,0.0,0.375,cuda_event,cuda
28,encoder.layer.5.attention.self.query,Linear,0.05494,0.375,150994944.0,590592,0,49,0.05494,counter,"[1, 128, 768]","[1, 128, 768]",1081.34,0.0,0.375,cuda_event,cuda
28,encoder.layer.5.attention.self.key,Linear,0.05341,0.375,150994944.0,590592,0,50,0.05341,counter,"[1, 128, 768]","[1, 128, 768]",1081.34,0.0,0.375,cuda_event,cuda
28,encoder.layer.5.attention.self.value,Linear,0.05373,0.375,150994944.0,590592,0,51,0.05373,counter,"[1, 128, 768]","[1, 128, 768]",1081.34,0.0,0.375,cuda_event,cuda
28,encoder.layer.5.attention.output.dense,Linear,0.05498,0.375,150994944.0,590592,0,52,0.05498,counter,"[1, 128, 768]","[1, 128, 768]",1081.34,0.0,0.375,cuda_event,cuda
28,encoder.layer.5.attention.output.LayerNorm,LayerNorm,0.00819,0.375,491520.0,1536,0,53,0.00819,analytic,"[1, 128, 768]","[1, 128, 768]",1081.34,0.0,0.375,cuda_event,cuda
28,encoder.layer.5.intermediate.dense,Linear,0.1249,1.5,603979776.0,2362368,0,54,0.1249,counter,"[1, 128, 768]","[1, 128, 3072]",1081.34,0.0,1.5,cuda_event,cuda
28,encoder.layer.5.intermediate.intermediate_act_fn,GELUActivation,0.0063,1.5,0.0,0,0,55,0.0063,none,"[1, 128, 3072]","[1, 128, 3072]",1081.34,0.0,1.5,cuda_event,cuda
28,encoder.layer.5.output.dense,Linear,0.1536,0.375,603979776.0,2360064,0,56,0.1536,counter,"[1, 128, 3072]","[1, 128, 768]",1081.34,0.0,0.375,cuda_event,cuda
28,encoder.layer.5.output.LayerNorm,LayerNorm,0.0081,0.375,491520.0,1536,0,57,0.0081,analytic,"[1, 128, 768]","[1, 128, 768]",1081.34,0.0,0.375,cuda_event,cuda
28,encoder.layer.6.attention.self.query,Linear,0.05299,0.375,150994944.0,590592,0,58,0.05299,counter,"[1, 128, 768]","[1, 128, 768]",1081.34,0.0,0.375,cuda_event,cuda
28,encoder.layer.6.attention.self.key,Linear,0.05376,0.375,150994944.0,590592,0,59,0.05376,counter,"[1, 128, 768]","[1, 128, 768]",1081.34,0.0,0.375,cuda_event,cuda
28,encoder.layer.6.attention.self.value,Linear,0.05338,0.375,150994944.0,590592,0,60,0.05338,counter,"[1, 128, 768]","[1, 128, 768]",1081.34,0.0,0.375,cuda_event,cuda
28,encoder.layer.6.attention.output.dense,Linear,0.05325,0.375,150994944.0,590592,0,61,0.05325,counter,"[1, 128, 768]","[1, 128, 768]",1081.34,0.0,0.375,cuda_event,cuda
28,encoder.layer.6.attention.output.LayerNorm,LayerNorm,0.00691,0.375,491520.0,1536,0,62,0.00691,analytic,"[1, 128, 768]","[1, 128, 768]",1081.34,0.0,0.375,cuda_event,cuda
28,encoder.layer.6.intermediate.dense,Linear,0.12662,1.5,603979776.0,2362368,0,63,0.12662,counter,"[1, 128, 768]","[1, 128, 3072]",1081.34,0.0,1.5,cuda_event,cuda
28,encoder.layer.6.intermediate.intermediate_act_fn,GELUActivation,0.00662,1.5,0.0,0,0,64,0.00662,none,"[1, 128, 3072]","[1, 128, 3072]",1081.34,0.0,1.5,cuda_event,cuda
28,encoder.layer.6.output.dense,Linear,0.15155,0.375,603979776.0,2360064,0,65,0.15155,counter,"[1, 128, 3072]","[1, 128, 768]",1081.34,0.0,0.375,cuda_event,cuda
28,encoder.layer.6.output.LayerNorm,LayerNorm,0.00819,0.375,491520.0,1536,0,66,0.00819,analytic,"[1, 128, 768]","[1, 128, 768]",1081.34,0.0,0.375,cuda_event,cuda
28,encoder.layer.7.attention.self.query,Linear,0.05325,0.375,150994944.0,590592,0,67,0.05325,counter,"[1, 128, 768]","[1, 128, 768]",1081.34,0.0,0.375,cuda_event,cuda
28,encoder.layer.7.attention.self.key,Linear,0.05331,0.375,150994944.0,590592,0,68,0.05331,counter,"[1, 128, 768]","[1, 128, 768]",1081.34,0.0,0.375,cuda_event,cuda
28,encoder.layer.7.attention.self.value,Linear,0.05488,0.375,150994944.0,590592,0,69,0.05488,counter,"[1, 128, 768]","[1, 128, 768]",1081.34,0.0,0.375,cuda_event,cuda
28,encoder.layer.7.attention.output.dense,Linear,0.0529,0.375,150994944.0,590592,0,70,0.0529,counter,"[1, 128, 768]","[1, 128, 768]",1081.34,0.0,0.375,cuda_event,cuda
28,encoder.layer.7.attention.output.LayerNorm,LayerNorm,0.00688,0.375,491520.0,1536,0,71,0.00688,analytic,"[1, 128, 768]","[1, 128, 768]",1081.34,0.0,0.375,cuda_event,cuda
28,encoder.layer.7.intermediate.dense,Linear,0.12426,1.5,603979776.0,2362368,0,72,0.12426,counter,"[1, 128, 768]","[1, 128, 3072]",1081.34,0.0,1.5,cuda_event,cuda
28,encoder.layer.7.intermediate.intermediate_act_fn,GELUActivation,0.00678,1.5,0.0,0,0,73,0.00678,none,"[1, 128, 3072]","[1, 128, 3072]",1081.34,0.0,1.5,cuda_event,cuda
28,encoder.layer.7.output.dense,Linear,0.15485,0.375,603979776.0,2360064,0,74,0.15485,counter,"[1, 128, 3072]","[1, 128, 768]",1081.34,0.0,0.375,cuda_event,cuda
28,encoder.layer.7.output.LayerNorm,LayerNorm,0.00819,0.375,491520.0,1536,0,75,0.00819,analytic,"[1, 128, 768]","[1, 128, 768]",1081.34,0.0,0.375,cuda_event,cuda
28,encoder.layer.8.attention.self.query,Linear,0.05325,0.375,150994944.0,590592,0,76,0.05325,counter,"[1, 128, 768]","[1, 128, 768]",1081.34,0.0,0.375,cuda_event,cuda
28,encoder.layer.8.attention.self.key,Linear,0.05469,0.375,150994944.0,590592,0,77,0.05469,counter,"[1, 128, 768]","[1, 128, 768]",1081.34,0.0,0.375,cuda_event,cuda
28,encoder.layer.8.attention.self.value,Linear,0.05395,0.375,150994944.0,590592,0,78,0.05395,counter,"[1, 128, 768]","[1, 128, 768]",1081.34,0.0,0.375,cuda_event,cuda
28,encoder.layer.8.attention.output.dense,Linear,0.05376,0.375,150994944.0,590592,0,79,0.05376,counter,"[1, 128, 768]","[1, 128, 768]",1081.34,0.0,0.375,cuda_event,cuda
28,encoder.layer.8.attention.output.LayerNorm,LayerNorm,0.00691,0.375,491520.0,1536,0,80,0.00691,analytic,"[1, 128, 768]","[1, 128, 768]",1081.34,0.0,0.375,cuda_event,cuda
28,encoder.layer.8.intermediate.dense,Linear,0.12672,1.5,603979776.0,2362368,0,81,0.12672,counter,"[1, 128, 768]","[1, 128, 3072]",1081.34,0.0,1.5,cuda_event,cuda
28,encoder.layer.8.intermediate.intermediate_act_fn,GELUActivation,0.00643,1.5,0.0,0,0,82,0.00643,none,"[1, 128, 3072]","[1, 128, 3072]",1081.34,0.0,1.5,cuda_event,cuda
28,encoder.layer.8.output.dense,Linear,0.1536,0.375,603979776.0,2360064,0,83,0.1536,counter,"[1, 128, 3072]","[1, 128, 768]",1081.34,0.0,0.375,cuda_event,cuda
28,encoder.layer.8.output.LayerNorm,LayerNorm,0.008,0.375,491520.0,1536,0,84,0.008,analytic,"[1, 128, 768]","[1, 128, 768]",1081.34,0.0,0.375,cuda_event,cuda
28,encoder.layer.9.attention.self.query,Linear,0.05325,0.375,150994944.0,590592,0,85,0.05325,counter,"[1, 128, 768]","[1, 128, 768]",1081.34,0.0,0.375,cuda_event,cuda
28,encoder.layer.9.attention.self.key,Linear,0.05328,0.375,150994944.0,590592,0,86,0.05328,counter,"[1, 128, 768]","[1, 128, 768]",1081.34,0.0,0.375,cuda_event,cuda
28,encoder.layer.9.attention.self.value,Linear,0.05347,0.375,150994944.0,590592,0,87,0.05347,counter,"[1, 128, 768]","[1, 128, 768]",1081.34,0.0,0.375,cuda_event,cuda
28,encoder.layer.9.attention.output.dense,Linear,0.0545,0.375,150994944.0,590592,0,88,0.0545,counter,"[1, 128, 768]","[1, 128, 768]",1081.34,0.0,0.375,cuda_event,cuda
28,encoder.layer.9.attention.output.LayerNorm,LayerNorm,0.00819,0.375,491520.0,1536,0,89,0.00819,analytic,"[1, 128, 768]","[1, 128, 768]",1081.34,0.0,0.375,cuda_event,cuda
28,encoder.layer.9.intermediate.dense,Linear,0.12291,1.5,603979776.0,2362368,0,90,0.12291,counter,"[1, 128, 768]","[1, 128, 3072]",1081.34,0.0,1.5,cuda_event,cuda
28,encoder.layer.9.intermediate.intermediate_act_fn,GELUActivation,0.0081,1.5,0.0,0,0,91,0.0081,none,"[1, 128, 3072]","[1, 128, 3072]",1081.34,0.0,1.5,cuda_event,cuda
28,encoder.layer.9.output.dense,Linear,0.15386,0.375,603979776.0,2360064,0,92,0.15386,counter,"[1, 128, 3072]","[1, 128, 768]",1081.34,0.0,0.375,cuda_event,cuda
28,encoder.layer.9.output.LayerNorm,LayerNorm,0.00781,0.375,491520.0,1536,0,93,0.00781,analytic,"[1, 128, 768]","[1, 128, 768]",1081.34,0.0,0.375,cuda_event,cuda
28,encoder.layer.10.attention.self.query,Linear,0.05184,0.375,150994944.0,590592,0,94,0.05184,counter,"[1, 128, 768]","[1, 128, 768]",1081.34,0.0,0.375,cuda_event,cuda
28,encoder.layer.10.attention.self.key,Linear,0.05325,0.375,150994944.0,590592,0,95,0.05325,counter,"[1, 128, 768]","[1, 128, 768]",1081.34,0.0,0.375,cuda_event,cuda
28,encoder.layer.10.attention.self.value,Linear,0.05325,0.375,150994944.0,590592,0,96,0.05325,counter,"[1, 128, 768]","[1, 128, 768]",1081.34,0.0,0.375,cuda_event,cuda
28,encoder.layer.10.attention.output.dense,Linear,0.0537,0.375,150994944.0,590592,0,97,0.0537,counter,"[1, 128, 768]","[1, 128, 768]",1081.34,0.0,0.375,cuda_event,cuda
28,encoder.layer.10.attention.output.LayerNorm,LayerNorm,0.00794,0.375,491520.0,1536,0,98,0.00794,analytic,"[1, 128, 768]","[1, 128, 768]",1081.34,0.0,0.375,cuda_event,cuda
28,encoder.layer.10.intermediate.dense,Linear,0.1232,1.5,603979776.0,2362368,0,99,0.1232,counter,"[1, 128, 768]","[1, 128, 3072]",1081.34,0.0,1.5,cuda_event,cuda
28,encoder.layer.10.intermediate.intermediate_act_fn,GELUActivation,0.00787,1.5,0.0,0,0,100,0.00787,none,"[1, 128, 3072]","[1, 128, 3072]",1081.34,0.0,1.5,cuda_event,cuda
28,encoder.layer.10.output.dense,Linear,0.15514,0.375,603979776.0,2360064,0,101,0.15514,counter,"[1, 128, 3072]","[1, 128, 768]",1081.34,0.0,0.375,cuda_event,cuda
28,encoder.layer.10.output.LayerNorm,LayerNorm,0.00819,0.375,491520.0,1536,0,102,0.00819,analytic,"[1, 128, 768]","[1, 128, 768]",1081.34,0.0,0.375,cuda_event,cuda
28,encoder.layer.11.attention.self.query,Linear,0.05293,0.375,150994944.0,590592,0,103,0.05293,counter,"[1, 128, 768]","[1, 128, 768]",1081.34,0.0,0.375,cuda_event,cuda
28,encoder.layer.11.attention.self.key,Linear,0.05347,0.375,150994944.0,590592,0,104,0.05347,counter,"[1, 128, 768]","[1, 128, 768]",1081.34,0.0,0.375,cuda_event,cuda
28,encoder.layer.11.attention.self.value,Linear,0.05344,0.375,150994944.0,590592,0,105,0.05344,counter,"[1, 128, 768]","[1, 128, 768]",1081.34,0.0,0.375,cuda_event,cuda
28,encoder.layer.11.attention.output.dense,Linear,0.05443,0.375,150994944.0,590592,0,106,0.05443,counter,"[1, 128, 768]","[1, 128, 768]",1081.34,0.0,0.375,cuda_event,cuda
28,encoder.layer.11.attention.output.LayerNorm,LayerNorm,0.00819,0.375,491520.0,1536,0,107,0.00819,analytic,"[1, 128, 768]","[1, 128, 768]",1081.34,0.0,0.375,cuda_event,cuda
28,encoder.layer.11.intermediate.dense,Linear,0.12419,1.5,603979776.0,2362368,0,108,0.12419,counter,"[1, 128, 768]","[1, 128, 3072]",1081.34,0.0,1.5,cuda_event,cuda
28,encoder.layer.11.intermediate.intermediate_act_fn,GELUActivation,0.00698,1.5,0.0,0,0,109,0.00698,none,"[1, 128, 3072]","[1, 128, 3072]",1081.34,0.0,1.5,cuda_event,cuda
28,encoder.layer.11.output.dense,Linear,0.15155,0.375,603979776.0,2360064,0,110,0.15155,counter,"[1, 128, 3072]","[1, 128, 768]",1081.34,0.0,0.375,cuda_event,cuda
28,encoder.layer.11.output.LayerNorm,LayerNorm,0.008,0.375,491520.0,1536,0,111,0.008,analytic,"[1, 128, 768]","[1, 128, 768]",1081.34,0.0,0.375,cuda_event,cuda
28,pooler.dense,Linear,0.01376,0.00293,1179648.0,590592,0,112,0.01376,counter,"[1, 768]","[1, 768]",1081.34,0.0,0.003,cuda_event,cuda
28,pooler.activation,Tanh,0.00518,0.00293,3072.0,0,0,113,0.00518,analytic,"[1, 768]","[1, 768]",1081.34,0.0,0.003,cuda_event,cuda
29,embeddings.word_embeddings,Embedding,0.00614,0.375,0.0,23440896,0,0,0.00614,none,"[1, 128]","[1, 128, 768]",1081.34,0.0,0.375,cuda_event,cuda
29,embeddings.token_type_embeddings,Embedding,0.00416,0.375,0.0,1536,0,1,0.00416,none,"[1, 128]","[1, 128, 768]",1081.34,0.0,0.375,cuda_event,cuda
29,embeddings.position_embeddings,Embedding,0.00611,0.375,0.0,393216,0,2,0.00611,none,"[1, 128]","[1, 128, 768]",1081.34,0.0,0.375,cuda_event,cuda
29,embeddings.LayerNorm,LayerNorm,0.00675,0.375,491520.0,1536,0,3,0.00675,analytic,"[1, 128, 768]","[1, 128, 768]",1081.34,0.0,0.375,cuda_event,cuda
29,encoder.layer.0.attention.self.query,Linear,0.05466,0.375,150994944.0,590592,0,4,0.05466,counter,"[1, 128, 768]","[1, 128, 768]",1081.34,0.0,0.375,cuda_event,cuda
29,encoder.layer.0.attention.self.key,Linear,0.05405,0.375,150994944.0,590592,0,5,0.05405,counter,"[1, 128, 768]","[1, 128, 768]",1081.34,0.0,0.375,cuda_event,cuda
29,encoder.layer.0.attention.self.value,Linear,0.05338,0.375,150994944.0,590592,0,6,0.05338,counter,"[1, 128, 768]","[1, 128, 768]",1081.34,0.0,0.375,cuda_event,cuda
29,encoder.layer.0.attention.output.dense,Linear,0.05347,0.375,150994944.0,590592,0,7,0.05347,counter,"[1, 128, 768]","[1, 128, 768]",1081.34,0.0,0.375,cuda_event,cuda
29,encoder.layer.0.attention.output.LayerNorm,LayerNorm,0.00806,0.375,491520.0,1536,0,8,0.00806,analytic,"[1, 128, 768]","[1, 128, 768]",1081.34,0.0,0.375,cuda_event,cuda
29,encoder.layer.0.intermediate.dense,Linear,0.12451,1.5,603979776.0,2362368,0,9,0.12451,counter,"[1, 128, 768]","[1, 128, 3072]",1081.34,0.0,1.5,cuda_event,cuda
29,encoder.layer.0.intermediate.intermediate_act_fn,GELUActivation,0.00678,1.5,0.0,0,0,10,0.00678,none,"[1, 128, 3072]","[1, 128, 3072]",1081.34,0.0,1.5,cuda_event,cuda
29,encoder.layer.0.output.dense,Linear,0.1536,0.375,603979776.0,2360064,0,11,0.1536,counter,"[1, 128, 3072]","[1, 128, 768]",1081.34,0.0,0.375,cuda_event,cuda
29,encoder.layer.0.output.LayerNorm,LayerNorm,0.00819,0.375,491520.0,1536,0,12,0.00819,analytic,"[1, 128, 768]","[1, 128, 768]",1081.34,0.0,0.375,cuda_event,cuda
29,encoder.layer.1.attention.self.query,Linear,0.05325,0.375,150994944.0,590592,0,13,0.05325,counter,"[1, 128, 768]","[1, 128, 768]",1081.34,0.0,0.375,cuda_event,cuda
29,encoder.layer.1.attention.self.key,Linear,0.05325,0.375,150994944.0,590592,0,14,0.05325,counter,"[1, 128, 768]","[1, 128, 768]",1081.34,0.0,0.375,cuda_event,cuda
29,encoder.layer.1.attention.self.value,Linear,0.05325,0.375,150994944.0,590592,0,15,0.05325,counter,"[1, 128, 768]","[1, 128, 768]",1081.34,0.0,0.375,cuda_event,cuda
29,encoder.layer.1.attention.output.dense,Linear,0.05325,0.375,150994944.0,590592,0,16,0.05325,counter,"[1, 128, 768]","[1, 128, 768]",1081.34,0.0,0.375,cuda_event,cuda
29,encoder.layer.1.attention.output.LayerNorm,LayerNorm,0.00707,0.375,491520.0,1536,0,17,0.00707,analytic,"[1, 128, 768]","[1, 128, 768]",1081.34,0.0,0.375,cuda_event,cuda
29,encoder.layer.1.intermediate.dense,Linear,0.12493,1.5,603979776.0,2362368,0,18,0.12493,counter,"[1, 128, 768]","[1, 128, 3072]",1081.34,0.0,1.5,cuda_event,cuda
29,encoder.layer.1.intermediate.intermediate_act_fn,GELUActivation,0.00614,1.5,0.0,0,0,19,0.00614,none,"[1, 128, 3072]","[1, 128, 3072]",1081.34,0.0,1.5,cuda_event,cuda
29,encoder.layer.1.output.dense,Linear,0.1536,0.375,603979776.0,2360064,0,20,0.1536,counter,"[1, 128, 3072]","[1, 128, 768]",1081.34,0.0,0.375,cuda_event,cuda
29,encoder.layer.1.output.LayerNorm,LayerNorm,0.00819,0.375,491520.0,1536,0,21,0.00819,analytic,"[1, 128, 768]","[1, 128, 768]",1081.34,0.0,0.375,cuda_event,cuda
29,encoder.layer.2.attention.self.query,Linear,0.05302,0.375,150994944.0,590592,0,22,0.05302,counter,"[1, 128, 768]","[1, 128, 768]",1081.34,0.0,0.375,cuda_event,cuda
29,encoder.layer.2.attention.self.key,Linear,0.05472,0.375,150994944.0,590592,0,23,0.05472,counter,"[1, 128, 768]","[1, 128, 768]",1081.34,0.0,0.375,cuda_event,cuda
29,encoder.layer.2.attention.self.value,Linear,0.0553,0.375,150994944.0,590592,0,24,0.0553,counter,"[1, 128, 768]","[1, 128, 768]",1081.34,0.0,0.375,cuda_event,cuda
29,encoder.layer.2.attention.output.dense,Linear,0.05325,0.375,150994944.0,590592,0,25,0.05325,counter,"[1, 128, 768]","[1, 128, 768]",1081.34,0.0,0.375,cuda_event,cuda
29,encoder.layer.2.attention.output.LayerNorm,LayerNorm,0.00819,0.375,491520.0,1536,0,26,0.00819,analytic,"[1, 128, 768]","[1, 128, 768]",1081.34,0.0,0.375,cuda_event,cuda
29,encoder.layer.2.intermediate.dense,Linear,0.12288,1.5,603979776.0,2362368,0,27,0.12288,counter,"[1, 128, 768]","[1, 128, 3072]",1081.34,0.0,1.5,cuda_event,cuda
29,encoder.layer.2.intermediate.intermediate_act_fn,GELUActivation,0.00614,1.5,0.0,0,0,28,0.00614,none,"[1, 128, 3072]","[1, 128, 3072]",1081.34,0.0,1.5,cuda_event,cuda
29,encoder.layer.2.output.dense,Linear,0.15325,0.375,603979776.0,2360064,0,29,0.15325,counter,"[1, 128, 3072]","[1, 128, 768]",1081.34,0.0,0.375,cuda_event,cuda
29,encoder.layer.2.output.LayerNorm,LayerNorm,0.00688,0.375,491520.0,1536,0,30,0.00688,analytic,"[1, 128, 768]","[1, 128, 768]",1081.34,0.0,0.375,cuda_event,cuda
29,encoder.layer.3.attention.self.query,Linear,0.05325,0.375,150994944.0,590592,0,31,0.05325,counter,"[1, 128, 768]","[1, 128, 768]",1081.34,0.0,0.375,cuda_event,cuda
29,encoder.layer.3.attention.self.key,Linear,0.05325,0.375,150994944.0,590592,0,32,0.05325,counter,"[1, 128, 768]","[1, 128, 768]",1081.34,0.0,0.375,cuda_event,cuda
29,encoder.layer.3.attention.self.value,Linear,0.05453,0.375,150994944.0,590592,0,33,0.05453,counter,"[1, 128, 768]","[1, 128, 768]",1081.34,0.0,0.375,cuda_event,cuda
29,encoder.layer.3.attention.output.dense,Linear,0.05325,0.375,150994944.0,590592,0,34,0.05325,counter,"[1, 128, 768]","[1, 128, 768]",1081.34,0.0,0.375,cuda_event,cuda
29,encoder.layer.3.attention.output.LayerNorm,LayerNorm,0.00813,0.375,491520.0,1536,0,35,0.00813,analytic,"[1, 128, 768]","[1, 128, 768]",1081.34,0.0,0.375,cuda_event,cuda
29,encoder.layer.3.intermediate.dense,Linear,0.12515,1.5,603979776.0,2362368,0,36,0.12515,counter,"[1, 128, 768]","[1, 128, 3072]",1081.34,0.0,1.5,cuda_event,cuda
29,encoder.layer.3.intermediate.intermediate_act_fn,GELUActivation,0.00624,1.5,0.0,0,0,37,0.00624,none,"[1, 128, 3072]","[1, 128, 3072]",1081.34,0.0,1.5,cuda_event,cuda
29,encoder.layer.3.output.dense,Linear,0.15549,0.375,603979776.0,2360064,0,38,0.15549,counter,"[1, 128, 3072]","[1, 128, 768]",1081.34,0.0,0.375,cuda_event,cuda
29,encoder.layer.3.output.LayerNorm,LayerNorm,0.00784,0.375,491520.0,1536,0,39,0.00784,analytic,"[1, 128, 768]","[1, 128, 768]",1081.34,0.0,0.375,cuda_event,cuda
29,encoder.layer.4.attention.self.query,Linear,0.05325,0.375,150994944.0,590592,0,40,0.05325,counter,"[1, 128, 768]","[1, 128, 768]",1081.34,0.0,0.375,cuda_event,cuda
29,encoder.layer.4.attention.self.key,Linear,0.05325,0.375,150994944.0,590592,0,41,0.05325,counter,"[1, 128, 768]","[1, 128, 768]",1081.34,0.0,0.375,cuda_event,cuda
29,encoder.layer.4.attention.self.value,Linear,0.05478,0.375,150994944.0,590592,0,42,0.05478,counter,"[1, 128, 768]","[1, 128, 768]",1081.34,0.0,0.375,cuda_event,cuda
29,encoder.layer.4.attention.output.dense,Linear,0.05315,0.375,150994944.0,590592,0,43,0.05315,counter,"[1, 128, 768]","[1, 128, 768]",1081.34,0.0,0.375,cuda_event,cuda
29,encoder.layer.4.attention.output.LayerNorm,LayerNorm,0.00784,0.375,491520.0,1536,0,44,0.00784,analytic,"[1, 128, 768]","[1, 128, 768]",1081.34,0.0,0.375,cuda_event,cuda
29,encoder.layer.4.intermediate.dense,Linear,0.12349,1.5,603979776.0,2362368,0,45,0.12349,counter,"[1, 128, 768]","[1, 128, 3072]",1081.34,0.0,1.5,cuda_event,cuda
29,encoder.layer.4.intermediate.intermediate_act_fn,GELUActivation,0.00794,1.5,0.0,0,0,46,0.00794,none,"[1, 128, 3072]","[1, 128, 3072]",1081.34,0.0,1.5,cuda_event,cuda
29,encoder.layer.4.output.dense,Linear,0.14992,0.375,603979776.0,2360064,0,47,0.14992,counter,"[1, 128, 3072]","[1, 128, 768]",1081.34,0.0,0.375,cuda_event,cuda
29,encoder.layer.4.output.LayerNorm,LayerNorm,0.00819,0.375,491520.0,1536,0,48,0.00819,analytic,"[1, 128, 768]","[1, 128, 768]",1081.34,0.0,0.375,cuda_event,cuda
29,encoder.layer.5.attention.self.query,Linear,0.05274,0.375,150994944.0,590592,0,49,0.05274,counter,"[1, 128, 768]","[1, 128, 768]",1081.34,0.0,0.375,cuda_event,cuda
29,encoder.layer.5.attention.self.key,Linear,0.05354,0.375,150994944.0,590592,0,50,0.05354,counter,"[1, 128, 768]","[1, 128, 768]",1081.34,0.0,0.375,cuda_event,cuda
29,encoder.layer.5.attention.self.value,Linear,0.05382,0.375,150994944.0,590592,0,51,0.05382,counter,"[1, 128, 768]","[1, 128, 768]",1081.34,0.0,0.375,cuda_event,cuda
29,encoder.layer.5.attention.output.dense,Linear,0.05325,0.375,150994944.0,590592,0,52,0.05325,counter,"[1, 128, 768]","[1, 128, 768]",1081.34,0.0,0.375,cuda_event,cuda
29,encoder.layer.5.attention.output.LayerNorm,LayerNorm,0.00819,0.375,491520.0,1536,0,53,0.00819,analytic,"[1, 128, 768]","[1, 128, 768]",1081.34,0.0,0.375,cuda_event,cuda
29,encoder.layer.5.intermediate.dense,Linear,0.12288,1.5,603979776.0,2362368,0,54,0.12288,counter,"[1, 128, 768]","[1, 128, 3072]",1081.34,0.0,1.5,cuda_event,cuda
29,encoder.layer.5.intermediate.intermediate_act_fn,GELUActivation,0.00614,1.5,0.0,0,0,55,0.00614,none,"[1, 128, 3072]","[1, 128, 3072]",1081.34,0.0,1.5,cuda_event,cuda
29,encoder.layer.5.output.dense,Linear,0.15501,0.375,603979776.0,2360064,0,56,0.15501,counter,"[1, 128, 3072]","[1, 128, 768]",1081.34,0.0,0.375,cuda_event,cuda
29,encoder.layer.5.output.LayerNorm,LayerNorm,0.00819,0.375,491520.0,1536,0,57,0.00819,analytic,"[1, 128, 768]","[1, 128, 768]",1081.34,0.0,0.375,cuda_event,cuda
29,encoder.layer.6.attention.self.query,Linear,0.05325,0.375,150994944.0,590592,0,58,0.05325,counter,"[1, 128, 768]","[1, 128, 768]",1081.34,0.0,0.375,cuda_event,cuda
29,encoder.layer.6.attention.self.key,Linear,0.05331,0.375,150994944.0,590592,0,59,0.05331,counter,"[1, 128, 768]","[1, 128, 768]",1081.34,0.0,0.375,cuda_event,cuda
29,encoder.layer.6.attention.self.value,Linear,0.05485,0.375,150994944.0,590592,0,60,0.05485,counter,"[1, 128, 768]","[1, 128, 768]",1081.34,0.0,0.375,cuda_event,cuda
29,encoder.layer.6.attention.output.dense,Linear,0.05293,0.375,150994944.0,590592,0,61,0.05293,counter,"[1, 128, 768]","[1, 128, 768]",1081.34,0.0,0.375,cuda_event,cuda
29,encoder.layer.6.attention.output.LayerNorm,LayerNorm,0.00813,0.375,491520.0,1536,0,62,0.00813,analytic,"[1, 128, 768]","[1, 128, 768]",1081.34,0.0,0.375,cuda_event,cuda
29,encoder.layer.6.intermediate.dense,Linear,0.12294,1.5,603979776.0,2362368,0,63,0.12294,counter,"[1, 128, 768]","[1, 128, 3072]",1081.34,0.0,1.5,cuda_event,cuda
29,encoder.layer.6.intermediate.intermediate_act_fn,GELUActivation,0.00774,1.5,0.0,0,0,64,0.00774,none,"[1, 128, 3072]","[1, 128, 3072]",1081.34,0.0,1.5,cuda_event,cuda
29,encoder.layer.6.output.dense,Linear,0.15558,0.375,603979776.0,2360064,0,65,0.15558,counter,"[1, 128, 3072]","[1, 128, 768]",1081.34,0.0,0.375,cuda_event,cuda
29,encoder.layer.6.output.LayerNorm,LayerNorm,0.00816,0.375,491520.0,1536,0,66,0.00816,analytic,"[1, 128, 768]","[1, 128, 768]",1081.34,0.0,0.375,cuda_event,cuda
29,encoder.layer.7.attention.self.query,Linear,0.05325,0.375,150994944.0,590592,0,67,0.05325,counter,"[1, 128, 768]","[1, 128, 768]",1081.34,0.0,0.375,cuda_event,cuda
29,encoder.layer.7.attention.self.key,Linear,0.05325,0.375,150994944.0,590592,0,68,0.05325,counter,"[1, 128, 768]","[1, 128, 768]",1081.34,0.0,0.375,cuda_event,cuda
29,encoder.layer.7.attention.self.value,Linear,0.05453,0.375,150994944.0,590592,0,69,0.05453,counter,"[1, 128, 768]","[1, 128, 768]",1081.34,0.0,0.375,cuda_event,cuda
29,encoder.layer.7.attention.output.dense,Linear,0.05341,0.375,150994944.0,590592,0,70,0.05341,counter,"[1, 128, 768]","[1, 128, 768]",1081.34,0.0,0.375,cuda_event,cuda
29,encoder.layer.7.attention.output.LayerNorm,LayerNorm,0.00806,0.375,491520.0,1536,0,71,0.00806,analytic,"[1, 128, 768]","[1, 128, 768]",1081.34,0.0,0.375,cuda_event,cuda
29,encoder.layer.7.intermediate.dense,Linear,0.12253,1.5,603979776.0,2362368,0,72,0.12253,counter,"[1, 128, 768]","[1, 128, 3072]",1081.34,0.0,1.5,cuda_event,cuda
29,encoder.layer.7.intermediate.intermediate_act_fn,GELUActivation,0.00678,1.5,0.0,0,0,73,0.00678,none,"[1, 128, 3072]","[1, 128, 3072]",1081.34,0.0,1.5,cuda_event,cuda
29,encoder.layer.7.output.dense,Linear,0.15357,0.375,603979776.0,2360064,0,74,0.15357,counter,"[1, 128, 3072]","[1, 128, 768]",1081.34,0.0,0.375,cuda_event,cuda
29,encoder.layer.7.output.LayerNorm,LayerNorm,0.00787,0.375,491520.0,1536,0,75,0.00787,analytic,"[1, 128, 768]","[1, 128, 768]",1081.34,0.0,0.375,cuda_event,cuda
29,encoder.layer.8.attention.self.query,Linear,0.05197,0.375,150994944.0,590592,0,76,0.05197,counter,"[1, 128, 768]","[1, 128, 768]",1081.34,0.0,0.375,cuda_event,cuda
29,encoder.layer.8.attention.self.key,Linear,0.05325,0.375,150994944.0,590592,0,77,0.05325,counter,"[1, 128, 768]","[1, 128, 768]",1081.34,0.0,0.375,cuda_event,cuda
29,encoder.layer.8.attention.self.value,Linear,0.05446,0.375,150994944.0,590592,0,78,0.05446,counter,"[1, 128, 768]","[1, 128, 768]",1081.34,0.0,0.375,cuda_event,cuda
29,encoder.layer.8.attention.output.dense,Linear,0.05488,0.375,150994944.0,590592,0,79,0.05488,counter,"[1, 128, 768]","[1, 128, 768]",1081.34,0.0,0.375,cuda_event,cuda
29,encoder.layer.8.attention.output.LayerNorm,LayerNorm,0.0071,0.375,491520.0,1536,0,80,0.0071,analytic,"[1, 128, 768]","[1, 128, 768]",1081.34,0.0,0.375,cuda_event,cuda
29,encoder.layer.8.intermediate.dense,Linear,0.12602,1.5,603979776.0,2362368,0,81,0.12602,counter,"[1, 128, 768]","[1, 128, 3072]",1081.34,0.0,1.5,cuda_event,cuda
29,encoder.layer.8.intermediate.intermediate_act_fn,GELUActivation,0.00813,1.5,0.0,0,0,82,0.00813,none,"[1, 128, 3072]","[1, 128, 3072]",1081.34,0.0,1.5,cuda_event,cuda
29,encoder.layer.8.output.dense,Linear,0.15325,0.375,603979776.0,2360064,0,83,0.15325,counter,"[1, 128, 3072]","[1, 128, 768]",1081.34,0.0,0.375,cuda_event,cuda
29,encoder.layer.8.output.LayerNorm,LayerNorm,0.00819,0.375,491520.0,1536,0,84,0.00819,analytic,"[1, 128, 768]","[1, 128, 768]",1081.34,0.0,0.375,cuda_event,cuda
29,encoder.layer.9.attention.self.query,Linear,0.05325,0.375,150994944.0,590592,0,85,0.05325,counter,"[1, 128, 768]","[1, 128, 768]",1081.34,0.0,0.375,cuda_event,cuda
29,encoder.layer.9.attention.self.key,Linear,0.05325,0.375,150994944.0,590592,0,86,0.05325,counter,"[1, 128, 768]","[1, 128, 768]",1081.34,0.0,0.375,cuda_event,cuda
29,encoder.layer.9.attention.self.value,Linear,0.05446,0.375,150994944.0,590592,0,87,0.05446,counter,"[1, 128, 768]","[1, 128, 768]",1081.34,0.0,0.375,cuda_event,cuda
29,encoder.layer.9.attention.output.dense,Linear,0.05325,0.375,150994944.0,590592,0,88,0.05325,counter,"[1, 128, 768]","[1, 128, 768]",1081.34,0.0,0.375,cuda_event,cuda
29,encoder.layer.9.attention.output.LayerNorm,LayerNorm,0.00778,0.375,491520.0,1536,0,89,0.00778,analytic,"[1, 128, 768]","[1, 128, 768]",1081.34,0.0,0.375,cuda_event,cuda
29,encoder.layer.9.intermediate.dense,Linear,0.12163,1.5,603979776.0,2362368,0,90,0.12163,counter,"[1, 128, 768]","[1, 128, 3072]",1081.34,0.0,1.5,cuda_event,cuda
29,encoder.layer.9.intermediate.intermediate_act_fn,GELUActivation,0.00768,1.5,0.0,0,0,91,0.00768,none,"[1, 128, 3072]","[1, 128, 3072]",1081.34,0.0,1.5,cuda_event,cuda
29,encoder.layer.9.output.dense,Linear,0.15398,0.375,603979776.0,2360064,0,92,0.15398,counter,"[1, 128, 3072]","[1, 128, 768]",1081.34,0.0,0.375,cuda_event,cuda
29,encoder.layer.9.output.LayerNorm,LayerNorm,0.00765,0.375,491520.0,1536,0,93,0.00765,analytic,"[1, 128, 768]","[1, 128, 768]",1081.34,0.0,0.375,cuda_event,cuda
29,encoder.layer.10.attention.self.query,Linear,0.05312,0.375,150994944.0,590592,0,94,0.05312,counter,"[1, 128, 768]","[1, 128, 768]",1081.34,0.0,0.375,cuda_event,cuda
29,encoder.layer.10.attention.self.key,Linear,0.05315,0.375,150994944.0,590592,0,95,0.05315,counter,"[1, 128, 768]","[1, 128, 768]",1081.34,0.0,0.375,cuda_event,cuda
29,encoder.layer.10.attention.self.value,Linear,0.0553,0.375,150994944.0,590592,0,96,0.0553,counter,"[1, 128, 768]","[1, 128, 768]",1081.34,0.0,0.375,cuda_event,cuda
29,encoder.layer.10.attention.output.dense,Linear,0.05504,0.375,150994944.0,590592,0,97,0.05504,counter,"[1, 128, 768]","[1, 128, 768]",1081.34,0.0,0.375,cuda_event,cuda
29,encoder.layer.10.attention.output.LayerNorm,LayerNorm,0.00771,0.375,491520.0,1536,0,98,0.00771,analytic,"[1, 128, 768]","[1, 128, 768]",1081.34,0.0,0.375,cuda_event,cuda
29,encoder.layer.10.intermediate.dense,Linear,0.12384,1.5,603979776.0,2362368,0,99,0.12384,counter,"[1, 128, 768]","[1, 128, 3072]",1081.34,0.0,1.5,cuda_event,cuda
29,encoder.layer.10.intermediate.intermediate_act_fn,GELUActivation,0.00627,1.5,0.0,0,0,100,0.00627,none,"[1, 128, 3072]","[1, 128, 3072]",1081.34,0.0,1.5,cuda_event,cuda
29,encoder.layer.10.output.dense,Linear,0.15296,0.375,603979776.0,2360064,0,101,0.15296,counter,"[1, 128, 3072]","[1, 128, 768]",1081.34,0.0,0.375,cuda_event,cuda
29,encoder.layer.10.output.LayerNorm,LayerNorm,0.00819,0.375,491520.0,1536,0,102,0.00819,analytic,"[1, 128, 768]","[1, 128, 768]",1081.34,0.0,0.375,cuda_event,cuda
29,encoder.layer.11.attention.self.query,Linear,0.05325,0.375,150994944.0,590592,0,103,0.05325,counter,"[1, 128, 768]","[1, 128, 768]",1081.34,0.0,0.375,cuda_event,cuda
29,encoder.layer.11.attention.self.key,Linear,0.05325,0.375,150994944.0,590592,0,104,0.05325,counter,"[1, 128, 768]","[1, 128, 768]",1081.34,0.0,0.375,cuda_event,cuda
29,encoder.layer.11.attention.self.value,Linear,0.05325,0.375,150994944.0,590592,0,105,0.05325,counter,"[1, 128, 768]","[1, 128, 768]",1081.34,0.0,0.375,cuda_event,cuda
29,encoder.layer.11.attention.output.dense,Linear,0.05328,0.375,150994944.0,590592,0,106,0.05328,counter,"[1, 128, 768]","[1, 128, 768]",1081.34,0.0,0.375,cuda_event,cuda
29,encoder.layer.11.attention.output.LayerNorm,LayerNorm,0.00813,0.375,491520.0,1536,0,107,0.00813,analytic,"[1, 128, 768]","[1, 128, 768]",1081.34,0.0,0.375,cuda_event,cuda
29,encoder.layer.11.intermediate.dense,Linear,0.12499,1.5,603979776.0,2362368,0,108,0.12499,counter,"[1, 128, 768]","[1, 128, 3072]",1081.34,0.0,1.5,cuda_event,cuda
29,encoder.layer.11.intermediate.intermediate_act_fn,GELUActivation,0.00646,1.5,0.0,0,0,109,0.00646,none,"[1, 128, 3072]","[1, 128, 3072]",1081.34,0.0,1.5,cuda_event,cuda
29,encoder.layer.11.output.dense,Linear,0.15139,0.375,603979776.0,2360064,0,110,0.15139,counter,"[1, 128, 3072]","[1, 128, 768]",1081.34,0.0,0.375,cuda_event,cuda
29,encoder.layer.11.output.LayerNorm,LayerNorm,0.00781,0.375,491520.0,1536,0,111,0.00781,analytic,"[1, 128, 768]","[1, 128, 768]",1081.34,0.0,0.375,cuda_event,cuda
29,pooler.dense,Linear,0.01283,0.00293,1179648.0,590592,0,112,0.01283,counter,"[1, 768]","[1, 768]",1081.34,0.0,0.003,cuda_event,cuda
29,pooler.activation,Tanh,0.0041,0.00293,3072.0,0,0,113,0.0041,analytic,"[1, 768]","[1, 768]",1081.34,0.0,0.003,cuda_event,cuda
30,embeddings.word_embeddings,Embedding,0.00512,0.375,0.0,23440896,0,0,0.00512,none,"[1, 128]","[1, 128, 768]",1081.34,0.0,0.375,cuda_event,cuda
30,embeddings.token_type_embeddings,Embedding,0.00528,0.375,0.0,1536,0,1,0.00528,none,"[1, 128]","[1, 128, 768]",1081.34,0.0,0.375,cuda_event,cuda
30,embeddings.position_embeddings,Embedding,0.00608,0.375,0.0,393216,0,2,0.00608,none,"[1, 128]","[1, 128, 768]",1081.34,0.0,0.375,cuda_event,cuda
30,embeddings.LayerNorm,LayerNorm,0.00755,0.375,491520.0,1536,0,3,0.00755,analytic,"[1, 128, 768]","[1, 128, 768]",1081.34,0.0,0.375,cuda_event,cuda
30,encoder.layer.0.attention.self.query,Linear,0.05411,0.375,150994944.0,590592,0,4,0.05411,counter,"[1, 128, 768]","[1, 128, 768]",1081.34,0.0,0.375,cuda_event,cuda
30,encoder.layer.0.attention.self.key,Linear,0.05459,0.375,150994944.0,590592,0,5,0.05459,counter,"[1, 128, 768]","[1, 128, 768]",1081.34,0.0,0.375,cuda_event,cuda
30,encoder.layer.0.attention.self.value,Linear,0.05366,0.375,150994944.0,590592,0,6,0.05366,counter,"[1, 128, 768]","[1, 128, 768]",1081.34,0.0,0.375,cuda_event,cuda
30,encoder.layer.0.attention.output.dense,Linear,0.05331,0.375,150994944.0,590592,0,7,0.05331,counter,"[1, 128, 768]","[1, 128, 768]",1081.34,0.0,0.375,cuda_event,cuda
30,encoder.layer.0.attention.output.LayerNorm,LayerNorm,0.00819,0.375,491520.0,1536,0,8,0.00819,analytic,"[1, 128, 768]","[1, 128, 768]",1081.34,0.0,0.375,cuda_event,cuda
30,encoder.layer.0.intermediate.dense,Linear,0.12288,1.5,603979776.0,2362368,0,9,0.12288,counter,"[1, 128, 768]","[1, 128, 3072]",1081.34,0.0,1.5,cuda_event,cuda
30,encoder.layer.0.intermediate.intermediate_act_fn,GELUActivation,0.00614,1.5,0.0,0,0,10,0.00614,none,"[1, 128, 3072]","[1, 128, 3072]",1081.34,0.0,1.5,cuda_event,cuda
30,encoder.layer.0.output.dense,Linear,0.15482,0.375,603979776.0,2360064,0,11,0.15482,counter,"[1, 128, 3072]","[1, 128, 768]",1081.34,0.0,0.375,cuda_event,cuda
30,encoder.layer.0.output.LayerNorm,LayerNorm,0.00819,0.375,491520.0,1536,0,12,0.00819,analytic,"[1, 128, 768]","[1, 128, 768]",1081.34,0.0,0.375,cuda_event,cuda
30,encoder.layer.1.attention.self.query,Linear,0.05309,0.375,150994944.0,590592,0,13,0.05309,counter,"[1, 128, 768]","[1, 128, 768]",1081.34,0.0,0.375,cuda_event,cuda
30,encoder.layer.1.attention.self.key,Linear,0.05315,0.375,150994944.0,590592,0,14,0.05315,counter,"[1, 128, 768]","[1, 128, 768]",1081.34,0.0,0.375,cuda_event,cuda
30,encoder.layer.1.attention.self.value,Linear,0.0529,0.375,150994944.0,590592,0,15,0.0529,counter,"[1, 128, 768]","[1, 128, 768]",1081.34,0.0,0.375,cuda_event,cuda
30,encoder.layer.1.attention.output.dense,Linear,0.05334,0.375,150994944.0,590592,0,16,0.05334,counter,"[1, 128, 768]","[1, 128, 768]",1081.34,0.0,0.375,cuda_event,cuda
30,encoder.layer.1.attention.output.LayerNorm,LayerNorm,0.00819,0.375,491520.0,1536,0,17,0.00819,analytic,"[1, 128, 768]","[1, 128, 768]",1081.34,0.0,0.375,cuda_event,cuda
30,encoder.layer.1.intermediate.dense,Linear,0.12451,1.5,603979776.0,2362368,0,18,0.12451,counter,"[1, 128, 768]","[1, 128, 3072]",1081.34,0.0,1.5,cuda_event,cuda
30,encoder.layer.1.intermediate.intermediate_act_fn,GELUActivation,0.00672,1.5,0.0,0,0,19,0.00672,none,"[1, 128, 3072]","[1, 128, 3072]",1081.34,0.0,1.5,cuda_event,cuda
30,encoder.layer.1.output.dense,Linear,0.15328,0.375,603979776.0,2360064,0,20,0.15328,counter,"[1, 128, 3072]","[1, 128, 768]",1081.34,0.0,0.375,cuda_event,cuda
30,encoder.layer.1.output.LayerNorm,LayerNorm,0.00816,0.375,491520.0,1536,0,21,0.00816,analytic,"[1, 128, 768]","[1, 128, 768]",1081.34,0.0,0.375,cuda_event,cuda
30,encoder.layer.2.attention.self.query,Linear,0.0519,0.375,150994944.0,590592,0,22,0.0519,counter,"[1, 128, 768]","[1, 128, 768]",1081.34,0.0,0.375,cuda_event,cuda
30,encoder.layer.2.attention.self.key,Linear,0.05325,0.375,150994944.0,590592,0,23,0.05325,counter,"[1, 128, 768]","[1, 128, 768]",1081.34,0.0,0.375,cuda_event,cuda
30,encoder.layer.2.attention.self.value,Linear,0.05325,0.375,150994944.0,590592,0,24,0.05325,counter,"[1, 128, 768]","[1, 128, 768]",1081.34,0.0,0.375,cuda_event,cuda
30,encoder.layer.2.attention.output.dense,Linear,0.05347,0.375,150994944.0,590592,0,25,0.05347,counter,"[1, 128, 768]","[1, 128, 768]",1081.34,0.0,0.375,cuda_event,cuda
30,encoder.layer.2.attention.output.LayerNorm,LayerNorm,0.00762,0.375,491520.0,1536,0,26,0.00762,analytic,"[1, 128, 768]","[1, 128, 768]",1081.34,0.0,0.375,cuda_event,cuda
30,encoder.layer.2.intermediate.dense,Linear,0.12294,1.5,603979776.0,2362368,0,27,0.12294,counter,"[1, 128, 768]","[1, 128, 3072]",1081.34,0.0,1.5,cuda_event,cuda
30,encoder.layer.2.intermediate.intermediate_act_fn,GELUActivation,0.00781,1.5,0.0,0,0,28,0.00781,none,"[1, 128, 3072]","[1, 128, 3072]",1081.34,0.0,1.5,cuda_event,cuda
30,encoder.layer.2.output.dense,Linear,0.15206,0.375,603979776.0,2360064,0,29,0.15206,counter,"[1, 128, 3072]","[1, 128, 768]",1081.34,0.0,0.375,cuda_event,cuda
30,encoder.layer.2.output.LayerNorm,LayerNorm,0.00794,0.375,491520.0,1536,0,30,0.00794,analytic,"[1, 128, 768]","[1, 128, 768]",1081.34,0.0,0.375,cuda_event,cuda
30,encoder.layer.3.attention.self.query,Linear,0.05296,0.375,150994944.0,590592,0,31,0.05296,counter,"[1, 128, 768]","[1, 128, 768]",1081.34,0.0,0.375,cuda_event,cuda
30,encoder.layer.3.attention.self.key,Linear,0.05386,0.375,150994944.0,590592,0,32,0.05386,counter,"[1, 128, 768]","[1, 128, 768]",1081.34,0.0,0.375,cuda_event,cuda
30,encoder.layer.3.attention.self.value,Linear,0.05354,0.375,150994944.0,590592,0,33,0.05354,counter,"[1, 128, 768]","[1, 128, 768]",1081.34,0.0,0.375,cuda_event,cuda
30,encoder.layer.3.attention.output.dense,Linear,0.05517,0.375,150994944.0,590592,0,34,0.05517,counter,"[1, 128, 768]","[1, 128, 768]",1081.34,0.0,0.375,cuda_event,cuda
30,encoder.layer.3.attention.output.LayerNorm,LayerNorm,0.00781,0.375,491520.0,1536,0,35,0.00781,analytic,"[1, 128, 768]","[1, 128, 768]",1081.34,0.0,0.375,cuda_event,cuda
30,encoder.layer.3.intermediate.dense,Linear,0.12634,1.5,603979776.0,2362368,0,36,0.12634,counter,"[1, 128, 768]","[1, 128, 3072]",1081.34,0.0,1.5,cuda_event,cuda
30,encoder.layer.3.intermediate.intermediate_act_fn,GELUActivation,0.00688,1.5,0.0,0,0,37,0.00688,none,"[1, 128, 3072]","[1, 128, 3072]",1081.34,0.0,1.5,cuda_event,cuda
30,encoder.layer.3.output.dense,Linear,0.15328,0.375,603979776.0,2360064,0,38,0.15328,counter,"[1, 128, 3072]","[1, 128, 768]",1081.34,0.0,0.375,cuda_event,cuda
30,encoder.layer.3.output.LayerNorm,LayerNorm,0.00685,0.375,491520.0,1536,0,39,0.00685,analytic,"[1, 128, 768]","[1, 128, 768]",1081.34,0.0,0.375,cuda_event,cuda
30,encoder.layer.4.attention.self.query,Linear,0.05325,0.375,150994944.0,590592,0,40,0.05325,counter,"[1, 128, 768]","[1, 128, 768]",1081.34,0.0,0.375,cuda_event,cuda
30,encoder.layer.4.attention.self.key,Linear,0.05325,0.375,150994944.0,590592,0,41,0.05325,counter,"[1, 128, 768]","[1, 128, 768]",1081.34,0.0,0.375,cuda_event,cuda
30,encoder.layer.4.attention.self.value,Linear,0.05325,0.375,150994944.0,590592,0,42,0.05325,counter,"[1, 128, 768]","[1, 128, 768]",1081.34,0.0,0.375,cuda_event,cuda
30,encoder.layer.4.attention.output.dense,Linear,0.05376,0.375,150994944.0,590592,0,43,0.05376,counter,"[1, 128, 768]","[1, 128, 768]",1081.34,0.0,0.375,cuda_event,cuda
30,encoder.layer.4.attention.output.LayerNorm,LayerNorm,0.00803,0.375,491520.0,1536,0,44,0.00803,analytic,"[1, 128, 768]","[1, 128, 768]",1081.34,0.0,0.375,cuda_event,cuda
30,encoder.layer.4.intermediate.dense,Linear,0.12336,1.5,603979776.0,2362368,0,45,0.12336,counter,"[1, 128, 768]","[1, 128, 3072]",1081.34,0.0,1.5,cuda_event,cuda
30,encoder.layer.4.intermediate.intermediate_act_fn,GELUActivation,0.00685,1.5,0.0,0,0,46,0.00685,none,"[1, 128, 3072]","[1, 128, 3072]",1081.34,0.0,1.5,cuda_event,cuda
30,encoder.layer.4.output.dense,Linear,0.15312,0.375,603979776.0,2360064,0,47,0.15312,counter,"[1, 128, 3072]","[1, 128, 768]",1081.34,0.0,0.375,cuda_event,cuda
30,encoder.layer.4.output.LayerNorm,LayerNorm,0.00819,0.375,491520.0,1536,0,48,0.00819,analytic,"[1, 128, 768]","[1, 128, 768]",1081.34,0.0,0.375,cuda_event,cuda
30,encoder.layer.5.attention.self.query,Linear,0.05277,0.375,150994944.0,590592,0,49,0.05277,counter,"[1, 128, 768]","[1, 128, 768]",1081.34,0.0,0.375,cuda_event,cuda
30,encoder.layer.5.attention.self.key,Linear,0.05363,0.375,150994944.0,590592,0,50,0.05363,counter,"[1, 128, 768]","[1, 128, 768]",1081.34,0.0,0.375,cuda_event,cuda
30,encoder.layer.5.attention.self.value,Linear,0.05331,0.375,150994944.0,590592,0,51,0.05331,counter,"[1, 128, 768]","[1, 128, 768]",1081.34,0.0,0.375,cuda_event,cuda
30,encoder.layer.5.attention.output.dense,Linear,0.05325,0.375,150994944.0,590592,0,52,0.05325,counter,"[1, 128, 768]","[1, 128, 768]",1081.34,0.0,0.375,cuda_event,cuda
30,encoder.layer.5.attention.output.LayerNorm,LayerNorm,0.00819,0.375,491520.0,1536,0,53,0.00819,analytic,"[1, 128, 768]","[1, 128, 768]",1081.34,0.0,0.375,cuda_event,cuda
30,encoder.layer.5.intermediate.dense,Linear,0.12298,1.5,603979776.0,2362368,0,54,0.12298,counter,"[1, 128, 768]","[1, 128, 3072]",1081.34,0.0,1.5,cuda_event,cuda
30,encoder.layer.5.intermediate.intermediate_act_fn,GELUActivation,0.00755,1.5,0.0,0,0,55,0.00755,none,"[1, 128, 3072]","[1, 128, 3072]",1081.34,0.0,1.5,cuda_event,cuda
30,encoder.layer.5.output.dense,Linear,0.15216,0.375,603979776.0,2360064,0,56,0.15216,counter,"[1, 128, 3072]","[1, 128, 768]",1081.34,0.0,0.375,cuda_event,cuda
30,encoder.layer.5.output.LayerNorm,LayerNorm,0.00813,0.375,491520.0,1536,0,57,0.00813,analytic,"[1, 128, 768]","[1, 128, 768]",1081.34,0.0,0.375,cuda_event,cuda
30,encoder.layer.6.attention.self.query,Linear,0.05187,0.375,150994944.0,590592,0,58,0.05187,counter,"[1, 128, 768]","[1, 128, 768]",1081.34,0.0,0.375,cuda_event,cuda
30,encoder.layer.6.attention.self.key,Linear,0.05325,0.375,150994944.0,590592,0,59,0.05325,counter,"[1, 128, 768]","[1, 128, 768]",1081.34,0.0,0.375,cuda_event,cuda
30,encoder.layer.6.attention.self.value,Linear,0.05475,0.375,150994944.0,590592,0,60,0.05475,counter,"[1, 128, 768]","[1, 128, 768]",1081.34,0.0,0.375,cuda_event,cuda
30,encoder.layer.6.attention.output.dense,Linear,0.05325,0.375,150994944.0,590592,0,61,0.05325,counter,"[1, 128, 768]","[1, 128, 768]",1081.34,0.0,0.375,cuda_event,cuda
30,encoder.layer.6.attention.output.LayerNorm,LayerNorm,0.00781,0.375,491520.0,1536,0,62,0.00781,analytic,"[1, 128, 768]","[1, 128, 768]",1081.34,0.0,0.375,cuda_event,cuda
30,encoder.layer.6.intermediate.dense,Linear,0.12557,1.5,603979776.0,2362368,0,63,0.12557,counter,"[1, 128, 768]","[1, 128, 3072]",1081.34,0.0,1.5,cuda_event,cuda
30,encoder.layer.6.intermediate.intermediate_act_fn,GELUActivation,0.00746,1.5,0.0,0,0,64,0.00746,none,"[1, 128, 3072]","[1, 128, 3072]",1081.34,0.0,1.5,cuda_event,cuda
30,encoder.layer.6.output.dense,Linear,0.15258,0.375,603979776.0,2360064,0,65,0.15258,counter,"[1, 128, 3072]","[1, 128, 768]",1081.34,0.0,0.375,cuda_event,cuda
30,encoder.layer.6.output.LayerNorm,LayerNorm,0.00819,0.375,491520.0,1536,0,66,0.00819,analytic,"[1, 128, 768]","[1, 128, 768]",1081.34,0.0,0.375,cuda_event,cuda
30,encoder.layer.7.attention.self.query,Linear,0.05325,0.375,150994944.0,590592,0,67,0.05325,counter,"[1, 128, 768]","[1, 128, 768]",1081.34,0.0,0.375,cuda_event,cuda
30,encoder.layer.7.attention.self.key,Linear,0.05325,0.375,150994944.0,590592,0,68,0.05325,counter,"[1, 128, 768]","[1, 128, 768]",1081.34,0.0,0.375,cuda_event,cuda
30,encoder.layer.7.attention.self.value,Linear,0.05325,0.375,150994944.0,590592,0,69,0.05325,counter,"[1, 128, 768]","[1, 128, 768]",1081.34,0.0,0.375,cuda_event,cuda
30,encoder.layer.7.attention.output.dense,Linear,0.05325,0.375,150994944.0,590592,0,70,0.05325,counter,"[1, 128, 768]","[1, 128, 768]",1081.34,0.0,0.375,cuda_event,cuda
30,encoder.layer.7.attention.output.LayerNorm,LayerNorm,0.00819,0.375,491520.0,1536,0,71,0.00819,analytic,"[1, 128, 768]","[1, 128, 768]",1081.34,0.0,0.375,cuda_event,cuda
30,encoder.layer.7.intermediate.dense,Linear,0.12288,1.5,603979776.0,2362368,0,72,0.12288,counter,"[1, 128, 768]","[1, 128, 3072]",1081.34,0.0,1.5,cuda_event,cuda
30,encoder.layer.7.intermediate.intermediate_act_fn,GELUActivation,0.00621,1.5,0.0,0,0,73,0.00621,none,"[1, 128, 3072]","[1, 128, 3072]",1081.34,0.0,1.5,cuda_event,cuda
30,encoder.layer.7.output.dense,Linear,0.15472,0.375,603979776.0,2360064,0,74,0.15472,counter,"[1, 128, 3072]","[1, 128, 768]",1081.34,0.0,0.375,cuda_event,cuda
30,encoder.layer.7.output.LayerNorm,LayerNorm,0.00819,0.375,491520.0,1536,0,75,0.00819,analytic,"[1, 128, 768]","[1, 128, 768]",1081.34,0.0,0.375,cuda_event,cuda
30,encoder.layer.8.attention.self.query,Linear,0.05325,0.375,150994944.0,590592,0,76,0.05325,counter,"[1, 128, 768]","[1, 128, 768]",1081.34,0.0,0.375,cuda_event,cuda
30,encoder.layer.8.attention.self.key,Linear,0.05434,0.375,150994944.0,590592,0,77,0.05434,counter,"[1, 128, 768]","[1, 128, 768]",1081.34,0.0,0.375,cuda_event,cuda
30,encoder.layer.8.attention.self.value,Linear,0.06554,0.375,150994944.0,590592,0,78,0.06554,counter,"[1, 128, 768]","[1, 128, 768]",1081.34,0.0,0.375,cuda_event,cuda
30,encoder.layer.8.attention.output.dense,Linear,0.14214,0.375,150994944.0,590592,0,79,0.14214,counter,"[1, 128, 768]","[1, 128, 768]",1081.34,0.0,0.375,cuda_event,cuda
30,encoder.layer.8.attention.output.LayerNorm,LayerNorm,0.09632,0.375,491520.0,1536,0,80,0.09632,analytic,"[1, 128, 768]","[1, 128, 768]",1081.34,0.0,0.375,cuda_event,cuda
30,encoder.layer.8.intermediate.dense,Linear,0.21312,1.5,603979776.0,2362368,0,81,0.21312,counter,"[1, 128, 768]","[1, 128, 3072]",1081.34,0.0,1.5,cuda_event,cuda
30,encoder.layer.8.intermediate.intermediate_act_fn,GELUActivation,0.07578,1.5,0.0,0,0,82,0.07578,none,"[1, 128, 3072]","[1, 128, 3072]",1081.34,0.0,1.5,cuda_event,cuda
30,encoder.layer.8.output.dense,Linear,0.22928,0.375,603979776.0,2360064,0,83,0.22928,counter,"[1, 128, 3072]","[1, 128, 768]",1081.34,0.0,0.375,cuda_event,cuda
30,encoder.layer.8.output.LayerNorm,LayerNorm,0.07194,0.375,491520.0,1536,0,84,0.07194,analytic,"[1, 128, 768]","[1, 128, 768]",1081.34,0.0,0.375,cuda_event,cuda
30,encoder.layer.9.attention.self.query,Linear,0.12342,0.375,150994944.0,590592,0,85,0.12342,counter,"[1, 128, 768]","[1, 128, 768]",1081.34,0.0,0.375,cuda_event,cuda
30,encoder.layer.9.attention.self.key,Linear,0.10954,0.375,150994944.0,590592,0,86,0.10954,counter,"[1, 128, 768]","[1, 128, 768]",1081.34,0.0,0.375,cuda_event,cuda
30,encoder.layer.9.attention.self.value,Linear,0.08784,0.375,150994944.0,590592,0,87,0.08784,counter,"[1, 128, 768]","[1, 128, 768]",1081.34,0.0,0.375,cuda_event,cuda
30,encoder.layer.9.attention.output.dense,Linear,0.1105,0.375,150994944.0,590592,0,88,0.1105,counter,"[1, 128, 768]","[1, 128, 768]",1081.34,0.0,0.375,cuda_event,cuda
30,encoder.layer.9.attention.output.LayerNorm,LayerNorm,0.04915,0.375,491520.0,1536,0,89,0.04915,analytic,"[1, 128, 768]","[1, 128, 768]",1081.34,0.0,0.375,cuda_event,cuda
30,encoder.layer.9.intermediate.dense,Linear,0.17354,1.5,603979776.0,2362368,0,90,0.17354,counter,"[1, 128, 768]","[1, 128, 3072]",1081.34,0.0,1.5,cuda_event,cuda
30,encoder.layer.9.intermediate.intermediate_act_fn,GELUActivation,0.00678,1.5,0.0,0,0,91,0.00678,none,"[1, 128, 3072]","[1, 128, 3072]",1081.34,0.0,1.5,cuda_event,cuda
30,encoder.layer.9.output.dense,Linear,0.18022,0.375,603979776.0,2360064,0,92,0.18022,counter,"[1, 128, 3072]","[1, 128, 768]",1081.34,0.0,0.375,cuda_event,cuda
30,encoder.layer.9.output.LayerNorm,LayerNorm,0.07578,0.375,491520.0,1536,0,93,0.07578,analytic,"[1, 128, 768]","[1, 128, 768]",1081.34,0.0,0.375,cuda_event,cuda
30,encoder.layer.10.attention.self.query,Linear,0.10371,0.375,150994944.0,590592,0,94,0.10371,counter,"[1, 128, 768]","[1, 128, 768]",1081.34,0.0,0.375,cuda_event,cuda
30,encoder.layer.10.attention.self.key,Linear,0.08598,0.375,150994944.0,590592,0,95,0.08598,counter,"[1, 128, 768]","[1, 128, 768]",1081.34,0.0,0.375,cuda_event,cuda
30,encoder.layer.10.attention.self.value,Linear,0.08192,0.375,150994944.0,590592,0,96,0.08192,counter,"[1, 128, 768]","[1, 128, 768]",1081.34,0.0,0.375,cuda_event,cuda
30,encoder.layer.10.attention.output.dense,Linear,0.09088,0.375,150994944.0,590592,0,97,0.09088,counter,"[1, 128, 768]","[1, 128, 768]",1081.34,0.0,0.375,cuda_event,cuda
30,encoder.layer.10.attention.output.LayerNorm,LayerNorm,0.04838,0.375,491520.0,1536,0,98,0.04838,analytic,"[1, 128, 768]","[1, 128, 768]",1081.34,0.0,0.375,cuda_event,cuda
30,encoder.layer.10.intermediate.dense,Linear,0.17571,1.5,603979776.0,2362368,0,99,0.17571,counter,"[1, 128, 768]","[1, 128, 3072]",1081.34,0.0,1.5,cuda_event,cuda
30,encoder.layer.10.intermediate.intermediate_act_fn,GELUActivation,0.00669,1.5,0.0,0,0,100,0.00669,none,"[1, 128, 3072]","[1, 128, 3072]",1081.34,0.0,1.5,cuda_event,cuda
30,encoder.layer.10.output.dense,Linear,0.18365,0.375,603979776.0,2360064,0,101,0.18365,counter,"[1, 128, 3072]","[1, 128, 768]",1081.34,0.0,0.375,cuda_event,cuda
30,encoder.layer.10.output.LayerNorm,LayerNorm,0.03891,0.375,491520.0,1536,0,102,0.03891,analytic,"[1, 128, 768]","[1, 128, 768]",1081.34,0.0,0.375,cuda_event,cuda
30,encoder.layer.11.attention.self.query,Linear,0.10461,0.375,150994944.0,590592,0,103,0.10461,counter,"[1, 128, 768]","[1, 128, 768]",1081.34,0.0,0.375,cuda_event,cuda
30,encoder.layer.11.attention.self.key,Linear,0.08602,0.375,150994944.0,590592,0,104,0.08602,counter,"[1, 128, 768]","[1, 128, 768]",1081.34,0.0,0.375,cuda_event,cuda
30,encoder.layer.11.attention.self.value,Linear,0.08208,0.375,150994944.0,590592,0,105,0.08208,counter,"[1, 128, 768]","[1, 128, 768]",1081.34,0.0,0.375,cuda_event,cuda
30,encoder.layer.11.attention.output.dense,Linear,0.10861,0.375,150994944.0,590592,0,106,0.10861,counter,"[1, 128, 768]","[1, 128, 768]",1081.34,0.0,0.375,cuda_event,cuda
30,encoder.layer.11.attention.output.LayerNorm,LayerNorm,0.04675,0.375,491520.0,1536,0,107,0.04675,analytic,"[1, 128, 768]","[1, 128, 768]",1081.34,0.0,0.375,cuda_event,cuda
30,encoder.layer.11.intermediate.dense,Linear,0.17098,1.5,603979776.0,2362368,0,108,0.17098,counter,"[1, 128, 768]","[1, 128, 3072]",1081.34,0.0,1.5,cuda_event,cuda
30,encoder.layer.11.intermediate.intermediate_act_fn,GELUActivation,0.00771,1.5,0.0,0,0,109,0.00771,none,"[1, 128, 3072]","[1, 128, 3072]",1081.34,0.0,1.5,cuda_event,cuda
30,encoder.layer.11.output.dense,Linear,0.18902,0.375,603979776.0,2360064,0,110,0.18902,counter,"[1, 128, 3072]","[1, 128, 768]",1081.34,0.0,0.375,cuda_event,cuda
30,encoder.layer.11.output.LayerNorm,LayerNorm,0.008,0.375,491520.0,1536,0,111,0.008,analytic,"[1, 128, 768]","[1, 128, 768]",1081.34,0.0,0.375,cuda_event,cuda
30,pooler.dense,Linear,0.06285,0.00293,1179648.0,590592,0,112,0.06285,counter,"[1, 768]","[1, 768]",1081.34,0.0,0.003,cuda_event,cuda
30,pooler.activation,Tanh,0.04381,0.00293,3072.0,0,0,113,0.04381,analytic,"[1, 768]","[1, 768]",1081.34,0.0,0.003,cuda_event,cuda
31,embeddings.word_embeddings,Embedding,0.00573,0.375,0.0,23440896,0,0,0.00573,none,"[1, 128]","[1, 128, 768]",1081.34,0.0,0.375,cuda_event,cuda
31,embeddings.token_type_embeddings,Embedding,0.00467,0.375,0.0,1536,0,1,0.00467,none,"[1, 128]","[1, 128, 768]",1081.34,0.0,0.375,cuda_event,cuda
31,embeddings.position_embeddings,Embedding,0.00614,0.375,0.0,393216,0,2,0.00614,none,"[1, 128]","[1, 128, 768]",1081.34,0.0,0.375,cuda_event,cuda
31,embeddings.LayerNorm,LayerNorm,0.00819,0.375,491520.0,1536,0,3,0.00819,analytic,"[1, 128, 768]","[1, 128, 768]",1081.34,0.0,0.375,cuda_event,cuda
31,encoder.layer.0.attention.self.query,Linear,0.05325,0.375,150994944.0,590592,0,4,0.05325,counter,"[1, 128, 768]","[1, 128, 768]",1081.34,0.0,0.375,cuda_event,cuda
31,encoder.layer.0.attention.self.key,Linear,0.05462,0.375,150994944.0,590592,0,5,0.05462,counter,"[1, 128, 768]","[1, 128, 768]",1081.34,0.0,0.375,cuda_event,cuda
31,encoder.layer.0.attention.self.value,Linear,0.05408,0.375,150994944.0,590592,0,6,0.05408,counter,"[1, 128, 768]","[1, 128, 768]",1081.34,0.0,0.375,cuda_event,cuda
31,encoder.layer.0.attention.output.dense,Linear,0.05424,0.375,150994944.0,590592,0,7,0.05424,counter,"[1, 128, 768]","[1, 128, 768]",1081.34,0.0,0.375,cuda_event,cuda
31,encoder.layer.0.attention.output.LayerNorm,LayerNorm,0.00797,0.375,491520.0,1536,0,8,0.00797,analytic,"[1, 128, 768]","[1, 128, 768]",1081.34,0.0,0.375,cuda_event,cuda
31,encoder.layer.0.intermediate.dense,Linear,0.12499,1.5,603979776.0,2362368,0,9,0.12499,counter,"[1, 128, 768]","[1, 128, 3072]",1081.34,0.0,1.5,cuda_event,cuda
31,encoder.layer.0.intermediate.intermediate_act_fn,GELUActivation,0.00771,1.5,0.0,0,0,10,0.00771,none,"[1, 128, 3072]","[1, 128, 3072]",1081.34,0.0,1.5,cuda_event,cuda
31,encoder.layer.0.output.dense,Linear,0.15536,0.375,603979776.0,2360064,0,11,0.15536,counter,"[1, 128, 3072]","[1, 128, 768]",1081.34,0.0,0.375,cuda_event,cuda
31,encoder.layer.0.output.LayerNorm,LayerNorm,0.0081,0.375,491520.0,1536,0,12,0.0081,analytic,"[1, 128, 768]","[1, 128, 768]",1081.34,0.0,0.375,cuda_event,cuda
31,encoder.layer.1.attention.self.query,Linear,0.052,0.375,150994944.0,590592,0,13,0.052,counter,"[1, 128, 768]","[1, 128, 768]",1081.34,0.0,0.375,cuda_event,cuda
31,encoder.layer.1.attention.self.key,Linear,0.05382,0.375,150994944.0,590592,0,14,0.05382,counter,"[1, 128, 768]","[1, 128, 768]",1081.34,0.0,0.375,cuda_event,cuda
31,encoder.layer.1.attention.self.value,Linear,0.05382,0.375,150994944.0,590592,0,15,0.05382,counter,"[1, 128, 768]","[1, 128, 768]",1081.34,0.0,0.375,cuda_event,cuda
31,encoder.layer.1.attention.output.dense,Linear,0.05363,0.375,150994944.0,590592,0,16,0.05363,counter,"[1, 128, 768]","[1, 128, 768]",1081.34,0.0,0.375,cuda_event,cuda
31,encoder.layer.1.attention.output.LayerNorm,LayerNorm,0.00691,0.375,491520.0,1536,0,17,0.00691,analytic,"[1, 128, 768]","[1, 128, 768]",1081.34,0.0,0.375,cuda_event,cuda
31,encoder.layer.1.intermediate.dense,Linear,0.12454,1.5,603979776.0,2362368,0,18,0.12454,counter,"[1, 128, 768]","[1, 128, 3072]",1081.34,0.0,1.5,cuda_event,cuda
31,encoder.layer.1.intermediate.intermediate_act_fn,GELUActivation,0.00666,1.5,0.0,0,0,19,0.00666,none,"[1, 128, 3072]","[1, 128, 3072]",1081.34,0.0,1.5,cuda_event,cuda
31,encoder.layer.1.output.dense,Linear,0.15325,0.375,603979776.0,2360064,0,20,0.15325,counter,"[1, 128, 3072]","[1, 128, 768]",1081.34,0.0,0.375,cuda_event,cuda
31,encoder.layer.1.output.LayerNorm,LayerNorm,0.00826,0.375,491520.0,1536,0,21,0.00826,analytic,"[1, 128, 768]","[1, 128, 768]",1081.34,0.0,0.375,cuda_event,cuda
31,encoder.layer.2.attention.self.query,Linear,0.05165,0.375,150994944.0,590592,0,22,0.05165,counter,"[1, 128, 768]","[1, 128, 768]",1081.34,0.0,0.375,cuda_event,cuda
31,encoder.layer.2.attention.self.key,Linear,0.05325,0.375,150994944.0,590592,0,23,0.05325,counter,"[1, 128, 768]","[1, 128, 768]",1081.34,0.0,0.375,cuda_event,cuda
31,encoder.layer.2.attention.self.value,Linear,0.05325,0.375,150994944.0,590592,0,24,0.05325,counter,"[1, 128, 768]","[1, 128, 768]",1081.34,0.0,0.375,cuda_event,cuda
31,encoder.layer.2.attention.output.dense,Linear,0.05328,0.375,150994944.0,590592,0,25,0.05328,counter,"[1, 128, 768]","[1, 128, 768]",1081.34,0.0,0.375,cuda_event,cuda
31,encoder.layer.2.attention.output.LayerNorm,LayerNorm,0.00806,0.375,491520.0,1536,0,26,0.00806,analytic,"[1, 128, 768]","[1, 128, 768]",1081.34,0.0,0.375,cuda_event,cuda
31,encoder.layer.2.intermediate.dense,Linear,0.12477,1.5,603979776.0,2362368,0,27,0.12477,counter,"[1, 128, 768]","[1, 128, 3072]",1081.34,0.0,1.5,cuda_event,cuda
31,encoder.layer.2.intermediate.intermediate_act_fn,GELUActivation,0.00672,1.5,0.0,0,0,28,0.00672,none,"[1, 128, 3072]","[1, 128, 3072]",1081.34,0.0,1.5,cuda_event,cuda
31,encoder.layer.2.output.dense,Linear,0.1527,0.375,603979776.0,2360064,0,29,0.1527,counter,"[1, 128, 3072]","[1, 128, 768]",1081.34,0.0,0.375,cuda_event,cuda
31,encoder.layer.2.output.LayerNorm,LayerNorm,0.00819,0.375,491520.0,1536,0,30,0.00819,analytic,"[1, 128, 768]","[1, 128, 768]",1081.34,0.0,0.375,cuda_event,cuda
31,encoder.layer.3.attention.self.query,Linear,0.05325,0.375,150994944.0,590592,0,31,0.05325,counter,"[1, 128, 768]","[1, 128, 768]",1081.34,0.0,0.375,cuda_event,cuda
31,encoder.layer.3.attention.self.key,Linear,0.05325,0.375,150994944.0,590592,0,32,0.05325,counter,"[1, 128, 768]","[1, 128, 768]",1081.34,0.0,0.375,cuda_event,cuda
31,encoder.layer.3.attention.self.value,Linear,0.05325,0.375,150994944.0,590592,0,33,0.05325,counter,"[1, 128, 768]","[1, 128, 768]",1081.34,0.0,0.375,cuda_event,cuda
31,encoder.layer.3.attention.output.dense,Linear,0.05386,0.375,150994944.0,590592,0,34,0.05386,counter,"[1, 128, 768]","[1, 128, 768]",1081.34,0.0,0.375,cuda_event,cuda
31,encoder.layer.3.attention.output.LayerNorm,LayerNorm,0.00797,0.375,491520.0,1536,0,35,0.00797,analytic,"[1, 128, 768]","[1, 128, 768]",1081.34,0.0,0.375,cuda_event,cuda
31,encoder.layer.3.intermediate.dense,Linear,0.12493,1.5,603979776.0,2362368,0,36,0.12493,counter,"[1, 128, 768]","[1, 128, 3072]",1081.34,0.0,1.5,cuda_event,cuda
31,encoder.layer.3.intermediate.intermediate_act_fn,GELUActivation,0.00659,1.5,0.0,0,0,37,0.00659,none,"[1, 128, 3072]","[1, 128, 3072]",1081.34,0.0,1.5,cuda_event,cuda
31,encoder.layer.3.output.dense,Linear,0.1536,0.375,603979776.0,2360064,0,38,0.1536,counter,"[1, 128, 3072]","[1, 128, 768]",1081.34,0.0,0.375,cuda_event,cuda
31,encoder.layer.3.output.LayerNorm,LayerNorm,0.00806,0.375,491520.0,1536,0,39,0.00806,analytic,"[1, 128, 768]","[1, 128, 768]",1081.34,0.0,0.375,cuda_event,cuda
31,encoder.layer.4.attention.self.query,Linear,0.0535,0.375,150994944.0,590592,0,40,0.0535,counter,"[1, 128, 768]","[1, 128, 768]",1081.34,0.0,0.375,cuda_event,cuda
31,encoder.layer.4.attention.self.key,Linear,0.05341,0.375,150994944.0,590592,0,41,0.05341,counter,"[1, 128, 768]","[1, 128, 768]",1081.34,0.0,0.375,cuda_event,cuda
31,encoder.layer.4.attention.self.value,Linear,0.05325,0.375,150994944.0,590592,0,42,0.05325,counter,"[1, 128, 768]","[1, 128, 768]",1081.34,0.0,0.375,cuda_event,cuda
31,encoder.layer.4.attention.output.dense,Linear,0.05472,0.375,150994944.0,590592,0,43,0.05472,counter,"[1, 128, 768]","[1, 128, 768]",1081.34,0.0,0.375,cuda_event,cuda
31,encoder.layer.4.attention.output.LayerNorm,LayerNorm,0.00819,0.375,491520.0,1536,0,44,0.00819,analytic,"[1, 128, 768]","[1, 128, 768]",1081.34,0.0,0.375,cuda_event,cuda
31,encoder.layer.4.intermediate.dense,Linear,0.12288,1.5,603979776.0,2362368,0,45,0.12288,counter,"[1, 128, 768]","[1, 128, 3072]",1081.34,0.0,1.5,cuda_event,cuda
31,encoder.layer.4.intermediate.intermediate_act_fn,GELUActivation,0.00755,1.5,0.0,0,0,46,0.00755,none,"[1, 128, 3072]","[1, 128, 3072]",1081.34,0.0,1.5,cuda_event,cuda
31,encoder.layer.4.output.dense,Linear,0.15162,0.375,603979776.0,2360064,0,47,0.15162,counter,"[1, 128, 3072]","[1, 128, 768]",1081.34,0.0,0.375,cuda_event,cuda
31,encoder.layer.4.output.LayerNorm,LayerNorm,0.00819,0.375,491520.0,1536,0,48,0.00819,analytic,"[1, 128, 768]","[1, 128, 768]",1081.34,0.0,0.375,cuda_event,cuda
31,encoder.layer.5.attention.self.query,Linear,0.05325,0.375,150994944.0,590592,0,49,0.05325,counter,"[1, 128, 768]","[1, 128, 768]",1081.34,0.0,0.375,cuda_event,cuda
31,encoder.layer.5.attention.self.key,Linear,0.05283,0.375,150994944.0,590592,0,50,0.05283,counter,"[1, 128, 768]","[1, 128, 768]",1081.34,0.0,0.375,cuda_event,cuda
31,encoder.layer.5.attention.self.value,Linear,0.05376,0.375,150994944.0,590592,0,51,0.05376,counter,"[1, 128, 768]","[1, 128, 768]",1081.34,0.0,0.375,cuda_event,cuda
31,encoder.layer.5.attention.output.dense,Linear,0.05325,0.375,150994944.0,590592,0,52,0.05325,counter,"[1, 128, 768]","[1, 128, 768]",1081.34,0.0,0.375,cuda_event,cuda
31,encoder.layer.5.attention.output.LayerNorm,LayerNorm,0.00803,0.375,491520.0,1536,0,53,0.00803,analytic,"[1, 128, 768]","[1, 128, 768]",1081.34,0.0,0.375,cuda_event,cuda
31,encoder.layer.5.intermediate.dense,Linear,0.12426,1.5,603979776.0,2362368,0,54,0.12426,counter,"[1, 128, 768]","[1, 128, 3072]",1081.34,0.0,1.5,cuda_event,cuda
31,encoder.layer.5.intermediate.intermediate_act_fn,GELUActivation,0.00698,1.5,0.0,0,0,55,0.00698,none,"[1, 128, 3072]","[1, 128, 3072]",1081.34,0.0,1.5,cuda_event,cuda
31,encoder.layer.5.output.dense,Linear,0.15507,0.375,603979776.0,2360064,0,56,0.15507,counter,"[1, 128, 3072]","[1, 128, 768]",1081.34,0.0,0.375,cuda_event,cuda
31,encoder.layer.5.output.LayerNorm,LayerNorm,0.00819,0.375,491520.0,1536,0,57,0.00819,analytic,"[1, 128, 768]","[1, 128, 768]",1081.34,0.0,0.375,cuda_event,cuda
31,encoder.layer.6.attention.self.query,Linear,0.05306,0.375,150994944.0,590592,0,58,0.05306,counter,"[1, 128, 768]","[1, 128, 768]",1081.34,0.0,0.375,cuda_event,cuda
31,encoder.layer.6.attention.self.key,Linear,0.05357,0.375,150994944.0,590592,0,59,0.05357,counter,"[1, 128, 768]","[1, 128, 768]",1081.34,0.0,0.375,cuda_event,cuda
31,encoder.layer.6.attention.self.value,Linear,0.0553,0.375,150994944.0,590592,0,60,0.0553,counter,"[1, 128, 768]","[1, 128, 768]",1081.34,0.0,0.375,cuda_event,cuda
31,encoder.layer.6.attention.output.dense,Linear,0.05325,0.375,150994944.0,590592,0,61,0.05325,counter,"[1, 128, 768]","[1, 128, 768]",1081.34,0.0,0.375,cuda_event,cuda
31,encoder.layer.6.attention.output.LayerNorm,LayerNorm,0.00787,0.375,491520.0,1536,0,62,0.00787,analytic,"[1, 128, 768]","[1, 128, 768]",1081.34,0.0,0.375,cuda_event,cuda
31,encoder.layer.6.intermediate.dense,Linear,0.12541,1.5,603979776.0,2362368,0,63,0.12541,counter,"[1, 128, 768]","[1, 128, 3072]",1081.34,0.0,1.5,cuda_event,cuda
31,encoder.layer.6.intermediate.intermediate_act_fn,GELUActivation,0.00813,1.5,0.0,0,0,64,0.00813,none,"[1, 128, 3072]","[1, 128, 3072]",1081.34,0.0,1.5,cuda_event,cuda
31,encoder.layer.6.output.dense,Linear,0.15478,0.375,603979776.0,2360064,0,65,0.15478,counter,"[1, 128, 3072]","[1, 128, 768]",1081.34,0.0,0.375,cuda_event,cuda
31,encoder.layer.6.output.LayerNorm,LayerNorm,0.00925,0.375,491520.0,1536,0,66,0.00925,analytic,"[1, 128, 768]","[1, 128, 768]",1081.34,0.0,0.375,cuda_event,cuda
31,encoder.layer.7.attention.self.query,Linear,0.05325,0.375,150994944.0,590592,0,67,0.05325,counter,"[1, 128, 768]","[1, 128, 768]",1081.34,0.0,0.375,cuda_event,cuda
31,encoder.layer.7.attention.self.key,Linear,0.05325,0.375,150994944.0,590592,0,68,0.05325,counter,"[1, 128, 768]","[1, 128, 768]",1081.34,0.0,0.375,cuda_event,cuda
31,encoder.layer.7.attention.self.value,Linear,0.05453,0.375,150994944.0,590592,0,69,0.05453,counter,"[1, 128, 768]","[1, 128, 768]",1081.34,0.0,0.375,cuda_event,cuda
31,encoder.layer.7.attention.output.dense,Linear,0.05312,0.375,150994944.0,590592,0,70,0.05312,counter,"[1, 128, 768]","[1, 128, 768]",1081.34,0.0,0.375,cuda_event,cuda
31,encoder.layer.7.attention.output.LayerNorm,LayerNorm,0.00797,0.375,491520.0,1536,0,71,0.00797,analytic,"[1, 128, 768]","[1, 128, 768]",1081.34,0.0,0.375,cuda_event,cuda
31,encoder.layer.7.intermediate.dense,Linear,0.12339,1.5,603979776.0,2362368,0,72,0.12339,counter,"[1, 128, 768]","[1, 128, 3072]",1081.34,0.0,1.5,cuda_event,cuda
31,encoder.layer.7.intermediate.intermediate_act_fn,GELUActivation,0.00717,1.5,0.0,0,0,73,0.00717,none,"[1, 128, 3072]","[1, 128, 3072]",1081.34,0.0,1.5,cuda_event,cuda
31,encoder.layer.7.output.dense,Linear,0.15558,0.375,603979776.0,2360064,0,74,0.15558,counter,"[1, 128, 3072]","[1, 128, 768]",1081.34,0.0,0.375,cuda_event,cuda
31,encoder.layer.7.output.LayerNorm,LayerNorm,0.0079,0.375,491520.0,1536,0,75,0.0079,analytic,"[1, 128, 768]","[1, 128, 768]",1081.34,0.0,0.375,cuda_event,cuda
31,encoder.layer.8.attention.self.query,Linear,0.05174,0.375,150994944.0,590592,0,76,0.05174,counter,"[1, 128, 768]","[1, 128, 768]",1081.34,0.0,0.375,cuda_event,cuda
31,encoder.layer.8.attention.self.key,Linear,0.05325,0.375,150994944.0,590592,0,77,0.05325,counter,"[1, 128, 768]","[1, 128, 768]",1081.34,0.0,0.375,cuda_event,cuda
31,encoder.layer.8.attention.self.value,Linear,0.0553,0.375,150994944.0,590592,0,78,0.0553,counter,"[1, 128, 768]","[1, 128, 768]",1081.34,0.0,0.375,cuda_event,cuda
31,encoder.layer.8.attention.output.dense,Linear,0.0535,0.375,150994944.0,590592,0,79,0.0535,counter,"[1, 128, 768]","[1, 128, 768]",1081.34,0.0,0.375,cuda_event,cuda
31,encoder.layer.8.attention.output.LayerNorm,LayerNorm,0.00813,0.375,491520.0,1536,0,80,0.00813,analytic,"[1, 128, 768]","[1, 128, 768]",1081.34,0.0,0.375,cuda_event,cuda
31,encoder.layer.8.intermediate.dense,Linear,0.12416,1.5,603979776.0,2362368,0,81,0.12416,counter,"[1, 128, 768]","[1, 128, 3072]",1081.34,0.0,1.5,cuda_event,cuda
31,encoder.layer.8.intermediate.intermediate_act_fn,GELUActivation,0.00691,1.5,0.0,0,0,82,0.00691,none,"[1, 128, 3072]","[1, 128, 3072]",1081.34,0.0,1.5,cuda_event,cuda
31,encoder.layer.8.output.dense,Linear,0.15549,0.375,603979776.0,2360064,0,83,0.15549,counter,"[1, 128, 3072]","[1, 128, 768]",1081.34,0.0,0.375,cuda_event,cuda
31,encoder.layer.8.output.LayerNorm,LayerNorm,0.008,0.375,491520.0,1536,0,84,0.008,analytic,"[1, 128, 768]","[1, 128, 768]",1081.34,0.0,0.375,cuda_event,cuda
31,encoder.layer.9.attention.self.query,Linear,0.05325,0.375,150994944.0,590592,0,85,0.05325,counter,"[1, 128, 768]","[1, 128, 768]",1081.34,0.0,0.375,cuda_event,cuda
31,encoder.layer.9.attention.self.key,Linear,0.05325,0.375,150994944.0,590592,0,86,0.05325,counter,"[1, 128, 768]","[1, 128, 768]",1081.34,0.0,0.375,cuda_event,cuda
31,encoder.layer.9.attention.self.value,Linear,0.05443,0.375,150994944.0,590592,0,87,0.05443,counter,"[1, 128, 768]","[1, 128, 768]",1081.34,0.0,0.375,cuda_event,cuda
31,encoder.layer.9.attention.output.dense,Linear,0.05325,0.375,150994944.0,590592,0,88,0.05325,counter,"[1, 128, 768]","[1, 128, 768]",1081.34,0.0,0.375,cuda_event,cuda
31,encoder.layer.9.attention.output.LayerNorm,LayerNorm,0.00758,0.375,491520.0,1536,0,89,0.00758,analytic,"[1, 128, 768]","[1, 128, 768]",1081.34,0.0,0.375,cuda_event,cuda
31,encoder.layer.9.intermediate.dense,Linear,0.12566,1.5,603979776.0,2362368,0,90,0.12566,counter,"[1, 128, 768]","[1, 128, 3072]",1081.34,0.0,1.5,cuda_event,cuda
31,encoder.layer.9.intermediate.intermediate_act_fn,GELUActivation,0.00762,1.5,0.0,0,0,91,0.00762,none,"[1, 128, 3072]","[1, 128, 3072]",1081.34,0.0,1.5,cuda_event,cuda
31,encoder.layer.9.output.dense,Linear,0.15402,0.375,603979776.0,2360064,0,92,0.15402,counter,"[1, 128, 3072]","[1, 128, 768]",1081.34,0.0,0.375,cuda_event,cuda
31,encoder.layer.9.output.LayerNorm,LayerNorm,0.00781,0.375,491520.0,1536,0,93,0.00781,analytic,"[1, 128, 768]","[1, 128, 768]",1081.34,0.0,0.375,cuda_event,cuda
31,encoder.layer.10.attention.self.query,Linear,0.05328,0.375,150994944.0,590592,0,94,0.05328,counter,"[1, 128, 768]","[1, 128, 768]",1081.34,0.0,0.375,cuda_event,cuda
31,encoder.layer.10.attention.self.key,Linear,0.05373,0.375,150994944.0,590592,0,95,0.05373,counter,"[1, 128, 768]","[1, 128, 768]",1081.34,0.0,0.375,cuda_event,cuda
31,encoder.layer.10.attention.self.value,Linear,0.05376,0.375,150994944.0,590592,0,96,0.05376,counter,"[1, 128, 768]","[1, 128, 768]",1081.34,0.0,0.375,cuda_event,cuda
31,encoder.layer.10.attention.output.dense,Linear,0.0537,0.375,150994944.0,590592,0,97,0.0537,counter,"[1, 128, 768]","[1, 128, 768]",1081.34,0.0,0.375,cuda_event,cuda
31,encoder.layer.10.attention.output.LayerNorm,LayerNorm,0.00694,0.375,491520.0,1536,0,98,0.00694,analytic,"[1, 128, 768]","[1, 128, 768]",1081.34,0.0,0.375,cuda_event,cuda
31,encoder.layer.10.intermediate.dense,Linear,0.1247,1.5,603979776.0,2362368,0,99,0.1247,counter,"[1, 128, 768]","[1, 128, 3072]",1081.34,0.0,1.5,cuda_event,cuda
31,encoder.layer.10.intermediate.intermediate_act_fn,GELUActivation,0.00634,1.5,0.0,0,0,100,0.00634,none,"[1, 128, 3072]","[1, 128, 3072]",1081.34,0.0,1.5,cuda_event,cuda
31,encoder.layer.10.output.dense,Linear,0.15565,0.375,603979776.0,2360064,0,101,0.15565,counter,"[1, 128, 3072]","[1, 128, 768]",1081.34,0.0,0.375,cuda_event,cuda
31,encoder.layer.10.output.LayerNorm,LayerNorm,0.00778,0.375,491520.0,1536,0,102,0.00778,analytic,"[1, 128, 768]","[1, 128, 768]",1081.34,0.0,0.375,cuda_event,cuda
31,encoder.layer.11.attention.self.query,Linear,0.05213,0.375,150994944.0,590592,0,103,0.05213,counter,"[1, 128, 768]","[1, 128, 768]",1081.34,0.0,0.375,cuda_event,cuda
31,encoder.layer.11.attention.self.key,Linear,0.05462,0.375,150994944.0,590592,0,104,0.05462,counter,"[1, 128, 768]","[1, 128, 768]",1081.34,0.0,0.375,cuda_event,cuda
31,encoder.layer.11.attention.self.value,Linear,0.05402,0.375,150994944.0,590592,0,105,0.05402,counter,"[1, 128, 768]","[1, 128, 768]",1081.34,0.0,0.375,cuda_event,cuda
31,encoder.layer.11.attention.output.dense,Linear,0.05443,0.375,150994944.0,590592,0,106,0.05443,counter,"[1, 128, 768]","[1, 128, 768]",1081.34,0.0,0.375,cuda_event,cuda
31,encoder.layer.11.attention.output.LayerNorm,LayerNorm,0.00819,0.375,491520.0,1536,0,107,0.00819,analytic,"[1, 128, 768]","[1, 128, 768]",1081.34,0.0,0.375,cuda_event,cuda
31,encoder.layer.11.intermediate.dense,Linear,0.12288,1.5,603979776.0,2362368,0,108,0.12288,counter,"[1, 128, 768]","[1, 128, 3072]",1081.34,0.0,1.5,cuda_event,cuda
31,encoder.layer.11.intermediate.intermediate_act_fn,GELUActivation,0.00736,1.5,0.0,0,0,109,0.00736,none,"[1, 128, 3072]","[1, 128, 3072]",1081.34,0.0,1.5,cuda_event,cuda
31,encoder.layer.11.output.dense,Linear,0.15194,0.375,603979776.0,2360064,0,110,0.15194,counter,"[1, 128, 3072]","[1, 128, 768]",1081.34,0.0,0.375,cuda_event,cuda
31,encoder.layer.11.output.LayerNorm,LayerNorm,0.00819,0.375,491520.0,1536,0,111,0.00819,analytic,"[1, 128, 768]","[1, 128, 768]",1081.34,0.0,0.375,cuda_event,cuda
31,pooler.dense,Linear,0.01421,0.00293,1179648.0,590592,0,112,0.01421,counter,"[1, 768]","[1, 768]",1081.34,0.0,0.003,cuda_event,cuda
31,pooler.activation,Tanh,0.00432,0.00293,3072.0,0,0,113,0.00432,analytic,"[1, 768]","[1, 768]",1081.34,0.0,0.003,cuda_event,cuda
32,embeddings.word_embeddings,Embedding,0.00589,0.375,0.0,23440896,0,0,0.00589,none,"[1, 128]","[1, 128, 768]",1081.34,0.0,0.375,cuda_event,cuda
32,embeddings.token_type_embeddings,Embedding,0.00467,0.375,0.0,1536,0,1,0.00467,none,"[1, 128]","[1, 128, 768]",1081.34,0.0,0.375,cuda_event,cuda
32,embeddings.position_embeddings,Embedding,0.00614,0.375,0.0,393216,0,2,0.00614,none,"[1, 128]","[1, 128, 768]",1081.34,0.0,0.375,cuda_event,cuda
32,embeddings.LayerNorm,LayerNorm,0.0081,0.375,491520.0,1536,0,3,0.0081,analytic,"[1, 128, 768]","[1, 128, 768]",1081.34,0.0,0.375,cuda_event,cuda
32,encoder.layer.0.attention.self.query,Linear,0.05453,0.375,150994944.0,590592,0,4,0.05453,counter,"[1, 128, 768]","[1, 128, 768]",1081.34,0.0,0.375,cuda_event,cuda
32,encoder.layer.0.attention.self.key,Linear,0.0553,0.375,150994944.0,590592,0,5,0.0553,counter,"[1, 128, 768]","[1, 128, 768]",1081.34,0.0,0.375,cuda_event,cuda
32,encoder.layer.0.attention.self.value,Linear,0.05331,0.375,150994944.0,590592,0,6,0.05331,counter,"[1, 128, 768]","[1, 128, 768]",1081.34,0.0,0.375,cuda_event,cuda
32,encoder.layer.0.attention.output.dense,Linear,0.05395,0.375,150994944.0,590592,0,7,0.05395,counter,"[1, 128, 768]","[1, 128, 768]",1081.34,0.0,0.375,cuda_event,cuda
32,encoder.layer.0.attention.output.LayerNorm,LayerNorm,0.00806,0.375,491520.0,1536,0,8,0.00806,analytic,"[1, 128, 768]","[1, 128, 768]",1081.34,0.0,0.375,cuda_event,cuda
32,encoder.layer.0.intermediate.dense,Linear,0.1232,1.5,603979776.0,2362368,0,9,0.1232,counter,"[1, 128, 768]","[1, 128, 3072]",1081.34,0.0,1.5,cuda_event,cuda
32,encoder.layer.0.intermediate.intermediate_act_fn,GELUActivation,0.00624,1.5,0.0,0,0,10,0.00624,none,"[1, 128, 3072]","[1, 128, 3072]",1081.34,0.0,1.5,cuda_event,cuda
32,encoder.layer.0.output.dense,Linear,0.15539,0.375,603979776.0,2360064,0,11,0.15539,counter,"[1, 128, 3072]","[1, 128, 768]",1081.34,0.0,0.375,cuda_event,cuda
32,encoder.layer.0.output.LayerNorm,LayerNorm,0.00787,0.375,491520.0,1536,0,12,0.00787,analytic,"[1, 128, 768]","[1, 128, 768]",1081.34,0.0,0.375,cuda_event,cuda
32,encoder.layer.1.attention.self.query,Linear,0.0521,0.375,150994944.0,590592,0,13,0.0521,counter,"[1, 128, 768]","[1, 128, 768]",1081.34,0.0,0.375,cuda_event,cuda
32,encoder.layer.1.attention.self.key,Linear,0.05325,0.375,150994944.0,590592,0,14,0.05325,counter,"[1, 128, 768]","[1, 128, 768]",1081.34,0.0,0.375,cuda_event,cuda
32,encoder.layer.1.attention.self.value,Linear,0.05325,0.375,150994944.0,590592,0,15,0.05325,counter,"[1, 128, 768]","[1, 128, 768]",1081.34,0.0,0.375,cuda_event,cuda
32,encoder.layer.1.attention.output.dense,Linear,0.05418,0.375,150994944.0,590592,0,16,0.05418,counter,"[1, 128, 768]","[1, 128, 768]",1081.34,0.0,0.375,cuda_event,cuda
32,encoder.layer.1.attention.output.LayerNorm,LayerNorm,0.00781,0.375,491520.0,1536,0,17,0.00781,analytic,"[1, 128, 768]","[1, 128, 768]",1081.34,0.0,0.375,cuda_event,cuda
32,encoder.layer.1.intermediate.dense,Linear,0.12467,1.5,603979776.0,2362368,0,18,0.12467,counter,"[1, 128, 768]","[1, 128, 3072]",1081.34,0.0,1.5,cuda_event,cuda
32,encoder.layer.1.intermediate.intermediate_act_fn,GELUActivation,0.00698,1.5,0.0,0,0,19,0.00698,none,"[1, 128, 3072]","[1, 128, 3072]",1081.34,0.0,1.5,cuda_event,cuda
32,encoder.layer.1.output.dense,Linear,0.15379,0.375,603979776.0,2360064,0,20,0.15379,counter,"[1, 128, 3072]","[1, 128, 768]",1081.34,0.0,0.375,cuda_event,cuda
32,encoder.layer.1.output.LayerNorm,LayerNorm,0.00813,0.375,491520.0,1536,0,21,0.00813,analytic,"[1, 128, 768]","[1, 128, 768]",1081.34,0.0,0.375,cuda_event,cuda
32,encoder.layer.2.attention.self.query,Linear,0.05315,0.375,150994944.0,590592,0,22,0.05315,counter,"[1, 128, 768]","[1, 128, 768]",1081.34,0.0,0.375,cuda_event,cuda
32,encoder.layer.2.attention.self.key,Linear,0.0536,0.375,150994944.0,590592,0,23,0.0536,counter,"[1, 128, 768]","[1, 128, 768]",1081.34,0.0,0.375,cuda_event,cuda
32,encoder.layer.2.attention.self.value,Linear,0.0553,0.375,150994944.0,590592,0,24,0.0553,counter,"[1, 128, 768]","[1, 128, 768]",1081.34,0.0,0.375,cuda_event,cuda
32,encoder.layer.2.attention.output.dense,Linear,0.05379,0.375,150994944.0,590592,0,25,0.05379,counter,"[1, 128, 768]","[1, 128, 768]",1081.34,0.0,0.375,cuda_event,cuda
32,encoder.layer.2.attention.output.LayerNorm,LayerNorm,0.00813,0.375,491520.0,1536,0,26,0.00813,analytic,"[1, 128, 768]","[1, 128, 768]",1081.34,0.0,0.375,cuda_event,cuda
32,encoder.layer.2.intermediate.dense,Linear,0.12464,1.5,603979776.0,2362368,0,27,0.12464,counter,"[1, 128, 768]","[1, 128, 3072]",1081.34,0.0,1.5,cuda_event,cuda
32,encoder.layer.2.intermediate.intermediate_act_fn,GELUActivation,0.00669,1.5,0.0,0,0,28,0.00669,none,"[1, 128, 3072]","[1, 128, 3072]",1081.34,0.0,1.5,cuda_event,cuda
32,encoder.layer.2.output.dense,Linear,0.15181,0.375,603979776.0,2360064,0,29,0.15181,counter,"[1, 128, 3072]","[1, 128, 768]",1081.34,0.0,0.375,cuda_event,cuda
32,encoder.layer.2.output.LayerNorm,LayerNorm,0.00787,0.375,491520.0,1536,0,30,0.00787,analytic,"[1, 128, 768]","[1, 128, 768]",1081.34,0.0,0.375,cuda_event,cuda
32,encoder.layer.3.attention.self.query,Linear,0.05347,0.375,150994944.0,590592,0,31,0.05347,counter,"[1, 128, 768]","[1, 128, 768]",1081.34,0.0,0.375,cuda_event,cuda
32,encoder.layer.3.attention.self.key,Linear,0.05354,0.375,150994944.0,590592,0,32,0.05354,counter,"[1, 128, 768]","[1, 128, 768]",1081.34,0.0,0.375,cuda_event,cuda
32,encoder.layer.3.attention.self.value,Linear,0.05389,0.375,150994944.0,590592,0,33,0.05389,counter,"[1, 128, 768]","[1, 128, 768]",1081.34,0.0,0.375,cuda_event,cuda
32,encoder.layer.3.attention.output.dense,Linear,0.05366,0.375,150994944.0,590592,0,34,0.05366,counter,"[1, 128, 768]","[1, 128, 768]",1081.34,0.0,0.375,cuda_event,cuda
32,encoder.layer.3.attention.output.LayerNorm,LayerNorm,0.00781,0.375,491520.0,1536,0,35,0.00781,analytic,"[1, 128, 768]","[1, 128, 768]",1081.34,0.0,0.375,cuda_event,cuda
32,encoder.layer.3.intermediate.dense,Linear,0.12704,1.5,603979776.0,2362368,0,36,0.12704,counter,"[1, 128, 768]","[1, 128, 3072]",1081.34,0.0,1.5,cuda_event,cuda
32,encoder.layer.3.intermediate.intermediate_act_fn,GELUActivation,0.00774,1.5,0.0,0,0,37,0.00774,none,"[1, 128, 3072]","[1, 128, 3072]",1081.34,0.0,1.5,cuda_event,cuda
32,encoder.layer.3.output.dense,Linear,0.15213,0.375,603979776.0,2360064,0,38,0.15213,counter,"[1, 128, 3072]","[1, 128, 768]",1081.34,0.0,0.375,cuda_event,cuda
32,encoder.layer.3.output.LayerNorm,LayerNorm,0.00758,0.375,491520.0,1536,0,39,0.00758,analytic,"[1, 128, 768]","[1, 128, 768]",1081.34,0.0,0.375,cuda_event,cuda
32,encoder.layer.4.attention.self.query,Linear,0.05402,0.375,150994944.0,590592,0,40,0.05402,counter,"[1, 128, 768]","[1, 128, 768]",1081.34,0.0,0.375,cuda_event,cuda
32,encoder.layer.4.attention.self.key,Linear,0.05325,0.375,150994944.0,590592,0,41,0.05325,counter,"[1, 128, 768]","[1, 128, 768]",1081.34,0.0,0.375,cuda_event,cuda
32,encoder.layer.4.attention.self.value,Linear,0.05328,0.375,150994944.0,590592,0,42,0.05328,counter,"[1, 128, 768]","[1, 128, 768]",1081.34,0.0,0.375,cuda_event,cuda
32,encoder.layer.4.attention.output.dense,Linear,0.05491,0.375,150994944.0,590592,0,43,0.05491,counter,"[1, 128, 768]","[1, 128, 768]",1081.34,0.0,0.375,cuda_event,cuda
32,encoder.layer.4.attention.output.LayerNorm,LayerNorm,0.00714,0.375,491520.0,1536,0,44,0.00714,analytic,"[1, 128, 768]","[1, 128, 768]",1081.34,0.0,0.375,cuda_event,cuda
32,encoder.layer.4.intermediate.dense,Linear,0.12246,1.5,603979776.0,2362368,0,45,0.12246,counter,"[1, 128, 768]","[1, 128, 3072]",1081.34,0.0,1.5,cuda_event,cuda
32,encoder.layer.4.intermediate.intermediate_act_fn,GELUActivation,0.00634,1.5,0.0,0,0,46,0.00634,none,"[1, 128, 3072]","[1, 128, 3072]",1081.34,0.0,1.5,cuda_event,cuda
32,encoder.layer.4.output.dense,Linear,0.1535,0.375,603979776.0,2360064,0,47,0.1535,counter,"[1, 128, 3072]","[1, 128, 768]",1081.34,0.0,0.375,cuda_event,cuda
32,encoder.layer.4.output.LayerNorm,LayerNorm,0.00784,0.375,491520.0,1536,0,48,0.00784,analytic,"[1, 128, 768]","[1, 128, 768]",1081.34,0.0,0.375,cuda_event,cuda
32,encoder.layer.5.attention.self.query,Linear,0.05322,0.375,150994944.0,590592,0,49,0.05322,counter,"[1, 128, 768]","[1, 128, 768]",1081.34,0.0,0.375,cuda_event,cuda
32,encoder.layer.5.attention.self.key,Linear,0.05354,0.375,150994944.0,590592,0,50,0.05354,counter,"[1, 128, 768]","[1, 128, 768]",1081.34,0.0,0.375,cuda_event,cuda
32,encoder.layer.5.attention.self.value,Linear,0.05373,0.375,150994944.0,590592,0,51,0.05373,counter,"[1, 128, 768]","[1, 128, 768]",1081.34,0.0,0.375,cuda_event,cuda
32,encoder.layer.5.attention.output.dense,Linear,0.05325,0.375,150994944.0,590592,0,52,0.05325,counter,"[1, 128, 768]","[1, 128, 768]",1081.34,0.0,0.375,cuda_event,cuda
32,encoder.layer.5.attention.output.LayerNorm,LayerNorm,0.00778,0.375,491520.0,1536,0,53,0.00778,analytic,"[1, 128, 768]","[1, 128, 768]",1081.34,0.0,0.375,cuda_event,cuda
32,encoder.layer.5.intermediate.dense,Linear,0.12355,1.5,603979776.0,2362368,0,54,0.12355,counter,"[1, 128, 768]","[1, 128, 3072]",1081.34,0.0,1.5,cuda_event,cuda
32,encoder.layer.5.intermediate.intermediate_act_fn,GELUActivation,0.00646,1.5,0.0,0,0,55,0.00646,none,"[1, 128, 3072]","[1, 128, 3072]",1081.34,0.0,1.5,cuda_event,cuda
32,encoder.layer.5.output.dense,Linear,0.15536,0.375,603979776.0,2360064,0,56,0.15536,counter,"[1, 128, 3072]","[1, 128, 768]",1081.34,0.0,0.375,cuda_event,cuda
32,encoder.layer.5.output.LayerNorm,LayerNorm,0.008,0.375,491520.0,1536,0,57,0.008,analytic,"[1, 128, 768]","[1, 128, 768]",1081.34,0.0,0.375,cuda_event,cuda
32,encoder.layer.6.attention.self.query,Linear,0.05325,0.375,150994944.0,590592,0,58,0.05325,counter,"[1, 128, 768]","[1, 128, 768]",1081.34,0.0,0.375,cuda_event,cuda
32,encoder.layer.6.attention.self.key,Linear,0.05446,0.375,150994944.0,590592,0,59,0.05446,counter,"[1, 128, 768]","[1, 128, 768]",1081.34,0.0,0.375,cuda_event,cuda
32,encoder.layer.6.attention.self.value,Linear,0.05219,0.375,150994944.0,590592,0,60,0.05219,counter,"[1, 128, 768]","[1, 128, 768]",1081.34,0.0,0.375,cuda_event,cuda
32,encoder.layer.6.attention.output.dense,Linear,0.05363,0.375,150994944.0,590592,0,61,0.05363,counter,"[1, 128, 768]","[1, 128, 768]",1081.34,0.0,0.375,cuda_event,cuda
32,encoder.layer.6.attention.output.LayerNorm,LayerNorm,0.00819,0.375,491520.0,1536,0,62,0.00819,analytic,"[1, 128, 768]","[1, 128, 768]",1081.34,0.0,0.375,cuda_event,cuda
32,encoder.layer.6.intermediate.dense,Linear,0.12611,1.5,603979776.0,2362368,0,63,0.12611,counter,"[1, 128, 768]","[1, 128, 3072]",1081.34,0.0,1.5,cuda_event,cuda
32,encoder.layer.6.intermediate.intermediate_act_fn,GELUActivation,0.00669,1.5,0.0,0,0,64,0.00669,none,"[1, 128, 3072]","[1, 128, 3072]",1081.34,0.0,1.5,cuda_event,cuda
32,encoder.layer.6.output.dense,Linear,0.15411,0.375,603979776.0,2360064,0,65,0.15411,counter,"[1, 128, 3072]","[1, 128, 768]",1081.34,0.0,0.375,cuda_event,cuda
32,encoder.layer.6.output.LayerNorm,LayerNorm,0.008,0.375,491520.0,1536,0,66,0.008,analytic,"[1, 128, 768]","[1, 128, 768]",1081.34,0.0,0.375,cuda_event,cuda
32,encoder.layer.7.attention.self.query,Linear,0.05206,0.375,150994944.0,590592,0,67,0.05206,counter,"[1, 128, 768]","[1, 128, 768]",1081.34,0.0,0.375,cuda_event,cuda
32,encoder.layer.7.attention.self.key,Linear,0.05501,0.375,150994944.0,590592,0,68,0.05501,counter,"[1, 128, 768]","[1, 128, 768]",1081.34,0.0,0.375,cuda_event,cuda
32,encoder.layer.7.attention.self.value,Linear,0.05357,0.375,150994944.0,590592,0,69,0.05357,counter,"[1, 128, 768]","[1, 128, 768]",1081.34,0.0,0.375,cuda_event,cuda
32,encoder.layer.7.attention.output.dense,Linear,0.0553,0.375,150994944.0,590592,0,70,0.0553,counter,"[1, 128, 768]","[1, 128, 768]",1081.34,0.0,0.375,cuda_event,cuda
32,encoder.layer.7.attention.output.LayerNorm,LayerNorm,0.00778,0.375,491520.0,1536,0,71,0.00778,analytic,"[1, 128, 768]","[1, 128, 768]",1081.34,0.0,0.375,cuda_event,cuda
32,encoder.layer.7.intermediate.dense,Linear,0.12294,1.5,603979776.0,2362368,0,72,0.12294,counter,"[1, 128, 768]","[1, 128, 3072]",1081.34,0.0,1.5,cuda_event,cuda
32,encoder.layer.7.intermediate.intermediate_act_fn,GELUActivation,0.00714,1.5,0.0,0,0,73,0.00714,none,"[1, 128, 3072]","[1, 128, 3072]",1081.34,0.0,1.5,cuda_event,cuda
32,encoder.layer.7.output.dense,Linear,0.15302,0.375,603979776.0,2360064,0,74,0.15302,counter,"[1, 128, 3072]","[1, 128, 768]",1081.34,0.0,0.375,cuda_event,cuda
32,encoder.layer.7.output.LayerNorm,LayerNorm,0.00819,0.375,491520.0,1536,0,75,0.00819,analytic,"[1, 128, 768]","[1, 128, 768]",1081.34,0.0,0.375,cuda_event,cuda
32,encoder.layer.8.attention.self.query,Linear,0.05299,0.375,150994944.0,590592,0,76,0.05299,counter,"[1, 128, 768]","[1, 128, 768]",1081.34,0.0,0.375,cuda_event,cuda
32,encoder.layer.8.attention.self.key,Linear,0.05334,0.375,150994944.0,590592,0,77,0.05334,counter,"[1, 128, 768]","[1, 128, 768]",1081.34,0.0,0.375,cuda_event,cuda
32,encoder.layer.8.attention.self.value,Linear,0.05338,0.375,150994944.0,590592,0,78,0.05338,counter,"[1, 128, 768]","[1, 128, 768]",1081.34,0.0,0.375,cuda_event,cuda
32,encoder.layer.8.attention.output.dense,Linear,0.05354,0.375,150994944.0,590592,0,79,0.05354,counter,"[1, 128, 768]","[1, 128, 768]",1081.34,0.0,0.375,cuda_event,cuda
32,encoder.layer.8.attention.output.LayerNorm,LayerNorm,0.00819,0.375,491520.0,1536,0,80,0.00819,analytic,"[1, 128, 768]","[1, 128, 768]",1081.34,0.0,0.375,cuda_event,cuda
32,encoder.layer.8.intermediate.dense,Linear,0.12288,1.5,603979776.0,2362368,0,81,0.12288,counter,"[1, 128, 768]","[1, 128, 3072]",1081.34,0.0,1.5,cuda_event,cuda
32,encoder.layer.8.intermediate.intermediate_act_fn,GELUActivation,0.00794,1.5,0.0,0,0,82,0.00794,none,"[1, 128, 3072]","[1, 128, 3072]",1081.34,0.0,1.5,cuda_event,cuda
32,encoder.layer.8.output.dense,Linear,0.15402,0.375,603979776.0,2360064,0,83,0.15402,counter,"[1, 128, 3072]","[1, 128, 768]",1081.34,0.0,0.375,cuda_event,cuda
32,encoder.layer.8.output.LayerNorm,LayerNorm,0.00819,0.375,491520.0,1536,0,84,0.00819,analytic,"[1, 128, 768]","[1, 128, 768]",1081.34,0.0,0.375,cuda_event,cuda
32,encoder.layer.9.attention.self.query,Linear,0.05325,0.375,150994944.0,590592,0,85,0.05325,counter,"[1, 128, 768]","[1, 128, 768]",1081.34,0.0,0.375,cuda_event,cuda
32,encoder.layer.9.attention.self.key,Linear,0.05325,0.375,150994944.0,590592,0,86,0.05325,counter,"[1, 128, 768]","[1, 128, 768]",1081.34,0.0,0.375,cuda_event,cuda
32,encoder.layer.9.attention.self.value,Linear,0.05325,0.375,150994944.0,590592,0,87,0.05325,counter,"[1, 128, 768]","[1, 128, 768]",1081.34,0.0,0.375,cuda_event,cuda
32,encoder.layer.9.attention.output.dense,Linear,0.05504,0.375,150994944.0,590592,0,88,0.05504,counter,"[1, 128, 768]","[1, 128, 768]",1081.34,0.0,0.375,cuda_event,cuda
32,encoder.layer.9.attention.output.LayerNorm,LayerNorm,0.00819,0.375,491520.0,1536,0,89,0.00819,analytic,"[1, 128, 768]","[1, 128, 768]",1081.34,0.0,0.375,cuda_event,cuda
32,encoder.layer.9.intermediate.dense,Linear,0.12493,1.5,603979776.0,2362368,0,90,0.12493,counter,"[1, 128, 768]","[1, 128, 3072]",1081.34,0.0,1.5,cuda_event,cuda
32,encoder.layer.9.intermediate.intermediate_act_fn,GELUActivation,0.00778,1.5,0.0,0,0,91,0.00778,none,"[1, 128, 3072]","[1, 128, 3072]",1081.34,0.0,1.5,cuda_event,cuda
32,encoder.layer.9.output.dense,Linear,0.15382,0.375,603979776.0,2360064,0,92,0.15382,counter,"[1, 128, 3072]","[1, 128, 768]",1081.34,0.0,0.375,cuda_event,cuda
32,encoder.layer.9.output.LayerNorm,LayerNorm,0.00819,0.375,491520.0,1536,0,93,0.00819,analytic,"[1, 128, 768]","[1, 128, 768]",1081.34,0.0,0.375,cuda_event,cuda
32,encoder.layer.10.attention.self.query,Linear,0.05309,0.375,150994944.0,590592,0,94,0.05309,counter,"[1, 128, 768]","[1, 128, 768]",1081.34,0.0,0.375,cuda_event,cuda
32,encoder.layer.10.attention.self.key,Linear,0.05354,0.375,150994944.0,590592,0,95,0.05354,counter,"[1, 128, 768]","[1, 128, 768]",1081.34,0.0,0.375,cuda_event,cuda
32,encoder.layer.10.attention.self.value,Linear,0.05325,0.375,150994944.0,590592,0,96,0.05325,counter,"[1, 128, 768]","[1, 128, 768]",1081.34,0.0,0.375,cuda_event,cuda
32,encoder.layer.10.attention.output.dense,Linear,0.05325,0.375,150994944.0,590592,0,97,0.05325,counter,"[1, 128, 768]","[1, 128, 768]",1081.34,0.0,0.375,cuda_event,cuda
32,encoder.layer.10.attention.output.LayerNorm,LayerNorm,0.0081,0.375,491520.0,1536,0,98,0.0081,analytic,"[1, 128, 768]","[1, 128, 768]",1081.34,0.0,0.375,cuda_event,cuda
32,encoder.layer.10.intermediate.dense,Linear,0.12506,1.5,603979776.0,2362368,0,99,0.12506,counter,"[1, 128, 768]","[1, 128, 3072]",1081.34,0.0,1.5,cuda_event,cuda
32,encoder.layer.10.intermediate.intermediate_act_fn,GELUActivation,0.00621,1.5,0.0,0,0,100,0.00621,none,"[1, 128, 3072]","[1, 128, 3072]",1081.34,0.0,1.5,cuda_event,cuda
32,encoder.layer.10.output.dense,Linear,0.15542,0.375,603979776.0,2360064,0,101,0.15542,counter,"[1, 128, 3072]","[1, 128, 768]",1081.34,0.0,0.375,cuda_event,cuda
32,encoder.layer.10.output.LayerNorm,LayerNorm,0.00688,0.375,491520.0,1536,0,102,0.00688,analytic,"[1, 128, 768]","[1, 128, 768]",1081.34,0.0,0.375,cuda_event,cuda
32,encoder.layer.11.attention.self.query,Linear,0.05325,0.375,150994944.0,590592,0,103,0.05325,counter,"[1, 128, 768]","[1, 128, 768]",1081.34,0.0,0.375,cuda_event,cuda
32,encoder.layer.11.attention.self.key,Linear,0.05434,0.375,150994944.0,590592,0,104,0.05434,counter,"[1, 128, 768]","[1, 128, 768]",1081.34,0.0,0.375,cuda_event,cuda
32,encoder.layer.11.attention.self.value,Linear,0.05491,0.375,150994944.0,590592,0,105,0.05491,counter,"[1, 128, 768]","[1, 128, 768]",1081.34,0.0,0.375,cuda_event,cuda
32,encoder.layer.11.attention.output.dense,Linear,0.05325,0.375,150994944.0,590592,0,106,0.05325,counter,"[1, 128, 768]","[1, 128, 768]",1081.34,0.0,0.375,cuda_event,cuda
32,encoder.layer.11.attention.output.LayerNorm,LayerNorm,0.0081,0.375,491520.0,1536,0,107,0.0081,analytic,"[1, 128, 768]","[1, 128, 768]",1081.34,0.0,0.375,cuda_event,cuda
32,encoder.layer.11.intermediate.dense,Linear,0.12298,1.5,603979776.0,2362368,0,108,0.12298,counter,"[1, 128, 768]","[1, 128, 3072]",1081.34,0.0,1.5,cuda_event,cuda
32,encoder.layer.11.intermediate.intermediate_act_fn,GELUActivation,0.00771,1.5,0.0,0,0,109,0.00771,none,"[1, 128, 3072]","[1, 128, 3072]",1081.34,0.0,1.5,cuda_event,cuda
32,encoder.layer.11.output.dense,Linear,0.152,0.375,603979776.0,2360064,0,110,0.152,counter,"[1, 128, 3072]","[1, 128, 768]",1081.34,0.0,0.375,cuda_event,cuda
32,encoder.layer.11.output.LayerNorm,LayerNorm,0.0079,0.375,491520.0,1536,0,111,0.0079,analytic,"[1, 128, 768]","[1, 128, 768]",1081.34,0.0,0.375,cuda_event,cuda
32,pooler.dense,Linear,0.01434,0.00293,1179648.0,590592,0,112,0.01434,counter,"[1, 768]","[1, 768]",1081.34,0.0,0.003,cuda_event,cuda
32,pooler.activation,Tanh,0.0041,0.00293,3072.0,0,0,113,0.0041,analytic,"[1, 768]","[1, 768]",1081.34,0.0,0.003,cuda_event,cuda
33,embeddings.word_embeddings,Embedding,0.00586,0.375,0.0,23440896,0,0,0.00586,none,"[1, 128]","[1, 128, 768]",1081.34,0.0,0.375,cuda_event,cuda
33,embeddings.token_type_embeddings,Embedding,0.00451,0.375,0.0,1536,0,1,0.00451,none,"[1, 128]","[1, 128, 768]",1081.34,0.0,0.375,cuda_event,cuda
33,embeddings.position_embeddings,Embedding,0.00614,0.375,0.0,393216,0,2,0.00614,none,"[1, 128]","[1, 128, 768]",1081.34,0.0,0.375,cuda_event,cuda
33,embeddings.LayerNorm,LayerNorm,0.00778,0.375,491520.0,1536,0,3,0.00778,analytic,"[1, 128, 768]","[1, 128, 768]",1081.34,0.0,0.375,cuda_event,cuda
33,encoder.layer.0.attention.self.query,Linear,0.05389,0.375,150994944.0,590592,0,4,0.05389,counter,"[1, 128, 768]","[1, 128, 768]",1081.34,0.0,0.375,cuda_event,cuda
33,encoder.layer.0.attention.self.key,Linear,0.05488,0.375,150994944.0,590592,0,5,0.05488,counter,"[1, 128, 768]","[1, 128, 768]",1081.34,0.0,0.375,cuda_event,cuda
33,encoder.layer.0.attention.self.value,Linear,0.05424,0.375,150994944.0,590592,0,6,0.05424,counter,"[1, 128, 768]","[1, 128, 768]",1081.34,0.0,0.375,cuda_event,cuda
33,encoder.layer.0.attention.output.dense,Linear,0.05325,0.375,150994944.0,590592,0,7,0.05325,counter,"[1, 128, 768]","[1, 128, 768]",1081.34,0.0,0.375,cuda_event,cuda
33,encoder.layer.0.attention.output.LayerNorm,LayerNorm,0.00787,0.375,491520.0,1536,0,8,0.00787,analytic,"[1, 128, 768]","[1, 128, 768]",1081.34,0.0,0.375,cuda_event,cuda
33,encoder.layer.0.intermediate.dense,Linear,0.12326,1.5,603979776.0,2362368,0,9,0.12326,counter,"[1, 128, 768]","[1, 128, 3072]",1081.34,0.0,1.5,cuda_event,cuda
33,encoder.layer.0.intermediate.intermediate_act_fn,GELUActivation,0.00646,1.5,0.0,0,0,10,0.00646,none,"[1, 128, 3072]","[1, 128, 3072]",1081.34,0.0,1.5,cuda_event,cuda
33,encoder.layer.0.output.dense,Linear,0.15466,0.375,603979776.0,2360064,0,11,0.15466,counter,"[1, 128, 3072]","[1, 128, 768]",1081.34,0.0,0.375,cuda_event,cuda
33,encoder.layer.0.output.LayerNorm,LayerNorm,0.00714,0.375,491520.0,1536,0,12,0.00714,analytic,"[1, 128, 768]","[1, 128, 768]",1081.34,0.0,0.375,cuda_event,cuda
33,encoder.layer.1.attention.self.query,Linear,0.05325,0.375,150994944.0,590592,0,13,0.05325,counter,"[1, 128, 768]","[1, 128, 768]",1081.34,0.0,0.375,cuda_event,cuda
33,encoder.layer.1.attention.self.key,Linear,0.05488,0.375,150994944.0,590592,0,14,0.05488,counter,"[1, 128, 768]","[1, 128, 768]",1081.34,0.0,0.375,cuda_event,cuda
33,encoder.layer.1.attention.self.value,Linear,0.05382,0.375,150994944.0,590592,0,15,0.05382,counter,"[1, 128, 768]","[1, 128, 768]",1081.34,0.0,0.375,cuda_event,cuda
33,encoder.layer.1.attention.output.dense,Linear,0.05325,0.375,150994944.0,590592,0,16,0.05325,counter,"[1, 128, 768]","[1, 128, 768]",1081.34,0.0,0.375,cuda_event,cuda
33,encoder.layer.1.attention.output.LayerNorm,LayerNorm,0.00771,0.375,491520.0,1536,0,17,0.00771,analytic,"[1, 128, 768]","[1, 128, 768]",1081.34,0.0,0.375,cuda_event,cuda
33,encoder.layer.1.intermediate.dense,Linear,0.12534,1.5,603979776.0,2362368,0,18,0.12534,counter,"[1, 128, 768]","[1, 128, 3072]",1081.34,0.0,1.5,cuda_event,cuda
33,encoder.layer.1.intermediate.intermediate_act_fn,GELUActivation,0.00666,1.5,0.0,0,0,19,0.00666,none,"[1, 128, 3072]","[1, 128, 3072]",1081.34,0.0,1.5,cuda_event,cuda
33,encoder.layer.1.output.dense,Linear,0.1536,0.375,603979776.0,2360064,0,20,0.1536,counter,"[1, 128, 3072]","[1, 128, 768]",1081.34,0.0,0.375,cuda_event,cuda
33,encoder.layer.1.output.LayerNorm,LayerNorm,0.00819,0.375,491520.0,1536,0,21,0.00819,analytic,"[1, 128, 768]","[1, 128, 768]",1081.34,0.0,0.375,cuda_event,cuda
33,encoder.layer.2.attention.self.query,Linear,0.0512,0.375,150994944.0,590592,0,22,0.0512,counter,"[1, 128, 768]","[1, 128, 768]",1081.34,0.0,0.375,cuda_event,cuda
33,encoder.layer.2.attention.self.key,Linear,0.05437,0.375,150994944.0,590592,0,23,0.05437,counter,"[1, 128, 768]","[1, 128, 768]",1081.34,0.0,0.375,cuda_event,cuda
33,encoder.layer.2.attention.self.value,Linear,0.05488,0.375,150994944.0,590592,0,24,0.05488,counter,"[1, 128, 768]","[1, 128, 768]",1081.34,0.0,0.375,cuda_event,cuda
33,encoder.layer.2.attention.output.dense,Linear,0.05325,0.375,150994944.0,590592,0,25,0.05325,counter,"[1, 128, 768]","[1, 128, 768]",1081.34,0.0,0.375,cuda_event,cuda
33,encoder.layer.2.attention.output.LayerNorm,LayerNorm,0.00806,0.375,491520.0,1536,0,26,0.00806,analytic,"[1, 128, 768]","[1, 128, 768]",1081.34,0.0,0.375,cuda_event,cuda
33,encoder.layer.2.intermediate.dense,Linear,0.12435,1.5,603979776.0,2362368,0,27,0.12435,counter,"[1, 128, 768]","[1, 128, 3072]",1081.34,0.0,1.5,cuda_event,cuda
33,encoder.layer.2.intermediate.intermediate_act_fn,GELUActivation,0.00691,1.5,0.0,0,0,28,0.00691,none,"[1, 128, 3072]","[1, 128, 3072]",1081.34,0.0,1.5,cuda_event,cuda
33,encoder.layer.2.output.dense,Linear,0.1529,0.375,603979776.0,2360064,0,29,0.1529,counter,"[1, 128, 3072]","[1, 128, 768]",1081.34,0.0,0.375,cuda_event,cuda
33,encoder.layer.2.output.LayerNorm,LayerNorm,0.00819,0.375,491520.0,1536,0,30,0.00819,analytic,"[1, 128, 768]","[1, 128, 768]",1081.34,0.0,0.375,cuda_event,cuda
33,encoder.layer.3.attention.self.query,Linear,0.05325,0.375,150994944.0,590592,0,31,0.05325,counter,"[1, 128, 768]","[1, 128, 768]",1081.34,0.0,0.375,cuda_event,cuda
33,encoder.layer.3.attention.self.key,Linear,0.05325,0.375,150994944.0,590592,0,32,0.05325,counter,"[1, 128, 768]","[1, 128, 768]",1081.34,0.0,0.375,cuda_event,cuda
33,encoder.layer.3.attention.self.value,Linear,0.05325,0.375,150994944.0,590592,0,33,0.05325,counter,"[1, 128, 768]","[1, 128, 768]",1081.34,0.0,0.375,cuda_event,cuda
33,encoder.layer.3.attention.output.dense,Linear,0.0529,0.375,150994944.0,590592,0,34,0.0529,counter,"[1, 128, 768]","[1, 128, 768]",1081.34,0.0,0.375,cuda_event,cuda
33,encoder.layer.3.attention.output.LayerNorm,LayerNorm,0.00819,0.375,491520.0,1536,0,35,0.00819,analytic,"[1, 128, 768]","[1, 128, 768]",1081.34,0.0,0.375,cuda_event,cuda
33,encoder.layer.3.intermediate.dense,Linear,0.12512,1.5,603979776.0,2362368,0,36,0.12512,counter,"[1, 128, 768]","[1, 128, 3072]",1081.34,0.0,1.5,cuda_event,cuda
33,encoder.layer.3.intermediate.intermediate_act_fn,GELUActivation,0.00762,1.5,0.0,0,0,37,0.00762,none,"[1, 128, 3072]","[1, 128, 3072]",1081.34,0.0,1.5,cuda_event,cuda
33,encoder.layer.3.output.dense,Linear,0.15392,0.375,603979776.0,2360064,0,38,0.15392,counter,"[1, 128, 3072]","[1, 128, 768]",1081.34,0.0,0.375,cuda_event,cuda
33,encoder.layer.3.output.LayerNorm,LayerNorm,0.00691,0.375,491520.0,1536,0,39,0.00691,analytic,"[1, 128, 768]","[1, 128, 768]",1081.34,0.0,0.375,cuda_event,cuda
33,encoder.layer.4.attention.self.query,Linear,0.05443,0.375,150994944.0,590592,0,40,0.05443,counter,"[1, 128, 768]","[1, 128, 768]",1081.34,0.0,0.375,cuda_event,cuda
33,encoder.layer.4.attention.self.key,Linear,0.05226,0.375,150994944.0,590592,0,41,0.05226,counter,"[1, 128, 768]","[1, 128, 768]",1081.34,0.0,0.375,cuda_event,cuda
33,encoder.layer.4.attention.self.value,Linear,0.05507,0.375,150994944.0,590592,0,42,0.05507,counter,"[1, 128, 768]","[1, 128, 768]",1081.34,0.0,0.375,cuda_event,cuda
33,encoder.layer.4.attention.output.dense,Linear,0.05446,0.375,150994944.0,590592,0,43,0.05446,counter,"[1, 128, 768]","[1, 128, 768]",1081.34,0.0,0.375,cuda_event,cuda
33,encoder.layer.4.attention.output.LayerNorm,LayerNorm,0.00819,0.375,491520.0,1536,0,44,0.00819,analytic,"[1, 128, 768]","[1, 128, 768]",1081.34,0.0,0.375,cuda_event,cuda
33,encoder.layer.4.intermediate.dense,Linear,0.12288,1.5,603979776.0,2362368,0,45,0.12288,counter,"[1, 128, 768]","[1, 128, 3072]",1081.34,0.0,1.5,cuda_event,cuda
33,encoder.layer.4.intermediate.intermediate_act_fn,GELUActivation,0.00614,1.5,0.0,0,0,46,0.00614,none,"[1, 128, 3072]","[1, 128, 3072]",1081.34,0.0,1.5,cuda_event,cuda
33,encoder.layer.4.output.dense,Linear,0.15312,0.375,603979776.0,2360064,0,47,0.15312,counter,"[1, 128, 3072]","[1, 128, 768]",1081.34,0.0,0.375,cuda_event,cuda
33,encoder.layer.4.output.LayerNorm,LayerNorm,0.00704,0.375,491520.0,1536,0,48,0.00704,analytic,"[1, 128, 768]","[1, 128, 768]",1081.34,0.0,0.375,cuda_event,cuda
33,encoder.layer.5.attention.self.query,Linear,0.05325,0.375,150994944.0,590592,0,49,0.05325,counter,"[1, 128, 768]","[1, 128, 768]",1081.34,0.0,0.375,cuda_event,cuda
33,encoder.layer.5.attention.self.key,Linear,0.05478,0.375,150994944.0,590592,0,50,0.05478,counter,"[1, 128, 768]","[1, 128, 768]",1081.34,0.0,0.375,cuda_event,cuda
33,encoder.layer.5.attention.self.value,Linear,0.05392,0.375,150994944.0,590592,0,51,0.05392,counter,"[1, 128, 768]","[1, 128, 768]",1081.34,0.0,0.375,cuda_event,cuda
33,encoder.layer.5.attention.output.dense,Linear,0.05331,0.375,150994944.0,590592,0,52,0.05331,counter,"[1, 128, 768]","[1, 128, 768]",1081.34,0.0,0.375,cuda_event,cuda
33,encoder.layer.5.attention.output.LayerNorm,LayerNorm,0.00691,0.375,491520.0,1536,0,53,0.00691,analytic,"[1, 128, 768]","[1, 128, 768]",1081.34,0.0,0.375,cuda_event,cuda
33,encoder.layer.5.intermediate.dense,Linear,0.12467,1.5,603979776.0,2362368,0,54,0.12467,counter,"[1, 128, 768]","[1, 128, 3072]",1081.34,0.0,1.5,cuda_event,cuda
33,encoder.layer.5.intermediate.intermediate_act_fn,GELUActivation,0.00653,1.5,0.0,0,0,55,0.00653,none,"[1, 128, 3072]","[1, 128, 3072]",1081.34,0.0,1.5,cuda_event,cuda
33,encoder.layer.5.output.dense,Linear,0.1536,0.375,603979776.0,2360064,0,56,0.1536,counter,"[1, 128, 3072]","[1, 128, 768]",1081.34,0.0,0.375,cuda_event,cuda
33,encoder.layer.5.output.LayerNorm,LayerNorm,0.00819,0.375,491520.0,1536,0,57,0.00819,analytic,"[1, 128, 768]","[1, 128, 768]",1081.34,0.0,0.375,cuda_event,cuda
33,encoder.layer.6.attention.self.query,Linear,0.05238,0.375,150994944.0,590592,0,58,0.05238,counter,"[1, 128, 768]","[1, 128, 768]",1081.34,0.0,0.375,cuda_event,cuda
33,encoder.layer.6.attention.self.key,Linear,0.05219,0.375,150994944.0,590592,0,59,0.05219,counter,"[1, 128, 768]","[1, 128, 768]",1081.34,0.0,0.375,cuda_event,cuda
33,encoder.layer.6.attention.self.value,Linear,0.05526,0.375,150994944.0,590592,0,60,0.05526,counter,"[1, 128, 768]","[1, 128, 768]",1081.34,0.0,0.375,cuda_event,cuda
33,encoder.layer.6.attention.output.dense,Linear,0.05434,0.375,150994944.0,590592,0,61,0.05434,counter,"[1, 128, 768]","[1, 128, 768]",1081.34,0.0,0.375,cuda_event,cuda
33,encoder.layer.6.attention.output.LayerNorm,LayerNorm,0.00819,0.375,491520.0,1536,0,62,0.00819,analytic,"[1, 128, 768]","[1, 128, 768]",1081.34,0.0,0.375,cuda_event,cuda
33,encoder.layer.6.intermediate.dense,Linear,0.12614,1.5,603979776.0,2362368,0,63,0.12614,counter,"[1, 128, 768]","[1, 128, 3072]",1081.34,0.0,1.5,cuda_event,cuda
33,encoder.layer.6.intermediate.intermediate_act_fn,GELUActivation,0.00682,1.5,0.0,0,0,64,0.00682,none,"[1, 128, 3072]","[1, 128, 3072]",1081.34,0.0,1.5,cuda_event,cuda
33,encoder.layer.6.output.dense,Linear,0.15517,0.375,603979776.0,2360064,0,65,0.15517,counter,"[1, 128, 3072]","[1, 128, 768]",1081.34,0.0,0.375,cuda_event,cuda
33,encoder.layer.6.output.LayerNorm,LayerNorm,0.00813,0.375,491520.0,1536,0,66,0.00813,analytic,"[1, 128, 768]","[1, 128, 768]",1081.34,0.0,0.375,cuda_event,cuda
33,encoder.layer.7.attention.self.query,Linear,0.05334,0.375,150994944.0,590592,0,67,0.05334,counter,"[1, 128, 768]","[1, 128, 768]",1081.34,0.0,0.375,cuda_event,cuda
33,encoder.layer.7.attention.self.key,Linear,0.05411,0.375,150994944.0,590592,0,68,0.05411,counter,"[1, 128, 768]","[1, 128, 768]",1081.34,0.0,0.375,cuda_event,cuda
33,encoder.layer.7.attention.self.value,Linear,0.05325,0.375,150994944.0,590592,0,69,0.05325,counter,"[1, 128, 768]","[1, 128, 768]",1081.34,0.0,0.375,cuda_event,cuda
33,encoder.layer.7.attention.output.dense,Linear,0.05338,0.375,150994944.0,590592,0,70,0.05338,counter,"[1, 128, 768]","[1, 128, 768]",1081.34,0.0,0.375,cuda_event,cuda
33,encoder.layer.7.attention.output.LayerNorm,LayerNorm,0.00701,0.375,491520.0,1536,0,71,0.00701,analytic,"[1, 128, 768]","[1, 128, 768]",1081.34,0.0,0.375,cuda_event,cuda
33,encoder.layer.7.intermediate.dense,Linear,0.12288,1.5,603979776.0,2362368,0,72,0.12288,counter,"[1, 128, 768]","[1, 128, 3072]",1081.34,0.0,1.5,cuda_event,cuda
33,encoder.layer.7.intermediate.intermediate_act_fn,GELUActivation,0.00758,1.5,0.0,0,0,73,0.00758,none,"[1, 128, 3072]","[1, 128, 3072]",1081.34,0.0,1.5,cuda_event,cuda
33,encoder.layer.7.output.dense,Linear,0.15437,0.375,603979776.0,2360064,0,74,0.15437,counter,"[1, 128, 3072]","[1, 128, 768]",1081.34,0.0,0.375,cuda_event,cuda
33,encoder.layer.7.output.LayerNorm,LayerNorm,0.00819,0.375,491520.0,1536,0,75,0.00819,analytic,"[1, 128, 768]","[1, 128, 768]",1081.34,0.0,0.375,cuda_event,cuda
33,encoder.layer.8.attention.self.query,Linear,0.0512,0.375,150994944.0,590592,0,76,0.0512,counter,"[1, 128, 768]","[1, 128, 768]",1081.34,0.0,0.375,cuda_event,cuda
33,encoder.layer.8.attention.self.key,Linear,0.05494,0.375,150994944.0,590592,0,77,0.05494,counter,"[1, 128, 768]","[1, 128, 768]",1081.34,0.0,0.375,cuda_event,cuda
33,encoder.layer.8.attention.self.value,Linear,0.05373,0.375,150994944.0,590592,0,78,0.05373,counter,"[1, 128, 768]","[1, 128, 768]",1081.34,0.0,0.375,cuda_event,cuda
33,encoder.layer.8.attention.output.dense,Linear,0.05331,0.375,150994944.0,590592,0,79,0.05331,counter,"[1, 128, 768]","[1, 128, 768]",1081.34,0.0,0.375,cuda_event,cuda
33,encoder.layer.8.attention.output.LayerNorm,LayerNorm,0.00819,0.375,491520.0,1536,0,80,0.00819,analytic,"[1, 128, 768]","[1, 128, 768]",1081.34,0.0,0.375,cuda_event,cuda
33,encoder.layer.8.intermediate.dense,Linear,0.12288,1.5,603979776.0,2362368,0,81,0.12288,counter,"[1, 128, 768]","[1, 128, 3072]",1081.34,0.0,1.5,cuda_event,cuda
33,encoder.layer.8.intermediate.intermediate_act_fn,GELUActivation,0.0073,1.5,0.0,0,0,82,0.0073,none,"[1, 128, 3072]","[1, 128, 3072]",1081.34,0.0,1.5,cuda_event,cuda
33,encoder.layer.8.output.dense,Linear,0.15706,0.375,603979776.0,2360064,0,83,0.15706,counter,"[1, 128, 3072]","[1, 128, 768]",1081.34,0.0,0.375,cuda_event,cuda
33,encoder.layer.8.output.LayerNorm,LayerNorm,0.00819,0.375,491520.0,1536,0,84,0.00819,analytic,"[1, 128, 768]","[1, 128, 768]",1081.34,0.0,0.375,cuda_event,cuda
33,encoder.layer.9.attention.self.query,Linear,0.05267,0.375,150994944.0,590592,0,85,0.05267,counter,"[1, 128, 768]","[1, 128, 768]",1081.34,0.0,0.375,cuda_event,cuda
33,encoder.layer.9.attention.self.key,Linear,0.05382,0.375,150994944.0,590592,0,86,0.05382,counter,"[1, 128, 768]","[1, 128, 768]",1081.34,0.0,0.375,cuda_event,cuda
33,encoder.layer.9.attention.self.value,Linear,0.05341,0.375,150994944.0,590592,0,87,0.05341,counter,"[1, 128, 768]","[1, 128, 768]",1081.34,0.0,0.375,cuda_event,cuda
33,encoder.layer.9.attention.output.dense,Linear,0.05389,0.375,150994944.0,590592,0,88,0.05389,counter,"[1, 128, 768]","[1, 128, 768]",1081.34,0.0,0.375,cuda_event,cuda
33,encoder.layer.9.attention.output.LayerNorm,LayerNorm,0.00778,0.375,491520.0,1536,0,89,0.00778,analytic,"[1, 128, 768]","[1, 128, 768]",1081.34,0.0,0.375,cuda_event,cuda
33,encoder.layer.9.intermediate.dense,Linear,0.12554,1.5,603979776.0,2362368,0,90,0.12554,counter,"[1, 128, 768]","[1, 128, 3072]",1081.34,0.0,1.5,cuda_event,cuda
33,encoder.layer.9.intermediate.intermediate_act_fn,GELUActivation,0.00637,1.5,0.0,0,0,91,0.00637,none,"[1, 128, 3072]","[1, 128, 3072]",1081.34,0.0,1.5,cuda_event,cuda
33,encoder.layer.9.output.dense,Linear,0.15485,0.375,603979776.0,2360064,0,92,0.15485,counter,"[1, 128, 3072]","[1, 128, 768]",1081.34,0.0,0.375,cuda_event,cuda
33,encoder.layer.9.output.LayerNorm,LayerNorm,0.00819,0.375,491520.0,1536,0,93,0.00819,analytic,"[1, 128, 768]","[1, 128, 768]",1081.34,0.0,0.375,cuda_event,cuda
33,encoder.layer.10.attention.self.query,Linear,0.05293,0.375,150994944.0,590592,0,94,0.05293,counter,"[1, 128, 768]","[1, 128, 768]",1081.34,0.0,0.375,cuda_event,cuda
33,encoder.layer.10.attention.self.key,Linear,0.05306,0.375,150994944.0,590592,0,95,0.05306,counter,"[1, 128, 768]","[1, 128, 768]",1081.34,0.0,0.375,cuda_event,cuda
33,encoder.layer.10.attention.self.value,Linear,0.05389,0.375,150994944.0,590592,0,96,0.05389,counter,"[1, 128, 768]","[1, 128, 768]",1081.34,0.0,0.375,cuda_event,cuda
33,encoder.layer.10.attention.output.dense,Linear,0.05504,0.375,150994944.0,590592,0,97,0.05504,counter,"[1, 128, 768]","[1, 128, 768]",1081.34,0.0,0.375,cuda_event,cuda
33,encoder.layer.10.attention.output.LayerNorm,LayerNorm,0.0079,0.375,491520.0,1536,0,98,0.0079,analytic,"[1, 128, 768]","[1, 128, 768]",1081.34,0.0,0.375,cuda_event,cuda
33,encoder.layer.10.intermediate.dense,Linear,0.12365,1.5,603979776.0,2362368,0,99,0.12365,counter,"[1, 128, 768]","[1, 128, 3072]",1081.34,0.0,1.5,cuda_event,cuda
33,encoder.layer.10.intermediate.intermediate_act_fn,GELUActivation,0.00614,1.5,0.0,0,0,100,0.00614,none,"[1, 128, 3072]","[1, 128, 3072]",1081.34,0.0,1.5,cuda_event,cuda
33,encoder.layer.10.output.dense,Linear,0.1536,0.375,603979776.0,2360064,0,101,0.1536,counter,"[1, 128, 3072]","[1, 128, 768]",1081.34,0.0,0.375,cuda_event,cuda
33,encoder.layer.10.output.LayerNorm,LayerNorm,0.00781,0.375,491520.0,1536,0,102,0.00781,analytic,"[1, 128, 768]","[1, 128, 768]",1081.34,0.0,0.375,cuda_event,cuda
33,encoder.layer.11.attention.self.query,Linear,0.05382,0.375,150994944.0,590592,0,103,0.05382,counter,"[1, 128, 768]","[1, 128, 768]",1081.34,0.0,0.375,cuda_event,cuda
33,encoder.layer.11.attention.self.key,Linear,0.05338,0.375,150994944.0,590592,0,104,0.05338,counter,"[1, 128, 768]","[1, 128, 768]",1081.34,0.0,0.375,cuda_event,cuda
33,encoder.layer.11.attention.self.value,Linear,0.05366,0.375,150994944.0,590592,0,105,0.05366,counter,"[1, 128, 768]","[1, 128, 768]",1081.34,0.0,0.375,cuda_event,cuda
33,encoder.layer.11.attention.output.dense,Linear,0.05418,0.375,150994944.0,590592,0,106,0.05418,counter,"[1, 128, 768]","[1, 128, 768]",1081.34,0.0,0.375,cuda_event,cuda
33,encoder.layer.11.attention.output.LayerNorm,LayerNorm,0.00787,0.375,491520.0,1536,0,107,0.00787,analytic,"[1, 128, 768]","[1, 128, 768]",1081.34,0.0,0.375,cuda_event,cuda
33,encoder.layer.11.intermediate.dense,Linear,0.12323,1.5,603979776.0,2362368,0,108,0.12323,counter,"[1, 128, 768]","[1, 128, 3072]",1081.34,0.0,1.5,cuda_event,cuda
33,encoder.layer.11.intermediate.intermediate_act_fn,GELUActivation,0.00662,1.5,0.0,0,0,109,0.00662,none,"[1, 128, 3072]","[1, 128, 3072]",1081.34,0.0,1.5,cuda_event,cuda
33,encoder.layer.11.output.dense,Linear,0.15363,0.375,603979776.0,2360064,0,110,0.15363,counter,"[1, 128, 3072]","[1, 128, 768]",1081.34,0.0,0.375,cuda_event,cuda
33,encoder.layer.11.output.LayerNorm,LayerNorm,0.00803,0.375,491520.0,1536,0,111,0.00803,analytic,"[1, 128, 768]","[1, 128, 768]",1081.34,0.0,0.375,cuda_event,cuda
33,pooler.dense,Linear,0.0129,0.00293,1179648.0,590592,0,112,0.0129,counter,"[1, 768]","[1, 768]",1081.34,0.0,0.003,cuda_event,cuda
33,pooler.activation,Tanh,0.0041,0.00293,3072.0,0,0,113,0.0041,analytic,"[1, 768]","[1, 768]",1081.34,0.0,0.003,cuda_event,cuda
34,embeddings.word_embeddings,Embedding,0.00614,0.375,0.0,23440896,0,0,0.00614,none,"[1, 128]","[1, 128, 768]",1081.39,0.0,0.375,cuda_event,cuda
34,embeddings.token_type_embeddings,Embedding,0.0041,0.375,0.0,1536,0,1,0.0041,none,"[1, 128]","[1, 128, 768]",1081.39,0.0,0.375,cuda_event,cuda
34,embeddings.position_embeddings,Embedding,0.00627,0.375,0.0,393216,0,2,0.00627,none,"[1, 128]","[1, 128, 768]",1081.39,0.0,0.375,cuda_event,cuda
34,embeddings.LayerNorm,LayerNorm,0.00778,0.375,491520.0,1536,0,3,0.00778,analytic,"[1, 128, 768]","[1, 128, 768]",1081.39,0.0,0.375,cuda_event,cuda
34,encoder.layer.0.attention.self.query,Linear,0.05491,0.375,150994944.0,590592,0,4,0.05491,counter,"[1, 128, 768]","[1, 128, 768]",1081.39,0.0,0.375,cuda_event,cuda
34,encoder.layer.0.attention.self.key,Linear,0.05418,0.375,150994944.0,590592,0,5,0.05418,counter,"[1, 128, 768]","[1, 128, 768]",1081.39,0.0,0.375,cuda_event,cuda
34,encoder.layer.0.attention.self.value,Linear,0.05334,0.375,150994944.0,590592,0,6,0.05334,counter,"[1, 128, 768]","[1, 128, 768]",1081.39,0.0,0.375,cuda_event,cuda
34,encoder.layer.0.attention.output.dense,Linear,0.05309,0.375,150994944.0,590592,0,7,0.05309,counter,"[1, 128, 768]","[1, 128, 768]",1081.39,0.0,0.375,cuda_event,cuda
34,encoder.layer.0.attention.output.LayerNorm,LayerNorm,0.00778,0.375,491520.0,1536,0,8,0.00778,analytic,"[1, 128, 768]","[1, 128, 768]",1081.39,0.0,0.375,cuda_event,cuda
34,encoder.layer.0.intermediate.dense,Linear,0.12355,1.5,603979776.0,2362368,0,9,0.12355,counter,"[1, 128, 768]","[1, 128, 3072]",1081.39,0.0,1.5,cuda_event,cuda
34,encoder.layer.0.intermediate.intermediate_act_fn,GELUActivation,0.0064,1.5,0.0,0,0,10,0.0064,none,"[1, 128, 3072]","[1, 128, 3072]",1081.39,0.0,1.5,cuda_event,cuda
34,encoder.layer.0.output.dense,Linear,0.1536,0.375,603979776.0,2360064,0,11,0.1536,counter,"[1, 128, 3072]","[1, 128, 768]",1081.39,0.0,0.375,cuda_event,cuda
34,encoder.layer.0.output.LayerNorm,LayerNorm,0.00819,0.375,491520.0,1536,0,12,0.00819,analytic,"[1, 128, 768]","[1, 128, 768]",1081.39,0.0,0.375,cuda_event,cuda
34,encoder.layer.1.attention.self.query,Linear,0.05325,0.375,150994944.0,590592,0,13,0.05325,counter,"[1, 128, 768]","[1, 128, 768]",1081.39,0.0,0.375,cuda_event,cuda
34,encoder.layer.1.attention.self.key,Linear,0.05293,0.375,150994944.0,590592,0,14,0.05293,counter,"[1, 128, 768]","[1, 128, 768]",1081.39,0.0,0.375,cuda_event,cuda
34,encoder.layer.1.attention.self.value,Linear,0.0537,0.375,150994944.0,590592,0,15,0.0537,counter,"[1, 128, 768]","[1, 128, 768]",1081.39,0.0,0.375,cuda_event,cuda
34,encoder.layer.1.attention.output.dense,Linear,0.05325,0.375,150994944.0,590592,0,16,0.05325,counter,"[1, 128, 768]","[1, 128, 768]",1081.39,0.0,0.375,cuda_event,cuda
34,encoder.layer.1.attention.output.LayerNorm,LayerNorm,0.00806,0.375,491520.0,1536,0,17,0.00806,analytic,"[1, 128, 768]","[1, 128, 768]",1081.39,0.0,0.375,cuda_event,cuda
34,encoder.layer.1.intermediate.dense,Linear,0.12314,1.5,603979776.0,2362368,0,18,0.12314,counter,"[1, 128, 768]","[1, 128, 3072]",1081.39,0.0,1.5,cuda_event,cuda
34,encoder.layer.1.intermediate.intermediate_act_fn,GELUActivation,0.00794,1.5,0.0,0,0,19,0.00794,none,"[1, 128, 3072]","[1, 128, 3072]",1081.39,0.0,1.5,cuda_event,cuda
34,encoder.layer.1.output.dense,Linear,0.15309,0.375,603979776.0,2360064,0,20,0.15309,counter,"[1, 128, 3072]","[1, 128, 768]",1081.39,0.0,0.375,cuda_event,cuda
34,encoder.layer.1.output.LayerNorm,LayerNorm,0.00816,0.375,491520.0,1536,0,21,0.00816,analytic,"[1, 128, 768]","[1, 128, 768]",1081.39,0.0,0.375,cuda_event,cuda
34,encoder.layer.2.attention.self.query,Linear,0.05283,0.375,150994944.0,590592,0,22,0.05283,counter,"[1, 128, 768]","[1, 128, 768]",1081.39,0.0,0.375,cuda_event,cuda
34,encoder.layer.2.attention.self.key,Linear,0.05382,0.375,150994944.0,590592,0,23,0.05382,counter,"[1, 128, 768]","[1, 128, 768]",1081.39,0.0,0.375,cuda_event,cuda
34,encoder.layer.2.attention.self.value,Linear,0.05338,0.375,150994944.0,590592,0,24,0.05338,counter,"[1, 128, 768]","[1, 128, 768]",1081.39,0.0,0.375,cuda_event,cuda
34,encoder.layer.2.attention.output.dense,Linear,0.05363,0.375,150994944.0,590592,0,25,0.05363,counter,"[1, 128, 768]","[1, 128, 768]",1081.39,0.0,0.375,cuda_event,cuda
34,encoder.layer.2.attention.output.LayerNorm,LayerNorm,0.00704,0.375,491520.0,1536,0,26,0.00704,analytic,"[1, 128, 768]","[1, 128, 768]",1081.39,0.0,0.375,cuda_event,cuda
34,encoder.layer.2.intermediate.dense,Linear,0.12493,1.5,603979776.0,2362368,0,27,0.12493,counter,"[1, 128, 768]","[1, 128, 3072]",1081.39,0.0,1.5,cuda_event,cuda
34,encoder.layer.2.intermediate.intermediate_act_fn,GELUActivation,0.0073,1.5,0.0,0,0,28,0.0073,none,"[1, 128, 3072]","[1, 128, 3072]",1081.39,0.0,1.5,cuda_event,cuda
34,encoder.layer.2.output.dense,Linear,0.1536,0.375,603979776.0,2360064,0,29,0.1536,counter,"[1, 128, 3072]","[1, 128, 768]",1081.39,0.0,0.375,cuda_event,cuda
34,encoder.layer.2.output.LayerNorm,LayerNorm,0.00784,0.375,491520.0,1536,0,30,0.00784,analytic,"[1, 128, 768]","[1, 128, 768]",1081.39,0.0,0.375,cuda_event,cuda
34,encoder.layer.3.attention.self.query,Linear,0.05357,0.375,150994944.0,590592,0,31,0.05357,counter,"[1, 128, 768]","[1, 128, 768]",1081.39,0.0,0.375,cuda_event,cuda
34,encoder.layer.3.attention.self.key,Linear,0.05398,0.375,150994944.0,590592,0,32,0.05398,counter,"[1, 128, 768]","[1, 128, 768]",1081.39,0.0,0.375,cuda_event,cuda
34,encoder.layer.3.attention.self.value,Linear,0.05325,0.375,150994944.0,590592,0,33,0.05325,counter,"[1, 128, 768]","[1, 128, 768]",1081.39,0.0,0.375,cuda_event,cuda
34,encoder.layer.3.attention.output.dense,Linear,0.0535,0.375,150994944.0,590592,0,34,0.0535,counter,"[1, 128, 768]","[1, 128, 768]",1081.39,0.0,0.375,cuda_event,cuda
34,encoder.layer.3.attention.output.LayerNorm,LayerNorm,0.00819,0.375,491520.0,1536,0,35,0.00819,analytic,"[1, 128, 768]","[1, 128, 768]",1081.39,0.0,0.375,cuda_event,cuda
34,encoder.layer.3.intermediate.dense,Linear,0.12691,1.5,603979776.0,2362368,0,36,0.12691,counter,"[1, 128, 768]","[1, 128, 3072]",1081.39,0.0,1.5,cuda_event,cuda
34,encoder.layer.3.intermediate.intermediate_act_fn,GELUActivation,0.00634,1.5,0.0,0,0,37,0.00634,none,"[1, 128, 3072]","[1, 128, 3072]",1081.39,0.0,1.5,cuda_event,cuda
34,encoder.layer.3.output.dense,Linear,0.15565,0.375,603979776.0,2360064,0,38,0.15565,counter,"[1, 128, 3072]","[1, 128, 768]",1081.39,0.0,0.375,cuda_event,cuda
34,encoder.layer.3.output.LayerNorm,LayerNorm,0.00765,0.375,491520.0,1536,0,39,0.00765,analytic,"[1, 128, 768]","[1, 128, 768]",1081.39,0.0,0.375,cuda_event,cuda
34,encoder.layer.4.attention.self.query,Linear,0.05325,0.375,150994944.0,590592,0,40,0.05325,counter,"[1, 128, 768]","[1, 128, 768]",1081.39,0.0,0.375,cuda_event,cuda
34,encoder.layer.4.attention.self.key,Linear,0.05325,0.375,150994944.0,590592,0,41,0.05325,counter,"[1, 128, 768]","[1, 128, 768]",1081.39,0.0,0.375,cuda_event,cuda
34,encoder.layer.4.attention.self.value,Linear,0.05325,0.375,150994944.0,590592,0,42,0.05325,counter,"[1, 128, 768]","[1, 128, 768]",1081.39,0.0,0.375,cuda_event,cuda
34,encoder.layer.4.attention.output.dense,Linear,0.0544,0.375,150994944.0,590592,0,43,0.0544,counter,"[1, 128, 768]","[1, 128, 768]",1081.39,0.0,0.375,cuda_event,cuda
34,encoder.layer.4.attention.output.LayerNorm,LayerNorm,0.00819,0.375,491520.0,1536,0,44,0.00819,analytic,"[1, 128, 768]","[1, 128, 768]",1081.39,0.0,0.375,cuda_event,cuda
34,encoder.layer.4.intermediate.dense,Linear,0.12464,1.5,603979776.0,2362368,0,45,0.12464,counter,"[1, 128, 768]","[1, 128, 3072]",1081.39,0.0,1.5,cuda_event,cuda
34,encoder.layer.4.intermediate.intermediate_act_fn,GELUActivation,0.00656,1.5,0.0,0,0,46,0.00656,none,"[1, 128, 3072]","[1, 128, 3072]",1081.39,0.0,1.5,cuda_event,cuda
34,encoder.layer.4.output.dense,Linear,0.15155,0.375,603979776.0,2360064,0,47,0.15155,counter,"[1, 128, 3072]","[1, 128, 768]",1081.39,0.0,0.375,cuda_event,cuda
34,encoder.layer.4.output.LayerNorm,LayerNorm,0.00787,0.375,491520.0,1536,0,48,0.00787,analytic,"[1, 128, 768]","[1, 128, 768]",1081.39,0.0,0.375,cuda_event,cuda
34,encoder.layer.5.attention.self.query,Linear,0.05312,0.375,150994944.0,590592,0,49,0.05312,counter,"[1, 128, 768]","[1, 128, 768]",1081.39,0.0,0.375,cuda_event,cuda
34,encoder.layer.5.attention.self.key,Linear,0.05318,0.375,150994944.0,590592,0,50,0.05318,counter,"[1, 128, 768]","[1, 128, 768]",1081.39,0.0,0.375,cuda_event,cuda
34,encoder.layer.5.attention.self.value,Linear,0.05347,0.375,150994944.0,590592,0,51,0.05347,counter,"[1, 128, 768]","[1, 128, 768]",1081.39,0.0,0.375,cuda_event,cuda
34,encoder.layer.5.attention.output.dense,Linear,0.05325,0.375,150994944.0,590592,0,52,0.05325,counter,"[1, 128, 768]","[1, 128, 768]",1081.39,0.0,0.375,cuda_event,cuda
34,encoder.layer.5.attention.output.LayerNorm,LayerNorm,0.00762,0.375,491520.0,1536,0,53,0.00762,analytic,"[1, 128, 768]","[1, 128, 768]",1081.39,0.0,0.375,cuda_event,cuda
34,encoder.layer.5.intermediate.dense,Linear,0.12374,1.5,603979776.0,2362368,0,54,0.12374,counter,"[1, 128, 768]","[1, 128, 3072]",1081.39,0.0,1.5,cuda_event,cuda
34,encoder.layer.5.intermediate.intermediate_act_fn,GELUActivation,0.00781,1.5,0.0,0,0,55,0.00781,none,"[1, 128, 3072]","[1, 128, 3072]",1081.39,0.0,1.5,cuda_event,cuda
34,encoder.layer.5.output.dense,Linear,0.1536,0.375,603979776.0,2360064,0,56,0.1536,counter,"[1, 128, 3072]","[1, 128, 768]",1081.39,0.0,0.375,cuda_event,cuda
34,encoder.layer.5.output.LayerNorm,LayerNorm,0.00819,0.375,491520.0,1536,0,57,0.00819,analytic,"[1, 128, 768]","[1, 128, 768]",1081.39,0.0,0.375,cuda_event,cuda
34,encoder.layer.6.attention.self.query,Linear,0.05261,0.375,150994944.0,590592,0,58,0.05261,counter,"[1, 128, 768]","[1, 128, 768]",1081.39,0.0,0.375,cuda_event,cuda
34,encoder.layer.6.attention.self.key,Linear,0.05363,0.375,150994944.0,590592,0,59,0.05363,counter,"[1, 128, 768]","[1, 128, 768]",1081.39,0.0,0.375,cuda_event,cuda
34,encoder.layer.6.attention.self.value,Linear,0.05331,0.375,150994944.0,590592,0,60,0.05331,counter,"[1, 128, 768]","[1, 128, 768]",1081.39,0.0,0.375,cuda_event,cuda
34,encoder.layer.6.attention.output.dense,Linear,0.05325,0.375,150994944.0,590592,0,61,0.05325,counter,"[1, 128, 768]","[1, 128, 768]",1081.39,0.0,0.375,cuda_event,cuda
34,encoder.layer.6.attention.output.LayerNorm,LayerNorm,0.008,0.375,491520.0,1536,0,62,0.008,analytic,"[1, 128, 768]","[1, 128, 768]",1081.39,0.0,0.375,cuda_event,cuda
34,encoder.layer.6.intermediate.dense,Linear,0.12493,1.5,603979776.0,2362368,0,63,0.12493,counter,"[1, 128, 768]","[1, 128, 3072]",1081.39,0.0,1.5,cuda_event,cuda
34,encoder.layer.6.intermediate.intermediate_act_fn,GELUActivation,0.00662,1.5,0.0,0,0,64,0.00662,none,"[1, 128, 3072]","[1, 128, 3072]",1081.39,0.0,1.5,cuda_event,cuda
34,encoder.layer.6.output.dense,Linear,0.15379,0.375,603979776.0,2360064,0,65,0.15379,counter,"[1, 128, 3072]","[1, 128, 768]",1081.39,0.0,0.375,cuda_event,cuda
34,encoder.layer.6.output.LayerNorm,LayerNorm,0.00819,0.375,491520.0,1536,0,66,0.00819,analytic,"[1, 128, 768]","[1, 128, 768]",1081.39,0.0,0.375,cuda_event,cuda
34,encoder.layer.7.attention.self.query,Linear,0.05325,0.375,150994944.0,590592,0,67,0.05325,counter,"[1, 128, 768]","[1, 128, 768]",1081.39,0.0,0.375,cuda_event,cuda
34,encoder.layer.7.attention.self.key,Linear,0.05331,0.375,150994944.0,590592,0,68,0.05331,counter,"[1, 128, 768]","[1, 128, 768]",1081.39,0.0,0.375,cuda_event,cuda
34,encoder.layer.7.attention.self.value,Linear,0.05325,0.375,150994944.0,590592,0,69,0.05325,counter,"[1, 128, 768]","[1, 128, 768]",1081.39,0.0,0.375,cuda_event,cuda
34,encoder.layer.7.attention.output.dense,Linear,0.0529,0.375,150994944.0,590592,0,70,0.0529,counter,"[1, 128, 768]","[1, 128, 768]",1081.39,0.0,0.375,cuda_event,cuda
34,encoder.layer.7.attention.output.LayerNorm,LayerNorm,0.00819,0.375,491520.0,1536,0,71,0.00819,analytic,"[1, 128, 768]","[1, 128, 768]",1081.39,0.0,0.375,cuda_event,cuda
34,encoder.layer.7.intermediate.dense,Linear,0.12288,1.5,603979776.0,2362368,0,72,0.12288,counter,"[1, 128, 768]","[1, 128, 3072]",1081.39,0.0,1.5,cuda_event,cuda
34,encoder.layer.7.intermediate.intermediate_act_fn,GELUActivation,0.00733,1.5,0.0,0,0,73,0.00733,none,"[1, 128, 3072]","[1, 128, 3072]",1081.39,0.0,1.5,cuda_event,cuda
34,encoder.layer.7.output.dense,Linear,0.15571,0.375,603979776.0,2360064,0,74,0.15571,counter,"[1, 128, 3072]","[1, 128, 768]",1081.39,0.0,0.375,cuda_event,cuda
34,encoder.layer.7.output.LayerNorm,LayerNorm,0.00813,0.375,491520.0,1536,0,75,0.00813,analytic,"[1, 128, 768]","[1, 128, 768]",1081.39,0.0,0.375,cuda_event,cuda
34,encoder.layer.8.attention.self.query,Linear,0.05242,0.375,150994944.0,590592,0,76,0.05242,counter,"[1, 128, 768]","[1, 128, 768]",1081.39,0.0,0.375,cuda_event,cuda
34,encoder.layer.8.attention.self.key,Linear,0.0535,0.375,150994944.0,590592,0,77,0.0535,counter,"[1, 128, 768]","[1, 128, 768]",1081.39,0.0,0.375,cuda_event,cuda
34,encoder.layer.8.attention.self.value,Linear,0.05338,0.375,150994944.0,590592,0,78,0.05338,counter,"[1, 128, 768]","[1, 128, 768]",1081.39,0.0,0.375,cuda_event,cuda
34,encoder.layer.8.attention.output.dense,Linear,0.0545,0.375,150994944.0,590592,0,79,0.0545,counter,"[1, 128, 768]","[1, 128, 768]",1081.39,0.0,0.375,cuda_event,cuda
34,encoder.layer.8.attention.output.LayerNorm,LayerNorm,0.00819,0.375,491520.0,1536,0,80,0.00819,analytic,"[1, 128, 768]","[1, 128, 768]",1081.39,0.0,0.375,cuda_event,cuda
34,encoder.layer.8.intermediate.dense,Linear,0.12426,1.5,603979776.0,2362368,0,81,0.12426,counter,"[1, 128, 768]","[1, 128, 3072]",1081.39,0.0,1.5,cuda_event,cuda
34,encoder.layer.8.intermediate.intermediate_act_fn,GELUActivation,0.00694,1.5,0.0,0,0,82,0.00694,none,"[1, 128, 3072]","[1, 128, 3072]",1081.39,0.0,1.5,cuda_event,cuda
34,encoder.layer.8.output.dense,Linear,0.15293,0.375,603979776.0,2360064,0,83,0.15293,counter,"[1, 128, 3072]","[1, 128, 768]",1081.39,0.0,0.375,cuda_event,cuda
34,encoder.layer.8.output.LayerNorm,LayerNorm,0.00819,0.375,491520.0,1536,0,84,0.00819,analytic,"[1, 128, 768]","[1, 128, 768]",1081.39,0.0,0.375,cuda_event,cuda
34,encoder.layer.9.attention.self.query,Linear,0.05331,0.375,150994944.0,590592,0,85,0.05331,counter,"[1, 128, 768]","[1, 128, 768]",1081.39,0.0,0.375,cuda_event,cuda
34,encoder.layer.9.attention.self.key,Linear,0.05488,0.375,150994944.0,590592,0,86,0.05488,counter,"[1, 128, 768]","[1, 128, 768]",1081.39,0.0,0.375,cuda_event,cuda
34,encoder.layer.9.attention.self.value,Linear,0.05354,0.375,150994944.0,590592,0,87,0.05354,counter,"[1, 128, 768]","[1, 128, 768]",1081.39,0.0,0.375,cuda_event,cuda
34,encoder.layer.9.attention.output.dense,Linear,0.0551,0.375,150994944.0,590592,0,88,0.0551,counter,"[1, 128, 768]","[1, 128, 768]",1081.39,0.0,0.375,cuda_event,cuda
34,encoder.layer.9.attention.output.LayerNorm,LayerNorm,0.00704,0.375,491520.0,1536,0,89,0.00704,analytic,"[1, 128, 768]","[1, 128, 768]",1081.39,0.0,0.375,cuda_event,cuda
34,encoder.layer.9.intermediate.dense,Linear,0.12493,1.5,603979776.0,2362368,0,90,0.12493,counter,"[1, 128, 768]","[1, 128, 3072]",1081.39,0.0,1.5,cuda_event,cuda
34,encoder.layer.9.intermediate.intermediate_act_fn,GELUActivation,0.00781,1.5,0.0,0,0,91,0.00781,none,"[1, 128, 3072]","[1, 128, 3072]",1081.39,0.0,1.5,cuda_event,cuda
34,encoder.layer.9.output.dense,Linear,0.15619,0.375,603979776.0,2360064,0,92,0.15619,counter,"[1, 128, 3072]","[1, 128, 768]",1081.39,0.0,0.375,cuda_event,cuda
34,encoder.layer.9.output.LayerNorm,LayerNorm,0.0079,0.375,491520.0,1536,0,93,0.0079,analytic,"[1, 128, 768]","[1, 128, 768]",1081.39,0.0,0.375,cuda_event,cuda
34,encoder.layer.10.attention.self.query,Linear,0.05322,0.375,150994944.0,590592,0,94,0.05322,counter,"[1, 128, 768]","[1, 128, 768]",1081.39,0.0,0.375,cuda_event,cuda
34,encoder.layer.10.attention.self.key,Linear,0.05338,0.375,150994944.0,590592,0,95,0.05338,counter,"[1, 128, 768]","[1, 128, 768]",1081.39,0.0,0.375,cuda_event,cuda
34,encoder.layer.10.attention.self.value,Linear,0.05341,0.375,150994944.0,590592,0,96,0.05341,counter,"[1, 128, 768]","[1, 128, 768]",1081.39,0.0,0.375,cuda_event,cuda
34,encoder.layer.10.attention.output.dense,Linear,0.0537,0.375,150994944.0,590592,0,97,0.0537,counter,"[1, 128, 768]","[1, 128, 768]",1081.39,0.0,0.375,cuda_event,cuda
34,encoder.layer.10.attention.output.LayerNorm,LayerNorm,0.00826,0.375,491520.0,1536,0,98,0.00826,analytic,"[1, 128, 768]","[1, 128, 768]",1081.39,0.0,0.375,cuda_event,cuda
34,encoder.layer.10.intermediate.dense,Linear,0.12474,1.5,603979776.0,2362368,0,99,0.12474,counter,"[1, 128, 768]","[1, 128, 3072]",1081.39,0.0,1.5,cuda_event,cuda
34,encoder.layer.10.intermediate.intermediate_act_fn,GELUActivation,0.00637,1.5,0.0,0,0,100,0.00637,none,"[1, 128, 3072]","[1, 128, 3072]",1081.39,0.0,1.5,cuda_event,cuda
34,encoder.layer.10.output.dense,Linear,0.1536,0.375,603979776.0,2360064,0,101,0.1536,counter,"[1, 128, 3072]","[1, 128, 768]",1081.39,0.0,0.375,cuda_event,cuda
34,encoder.layer.10.output.LayerNorm,LayerNorm,0.00784,0.375,491520.0,1536,0,102,0.00784,analytic,"[1, 128, 768]","[1, 128, 768]",1081.39,0.0,0.375,cuda_event,cuda
34,encoder.layer.11.attention.self.query,Linear,0.05187,0.375,150994944.0,590592,0,103,0.05187,counter,"[1, 128, 768]","[1, 128, 768]",1081.39,0.0,0.375,cuda_event,cuda
34,encoder.layer.11.attention.self.key,Linear,0.05478,0.375,150994944.0,590592,0,104,0.05478,counter,"[1, 128, 768]","[1, 128, 768]",1081.39,0.0,0.375,cuda_event,cuda
34,encoder.layer.11.attention.self.value,Linear,0.05312,0.375,150994944.0,590592,0,105,0.05312,counter,"[1, 128, 768]","[1, 128, 768]",1081.39,0.0,0.375,cuda_event,cuda
34,encoder.layer.11.attention.output.dense,Linear,0.05462,0.375,150994944.0,590592,0,106,0.05462,counter,"[1, 128, 768]","[1, 128, 768]",1081.39,0.0,0.375,cuda_event,cuda
34,encoder.layer.11.attention.output.LayerNorm,LayerNorm,0.0071,0.375,491520.0,1536,0,107,0.0071,analytic,"[1, 128, 768]","[1, 128, 768]",1081.39,0.0,0.375,cuda_event,cuda
34,encoder.layer.11.intermediate.dense,Linear,0.12493,1.5,603979776.0,2362368,0,108,0.12493,counter,"[1, 128, 768]","[1, 128, 3072]",1081.39,0.0,1.5,cuda_event,cuda
34,encoder.layer.11.intermediate.intermediate_act_fn,GELUActivation,0.00627,1.5,0.0,0,0,109,0.00627,none,"[1, 128, 3072]","[1, 128, 3072]",1081.39,0.0,1.5,cuda_event,cuda
34,encoder.layer.11.output.dense,Linear,0.15155,0.375,603979776.0,2360064,0,110,0.15155,counter,"[1, 128, 3072]","[1, 128, 768]",1081.39,0.0,0.375,cuda_event,cuda
34,encoder.layer.11.output.LayerNorm,LayerNorm,0.00819,0.375,491520.0,1536,0,111,0.00819,analytic,"[1, 128, 768]","[1, 128, 768]",1081.39,0.0,0.375,cuda_event,cuda
34,pooler.dense,Linear,0.01395,0.00293,1179648.0,590592,0,112,0.01395,counter,"[1, 768]","[1, 768]",1081.39,0.0,0.003,cuda_event,cuda
34,pooler.activation,Tanh,0.00432,0.00293,3072.0,0,0,113,0.00432,analytic,"[1, 768]","[1, 768]",1081.39,0.0,0.003,cuda_event,cuda
35,embeddings.word_embeddings,Embedding,0.00486,0.375,0.0,23440896,0,0,0.00486,none,"[1, 128]","[1, 128, 768]",1081.46,0.0,0.375,cuda_event,cuda
35,embeddings.token_type_embeddings,Embedding,0.00557,0.375,0.0,1536,0,1,0.00557,none,"[1, 128]","[1, 128, 768]",1081.46,0.0,0.375,cuda_event,cuda
35,embeddings.position_embeddings,Embedding,0.00605,0.375,0.0,393216,0,2,0.00605,none,"[1, 128]","[1, 128, 768]",1081.46,0.0,0.375,cuda_event,cuda
35,embeddings.LayerNorm,LayerNorm,0.00787,0.375,491520.0,1536,0,3,0.00787,analytic,"[1, 128, 768]","[1, 128, 768]",1081.46,0.0,0.375,cuda_event,cuda
35,encoder.layer.0.attention.self.query,Linear,0.0537,0.375,150994944.0,590592,0,4,0.0537,counter,"[1, 128, 768]","[1, 128, 768]",1081.46,0.0,0.375,cuda_event,cuda
35,encoder.layer.0.attention.self.key,Linear,0.05437,0.375,150994944.0,590592,0,5,0.05437,counter,"[1, 128, 768]","[1, 128, 768]",1081.46,0.0,0.375,cuda_event,cuda
35,encoder.layer.0.attention.self.value,Linear,0.05427,0.375,150994944.0,590592,0,6,0.05427,counter,"[1, 128, 768]","[1, 128, 768]",1081.46,0.0,0.375,cuda_event,cuda
35,encoder.layer.0.attention.output.dense,Linear,0.05357,0.375,150994944.0,590592,0,7,0.05357,counter,"[1, 128, 768]","[1, 128, 768]",1081.46,0.0,0.375,cuda_event,cuda
35,encoder.layer.0.attention.output.LayerNorm,LayerNorm,0.00819,0.375,491520.0,1536,0,8,0.00819,analytic,"[1, 128, 768]","[1, 128, 768]",1081.46,0.0,0.375,cuda_event,cuda
35,encoder.layer.0.intermediate.dense,Linear,0.12288,1.5,603979776.0,2362368,0,9,0.12288,counter,"[1, 128, 768]","[1, 128, 3072]",1081.46,0.0,1.5,cuda_event,cuda
35,encoder.layer.0.intermediate.intermediate_act_fn,GELUActivation,0.00614,1.5,0.0,0,0,10,0.00614,none,"[1, 128, 3072]","[1, 128, 3072]",1081.46,0.0,1.5,cuda_event,cuda
35,encoder.layer.0.output.dense,Linear,0.15488,0.375,603979776.0,2360064,0,11,0.15488,counter,"[1, 128, 3072]","[1, 128, 768]",1081.46,0.0,0.375,cuda_event,cuda
35,encoder.layer.0.output.LayerNorm,LayerNorm,0.00819,0.375,491520.0,1536,0,12,0.00819,analytic,"[1, 128, 768]","[1, 128, 768]",1081.46,0.0,0.375,cuda_event,cuda
35,encoder.layer.1.attention.self.query,Linear,0.05213,0.375,150994944.0,590592,0,13,0.05213,counter,"[1, 128, 768]","[1, 128, 768]",1081.46,0.0,0.375,cuda_event,cuda
35,encoder.layer.1.attention.self.key,Linear,0.05325,0.375,150994944.0,590592,0,14,0.05325,counter,"[1, 128, 768]","[1, 128, 768]",1081.46,0.0,0.375,cuda_event,cuda
35,encoder.layer.1.attention.self.value,Linear,0.05325,0.375,150994944.0,590592,0,15,0.05325,counter,"[1, 128, 768]","[1, 128, 768]",1081.46,0.0,0.375,cuda_event,cuda
35,encoder.layer.1.attention.output.dense,Linear,0.05459,0.375,150994944.0,590592,0,16,0.05459,counter,"[1, 128, 768]","[1, 128, 768]",1081.46,0.0,0.375,cuda_event,cuda
35,encoder.layer.1.attention.output.LayerNorm,LayerNorm,0.00819,0.375,491520.0,1536,0,17,0.00819,analytic,"[1, 128, 768]","[1, 128, 768]",1081.46,0.0,0.375,cuda_event,cuda
35,encoder.layer.1.intermediate.dense,Linear,0.12493,1.5,603979776.0,2362368,0,18,0.12493,counter,"[1, 128, 768]","[1, 128, 3072]",1081.46,0.0,1.5,cuda_event,cuda
35,encoder.layer.1.intermediate.intermediate_act_fn,GELUActivation,0.00774,1.5,0.0,0,0,19,0.00774,none,"[1, 128, 3072]","[1, 128, 3072]",1081.46,0.0,1.5,cuda_event,cuda
35,encoder.layer.1.output.dense,Linear,0.15408,0.375,603979776.0,2360064,0,20,0.15408,counter,"[1, 128, 3072]","[1, 128, 768]",1081.46,0.0,0.375,cuda_event,cuda
35,encoder.layer.1.output.LayerNorm,LayerNorm,0.00819,0.375,491520.0,1536,0,21,0.00819,analytic,"[1, 128, 768]","[1, 128, 768]",1081.46,0.0,0.375,cuda_event,cuda
35,encoder.layer.2.attention.self.query,Linear,0.05322,0.375,150994944.0,590592,0,22,0.05322,counter,"[1, 128, 768]","[1, 128, 768]",1081.46,0.0,0.375,cuda_event,cuda
35,encoder.layer.2.attention.self.key,Linear,0.05504,0.375,150994944.0,590592,0,23,0.05504,counter,"[1, 128, 768]","[1, 128, 768]",1081.46,0.0,0.375,cuda_event,cuda
35,encoder.layer.2.attention.self.value,Linear,0.05382,0.375,150994944.0,590592,0,24,0.05382,counter,"[1, 128, 768]","[1, 128, 768]",1081.46,0.0,0.375,cuda_event,cuda
35,encoder.layer.2.attention.output.dense,Linear,0.05366,0.375,150994944.0,590592,0,25,0.05366,counter,"[1, 128, 768]","[1, 128, 768]",1081.46,0.0,0.375,cuda_event,cuda
35,encoder.layer.2.attention.output.LayerNorm,LayerNorm,0.00784,0.375,491520.0,1536,0,26,0.00784,analytic,"[1, 128, 768]","[1, 128, 768]",1081.46,0.0,0.375,cuda_event,cuda
35,encoder.layer.2.intermediate.dense,Linear,0.12362,1.5,603979776.0,2362368,0,27,0.12362,counter,"[1, 128, 768]","[1, 128, 3072]",1081.46,0.0,1.5,cuda_event,cuda
35,encoder.layer.2.intermediate.intermediate_act_fn,GELUActivation,0.00733,1.5,0.0,0,0,28,0.00733,none,"[1, 128, 3072]","[1, 128, 3072]",1081.46,0.0,1.5,cuda_event,cuda
35,encoder.layer.2.output.dense,Linear,0.15258,0.375,603979776.0,2360064,0,29,0.15258,counter,"[1, 128, 3072]","[1, 128, 768]",1081.46,0.0,0.375,cuda_event,cuda
35,encoder.layer.2.output.LayerNorm,LayerNorm,0.00784,0.375,491520.0,1536,0,30,0.00784,analytic,"[1, 128, 768]","[1, 128, 768]",1081.46,0.0,0.375,cuda_event,cuda
35,encoder.layer.3.attention.self.query,Linear,0.05338,0.375,150994944.0,590592,0,31,0.05338,counter,"[1, 128, 768]","[1, 128, 768]",1081.46,0.0,0.375,cuda_event,cuda
35,encoder.layer.3.attention.self.key,Linear,0.05382,0.375,150994944.0,590592,0,32,0.05382,counter,"[1, 128, 768]","[1, 128, 768]",1081.46,0.0,0.375,cuda_event,cuda
35,encoder.layer.3.attention.self.value,Linear,0.05475,0.375,150994944.0,590592,0,33,0.05475,counter,"[1, 128, 768]","[1, 128, 768]",1081.46,0.0,0.375,cuda_event,cuda
35,encoder.layer.3.attention.output.dense,Linear,0.05325,0.375,150994944.0,590592,0,34,0.05325,counter,"[1, 128, 768]","[1, 128, 768]",1081.46,0.0,0.375,cuda_event,cuda
35,encoder.layer.3.attention.output.LayerNorm,LayerNorm,0.00778,0.375,491520.0,1536,0,35,0.00778,analytic,"[1, 128, 768]","[1, 128, 768]",1081.46,0.0,0.375,cuda_event,cuda
35,encoder.layer.3.intermediate.dense,Linear,0.1255,1.5,603979776.0,2362368,0,36,0.1255,counter,"[1, 128, 768]","[1, 128, 3072]",1081.46,0.0,1.5,cuda_event,cuda
35,encoder.layer.3.intermediate.intermediate_act_fn,GELUActivation,0.00784,1.5,0.0,0,0,37,0.00784,none,"[1, 128, 3072]","[1, 128, 3072]",1081.46,0.0,1.5,cuda_event,cuda
35,encoder.layer.3.output.dense,Linear,0.15542,0.375,603979776.0,2360064,0,38,0.15542,counter,"[1, 128, 3072]","[1, 128, 768]",1081.46,0.0,0.375,cuda_event,cuda
35,encoder.layer.3.output.LayerNorm,LayerNorm,0.00819,0.375,491520.0,1536,0,39,0.00819,analytic,"[1, 128, 768]","[1, 128, 768]",1081.46,0.0,0.375,cuda_event,cuda
35,encoder.layer.4.attention.self.query,Linear,0.05325,0.375,150994944.0,590592,0,40,0.05325,counter,"[1, 128, 768]","[1, 128, 768]",1081.46,0.0,0.375,cuda_event,cuda
35,encoder.layer.4.attention.self.key,Linear,0.05325,0.375,150994944.0,590592,0,41,0.05325,counter,"[1, 128, 768]","[1, 128, 768]",1081.46,0.0,0.375,cuda_event,cuda
35,encoder.layer.4.attention.self.value,Linear,0.05331,0.375,150994944.0,590592,0,42,0.05331,counter,"[1, 128, 768]","[1, 128, 768]",1081.46,0.0,0.375,cuda_event,cuda
35,encoder.layer.4.attention.output.dense,Linear,0.05341,0.375,150994944.0,590592,0,43,0.05341,counter,"[1, 128, 768]","[1, 128, 768]",1081.46,0.0,0.375,cuda_event,cuda
35,encoder.layer.4.attention.output.LayerNorm,LayerNorm,0.008,0.375,491520.0,1536,0,44,0.008,analytic,"[1, 128, 768]","[1, 128, 768]",1081.46,0.0,0.375,cuda_event,cuda
35,encoder.layer.4.intermediate.dense,Linear,0.12378,1.5,603979776.0,2362368,0,45,0.12378,counter,"[1, 128, 768]","[1, 128, 3072]",1081.46,0.0,1.5,cuda_event,cuda
35,encoder.layer.4.intermediate.intermediate_act_fn,GELUActivation,0.0064,1.5,0.0,0,0,46,0.0064,none,"[1, 128, 3072]","[1, 128, 3072]",1081.46,0.0,1.5,cuda_event,cuda
35,encoder.layer.4.output.dense,Linear,0.1535,0.375,603979776.0,2360064,0,47,0.1535,counter,"[1, 128, 3072]","[1, 128, 768]",1081.46,0.0,0.375,cuda_event,cuda
35,encoder.layer.4.output.LayerNorm,LayerNorm,0.00765,0.375,491520.0,1536,0,48,0.00765,analytic,"[1, 128, 768]","[1, 128, 768]",1081.46,0.0,0.375,cuda_event,cuda
35,encoder.layer.5.attention.self.query,Linear,0.05219,0.375,150994944.0,590592,0,49,0.05219,counter,"[1, 128, 768]","[1, 128, 768]",1081.46,0.0,0.375,cuda_event,cuda
35,encoder.layer.5.attention.self.key,Linear,0.05325,0.375,150994944.0,590592,0,50,0.05325,counter,"[1, 128, 768]","[1, 128, 768]",1081.46,0.0,0.375,cuda_event,cuda
35,encoder.layer.5.attention.self.value,Linear,0.0551,0.375,150994944.0,590592,0,51,0.0551,counter,"[1, 128, 768]","[1, 128, 768]",1081.46,0.0,0.375,cuda_event,cuda
35,encoder.layer.5.attention.output.dense,Linear,0.0553,0.375,150994944.0,590592,0,52,0.0553,counter,"[1, 128, 768]","[1, 128, 768]",1081.46,0.0,0.375,cuda_event,cuda
35,encoder.layer.5.attention.output.LayerNorm,LayerNorm,0.00669,0.375,491520.0,1536,0,53,0.00669,analytic,"[1, 128, 768]","[1, 128, 768]",1081.46,0.0,0.375,cuda_event,cuda
35,encoder.layer.5.intermediate.dense,Linear,0.12464,1.5,603979776.0,2362368,0,54,0.12464,counter,"[1, 128, 768]","[1, 128, 3072]",1081.46,0.0,1.5,cuda_event,cuda
35,encoder.layer.5.intermediate.intermediate_act_fn,GELUActivation,0.00656,1.5,0.0,0,0,55,0.00656,none,"[1, 128, 3072]","[1, 128, 3072]",1081.46,0.0,1.5,cuda_event,cuda
35,encoder.layer.5.output.dense,Linear,0.1536,0.375,603979776.0,2360064,0,56,0.1536,counter,"[1, 128, 3072]","[1, 128, 768]",1081.46,0.0,0.375,cuda_event,cuda
35,encoder.layer.5.output.LayerNorm,LayerNorm,0.00819,0.375,491520.0,1536,0,57,0.00819,analytic,"[1, 128, 768]","[1, 128, 768]",1081.46,0.0,0.375,cuda_event,cuda
35,encoder.layer.6.attention.self.query,Linear,0.05264,0.375,150994944.0,590592,0,58,0.05264,counter,"[1, 128, 768]","[1, 128, 768]",1081.46,0.0,0.375,cuda_event,cuda
35,encoder.layer.6.attention.self.key,Linear,0.05347,0.375,150994944.0,590592,0,59,0.05347,counter,"[1, 128, 768]","[1, 128, 768]",1081.46,0.0,0.375,cuda_event,cuda
35,encoder.layer.6.attention.self.value,Linear,0.05395,0.375,150994944.0,590592,0,60,0.05395,counter,"[1, 128, 768]","[1, 128, 768]",1081.46,0.0,0.375,cuda_event,cuda
35,encoder.layer.6.attention.output.dense,Linear,0.05363,0.375,150994944.0,590592,0,61,0.05363,counter,"[1, 128, 768]","[1, 128, 768]",1081.46,0.0,0.375,cuda_event,cuda
35,encoder.layer.6.attention.output.LayerNorm,LayerNorm,0.00771,0.375,491520.0,1536,0,62,0.00771,analytic,"[1, 128, 768]","[1, 128, 768]",1081.46,0.0,0.375,cuda_event,cuda
35,encoder.layer.6.intermediate.dense,Linear,0.12803,1.5,603979776.0,2362368,0,63,0.12803,counter,"[1, 128, 768]","[1, 128, 3072]",1081.46,0.0,1.5,cuda_event,cuda
35,encoder.layer.6.intermediate.intermediate_act_fn,GELUActivation,0.00685,1.5,0.0,0,0,64,0.00685,none,"[1, 128, 3072]","[1, 128, 3072]",1081.46,0.0,1.5,cuda_event,cuda
35,encoder.layer.6.output.dense,Linear,0.15558,0.375,603979776.0,2360064,0,65,0.15558,counter,"[1, 128, 3072]","[1, 128, 768]",1081.46,0.0,0.375,cuda_event,cuda
35,encoder.layer.6.output.LayerNorm,LayerNorm,0.00813,0.375,491520.0,1536,0,66,0.00813,analytic,"[1, 128, 768]","[1, 128, 768]",1081.46,0.0,0.375,cuda_event,cuda
35,encoder.layer.7.attention.self.query,Linear,0.05408,0.375,150994944.0,590592,0,67,0.05408,counter,"[1, 128, 768]","[1, 128, 768]",1081.46,0.0,0.375,cuda_event,cuda
35,encoder.layer.7.attention.self.key,Linear,0.05341,0.375,150994944.0,590592,0,68,0.05341,counter,"[1, 128, 768]","[1, 128, 768]",1081.46,0.0,0.375,cuda_event,cuda
35,encoder.layer.7.attention.self.value,Linear,0.05462,0.375,150994944.0,590592,0,69,0.05462,counter,"[1, 128, 768]","[1, 128, 768]",1081.46,0.0,0.375,cuda_event,cuda
35,encoder.layer.7.attention.output.dense,Linear,0.05325,0.375,150994944.0,590592,0,70,0.05325,counter,"[1, 128, 768]","[1, 128, 768]",1081.46,0.0,0.375,cuda_event,cuda
35,encoder.layer.7.attention.output.LayerNorm,LayerNorm,0.00819,0.375,491520.0,1536,0,71,0.00819,analytic,"[1, 128, 768]","[1, 128, 768]",1081.46,0.0,0.375,cuda_event,cuda
35,encoder.layer.7.intermediate.dense,Linear,0.12416,1.5,603979776.0,2362368,0,72,0.12416,counter,"[1, 128, 768]","[1, 128, 3072]",1081.46,0.0,1.5,cuda_event,cuda
35,encoder.layer.7.intermediate.intermediate_act_fn,GELUActivation,0.00682,1.5,0.0,0,0,73,0.00682,none,"[1, 128, 3072]","[1, 128, 3072]",1081.46,0.0,1.5,cuda_event,cuda
35,encoder.layer.7.output.dense,Linear,0.15571,0.375,603979776.0,2360064,0,74,0.15571,counter,"[1, 128, 3072]","[1, 128, 768]",1081.46,0.0,0.375,cuda_event,cuda
35,encoder.layer.7.output.LayerNorm,LayerNorm,0.00768,0.375,491520.0,1536,0,75,0.00768,analytic,"[1, 128, 768]","[1, 128, 768]",1081.46,0.0,0.375,cuda_event,cuda
35,encoder.layer.8.attention.self.query,Linear,0.05203,0.375,150994944.0,590592,0,76,0.05203,counter,"[1, 128, 768]","[1, 128, 768]",1081.46,0.0,0.375,cuda_event,cuda
35,encoder.layer.8.attention.self.key,Linear,0.05501,0.375,150994944.0,590592,0,77,0.05501,counter,"[1, 128, 768]","[1, 128, 768]",1081.46,0.0,0.375,cuda_event,cuda
35,encoder.layer.8.attention.self.value,Linear,0.05472,0.375,150994944.0,590592,0,78,0.05472,counter,"[1, 128, 768]","[1, 128, 768]",1081.46,0.0,0.375,cuda_event,cuda
35,encoder.layer.8.attention.output.dense,Linear,0.05462,0.375,150994944.0,590592,0,79,0.05462,counter,"[1, 128, 768]","[1, 128, 768]",1081.46,0.0,0.375,cuda_event,cuda
35,encoder.layer.8.attention.output.LayerNorm,LayerNorm,0.00714,0.375,491520.0,1536,0,80,0.00714,analytic,"[1, 128, 768]","[1, 128, 768]",1081.46,0.0,0.375,cuda_event,cuda
35,encoder.layer.8.intermediate.dense,Linear,0.12438,1.5,603979776.0,2362368,0,81,0.12438,counter,"[1, 128, 768]","[1, 128, 3072]",1081.46,0.0,1.5,cuda_event,cuda
35,encoder.layer.8.intermediate.intermediate_act_fn,GELUActivation,0.00662,1.5,0.0,0,0,82,0.00662,none,"[1, 128, 3072]","[1, 128, 3072]",1081.46,0.0,1.5,cuda_event,cuda
35,encoder.layer.8.output.dense,Linear,0.1519,0.375,603979776.0,2360064,0,83,0.1519,counter,"[1, 128, 3072]","[1, 128, 768]",1081.46,0.0,0.375,cuda_event,cuda
35,encoder.layer.8.output.LayerNorm,LayerNorm,0.00819,0.375,491520.0,1536,0,84,0.00819,analytic,"[1, 128, 768]","[1, 128, 768]",1081.46,0.0,0.375,cuda_event,cuda
35,encoder.layer.9.attention.self.query,Linear,0.05312,0.375,150994944.0,590592,0,85,0.05312,counter,"[1, 128, 768]","[1, 128, 768]",1081.46,0.0,0.375,cuda_event,cuda
35,encoder.layer.9.attention.self.key,Linear,0.0535,0.375,150994944.0,590592,0,86,0.0535,counter,"[1, 128, 768]","[1, 128, 768]",1081.46,0.0,0.375,cuda_event,cuda
35,encoder.layer.9.attention.self.value,Linear,0.05344,0.375,150994944.0,590592,0,87,0.05344,counter,"[1, 128, 768]","[1, 128, 768]",1081.46,0.0,0.375,cuda_event,cuda
35,encoder.layer.9.attention.output.dense,Linear,0.05354,0.375,150994944.0,590592,0,88,0.05354,counter,"[1, 128, 768]","[1, 128, 768]",1081.46,0.0,0.375,cuda_event,cuda
35,encoder.layer.9.attention.output.LayerNorm,LayerNorm,0.00819,0.375,491520.0,1536,0,89,0.00819,analytic,"[1, 128, 768]","[1, 128, 768]",1081.46,0.0,0.375,cuda_event,cuda
35,encoder.layer.9.intermediate.dense,Linear,0.12416,1.5,603979776.0,2362368,0,90,0.12416,counter,"[1, 128, 768]","[1, 128, 3072]",1081.46,0.0,1.5,cuda_event,cuda
35,encoder.layer.9.intermediate.intermediate_act_fn,GELUActivation,0.00688,1.5,0.0,0,0,91,0.00688,none,"[1, 128, 3072]","[1, 128, 3072]",1081.46,0.0,1.5,cuda_event,cuda
35,encoder.layer.9.output.dense,Linear,0.15379,0.375,603979776.0,2360064,0,92,0.15379,counter,"[1, 128, 3072]","[1, 128, 768]",1081.46,0.0,0.375,cuda_event,cuda
35,encoder.layer.9.output.LayerNorm,LayerNorm,0.00819,0.375,491520.0,1536,0,93,0.00819,analytic,"[1, 128, 768]","[1, 128, 768]",1081.46,0.0,0.375,cuda_event,cuda
35,encoder.layer.10.attention.self.query,Linear,0.0527,0.375,150994944.0,590592,0,94,0.0527,counter,"[1, 128, 768]","[1, 128, 768]",1081.46,0.0,0.375,cuda_event,cuda
35,encoder.layer.10.attention.self.key,Linear,0.05363,0.375,150994944.0,590592,0,95,0.05363,counter,"[1, 128, 768]","[1, 128, 768]",1081.46,0.0,0.375,cuda_event,cuda
35,encoder.layer.10.attention.self.value,Linear,0.05354,0.375,150994944.0,590592,0,96,0.05354,counter,"[1, 128, 768]","[1, 128, 768]",1081.46,0.0,0.375,cuda_event,cuda
35,encoder.layer.10.attention.output.dense,Linear,0.0535,0.375,150994944.0,590592,0,97,0.0535,counter,"[1, 128, 768]","[1, 128, 768]",1081.46,0.0,0.375,cuda_event,cuda
35,encoder.layer.10.attention.output.LayerNorm,LayerNorm,0.008,0.375,491520.0,1536,0,98,0.008,analytic,"[1, 128, 768]","[1, 128, 768]",1081.46,0.0,0.375,cuda_event,cuda
35,encoder.layer.10.intermediate.dense,Linear,0.12605,1.5,603979776.0,2362368,0,99,0.12605,counter,"[1, 128, 768]","[1, 128, 3072]",1081.46,0.0,1.5,cuda_event,cuda
35,encoder.layer.10.intermediate.intermediate_act_fn,GELUActivation,0.0079,1.5,0.0,0,0,100,0.0079,none,"[1, 128, 3072]","[1, 128, 3072]",1081.46,0.0,1.5,cuda_event,cuda
35,encoder.layer.10.output.dense,Linear,0.15366,0.375,603979776.0,2360064,0,101,0.15366,counter,"[1, 128, 3072]","[1, 128, 768]",1081.46,0.0,0.375,cuda_event,cuda
35,encoder.layer.10.output.LayerNorm,LayerNorm,0.00707,0.375,491520.0,1536,0,102,0.00707,analytic,"[1, 128, 768]","[1, 128, 768]",1081.46,0.0,0.375,cuda_event,cuda
35,encoder.layer.11.attention.self.query,Linear,0.05261,0.375,150994944.0,590592,0,103,0.05261,counter,"[1, 128, 768]","[1, 128, 768]",1081.46,0.0,0.375,cuda_event,cuda
35,encoder.layer.11.attention.self.key,Linear,0.05405,0.375,150994944.0,590592,0,104,0.05405,counter,"[1, 128, 768]","[1, 128, 768]",1081.46,0.0,0.375,cuda_event,cuda
35,encoder.layer.11.attention.self.value,Linear,0.05325,0.375,150994944.0,590592,0,105,0.05325,counter,"[1, 128, 768]","[1, 128, 768]",1081.46,0.0,0.375,cuda_event,cuda
35,encoder.layer.11.attention.output.dense,Linear,0.05363,0.375,150994944.0,590592,0,106,0.05363,counter,"[1, 128, 768]","[1, 128, 768]",1081.46,0.0,0.375,cuda_event,cuda
35,encoder.layer.11.attention.output.LayerNorm,LayerNorm,0.00778,0.375,491520.0,1536,0,107,0.00778,analytic,"[1, 128, 768]","[1, 128, 768]",1081.46,0.0,0.375,cuda_event,cuda
35,encoder.layer.11.intermediate.dense,Linear,0.12419,1.5,603979776.0,2362368,0,108,0.12419,counter,"[1, 128, 768]","[1, 128, 3072]",1081.46,0.0,1.5,cuda_event,cuda
35,encoder.layer.11.intermediate.intermediate_act_fn,GELUActivation,0.00685,1.5,0.0,0,0,109,0.00685,none,"[1, 128, 3072]","[1, 128, 3072]",1081.46,0.0,1.5,cuda_event,cuda
35,encoder.layer.11.output.dense,Linear,0.15334,0.375,603979776.0,2360064,0,110,0.15334,counter,"[1, 128, 3072]","[1, 128, 768]",1081.46,0.0,0.375,cuda_event,cuda
35,encoder.layer.11.output.LayerNorm,LayerNorm,0.00682,0.375,491520.0,1536,0,111,0.00682,analytic,"[1, 128, 768]","[1, 128, 768]",1081.46,0.0,0.375,cuda_event,cuda
35,pooler.dense,Linear,0.01434,0.00293,1179648.0,590592,0,112,0.01434,counter,"[1, 768]","[1, 768]",1081.46,0.0,0.003,cuda_event,cuda
35,pooler.activation,Tanh,0.00416,0.00293,3072.0,0,0,113,0.00416,analytic,"[1, 768]","[1, 768]",1081.46,0.0,0.003,cuda_event,cuda
36,embeddings.word_embeddings,Embedding,0.00589,0.375,0.0,23440896,0,0,0.00589,none,"[1, 128]","[1, 128, 768]",1081.52,0.0,0.375,cuda_event,cuda
36,embeddings.token_type_embeddings,Embedding,0.00454,0.375,0.0,1536,0,1,0.00454,none,"[1, 128]","[1, 128, 768]",1081.52,0.0,0.375,cuda_event,cuda
36,embeddings.position_embeddings,Embedding,0.00614,0.375,0.0,393216,0,2,0.00614,none,"[1, 128]","[1, 128, 768]",1081.52,0.0,0.375,cuda_event,cuda
36,embeddings.LayerNorm,LayerNorm,0.00819,0.375,491520.0,1536,0,3,0.00819,analytic,"[1, 128, 768]","[1, 128, 768]",1081.52,0.0,0.375,cuda_event,cuda
36,encoder.layer.0.attention.self.query,Linear,0.05494,0.375,150994944.0,590592,0,4,0.05494,counter,"[1, 128, 768]","[1, 128, 768]",1081.52,0.0,0.375,cuda_event,cuda
36,encoder.layer.0.attention.self.key,Linear,0.05491,0.375,150994944.0,590592,0,5,0.05491,counter,"[1, 128, 768]","[1, 128, 768]",1081.52,0.0,0.375,cuda_event,cuda
36,encoder.layer.0.attention.self.value,Linear,0.05418,0.375,150994944.0,590592,0,6,0.05418,counter,"[1, 128, 768]","[1, 128, 768]",1081.52,0.0,0.375,cuda_event,cuda
36,encoder.layer.0.attention.output.dense,Linear,0.05325,0.375,150994944.0,590592,0,7,0.05325,counter,"[1, 128, 768]","[1, 128, 768]",1081.52,0.0,0.375,cuda_event,cuda
36,encoder.layer.0.attention.output.LayerNorm,LayerNorm,0.00819,0.375,491520.0,1536,0,8,0.00819,analytic,"[1, 128, 768]","[1, 128, 768]",1081.52,0.0,0.375,cuda_event,cuda
36,encoder.layer.0.intermediate.dense,Linear,0.12493,1.5,603979776.0,2362368,0,9,0.12493,counter,"[1, 128, 768]","[1, 128, 3072]",1081.52,0.0,1.5,cuda_event,cuda
36,encoder.layer.0.intermediate.intermediate_act_fn,GELUActivation,0.00618,1.5,0.0,0,0,10,0.00618,none,"[1, 128, 3072]","[1, 128, 3072]",1081.52,0.0,1.5,cuda_event,cuda
36,encoder.layer.0.output.dense,Linear,0.15504,0.375,603979776.0,2360064,0,11,0.15504,counter,"[1, 128, 3072]","[1, 128, 768]",1081.52,0.0,0.375,cuda_event,cuda
36,encoder.layer.0.output.LayerNorm,LayerNorm,0.00698,0.375,491520.0,1536,0,12,0.00698,analytic,"[1, 128, 768]","[1, 128, 768]",1081.52,0.0,0.375,cuda_event,cuda
36,encoder.layer.1.attention.self.query,Linear,0.05456,0.375,150994944.0,590592,0,13,0.05456,counter,"[1, 128, 768]","[1, 128, 768]",1081.52,0.0,0.375,cuda_event,cuda
36,encoder.layer.1.attention.self.key,Linear,0.05318,0.375,150994944.0,590592,0,14,0.05318,counter,"[1, 128, 768]","[1, 128, 768]",1081.52,0.0,0.375,cuda_event,cuda
36,encoder.layer.1.attention.self.value,Linear,0.05462,0.375,150994944.0,590592,0,15,0.05462,counter,"[1, 128, 768]","[1, 128, 768]",1081.52,0.0,0.375,cuda_event,cuda
36,encoder.layer.1.attention.output.dense,Linear,0.05309,0.375,150994944.0,590592,0,16,0.05309,counter,"[1, 128, 768]","[1, 128, 768]",1081.52,0.0,0.375,cuda_event,cuda
36,encoder.layer.1.attention.output.LayerNorm,LayerNorm,0.00781,0.375,491520.0,1536,0,17,0.00781,analytic,"[1, 128, 768]","[1, 128, 768]",1081.52,0.0,0.375,cuda_event,cuda
36,encoder.layer.1.intermediate.dense,Linear,0.12493,1.5,603979776.0,2362368,0,18,0.12493,counter,"[1, 128, 768]","[1, 128, 3072]",1081.52,0.0,1.5,cuda_event,cuda
36,encoder.layer.1.intermediate.intermediate_act_fn,GELUActivation,0.00736,1.5,0.0,0,0,19,0.00736,none,"[1, 128, 3072]","[1, 128, 3072]",1081.52,0.0,1.5,cuda_event,cuda
36,encoder.layer.1.output.dense,Linear,0.15434,0.375,603979776.0,2360064,0,20,0.15434,counter,"[1, 128, 3072]","[1, 128, 768]",1081.52,0.0,0.375,cuda_event,cuda
36,encoder.layer.1.output.LayerNorm,LayerNorm,0.00723,0.375,491520.0,1536,0,21,0.00723,analytic,"[1, 128, 768]","[1, 128, 768]",1081.52,0.0,0.375,cuda_event,cuda
36,encoder.layer.2.attention.self.query,Linear,0.05469,0.375,150994944.0,590592,0,22,0.05469,counter,"[1, 128, 768]","[1, 128, 768]",1081.52,0.0,0.375,cuda_event,cuda
36,encoder.layer.2.attention.self.key,Linear,0.05392,0.375,150994944.0,590592,0,23,0.05392,counter,"[1, 128, 768]","[1, 128, 768]",1081.52,0.0,0.375,cuda_event,cuda
36,encoder.layer.2.attention.self.value,Linear,0.0535,0.375,150994944.0,590592,0,24,0.0535,counter,"[1, 128, 768]","[1, 128, 768]",1081.52,0.0,0.375,cuda_event,cuda
36,encoder.layer.2.attention.output.dense,Linear,0.05347,0.375,150994944.0,590592,0,25,0.05347,counter,"[1, 128, 768]","[1, 128, 768]",1081.52,0.0,0.375,cuda_event,cuda
36,encoder.layer.2.attention.output.LayerNorm,LayerNorm,0.00701,0.375,491520.0,1536,0,26,0.00701,analytic,"[1, 128, 768]","[1, 128, 768]",1081.52,0.0,0.375,cuda_event,cuda
36,encoder.layer.2.intermediate.dense,Linear,0.12416,1.5,603979776.0,2362368,0,27,0.12416,counter,"[1, 128, 768]","[1, 128, 3072]",1081.52,0.0,1.5,cuda_event,cuda
36,encoder.layer.2.intermediate.intermediate_act_fn,GELUActivation,0.00707,1.5,0.0,0,0,28,0.00707,none,"[1, 128, 3072]","[1, 128, 3072]",1081.52,0.0,1.5,cuda_event,cuda
36,encoder.layer.2.output.dense,Linear,0.1527,0.375,603979776.0,2360064,0,29,0.1527,counter,"[1, 128, 3072]","[1, 128, 768]",1081.52,0.0,0.375,cuda_event,cuda
36,encoder.layer.2.output.LayerNorm,LayerNorm,0.00819,0.375,491520.0,1536,0,30,0.00819,analytic,"[1, 128, 768]","[1, 128, 768]",1081.52,0.0,0.375,cuda_event,cuda
36,encoder.layer.3.attention.self.query,Linear,0.05325,0.375,150994944.0,590592,0,31,0.05325,counter,"[1, 128, 768]","[1, 128, 768]",1081.52,0.0,0.375,cuda_event,cuda
36,encoder.layer.3.attention.self.key,Linear,0.05328,0.375,150994944.0,590592,0,32,0.05328,counter,"[1, 128, 768]","[1, 128, 768]",1081.52,0.0,0.375,cuda_event,cuda
36,encoder.layer.3.attention.self.value,Linear,0.05427,0.375,150994944.0,590592,0,33,0.05427,counter,"[1, 128, 768]","[1, 128, 768]",1081.52,0.0,0.375,cuda_event,cuda
36,encoder.layer.3.attention.output.dense,Linear,0.0543,0.375,150994944.0,590592,0,34,0.0543,counter,"[1, 128, 768]","[1, 128, 768]",1081.52,0.0,0.375,cuda_event,cuda
36,encoder.layer.3.attention.output.LayerNorm,LayerNorm,0.00819,0.375,491520.0,1536,0,35,0.00819,analytic,"[1, 128, 768]","[1, 128, 768]",1081.52,0.0,0.375,cuda_event,cuda
36,encoder.layer.3.intermediate.dense,Linear,0.12627,1.5,603979776.0,2362368,0,36,0.12627,counter,"[1, 128, 768]","[1, 128, 3072]",1081.52,0.0,1.5,cuda_event,cuda
36,encoder.layer.3.intermediate.intermediate_act_fn,GELUActivation,0.00701,1.5,0.0,0,0,37,0.00701,none,"[1, 128, 3072]","[1, 128, 3072]",1081.52,0.0,1.5,cuda_event,cuda
36,encoder.layer.3.output.dense,Linear,0.15363,0.375,603979776.0,2360064,0,38,0.15363,counter,"[1, 128, 3072]","[1, 128, 768]",1081.52,0.0,0.375,cuda_event,cuda
36,encoder.layer.3.output.LayerNorm,LayerNorm,0.00813,0.375,491520.0,1536,0,39,0.00813,analytic,"[1, 128, 768]","[1, 128, 768]",1081.52,0.0,0.375,cuda_event,cuda
36,encoder.layer.4.attention.self.query,Linear,0.05344,0.375,150994944.0,590592,0,40,0.05344,counter,"[1, 128, 768]","[1, 128, 768]",1081.52,0.0,0.375,cuda_event,cuda
36,encoder.layer.4.attention.self.key,Linear,0.05325,0.375,150994944.0,590592,0,41,0.05325,counter,"[1, 128, 768]","[1, 128, 768]",1081.52,0.0,0.375,cuda_event,cuda
36,encoder.layer.4.attention.self.value,Linear,0.05485,0.375,150994944.0,590592,0,42,0.05485,counter,"[1, 128, 768]","[1, 128, 768]",1081.52,0.0,0.375,cuda_event,cuda
36,encoder.layer.4.attention.output.dense,Linear,0.0553,0.375,150994944.0,590592,0,43,0.0553,counter,"[1, 128, 768]","[1, 128, 768]",1081.52,0.0,0.375,cuda_event,cuda
36,encoder.layer.4.attention.output.LayerNorm,LayerNorm,0.00797,0.375,491520.0,1536,0,44,0.00797,analytic,"[1, 128, 768]","[1, 128, 768]",1081.52,0.0,0.375,cuda_event,cuda
36,encoder.layer.4.intermediate.dense,Linear,0.12333,1.5,603979776.0,2362368,0,45,0.12333,counter,"[1, 128, 768]","[1, 128, 3072]",1081.52,0.0,1.5,cuda_event,cuda
36,encoder.layer.4.intermediate.intermediate_act_fn,GELUActivation,0.00746,1.5,0.0,0,0,46,0.00746,none,"[1, 128, 3072]","[1, 128, 3072]",1081.52,0.0,1.5,cuda_event,cuda
36,encoder.layer.4.output.dense,Linear,0.15245,0.375,603979776.0,2360064,0,47,0.15245,counter,"[1, 128, 3072]","[1, 128, 768]",1081.52,0.0,0.375,cuda_event,cuda
36,encoder.layer.4.output.LayerNorm,LayerNorm,0.00781,0.375,491520.0,1536,0,48,0.00781,analytic,"[1, 128, 768]","[1, 128, 768]",1081.52,0.0,0.375,cuda_event,cuda
36,encoder.layer.5.attention.self.query,Linear,0.05309,0.375,150994944.0,590592,0,49,0.05309,counter,"[1, 128, 768]","[1, 128, 768]",1081.52,0.0,0.375,cuda_event,cuda
36,encoder.layer.5.attention.self.key,Linear,0.05405,0.375,150994944.0,590592,0,50,0.05405,counter,"[1, 128, 768]","[1, 128, 768]",1081.52,0.0,0.375,cuda_event,cuda
36,encoder.layer.5.attention.self.value,Linear,0.05325,0.375,150994944.0,590592,0,51,0.05325,counter,"[1, 128, 768]","[1, 128, 768]",1081.52,0.0,0.375,cuda_event,cuda
36,encoder.layer.5.attention.output.dense,Linear,0.05386,0.375,150994944.0,590592,0,52,0.05386,counter,"[1, 128, 768]","[1, 128, 768]",1081.52,0.0,0.375,cuda_event,cuda
36,encoder.layer.5.attention.output.LayerNorm,LayerNorm,0.00819,0.375,491520.0,1536,0,53,0.00819,analytic,"[1, 128, 768]","[1, 128, 768]",1081.52,0.0,0.375,cuda_event,cuda
36,encoder.layer.5.intermediate.dense,Linear,0.12506,1.5,603979776.0,2362368,0,54,0.12506,counter,"[1, 128, 768]","[1, 128, 3072]",1081.52,0.0,1.5,cuda_event,cuda
36,encoder.layer.5.intermediate.intermediate_act_fn,GELUActivation,0.00621,1.5,0.0,0,0,55,0.00621,none,"[1, 128, 3072]","[1, 128, 3072]",1081.52,0.0,1.5,cuda_event,cuda
36,encoder.layer.5.output.dense,Linear,0.15565,0.375,603979776.0,2360064,0,56,0.15565,counter,"[1, 128, 3072]","[1, 128, 768]",1081.52,0.0,0.375,cuda_event,cuda
36,encoder.layer.5.output.LayerNorm,LayerNorm,0.00819,0.375,491520.0,1536,0,57,0.00819,analytic,"[1, 128, 768]","[1, 128, 768]",1081.52,0.0,0.375,cuda_event,cuda
36,encoder.layer.6.attention.self.query,Linear,0.05267,0.375,150994944.0,590592,0,58,0.05267,counter,"[1, 128, 768]","[1, 128, 768]",1081.52,0.0,0.375,cuda_event,cuda
36,encoder.layer.6.attention.self.key,Linear,0.05414,0.375,150994944.0,590592,0,59,0.05414,counter,"[1, 128, 768]","[1, 128, 768]",1081.52,0.0,0.375,cuda_event,cuda
36,encoder.layer.6.attention.self.value,Linear,0.05494,0.375,150994944.0,590592,0,60,0.05494,counter,"[1, 128, 768]","[1, 128, 768]",1081.52,0.0,0.375,cuda_event,cuda
36,encoder.layer.6.attention.output.dense,Linear,0.0543,0.375,150994944.0,590592,0,61,0.0543,counter,"[1, 128, 768]","[1, 128, 768]",1081.52,0.0,0.375,cuda_event,cuda
36,encoder.layer.6.attention.output.LayerNorm,LayerNorm,0.00819,0.375,491520.0,1536,0,62,0.00819,analytic,"[1, 128, 768]","[1, 128, 768]",1081.52,0.0,0.375,cuda_event,cuda
36,encoder.layer.6.intermediate.dense,Linear,0.12698,1.5,603979776.0,2362368,0,63,0.12698,counter,"[1, 128, 768]","[1, 128, 3072]",1081.52,0.0,1.5,cuda_event,cuda
36,encoder.layer.6.intermediate.intermediate_act_fn,GELUActivation,0.00813,1.5,0.0,0,0,64,0.00813,none,"[1, 128, 3072]","[1, 128, 3072]",1081.52,0.0,1.5,cuda_event,cuda
36,encoder.layer.6.output.dense,Linear,0.15382,0.375,603979776.0,2360064,0,65,0.15382,counter,"[1, 128, 3072]","[1, 128, 768]",1081.52,0.0,0.375,cuda_event,cuda
36,encoder.layer.6.output.LayerNorm,LayerNorm,0.00819,0.375,491520.0,1536,0,66,0.00819,analytic,"[1, 128, 768]","[1, 128, 768]",1081.52,0.0,0.375,cuda_event,cuda
36,encoder.layer.7.attention.self.query,Linear,0.05328,0.375,150994944.0,590592,0,67,0.05328,counter,"[1, 128, 768]","[1, 128, 768]",1081.52,0.0,0.375,cuda_event,cuda
36,encoder.layer.7.attention.self.key,Linear,0.05325,0.375,150994944.0,590592,0,68,0.05325,counter,"[1, 128, 768]","[1, 128, 768]",1081.52,0.0,0.375,cuda_event,cuda
36,encoder.layer.7.attention.self.value,Linear,0.05443,0.375,150994944.0,590592,0,69,0.05443,counter,"[1, 128, 768]","[1, 128, 768]",1081.52,0.0,0.375,cuda_event,cuda
36,encoder.layer.7.attention.output.dense,Linear,0.05325,0.375,150994944.0,590592,0,70,0.05325,counter,"[1, 128, 768]","[1, 128, 768]",1081.52,0.0,0.375,cuda_event,cuda
36,encoder.layer.7.attention.output.LayerNorm,LayerNorm,0.00819,0.375,491520.0,1536,0,71,0.00819,analytic,"[1, 128, 768]","[1, 128, 768]",1081.52,0.0,0.375,cuda_event,cuda
36,encoder.layer.7.intermediate.dense,Linear,0.12291,1.5,603979776.0,2362368,0,72,0.12291,counter,"[1, 128, 768]","[1, 128, 3072]",1081.52,0.0,1.5,cuda_event,cuda
36,encoder.layer.7.intermediate.intermediate_act_fn,GELUActivation,0.00787,1.5,0.0,0,0,73,0.00787,none,"[1, 128, 3072]","[1, 128, 3072]",1081.52,0.0,1.5,cuda_event,cuda
36,encoder.layer.7.output.dense,Linear,0.15613,0.375,603979776.0,2360064,0,74,0.15613,counter,"[1, 128, 3072]","[1, 128, 768]",1081.52,0.0,0.375,cuda_event,cuda
36,encoder.layer.7.output.LayerNorm,LayerNorm,0.00685,0.375,491520.0,1536,0,75,0.00685,analytic,"[1, 128, 768]","[1, 128, 768]",1081.52,0.0,0.375,cuda_event,cuda
36,encoder.layer.8.attention.self.query,Linear,0.05482,0.375,150994944.0,590592,0,76,0.05482,counter,"[1, 128, 768]","[1, 128, 768]",1081.52,0.0,0.375,cuda_event,cuda
36,encoder.layer.8.attention.self.key,Linear,0.05389,0.375,150994944.0,590592,0,77,0.05389,counter,"[1, 128, 768]","[1, 128, 768]",1081.52,0.0,0.375,cuda_event,cuda
36,encoder.layer.8.attention.self.value,Linear,0.05325,0.375,150994944.0,590592,0,78,0.05325,counter,"[1, 128, 768]","[1, 128, 768]",1081.52,0.0,0.375,cuda_event,cuda
36,encoder.layer.8.attention.output.dense,Linear,0.05472,0.375,150994944.0,590592,0,79,0.05472,counter,"[1, 128, 768]","[1, 128, 768]",1081.52,0.0,0.375,cuda_event,cuda
36,encoder.layer.8.attention.output.LayerNorm,LayerNorm,0.00691,0.375,491520.0,1536,0,80,0.00691,analytic,"[1, 128, 768]","[1, 128, 768]",1081.52,0.0,0.375,cuda_event,cuda
36,encoder.layer.8.intermediate.dense,Linear,0.12435,1.5,603979776.0,2362368,0,81,0.12435,counter,"[1, 128, 768]","[1, 128, 3072]",1081.52,0.0,1.5,cuda_event,cuda
36,encoder.layer.8.intermediate.intermediate_act_fn,GELUActivation,0.00672,1.5,0.0,0,0,82,0.00672,none,"[1, 128, 3072]","[1, 128, 3072]",1081.52,0.0,1.5,cuda_event,cuda
36,encoder.layer.8.output.dense,Linear,0.15389,0.375,603979776.0,2360064,0,83,0.15389,counter,"[1, 128, 3072]","[1, 128, 768]",1081.52,0.0,0.375,cuda_event,cuda
36,encoder.layer.8.output.LayerNorm,LayerNorm,0.00819,0.375,491520.0,1536,0,84,0.00819,analytic,"[1, 128, 768]","[1, 128, 768]",1081.52,0.0,0.375,cuda_event,cuda
36,encoder.layer.9.attention.self.query,Linear,0.05325,0.375,150994944.0,590592,0,85,0.05325,counter,"[1, 128, 768]","[1, 128, 768]",1081.52,0.0,0.375,cuda_event,cuda
36,encoder.layer.9.attention.self.key,Linear,0.05338,0.375,150994944.0,590592,0,86,0.05338,counter,"[1, 128, 768]","[1, 128, 768]",1081.52,0.0,0.375,cuda_event,cuda
36,encoder.layer.9.attention.self.value,Linear,0.05325,0.375,150994944.0,590592,0,87,0.05325,counter,"[1, 128, 768]","[1, 128, 768]",1081.52,0.0,0.375,cuda_event,cuda
36,encoder.layer.9.attention.output.dense,Linear,0.05334,0.375,150994944.0,590592,0,88,0.05334,counter,"[1, 128, 768]","[1, 128, 768]",1081.52,0.0,0.375,cuda_event,cuda
36,encoder.layer.9.attention.output.LayerNorm,LayerNorm,0.00806,0.375,491520.0,1536,0,89,0.00806,analytic,"[1, 128, 768]","[1, 128, 768]",1081.52,0.0,0.375,cuda_event,cuda
36,encoder.layer.9.intermediate.dense,Linear,0.12522,1.5,603979776.0,2362368,0,90,0.12522,counter,"[1, 128, 768]","[1, 128, 3072]",1081.52,0.0,1.5,cuda_event,cuda
36,encoder.layer.9.intermediate.intermediate_act_fn,GELUActivation,0.00746,1.5,0.0,0,0,91,0.00746,none,"[1, 128, 3072]","[1, 128, 3072]",1081.52,0.0,1.5,cuda_event,cuda
36,encoder.layer.9.output.dense,Linear,0.15408,0.375,603979776.0,2360064,0,92,0.15408,counter,"[1, 128, 3072]","[1, 128, 768]",1081.52,0.0,0.375,cuda_event,cuda
36,encoder.layer.9.output.LayerNorm,LayerNorm,0.00819,0.375,491520.0,1536,0,93,0.00819,analytic,"[1, 128, 768]","[1, 128, 768]",1081.52,0.0,0.375,cuda_event,cuda
36,encoder.layer.10.attention.self.query,Linear,0.05325,0.375,150994944.0,590592,0,94,0.05325,counter,"[1, 128, 768]","[1, 128, 768]",1081.52,0.0,0.375,cuda_event,cuda
36,encoder.layer.10.attention.self.key,Linear,0.05494,0.375,150994944.0,590592,0,95,0.05494,counter,"[1, 128, 768]","[1, 128, 768]",1081.52,0.0,0.375,cuda_event,cuda
36,encoder.layer.10.attention.self.value,Linear,0.05373,0.375,150994944.0,590592,0,96,0.05373,counter,"[1, 128, 768]","[1, 128, 768]",1081.52,0.0,0.375,cuda_event,cuda
36,encoder.layer.10.attention.output.dense,Linear,0.05376,0.375,150994944.0,590592,0,97,0.05376,counter,"[1, 128, 768]","[1, 128, 768]",1081.52,0.0,0.375,cuda_event,cuda
36,encoder.layer.10.attention.output.LayerNorm,LayerNorm,0.00774,0.375,491520.0,1536,0,98,0.00774,analytic,"[1, 128, 768]","[1, 128, 768]",1081.52,0.0,0.375,cuda_event,cuda
36,encoder.layer.10.intermediate.dense,Linear,0.12554,1.5,603979776.0,2362368,0,99,0.12554,counter,"[1, 128, 768]","[1, 128, 3072]",1081.52,0.0,1.5,cuda_event,cuda
36,encoder.layer.10.intermediate.intermediate_act_fn,GELUActivation,0.00627,1.5,0.0,0,0,100,0.00627,none,"[1, 128, 3072]","[1, 128, 3072]",1081.52,0.0,1.5,cuda_event,cuda
36,encoder.layer.10.output.dense,Linear,0.15555,0.375,603979776.0,2360064,0,101,0.15555,counter,"[1, 128, 3072]","[1, 128, 768]",1081.52,0.0,0.375,cuda_event,cuda
36,encoder.layer.10.output.LayerNorm,LayerNorm,0.00691,0.375,491520.0,1536,0,102,0.00691,analytic,"[1, 128, 768]","[1, 128, 768]",1081.52,0.0,0.375,cuda_event,cuda
36,encoder.layer.11.attention.self.query,Linear,0.05325,0.375,150994944.0,590592,0,103,0.05325,counter,"[1, 128, 768]","[1, 128, 768]",1081.52,0.0,0.375,cuda_event,cuda
36,encoder.layer.11.attention.self.key,Linear,0.05325,0.375,150994944.0,590592,0,104,0.05325,counter,"[1, 128, 768]","[1, 128, 768]",1081.52,0.0,0.375,cuda_event,cuda
36,encoder.layer.11.attention.self.value,Linear,0.05328,0.375,150994944.0,590592,0,105,0.05328,counter,"[1, 128, 768]","[1, 128, 768]",1081.52,0.0,0.375,cuda_event,cuda
36,encoder.layer.11.attention.output.dense,Linear,0.05523,0.375,150994944.0,590592,0,106,0.05523,counter,"[1, 128, 768]","[1, 128, 768]",1081.52,0.0,0.375,cuda_event,cuda
36,encoder.layer.11.attention.output.LayerNorm,LayerNorm,0.00787,0.375,491520.0,1536,0,107,0.00787,analytic,"[1, 128, 768]","[1, 128, 768]",1081.52,0.0,0.375,cuda_event,cuda
36,encoder.layer.11.intermediate.dense,Linear,0.12528,1.5,603979776.0,2362368,0,108,0.12528,counter,"[1, 128, 768]","[1, 128, 3072]",1081.52,0.0,1.5,cuda_event,cuda
36,encoder.layer.11.intermediate.intermediate_act_fn,GELUActivation,0.00682,1.5,0.0,0,0,109,0.00682,none,"[1, 128, 3072]","[1, 128, 3072]",1081.52,0.0,1.5,cuda_event,cuda
36,encoder.layer.11.output.dense,Linear,0.1528,0.375,603979776.0,2360064,0,110,0.1528,counter,"[1, 128, 3072]","[1, 128, 768]",1081.52,0.0,0.375,cuda_event,cuda
36,encoder.layer.11.output.LayerNorm,LayerNorm,0.00819,0.375,491520.0,1536,0,111,0.00819,analytic,"[1, 128, 768]","[1, 128, 768]",1081.52,0.0,0.375,cuda_event,cuda
36,pooler.dense,Linear,0.01386,0.00293,1179648.0,590592,0,112,0.01386,counter,"[1, 768]","[1, 768]",1081.52,0.0,0.003,cuda_event,cuda
36,pooler.activation,Tanh,0.00429,0.00293,3072.0,0,0,113,0.00429,analytic,"[1, 768]","[1, 768]",1081.52,0.0,0.003,cuda_event,cuda
37,embeddings.word_embeddings,Embedding,0.00582,0.375,0.0,23440896,0,0,0.00582,none,"[1, 128]","[1, 128, 768]",1081.59,0.0,0.375,cuda_event,cuda
37,embeddings.token_type_embeddings,Embedding,0.00454,0.375,0.0,1536,0,1,0.00454,none,"[1, 128]","[1, 128, 768]",1081.59,0.0,0.375,cuda_event,cuda
37,embeddings.position_embeddings,Embedding,0.00614,0.375,0.0,393216,0,2,0.00614,none,"[1, 128]","[1, 128, 768]",1081.59,0.0,0.375,cuda_event,cuda
37,embeddings.LayerNorm,LayerNorm,0.00704,0.375,491520.0,1536,0,3,0.00704,analytic,"[1, 128, 768]","[1, 128, 768]",1081.59,0.0,0.375,cuda_event,cuda
37,encoder.layer.0.attention.self.query,Linear,0.05325,0.375,150994944.0,590592,0,4,0.05325,counter,"[1, 128, 768]","[1, 128, 768]",1081.59,0.0,0.375,cuda_event,cuda
37,encoder.layer.0.attention.self.key,Linear,0.05488,0.375,150994944.0,590592,0,5,0.05488,counter,"[1, 128, 768]","[1, 128, 768]",1081.59,0.0,0.375,cuda_event,cuda
37,encoder.layer.0.attention.self.value,Linear,0.05379,0.375,150994944.0,590592,0,6,0.05379,counter,"[1, 128, 768]","[1, 128, 768]",1081.59,0.0,0.375,cuda_event,cuda
37,encoder.layer.0.attention.output.dense,Linear,0.0537,0.375,150994944.0,590592,0,7,0.0537,counter,"[1, 128, 768]","[1, 128, 768]",1081.59,0.0,0.375,cuda_event,cuda
37,encoder.layer.0.attention.output.LayerNorm,LayerNorm,0.00806,0.375,491520.0,1536,0,8,0.00806,analytic,"[1, 128, 768]","[1, 128, 768]",1081.59,0.0,0.375,cuda_event,cuda
37,encoder.layer.0.intermediate.dense,Linear,0.12352,1.5,603979776.0,2362368,0,9,0.12352,counter,"[1, 128, 768]","[1, 128, 3072]",1081.59,0.0,1.5,cuda_event,cuda
37,encoder.layer.0.intermediate.intermediate_act_fn,GELUActivation,0.00653,1.5,0.0,0,0,10,0.00653,none,"[1, 128, 3072]","[1, 128, 3072]",1081.59,0.0,1.5,cuda_event,cuda
37,encoder.layer.0.output.dense,Linear,0.15507,0.375,603979776.0,2360064,0,11,0.15507,counter,"[1, 128, 3072]","[1, 128, 768]",1081.59,0.0,0.375,cuda_event,cuda
37,encoder.layer.0.output.LayerNorm,LayerNorm,0.00704,0.375,491520.0,1536,0,12,0.00704,analytic,"[1, 128, 768]","[1, 128, 768]",1081.59,0.0,0.375,cuda_event,cuda
37,encoder.layer.1.attention.self.query,Linear,0.05325,0.375,150994944.0,590592,0,13,0.05325,counter,"[1, 128, 768]","[1, 128, 768]",1081.59,0.0,0.375,cuda_event,cuda
37,encoder.layer.1.attention.self.key,Linear,0.05325,0.375,150994944.0,590592,0,14,0.05325,counter,"[1, 128, 768]","[1, 128, 768]",1081.59,0.0,0.375,cuda_event,cuda
37,encoder.layer.1.attention.self.value,Linear,0.05334,0.375,150994944.0,590592,0,15,0.05334,counter,"[1, 128, 768]","[1, 128, 768]",1081.59,0.0,0.375,cuda_event,cuda
37,encoder.layer.1.attention.output.dense,Linear,0.05398,0.375,150994944.0,590592,0,16,0.05398,counter,"[1, 128, 768]","[1, 128, 768]",1081.59,0.0,0.375,cuda_event,cuda
37,encoder.layer.1.attention.output.LayerNorm,LayerNorm,0.00774,0.375,491520.0,1536,0,17,0.00774,analytic,"[1, 128, 768]","[1, 128, 768]",1081.59,0.0,0.375,cuda_event,cuda
37,encoder.layer.1.intermediate.dense,Linear,0.12477,1.5,603979776.0,2362368,0,18,0.12477,counter,"[1, 128, 768]","[1, 128, 3072]",1081.59,0.0,1.5,cuda_event,cuda
37,encoder.layer.1.intermediate.intermediate_act_fn,GELUActivation,0.00698,1.5,0.0,0,0,19,0.00698,none,"[1, 128, 3072]","[1, 128, 3072]",1081.59,0.0,1.5,cuda_event,cuda
37,encoder.layer.1.output.dense,Linear,0.15494,0.375,603979776.0,2360064,0,20,0.15494,counter,"[1, 128, 3072]","[1, 128, 768]",1081.59,0.0,0.375,cuda_event,cuda
37,encoder.layer.1.output.LayerNorm,LayerNorm,0.00819,0.375,491520.0,1536,0,21,0.00819,analytic,"[1, 128, 768]","[1, 128, 768]",1081.59,0.0,0.375,cuda_event,cuda
37,encoder.layer.2.attention.self.query,Linear,0.05325,0.375,150994944.0,590592,0,22,0.05325,counter,"[1, 128, 768]","[1, 128, 768]",1081.59,0.0,0.375,cuda_event,cuda
37,encoder.layer.2.attention.self.key,Linear,0.05443,0.375,150994944.0,590592,0,23,0.05443,counter,"[1, 128, 768]","[1, 128, 768]",1081.59,0.0,0.375,cuda_event,cuda
37,encoder.layer.2.attention.self.value,Linear,0.05366,0.375,150994944.0,590592,0,24,0.05366,counter,"[1, 128, 768]","[1, 128, 768]",1081.59,0.0,0.375,cuda_event,cuda
37,encoder.layer.2.attention.output.dense,Linear,0.0553,0.375,150994944.0,590592,0,25,0.0553,counter,"[1, 128, 768]","[1, 128, 768]",1081.59,0.0,0.375,cuda_event,cuda
37,encoder.layer.2.attention.output.LayerNorm,LayerNorm,0.00774,0.375,491520.0,1536,0,26,0.00774,analytic,"[1, 128, 768]","[1, 128, 768]",1081.59,0.0,0.375,cuda_event,cuda
37,encoder.layer.2.intermediate.dense,Linear,0.1249,1.5,603979776.0,2362368,0,27,0.1249,counter,"[1, 128, 768]","[1, 128, 3072]",1081.59,0.0,1.5,cuda_event,cuda
37,encoder.layer.2.intermediate.intermediate_act_fn,GELUActivation,0.0063,1.5,0.0,0,0,28,0.0063,none,"[1, 128, 3072]","[1, 128, 3072]",1081.59,0.0,1.5,cuda_event,cuda
37,encoder.layer.2.output.dense,Linear,0.15363,0.375,603979776.0,2360064,0,29,0.15363,counter,"[1, 128, 3072]","[1, 128, 768]",1081.59,0.0,0.375,cuda_event,cuda
37,encoder.layer.2.output.LayerNorm,LayerNorm,0.00819,0.375,491520.0,1536,0,30,0.00819,analytic,"[1, 128, 768]","[1, 128, 768]",1081.59,0.0,0.375,cuda_event,cuda
37,encoder.layer.3.attention.self.query,Linear,0.05309,0.375,150994944.0,590592,0,31,0.05309,counter,"[1, 128, 768]","[1, 128, 768]",1081.59,0.0,0.375,cuda_event,cuda
37,encoder.layer.3.attention.self.key,Linear,0.05354,0.375,150994944.0,590592,0,32,0.05354,counter,"[1, 128, 768]","[1, 128, 768]",1081.59,0.0,0.375,cuda_event,cuda
37,encoder.layer.3.attention.self.value,Linear,0.05325,0.375,150994944.0,590592,0,33,0.05325,counter,"[1, 128, 768]","[1, 128, 768]",1081.59,0.0,0.375,cuda_event,cuda
37,encoder.layer.3.attention.output.dense,Linear,0.0535,0.375,150994944.0,590592,0,34,0.0535,counter,"[1, 128, 768]","[1, 128, 768]",1081.59,0.0,0.375,cuda_event,cuda
37,encoder.layer.3.attention.output.LayerNorm,LayerNorm,0.00819,0.375,491520.0,1536,0,35,0.00819,analytic,"[1, 128, 768]","[1, 128, 768]",1081.59,0.0,0.375,cuda_event,cuda
37,encoder.layer.3.intermediate.dense,Linear,0.12666,1.5,603979776.0,2362368,0,36,0.12666,counter,"[1, 128, 768]","[1, 128, 3072]",1081.59,0.0,1.5,cuda_event,cuda
37,encoder.layer.3.intermediate.intermediate_act_fn,GELUActivation,0.00659,1.5,0.0,0,0,37,0.00659,none,"[1, 128, 3072]","[1, 128, 3072]",1081.59,0.0,1.5,cuda_event,cuda
37,encoder.layer.3.output.dense,Linear,0.1536,0.375,603979776.0,2360064,0,38,0.1536,counter,"[1, 128, 3072]","[1, 128, 768]",1081.59,0.0,0.375,cuda_event,cuda
37,encoder.layer.3.output.LayerNorm,LayerNorm,0.00819,0.375,491520.0,1536,0,39,0.00819,analytic,"[1, 128, 768]","[1, 128, 768]",1081.59,0.0,0.375,cuda_event,cuda
37,encoder.layer.4.attention.self.query,Linear,0.05338,0.375,150994944.0,590592,0,40,0.05338,counter,"[1, 128, 768]","[1, 128, 768]",1081.59,0.0,0.375,cuda_event,cuda
37,encoder.layer.4.attention.self.key,Linear,0.05331,0.375,150994944.0,590592,0,41,0.05331,counter,"[1, 128, 768]","[1, 128, 768]",1081.59,0.0,0.375,cuda_event,cuda
37,encoder.layer.4.attention.self.value,Linear,0.0545,0.375,150994944.0,590592,0,42,0.0545,counter,"[1, 128, 768]","[1, 128, 768]",1081.59,0.0,0.375,cuda_event,cuda
37,encoder.layer.4.attention.output.dense,Linear,0.05325,0.375,150994944.0,590592,0,43,0.05325,counter,"[1, 128, 768]","[1, 128, 768]",1081.59,0.0,0.375,cuda_event,cuda
37,encoder.layer.4.attention.output.LayerNorm,LayerNorm,0.00819,0.375,491520.0,1536,0,44,0.00819,analytic,"[1, 128, 768]","[1, 128, 768]",1081.59,0.0,0.375,cuda_event,cuda
37,encoder.layer.4.intermediate.dense,Linear,0.12288,1.5,603979776.0,2362368,0,45,0.12288,counter,"[1, 128, 768]","[1, 128, 3072]",1081.59,0.0,1.5,cuda_event,cuda
37,encoder.layer.4.intermediate.intermediate_act_fn,GELUActivation,0.00733,1.5,0.0,0,0,46,0.00733,none,"[1, 128, 3072]","[1, 128, 3072]",1081.59,0.0,1.5,cuda_event,cuda
37,encoder.layer.4.output.dense,Linear,0.15254,0.375,603979776.0,2360064,0,47,0.15254,counter,"[1, 128, 3072]","[1, 128, 768]",1081.59,0.0,0.375,cuda_event,cuda
37,encoder.layer.4.output.LayerNorm,LayerNorm,0.00781,0.375,491520.0,1536,0,48,0.00781,analytic,"[1, 128, 768]","[1, 128, 768]",1081.59,0.0,0.375,cuda_event,cuda
37,encoder.layer.5.attention.self.query,Linear,0.05302,0.375,150994944.0,590592,0,49,0.05302,counter,"[1, 128, 768]","[1, 128, 768]",1081.59,0.0,0.375,cuda_event,cuda
37,encoder.layer.5.attention.self.key,Linear,0.05411,0.375,150994944.0,590592,0,50,0.05411,counter,"[1, 128, 768]","[1, 128, 768]",1081.59,0.0,0.375,cuda_event,cuda
37,encoder.layer.5.attention.self.value,Linear,0.05341,0.375,150994944.0,590592,0,51,0.05341,counter,"[1, 128, 768]","[1, 128, 768]",1081.59,0.0,0.375,cuda_event,cuda
37,encoder.layer.5.attention.output.dense,Linear,0.05354,0.375,150994944.0,590592,0,52,0.05354,counter,"[1, 128, 768]","[1, 128, 768]",1081.59,0.0,0.375,cuda_event,cuda
37,encoder.layer.5.attention.output.LayerNorm,LayerNorm,0.0079,0.375,491520.0,1536,0,53,0.0079,analytic,"[1, 128, 768]","[1, 128, 768]",1081.59,0.0,0.375,cuda_event,cuda
37,encoder.layer.5.intermediate.dense,Linear,0.12336,1.5,603979776.0,2362368,0,54,0.12336,counter,"[1, 128, 768]","[1, 128, 3072]",1081.59,0.0,1.5,cuda_event,cuda
37,encoder.layer.5.intermediate.intermediate_act_fn,GELUActivation,0.00614,1.5,0.0,0,0,55,0.00614,none,"[1, 128, 3072]","[1, 128, 3072]",1081.59,0.0,1.5,cuda_event,cuda
37,encoder.layer.5.output.dense,Linear,0.15552,0.375,603979776.0,2360064,0,56,0.15552,counter,"[1, 128, 3072]","[1, 128, 768]",1081.59,0.0,0.375,cuda_event,cuda
37,encoder.layer.5.output.LayerNorm,LayerNorm,0.00691,0.375,491520.0,1536,0,57,0.00691,analytic,"[1, 128, 768]","[1, 128, 768]",1081.59,0.0,0.375,cuda_event,cuda
37,encoder.layer.6.attention.self.query,Linear,0.05325,0.375,150994944.0,590592,0,58,0.05325,counter,"[1, 128, 768]","[1, 128, 768]",1081.59,0.0,0.375,cuda_event,cuda
37,encoder.layer.6.attention.self.key,Linear,0.05325,0.375,150994944.0,590592,0,59,0.05325,counter,"[1, 128, 768]","[1, 128, 768]",1081.59,0.0,0.375,cuda_event,cuda
37,encoder.layer.6.attention.self.value,Linear,0.05462,0.375,150994944.0,590592,0,60,0.05462,counter,"[1, 128, 768]","[1, 128, 768]",1081.59,0.0,0.375,cuda_event,cuda
37,encoder.layer.6.attention.output.dense,Linear,0.0553,0.375,150994944.0,590592,0,61,0.0553,counter,"[1, 128, 768]","[1, 128, 768]",1081.59,0.0,0.375,cuda_event,cuda
37,encoder.layer.6.attention.output.LayerNorm,LayerNorm,0.00678,0.375,491520.0,1536,0,62,0.00678,analytic,"[1, 128, 768]","[1, 128, 768]",1081.59,0.0,0.375,cuda_event,cuda
37,encoder.layer.6.intermediate.dense,Linear,0.12493,1.5,603979776.0,2362368,0,63,0.12493,counter,"[1, 128, 768]","[1, 128, 3072]",1081.59,0.0,1.5,cuda_event,cuda
37,encoder.layer.6.intermediate.intermediate_act_fn,GELUActivation,0.00614,1.5,0.0,0,0,64,0.00614,none,"[1, 128, 3072]","[1, 128, 3072]",1081.59,0.0,1.5,cuda_event,cuda
37,encoder.layer.6.output.dense,Linear,0.1536,0.375,603979776.0,2360064,0,65,0.1536,counter,"[1, 128, 3072]","[1, 128, 768]",1081.59,0.0,0.375,cuda_event,cuda
37,encoder.layer.6.output.LayerNorm,LayerNorm,0.00819,0.375,491520.0,1536,0,66,0.00819,analytic,"[1, 128, 768]","[1, 128, 768]",1081.59,0.0,0.375,cuda_event,cuda
37,encoder.layer.7.attention.self.query,Linear,0.0543,0.375,150994944.0,590592,0,67,0.0543,counter,"[1, 128, 768]","[1, 128, 768]",1081.59,0.0,0.375,cuda_event,cuda
37,encoder.layer.7.attention.self.key,Linear,0.05414,0.375,150994944.0,590592,0,68,0.05414,counter,"[1, 128, 768]","[1, 128, 768]",1081.59,0.0,0.375,cuda_event,cuda
37,encoder.layer.7.attention.self.value,Linear,0.05507,0.375,150994944.0,590592,0,69,0.05507,counter,"[1, 128, 768]","[1, 128, 768]",1081.59,0.0,0.375,cuda_event,cuda
37,encoder.layer.7.attention.output.dense,Linear,0.05325,0.375,150994944.0,590592,0,70,0.05325,counter,"[1, 128, 768]","[1, 128, 768]",1081.59,0.0,0.375,cuda_event,cuda
37,encoder.layer.7.attention.output.LayerNorm,LayerNorm,0.00797,0.375,491520.0,1536,0,71,0.00797,analytic,"[1, 128, 768]","[1, 128, 768]",1081.59,0.0,0.375,cuda_event,cuda
37,encoder.layer.7.intermediate.dense,Linear,0.12298,1.5,603979776.0,2362368,0,72,0.12298,counter,"[1, 128, 768]","[1, 128, 3072]",1081.59,0.0,1.5,cuda_event,cuda
37,encoder.layer.7.intermediate.intermediate_act_fn,GELUActivation,0.00659,1.5,0.0,0,0,73,0.00659,none,"[1, 128, 3072]","[1, 128, 3072]",1081.59,0.0,1.5,cuda_event,cuda
37,encoder.layer.7.output.dense,Linear,0.1536,0.375,603979776.0,2360064,0,74,0.1536,counter,"[1, 128, 3072]","[1, 128, 768]",1081.59,0.0,0.375,cuda_event,cuda
37,encoder.layer.7.output.LayerNorm,LayerNorm,0.00819,0.375,491520.0,1536,0,75,0.00819,analytic,"[1, 128, 768]","[1, 128, 768]",1081.59,0.0,0.375,cuda_event,cuda
37,encoder.layer.8.attention.self.query,Linear,0.05245,0.375,150994944.0,590592,0,76,0.05245,counter,"[1, 128, 768]","[1, 128, 768]",1081.59,0.0,0.375,cuda_event,cuda
37,encoder.layer.8.attention.self.key,Linear,0.0535,0.375,150994944.0,590592,0,77,0.0535,counter,"[1, 128, 768]","[1, 128, 768]",1081.59,0.0,0.375,cuda_event,cuda
37,encoder.layer.8.attention.self.value,Linear,0.05386,0.375,150994944.0,590592,0,78,0.05386,counter,"[1, 128, 768]","[1, 128, 768]",1081.59,0.0,0.375,cuda_event,cuda
37,encoder.layer.8.attention.output.dense,Linear,0.0553,0.375,150994944.0,590592,0,79,0.0553,counter,"[1, 128, 768]","[1, 128, 768]",1081.59,0.0,0.375,cuda_event,cuda
37,encoder.layer.8.attention.output.LayerNorm,LayerNorm,0.00794,0.375,491520.0,1536,0,80,0.00794,analytic,"[1, 128, 768]","[1, 128, 768]",1081.59,0.0,0.375,cuda_event,cuda
37,encoder.layer.8.intermediate.dense,Linear,0.12355,1.5,603979776.0,2362368,0,81,0.12355,counter,"[1, 128, 768]","[1, 128, 3072]",1081.59,0.0,1.5,cuda_event,cuda
37,encoder.layer.8.intermediate.intermediate_act_fn,GELUActivation,0.00755,1.5,0.0,0,0,82,0.00755,none,"[1, 128, 3072]","[1, 128, 3072]",1081.59,0.0,1.5,cuda_event,cuda
37,encoder.layer.8.output.dense,Linear,0.15232,0.375,603979776.0,2360064,0,83,0.15232,counter,"[1, 128, 3072]","[1, 128, 768]",1081.59,0.0,0.375,cuda_event,cuda
37,encoder.layer.8.output.LayerNorm,LayerNorm,0.00819,0.375,491520.0,1536,0,84,0.00819,analytic,"[1, 128, 768]","[1, 128, 768]",1081.59,0.0,0.375,cuda_event,cuda
37,encoder.layer.9.attention.self.query,Linear,0.0513,0.375,150994944.0,590592,0,85,0.0513,counter,"[1, 128, 768]","[1, 128, 768]",1081.59,0.0,0.375,cuda_event,cuda
37,encoder.layer.9.attention.self.key,Linear,0.0551,0.375,150994944.0,590592,0,86,0.0551,counter,"[1, 128, 768]","[1, 128, 768]",1081.59,0.0,0.375,cuda_event,cuda
37,encoder.layer.9.attention.self.value,Linear,0.05296,0.375,150994944.0,590592,0,87,0.05296,counter,"[1, 128, 768]","[1, 128, 768]",1081.59,0.0,0.375,cuda_event,cuda
37,encoder.layer.9.attention.output.dense,Linear,0.05325,0.375,150994944.0,590592,0,88,0.05325,counter,"[1, 128, 768]","[1, 128, 768]",1081.59,0.0,0.375,cuda_event,cuda
37,encoder.layer.9.attention.output.LayerNorm,LayerNorm,0.00784,0.375,491520.0,1536,0,89,0.00784,analytic,"[1, 128, 768]","[1, 128, 768]",1081.59,0.0,0.375,cuda_event,cuda
37,encoder.layer.9.intermediate.dense,Linear,0.12502,1.5,603979776.0,2362368,0,90,0.12502,counter,"[1, 128, 768]","[1, 128, 3072]",1081.59,0.0,1.5,cuda_event,cuda
37,encoder.layer.9.intermediate.intermediate_act_fn,GELUActivation,0.00646,1.5,0.0,0,0,91,0.00646,none,"[1, 128, 3072]","[1, 128, 3072]",1081.59,0.0,1.5,cuda_event,cuda
37,encoder.layer.9.output.dense,Linear,0.15366,0.375,603979776.0,2360064,0,92,0.15366,counter,"[1, 128, 3072]","[1, 128, 768]",1081.59,0.0,0.375,cuda_event,cuda
37,encoder.layer.9.output.LayerNorm,LayerNorm,0.00819,0.375,491520.0,1536,0,93,0.00819,analytic,"[1, 128, 768]","[1, 128, 768]",1081.59,0.0,0.375,cuda_event,cuda
37,encoder.layer.10.attention.self.query,Linear,0.05325,0.375,150994944.0,590592,0,94,0.05325,counter,"[1, 128, 768]","[1, 128, 768]",1081.59,0.0,0.375,cuda_event,cuda
37,encoder.layer.10.attention.self.key,Linear,0.05325,0.375,150994944.0,590592,0,95,0.05325,counter,"[1, 128, 768]","[1, 128, 768]",1081.59,0.0,0.375,cuda_event,cuda
37,encoder.layer.10.attention.self.value,Linear,0.05494,0.375,150994944.0,590592,0,96,0.05494,counter,"[1, 128, 768]","[1, 128, 768]",1081.59,0.0,0.375,cuda_event,cuda
37,encoder.layer.10.attention.output.dense,Linear,0.05523,0.375,150994944.0,590592,0,97,0.05523,counter,"[1, 128, 768]","[1, 128, 768]",1081.59,0.0,0.375,cuda_event,cuda
37,encoder.layer.10.attention.output.LayerNorm,LayerNorm,0.00659,0.375,491520.0,1536,0,98,0.00659,analytic,"[1, 128, 768]","[1, 128, 768]",1081.59,0.0,0.375,cuda_event,cuda
37,encoder.layer.10.intermediate.dense,Linear,0.12493,1.5,603979776.0,2362368,0,99,0.12493,counter,"[1, 128, 768]","[1, 128, 3072]",1081.59,0.0,1.5,cuda_event,cuda
37,encoder.layer.10.intermediate.intermediate_act_fn,GELUActivation,0.00723,1.5,0.0,0,0,100,0.00723,none,"[1, 128, 3072]","[1, 128, 3072]",1081.59,0.0,1.5,cuda_event,cuda
37,encoder.layer.10.output.dense,Linear,0.15648,0.375,603979776.0,2360064,0,101,0.15648,counter,"[1, 128, 3072]","[1, 128, 768]",1081.59,0.0,0.375,cuda_event,cuda
37,encoder.layer.10.output.LayerNorm,LayerNorm,0.00778,0.375,491520.0,1536,0,102,0.00778,analytic,"[1, 128, 768]","[1, 128, 768]",1081.59,0.0,0.375,cuda_event,cuda
37,encoder.layer.11.attention.self.query,Linear,0.05344,0.375,150994944.0,590592,0,103,0.05344,counter,"[1, 128, 768]","[1, 128, 768]",1081.59,0.0,0.375,cuda_event,cuda
37,encoder.layer.11.attention.self.key,Linear,0.05411,0.375,150994944.0,590592,0,104,0.05411,counter,"[1, 128, 768]","[1, 128, 768]",1081.59,0.0,0.375,cuda_event,cuda
37,encoder.layer.11.attention.self.value,Linear,0.05328,0.375,150994944.0,590592,0,105,0.05328,counter,"[1, 128, 768]","[1, 128, 768]",1081.59,0.0,0.375,cuda_event,cuda
37,encoder.layer.11.attention.output.dense,Linear,0.05302,0.375,150994944.0,590592,0,106,0.05302,counter,"[1, 128, 768]","[1, 128, 768]",1081.59,0.0,0.375,cuda_event,cuda
37,encoder.layer.11.attention.output.LayerNorm,LayerNorm,0.00717,0.375,491520.0,1536,0,107,0.00717,analytic,"[1, 128, 768]","[1, 128, 768]",1081.59,0.0,0.375,cuda_event,cuda
37,encoder.layer.11.intermediate.dense,Linear,0.124,1.5,603979776.0,2362368,0,108,0.124,counter,"[1, 128, 768]","[1, 128, 3072]",1081.59,0.0,1.5,cuda_event,cuda
37,encoder.layer.11.intermediate.intermediate_act_fn,GELUActivation,0.00797,1.5,0.0,0,0,109,0.00797,none,"[1, 128, 3072]","[1, 128, 3072]",1081.59,0.0,1.5,cuda_event,cuda
37,encoder.layer.11.output.dense,Linear,0.15581,0.375,603979776.0,2360064,0,110,0.15581,counter,"[1, 128, 3072]","[1, 128, 768]",1081.59,0.0,0.375,cuda_event,cuda
37,encoder.layer.11.output.LayerNorm,LayerNorm,0.00806,0.375,491520.0,1536,0,111,0.00806,analytic,"[1, 128, 768]","[1, 128, 768]",1081.59,0.0,0.375,cuda_event,cuda
37,pooler.dense,Linear,0.01434,0.00293,1179648.0,590592,0,112,0.01434,counter,"[1, 768]","[1, 768]",1081.59,0.0,0.003,cuda_event,cuda
37,pooler.activation,Tanh,0.00416,0.00293,3072.0,0,0,113,0.00416,analytic,"[1, 768]","[1, 768]",1081.59,0.0,0.003,cuda_event,cuda
38,embeddings.word_embeddings,Embedding,0.00582,0.375,0.0,23440896,0,0,0.00582,none,"[1, 128]","[1, 128, 768]",1081.65,0.0,0.375,cuda_event,cuda
38,embeddings.token_type_embeddings,Embedding,0.00467,0.375,0.0,1536,0,1,0.00467,none,"[1, 128]","[1, 128, 768]",1081.65,0.0,0.375,cuda_event,cuda
38,embeddings.position_embeddings,Embedding,0.00611,0.375,0.0,393216,0,2,0.00611,none,"[1, 128]","[1, 128, 768]",1081.65,0.0,0.375,cuda_event,cuda
38,embeddings.LayerNorm,LayerNorm,0.00803,0.375,491520.0,1536,0,3,0.00803,analytic,"[1, 128, 768]","[1, 128, 768]",1081.65,0.0,0.375,cuda_event,cuda
38,encoder.layer.0.attention.self.query,Linear,0.05357,0.375,150994944.0,590592,0,4,0.05357,counter,"[1, 128, 768]","[1, 128, 768]",1081.65,0.0,0.375,cuda_event,cuda
38,encoder.layer.0.attention.self.key,Linear,0.0553,0.375,150994944.0,590592,0,5,0.0553,counter,"[1, 128, 768]","[1, 128, 768]",1081.65,0.0,0.375,cuda_event,cuda
38,encoder.layer.0.attention.self.value,Linear,0.05494,0.375,150994944.0,590592,0,6,0.05494,counter,"[1, 128, 768]","[1, 128, 768]",1081.65,0.0,0.375,cuda_event,cuda
38,encoder.layer.0.attention.output.dense,Linear,0.05427,0.375,150994944.0,590592,0,7,0.05427,counter,"[1, 128, 768]","[1, 128, 768]",1081.65,0.0,0.375,cuda_event,cuda
38,encoder.layer.0.attention.output.LayerNorm,LayerNorm,0.00813,0.375,491520.0,1536,0,8,0.00813,analytic,"[1, 128, 768]","[1, 128, 768]",1081.65,0.0,0.375,cuda_event,cuda
38,encoder.layer.0.intermediate.dense,Linear,0.12422,1.5,603979776.0,2362368,0,9,0.12422,counter,"[1, 128, 768]","[1, 128, 3072]",1081.65,0.0,1.5,cuda_event,cuda
38,encoder.layer.0.intermediate.intermediate_act_fn,GELUActivation,0.00698,1.5,0.0,0,0,10,0.00698,none,"[1, 128, 3072]","[1, 128, 3072]",1081.65,0.0,1.5,cuda_event,cuda
38,encoder.layer.0.output.dense,Linear,0.15299,0.375,603979776.0,2360064,0,11,0.15299,counter,"[1, 128, 3072]","[1, 128, 768]",1081.65,0.0,0.375,cuda_event,cuda
38,encoder.layer.0.output.LayerNorm,LayerNorm,0.00707,0.375,491520.0,1536,0,12,0.00707,analytic,"[1, 128, 768]","[1, 128, 768]",1081.65,0.0,0.375,cuda_event,cuda
38,encoder.layer.1.attention.self.query,Linear,0.05312,0.375,150994944.0,590592,0,13,0.05312,counter,"[1, 128, 768]","[1, 128, 768]",1081.65,0.0,0.375,cuda_event,cuda
38,encoder.layer.1.attention.self.key,Linear,0.05344,0.375,150994944.0,590592,0,14,0.05344,counter,"[1, 128, 768]","[1, 128, 768]",1081.65,0.0,0.375,cuda_event,cuda
38,encoder.layer.1.attention.self.value,Linear,0.05325,0.375,150994944.0,590592,0,15,0.05325,counter,"[1, 128, 768]","[1, 128, 768]",1081.65,0.0,0.375,cuda_event,cuda
38,encoder.layer.1.attention.output.dense,Linear,0.05386,0.375,150994944.0,590592,0,16,0.05386,counter,"[1, 128, 768]","[1, 128, 768]",1081.65,0.0,0.375,cuda_event,cuda
38,encoder.layer.1.attention.output.LayerNorm,LayerNorm,0.00797,0.375,491520.0,1536,0,17,0.00797,analytic,"[1, 128, 768]","[1, 128, 768]",1081.65,0.0,0.375,cuda_event,cuda
38,encoder.layer.1.intermediate.dense,Linear,0.12326,1.5,603979776.0,2362368,0,18,0.12326,counter,"[1, 128, 768]","[1, 128, 3072]",1081.65,0.0,1.5,cuda_event,cuda
38,encoder.layer.1.intermediate.intermediate_act_fn,GELUActivation,0.0079,1.5,0.0,0,0,19,0.0079,none,"[1, 128, 3072]","[1, 128, 3072]",1081.65,0.0,1.5,cuda_event,cuda
38,encoder.layer.1.output.dense,Linear,0.15203,0.375,603979776.0,2360064,0,20,0.15203,counter,"[1, 128, 3072]","[1, 128, 768]",1081.65,0.0,0.375,cuda_event,cuda
38,encoder.layer.1.output.LayerNorm,LayerNorm,0.00819,0.375,491520.0,1536,0,21,0.00819,analytic,"[1, 128, 768]","[1, 128, 768]",1081.65,0.0,0.375,cuda_event,cuda
38,encoder.layer.2.attention.self.query,Linear,0.05325,0.375,150994944.0,590592,0,22,0.05325,counter,"[1, 128, 768]","[1, 128, 768]",1081.65,0.0,0.375,cuda_event,cuda
38,encoder.layer.2.attention.self.key,Linear,0.05325,0.375,150994944.0,590592,0,23,0.05325,counter,"[1, 128, 768]","[1, 128, 768]",1081.65,0.0,0.375,cuda_event,cuda
38,encoder.layer.2.attention.self.value,Linear,0.05459,0.375,150994944.0,590592,0,24,0.05459,counter,"[1, 128, 768]","[1, 128, 768]",1081.65,0.0,0.375,cuda_event,cuda
38,encoder.layer.2.attention.output.dense,Linear,0.05328,0.375,150994944.0,590592,0,25,0.05328,counter,"[1, 128, 768]","[1, 128, 768]",1081.65,0.0,0.375,cuda_event,cuda
38,encoder.layer.2.attention.output.LayerNorm,LayerNorm,0.00784,0.375,491520.0,1536,0,26,0.00784,analytic,"[1, 128, 768]","[1, 128, 768]",1081.65,0.0,0.375,cuda_event,cuda
38,encoder.layer.2.intermediate.dense,Linear,0.12336,1.5,603979776.0,2362368,0,27,0.12336,counter,"[1, 128, 768]","[1, 128, 3072]",1081.65,0.0,1.5,cuda_event,cuda
38,encoder.layer.2.intermediate.intermediate_act_fn,GELUActivation,0.00746,1.5,0.0,0,0,28,0.00746,none,"[1, 128, 3072]","[1, 128, 3072]",1081.65,0.0,1.5,cuda_event,cuda
38,encoder.layer.2.output.dense,Linear,0.15187,0.375,603979776.0,2360064,0,29,0.15187,counter,"[1, 128, 3072]","[1, 128, 768]",1081.65,0.0,0.375,cuda_event,cuda
38,encoder.layer.2.output.LayerNorm,LayerNorm,0.00717,0.375,491520.0,1536,0,30,0.00717,analytic,"[1, 128, 768]","[1, 128, 768]",1081.65,0.0,0.375,cuda_event,cuda
38,encoder.layer.3.attention.self.query,Linear,0.05325,0.375,150994944.0,590592,0,31,0.05325,counter,"[1, 128, 768]","[1, 128, 768]",1081.65,0.0,0.375,cuda_event,cuda
38,encoder.layer.3.attention.self.key,Linear,0.05331,0.375,150994944.0,590592,0,32,0.05331,counter,"[1, 128, 768]","[1, 128, 768]",1081.65,0.0,0.375,cuda_event,cuda
38,encoder.layer.3.attention.self.value,Linear,0.05325,0.375,150994944.0,590592,0,33,0.05325,counter,"[1, 128, 768]","[1, 128, 768]",1081.65,0.0,0.375,cuda_event,cuda
38,encoder.layer.3.attention.output.dense,Linear,0.05318,0.375,150994944.0,590592,0,34,0.05318,counter,"[1, 128, 768]","[1, 128, 768]",1081.65,0.0,0.375,cuda_event,cuda
38,encoder.layer.3.attention.output.LayerNorm,LayerNorm,0.00819,0.375,491520.0,1536,0,35,0.00819,analytic,"[1, 128, 768]","[1, 128, 768]",1081.65,0.0,0.375,cuda_event,cuda
38,encoder.layer.3.intermediate.dense,Linear,0.12493,1.5,603979776.0,2362368,0,36,0.12493,counter,"[1, 128, 768]","[1, 128, 3072]",1081.65,0.0,1.5,cuda_event,cuda
38,encoder.layer.3.intermediate.intermediate_act_fn,GELUActivation,0.00781,1.5,0.0,0,0,37,0.00781,none,"[1, 128, 3072]","[1, 128, 3072]",1081.65,0.0,1.5,cuda_event,cuda
38,encoder.layer.3.output.dense,Linear,0.15619,0.375,603979776.0,2360064,0,38,0.15619,counter,"[1, 128, 3072]","[1, 128, 768]",1081.65,0.0,0.375,cuda_event,cuda
38,encoder.layer.3.output.LayerNorm,LayerNorm,0.0079,0.375,491520.0,1536,0,39,0.0079,analytic,"[1, 128, 768]","[1, 128, 768]",1081.65,0.0,0.375,cuda_event,cuda
38,encoder.layer.4.attention.self.query,Linear,0.05293,0.375,150994944.0,590592,0,40,0.05293,counter,"[1, 128, 768]","[1, 128, 768]",1081.65,0.0,0.375,cuda_event,cuda
38,encoder.layer.4.attention.self.key,Linear,0.05334,0.375,150994944.0,590592,0,41,0.05334,counter,"[1, 128, 768]","[1, 128, 768]",1081.65,0.0,0.375,cuda_event,cuda
38,encoder.layer.4.attention.self.value,Linear,0.05498,0.375,150994944.0,590592,0,42,0.05498,counter,"[1, 128, 768]","[1, 128, 768]",1081.65,0.0,0.375,cuda_event,cuda
38,encoder.layer.4.attention.output.dense,Linear,0.05325,0.375,150994944.0,590592,0,43,0.05325,counter,"[1, 128, 768]","[1, 128, 768]",1081.65,0.0,0.375,cuda_event,cuda
38,encoder.layer.4.attention.output.LayerNorm,LayerNorm,0.00768,0.375,491520.0,1536,0,44,0.00768,analytic,"[1, 128, 768]","[1, 128, 768]",1081.65,0.0,0.375,cuda_event,cuda
38,encoder.layer.4.intermediate.dense,Linear,0.12288,1.5,603979776.0,2362368,0,45,0.12288,counter,"[1, 128, 768]","[1, 128, 3072]",1081.65,0.0,1.5,cuda_event,cuda
38,encoder.layer.4.intermediate.intermediate_act_fn,GELUActivation,0.00666,1.5,0.0,0,0,46,0.00666,none,"[1, 128, 3072]","[1, 128, 3072]",1081.65,0.0,1.5,cuda_event,cuda
38,encoder.layer.4.output.dense,Linear,0.15293,0.375,603979776.0,2360064,0,47,0.15293,counter,"[1, 128, 3072]","[1, 128, 768]",1081.65,0.0,0.375,cuda_event,cuda
38,encoder.layer.4.output.LayerNorm,LayerNorm,0.00819,0.375,491520.0,1536,0,48,0.00819,analytic,"[1, 128, 768]","[1, 128, 768]",1081.65,0.0,0.375,cuda_event,cuda
38,encoder.layer.5.attention.self.query,Linear,0.05325,0.375,150994944.0,590592,0,49,0.05325,counter,"[1, 128, 768]","[1, 128, 768]",1081.65,0.0,0.375,cuda_event,cuda
38,encoder.layer.5.attention.self.key,Linear,0.05325,0.375,150994944.0,590592,0,50,0.05325,counter,"[1, 128, 768]","[1, 128, 768]",1081.65,0.0,0.375,cuda_event,cuda
38,encoder.layer.5.attention.self.value,Linear,0.05434,0.375,150994944.0,590592,0,51,0.05434,counter,"[1, 128, 768]","[1, 128, 768]",1081.65,0.0,0.375,cuda_event,cuda
38,encoder.layer.5.attention.output.dense,Linear,0.05475,0.375,150994944.0,590592,0,52,0.05475,counter,"[1, 128, 768]","[1, 128, 768]",1081.65,0.0,0.375,cuda_event,cuda
38,encoder.layer.5.attention.output.LayerNorm,LayerNorm,0.00704,0.375,491520.0,1536,0,53,0.00704,analytic,"[1, 128, 768]","[1, 128, 768]",1081.65,0.0,0.375,cuda_event,cuda
38,encoder.layer.5.intermediate.dense,Linear,0.12288,1.5,603979776.0,2362368,0,54,0.12288,counter,"[1, 128, 768]","[1, 128, 3072]",1081.65,0.0,1.5,cuda_event,cuda
38,encoder.layer.5.intermediate.intermediate_act_fn,GELUActivation,0.00614,1.5,0.0,0,0,55,0.00614,none,"[1, 128, 3072]","[1, 128, 3072]",1081.65,0.0,1.5,cuda_event,cuda
38,encoder.layer.5.output.dense,Linear,0.1536,0.375,603979776.0,2360064,0,56,0.1536,counter,"[1, 128, 3072]","[1, 128, 768]",1081.65,0.0,0.375,cuda_event,cuda
38,encoder.layer.5.output.LayerNorm,LayerNorm,0.00781,0.375,491520.0,1536,0,57,0.00781,analytic,"[1, 128, 768]","[1, 128, 768]",1081.65,0.0,0.375,cuda_event,cuda
38,encoder.layer.6.attention.self.query,Linear,0.05302,0.375,150994944.0,590592,0,58,0.05302,counter,"[1, 128, 768]","[1, 128, 768]",1081.65,0.0,0.375,cuda_event,cuda
38,encoder.layer.6.attention.self.key,Linear,0.05427,0.375,150994944.0,590592,0,59,0.05427,counter,"[1, 128, 768]","[1, 128, 768]",1081.65,0.0,0.375,cuda_event,cuda
38,encoder.layer.6.attention.self.value,Linear,0.05453,0.375,150994944.0,590592,0,60,0.05453,counter,"[1, 128, 768]","[1, 128, 768]",1081.65,0.0,0.375,cuda_event,cuda
38,encoder.layer.6.attention.output.dense,Linear,0.05344,0.375,150994944.0,590592,0,61,0.05344,counter,"[1, 128, 768]","[1, 128, 768]",1081.65,0.0,0.375,cuda_event,cuda
38,encoder.layer.6.attention.output.LayerNorm,LayerNorm,0.00774,0.375,491520.0,1536,0,62,0.00774,analytic,"[1, 128, 768]","[1, 128, 768]",1081.65,0.0,0.375,cuda_event,cuda
38,encoder.layer.6.intermediate.dense,Linear,0.12563,1.5,603979776.0,2362368,0,63,0.12563,counter,"[1, 128, 768]","[1, 128, 3072]",1081.65,0.0,1.5,cuda_event,cuda
38,encoder.layer.6.intermediate.intermediate_act_fn,GELUActivation,0.00746,1.5,0.0,0,0,64,0.00746,none,"[1, 128, 3072]","[1, 128, 3072]",1081.65,0.0,1.5,cuda_event,cuda
38,encoder.layer.6.output.dense,Linear,0.1545,0.375,603979776.0,2360064,0,65,0.1545,counter,"[1, 128, 3072]","[1, 128, 768]",1081.65,0.0,0.375,cuda_event,cuda
38,encoder.layer.6.output.LayerNorm,LayerNorm,0.00794,0.375,491520.0,1536,0,66,0.00794,analytic,"[1, 128, 768]","[1, 128, 768]",1081.65,0.0,0.375,cuda_event,cuda
38,encoder.layer.7.attention.self.query,Linear,0.0535,0.375,150994944.0,590592,0,67,0.0535,counter,"[1, 128, 768]","[1, 128, 768]",1081.65,0.0,0.375,cuda_event,cuda
38,encoder.layer.7.attention.self.key,Linear,0.05344,0.375,150994944.0,590592,0,68,0.05344,counter,"[1, 128, 768]","[1, 128, 768]",1081.65,0.0,0.375,cuda_event,cuda
38,encoder.layer.7.attention.self.value,Linear,0.05376,0.375,150994944.0,590592,0,69,0.05376,counter,"[1, 128, 768]","[1, 128, 768]",1081.65,0.0,0.375,cuda_event,cuda
38,encoder.layer.7.attention.output.dense,Linear,0.05466,0.375,150994944.0,590592,0,70,0.05466,counter,"[1, 128, 768]","[1, 128, 768]",1081.65,0.0,0.375,cuda_event,cuda
38,encoder.layer.7.attention.output.LayerNorm,LayerNorm,0.00717,0.375,491520.0,1536,0,71,0.00717,analytic,"[1, 128, 768]","[1, 128, 768]",1081.65,0.0,0.375,cuda_event,cuda
38,encoder.layer.7.intermediate.dense,Linear,0.12288,1.5,603979776.0,2362368,0,72,0.12288,counter,"[1, 128, 768]","[1, 128, 3072]",1081.65,0.0,1.5,cuda_event,cuda
38,encoder.layer.7.intermediate.intermediate_act_fn,GELUActivation,0.00614,1.5,0.0,0,0,73,0.00614,none,"[1, 128, 3072]","[1, 128, 3072]",1081.65,0.0,1.5,cuda_event,cuda
38,encoder.layer.7.output.dense,Linear,0.15709,0.375,603979776.0,2360064,0,74,0.15709,counter,"[1, 128, 3072]","[1, 128, 768]",1081.65,0.0,0.375,cuda_event,cuda
38,encoder.layer.7.output.LayerNorm,LayerNorm,0.00819,0.375,491520.0,1536,0,75,0.00819,analytic,"[1, 128, 768]","[1, 128, 768]",1081.65,0.0,0.375,cuda_event,cuda
38,encoder.layer.8.attention.self.query,Linear,0.05238,0.375,150994944.0,590592,0,76,0.05238,counter,"[1, 128, 768]","[1, 128, 768]",1081.65,0.0,0.375,cuda_event,cuda
38,encoder.layer.8.attention.self.key,Linear,0.05219,0.375,150994944.0,590592,0,77,0.05219,counter,"[1, 128, 768]","[1, 128, 768]",1081.65,0.0,0.375,cuda_event,cuda
38,encoder.layer.8.attention.self.value,Linear,0.05472,0.375,150994944.0,590592,0,78,0.05472,counter,"[1, 128, 768]","[1, 128, 768]",1081.65,0.0,0.375,cuda_event,cuda
38,encoder.layer.8.attention.output.dense,Linear,0.05318,0.375,150994944.0,590592,0,79,0.05318,counter,"[1, 128, 768]","[1, 128, 768]",1081.65,0.0,0.375,cuda_event,cuda
38,encoder.layer.8.attention.output.LayerNorm,LayerNorm,0.00762,0.375,491520.0,1536,0,80,0.00762,analytic,"[1, 128, 768]","[1, 128, 768]",1081.65,0.0,0.375,cuda_event,cuda
38,encoder.layer.8.intermediate.dense,Linear,0.12477,1.5,603979776.0,2362368,0,81,0.12477,counter,"[1, 128, 768]","[1, 128, 3072]",1081.65,0.0,1.5,cuda_event,cuda
38,encoder.layer.8.intermediate.intermediate_act_fn,GELUActivation,0.00806,1.5,0.0,0,0,82,0.00806,none,"[1, 128, 3072]","[1, 128, 3072]",1081.65,0.0,1.5,cuda_event,cuda
38,encoder.layer.8.output.dense,Linear,0.15389,0.375,603979776.0,2360064,0,83,0.15389,counter,"[1, 128, 3072]","[1, 128, 768]",1081.65,0.0,0.375,cuda_event,cuda
38,encoder.layer.8.output.LayerNorm,LayerNorm,0.00778,0.375,491520.0,1536,0,84,0.00778,analytic,"[1, 128, 768]","[1, 128, 768]",1081.65,0.0,0.375,cuda_event,cuda
38,encoder.layer.9.attention.self.query,Linear,0.05171,0.375,150994944.0,590592,0,85,0.05171,counter,"[1, 128, 768]","[1, 128, 768]",1081.65,0.0,0.375,cuda_event,cuda
38,encoder.layer.9.attention.self.key,Linear,0.05338,0.375,150994944.0,590592,0,86,0.05338,counter,"[1, 128, 768]","[1, 128, 768]",1081.65,0.0,0.375,cuda_event,cuda
38,encoder.layer.9.attention.self.value,Linear,0.05472,0.375,150994944.0,590592,0,87,0.05472,counter,"[1, 128, 768]","[1, 128, 768]",1081.65,0.0,0.375,cuda_event,cuda
38,encoder.layer.9.attention.output.dense,Linear,0.05325,0.375,150994944.0,590592,0,88,0.05325,counter,"[1, 128, 768]","[1, 128, 768]",1081.65,0.0,0.375,cuda_event,cuda
38,encoder.layer.9.attention.output.LayerNorm,LayerNorm,0.00771,0.375,491520.0,1536,0,89,0.00771,analytic,"[1, 128, 768]","[1, 128, 768]",1081.65,0.0,0.375,cuda_event,cuda
38,encoder.layer.9.intermediate.dense,Linear,0.12573,1.5,603979776.0,2362368,0,90,0.12573,counter,"[1, 128, 768]","[1, 128, 3072]",1081.65,0.0,1.5,cuda_event,cuda
38,encoder.layer.9.intermediate.intermediate_act_fn,GELUActivation,0.00634,1.5,0.0,0,0,91,0.00634,none,"[1, 128, 3072]","[1, 128, 3072]",1081.65,0.0,1.5,cuda_event,cuda
38,encoder.layer.9.output.dense,Linear,0.1536,0.375,603979776.0,2360064,0,92,0.1536,counter,"[1, 128, 3072]","[1, 128, 768]",1081.65,0.0,0.375,cuda_event,cuda
38,encoder.layer.9.output.LayerNorm,LayerNorm,0.008,0.375,491520.0,1536,0,93,0.008,analytic,"[1, 128, 768]","[1, 128, 768]",1081.65,0.0,0.375,cuda_event,cuda
38,encoder.layer.10.attention.self.query,Linear,0.05347,0.375,150994944.0,590592,0,94,0.05347,counter,"[1, 128, 768]","[1, 128, 768]",1081.65,0.0,0.375,cuda_event,cuda
38,encoder.layer.10.attention.self.key,Linear,0.05354,0.375,150994944.0,590592,0,95,0.05354,counter,"[1, 128, 768]","[1, 128, 768]",1081.65,0.0,0.375,cuda_event,cuda
38,encoder.layer.10.attention.self.value,Linear,0.05328,0.375,150994944.0,590592,0,96,0.05328,counter,"[1, 128, 768]","[1, 128, 768]",1081.65,0.0,0.375,cuda_event,cuda
38,encoder.layer.10.attention.output.dense,Linear,0.0545,0.375,150994944.0,590592,0,97,0.0545,counter,"[1, 128, 768]","[1, 128, 768]",1081.65,0.0,0.375,cuda_event,cuda
38,encoder.layer.10.attention.output.LayerNorm,LayerNorm,0.00819,0.375,491520.0,1536,0,98,0.00819,analytic,"[1, 128, 768]","[1, 128, 768]",1081.65,0.0,0.375,cuda_event,cuda
38,encoder.layer.10.intermediate.dense,Linear,0.12493,1.5,603979776.0,2362368,0,99,0.12493,counter,"[1, 128, 768]","[1, 128, 3072]",1081.65,0.0,1.5,cuda_event,cuda
38,encoder.layer.10.intermediate.intermediate_act_fn,GELUActivation,0.00614,1.5,0.0,0,0,100,0.00614,none,"[1, 128, 3072]","[1, 128, 3072]",1081.65,0.0,1.5,cuda_event,cuda
38,encoder.layer.10.output.dense,Linear,0.1552,0.375,603979776.0,2360064,0,101,0.1552,counter,"[1, 128, 3072]","[1, 128, 768]",1081.65,0.0,0.375,cuda_event,cuda
38,encoder.layer.10.output.LayerNorm,LayerNorm,0.00781,0.375,491520.0,1536,0,102,0.00781,analytic,"[1, 128, 768]","[1, 128, 768]",1081.65,0.0,0.375,cuda_event,cuda
38,encoder.layer.11.attention.self.query,Linear,0.05478,0.375,150994944.0,590592,0,103,0.05478,counter,"[1, 128, 768]","[1, 128, 768]",1081.65,0.0,0.375,cuda_event,cuda
38,encoder.layer.11.attention.self.key,Linear,0.05331,0.375,150994944.0,590592,0,104,0.05331,counter,"[1, 128, 768]","[1, 128, 768]",1081.65,0.0,0.375,cuda_event,cuda
38,encoder.layer.11.attention.self.value,Linear,0.05366,0.375,150994944.0,590592,0,105,0.05366,counter,"[1, 128, 768]","[1, 128, 768]",1081.65,0.0,0.375,cuda_event,cuda
38,encoder.layer.11.attention.output.dense,Linear,0.05507,0.375,150994944.0,590592,0,106,0.05507,counter,"[1, 128, 768]","[1, 128, 768]",1081.65,0.0,0.375,cuda_event,cuda
38,encoder.layer.11.attention.output.LayerNorm,LayerNorm,0.00778,0.375,491520.0,1536,0,107,0.00778,analytic,"[1, 128, 768]","[1, 128, 768]",1081.65,0.0,0.375,cuda_event,cuda
38,encoder.layer.11.intermediate.dense,Linear,0.12339,1.5,603979776.0,2362368,0,108,0.12339,counter,"[1, 128, 768]","[1, 128, 3072]",1081.65,0.0,1.5,cuda_event,cuda
38,encoder.layer.11.intermediate.intermediate_act_fn,GELUActivation,0.00669,1.5,0.0,0,0,109,0.00669,none,"[1, 128, 3072]","[1, 128, 3072]",1081.65,0.0,1.5,cuda_event,cuda
38,encoder.layer.11.output.dense,Linear,0.15162,0.375,603979776.0,2360064,0,110,0.15162,counter,"[1, 128, 3072]","[1, 128, 768]",1081.65,0.0,0.375,cuda_event,cuda
38,encoder.layer.11.output.LayerNorm,LayerNorm,0.00774,0.375,491520.0,1536,0,111,0.00774,analytic,"[1, 128, 768]","[1, 128, 768]",1081.65,0.0,0.375,cuda_event,cuda
38,pooler.dense,Linear,0.01434,0.00293,1179648.0,590592,0,112,0.01434,counter,"[1, 768]","[1, 768]",1081.65,0.0,0.003,cuda_event,cuda
38,pooler.activation,Tanh,0.0041,0.00293,3072.0,0,0,113,0.0041,analytic,"[1, 768]","[1, 768]",1081.65,0.0,0.003,cuda_event,cuda
39,embeddings.word_embeddings,Embedding,0.00614,0.375,0.0,23440896,0,0,0.00614,none,"[1, 128]","[1, 128, 768]",1081.71,0.0,0.375,cuda_event,cuda
39,embeddings.token_type_embeddings,Embedding,0.0041,0.375,0.0,1536,0,1,0.0041,none,"[1, 128]","[1, 128, 768]",1081.71,0.0,0.375,cuda_event,cuda
39,embeddings.position_embeddings,Embedding,0.00608,0.375,0.0,393216,0,2,0.00608,none,"[1, 128]","[1, 128, 768]",1081.71,0.0,0.375,cuda_event,cuda
39,embeddings.LayerNorm,LayerNorm,0.00749,0.375,491520.0,1536,0,3,0.00749,analytic,"[1, 128, 768]","[1, 128, 768]",1081.71,0.0,0.375,cuda_event,cuda
39,encoder.layer.0.attention.self.query,Linear,0.05357,0.375,150994944.0,590592,0,4,0.05357,counter,"[1, 128, 768]","[1, 128, 768]",1081.71,0.0,0.375,cuda_event,cuda
39,encoder.layer.0.attention.self.key,Linear,0.05392,0.375,150994944.0,590592,0,5,0.05392,counter,"[1, 128, 768]","[1, 128, 768]",1081.71,0.0,0.375,cuda_event,cuda
39,encoder.layer.0.attention.self.value,Linear,0.05325,0.375,150994944.0,590592,0,6,0.05325,counter,"[1, 128, 768]","[1, 128, 768]",1081.71,0.0,0.375,cuda_event,cuda
39,encoder.layer.0.attention.output.dense,Linear,0.05286,0.375,150994944.0,590592,0,7,0.05286,counter,"[1, 128, 768]","[1, 128, 768]",1081.71,0.0,0.375,cuda_event,cuda
39,encoder.layer.0.attention.output.LayerNorm,LayerNorm,0.00794,0.375,491520.0,1536,0,8,0.00794,analytic,"[1, 128, 768]","[1, 128, 768]",1081.71,0.0,0.375,cuda_event,cuda
39,encoder.layer.0.intermediate.dense,Linear,0.12365,1.5,603979776.0,2362368,0,9,0.12365,counter,"[1, 128, 768]","[1, 128, 3072]",1081.71,0.0,1.5,cuda_event,cuda
39,encoder.layer.0.intermediate.intermediate_act_fn,GELUActivation,0.00794,1.5,0.0,0,0,10,0.00794,none,"[1, 128, 3072]","[1, 128, 3072]",1081.71,0.0,1.5,cuda_event,cuda
39,encoder.layer.0.output.dense,Linear,0.15328,0.375,603979776.0,2360064,0,11,0.15328,counter,"[1, 128, 3072]","[1, 128, 768]",1081.71,0.0,0.375,cuda_event,cuda
39,encoder.layer.0.output.LayerNorm,LayerNorm,0.00698,0.375,491520.0,1536,0,12,0.00698,analytic,"[1, 128, 768]","[1, 128, 768]",1081.71,0.0,0.375,cuda_event,cuda
39,encoder.layer.1.attention.self.query,Linear,0.05296,0.375,150994944.0,590592,0,13,0.05296,counter,"[1, 128, 768]","[1, 128, 768]",1081.71,0.0,0.375,cuda_event,cuda
39,encoder.layer.1.attention.self.key,Linear,0.05318,0.375,150994944.0,590592,0,14,0.05318,counter,"[1, 128, 768]","[1, 128, 768]",1081.71,0.0,0.375,cuda_event,cuda
39,encoder.layer.1.attention.self.value,Linear,0.05379,0.375,150994944.0,590592,0,15,0.05379,counter,"[1, 128, 768]","[1, 128, 768]",1081.71,0.0,0.375,cuda_event,cuda
39,encoder.layer.1.attention.output.dense,Linear,0.05334,0.375,150994944.0,590592,0,16,0.05334,counter,"[1, 128, 768]","[1, 128, 768]",1081.71,0.0,0.375,cuda_event,cuda
39,encoder.layer.1.attention.output.LayerNorm,LayerNorm,0.00707,0.375,491520.0,1536,0,17,0.00707,analytic,"[1, 128, 768]","[1, 128, 768]",1081.71,0.0,0.375,cuda_event,cuda
39,encoder.layer.1.intermediate.dense,Linear,0.12429,1.5,603979776.0,2362368,0,18,0.12429,counter,"[1, 128, 768]","[1, 128, 3072]",1081.71,0.0,1.5,cuda_event,cuda
39,encoder.layer.1.intermediate.intermediate_act_fn,GELUActivation,0.00688,1.5,0.0,0,0,19,0.00688,none,"[1, 128, 3072]","[1, 128, 3072]",1081.71,0.0,1.5,cuda_event,cuda
39,encoder.layer.1.output.dense,Linear,0.15379,0.375,603979776.0,2360064,0,20,0.15379,counter,"[1, 128, 3072]","[1, 128, 768]",1081.71,0.0,0.375,cuda_event,cuda
39,encoder.layer.1.output.LayerNorm,LayerNorm,0.00819,0.375,491520.0,1536,0,21,0.00819,analytic,"[1, 128, 768]","[1, 128, 768]",1081.71,0.0,0.375,cuda_event,cuda
39,encoder.layer.2.attention.self.query,Linear,0.05226,0.375,150994944.0,590592,0,22,0.05226,counter,"[1, 128, 768]","[1, 128, 768]",1081.71,0.0,0.375,cuda_event,cuda
39,encoder.layer.2.attention.self.key,Linear,0.05446,0.375,150994944.0,590592,0,23,0.05446,counter,"[1, 128, 768]","[1, 128, 768]",1081.71,0.0,0.375,cuda_event,cuda
39,encoder.layer.2.attention.self.value,Linear,0.05421,0.375,150994944.0,590592,0,24,0.05421,counter,"[1, 128, 768]","[1, 128, 768]",1081.71,0.0,0.375,cuda_event,cuda
39,encoder.layer.2.attention.output.dense,Linear,0.05222,0.375,150994944.0,590592,0,25,0.05222,counter,"[1, 128, 768]","[1, 128, 768]",1081.71,0.0,0.375,cuda_event,cuda
39,encoder.layer.2.attention.output.LayerNorm,LayerNorm,0.00771,0.375,491520.0,1536,0,26,0.00771,analytic,"[1, 128, 768]","[1, 128, 768]",1081.71,0.0,0.375,cuda_event,cuda
39,encoder.layer.2.intermediate.dense,Linear,0.12314,1.5,603979776.0,2362368,0,27,0.12314,counter,"[1, 128, 768]","[1, 128, 3072]",1081.71,0.0,1.5,cuda_event,cuda
39,encoder.layer.2.intermediate.intermediate_act_fn,GELUActivation,0.00678,1.5,0.0,0,0,28,0.00678,none,"[1, 128, 3072]","[1, 128, 3072]",1081.71,0.0,1.5,cuda_event,cuda
39,encoder.layer.2.output.dense,Linear,0.15264,0.375,603979776.0,2360064,0,29,0.15264,counter,"[1, 128, 3072]","[1, 128, 768]",1081.71,0.0,0.375,cuda_event,cuda
39,encoder.layer.2.output.LayerNorm,LayerNorm,0.00819,0.375,491520.0,1536,0,30,0.00819,analytic,"[1, 128, 768]","[1, 128, 768]",1081.71,0.0,0.375,cuda_event,cuda
39,encoder.layer.3.attention.self.query,Linear,0.05328,0.375,150994944.0,590592,0,31,0.05328,counter,"[1, 128, 768]","[1, 128, 768]",1081.71,0.0,0.375,cuda_event,cuda
39,encoder.layer.3.attention.self.key,Linear,0.05309,0.375,150994944.0,590592,0,32,0.05309,counter,"[1, 128, 768]","[1, 128, 768]",1081.71,0.0,0.375,cuda_event,cuda
39,encoder.layer.3.attention.self.value,Linear,0.05549,0.375,150994944.0,590592,0,33,0.05549,counter,"[1, 128, 768]","[1, 128, 768]",1081.71,0.0,0.375,cuda_event,cuda
39,encoder.layer.3.attention.output.dense,Linear,0.05325,0.375,150994944.0,590592,0,34,0.05325,counter,"[1, 128, 768]","[1, 128, 768]",1081.71,0.0,0.375,cuda_event,cuda
39,encoder.layer.3.attention.output.LayerNorm,LayerNorm,0.00758,0.375,491520.0,1536,0,35,0.00758,analytic,"[1, 128, 768]","[1, 128, 768]",1081.71,0.0,0.375,cuda_event,cuda
39,encoder.layer.3.intermediate.dense,Linear,0.12589,1.5,603979776.0,2362368,0,36,0.12589,counter,"[1, 128, 768]","[1, 128, 3072]",1081.71,0.0,1.5,cuda_event,cuda
39,encoder.layer.3.intermediate.intermediate_act_fn,GELUActivation,0.00736,1.5,0.0,0,0,37,0.00736,none,"[1, 128, 3072]","[1, 128, 3072]",1081.71,0.0,1.5,cuda_event,cuda
39,encoder.layer.3.output.dense,Linear,0.15251,0.375,603979776.0,2360064,0,38,0.15251,counter,"[1, 128, 3072]","[1, 128, 768]",1081.71,0.0,0.375,cuda_event,cuda
39,encoder.layer.3.output.LayerNorm,LayerNorm,0.00819,0.375,491520.0,1536,0,39,0.00819,analytic,"[1, 128, 768]","[1, 128, 768]",1081.71,0.0,0.375,cuda_event,cuda
39,encoder.layer.4.attention.self.query,Linear,0.05267,0.375,150994944.0,590592,0,40,0.05267,counter,"[1, 128, 768]","[1, 128, 768]",1081.71,0.0,0.375,cuda_event,cuda
39,encoder.layer.4.attention.self.key,Linear,0.05203,0.375,150994944.0,590592,0,41,0.05203,counter,"[1, 128, 768]","[1, 128, 768]",1081.71,0.0,0.375,cuda_event,cuda
39,encoder.layer.4.attention.self.value,Linear,0.05462,0.375,150994944.0,590592,0,42,0.05462,counter,"[1, 128, 768]","[1, 128, 768]",1081.71,0.0,0.375,cuda_event,cuda
39,encoder.layer.4.attention.output.dense,Linear,0.05325,0.375,150994944.0,590592,0,43,0.05325,counter,"[1, 128, 768]","[1, 128, 768]",1081.71,0.0,0.375,cuda_event,cuda
39,encoder.layer.4.attention.output.LayerNorm,LayerNorm,0.00813,0.375,491520.0,1536,0,44,0.00813,analytic,"[1, 128, 768]","[1, 128, 768]",1081.71,0.0,0.375,cuda_event,cuda
39,encoder.layer.4.intermediate.dense,Linear,0.12294,1.5,603979776.0,2362368,0,45,0.12294,counter,"[1, 128, 768]","[1, 128, 3072]",1081.71,0.0,1.5,cuda_event,cuda
39,encoder.layer.4.intermediate.intermediate_act_fn,GELUActivation,0.00643,1.5,0.0,0,0,46,0.00643,none,"[1, 128, 3072]","[1, 128, 3072]",1081.71,0.0,1.5,cuda_event,cuda
39,encoder.layer.4.output.dense,Linear,0.1536,0.375,603979776.0,2360064,0,47,0.1536,counter,"[1, 128, 3072]","[1, 128, 768]",1081.71,0.0,0.375,cuda_event,cuda
39,encoder.layer.4.output.LayerNorm,LayerNorm,0.00784,0.375,491520.0,1536,0,48,0.00784,analytic,"[1, 128, 768]","[1, 128, 768]",1081.71,0.0,0.375,cuda_event,cuda
39,encoder.layer.5.attention.self.query,Linear,0.05171,0.375,150994944.0,590592,0,49,0.05171,counter,"[1, 128, 768]","[1, 128, 768]",1081.71,0.0,0.375,cuda_event,cuda
39,encoder.layer.5.attention.self.key,Linear,0.05325,0.375,150994944.0,590592,0,50,0.05325,counter,"[1, 128, 768]","[1, 128, 768]",1081.71,0.0,0.375,cuda_event,cuda
39,encoder.layer.5.attention.self.value,Linear,0.05325,0.375,150994944.0,590592,0,51,0.05325,counter,"[1, 128, 768]","[1, 128, 768]",1081.71,0.0,0.375,cuda_event,cuda
39,encoder.layer.5.attention.output.dense,Linear,0.05331,0.375,150994944.0,590592,0,52,0.05331,counter,"[1, 128, 768]","[1, 128, 768]",1081.71,0.0,0.375,cuda_event,cuda
39,encoder.layer.5.attention.output.LayerNorm,LayerNorm,0.00691,0.375,491520.0,1536,0,53,0.00691,analytic,"[1, 128, 768]","[1, 128, 768]",1081.71,0.0,0.375,cuda_event,cuda
39,encoder.layer.5.intermediate.dense,Linear,0.12288,1.5,603979776.0,2362368,0,54,0.12288,counter,"[1, 128, 768]","[1, 128, 3072]",1081.71,0.0,1.5,cuda_event,cuda
39,encoder.layer.5.intermediate.intermediate_act_fn,GELUActivation,0.00768,1.5,0.0,0,0,55,0.00768,none,"[1, 128, 3072]","[1, 128, 3072]",1081.71,0.0,1.5,cuda_event,cuda
39,encoder.layer.5.output.dense,Linear,0.15398,0.375,603979776.0,2360064,0,56,0.15398,counter,"[1, 128, 3072]","[1, 128, 768]",1081.71,0.0,0.375,cuda_event,cuda
39,encoder.layer.5.output.LayerNorm,LayerNorm,0.00803,0.375,491520.0,1536,0,57,0.00803,analytic,"[1, 128, 768]","[1, 128, 768]",1081.71,0.0,0.375,cuda_event,cuda
39,encoder.layer.6.attention.self.query,Linear,0.05194,0.375,150994944.0,590592,0,58,0.05194,counter,"[1, 128, 768]","[1, 128, 768]",1081.71,0.0,0.375,cuda_event,cuda
39,encoder.layer.6.attention.self.key,Linear,0.05325,0.375,150994944.0,590592,0,59,0.05325,counter,"[1, 128, 768]","[1, 128, 768]",1081.71,0.0,0.375,cuda_event,cuda
39,encoder.layer.6.attention.self.value,Linear,0.05504,0.375,150994944.0,590592,0,60,0.05504,counter,"[1, 128, 768]","[1, 128, 768]",1081.71,0.0,0.375,cuda_event,cuda
39,encoder.layer.6.attention.output.dense,Linear,0.05325,0.375,150994944.0,590592,0,61,0.05325,counter,"[1, 128, 768]","[1, 128, 768]",1081.71,0.0,0.375,cuda_event,cuda
39,encoder.layer.6.attention.output.LayerNorm,LayerNorm,0.00774,0.375,491520.0,1536,0,62,0.00774,analytic,"[1, 128, 768]","[1, 128, 768]",1081.71,0.0,0.375,cuda_event,cuda
39,encoder.layer.6.intermediate.dense,Linear,0.12525,1.5,603979776.0,2362368,0,63,0.12525,counter,"[1, 128, 768]","[1, 128, 3072]",1081.71,0.0,1.5,cuda_event,cuda
39,encoder.layer.6.intermediate.intermediate_act_fn,GELUActivation,0.00659,1.5,0.0,0,0,64,0.00659,none,"[1, 128, 3072]","[1, 128, 3072]",1081.71,0.0,1.5,cuda_event,cuda
39,encoder.layer.6.output.dense,Linear,0.1536,0.375,603979776.0,2360064,0,65,0.1536,counter,"[1, 128, 3072]","[1, 128, 768]",1081.71,0.0,0.375,cuda_event,cuda
39,encoder.layer.6.output.LayerNorm,LayerNorm,0.0081,0.375,491520.0,1536,0,66,0.0081,analytic,"[1, 128, 768]","[1, 128, 768]",1081.71,0.0,0.375,cuda_event,cuda
39,encoder.layer.7.attention.self.query,Linear,0.0529,0.375,150994944.0,590592,0,67,0.0529,counter,"[1, 128, 768]","[1, 128, 768]",1081.71,0.0,0.375,cuda_event,cuda
39,encoder.layer.7.attention.self.key,Linear,0.05344,0.375,150994944.0,590592,0,68,0.05344,counter,"[1, 128, 768]","[1, 128, 768]",1081.71,0.0,0.375,cuda_event,cuda
39,encoder.layer.7.attention.self.value,Linear,0.05366,0.375,150994944.0,590592,0,69,0.05366,counter,"[1, 128, 768]","[1, 128, 768]",1081.71,0.0,0.375,cuda_event,cuda
39,encoder.layer.7.attention.output.dense,Linear,0.05325,0.375,150994944.0,590592,0,70,0.05325,counter,"[1, 128, 768]","[1, 128, 768]",1081.71,0.0,0.375,cuda_event,cuda
39,encoder.layer.7.attention.output.LayerNorm,LayerNorm,0.0081,0.375,491520.0,1536,0,71,0.0081,analytic,"[1, 128, 768]","[1, 128, 768]",1081.71,0.0,0.375,cuda_event,cuda
39,encoder.layer.7.intermediate.dense,Linear,0.12294,1.5,603979776.0,2362368,0,72,0.12294,counter,"[1, 128, 768]","[1, 128, 3072]",1081.71,0.0,1.5,cuda_event,cuda
39,encoder.layer.7.intermediate.intermediate_act_fn,GELUActivation,0.00637,1.5,0.0,0,0,73,0.00637,none,"[1, 128, 3072]","[1, 128, 3072]",1081.71,0.0,1.5,cuda_event,cuda
39,encoder.layer.7.output.dense,Linear,0.15558,0.375,603979776.0,2360064,0,74,0.15558,counter,"[1, 128, 3072]","[1, 128, 768]",1081.71,0.0,0.375,cuda_event,cuda
39,encoder.layer.7.output.LayerNorm,LayerNorm,0.00778,0.375,491520.0,1536,0,75,0.00778,analytic,"[1, 128, 768]","[1, 128, 768]",1081.71,0.0,0.375,cuda_event,cuda
39,encoder.layer.8.attention.self.query,Linear,0.05184,0.375,150994944.0,590592,0,76,0.05184,counter,"[1, 128, 768]","[1, 128, 768]",1081.71,0.0,0.375,cuda_event,cuda
39,encoder.layer.8.attention.self.key,Linear,0.05357,0.375,150994944.0,590592,0,77,0.05357,counter,"[1, 128, 768]","[1, 128, 768]",1081.71,0.0,0.375,cuda_event,cuda
39,encoder.layer.8.attention.self.value,Linear,0.0553,0.375,150994944.0,590592,0,78,0.0553,counter,"[1, 128, 768]","[1, 128, 768]",1081.71,0.0,0.375,cuda_event,cuda
39,encoder.layer.8.attention.output.dense,Linear,0.05331,0.375,150994944.0,590592,0,79,0.05331,counter,"[1, 128, 768]","[1, 128, 768]",1081.71,0.0,0.375,cuda_event,cuda
39,encoder.layer.8.attention.output.LayerNorm,LayerNorm,0.00803,0.375,491520.0,1536,0,80,0.00803,analytic,"[1, 128, 768]","[1, 128, 768]",1081.71,0.0,0.375,cuda_event,cuda
39,encoder.layer.8.intermediate.dense,Linear,0.12336,1.5,603979776.0,2362368,0,81,0.12336,counter,"[1, 128, 768]","[1, 128, 3072]",1081.71,0.0,1.5,cuda_event,cuda
39,encoder.layer.8.intermediate.intermediate_act_fn,GELUActivation,0.00656,1.5,0.0,0,0,82,0.00656,none,"[1, 128, 3072]","[1, 128, 3072]",1081.71,0.0,1.5,cuda_event,cuda
39,encoder.layer.8.output.dense,Linear,0.15562,0.375,603979776.0,2360064,0,83,0.15562,counter,"[1, 128, 3072]","[1, 128, 768]",1081.71,0.0,0.375,cuda_event,cuda
39,encoder.layer.8.output.LayerNorm,LayerNorm,0.00778,0.375,491520.0,1536,0,84,0.00778,analytic,"[1, 128, 768]","[1, 128, 768]",1081.71,0.0,0.375,cuda_event,cuda
39,encoder.layer.9.attention.self.query,Linear,0.05325,0.375,150994944.0,590592,0,85,0.05325,counter,"[1, 128, 768]","[1, 128, 768]",1081.71,0.0,0.375,cuda_event,cuda
39,encoder.layer.9.attention.self.key,Linear,0.05338,0.375,150994944.0,590592,0,86,0.05338,counter,"[1, 128, 768]","[1, 128, 768]",1081.71,0.0,0.375,cuda_event,cuda
39,encoder.layer.9.attention.self.value,Linear,0.05325,0.375,150994944.0,590592,0,87,0.05325,counter,"[1, 128, 768]","[1, 128, 768]",1081.71,0.0,0.375,cuda_event,cuda
39,encoder.layer.9.attention.output.dense,Linear,0.05389,0.375,150994944.0,590592,0,88,0.05389,counter,"[1, 128, 768]","[1, 128, 768]",1081.71,0.0,0.375,cuda_event,cuda
39,encoder.layer.9.attention.output.LayerNorm,LayerNorm,0.00704,0.375,491520.0,1536,0,89,0.00704,analytic,"[1, 128, 768]","[1, 128, 768]",1081.71,0.0,0.375,cuda_event,cuda
39,encoder.layer.9.intermediate.dense,Linear,0.12653,1.5,603979776.0,2362368,0,90,0.12653,counter,"[1, 128, 768]","[1, 128, 3072]",1081.71,0.0,1.5,cuda_event,cuda
39,encoder.layer.9.intermediate.intermediate_act_fn,GELUActivation,0.00672,1.5,0.0,0,0,91,0.00672,none,"[1, 128, 3072]","[1, 128, 3072]",1081.71,0.0,1.5,cuda_event,cuda
39,encoder.layer.9.output.dense,Linear,0.15565,0.375,603979776.0,2360064,0,92,0.15565,counter,"[1, 128, 3072]","[1, 128, 768]",1081.71,0.0,0.375,cuda_event,cuda
39,encoder.layer.9.output.LayerNorm,LayerNorm,0.00781,0.375,491520.0,1536,0,93,0.00781,analytic,"[1, 128, 768]","[1, 128, 768]",1081.71,0.0,0.375,cuda_event,cuda
39,encoder.layer.10.attention.self.query,Linear,0.05184,0.375,150994944.0,590592,0,94,0.05184,counter,"[1, 128, 768]","[1, 128, 768]",1081.71,0.0,0.375,cuda_event,cuda
39,encoder.layer.10.attention.self.key,Linear,0.05325,0.375,150994944.0,590592,0,95,0.05325,counter,"[1, 128, 768]","[1, 128, 768]",1081.71,0.0,0.375,cuda_event,cuda
39,encoder.layer.10.attention.self.value,Linear,0.05331,0.375,150994944.0,590592,0,96,0.05331,counter,"[1, 128, 768]","[1, 128, 768]",1081.71,0.0,0.375,cuda_event,cuda
39,encoder.layer.10.attention.output.dense,Linear,0.0543,0.375,150994944.0,590592,0,97,0.0543,counter,"[1, 128, 768]","[1, 128, 768]",1081.71,0.0,0.375,cuda_event,cuda
39,encoder.layer.10.attention.output.LayerNorm,LayerNorm,0.00819,0.375,491520.0,1536,0,98,0.00819,analytic,"[1, 128, 768]","[1, 128, 768]",1081.71,0.0,0.375,cuda_event,cuda
39,encoder.layer.10.intermediate.dense,Linear,0.12461,1.5,603979776.0,2362368,0,99,0.12461,counter,"[1, 128, 768]","[1, 128, 3072]",1081.71,0.0,1.5,cuda_event,cuda
39,encoder.layer.10.intermediate.intermediate_act_fn,GELUActivation,0.00672,1.5,0.0,0,0,100,0.00672,none,"[1, 128, 3072]","[1, 128, 3072]",1081.71,0.0,1.5,cuda_event,cuda
39,encoder.layer.10.output.dense,Linear,0.15261,0.375,603979776.0,2360064,0,101,0.15261,counter,"[1, 128, 3072]","[1, 128, 768]",1081.71,0.0,0.375,cuda_event,cuda
39,encoder.layer.10.output.LayerNorm,LayerNorm,0.00819,0.375,491520.0,1536,0,102,0.00819,analytic,"[1, 128, 768]","[1, 128, 768]",1081.71,0.0,0.375,cuda_event,cuda
39,encoder.layer.11.attention.self.query,Linear,0.05254,0.375,150994944.0,590592,0,103,0.05254,counter,"[1, 128, 768]","[1, 128, 768]",1081.71,0.0,0.375,cuda_event,cuda
39,encoder.layer.11.attention.self.key,Linear,0.05203,0.375,150994944.0,590592,0,104,0.05203,counter,"[1, 128, 768]","[1, 128, 768]",1081.71,0.0,0.375,cuda_event,cuda
39,encoder.layer.11.attention.self.value,Linear,0.05478,0.375,150994944.0,590592,0,105,0.05478,counter,"[1, 128, 768]","[1, 128, 768]",1081.71,0.0,0.375,cuda_event,cuda
39,encoder.layer.11.attention.output.dense,Linear,0.0553,0.375,150994944.0,590592,0,106,0.0553,counter,"[1, 128, 768]","[1, 128, 768]",1081.71,0.0,0.375,cuda_event,cuda
39,encoder.layer.11.attention.output.LayerNorm,LayerNorm,0.00774,0.375,491520.0,1536,0,107,0.00774,analytic,"[1, 128, 768]","[1, 128, 768]",1081.71,0.0,0.375,cuda_event,cuda
39,encoder.layer.11.intermediate.dense,Linear,0.12528,1.5,603979776.0,2362368,0,108,0.12528,counter,"[1, 128, 768]","[1, 128, 3072]",1081.71,0.0,1.5,cuda_event,cuda
39,encoder.layer.11.intermediate.intermediate_act_fn,GELUActivation,0.00666,1.5,0.0,0,0,109,0.00666,none,"[1, 128, 3072]","[1, 128, 3072]",1081.71,0.0,1.5,cuda_event,cuda
39,encoder.layer.11.output.dense,Linear,0.15155,0.375,603979776.0,2360064,0,110,0.15155,counter,"[1, 128, 3072]","[1, 128, 768]",1081.71,0.0,0.375,cuda_event,cuda
39,encoder.layer.11.output.LayerNorm,LayerNorm,0.00781,0.375,491520.0,1536,0,111,0.00781,analytic,"[1, 128, 768]","[1, 128, 768]",1081.71,0.0,0.375,cuda_event,cuda
39,pooler.dense,Linear,0.01299,0.00293,1179648.0,590592,0,112,0.01299,counter,"[1, 768]","[1, 768]",1081.71,0.0,0.003,cuda_event,cuda
39,pooler.activation,Tanh,0.0041,0.00293,3072.0,0,0,113,0.0041,analytic,"[1, 768]","[1, 768]",1081.71,0.0,0.003,cuda_event,cuda
40,embeddings.word_embeddings,Embedding,0.00496,0.375,0.0,23440896,0,0,0.00496,none,"[1, 128]","[1, 128, 768]",1081.8,0.0,0.375,cuda_event,cuda
40,embeddings.token_type_embeddings,Embedding,0.00531,0.375,0.0,1536,0,1,0.00531,none,"[1, 128]","[1, 128, 768]",1081.8,0.0,0.375,cuda_event,cuda
40,embeddings.position_embeddings,Embedding,0.00618,0.375,0.0,393216,0,2,0.00618,none,"[1, 128]","[1, 128, 768]",1081.8,0.0,0.375,cuda_event,cuda
40,embeddings.LayerNorm,LayerNorm,0.008,0.375,491520.0,1536,0,3,0.008,analytic,"[1, 128, 768]","[1, 128, 768]",1081.8,0.0,0.375,cuda_event,cuda
40,encoder.layer.0.attention.self.query,Linear,0.05357,0.375,150994944.0,590592,0,4,0.05357,counter,"[1, 128, 768]","[1, 128, 768]",1081.8,0.0,0.375,cuda_event,cuda
40,encoder.layer.0.attention.self.key,Linear,0.05427,0.375,150994944.0,590592,0,5,0.05427,counter,"[1, 128, 768]","[1, 128, 768]",1081.8,0.0,0.375,cuda_event,cuda
40,encoder.layer.0.attention.self.value,Linear,0.05462,0.375,150994944.0,590592,0,6,0.05462,counter,"[1, 128, 768]","[1, 128, 768]",1081.8,0.0,0.375,cuda_event,cuda
40,encoder.layer.0.attention.output.dense,Linear,0.05437,0.375,150994944.0,590592,0,7,0.05437,counter,"[1, 128, 768]","[1, 128, 768]",1081.8,0.0,0.375,cuda_event,cuda
40,encoder.layer.0.attention.output.LayerNorm,LayerNorm,0.00819,0.375,491520.0,1536,0,8,0.00819,analytic,"[1, 128, 768]","[1, 128, 768]",1081.8,0.0,0.375,cuda_event,cuda
40,encoder.layer.0.intermediate.dense,Linear,0.12496,1.5,603979776.0,2362368,0,9,0.12496,counter,"[1, 128, 768]","[1, 128, 3072]",1081.8,0.0,1.5,cuda_event,cuda
40,encoder.layer.0.intermediate.intermediate_act_fn,GELUActivation,0.00784,1.5,0.0,0,0,10,0.00784,none,"[1, 128, 3072]","[1, 128, 3072]",1081.8,0.0,1.5,cuda_event,cuda
40,encoder.layer.0.output.dense,Linear,0.15536,0.375,603979776.0,2360064,0,11,0.15536,counter,"[1, 128, 3072]","[1, 128, 768]",1081.8,0.0,0.375,cuda_event,cuda
40,encoder.layer.0.output.LayerNorm,LayerNorm,0.00685,0.375,491520.0,1536,0,12,0.00685,analytic,"[1, 128, 768]","[1, 128, 768]",1081.8,0.0,0.375,cuda_event,cuda
40,encoder.layer.1.attention.self.query,Linear,0.05434,0.375,150994944.0,590592,0,13,0.05434,counter,"[1, 128, 768]","[1, 128, 768]",1081.8,0.0,0.375,cuda_event,cuda
40,encoder.layer.1.attention.self.key,Linear,0.0553,0.375,150994944.0,590592,0,14,0.0553,counter,"[1, 128, 768]","[1, 128, 768]",1081.8,0.0,0.375,cuda_event,cuda
40,encoder.layer.1.attention.self.value,Linear,0.05334,0.375,150994944.0,590592,0,15,0.05334,counter,"[1, 128, 768]","[1, 128, 768]",1081.8,0.0,0.375,cuda_event,cuda
40,encoder.layer.1.attention.output.dense,Linear,0.05373,0.375,150994944.0,590592,0,16,0.05373,counter,"[1, 128, 768]","[1, 128, 768]",1081.8,0.0,0.375,cuda_event,cuda
40,encoder.layer.1.attention.output.LayerNorm,LayerNorm,0.00781,0.375,491520.0,1536,0,17,0.00781,analytic,"[1, 128, 768]","[1, 128, 768]",1081.8,0.0,0.375,cuda_event,cuda
40,encoder.layer.1.intermediate.dense,Linear,0.12592,1.5,603979776.0,2362368,0,18,0.12592,counter,"[1, 128, 768]","[1, 128, 3072]",1081.8,0.0,1.5,cuda_event,cuda
40,encoder.layer.1.intermediate.intermediate_act_fn,GELUActivation,0.00614,1.5,0.0,0,0,19,0.00614,none,"[1, 128, 3072]","[1, 128, 3072]",1081.8,0.0,1.5,cuda_event,cuda
40,encoder.layer.1.output.dense,Linear,0.15482,0.375,603979776.0,2360064,0,20,0.15482,counter,"[1, 128, 3072]","[1, 128, 768]",1081.8,0.0,0.375,cuda_event,cuda
40,encoder.layer.1.output.LayerNorm,LayerNorm,0.00822,0.375,491520.0,1536,0,21,0.00822,analytic,"[1, 128, 768]","[1, 128, 768]",1081.8,0.0,0.375,cuda_event,cuda
40,encoder.layer.2.attention.self.query,Linear,0.05446,0.375,150994944.0,590592,0,22,0.05446,counter,"[1, 128, 768]","[1, 128, 768]",1081.8,0.0,0.375,cuda_event,cuda
40,encoder.layer.2.attention.self.key,Linear,0.05421,0.375,150994944.0,590592,0,23,0.05421,counter,"[1, 128, 768]","[1, 128, 768]",1081.8,0.0,0.375,cuda_event,cuda
40,encoder.layer.2.attention.self.value,Linear,0.05334,0.375,150994944.0,590592,0,24,0.05334,counter,"[1, 128, 768]","[1, 128, 768]",1081.8,0.0,0.375,cuda_event,cuda
40,encoder.layer.2.attention.output.dense,Linear,0.05389,0.375,150994944.0,590592,0,25,0.05389,counter,"[1, 128, 768]","[1, 128, 768]",1081.8,0.0,0.375,cuda_event,cuda
40,encoder.layer.2.attention.output.LayerNorm,LayerNorm,0.00787,0.375,491520.0,1536,0,26,0.00787,analytic,"[1, 128, 768]","[1, 128, 768]",1081.8,0.0,0.375,cuda_event,cuda
40,encoder.layer.2.intermediate.dense,Linear,0.12368,1.5,603979776.0,2362368,0,27,0.12368,counter,"[1, 128, 768]","[1, 128, 3072]",1081.8,0.0,1.5,cuda_event,cuda
40,encoder.layer.2.intermediate.intermediate_act_fn,GELUActivation,0.0064,1.5,0.0,0,0,28,0.0064,none,"[1, 128, 3072]","[1, 128, 3072]",1081.8,0.0,1.5,cuda_event,cuda
40,encoder.layer.2.output.dense,Linear,0.1536,0.375,603979776.0,2360064,0,29,0.1536,counter,"[1, 128, 3072]","[1, 128, 768]",1081.8,0.0,0.375,cuda_event,cuda
40,encoder.layer.2.output.LayerNorm,LayerNorm,0.00787,0.375,491520.0,1536,0,30,0.00787,analytic,"[1, 128, 768]","[1, 128, 768]",1081.8,0.0,0.375,cuda_event,cuda
40,encoder.layer.3.attention.self.query,Linear,0.05325,0.375,150994944.0,590592,0,31,0.05325,counter,"[1, 128, 768]","[1, 128, 768]",1081.8,0.0,0.375,cuda_event,cuda
40,encoder.layer.3.attention.self.key,Linear,0.05427,0.375,150994944.0,590592,0,32,0.05427,counter,"[1, 128, 768]","[1, 128, 768]",1081.8,0.0,0.375,cuda_event,cuda
40,encoder.layer.3.attention.self.value,Linear,0.05526,0.375,150994944.0,590592,0,33,0.05526,counter,"[1, 128, 768]","[1, 128, 768]",1081.8,0.0,0.375,cuda_event,cuda
40,encoder.layer.3.attention.output.dense,Linear,0.05325,0.375,150994944.0,590592,0,34,0.05325,counter,"[1, 128, 768]","[1, 128, 768]",1081.8,0.0,0.375,cuda_event,cuda
40,encoder.layer.3.attention.output.LayerNorm,LayerNorm,0.00771,0.375,491520.0,1536,0,35,0.00771,analytic,"[1, 128, 768]","[1, 128, 768]",1081.8,0.0,0.375,cuda_event,cuda
40,encoder.layer.3.intermediate.dense,Linear,0.12557,1.5,603979776.0,2362368,0,36,0.12557,counter,"[1, 128, 768]","[1, 128, 3072]",1081.8,0.0,1.5,cuda_event,cuda
40,encoder.layer.3.intermediate.intermediate_act_fn,GELUActivation,0.00624,1.5,0.0,0,0,37,0.00624,none,"[1, 128, 3072]","[1, 128, 3072]",1081.8,0.0,1.5,cuda_event,cuda
40,encoder.layer.3.output.dense,Linear,0.15533,0.375,603979776.0,2360064,0,38,0.15533,counter,"[1, 128, 3072]","[1, 128, 768]",1081.8,0.0,0.375,cuda_event,cuda
40,encoder.layer.3.output.LayerNorm,LayerNorm,0.00717,0.375,491520.0,1536,0,39,0.00717,analytic,"[1, 128, 768]","[1, 128, 768]",1081.8,0.0,0.375,cuda_event,cuda
40,encoder.layer.4.attention.self.query,Linear,0.05325,0.375,150994944.0,590592,0,40,0.05325,counter,"[1, 128, 768]","[1, 128, 768]",1081.8,0.0,0.375,cuda_event,cuda
40,encoder.layer.4.attention.self.key,Linear,0.05325,0.375,150994944.0,590592,0,41,0.05325,counter,"[1, 128, 768]","[1, 128, 768]",1081.8,0.0,0.375,cuda_event,cuda
40,encoder.layer.4.attention.self.value,Linear,0.05325,0.375,150994944.0,590592,0,42,0.05325,counter,"[1, 128, 768]","[1, 128, 768]",1081.8,0.0,0.375,cuda_event,cuda
40,encoder.layer.4.attention.output.dense,Linear,0.05389,0.375,150994944.0,590592,0,43,0.05389,counter,"[1, 128, 768]","[1, 128, 768]",1081.8,0.0,0.375,cuda_event,cuda
40,encoder.layer.4.attention.output.LayerNorm,LayerNorm,0.0081,0.375,491520.0,1536,0,44,0.0081,analytic,"[1, 128, 768]","[1, 128, 768]",1081.8,0.0,0.375,cuda_event,cuda
40,encoder.layer.4.intermediate.dense,Linear,0.1231,1.5,603979776.0,2362368,0,45,0.1231,counter,"[1, 128, 768]","[1, 128, 3072]",1081.8,0.0,1.5,cuda_event,cuda
40,encoder.layer.4.intermediate.intermediate_act_fn,GELUActivation,0.00749,1.5,0.0,0,0,46,0.00749,none,"[1, 128, 3072]","[1, 128, 3072]",1081.8,0.0,1.5,cuda_event,cuda
40,encoder.layer.4.output.dense,Linear,0.15226,0.375,603979776.0,2360064,0,47,0.15226,counter,"[1, 128, 3072]","[1, 128, 768]",1081.8,0.0,0.375,cuda_event,cuda
40,encoder.layer.4.output.LayerNorm,LayerNorm,0.00698,0.375,491520.0,1536,0,48,0.00698,analytic,"[1, 128, 768]","[1, 128, 768]",1081.8,0.0,0.375,cuda_event,cuda
40,encoder.layer.5.attention.self.query,Linear,0.05325,0.375,150994944.0,590592,0,49,0.05325,counter,"[1, 128, 768]","[1, 128, 768]",1081.8,0.0,0.375,cuda_event,cuda
40,encoder.layer.5.attention.self.key,Linear,0.05325,0.375,150994944.0,590592,0,50,0.05325,counter,"[1, 128, 768]","[1, 128, 768]",1081.8,0.0,0.375,cuda_event,cuda
40,encoder.layer.5.attention.self.value,Linear,0.05501,0.375,150994944.0,590592,0,51,0.05501,counter,"[1, 128, 768]","[1, 128, 768]",1081.8,0.0,0.375,cuda_event,cuda
40,encoder.layer.5.attention.output.dense,Linear,0.05478,0.375,150994944.0,590592,0,52,0.05478,counter,"[1, 128, 768]","[1, 128, 768]",1081.8,0.0,0.375,cuda_event,cuda
40,encoder.layer.5.attention.output.LayerNorm,LayerNorm,0.00819,0.375,491520.0,1536,0,53,0.00819,analytic,"[1, 128, 768]","[1, 128, 768]",1081.8,0.0,0.375,cuda_event,cuda
40,encoder.layer.5.intermediate.dense,Linear,0.12493,1.5,603979776.0,2362368,0,54,0.12493,counter,"[1, 128, 768]","[1, 128, 3072]",1081.8,0.0,1.5,cuda_event,cuda
40,encoder.layer.5.intermediate.intermediate_act_fn,GELUActivation,0.00765,1.5,0.0,0,0,55,0.00765,none,"[1, 128, 3072]","[1, 128, 3072]",1081.8,0.0,1.5,cuda_event,cuda
40,encoder.layer.5.output.dense,Linear,0.15421,0.375,603979776.0,2360064,0,56,0.15421,counter,"[1, 128, 3072]","[1, 128, 768]",1081.8,0.0,0.375,cuda_event,cuda
40,encoder.layer.5.output.LayerNorm,LayerNorm,0.00682,0.375,491520.0,1536,0,57,0.00682,analytic,"[1, 128, 768]","[1, 128, 768]",1081.8,0.0,0.375,cuda_event,cuda
40,encoder.layer.6.attention.self.query,Linear,0.05325,0.375,150994944.0,590592,0,58,0.05325,counter,"[1, 128, 768]","[1, 128, 768]",1081.8,0.0,0.375,cuda_event,cuda
40,encoder.layer.6.attention.self.key,Linear,0.05325,0.375,150994944.0,590592,0,59,0.05325,counter,"[1, 128, 768]","[1, 128, 768]",1081.8,0.0,0.375,cuda_event,cuda
40,encoder.layer.6.attention.self.value,Linear,0.05312,0.375,150994944.0,590592,0,60,0.05312,counter,"[1, 128, 768]","[1, 128, 768]",1081.8,0.0,0.375,cuda_event,cuda
40,encoder.layer.6.attention.output.dense,Linear,0.05325,0.375,150994944.0,590592,0,61,0.05325,counter,"[1, 128, 768]","[1, 128, 768]",1081.8,0.0,0.375,cuda_event,cuda
40,encoder.layer.6.attention.output.LayerNorm,LayerNorm,0.00778,0.375,491520.0,1536,0,62,0.00778,analytic,"[1, 128, 768]","[1, 128, 768]",1081.8,0.0,0.375,cuda_event,cuda
40,encoder.layer.6.intermediate.dense,Linear,0.1263,1.5,603979776.0,2362368,0,63,0.1263,counter,"[1, 128, 768]","[1, 128, 3072]",1081.8,0.0,1.5,cuda_event,cuda
40,encoder.layer.6.intermediate.intermediate_act_fn,GELUActivation,0.00682,1.5,0.0,0,0,64,0.00682,none,"[1, 128, 3072]","[1, 128, 3072]",1081.8,0.0,1.5,cuda_event,cuda
40,encoder.layer.6.output.dense,Linear,0.15296,0.375,603979776.0,2360064,0,65,0.15296,counter,"[1, 128, 3072]","[1, 128, 768]",1081.8,0.0,0.375,cuda_event,cuda
40,encoder.layer.6.output.LayerNorm,LayerNorm,0.00819,0.375,491520.0,1536,0,66,0.00819,analytic,"[1, 128, 768]","[1, 128, 768]",1081.8,0.0,0.375,cuda_event,cuda
40,encoder.layer.7.attention.self.query,Linear,0.05325,0.375,150994944.0,590592,0,67,0.05325,counter,"[1, 128, 768]","[1, 128, 768]",1081.8,0.0,0.375,cuda_event,cuda
40,encoder.layer.7.attention.self.key,Linear,0.05523,0.375,150994944.0,590592,0,68,0.05523,counter,"[1, 128, 768]","[1, 128, 768]",1081.8,0.0,0.375,cuda_event,cuda
40,encoder.layer.7.attention.self.value,Linear,0.05344,0.375,150994944.0,590592,0,69,0.05344,counter,"[1, 128, 768]","[1, 128, 768]",1081.8,0.0,0.375,cuda_event,cuda
40,encoder.layer.7.attention.output.dense,Linear,0.05382,0.375,150994944.0,590592,0,70,0.05382,counter,"[1, 128, 768]","[1, 128, 768]",1081.8,0.0,0.375,cuda_event,cuda
40,encoder.layer.7.attention.output.LayerNorm,LayerNorm,0.00803,0.375,491520.0,1536,0,71,0.00803,analytic,"[1, 128, 768]","[1, 128, 768]",1081.8,0.0,0.375,cuda_event,cuda
40,encoder.layer.7.intermediate.dense,Linear,0.12294,1.5,603979776.0,2362368,0,72,0.12294,counter,"[1, 128, 768]","[1, 128, 3072]",1081.8,0.0,1.5,cuda_event,cuda
40,encoder.layer.7.intermediate.intermediate_act_fn,GELUActivation,0.00698,1.5,0.0,0,0,73,0.00698,none,"[1, 128, 3072]","[1, 128, 3072]",1081.8,0.0,1.5,cuda_event,cuda
40,encoder.layer.7.output.dense,Linear,0.15565,0.375,603979776.0,2360064,0,74,0.15565,counter,"[1, 128, 3072]","[1, 128, 768]",1081.8,0.0,0.375,cuda_event,cuda
40,encoder.layer.7.output.LayerNorm,LayerNorm,0.00682,0.375,491520.0,1536,0,75,0.00682,analytic,"[1, 128, 768]","[1, 128, 768]",1081.8,0.0,0.375,cuda_event,cuda
40,encoder.layer.8.attention.self.query,Linear,0.05325,0.375,150994944.0,590592,0,76,0.05325,counter,"[1, 128, 768]","[1, 128, 768]",1081.8,0.0,0.375,cuda_event,cuda
40,encoder.layer.8.attention.self.key,Linear,0.0553,0.375,150994944.0,590592,0,77,0.0553,counter,"[1, 128, 768]","[1, 128, 768]",1081.8,0.0,0.375,cuda_event,cuda
40,encoder.layer.8.attention.self.value,Linear,0.05325,0.375,150994944.0,590592,0,78,0.05325,counter,"[1, 128, 768]","[1, 128, 768]",1081.8,0.0,0.375,cuda_event,cuda
40,encoder.layer.8.attention.output.dense,Linear,0.05514,0.375,150994944.0,590592,0,79,0.05514,counter,"[1, 128, 768]","[1, 128, 768]",1081.8,0.0,0.375,cuda_event,cuda
40,encoder.layer.8.attention.output.LayerNorm,LayerNorm,0.00784,0.375,491520.0,1536,0,80,0.00784,analytic,"[1, 128, 768]","[1, 128, 768]",1081.8,0.0,0.375,cuda_event,cuda
40,encoder.layer.8.intermediate.dense,Linear,0.12675,1.5,603979776.0,2362368,0,81,0.12675,counter,"[1, 128, 768]","[1, 128, 3072]",1081.8,0.0,1.5,cuda_event,cuda
40,encoder.layer.8.intermediate.intermediate_act_fn,GELUActivation,0.0065,1.5,0.0,0,0,82,0.0065,none,"[1, 128, 3072]","[1, 128, 3072]",1081.8,0.0,1.5,cuda_event,cuda
40,encoder.layer.8.output.dense,Linear,0.1535,0.375,603979776.0,2360064,0,83,0.1535,counter,"[1, 128, 3072]","[1, 128, 768]",1081.8,0.0,0.375,cuda_event,cuda
40,encoder.layer.8.output.LayerNorm,LayerNorm,0.00803,0.375,491520.0,1536,0,84,0.00803,analytic,"[1, 128, 768]","[1, 128, 768]",1081.8,0.0,0.375,cuda_event,cuda
40,encoder.layer.9.attention.self.query,Linear,0.05216,0.375,150994944.0,590592,0,85,0.05216,counter,"[1, 128, 768]","[1, 128, 768]",1081.8,0.0,0.375,cuda_event,cuda
40,encoder.layer.9.attention.self.key,Linear,0.05325,0.375,150994944.0,590592,0,86,0.05325,counter,"[1, 128, 768]","[1, 128, 768]",1081.8,0.0,0.375,cuda_event,cuda
40,encoder.layer.9.attention.self.value,Linear,0.05325,0.375,150994944.0,590592,0,87,0.05325,counter,"[1, 128, 768]","[1, 128, 768]",1081.8,0.0,0.375,cuda_event,cuda
40,encoder.layer.9.attention.output.dense,Linear,0.05491,0.375,150994944.0,590592,0,88,0.05491,counter,"[1, 128, 768]","[1, 128, 768]",1081.8,0.0,0.375,cuda_event,cuda
40,encoder.layer.9.attention.output.LayerNorm,LayerNorm,0.00688,0.375,491520.0,1536,0,89,0.00688,analytic,"[1, 128, 768]","[1, 128, 768]",1081.8,0.0,0.375,cuda_event,cuda
40,encoder.layer.9.intermediate.dense,Linear,0.12698,1.5,603979776.0,2362368,0,90,0.12698,counter,"[1, 128, 768]","[1, 128, 3072]",1081.8,0.0,1.5,cuda_event,cuda
40,encoder.layer.9.intermediate.intermediate_act_fn,GELUActivation,0.00742,1.5,0.0,0,0,91,0.00742,none,"[1, 128, 3072]","[1, 128, 3072]",1081.8,0.0,1.5,cuda_event,cuda
40,encoder.layer.9.output.dense,Linear,0.15453,0.375,603979776.0,2360064,0,92,0.15453,counter,"[1, 128, 3072]","[1, 128, 768]",1081.8,0.0,0.375,cuda_event,cuda
40,encoder.layer.9.output.LayerNorm,LayerNorm,0.0079,0.375,491520.0,1536,0,93,0.0079,analytic,"[1, 128, 768]","[1, 128, 768]",1081.8,0.0,0.375,cuda_event,cuda
40,encoder.layer.10.attention.self.query,Linear,0.05389,0.375,150994944.0,590592,0,94,0.05389,counter,"[1, 128, 768]","[1, 128, 768]",1081.8,0.0,0.375,cuda_event,cuda
40,encoder.layer.10.attention.self.key,Linear,0.05334,0.375,150994944.0,590592,0,95,0.05334,counter,"[1, 128, 768]","[1, 128, 768]",1081.8,0.0,0.375,cuda_event,cuda
40,encoder.layer.10.attention.self.value,Linear,0.05469,0.375,150994944.0,590592,0,96,0.05469,counter,"[1, 128, 768]","[1, 128, 768]",1081.8,0.0,0.375,cuda_event,cuda
40,encoder.layer.10.attention.output.dense,Linear,0.05325,0.375,150994944.0,590592,0,97,0.05325,counter,"[1, 128, 768]","[1, 128, 768]",1081.8,0.0,0.375,cuda_event,cuda
40,encoder.layer.10.attention.output.LayerNorm,LayerNorm,0.00819,0.375,491520.0,1536,0,98,0.00819,analytic,"[1, 128, 768]","[1, 128, 768]",1081.8,0.0,0.375,cuda_event,cuda
40,encoder.layer.10.intermediate.dense,Linear,0.12502,1.5,603979776.0,2362368,0,99,0.12502,counter,"[1, 128, 768]","[1, 128, 3072]",1081.8,0.0,1.5,cuda_event,cuda
40,encoder.layer.10.intermediate.intermediate_act_fn,GELUActivation,0.00614,1.5,0.0,0,0,100,0.00614,none,"[1, 128, 3072]","[1, 128, 3072]",1081.8,0.0,1.5,cuda_event,cuda
40,encoder.layer.10.output.dense,Linear,0.15565,0.375,603979776.0,2360064,0,101,0.15565,counter,"[1, 128, 3072]","[1, 128, 768]",1081.8,0.0,0.375,cuda_event,cuda
40,encoder.layer.10.output.LayerNorm,LayerNorm,0.00778,0.375,491520.0,1536,0,102,0.00778,analytic,"[1, 128, 768]","[1, 128, 768]",1081.8,0.0,0.375,cuda_event,cuda
40,encoder.layer.11.attention.self.query,Linear,0.05306,0.375,150994944.0,590592,0,103,0.05306,counter,"[1, 128, 768]","[1, 128, 768]",1081.8,0.0,0.375,cuda_event,cuda
40,encoder.layer.11.attention.self.key,Linear,0.05331,0.375,150994944.0,590592,0,104,0.05331,counter,"[1, 128, 768]","[1, 128, 768]",1081.8,0.0,0.375,cuda_event,cuda
40,encoder.layer.11.attention.self.value,Linear,0.05453,0.375,150994944.0,590592,0,105,0.05453,counter,"[1, 128, 768]","[1, 128, 768]",1081.8,0.0,0.375,cuda_event,cuda
40,encoder.layer.11.attention.output.dense,Linear,0.05325,0.375,150994944.0,590592,0,106,0.05325,counter,"[1, 128, 768]","[1, 128, 768]",1081.8,0.0,0.375,cuda_event,cuda
40,encoder.layer.11.attention.output.LayerNorm,LayerNorm,0.00781,0.375,491520.0,1536,0,107,0.00781,analytic,"[1, 128, 768]","[1, 128, 768]",1081.8,0.0,0.375,cuda_event,cuda
40,encoder.layer.11.intermediate.dense,Linear,0.1249,1.5,603979776.0,2362368,0,108,0.1249,counter,"[1, 128, 768]","[1, 128, 3072]",1081.8,0.0,1.5,cuda_event,cuda
40,encoder.layer.11.intermediate.intermediate_act_fn,GELUActivation,0.00694,1.5,0.0,0,0,109,0.00694,none,"[1, 128, 3072]","[1, 128, 3072]",1081.8,0.0,1.5,cuda_event,cuda
40,encoder.layer.11.output.dense,Linear,0.15181,0.375,603979776.0,2360064,0,110,0.15181,counter,"[1, 128, 3072]","[1, 128, 768]",1081.8,0.0,0.375,cuda_event,cuda
40,encoder.layer.11.output.LayerNorm,LayerNorm,0.00803,0.375,491520.0,1536,0,111,0.00803,analytic,"[1, 128, 768]","[1, 128, 768]",1081.8,0.0,0.375,cuda_event,cuda
40,pooler.dense,Linear,0.01366,0.00293,1179648.0,590592,0,112,0.01366,counter,"[1, 768]","[1, 768]",1081.8,0.0,0.003,cuda_event,cuda
40,pooler.activation,Tanh,0.00525,0.00293,3072.0,0,0,113,0.00525,analytic,"[1, 768]","[1, 768]",1081.8,0.0,0.003,cuda_event,cuda
41,embeddings.word_embeddings,Embedding,0.00614,0.375,0.0,23440896,0,0,0.00614,none,"[1, 128]","[1, 128, 768]",1081.88,0.0,0.375,cuda_event,cuda
41,embeddings.token_type_embeddings,Embedding,0.0041,0.375,0.0,1536,0,1,0.0041,none,"[1, 128]","[1, 128, 768]",1081.88,0.0,0.375,cuda_event,cuda
41,embeddings.position_embeddings,Embedding,0.00614,0.375,0.0,393216,0,2,0.00614,none,"[1, 128]","[1, 128, 768]",1081.88,0.0,0.375,cuda_event,cuda
41,embeddings.LayerNorm,LayerNorm,0.00755,0.375,491520.0,1536,0,3,0.00755,analytic,"[1, 128, 768]","[1, 128, 768]",1081.88,0.0,0.375,cuda_event,cuda
41,encoder.layer.0.attention.self.query,Linear,0.05331,0.375,150994944.0,590592,0,4,0.05331,counter,"[1, 128, 768]","[1, 128, 768]",1081.88,0.0,0.375,cuda_event,cuda
41,encoder.layer.0.attention.self.key,Linear,0.05485,0.375,150994944.0,590592,0,5,0.05485,counter,"[1, 128, 768]","[1, 128, 768]",1081.88,0.0,0.375,cuda_event,cuda
41,encoder.layer.0.attention.self.value,Linear,0.05322,0.375,150994944.0,590592,0,6,0.05322,counter,"[1, 128, 768]","[1, 128, 768]",1081.88,0.0,0.375,cuda_event,cuda
41,encoder.layer.0.attention.output.dense,Linear,0.05325,0.375,150994944.0,590592,0,7,0.05325,counter,"[1, 128, 768]","[1, 128, 768]",1081.88,0.0,0.375,cuda_event,cuda
41,encoder.layer.0.attention.output.LayerNorm,LayerNorm,0.00819,0.375,491520.0,1536,0,8,0.00819,analytic,"[1, 128, 768]","[1, 128, 768]",1081.88,0.0,0.375,cuda_event,cuda
41,encoder.layer.0.intermediate.dense,Linear,0.12278,1.5,603979776.0,2362368,0,9,0.12278,counter,"[1, 128, 768]","[1, 128, 3072]",1081.88,0.0,1.5,cuda_event,cuda
41,encoder.layer.0.intermediate.intermediate_act_fn,GELUActivation,0.00646,1.5,0.0,0,0,10,0.00646,none,"[1, 128, 3072]","[1, 128, 3072]",1081.88,0.0,1.5,cuda_event,cuda
41,encoder.layer.0.output.dense,Linear,0.15363,0.375,603979776.0,2360064,0,11,0.15363,counter,"[1, 128, 3072]","[1, 128, 768]",1081.88,0.0,0.375,cuda_event,cuda
41,encoder.layer.0.output.LayerNorm,LayerNorm,0.00819,0.375,491520.0,1536,0,12,0.00819,analytic,"[1, 128, 768]","[1, 128, 768]",1081.88,0.0,0.375,cuda_event,cuda
41,encoder.layer.1.attention.self.query,Linear,0.05325,0.375,150994944.0,590592,0,13,0.05325,counter,"[1, 128, 768]","[1, 128, 768]",1081.88,0.0,0.375,cuda_event,cuda
41,encoder.layer.1.attention.self.key,Linear,0.05331,0.375,150994944.0,590592,0,14,0.05331,counter,"[1, 128, 768]","[1, 128, 768]",1081.88,0.0,0.375,cuda_event,cuda
41,encoder.layer.1.attention.self.value,Linear,0.05456,0.375,150994944.0,590592,0,15,0.05456,counter,"[1, 128, 768]","[1, 128, 768]",1081.88,0.0,0.375,cuda_event,cuda
41,encoder.layer.1.attention.output.dense,Linear,0.05446,0.375,150994944.0,590592,0,16,0.05446,counter,"[1, 128, 768]","[1, 128, 768]",1081.88,0.0,0.375,cuda_event,cuda
41,encoder.layer.1.attention.output.LayerNorm,LayerNorm,0.00819,0.375,491520.0,1536,0,17,0.00819,analytic,"[1, 128, 768]","[1, 128, 768]",1081.88,0.0,0.375,cuda_event,cuda
41,encoder.layer.1.intermediate.dense,Linear,0.12493,1.5,603979776.0,2362368,0,18,0.12493,counter,"[1, 128, 768]","[1, 128, 3072]",1081.88,0.0,1.5,cuda_event,cuda
41,encoder.layer.1.intermediate.intermediate_act_fn,GELUActivation,0.0073,1.5,0.0,0,0,19,0.0073,none,"[1, 128, 3072]","[1, 128, 3072]",1081.88,0.0,1.5,cuda_event,cuda
41,encoder.layer.1.output.dense,Linear,0.1536,0.375,603979776.0,2360064,0,20,0.1536,counter,"[1, 128, 3072]","[1, 128, 768]",1081.88,0.0,0.375,cuda_event,cuda
41,encoder.layer.1.output.LayerNorm,LayerNorm,0.00819,0.375,491520.0,1536,0,21,0.00819,analytic,"[1, 128, 768]","[1, 128, 768]",1081.88,0.0,0.375,cuda_event,cuda
41,encoder.layer.2.attention.self.query,Linear,0.05325,0.375,150994944.0,590592,0,22,0.05325,counter,"[1, 128, 768]","[1, 128, 768]",1081.88,0.0,0.375,cuda_event,cuda
41,encoder.layer.2.attention.self.key,Linear,0.05338,0.375,150994944.0,590592,0,23,0.05338,counter,"[1, 128, 768]","[1, 128, 768]",1081.88,0.0,0.375,cuda_event,cuda
41,encoder.layer.2.attention.self.value,Linear,0.05325,0.375,150994944.0,590592,0,24,0.05325,counter,"[1, 128, 768]","[1, 128, 768]",1081.88,0.0,0.375,cuda_event,cuda
41,encoder.layer.2.attention.output.dense,Linear,0.05325,0.375,150994944.0,590592,0,25,0.05325,counter,"[1, 128, 768]","[1, 128, 768]",1081.88,0.0,0.375,cuda_event,cuda
41,encoder.layer.2.attention.output.LayerNorm,LayerNorm,0.00784,0.375,491520.0,1536,0,26,0.00784,analytic,"[1, 128, 768]","[1, 128, 768]",1081.88,0.0,0.375,cuda_event,cuda
41,encoder.layer.2.intermediate.dense,Linear,0.12458,1.5,603979776.0,2362368,0,27,0.12458,counter,"[1, 128, 768]","[1, 128, 3072]",1081.88,0.0,1.5,cuda_event,cuda
41,encoder.layer.2.intermediate.intermediate_act_fn,GELUActivation,0.00704,1.5,0.0,0,0,28,0.00704,none,"[1, 128, 3072]","[1, 128, 3072]",1081.88,0.0,1.5,cuda_event,cuda
41,encoder.layer.2.output.dense,Linear,0.15136,0.375,603979776.0,2360064,0,29,0.15136,counter,"[1, 128, 3072]","[1, 128, 768]",1081.88,0.0,0.375,cuda_event,cuda
41,encoder.layer.2.output.LayerNorm,LayerNorm,0.00704,0.375,491520.0,1536,0,30,0.00704,analytic,"[1, 128, 768]","[1, 128, 768]",1081.88,0.0,0.375,cuda_event,cuda
41,encoder.layer.3.attention.self.query,Linear,0.05325,0.375,150994944.0,590592,0,31,0.05325,counter,"[1, 128, 768]","[1, 128, 768]",1081.88,0.0,0.375,cuda_event,cuda
41,encoder.layer.3.attention.self.key,Linear,0.05325,0.375,150994944.0,590592,0,32,0.05325,counter,"[1, 128, 768]","[1, 128, 768]",1081.88,0.0,0.375,cuda_event,cuda
41,encoder.layer.3.attention.self.value,Linear,0.05485,0.375,150994944.0,590592,0,33,0.05485,counter,"[1, 128, 768]","[1, 128, 768]",1081.88,0.0,0.375,cuda_event,cuda
41,encoder.layer.3.attention.output.dense,Linear,0.05325,0.375,150994944.0,590592,0,34,0.05325,counter,"[1, 128, 768]","[1, 128, 768]",1081.88,0.0,0.375,cuda_event,cuda
41,encoder.layer.3.attention.output.LayerNorm,LayerNorm,0.008,0.375,491520.0,1536,0,35,0.008,analytic,"[1, 128, 768]","[1, 128, 768]",1081.88,0.0,0.375,cuda_event,cuda
41,encoder.layer.3.intermediate.dense,Linear,0.12528,1.5,603979776.0,2362368,0,36,0.12528,counter,"[1, 128, 768]","[1, 128, 3072]",1081.88,0.0,1.5,cuda_event,cuda
41,encoder.layer.3.intermediate.intermediate_act_fn,GELUActivation,0.00742,1.5,0.0,0,0,37,0.00742,none,"[1, 128, 3072]","[1, 128, 3072]",1081.88,0.0,1.5,cuda_event,cuda
41,encoder.layer.3.output.dense,Linear,0.15421,0.375,603979776.0,2360064,0,38,0.15421,counter,"[1, 128, 3072]","[1, 128, 768]",1081.88,0.0,0.375,cuda_event,cuda
41,encoder.layer.3.output.LayerNorm,LayerNorm,0.00784,0.375,491520.0,1536,0,39,0.00784,analytic,"[1, 128, 768]","[1, 128, 768]",1081.88,0.0,0.375,cuda_event,cuda
41,encoder.layer.4.attention.self.query,Linear,0.05341,0.375,150994944.0,590592,0,40,0.05341,counter,"[1, 128, 768]","[1, 128, 768]",1081.88,0.0,0.375,cuda_event,cuda
41,encoder.layer.4.attention.self.key,Linear,0.05411,0.375,150994944.0,590592,0,41,0.05411,counter,"[1, 128, 768]","[1, 128, 768]",1081.88,0.0,0.375,cuda_event,cuda
41,encoder.layer.4.attention.self.value,Linear,0.05469,0.375,150994944.0,590592,0,42,0.05469,counter,"[1, 128, 768]","[1, 128, 768]",1081.88,0.0,0.375,cuda_event,cuda
41,encoder.layer.4.attention.output.dense,Linear,0.05325,0.375,150994944.0,590592,0,43,0.05325,counter,"[1, 128, 768]","[1, 128, 768]",1081.88,0.0,0.375,cuda_event,cuda
41,encoder.layer.4.attention.output.LayerNorm,LayerNorm,0.0081,0.375,491520.0,1536,0,44,0.0081,analytic,"[1, 128, 768]","[1, 128, 768]",1081.88,0.0,0.375,cuda_event,cuda
41,encoder.layer.4.intermediate.dense,Linear,0.12435,1.5,603979776.0,2362368,0,45,0.12435,counter,"[1, 128, 768]","[1, 128, 3072]",1081.88,0.0,1.5,cuda_event,cuda
41,encoder.layer.4.intermediate.intermediate_act_fn,GELUActivation,0.00698,1.5,0.0,0,0,46,0.00698,none,"[1, 128, 3072]","[1, 128, 3072]",1081.88,0.0,1.5,cuda_event,cuda
41,encoder.layer.4.output.dense,Linear,0.1536,0.375,603979776.0,2360064,0,47,0.1536,counter,"[1, 128, 3072]","[1, 128, 768]",1081.88,0.0,0.375,cuda_event,cuda
41,encoder.layer.4.output.LayerNorm,LayerNorm,0.00797,0.375,491520.0,1536,0,48,0.00797,analytic,"[1, 128, 768]","[1, 128, 768]",1081.88,0.0,0.375,cuda_event,cuda
41,encoder.layer.5.attention.self.query,Linear,0.05293,0.375,150994944.0,590592,0,49,0.05293,counter,"[1, 128, 768]","[1, 128, 768]",1081.88,0.0,0.375,cuda_event,cuda
41,encoder.layer.5.attention.self.key,Linear,0.05338,0.375,150994944.0,590592,0,50,0.05338,counter,"[1, 128, 768]","[1, 128, 768]",1081.88,0.0,0.375,cuda_event,cuda
41,encoder.layer.5.attention.self.value,Linear,0.05411,0.375,150994944.0,590592,0,51,0.05411,counter,"[1, 128, 768]","[1, 128, 768]",1081.88,0.0,0.375,cuda_event,cuda
41,encoder.layer.5.attention.output.dense,Linear,0.0535,0.375,150994944.0,590592,0,52,0.0535,counter,"[1, 128, 768]","[1, 128, 768]",1081.88,0.0,0.375,cuda_event,cuda
41,encoder.layer.5.attention.output.LayerNorm,LayerNorm,0.00714,0.375,491520.0,1536,0,53,0.00714,analytic,"[1, 128, 768]","[1, 128, 768]",1081.88,0.0,0.375,cuda_event,cuda
41,encoder.layer.5.intermediate.dense,Linear,0.12416,1.5,603979776.0,2362368,0,54,0.12416,counter,"[1, 128, 768]","[1, 128, 3072]",1081.88,0.0,1.5,cuda_event,cuda
41,encoder.layer.5.intermediate.intermediate_act_fn,GELUActivation,0.00678,1.5,0.0,0,0,55,0.00678,none,"[1, 128, 3072]","[1, 128, 3072]",1081.88,0.0,1.5,cuda_event,cuda
41,encoder.layer.5.output.dense,Linear,0.15539,0.375,603979776.0,2360064,0,56,0.15539,counter,"[1, 128, 3072]","[1, 128, 768]",1081.88,0.0,0.375,cuda_event,cuda
41,encoder.layer.5.output.LayerNorm,LayerNorm,0.00704,0.375,491520.0,1536,0,57,0.00704,analytic,"[1, 128, 768]","[1, 128, 768]",1081.88,0.0,0.375,cuda_event,cuda
41,encoder.layer.6.attention.self.query,Linear,0.05325,0.375,150994944.0,590592,0,58,0.05325,counter,"[1, 128, 768]","[1, 128, 768]",1081.88,0.0,0.375,cuda_event,cuda
41,encoder.layer.6.attention.self.key,Linear,0.05334,0.375,150994944.0,590592,0,59,0.05334,counter,"[1, 128, 768]","[1, 128, 768]",1081.88,0.0,0.375,cuda_event,cuda
41,encoder.layer.6.attention.self.value,Linear,0.05325,0.375,150994944.0,590592,0,60,0.05325,counter,"[1, 128, 768]","[1, 128, 768]",1081.88,0.0,0.375,cuda_event,cuda
41,encoder.layer.6.attention.output.dense,Linear,0.05398,0.375,150994944.0,590592,0,61,0.05398,counter,"[1, 128, 768]","[1, 128, 768]",1081.88,0.0,0.375,cuda_event,cuda
41,encoder.layer.6.attention.output.LayerNorm,LayerNorm,0.00778,0.375,491520.0,1536,0,62,0.00778,analytic,"[1, 128, 768]","[1, 128, 768]",1081.88,0.0,0.375,cuda_event,cuda
41,encoder.layer.6.intermediate.dense,Linear,0.12557,1.5,603979776.0,2362368,0,63,0.12557,counter,"[1, 128, 768]","[1, 128, 3072]",1081.88,0.0,1.5,cuda_event,cuda
41,encoder.layer.6.intermediate.intermediate_act_fn,GELUActivation,0.00762,1.5,0.0,0,0,64,0.00762,none,"[1, 128, 3072]","[1, 128, 3072]",1081.88,0.0,1.5,cuda_event,cuda
41,encoder.layer.6.output.dense,Linear,0.15414,0.375,603979776.0,2360064,0,65,0.15414,counter,"[1, 128, 3072]","[1, 128, 768]",1081.88,0.0,0.375,cuda_event,cuda
41,encoder.layer.6.output.LayerNorm,LayerNorm,0.00813,0.375,491520.0,1536,0,66,0.00813,analytic,"[1, 128, 768]","[1, 128, 768]",1081.88,0.0,0.375,cuda_event,cuda
41,encoder.layer.7.attention.self.query,Linear,0.0519,0.375,150994944.0,590592,0,67,0.0519,counter,"[1, 128, 768]","[1, 128, 768]",1081.88,0.0,0.375,cuda_event,cuda
41,encoder.layer.7.attention.self.key,Linear,0.05485,0.375,150994944.0,590592,0,68,0.05485,counter,"[1, 128, 768]","[1, 128, 768]",1081.88,0.0,0.375,cuda_event,cuda
41,encoder.layer.7.attention.self.value,Linear,0.05386,0.375,150994944.0,590592,0,69,0.05386,counter,"[1, 128, 768]","[1, 128, 768]",1081.88,0.0,0.375,cuda_event,cuda
41,encoder.layer.7.attention.output.dense,Linear,0.05363,0.375,150994944.0,590592,0,70,0.05363,counter,"[1, 128, 768]","[1, 128, 768]",1081.88,0.0,0.375,cuda_event,cuda
41,encoder.layer.7.attention.output.LayerNorm,LayerNorm,0.00806,0.375,491520.0,1536,0,71,0.00806,analytic,"[1, 128, 768]","[1, 128, 768]",1081.88,0.0,0.375,cuda_event,cuda
41,encoder.layer.7.intermediate.dense,Linear,0.12294,1.5,603979776.0,2362368,0,72,0.12294,counter,"[1, 128, 768]","[1, 128, 3072]",1081.88,0.0,1.5,cuda_event,cuda
41,encoder.layer.7.intermediate.intermediate_act_fn,GELUActivation,0.00794,1.5,0.0,0,0,73,0.00794,none,"[1, 128, 3072]","[1, 128, 3072]",1081.88,0.0,1.5,cuda_event,cuda
41,encoder.layer.7.output.dense,Linear,0.15594,0.375,603979776.0,2360064,0,74,0.15594,counter,"[1, 128, 3072]","[1, 128, 768]",1081.88,0.0,0.375,cuda_event,cuda
41,encoder.layer.7.output.LayerNorm,LayerNorm,0.0079,0.375,491520.0,1536,0,75,0.0079,analytic,"[1, 128, 768]","[1, 128, 768]",1081.88,0.0,0.375,cuda_event,cuda
41,encoder.layer.8.attention.self.query,Linear,0.05213,0.375,150994944.0,590592,0,76,0.05213,counter,"[1, 128, 768]","[1, 128, 768]",1081.88,0.0,0.375,cuda_event,cuda
41,encoder.layer.8.attention.self.key,Linear,0.05507,0.375,150994944.0,590592,0,77,0.05507,counter,"[1, 128, 768]","[1, 128, 768]",1081.88,0.0,0.375,cuda_event,cuda
41,encoder.layer.8.attention.self.value,Linear,0.05494,0.375,150994944.0,590592,0,78,0.05494,counter,"[1, 128, 768]","[1, 128, 768]",1081.88,0.0,0.375,cuda_event,cuda
41,encoder.layer.8.attention.output.dense,Linear,0.05325,0.375,150994944.0,590592,0,79,0.05325,counter,"[1, 128, 768]","[1, 128, 768]",1081.88,0.0,0.375,cuda_event,cuda
41,encoder.layer.8.attention.output.LayerNorm,LayerNorm,0.00819,0.375,491520.0,1536,0,80,0.00819,analytic,"[1, 128, 768]","[1, 128, 768]",1081.88,0.0,0.375,cuda_event,cuda
41,encoder.layer.8.intermediate.dense,Linear,0.1241,1.5,603979776.0,2362368,0,81,0.1241,counter,"[1, 128, 768]","[1, 128, 3072]",1081.88,0.0,1.5,cuda_event,cuda
41,encoder.layer.8.intermediate.intermediate_act_fn,GELUActivation,0.00678,1.5,0.0,0,0,82,0.00678,none,"[1, 128, 3072]","[1, 128, 3072]",1081.88,0.0,1.5,cuda_event,cuda
41,encoder.layer.8.output.dense,Linear,0.1551,0.375,603979776.0,2360064,0,83,0.1551,counter,"[1, 128, 3072]","[1, 128, 768]",1081.88,0.0,0.375,cuda_event,cuda
41,encoder.layer.8.output.LayerNorm,LayerNorm,0.00717,0.375,491520.0,1536,0,84,0.00717,analytic,"[1, 128, 768]","[1, 128, 768]",1081.88,0.0,0.375,cuda_event,cuda
41,encoder.layer.9.attention.self.query,Linear,0.05325,0.375,150994944.0,590592,0,85,0.05325,counter,"[1, 128, 768]","[1, 128, 768]",1081.88,0.0,0.375,cuda_event,cuda
41,encoder.layer.9.attention.self.key,Linear,0.05482,0.375,150994944.0,590592,0,86,0.05482,counter,"[1, 128, 768]","[1, 128, 768]",1081.88,0.0,0.375,cuda_event,cuda
41,encoder.layer.9.attention.self.value,Linear,0.05386,0.375,150994944.0,590592,0,87,0.05386,counter,"[1, 128, 768]","[1, 128, 768]",1081.88,0.0,0.375,cuda_event,cuda
41,encoder.layer.9.attention.output.dense,Linear,0.05517,0.375,150994944.0,590592,0,88,0.05517,counter,"[1, 128, 768]","[1, 128, 768]",1081.88,0.0,0.375,cuda_event,cuda
41,encoder.layer.9.attention.output.LayerNorm,LayerNorm,0.00675,0.375,491520.0,1536,0,89,0.00675,analytic,"[1, 128, 768]","[1, 128, 768]",1081.88,0.0,0.375,cuda_event,cuda
41,encoder.layer.9.intermediate.dense,Linear,0.1248,1.5,603979776.0,2362368,0,90,0.1248,counter,"[1, 128, 768]","[1, 128, 3072]",1081.88,0.0,1.5,cuda_event,cuda
41,encoder.layer.9.intermediate.intermediate_act_fn,GELUActivation,0.0064,1.5,0.0,0,0,91,0.0064,none,"[1, 128, 3072]","[1, 128, 3072]",1081.88,0.0,1.5,cuda_event,cuda
41,encoder.layer.9.output.dense,Linear,0.1536,0.375,603979776.0,2360064,0,92,0.1536,counter,"[1, 128, 3072]","[1, 128, 768]",1081.88,0.0,0.375,cuda_event,cuda
41,encoder.layer.9.output.LayerNorm,LayerNorm,0.0079,0.375,491520.0,1536,0,93,0.0079,analytic,"[1, 128, 768]","[1, 128, 768]",1081.88,0.0,0.375,cuda_event,cuda
41,encoder.layer.10.attention.self.query,Linear,0.05152,0.375,150994944.0,590592,0,94,0.05152,counter,"[1, 128, 768]","[1, 128, 768]",1081.88,0.0,0.375,cuda_event,cuda
41,encoder.layer.10.attention.self.key,Linear,0.05392,0.375,150994944.0,590592,0,95,0.05392,counter,"[1, 128, 768]","[1, 128, 768]",1081.88,0.0,0.375,cuda_event,cuda
41,encoder.layer.10.attention.self.value,Linear,0.05357,0.375,150994944.0,590592,0,96,0.05357,counter,"[1, 128, 768]","[1, 128, 768]",1081.88,0.0,0.375,cuda_event,cuda
41,encoder.layer.10.attention.output.dense,Linear,0.05382,0.375,150994944.0,590592,0,97,0.05382,counter,"[1, 128, 768]","[1, 128, 768]",1081.88,0.0,0.375,cuda_event,cuda
41,encoder.layer.10.attention.output.LayerNorm,LayerNorm,0.00774,0.375,491520.0,1536,0,98,0.00774,analytic,"[1, 128, 768]","[1, 128, 768]",1081.88,0.0,0.375,cuda_event,cuda
41,encoder.layer.10.intermediate.dense,Linear,0.12493,1.5,603979776.0,2362368,0,99,0.12493,counter,"[1, 128, 768]","[1, 128, 3072]",1081.88,0.0,1.5,cuda_event,cuda
41,encoder.layer.10.intermediate.intermediate_act_fn,GELUActivation,0.00781,1.5,0.0,0,0,100,0.00781,none,"[1, 128, 3072]","[1, 128, 3072]",1081.88,0.0,1.5,cuda_event,cuda
41,encoder.layer.10.output.dense,Linear,0.15414,0.375,603979776.0,2360064,0,101,0.15414,counter,"[1, 128, 3072]","[1, 128, 768]",1081.88,0.0,0.375,cuda_event,cuda
41,encoder.layer.10.output.LayerNorm,LayerNorm,0.00787,0.375,491520.0,1536,0,102,0.00787,analytic,"[1, 128, 768]","[1, 128, 768]",1081.88,0.0,0.375,cuda_event,cuda
41,encoder.layer.11.attention.self.query,Linear,0.05283,0.375,150994944.0,590592,0,103,0.05283,counter,"[1, 128, 768]","[1, 128, 768]",1081.88,0.0,0.375,cuda_event,cuda
41,encoder.layer.11.attention.self.key,Linear,0.05325,0.375,150994944.0,590592,0,104,0.05325,counter,"[1, 128, 768]","[1, 128, 768]",1081.88,0.0,0.375,cuda_event,cuda
41,encoder.layer.11.attention.self.value,Linear,0.05501,0.375,150994944.0,590592,0,105,0.05501,counter,"[1, 128, 768]","[1, 128, 768]",1081.88,0.0,0.375,cuda_event,cuda
41,encoder.layer.11.attention.output.dense,Linear,0.05325,0.375,150994944.0,590592,0,106,0.05325,counter,"[1, 128, 768]","[1, 128, 768]",1081.88,0.0,0.375,cuda_event,cuda
41,encoder.layer.11.attention.output.LayerNorm,LayerNorm,0.00813,0.375,491520.0,1536,0,107,0.00813,analytic,"[1, 128, 768]","[1, 128, 768]",1081.88,0.0,0.375,cuda_event,cuda
41,encoder.layer.11.intermediate.dense,Linear,0.12307,1.5,603979776.0,2362368,0,108,0.12307,counter,"[1, 128, 768]","[1, 128, 3072]",1081.88,0.0,1.5,cuda_event,cuda
41,encoder.layer.11.intermediate.intermediate_act_fn,GELUActivation,0.00723,1.5,0.0,0,0,109,0.00723,none,"[1, 128, 3072]","[1, 128, 3072]",1081.88,0.0,1.5,cuda_event,cuda
41,encoder.layer.11.output.dense,Linear,0.15293,0.375,603979776.0,2360064,0,110,0.15293,counter,"[1, 128, 3072]","[1, 128, 768]",1081.88,0.0,0.375,cuda_event,cuda
41,encoder.layer.11.output.LayerNorm,LayerNorm,0.0071,0.375,491520.0,1536,0,111,0.0071,analytic,"[1, 128, 768]","[1, 128, 768]",1081.88,0.0,0.375,cuda_event,cuda
41,pooler.dense,Linear,0.01434,0.00293,1179648.0,590592,0,112,0.01434,counter,"[1, 768]","[1, 768]",1081.88,0.0,0.003,cuda_event,cuda
41,pooler.activation,Tanh,0.0041,0.00293,3072.0,0,0,113,0.0041,analytic,"[1, 768]","[1, 768]",1081.88,0.0,0.003,cuda_event,cuda
42,embeddings.word_embeddings,Embedding,0.00614,0.375,0.0,23440896,0,0,0.00614,none,"[1, 128]","[1, 128, 768]",1081.91,0.0,0.375,cuda_event,cuda
42,embeddings.token_type_embeddings,Embedding,0.0041,0.375,0.0,1536,0,1,0.0041,none,"[1, 128]","[1, 128, 768]",1081.91,0.0,0.375,cuda_event,cuda
42,embeddings.position_embeddings,Embedding,0.00637,0.375,0.0,393216,0,2,0.00637,none,"[1, 128]","[1, 128, 768]",1081.91,0.0,0.375,cuda_event,cuda
42,embeddings.LayerNorm,LayerNorm,0.00755,0.375,491520.0,1536,0,3,0.00755,analytic,"[1, 128, 768]","[1, 128, 768]",1081.91,0.0,0.375,cuda_event,cuda
42,encoder.layer.0.attention.self.query,Linear,0.05424,0.375,150994944.0,590592,0,4,0.05424,counter,"[1, 128, 768]","[1, 128, 768]",1081.91,0.0,0.375,cuda_event,cuda
42,encoder.layer.0.attention.self.key,Linear,0.0553,0.375,150994944.0,590592,0,5,0.0553,counter,"[1, 128, 768]","[1, 128, 768]",1081.91,0.0,0.375,cuda_event,cuda
42,encoder.layer.0.attention.self.value,Linear,0.05318,0.375,150994944.0,590592,0,6,0.05318,counter,"[1, 128, 768]","[1, 128, 768]",1081.91,0.0,0.375,cuda_event,cuda
42,encoder.layer.0.attention.output.dense,Linear,0.0553,0.375,150994944.0,590592,0,7,0.0553,counter,"[1, 128, 768]","[1, 128, 768]",1081.91,0.0,0.375,cuda_event,cuda
42,encoder.layer.0.attention.output.LayerNorm,LayerNorm,0.00781,0.375,491520.0,1536,0,8,0.00781,analytic,"[1, 128, 768]","[1, 128, 768]",1081.91,0.0,0.375,cuda_event,cuda
42,encoder.layer.0.intermediate.dense,Linear,0.12458,1.5,603979776.0,2362368,0,9,0.12458,counter,"[1, 128, 768]","[1, 128, 3072]",1081.91,0.0,1.5,cuda_event,cuda
42,encoder.layer.0.intermediate.intermediate_act_fn,GELUActivation,0.00698,1.5,0.0,0,0,10,0.00698,none,"[1, 128, 3072]","[1, 128, 3072]",1081.91,0.0,1.5,cuda_event,cuda
42,encoder.layer.0.output.dense,Linear,0.15395,0.375,603979776.0,2360064,0,11,0.15395,counter,"[1, 128, 3072]","[1, 128, 768]",1081.91,0.0,0.375,cuda_event,cuda
42,encoder.layer.0.output.LayerNorm,LayerNorm,0.00778,0.375,491520.0,1536,0,12,0.00778,analytic,"[1, 128, 768]","[1, 128, 768]",1081.91,0.0,0.375,cuda_event,cuda
42,encoder.layer.1.attention.self.query,Linear,0.0535,0.375,150994944.0,590592,0,13,0.0535,counter,"[1, 128, 768]","[1, 128, 768]",1081.91,0.0,0.375,cuda_event,cuda
42,encoder.layer.1.attention.self.key,Linear,0.0529,0.375,150994944.0,590592,0,14,0.0529,counter,"[1, 128, 768]","[1, 128, 768]",1081.91,0.0,0.375,cuda_event,cuda
42,encoder.layer.1.attention.self.value,Linear,0.0537,0.375,150994944.0,590592,0,15,0.0537,counter,"[1, 128, 768]","[1, 128, 768]",1081.91,0.0,0.375,cuda_event,cuda
42,encoder.layer.1.attention.output.dense,Linear,0.05325,0.375,150994944.0,590592,0,16,0.05325,counter,"[1, 128, 768]","[1, 128, 768]",1081.91,0.0,0.375,cuda_event,cuda
42,encoder.layer.1.attention.output.LayerNorm,LayerNorm,0.00819,0.375,491520.0,1536,0,17,0.00819,analytic,"[1, 128, 768]","[1, 128, 768]",1081.91,0.0,0.375,cuda_event,cuda
42,encoder.layer.1.intermediate.dense,Linear,0.12486,1.5,603979776.0,2362368,0,18,0.12486,counter,"[1, 128, 768]","[1, 128, 3072]",1081.91,0.0,1.5,cuda_event,cuda
42,encoder.layer.1.intermediate.intermediate_act_fn,GELUActivation,0.0063,1.5,0.0,0,0,19,0.0063,none,"[1, 128, 3072]","[1, 128, 3072]",1081.91,0.0,1.5,cuda_event,cuda
42,encoder.layer.1.output.dense,Linear,0.1536,0.375,603979776.0,2360064,0,20,0.1536,counter,"[1, 128, 3072]","[1, 128, 768]",1081.91,0.0,0.375,cuda_event,cuda
42,encoder.layer.1.output.LayerNorm,LayerNorm,0.00819,0.375,491520.0,1536,0,21,0.00819,analytic,"[1, 128, 768]","[1, 128, 768]",1081.91,0.0,0.375,cuda_event,cuda
42,encoder.layer.2.attention.self.query,Linear,0.05325,0.375,150994944.0,590592,0,22,0.05325,counter,"[1, 128, 768]","[1, 128, 768]",1081.91,0.0,0.375,cuda_event,cuda
42,encoder.layer.2.attention.self.key,Linear,0.05325,0.375,150994944.0,590592,0,23,0.05325,counter,"[1, 128, 768]","[1, 128, 768]",1081.91,0.0,0.375,cuda_event,cuda
42,encoder.layer.2.attention.self.value,Linear,0.05469,0.375,150994944.0,590592,0,24,0.05469,counter,"[1, 128, 768]","[1, 128, 768]",1081.91,0.0,0.375,cuda_event,cuda
42,encoder.layer.2.attention.output.dense,Linear,0.05514,0.375,150994944.0,590592,0,25,0.05514,counter,"[1, 128, 768]","[1, 128, 768]",1081.91,0.0,0.375,cuda_event,cuda
42,encoder.layer.2.attention.output.LayerNorm,LayerNorm,0.00688,0.375,491520.0,1536,0,26,0.00688,analytic,"[1, 128, 768]","[1, 128, 768]",1081.91,0.0,0.375,cuda_event,cuda
42,encoder.layer.2.intermediate.dense,Linear,0.12451,1.5,603979776.0,2362368,0,27,0.12451,counter,"[1, 128, 768]","[1, 128, 3072]",1081.91,0.0,1.5,cuda_event,cuda
42,encoder.layer.2.intermediate.intermediate_act_fn,GELUActivation,0.00672,1.5,0.0,0,0,28,0.00672,none,"[1, 128, 3072]","[1, 128, 3072]",1081.91,0.0,1.5,cuda_event,cuda
42,encoder.layer.2.output.dense,Linear,0.15155,0.375,603979776.0,2360064,0,29,0.15155,counter,"[1, 128, 3072]","[1, 128, 768]",1081.91,0.0,0.375,cuda_event,cuda
42,encoder.layer.2.output.LayerNorm,LayerNorm,0.00781,0.375,491520.0,1536,0,30,0.00781,analytic,"[1, 128, 768]","[1, 128, 768]",1081.91,0.0,0.375,cuda_event,cuda
42,encoder.layer.3.attention.self.query,Linear,0.05219,0.375,150994944.0,590592,0,31,0.05219,counter,"[1, 128, 768]","[1, 128, 768]",1081.91,0.0,0.375,cuda_event,cuda
42,encoder.layer.3.attention.self.key,Linear,0.05434,0.375,150994944.0,590592,0,32,0.05434,counter,"[1, 128, 768]","[1, 128, 768]",1081.91,0.0,0.375,cuda_event,cuda
42,encoder.layer.3.attention.self.value,Linear,0.05491,0.375,150994944.0,590592,0,33,0.05491,counter,"[1, 128, 768]","[1, 128, 768]",1081.91,0.0,0.375,cuda_event,cuda
42,encoder.layer.3.attention.output.dense,Linear,0.05325,0.375,150994944.0,590592,0,34,0.05325,counter,"[1, 128, 768]","[1, 128, 768]",1081.91,0.0,0.375,cuda_event,cuda
42,encoder.layer.3.attention.output.LayerNorm,LayerNorm,0.00819,0.375,491520.0,1536,0,35,0.00819,analytic,"[1, 128, 768]","[1, 128, 768]",1081.91,0.0,0.375,cuda_event,cuda
42,encoder.layer.3.intermediate.dense,Linear,0.12694,1.5,603979776.0,2362368,0,36,0.12694,counter,"[1, 128, 768]","[1, 128, 3072]",1081.91,0.0,1.5,cuda_event,cuda
42,encoder.layer.3.intermediate.intermediate_act_fn,GELUActivation,0.00634,1.5,0.0,0,0,37,0.00634,none,"[1, 128, 3072]","[1, 128, 3072]",1081.91,0.0,1.5,cuda_event,cuda
42,encoder.layer.3.output.dense,Linear,0.15565,0.375,603979776.0,2360064,0,38,0.15565,counter,"[1, 128, 3072]","[1, 128, 768]",1081.91,0.0,0.375,cuda_event,cuda
42,encoder.layer.3.output.LayerNorm,LayerNorm,0.00688,0.375,491520.0,1536,0,39,0.00688,analytic,"[1, 128, 768]","[1, 128, 768]",1081.91,0.0,0.375,cuda_event,cuda
42,encoder.layer.4.attention.self.query,Linear,0.05446,0.375,150994944.0,590592,0,40,0.05446,counter,"[1, 128, 768]","[1, 128, 768]",1081.91,0.0,0.375,cuda_event,cuda
42,encoder.layer.4.attention.self.key,Linear,0.05331,0.375,150994944.0,590592,0,41,0.05331,counter,"[1, 128, 768]","[1, 128, 768]",1081.91,0.0,0.375,cuda_event,cuda
42,encoder.layer.4.attention.self.value,Linear,0.0553,0.375,150994944.0,590592,0,42,0.0553,counter,"[1, 128, 768]","[1, 128, 768]",1081.91,0.0,0.375,cuda_event,cuda
42,encoder.layer.4.attention.output.dense,Linear,0.05376,0.375,150994944.0,590592,0,43,0.05376,counter,"[1, 128, 768]","[1, 128, 768]",1081.91,0.0,0.375,cuda_event,cuda
42,encoder.layer.4.attention.output.LayerNorm,LayerNorm,0.00781,0.375,491520.0,1536,0,44,0.00781,analytic,"[1, 128, 768]","[1, 128, 768]",1081.91,0.0,0.375,cuda_event,cuda
42,encoder.layer.4.intermediate.dense,Linear,0.12333,1.5,603979776.0,2362368,0,45,0.12333,counter,"[1, 128, 768]","[1, 128, 3072]",1081.91,0.0,1.5,cuda_event,cuda
42,encoder.layer.4.intermediate.intermediate_act_fn,GELUActivation,0.00675,1.5,0.0,0,0,46,0.00675,none,"[1, 128, 3072]","[1, 128, 3072]",1081.91,0.0,1.5,cuda_event,cuda
42,encoder.layer.4.output.dense,Linear,0.15354,0.375,603979776.0,2360064,0,47,0.15354,counter,"[1, 128, 3072]","[1, 128, 768]",1081.91,0.0,0.375,cuda_event,cuda
42,encoder.layer.4.output.LayerNorm,LayerNorm,0.00694,0.375,491520.0,1536,0,48,0.00694,analytic,"[1, 128, 768]","[1, 128, 768]",1081.91,0.0,0.375,cuda_event,cuda
42,encoder.layer.5.attention.self.query,Linear,0.05427,0.375,150994944.0,590592,0,49,0.05427,counter,"[1, 128, 768]","[1, 128, 768]",1081.91,0.0,0.375,cuda_event,cuda
42,encoder.layer.5.attention.self.key,Linear,0.05325,0.375,150994944.0,590592,0,50,0.05325,counter,"[1, 128, 768]","[1, 128, 768]",1081.91,0.0,0.375,cuda_event,cuda
42,encoder.layer.5.attention.self.value,Linear,0.0544,0.375,150994944.0,590592,0,51,0.0544,counter,"[1, 128, 768]","[1, 128, 768]",1081.91,0.0,0.375,cuda_event,cuda
42,encoder.layer.5.attention.output.dense,Linear,0.05501,0.375,150994944.0,590592,0,52,0.05501,counter,"[1, 128, 768]","[1, 128, 768]",1081.91,0.0,0.375,cuda_event,cuda
42,encoder.layer.5.attention.output.LayerNorm,LayerNorm,0.00704,0.375,491520.0,1536,0,53,0.00704,analytic,"[1, 128, 768]","[1, 128, 768]",1081.91,0.0,0.375,cuda_event,cuda
42,encoder.layer.5.intermediate.dense,Linear,0.12461,1.5,603979776.0,2362368,0,54,0.12461,counter,"[1, 128, 768]","[1, 128, 3072]",1081.91,0.0,1.5,cuda_event,cuda
42,encoder.layer.5.intermediate.intermediate_act_fn,GELUActivation,0.0065,1.5,0.0,0,0,55,0.0065,none,"[1, 128, 3072]","[1, 128, 3072]",1081.91,0.0,1.5,cuda_event,cuda
42,encoder.layer.5.output.dense,Linear,0.15488,0.375,603979776.0,2360064,0,56,0.15488,counter,"[1, 128, 3072]","[1, 128, 768]",1081.91,0.0,0.375,cuda_event,cuda
42,encoder.layer.5.output.LayerNorm,LayerNorm,0.00819,0.375,491520.0,1536,0,57,0.00819,analytic,"[1, 128, 768]","[1, 128, 768]",1081.91,0.0,0.375,cuda_event,cuda
42,encoder.layer.6.attention.self.query,Linear,0.05293,0.375,150994944.0,590592,0,58,0.05293,counter,"[1, 128, 768]","[1, 128, 768]",1081.91,0.0,0.375,cuda_event,cuda
42,encoder.layer.6.attention.self.key,Linear,0.05373,0.375,150994944.0,590592,0,59,0.05373,counter,"[1, 128, 768]","[1, 128, 768]",1081.91,0.0,0.375,cuda_event,cuda
42,encoder.layer.6.attention.self.value,Linear,0.05325,0.375,150994944.0,590592,0,60,0.05325,counter,"[1, 128, 768]","[1, 128, 768]",1081.91,0.0,0.375,cuda_event,cuda
42,encoder.layer.6.attention.output.dense,Linear,0.05318,0.375,150994944.0,590592,0,61,0.05318,counter,"[1, 128, 768]","[1, 128, 768]",1081.91,0.0,0.375,cuda_event,cuda
42,encoder.layer.6.attention.output.LayerNorm,LayerNorm,0.00819,0.375,491520.0,1536,0,62,0.00819,analytic,"[1, 128, 768]","[1, 128, 768]",1081.91,0.0,0.375,cuda_event,cuda
42,encoder.layer.6.intermediate.dense,Linear,0.12445,1.5,603979776.0,2362368,0,63,0.12445,counter,"[1, 128, 768]","[1, 128, 3072]",1081.91,0.0,1.5,cuda_event,cuda
42,encoder.layer.6.intermediate.intermediate_act_fn,GELUActivation,0.00659,1.5,0.0,0,0,64,0.00659,none,"[1, 128, 3072]","[1, 128, 3072]",1081.91,0.0,1.5,cuda_event,cuda
42,encoder.layer.6.output.dense,Linear,0.1536,0.375,603979776.0,2360064,0,65,0.1536,counter,"[1, 128, 3072]","[1, 128, 768]",1081.91,0.0,0.375,cuda_event,cuda
42,encoder.layer.6.output.LayerNorm,LayerNorm,0.00819,0.375,491520.0,1536,0,66,0.00819,analytic,"[1, 128, 768]","[1, 128, 768]",1081.91,0.0,0.375,cuda_event,cuda
42,encoder.layer.7.attention.self.query,Linear,0.05325,0.375,150994944.0,590592,0,67,0.05325,counter,"[1, 128, 768]","[1, 128, 768]",1081.91,0.0,0.375,cuda_event,cuda
42,encoder.layer.7.attention.self.key,Linear,0.05328,0.375,150994944.0,590592,0,68,0.05328,counter,"[1, 128, 768]","[1, 128, 768]",1081.91,0.0,0.375,cuda_event,cuda
42,encoder.layer.7.attention.self.value,Linear,0.05325,0.375,150994944.0,590592,0,69,0.05325,counter,"[1, 128, 768]","[1, 128, 768]",1081.91,0.0,0.375,cuda_event,cuda
42,encoder.layer.7.attention.output.dense,Linear,0.05498,0.375,150994944.0,590592,0,70,0.05498,counter,"[1, 128, 768]","[1, 128, 768]",1081.91,0.0,0.375,cuda_event,cuda
42,encoder.layer.7.attention.output.LayerNorm,LayerNorm,0.00714,0.375,491520.0,1536,0,71,0.00714,analytic,"[1, 128, 768]","[1, 128, 768]",1081.91,0.0,0.375,cuda_event,cuda
42,encoder.layer.7.intermediate.dense,Linear,0.12288,1.5,603979776.0,2362368,0,72,0.12288,counter,"[1, 128, 768]","[1, 128, 3072]",1081.91,0.0,1.5,cuda_event,cuda
42,encoder.layer.7.intermediate.intermediate_act_fn,GELUActivation,0.00749,1.5,0.0,0,0,73,0.00749,none,"[1, 128, 3072]","[1, 128, 3072]",1081.91,0.0,1.5,cuda_event,cuda
42,encoder.layer.7.output.dense,Linear,0.15565,0.375,603979776.0,2360064,0,74,0.15565,counter,"[1, 128, 3072]","[1, 128, 768]",1081.91,0.0,0.375,cuda_event,cuda
42,encoder.layer.7.output.LayerNorm,LayerNorm,0.00819,0.375,491520.0,1536,0,75,0.00819,analytic,"[1, 128, 768]","[1, 128, 768]",1081.91,0.0,0.375,cuda_event,cuda
42,encoder.layer.8.attention.self.query,Linear,0.05325,0.375,150994944.0,590592,0,76,0.05325,counter,"[1, 128, 768]","[1, 128, 768]",1081.91,0.0,0.375,cuda_event,cuda
42,encoder.layer.8.attention.self.key,Linear,0.05498,0.375,150994944.0,590592,0,77,0.05498,counter,"[1, 128, 768]","[1, 128, 768]",1081.91,0.0,0.375,cuda_event,cuda
42,encoder.layer.8.attention.self.value,Linear,0.0535,0.375,150994944.0,590592,0,78,0.0535,counter,"[1, 128, 768]","[1, 128, 768]",1081.91,0.0,0.375,cuda_event,cuda
42,encoder.layer.8.attention.output.dense,Linear,0.05347,0.375,150994944.0,590592,0,79,0.05347,counter,"[1, 128, 768]","[1, 128, 768]",1081.91,0.0,0.375,cuda_event,cuda
42,encoder.layer.8.attention.output.LayerNorm,LayerNorm,0.00666,0.375,491520.0,1536,0,80,0.00666,analytic,"[1, 128, 768]","[1, 128, 768]",1081.91,0.0,0.375,cuda_event,cuda
42,encoder.layer.8.intermediate.dense,Linear,0.12493,1.5,603979776.0,2362368,0,81,0.12493,counter,"[1, 128, 768]","[1, 128, 3072]",1081.91,0.0,1.5,cuda_event,cuda
42,encoder.layer.8.intermediate.intermediate_act_fn,GELUActivation,0.00614,1.5,0.0,0,0,82,0.00614,none,"[1, 128, 3072]","[1, 128, 3072]",1081.91,0.0,1.5,cuda_event,cuda
42,encoder.layer.8.output.dense,Linear,0.15565,0.375,603979776.0,2360064,0,83,0.15565,counter,"[1, 128, 3072]","[1, 128, 768]",1081.91,0.0,0.375,cuda_event,cuda
42,encoder.layer.8.output.LayerNorm,LayerNorm,0.0081,0.375,491520.0,1536,0,84,0.0081,analytic,"[1, 128, 768]","[1, 128, 768]",1081.91,0.0,0.375,cuda_event,cuda
42,encoder.layer.9.attention.self.query,Linear,0.05283,0.375,150994944.0,590592,0,85,0.05283,counter,"[1, 128, 768]","[1, 128, 768]",1081.91,0.0,0.375,cuda_event,cuda
42,encoder.layer.9.attention.self.key,Linear,0.05395,0.375,150994944.0,590592,0,86,0.05395,counter,"[1, 128, 768]","[1, 128, 768]",1081.91,0.0,0.375,cuda_event,cuda
42,encoder.layer.9.attention.self.value,Linear,0.05354,0.375,150994944.0,590592,0,87,0.05354,counter,"[1, 128, 768]","[1, 128, 768]",1081.91,0.0,0.375,cuda_event,cuda
42,encoder.layer.9.attention.output.dense,Linear,0.05347,0.375,150994944.0,590592,0,88,0.05347,counter,"[1, 128, 768]","[1, 128, 768]",1081.91,0.0,0.375,cuda_event,cuda
42,encoder.layer.9.attention.output.LayerNorm,LayerNorm,0.00765,0.375,491520.0,1536,0,89,0.00765,analytic,"[1, 128, 768]","[1, 128, 768]",1081.91,0.0,0.375,cuda_event,cuda
42,encoder.layer.9.intermediate.dense,Linear,0.12694,1.5,603979776.0,2362368,0,90,0.12694,counter,"[1, 128, 768]","[1, 128, 3072]",1081.91,0.0,1.5,cuda_event,cuda
42,encoder.layer.9.intermediate.intermediate_act_fn,GELUActivation,0.00787,1.5,0.0,0,0,91,0.00787,none,"[1, 128, 3072]","[1, 128, 3072]",1081.91,0.0,1.5,cuda_event,cuda
42,encoder.layer.9.output.dense,Linear,0.15587,0.375,603979776.0,2360064,0,92,0.15587,counter,"[1, 128, 3072]","[1, 128, 768]",1081.91,0.0,0.375,cuda_event,cuda
42,encoder.layer.9.output.LayerNorm,LayerNorm,0.00694,0.375,491520.0,1536,0,93,0.00694,analytic,"[1, 128, 768]","[1, 128, 768]",1081.91,0.0,0.375,cuda_event,cuda
42,encoder.layer.10.attention.self.query,Linear,0.05312,0.375,150994944.0,590592,0,94,0.05312,counter,"[1, 128, 768]","[1, 128, 768]",1081.91,0.0,0.375,cuda_event,cuda
42,encoder.layer.10.attention.self.key,Linear,0.05315,0.375,150994944.0,590592,0,95,0.05315,counter,"[1, 128, 768]","[1, 128, 768]",1081.91,0.0,0.375,cuda_event,cuda
42,encoder.layer.10.attention.self.value,Linear,0.05379,0.375,150994944.0,590592,0,96,0.05379,counter,"[1, 128, 768]","[1, 128, 768]",1081.91,0.0,0.375,cuda_event,cuda
42,encoder.layer.10.attention.output.dense,Linear,0.05504,0.375,150994944.0,590592,0,97,0.05504,counter,"[1, 128, 768]","[1, 128, 768]",1081.91,0.0,0.375,cuda_event,cuda
42,encoder.layer.10.attention.output.LayerNorm,LayerNorm,0.00819,0.375,491520.0,1536,0,98,0.00819,analytic,"[1, 128, 768]","[1, 128, 768]",1081.91,0.0,0.375,cuda_event,cuda
42,encoder.layer.10.intermediate.dense,Linear,0.12493,1.5,603979776.0,2362368,0,99,0.12493,counter,"[1, 128, 768]","[1, 128, 3072]",1081.91,0.0,1.5,cuda_event,cuda
42,encoder.layer.10.intermediate.intermediate_act_fn,GELUActivation,0.00614,1.5,0.0,0,0,100,0.00614,none,"[1, 128, 3072]","[1, 128, 3072]",1081.91,0.0,1.5,cuda_event,cuda
42,encoder.layer.10.output.dense,Linear,0.15558,0.375,603979776.0,2360064,0,101,0.15558,counter,"[1, 128, 3072]","[1, 128, 768]",1081.91,0.0,0.375,cuda_event,cuda
42,encoder.layer.10.output.LayerNorm,LayerNorm,0.00691,0.375,491520.0,1536,0,102,0.00691,analytic,"[1, 128, 768]","[1, 128, 768]",1081.91,0.0,0.375,cuda_event,cuda
42,encoder.layer.11.attention.self.query,Linear,0.05312,0.375,150994944.0,590592,0,103,0.05312,counter,"[1, 128, 768]","[1, 128, 768]",1081.91,0.0,0.375,cuda_event,cuda
42,encoder.layer.11.attention.self.key,Linear,0.05354,0.375,150994944.0,590592,0,104,0.05354,counter,"[1, 128, 768]","[1, 128, 768]",1081.91,0.0,0.375,cuda_event,cuda
42,encoder.layer.11.attention.self.value,Linear,0.05325,0.375,150994944.0,590592,0,105,0.05325,counter,"[1, 128, 768]","[1, 128, 768]",1081.91,0.0,0.375,cuda_event,cuda
42,encoder.layer.11.attention.output.dense,Linear,0.05325,0.375,150994944.0,590592,0,106,0.05325,counter,"[1, 128, 768]","[1, 128, 768]",1081.91,0.0,0.375,cuda_event,cuda
42,encoder.layer.11.attention.output.LayerNorm,LayerNorm,0.00819,0.375,491520.0,1536,0,107,0.00819,analytic,"[1, 128, 768]","[1, 128, 768]",1081.91,0.0,0.375,cuda_event,cuda
42,encoder.layer.11.intermediate.dense,Linear,0.12493,1.5,603979776.0,2362368,0,108,0.12493,counter,"[1, 128, 768]","[1, 128, 3072]",1081.91,0.0,1.5,cuda_event,cuda
42,encoder.layer.11.intermediate.intermediate_act_fn,GELUActivation,0.008,1.5,0.0,0,0,109,0.008,none,"[1, 128, 3072]","[1, 128, 3072]",1081.91,0.0,1.5,cuda_event,cuda
42,encoder.layer.11.output.dense,Linear,0.1519,0.375,603979776.0,2360064,0,110,0.1519,counter,"[1, 128, 3072]","[1, 128, 768]",1081.91,0.0,0.375,cuda_event,cuda
42,encoder.layer.11.output.LayerNorm,LayerNorm,0.00784,0.375,491520.0,1536,0,111,0.00784,analytic,"[1, 128, 768]","[1, 128, 768]",1081.91,0.0,0.375,cuda_event,cuda
42,pooler.dense,Linear,0.01325,0.00293,1179648.0,590592,0,112,0.01325,counter,"[1, 768]","[1, 768]",1081.91,0.0,0.003,cuda_event,cuda
42,pooler.activation,Tanh,0.0041,0.00293,3072.0,0,0,113,0.0041,analytic,"[1, 768]","[1, 768]",1081.91,0.0,0.003,cuda_event,cuda
43,embeddings.word_embeddings,Embedding,0.00602,0.375,0.0,23440896,0,0,0.00602,none,"[1, 128]","[1, 128, 768]",1081.91,0.0,0.375,cuda_event,cuda
43,embeddings.token_type_embeddings,Embedding,0.00467,0.375,0.0,1536,0,1,0.00467,none,"[1, 128]","[1, 128, 768]",1081.91,0.0,0.375,cuda_event,cuda
43,embeddings.position_embeddings,Embedding,0.00614,0.375,0.0,393216,0,2,0.00614,none,"[1, 128]","[1, 128, 768]",1081.91,0.0,0.375,cuda_event,cuda
43,embeddings.LayerNorm,LayerNorm,0.00819,0.375,491520.0,1536,0,3,0.00819,analytic,"[1, 128, 768]","[1, 128, 768]",1081.91,0.0,0.375,cuda_event,cuda
43,encoder.layer.0.attention.self.query,Linear,0.05325,0.375,150994944.0,590592,0,4,0.05325,counter,"[1, 128, 768]","[1, 128, 768]",1081.91,0.0,0.375,cuda_event,cuda
43,encoder.layer.0.attention.self.key,Linear,0.0553,0.375,150994944.0,590592,0,5,0.0553,counter,"[1, 128, 768]","[1, 128, 768]",1081.91,0.0,0.375,cuda_event,cuda
43,encoder.layer.0.attention.self.value,Linear,0.05325,0.375,150994944.0,590592,0,6,0.05325,counter,"[1, 128, 768]","[1, 128, 768]",1081.91,0.0,0.375,cuda_event,cuda
43,encoder.layer.0.attention.output.dense,Linear,0.05331,0.375,150994944.0,590592,0,7,0.05331,counter,"[1, 128, 768]","[1, 128, 768]",1081.91,0.0,0.375,cuda_event,cuda
43,encoder.layer.0.attention.output.LayerNorm,LayerNorm,0.00794,0.375,491520.0,1536,0,8,0.00794,analytic,"[1, 128, 768]","[1, 128, 768]",1081.91,0.0,0.375,cuda_event,cuda
43,encoder.layer.0.intermediate.dense,Linear,0.12493,1.5,603979776.0,2362368,0,9,0.12493,counter,"[1, 128, 768]","[1, 128, 3072]",1081.91,0.0,1.5,cuda_event,cuda
43,encoder.layer.0.intermediate.intermediate_act_fn,GELUActivation,0.00726,1.5,0.0,0,0,10,0.00726,none,"[1, 128, 3072]","[1, 128, 3072]",1081.91,0.0,1.5,cuda_event,cuda
43,encoder.layer.0.output.dense,Linear,0.1536,0.375,603979776.0,2360064,0,11,0.1536,counter,"[1, 128, 3072]","[1, 128, 768]",1081.91,0.0,0.375,cuda_event,cuda
43,encoder.layer.0.output.LayerNorm,LayerNorm,0.00819,0.375,491520.0,1536,0,12,0.00819,analytic,"[1, 128, 768]","[1, 128, 768]",1081.91,0.0,0.375,cuda_event,cuda
43,encoder.layer.1.attention.self.query,Linear,0.05309,0.375,150994944.0,590592,0,13,0.05309,counter,"[1, 128, 768]","[1, 128, 768]",1081.91,0.0,0.375,cuda_event,cuda
43,encoder.layer.1.attention.self.key,Linear,0.05347,0.375,150994944.0,590592,0,14,0.05347,counter,"[1, 128, 768]","[1, 128, 768]",1081.91,0.0,0.375,cuda_event,cuda
43,encoder.layer.1.attention.self.value,Linear,0.05347,0.375,150994944.0,590592,0,15,0.05347,counter,"[1, 128, 768]","[1, 128, 768]",1081.91,0.0,0.375,cuda_event,cuda
43,encoder.layer.1.attention.output.dense,Linear,0.05427,0.375,150994944.0,590592,0,16,0.05427,counter,"[1, 128, 768]","[1, 128, 768]",1081.91,0.0,0.375,cuda_event,cuda
43,encoder.layer.1.attention.output.LayerNorm,LayerNorm,0.00819,0.375,491520.0,1536,0,17,0.00819,analytic,"[1, 128, 768]","[1, 128, 768]",1081.91,0.0,0.375,cuda_event,cuda
43,encoder.layer.1.intermediate.dense,Linear,0.12611,1.5,603979776.0,2362368,0,18,0.12611,counter,"[1, 128, 768]","[1, 128, 3072]",1081.91,0.0,1.5,cuda_event,cuda
43,encoder.layer.1.intermediate.intermediate_act_fn,GELUActivation,0.00666,1.5,0.0,0,0,19,0.00666,none,"[1, 128, 3072]","[1, 128, 3072]",1081.91,0.0,1.5,cuda_event,cuda
43,encoder.layer.1.output.dense,Linear,0.1543,0.375,603979776.0,2360064,0,20,0.1543,counter,"[1, 128, 3072]","[1, 128, 768]",1081.91,0.0,0.375,cuda_event,cuda
43,encoder.layer.1.output.LayerNorm,LayerNorm,0.00819,0.375,491520.0,1536,0,21,0.00819,analytic,"[1, 128, 768]","[1, 128, 768]",1081.91,0.0,0.375,cuda_event,cuda
43,encoder.layer.2.attention.self.query,Linear,0.05325,0.375,150994944.0,590592,0,22,0.05325,counter,"[1, 128, 768]","[1, 128, 768]",1081.91,0.0,0.375,cuda_event,cuda
43,encoder.layer.2.attention.self.key,Linear,0.05325,0.375,150994944.0,590592,0,23,0.05325,counter,"[1, 128, 768]","[1, 128, 768]",1081.91,0.0,0.375,cuda_event,cuda
43,encoder.layer.2.attention.self.value,Linear,0.05334,0.375,150994944.0,590592,0,24,0.05334,counter,"[1, 128, 768]","[1, 128, 768]",1081.91,0.0,0.375,cuda_event,cuda
43,encoder.layer.2.attention.output.dense,Linear,0.0545,0.375,150994944.0,590592,0,25,0.0545,counter,"[1, 128, 768]","[1, 128, 768]",1081.91,0.0,0.375,cuda_event,cuda
43,encoder.layer.2.attention.output.LayerNorm,LayerNorm,0.00717,0.375,491520.0,1536,0,26,0.00717,analytic,"[1, 128, 768]","[1, 128, 768]",1081.91,0.0,0.375,cuda_event,cuda
43,encoder.layer.2.intermediate.dense,Linear,0.12493,1.5,603979776.0,2362368,0,27,0.12493,counter,"[1, 128, 768]","[1, 128, 3072]",1081.91,0.0,1.5,cuda_event,cuda
43,encoder.layer.2.intermediate.intermediate_act_fn,GELUActivation,0.00614,1.5,0.0,0,0,28,0.00614,none,"[1, 128, 3072]","[1, 128, 3072]",1081.91,0.0,1.5,cuda_event,cuda
43,encoder.layer.2.output.dense,Linear,0.1536,0.375,603979776.0,2360064,0,29,0.1536,counter,"[1, 128, 3072]","[1, 128, 768]",1081.91,0.0,0.375,cuda_event,cuda
43,encoder.layer.2.output.LayerNorm,LayerNorm,0.00794,0.375,491520.0,1536,0,30,0.00794,analytic,"[1, 128, 768]","[1, 128, 768]",1081.91,0.0,0.375,cuda_event,cuda
43,encoder.layer.3.attention.self.query,Linear,0.05328,0.375,150994944.0,590592,0,31,0.05328,counter,"[1, 128, 768]","[1, 128, 768]",1081.91,0.0,0.375,cuda_event,cuda
43,encoder.layer.3.attention.self.key,Linear,0.05376,0.375,150994944.0,590592,0,32,0.05376,counter,"[1, 128, 768]","[1, 128, 768]",1081.91,0.0,0.375,cuda_event,cuda
43,encoder.layer.3.attention.self.value,Linear,0.05469,0.375,150994944.0,590592,0,33,0.05469,counter,"[1, 128, 768]","[1, 128, 768]",1081.91,0.0,0.375,cuda_event,cuda
43,encoder.layer.3.attention.output.dense,Linear,0.05325,0.375,150994944.0,590592,0,34,0.05325,counter,"[1, 128, 768]","[1, 128, 768]",1081.91,0.0,0.375,cuda_event,cuda
43,encoder.layer.3.attention.output.LayerNorm,LayerNorm,0.008,0.375,491520.0,1536,0,35,0.008,analytic,"[1, 128, 768]","[1, 128, 768]",1081.91,0.0,0.375,cuda_event,cuda
43,encoder.layer.3.intermediate.dense,Linear,0.1273,1.5,603979776.0,2362368,0,36,0.1273,counter,"[1, 128, 768]","[1, 128, 3072]",1081.91,0.0,1.5,cuda_event,cuda
43,encoder.layer.3.intermediate.intermediate_act_fn,GELUActivation,0.00614,1.5,0.0,0,0,37,0.00614,none,"[1, 128, 3072]","[1, 128, 3072]",1081.91,0.0,1.5,cuda_event,cuda
43,encoder.layer.3.output.dense,Linear,0.15565,0.375,603979776.0,2360064,0,38,0.15565,counter,"[1, 128, 3072]","[1, 128, 768]",1081.91,0.0,0.375,cuda_event,cuda
43,encoder.layer.3.output.LayerNorm,LayerNorm,0.00787,0.375,491520.0,1536,0,39,0.00787,analytic,"[1, 128, 768]","[1, 128, 768]",1081.91,0.0,0.375,cuda_event,cuda
43,encoder.layer.4.attention.self.query,Linear,0.05325,0.375,150994944.0,590592,0,40,0.05325,counter,"[1, 128, 768]","[1, 128, 768]",1081.91,0.0,0.375,cuda_event,cuda
43,encoder.layer.4.attention.self.key,Linear,0.05315,0.375,150994944.0,590592,0,41,0.05315,counter,"[1, 128, 768]","[1, 128, 768]",1081.91,0.0,0.375,cuda_event,cuda
43,encoder.layer.4.attention.self.value,Linear,0.05328,0.375,150994944.0,590592,0,42,0.05328,counter,"[1, 128, 768]","[1, 128, 768]",1081.91,0.0,0.375,cuda_event,cuda
43,encoder.layer.4.attention.output.dense,Linear,0.05446,0.375,150994944.0,590592,0,43,0.05446,counter,"[1, 128, 768]","[1, 128, 768]",1081.91,0.0,0.375,cuda_event,cuda
43,encoder.layer.4.attention.output.LayerNorm,LayerNorm,0.00819,0.375,491520.0,1536,0,44,0.00819,analytic,"[1, 128, 768]","[1, 128, 768]",1081.91,0.0,0.375,cuda_event,cuda
43,encoder.layer.4.intermediate.dense,Linear,0.12288,1.5,603979776.0,2362368,0,45,0.12288,counter,"[1, 128, 768]","[1, 128, 3072]",1081.91,0.0,1.5,cuda_event,cuda
43,encoder.layer.4.intermediate.intermediate_act_fn,GELUActivation,0.00771,1.5,0.0,0,0,46,0.00771,none,"[1, 128, 3072]","[1, 128, 3072]",1081.91,0.0,1.5,cuda_event,cuda
43,encoder.layer.4.output.dense,Linear,0.15373,0.375,603979776.0,2360064,0,47,0.15373,counter,"[1, 128, 3072]","[1, 128, 768]",1081.91,0.0,0.375,cuda_event,cuda
43,encoder.layer.4.output.LayerNorm,LayerNorm,0.00819,0.375,491520.0,1536,0,48,0.00819,analytic,"[1, 128, 768]","[1, 128, 768]",1081.91,0.0,0.375,cuda_event,cuda
43,encoder.layer.5.attention.self.query,Linear,0.05325,0.375,150994944.0,590592,0,49,0.05325,counter,"[1, 128, 768]","[1, 128, 768]",1081.91,0.0,0.375,cuda_event,cuda
43,encoder.layer.5.attention.self.key,Linear,0.05443,0.375,150994944.0,590592,0,50,0.05443,counter,"[1, 128, 768]","[1, 128, 768]",1081.91,0.0,0.375,cuda_event,cuda
43,encoder.layer.5.attention.self.value,Linear,0.0553,0.375,150994944.0,590592,0,51,0.0553,counter,"[1, 128, 768]","[1, 128, 768]",1081.91,0.0,0.375,cuda_event,cuda
43,encoder.layer.5.attention.output.dense,Linear,0.05363,0.375,150994944.0,590592,0,52,0.05363,counter,"[1, 128, 768]","[1, 128, 768]",1081.91,0.0,0.375,cuda_event,cuda
43,encoder.layer.5.attention.output.LayerNorm,LayerNorm,0.00778,0.375,491520.0,1536,0,53,0.00778,analytic,"[1, 128, 768]","[1, 128, 768]",1081.91,0.0,0.375,cuda_event,cuda
43,encoder.layer.5.intermediate.dense,Linear,0.12374,1.5,603979776.0,2362368,0,54,0.12374,counter,"[1, 128, 768]","[1, 128, 3072]",1081.91,0.0,1.5,cuda_event,cuda
43,encoder.layer.5.intermediate.intermediate_act_fn,GELUActivation,0.00778,1.5,0.0,0,0,55,0.00778,none,"[1, 128, 3072]","[1, 128, 3072]",1081.91,0.0,1.5,cuda_event,cuda
43,encoder.layer.5.output.dense,Linear,0.15587,0.375,603979776.0,2360064,0,56,0.15587,counter,"[1, 128, 3072]","[1, 128, 768]",1081.91,0.0,0.375,cuda_event,cuda
43,encoder.layer.5.output.LayerNorm,LayerNorm,0.00826,0.375,491520.0,1536,0,57,0.00826,analytic,"[1, 128, 768]","[1, 128, 768]",1081.91,0.0,0.375,cuda_event,cuda
43,encoder.layer.6.attention.self.query,Linear,0.05363,0.375,150994944.0,590592,0,58,0.05363,counter,"[1, 128, 768]","[1, 128, 768]",1081.91,0.0,0.375,cuda_event,cuda
43,encoder.layer.6.attention.self.key,Linear,0.0537,0.375,150994944.0,590592,0,59,0.0537,counter,"[1, 128, 768]","[1, 128, 768]",1081.91,0.0,0.375,cuda_event,cuda
43,encoder.layer.6.attention.self.value,Linear,0.05357,0.375,150994944.0,590592,0,60,0.05357,counter,"[1, 128, 768]","[1, 128, 768]",1081.91,0.0,0.375,cuda_event,cuda
43,encoder.layer.6.attention.output.dense,Linear,0.05363,0.375,150994944.0,590592,0,61,0.05363,counter,"[1, 128, 768]","[1, 128, 768]",1081.91,0.0,0.375,cuda_event,cuda
43,encoder.layer.6.attention.output.LayerNorm,LayerNorm,0.00698,0.375,491520.0,1536,0,62,0.00698,analytic,"[1, 128, 768]","[1, 128, 768]",1081.91,0.0,0.375,cuda_event,cuda
43,encoder.layer.6.intermediate.dense,Linear,0.12685,1.5,603979776.0,2362368,0,63,0.12685,counter,"[1, 128, 768]","[1, 128, 3072]",1081.91,0.0,1.5,cuda_event,cuda
43,encoder.layer.6.intermediate.intermediate_act_fn,GELUActivation,0.00627,1.5,0.0,0,0,64,0.00627,none,"[1, 128, 3072]","[1, 128, 3072]",1081.91,0.0,1.5,cuda_event,cuda
43,encoder.layer.6.output.dense,Linear,0.15558,0.375,603979776.0,2360064,0,65,0.15558,counter,"[1, 128, 3072]","[1, 128, 768]",1081.91,0.0,0.375,cuda_event,cuda
43,encoder.layer.6.output.LayerNorm,LayerNorm,0.00816,0.375,491520.0,1536,0,66,0.00816,analytic,"[1, 128, 768]","[1, 128, 768]",1081.91,0.0,0.375,cuda_event,cuda
43,encoder.layer.7.attention.self.query,Linear,0.05322,0.375,150994944.0,590592,0,67,0.05322,counter,"[1, 128, 768]","[1, 128, 768]",1081.91,0.0,0.375,cuda_event,cuda
43,encoder.layer.7.attention.self.key,Linear,0.05366,0.375,150994944.0,590592,0,68,0.05366,counter,"[1, 128, 768]","[1, 128, 768]",1081.91,0.0,0.375,cuda_event,cuda
43,encoder.layer.7.attention.self.value,Linear,0.05472,0.375,150994944.0,590592,0,69,0.05472,counter,"[1, 128, 768]","[1, 128, 768]",1081.91,0.0,0.375,cuda_event,cuda
43,encoder.layer.7.attention.output.dense,Linear,0.05325,0.375,150994944.0,590592,0,70,0.05325,counter,"[1, 128, 768]","[1, 128, 768]",1081.91,0.0,0.375,cuda_event,cuda
43,encoder.layer.7.attention.output.LayerNorm,LayerNorm,0.00819,0.375,491520.0,1536,0,71,0.00819,analytic,"[1, 128, 768]","[1, 128, 768]",1081.91,0.0,0.375,cuda_event,cuda
43,encoder.layer.7.intermediate.dense,Linear,0.12221,1.5,603979776.0,2362368,0,72,0.12221,counter,"[1, 128, 768]","[1, 128, 3072]",1081.91,0.0,1.5,cuda_event,cuda
43,encoder.layer.7.intermediate.intermediate_act_fn,GELUActivation,0.00698,1.5,0.0,0,0,73,0.00698,none,"[1, 128, 3072]","[1, 128, 3072]",1081.91,0.0,1.5,cuda_event,cuda
43,encoder.layer.7.output.dense,Linear,0.15517,0.375,603979776.0,2360064,0,74,0.15517,counter,"[1, 128, 3072]","[1, 128, 768]",1081.91,0.0,0.375,cuda_event,cuda
43,encoder.layer.7.output.LayerNorm,LayerNorm,0.00787,0.375,491520.0,1536,0,75,0.00787,analytic,"[1, 128, 768]","[1, 128, 768]",1081.91,0.0,0.375,cuda_event,cuda
43,encoder.layer.8.attention.self.query,Linear,0.05325,0.375,150994944.0,590592,0,76,0.05325,counter,"[1, 128, 768]","[1, 128, 768]",1081.91,0.0,0.375,cuda_event,cuda
43,encoder.layer.8.attention.self.key,Linear,0.0553,0.375,150994944.0,590592,0,77,0.0553,counter,"[1, 128, 768]","[1, 128, 768]",1081.91,0.0,0.375,cuda_event,cuda
43,encoder.layer.8.attention.self.value,Linear,0.05462,0.375,150994944.0,590592,0,78,0.05462,counter,"[1, 128, 768]","[1, 128, 768]",1081.91,0.0,0.375,cuda_event,cuda
43,encoder.layer.8.attention.output.dense,Linear,0.0552,0.375,150994944.0,590592,0,79,0.0552,counter,"[1, 128, 768]","[1, 128, 768]",1081.91,0.0,0.375,cuda_event,cuda
43,encoder.layer.8.attention.output.LayerNorm,LayerNorm,0.00685,0.375,491520.0,1536,0,80,0.00685,analytic,"[1, 128, 768]","[1, 128, 768]",1081.91,0.0,0.375,cuda_event,cuda
43,encoder.layer.8.intermediate.dense,Linear,0.12483,1.5,603979776.0,2362368,0,81,0.12483,counter,"[1, 128, 768]","[1, 128, 3072]",1081.91,0.0,1.5,cuda_event,cuda
43,encoder.layer.8.intermediate.intermediate_act_fn,GELUActivation,0.00624,1.5,0.0,0,0,82,0.00624,none,"[1, 128, 3072]","[1, 128, 3072]",1081.91,0.0,1.5,cuda_event,cuda
43,encoder.layer.8.output.dense,Linear,0.15565,0.375,603979776.0,2360064,0,83,0.15565,counter,"[1, 128, 3072]","[1, 128, 768]",1081.91,0.0,0.375,cuda_event,cuda
43,encoder.layer.8.output.LayerNorm,LayerNorm,0.00784,0.375,491520.0,1536,0,84,0.00784,analytic,"[1, 128, 768]","[1, 128, 768]",1081.91,0.0,0.375,cuda_event,cuda
43,encoder.layer.9.attention.self.query,Linear,0.05366,0.375,150994944.0,590592,0,85,0.05366,counter,"[1, 128, 768]","[1, 128, 768]",1081.91,0.0,0.375,cuda_event,cuda
43,encoder.layer.9.attention.self.key,Linear,0.05347,0.375,150994944.0,590592,0,86,0.05347,counter,"[1, 128, 768]","[1, 128, 768]",1081.91,0.0,0.375,cuda_event,cuda
43,encoder.layer.9.attention.self.value,Linear,0.05325,0.375,150994944.0,590592,0,87,0.05325,counter,"[1, 128, 768]","[1, 128, 768]",1081.91,0.0,0.375,cuda_event,cuda
43,encoder.layer.9.attention.output.dense,Linear,0.05475,0.375,150994944.0,590592,0,88,0.05475,counter,"[1, 128, 768]","[1, 128, 768]",1081.91,0.0,0.375,cuda_event,cuda
43,encoder.layer.9.attention.output.LayerNorm,LayerNorm,0.00819,0.375,491520.0,1536,0,89,0.00819,analytic,"[1, 128, 768]","[1, 128, 768]",1081.91,0.0,0.375,cuda_event,cuda
43,encoder.layer.9.intermediate.dense,Linear,0.12288,1.5,603979776.0,2362368,0,90,0.12288,counter,"[1, 128, 768]","[1, 128, 3072]",1081.91,0.0,1.5,cuda_event,cuda
43,encoder.layer.9.intermediate.intermediate_act_fn,GELUActivation,0.00746,1.5,0.0,0,0,91,0.00746,none,"[1, 128, 3072]","[1, 128, 3072]",1081.91,0.0,1.5,cuda_event,cuda
43,encoder.layer.9.output.dense,Linear,0.15597,0.375,603979776.0,2360064,0,92,0.15597,counter,"[1, 128, 3072]","[1, 128, 768]",1081.91,0.0,0.375,cuda_event,cuda
43,encoder.layer.9.output.LayerNorm,LayerNorm,0.00688,0.375,491520.0,1536,0,93,0.00688,analytic,"[1, 128, 768]","[1, 128, 768]",1081.91,0.0,0.375,cuda_event,cuda
43,encoder.layer.10.attention.self.query,Linear,0.05325,0.375,150994944.0,590592,0,94,0.05325,counter,"[1, 128, 768]","[1, 128, 768]",1081.91,0.0,0.375,cuda_event,cuda
43,encoder.layer.10.attention.self.key,Linear,0.0553,0.375,150994944.0,590592,0,95,0.0553,counter,"[1, 128, 768]","[1, 128, 768]",1081.91,0.0,0.375,cuda_event,cuda
43,encoder.layer.10.attention.self.value,Linear,0.05472,0.375,150994944.0,590592,0,96,0.05472,counter,"[1, 128, 768]","[1, 128, 768]",1081.91,0.0,0.375,cuda_event,cuda
43,encoder.layer.10.attention.output.dense,Linear,0.05427,0.375,150994944.0,590592,0,97,0.05427,counter,"[1, 128, 768]","[1, 128, 768]",1081.91,0.0,0.375,cuda_event,cuda
43,encoder.layer.10.attention.output.LayerNorm,LayerNorm,0.00819,0.375,491520.0,1536,0,98,0.00819,analytic,"[1, 128, 768]","[1, 128, 768]",1081.91,0.0,0.375,cuda_event,cuda
43,encoder.layer.10.intermediate.dense,Linear,0.12493,1.5,603979776.0,2362368,0,99,0.12493,counter,"[1, 128, 768]","[1, 128, 3072]",1081.91,0.0,1.5,cuda_event,cuda
43,encoder.layer.10.intermediate.intermediate_act_fn,GELUActivation,0.00618,1.5,0.0,0,0,100,0.00618,none,"[1, 128, 3072]","[1, 128, 3072]",1081.91,0.0,1.5,cuda_event,cuda
43,encoder.layer.10.output.dense,Linear,0.1551,0.375,603979776.0,2360064,0,101,0.1551,counter,"[1, 128, 3072]","[1, 128, 768]",1081.91,0.0,0.375,cuda_event,cuda
43,encoder.layer.10.output.LayerNorm,LayerNorm,0.00784,0.375,491520.0,1536,0,102,0.00784,analytic,"[1, 128, 768]","[1, 128, 768]",1081.91,0.0,0.375,cuda_event,cuda
43,encoder.layer.11.attention.self.query,Linear,0.05219,0.375,150994944.0,590592,0,103,0.05219,counter,"[1, 128, 768]","[1, 128, 768]",1081.91,0.0,0.375,cuda_event,cuda
43,encoder.layer.11.attention.self.key,Linear,0.0544,0.375,150994944.0,590592,0,104,0.0544,counter,"[1, 128, 768]","[1, 128, 768]",1081.91,0.0,0.375,cuda_event,cuda
43,encoder.layer.11.attention.self.value,Linear,0.05523,0.375,150994944.0,590592,0,105,0.05523,counter,"[1, 128, 768]","[1, 128, 768]",1081.91,0.0,0.375,cuda_event,cuda
43,encoder.layer.11.attention.output.dense,Linear,0.05318,0.375,150994944.0,590592,0,106,0.05318,counter,"[1, 128, 768]","[1, 128, 768]",1081.91,0.0,0.375,cuda_event,cuda
43,encoder.layer.11.attention.output.LayerNorm,LayerNorm,0.00819,0.375,491520.0,1536,0,107,0.00819,analytic,"[1, 128, 768]","[1, 128, 768]",1081.91,0.0,0.375,cuda_event,cuda
43,encoder.layer.11.intermediate.dense,Linear,0.12493,1.5,603979776.0,2362368,0,108,0.12493,counter,"[1, 128, 768]","[1, 128, 3072]",1081.91,0.0,1.5,cuda_event,cuda
43,encoder.layer.11.intermediate.intermediate_act_fn,GELUActivation,0.00736,1.5,0.0,0,0,109,0.00736,none,"[1, 128, 3072]","[1, 128, 3072]",1081.91,0.0,1.5,cuda_event,cuda
43,encoder.layer.11.output.dense,Linear,0.15242,0.375,603979776.0,2360064,0,110,0.15242,counter,"[1, 128, 3072]","[1, 128, 768]",1081.91,0.0,0.375,cuda_event,cuda
43,encoder.layer.11.output.LayerNorm,LayerNorm,0.00819,0.375,491520.0,1536,0,111,0.00819,analytic,"[1, 128, 768]","[1, 128, 768]",1081.91,0.0,0.375,cuda_event,cuda
43,pooler.dense,Linear,0.01392,0.00293,1179648.0,590592,0,112,0.01392,counter,"[1, 768]","[1, 768]",1081.91,0.0,0.003,cuda_event,cuda
43,pooler.activation,Tanh,0.00432,0.00293,3072.0,0,0,113,0.00432,analytic,"[1, 768]","[1, 768]",1081.91,0.0,0.003,cuda_event,cuda
44,embeddings.word_embeddings,Embedding,0.00595,0.375,0.0,23440896,0,0,0.00595,none,"[1, 128]","[1, 128, 768]",1081.91,0.0,0.375,cuda_event,cuda
44,embeddings.token_type_embeddings,Embedding,0.00442,0.375,0.0,1536,0,1,0.00442,none,"[1, 128]","[1, 128, 768]",1081.91,0.0,0.375,cuda_event,cuda
44,embeddings.position_embeddings,Embedding,0.00614,0.375,0.0,393216,0,2,0.00614,none,"[1, 128]","[1, 128, 768]",1081.91,0.0,0.375,cuda_event,cuda
44,embeddings.LayerNorm,LayerNorm,0.00717,0.375,491520.0,1536,0,3,0.00717,analytic,"[1, 128, 768]","[1, 128, 768]",1081.91,0.0,0.375,cuda_event,cuda
44,encoder.layer.0.attention.self.query,Linear,0.05443,0.375,150994944.0,590592,0,4,0.05443,counter,"[1, 128, 768]","[1, 128, 768]",1081.91,0.0,0.375,cuda_event,cuda
44,encoder.layer.0.attention.self.key,Linear,0.05427,0.375,150994944.0,590592,0,5,0.05427,counter,"[1, 128, 768]","[1, 128, 768]",1081.91,0.0,0.375,cuda_event,cuda
44,encoder.layer.0.attention.self.value,Linear,0.05341,0.375,150994944.0,590592,0,6,0.05341,counter,"[1, 128, 768]","[1, 128, 768]",1081.91,0.0,0.375,cuda_event,cuda
44,encoder.layer.0.attention.output.dense,Linear,0.05334,0.375,150994944.0,590592,0,7,0.05334,counter,"[1, 128, 768]","[1, 128, 768]",1081.91,0.0,0.375,cuda_event,cuda
44,encoder.layer.0.attention.output.LayerNorm,LayerNorm,0.00704,0.375,491520.0,1536,0,8,0.00704,analytic,"[1, 128, 768]","[1, 128, 768]",1081.91,0.0,0.375,cuda_event,cuda
44,encoder.layer.0.intermediate.dense,Linear,0.12493,1.5,603979776.0,2362368,0,9,0.12493,counter,"[1, 128, 768]","[1, 128, 3072]",1081.91,0.0,1.5,cuda_event,cuda
44,encoder.layer.0.intermediate.intermediate_act_fn,GELUActivation,0.00746,1.5,0.0,0,0,10,0.00746,none,"[1, 128, 3072]","[1, 128, 3072]",1081.91,0.0,1.5,cuda_event,cuda
44,encoder.layer.0.output.dense,Linear,0.15245,0.375,603979776.0,2360064,0,11,0.15245,counter,"[1, 128, 3072]","[1, 128, 768]",1081.91,0.0,0.375,cuda_event,cuda
44,encoder.layer.0.output.LayerNorm,LayerNorm,0.00819,0.375,491520.0,1536,0,12,0.00819,analytic,"[1, 128, 768]","[1, 128, 768]",1081.91,0.0,0.375,cuda_event,cuda
44,encoder.layer.1.attention.self.query,Linear,0.05341,0.375,150994944.0,590592,0,13,0.05341,counter,"[1, 128, 768]","[1, 128, 768]",1081.91,0.0,0.375,cuda_event,cuda
44,encoder.layer.1.attention.self.key,Linear,0.05338,0.375,150994944.0,590592,0,14,0.05338,counter,"[1, 128, 768]","[1, 128, 768]",1081.91,0.0,0.375,cuda_event,cuda
44,encoder.layer.1.attention.self.value,Linear,0.05325,0.375,150994944.0,590592,0,15,0.05325,counter,"[1, 128, 768]","[1, 128, 768]",1081.91,0.0,0.375,cuda_event,cuda
44,encoder.layer.1.attention.output.dense,Linear,0.05325,0.375,150994944.0,590592,0,16,0.05325,counter,"[1, 128, 768]","[1, 128, 768]",1081.91,0.0,0.375,cuda_event,cuda
44,encoder.layer.1.attention.output.LayerNorm,LayerNorm,0.00675,0.375,491520.0,1536,0,17,0.00675,analytic,"[1, 128, 768]","[1, 128, 768]",1081.91,0.0,0.375,cuda_event,cuda
44,encoder.layer.1.intermediate.dense,Linear,0.12493,1.5,603979776.0,2362368,0,18,0.12493,counter,"[1, 128, 768]","[1, 128, 3072]",1081.91,0.0,1.5,cuda_event,cuda
44,encoder.layer.1.intermediate.intermediate_act_fn,GELUActivation,0.00733,1.5,0.0,0,0,19,0.00733,none,"[1, 128, 3072]","[1, 128, 3072]",1081.91,0.0,1.5,cuda_event,cuda
44,encoder.layer.1.output.dense,Linear,0.15517,0.375,603979776.0,2360064,0,20,0.15517,counter,"[1, 128, 3072]","[1, 128, 768]",1081.91,0.0,0.375,cuda_event,cuda
44,encoder.layer.1.output.LayerNorm,LayerNorm,0.00816,0.375,491520.0,1536,0,21,0.00816,analytic,"[1, 128, 768]","[1, 128, 768]",1081.91,0.0,0.375,cuda_event,cuda
44,encoder.layer.2.attention.self.query,Linear,0.05219,0.375,150994944.0,590592,0,22,0.05219,counter,"[1, 128, 768]","[1, 128, 768]",1081.91,0.0,0.375,cuda_event,cuda
44,encoder.layer.2.attention.self.key,Linear,0.05456,0.375,150994944.0,590592,0,23,0.05456,counter,"[1, 128, 768]","[1, 128, 768]",1081.91,0.0,0.375,cuda_event,cuda
44,encoder.layer.2.attention.self.value,Linear,0.05382,0.375,150994944.0,590592,0,24,0.05382,counter,"[1, 128, 768]","[1, 128, 768]",1081.91,0.0,0.375,cuda_event,cuda
44,encoder.layer.2.attention.output.dense,Linear,0.05325,0.375,150994944.0,590592,0,25,0.05325,counter,"[1, 128, 768]","[1, 128, 768]",1081.91,0.0,0.375,cuda_event,cuda
44,encoder.layer.2.attention.output.LayerNorm,LayerNorm,0.00787,0.375,491520.0,1536,0,26,0.00787,analytic,"[1, 128, 768]","[1, 128, 768]",1081.91,0.0,0.375,cuda_event,cuda
44,encoder.layer.2.intermediate.dense,Linear,0.12336,1.5,603979776.0,2362368,0,27,0.12336,counter,"[1, 128, 768]","[1, 128, 3072]",1081.91,0.0,1.5,cuda_event,cuda
44,encoder.layer.2.intermediate.intermediate_act_fn,GELUActivation,0.00614,1.5,0.0,0,0,28,0.00614,none,"[1, 128, 3072]","[1, 128, 3072]",1081.91,0.0,1.5,cuda_event,cuda
44,encoder.layer.2.output.dense,Linear,0.1536,0.375,603979776.0,2360064,0,29,0.1536,counter,"[1, 128, 3072]","[1, 128, 768]",1081.91,0.0,0.375,cuda_event,cuda
44,encoder.layer.2.output.LayerNorm,LayerNorm,0.00774,0.375,491520.0,1536,0,30,0.00774,analytic,"[1, 128, 768]","[1, 128, 768]",1081.91,0.0,0.375,cuda_event,cuda
44,encoder.layer.3.attention.self.query,Linear,0.05322,0.375,150994944.0,590592,0,31,0.05322,counter,"[1, 128, 768]","[1, 128, 768]",1081.91,0.0,0.375,cuda_event,cuda
44,encoder.layer.3.attention.self.key,Linear,0.05328,0.375,150994944.0,590592,0,32,0.05328,counter,"[1, 128, 768]","[1, 128, 768]",1081.91,0.0,0.375,cuda_event,cuda
44,encoder.layer.3.attention.self.value,Linear,0.0553,0.375,150994944.0,590592,0,33,0.0553,counter,"[1, 128, 768]","[1, 128, 768]",1081.91,0.0,0.375,cuda_event,cuda
44,encoder.layer.3.attention.output.dense,Linear,0.05325,0.375,150994944.0,590592,0,34,0.05325,counter,"[1, 128, 768]","[1, 128, 768]",1081.91,0.0,0.375,cuda_event,cuda
44,encoder.layer.3.attention.output.LayerNorm,LayerNorm,0.00781,0.375,491520.0,1536,0,35,0.00781,analytic,"[1, 128, 768]","[1, 128, 768]",1081.91,0.0,0.375,cuda_event,cuda
44,encoder.layer.3.intermediate.dense,Linear,0.12563,1.5,603979776.0,2362368,0,36,0.12563,counter,"[1, 128, 768]","[1, 128, 3072]",1081.91,0.0,1.5,cuda_event,cuda
44,encoder.layer.3.intermediate.intermediate_act_fn,GELUActivation,0.00717,1.5,0.0,0,0,37,0.00717,none,"[1, 128, 3072]","[1, 128, 3072]",1081.91,0.0,1.5,cuda_event,cuda
44,encoder.layer.3.output.dense,Linear,0.15565,0.375,603979776.0,2360064,0,38,0.15565,counter,"[1, 128, 3072]","[1, 128, 768]",1081.91,0.0,0.375,cuda_event,cuda
44,encoder.layer.3.output.LayerNorm,LayerNorm,0.00762,0.375,491520.0,1536,0,39,0.00762,analytic,"[1, 128, 768]","[1, 128, 768]",1081.91,0.0,0.375,cuda_event,cuda
44,encoder.layer.4.attention.self.query,Linear,0.05344,0.375,150994944.0,590592,0,40,0.05344,counter,"[1, 128, 768]","[1, 128, 768]",1081.91,0.0,0.375,cuda_event,cuda
44,encoder.layer.4.attention.self.key,Linear,0.05392,0.375,150994944.0,590592,0,41,0.05392,counter,"[1, 128, 768]","[1, 128, 768]",1081.91,0.0,0.375,cuda_event,cuda
44,encoder.layer.4.attention.self.value,Linear,0.05325,0.375,150994944.0,590592,0,42,0.05325,counter,"[1, 128, 768]","[1, 128, 768]",1081.91,0.0,0.375,cuda_event,cuda
44,encoder.layer.4.attention.output.dense,Linear,0.05389,0.375,150994944.0,590592,0,43,0.05389,counter,"[1, 128, 768]","[1, 128, 768]",1081.91,0.0,0.375,cuda_event,cuda
44,encoder.layer.4.attention.output.LayerNorm,LayerNorm,0.00781,0.375,491520.0,1536,0,44,0.00781,analytic,"[1, 128, 768]","[1, 128, 768]",1081.91,0.0,0.375,cuda_event,cuda
44,encoder.layer.4.intermediate.dense,Linear,0.12294,1.5,603979776.0,2362368,0,45,0.12294,counter,"[1, 128, 768]","[1, 128, 3072]",1081.91,0.0,1.5,cuda_event,cuda
44,encoder.layer.4.intermediate.intermediate_act_fn,GELUActivation,0.00688,1.5,0.0,0,0,46,0.00688,none,"[1, 128, 3072]","[1, 128, 3072]",1081.91,0.0,1.5,cuda_event,cuda
44,encoder.layer.4.output.dense,Linear,0.15104,0.375,603979776.0,2360064,0,47,0.15104,counter,"[1, 128, 3072]","[1, 128, 768]",1081.91,0.0,0.375,cuda_event,cuda
44,encoder.layer.4.output.LayerNorm,LayerNorm,0.00819,0.375,491520.0,1536,0,48,0.00819,analytic,"[1, 128, 768]","[1, 128, 768]",1081.91,0.0,0.375,cuda_event,cuda
44,encoder.layer.5.attention.self.query,Linear,0.05325,0.375,150994944.0,590592,0,49,0.05325,counter,"[1, 128, 768]","[1, 128, 768]",1081.91,0.0,0.375,cuda_event,cuda
44,encoder.layer.5.attention.self.key,Linear,0.05325,0.375,150994944.0,590592,0,50,0.05325,counter,"[1, 128, 768]","[1, 128, 768]",1081.91,0.0,0.375,cuda_event,cuda
44,encoder.layer.5.attention.self.value,Linear,0.05325,0.375,150994944.0,590592,0,51,0.05325,counter,"[1, 128, 768]","[1, 128, 768]",1081.91,0.0,0.375,cuda_event,cuda
44,encoder.layer.5.attention.output.dense,Linear,0.05286,0.375,150994944.0,590592,0,52,0.05286,counter,"[1, 128, 768]","[1, 128, 768]",1081.91,0.0,0.375,cuda_event,cuda
44,encoder.layer.5.attention.output.LayerNorm,LayerNorm,0.00819,0.375,491520.0,1536,0,53,0.00819,analytic,"[1, 128, 768]","[1, 128, 768]",1081.91,0.0,0.375,cuda_event,cuda
44,encoder.layer.5.intermediate.dense,Linear,0.124,1.5,603979776.0,2362368,0,54,0.124,counter,"[1, 128, 768]","[1, 128, 3072]",1081.91,0.0,1.5,cuda_event,cuda
44,encoder.layer.5.intermediate.intermediate_act_fn,GELUActivation,0.00797,1.5,0.0,0,0,55,0.00797,none,"[1, 128, 3072]","[1, 128, 3072]",1081.91,0.0,1.5,cuda_event,cuda
44,encoder.layer.5.output.dense,Linear,0.1527,0.375,603979776.0,2360064,0,56,0.1527,counter,"[1, 128, 3072]","[1, 128, 768]",1081.91,0.0,0.375,cuda_event,cuda
44,encoder.layer.5.output.LayerNorm,LayerNorm,0.00819,0.375,491520.0,1536,0,57,0.00819,analytic,"[1, 128, 768]","[1, 128, 768]",1081.91,0.0,0.375,cuda_event,cuda
44,encoder.layer.6.attention.self.query,Linear,0.05238,0.375,150994944.0,590592,0,58,0.05238,counter,"[1, 128, 768]","[1, 128, 768]",1081.91,0.0,0.375,cuda_event,cuda
44,encoder.layer.6.attention.self.key,Linear,0.0553,0.375,150994944.0,590592,0,59,0.0553,counter,"[1, 128, 768]","[1, 128, 768]",1081.91,0.0,0.375,cuda_event,cuda
44,encoder.layer.6.attention.self.value,Linear,0.05328,0.375,150994944.0,590592,0,60,0.05328,counter,"[1, 128, 768]","[1, 128, 768]",1081.91,0.0,0.375,cuda_event,cuda
44,encoder.layer.6.attention.output.dense,Linear,0.05475,0.375,150994944.0,590592,0,61,0.05475,counter,"[1, 128, 768]","[1, 128, 768]",1081.91,0.0,0.375,cuda_event,cuda
44,encoder.layer.6.attention.output.LayerNorm,LayerNorm,0.00819,0.375,491520.0,1536,0,62,0.00819,analytic,"[1, 128, 768]","[1, 128, 768]",1081.91,0.0,0.375,cuda_event,cuda
44,encoder.layer.6.intermediate.dense,Linear,0.12608,1.5,603979776.0,2362368,0,63,0.12608,counter,"[1, 128, 768]","[1, 128, 3072]",1081.91,0.0,1.5,cuda_event,cuda
44,encoder.layer.6.intermediate.intermediate_act_fn,GELUActivation,0.00701,1.5,0.0,0,0,64,0.00701,none,"[1, 128, 3072]","[1, 128, 3072]",1081.91,0.0,1.5,cuda_event,cuda
44,encoder.layer.6.output.dense,Linear,0.15277,0.375,603979776.0,2360064,0,65,0.15277,counter,"[1, 128, 3072]","[1, 128, 768]",1081.91,0.0,0.375,cuda_event,cuda
44,encoder.layer.6.output.LayerNorm,LayerNorm,0.00819,0.375,491520.0,1536,0,66,0.00819,analytic,"[1, 128, 768]","[1, 128, 768]",1081.91,0.0,0.375,cuda_event,cuda
44,encoder.layer.7.attention.self.query,Linear,0.05325,0.375,150994944.0,590592,0,67,0.05325,counter,"[1, 128, 768]","[1, 128, 768]",1081.91,0.0,0.375,cuda_event,cuda
44,encoder.layer.7.attention.self.key,Linear,0.05459,0.375,150994944.0,590592,0,68,0.05459,counter,"[1, 128, 768]","[1, 128, 768]",1081.91,0.0,0.375,cuda_event,cuda
44,encoder.layer.7.attention.self.value,Linear,0.05318,0.375,150994944.0,590592,0,69,0.05318,counter,"[1, 128, 768]","[1, 128, 768]",1081.91,0.0,0.375,cuda_event,cuda
44,encoder.layer.7.attention.output.dense,Linear,0.05325,0.375,150994944.0,590592,0,70,0.05325,counter,"[1, 128, 768]","[1, 128, 768]",1081.91,0.0,0.375,cuda_event,cuda
44,encoder.layer.7.attention.output.LayerNorm,LayerNorm,0.00794,0.375,491520.0,1536,0,71,0.00794,analytic,"[1, 128, 768]","[1, 128, 768]",1081.91,0.0,0.375,cuda_event,cuda
44,encoder.layer.7.intermediate.dense,Linear,0.12304,1.5,603979776.0,2362368,0,72,0.12304,counter,"[1, 128, 768]","[1, 128, 3072]",1081.91,0.0,1.5,cuda_event,cuda
44,encoder.layer.7.intermediate.intermediate_act_fn,GELUActivation,0.00637,1.5,0.0,0,0,73,0.00637,none,"[1, 128, 3072]","[1, 128, 3072]",1081.91,0.0,1.5,cuda_event,cuda
44,encoder.layer.7.output.dense,Linear,0.15565,0.375,603979776.0,2360064,0,74,0.15565,counter,"[1, 128, 3072]","[1, 128, 768]",1081.91,0.0,0.375,cuda_event,cuda
44,encoder.layer.7.output.LayerNorm,LayerNorm,0.00662,0.375,491520.0,1536,0,75,0.00662,analytic,"[1, 128, 768]","[1, 128, 768]",1081.91,0.0,0.375,cuda_event,cuda
44,encoder.layer.8.attention.self.query,Linear,0.05427,0.375,150994944.0,590592,0,76,0.05427,counter,"[1, 128, 768]","[1, 128, 768]",1081.91,0.0,0.375,cuda_event,cuda
44,encoder.layer.8.attention.self.key,Linear,0.05514,0.375,150994944.0,590592,0,77,0.05514,counter,"[1, 128, 768]","[1, 128, 768]",1081.91,0.0,0.375,cuda_event,cuda
44,encoder.layer.8.attention.self.value,Linear,0.05354,0.375,150994944.0,590592,0,78,0.05354,counter,"[1, 128, 768]","[1, 128, 768]",1081.91,0.0,0.375,cuda_event,cuda
44,encoder.layer.8.attention.output.dense,Linear,0.05398,0.375,150994944.0,590592,0,79,0.05398,counter,"[1, 128, 768]","[1, 128, 768]",1081.91,0.0,0.375,cuda_event,cuda
44,encoder.layer.8.attention.output.LayerNorm,LayerNorm,0.00784,0.375,491520.0,1536,0,80,0.00784,analytic,"[1, 128, 768]","[1, 128, 768]",1081.91,0.0,0.375,cuda_event,cuda
44,encoder.layer.8.intermediate.dense,Linear,0.12422,1.5,603979776.0,2362368,0,81,0.12422,counter,"[1, 128, 768]","[1, 128, 3072]",1081.91,0.0,1.5,cuda_event,cuda
44,encoder.layer.8.intermediate.intermediate_act_fn,GELUActivation,0.00698,1.5,0.0,0,0,82,0.00698,none,"[1, 128, 3072]","[1, 128, 3072]",1081.91,0.0,1.5,cuda_event,cuda
44,encoder.layer.8.output.dense,Linear,0.1528,0.375,603979776.0,2360064,0,83,0.1528,counter,"[1, 128, 3072]","[1, 128, 768]",1081.91,0.0,0.375,cuda_event,cuda
44,encoder.layer.8.output.LayerNorm,LayerNorm,0.00819,0.375,491520.0,1536,0,84,0.00819,analytic,"[1, 128, 768]","[1, 128, 768]",1081.91,0.0,0.375,cuda_event,cuda
44,encoder.layer.9.attention.self.query,Linear,0.05328,0.375,150994944.0,590592,0,85,0.05328,counter,"[1, 128, 768]","[1, 128, 768]",1081.91,0.0,0.375,cuda_event,cuda
44,encoder.layer.9.attention.self.key,Linear,0.05338,0.375,150994944.0,590592,0,86,0.05338,counter,"[1, 128, 768]","[1, 128, 768]",1081.91,0.0,0.375,cuda_event,cuda
44,encoder.layer.9.attention.self.value,Linear,0.05453,0.375,150994944.0,590592,0,87,0.05453,counter,"[1, 128, 768]","[1, 128, 768]",1081.91,0.0,0.375,cuda_event,cuda
44,encoder.layer.9.attention.output.dense,Linear,0.05325,0.375,150994944.0,590592,0,88,0.05325,counter,"[1, 128, 768]","[1, 128, 768]",1081.91,0.0,0.375,cuda_event,cuda
44,encoder.layer.9.attention.output.LayerNorm,LayerNorm,0.00781,0.375,491520.0,1536,0,89,0.00781,analytic,"[1, 128, 768]","[1, 128, 768]",1081.91,0.0,0.375,cuda_event,cuda
44,encoder.layer.9.intermediate.dense,Linear,0.12531,1.5,603979776.0,2362368,0,90,0.12531,counter,"[1, 128, 768]","[1, 128, 3072]",1081.91,0.0,1.5,cuda_event,cuda
44,encoder.layer.9.intermediate.intermediate_act_fn,GELUActivation,0.00758,1.5,0.0,0,0,91,0.00758,none,"[1, 128, 3072]","[1, 128, 3072]",1081.91,0.0,1.5,cuda_event,cuda
44,encoder.layer.9.output.dense,Linear,0.15437,0.375,603979776.0,2360064,0,92,0.15437,counter,"[1, 128, 3072]","[1, 128, 768]",1081.91,0.0,0.375,cuda_event,cuda
44,encoder.layer.9.output.LayerNorm,LayerNorm,0.00787,0.375,491520.0,1536,0,93,0.00787,analytic,"[1, 128, 768]","[1, 128, 768]",1081.91,0.0,0.375,cuda_event,cuda
44,encoder.layer.10.attention.self.query,Linear,0.05312,0.375,150994944.0,590592,0,94,0.05312,counter,"[1, 128, 768]","[1, 128, 768]",1081.91,0.0,0.375,cuda_event,cuda
44,encoder.layer.10.attention.self.key,Linear,0.05411,0.375,150994944.0,590592,0,95,0.05411,counter,"[1, 128, 768]","[1, 128, 768]",1081.91,0.0,0.375,cuda_event,cuda
44,encoder.layer.10.attention.self.value,Linear,0.05331,0.375,150994944.0,590592,0,96,0.05331,counter,"[1, 128, 768]","[1, 128, 768]",1081.91,0.0,0.375,cuda_event,cuda
44,encoder.layer.10.attention.output.dense,Linear,0.05379,0.375,150994944.0,590592,0,97,0.05379,counter,"[1, 128, 768]","[1, 128, 768]",1081.91,0.0,0.375,cuda_event,cuda
44,encoder.layer.10.attention.output.LayerNorm,LayerNorm,0.00781,0.375,491520.0,1536,0,98,0.00781,analytic,"[1, 128, 768]","[1, 128, 768]",1081.91,0.0,0.375,cuda_event,cuda
44,encoder.layer.10.intermediate.dense,Linear,0.12566,1.5,603979776.0,2362368,0,99,0.12566,counter,"[1, 128, 768]","[1, 128, 3072]",1081.91,0.0,1.5,cuda_event,cuda
44,encoder.layer.10.intermediate.intermediate_act_fn,GELUActivation,0.00816,1.5,0.0,0,0,100,0.00816,none,"[1, 128, 3072]","[1, 128, 3072]",1081.91,0.0,1.5,cuda_event,cuda
44,encoder.layer.10.output.dense,Linear,0.15379,0.375,603979776.0,2360064,0,101,0.15379,counter,"[1, 128, 3072]","[1, 128, 768]",1081.91,0.0,0.375,cuda_event,cuda
44,encoder.layer.10.output.LayerNorm,LayerNorm,0.00803,0.375,491520.0,1536,0,102,0.00803,analytic,"[1, 128, 768]","[1, 128, 768]",1081.91,0.0,0.375,cuda_event,cuda
44,encoder.layer.11.attention.self.query,Linear,0.05379,0.375,150994944.0,590592,0,103,0.05379,counter,"[1, 128, 768]","[1, 128, 768]",1081.91,0.0,0.375,cuda_event,cuda
44,encoder.layer.11.attention.self.key,Linear,0.05331,0.375,150994944.0,590592,0,104,0.05331,counter,"[1, 128, 768]","[1, 128, 768]",1081.91,0.0,0.375,cuda_event,cuda
44,encoder.layer.11.attention.self.value,Linear,0.05344,0.375,150994944.0,590592,0,105,0.05344,counter,"[1, 128, 768]","[1, 128, 768]",1081.91,0.0,0.375,cuda_event,cuda
44,encoder.layer.11.attention.output.dense,Linear,0.05376,0.375,150994944.0,590592,0,106,0.05376,counter,"[1, 128, 768]","[1, 128, 768]",1081.91,0.0,0.375,cuda_event,cuda
44,encoder.layer.11.attention.output.LayerNorm,LayerNorm,0.00787,0.375,491520.0,1536,0,107,0.00787,analytic,"[1, 128, 768]","[1, 128, 768]",1081.91,0.0,0.375,cuda_event,cuda
44,encoder.layer.11.intermediate.dense,Linear,0.12586,1.5,603979776.0,2362368,0,108,0.12586,counter,"[1, 128, 768]","[1, 128, 3072]",1081.91,0.0,1.5,cuda_event,cuda
44,encoder.layer.11.intermediate.intermediate_act_fn,GELUActivation,0.00618,1.5,0.0,0,0,109,0.00618,none,"[1, 128, 3072]","[1, 128, 3072]",1081.91,0.0,1.5,cuda_event,cuda
44,encoder.layer.11.output.dense,Linear,0.15517,0.375,603979776.0,2360064,0,110,0.15517,counter,"[1, 128, 3072]","[1, 128, 768]",1081.91,0.0,0.375,cuda_event,cuda
44,encoder.layer.11.output.LayerNorm,LayerNorm,0.00819,0.375,491520.0,1536,0,111,0.00819,analytic,"[1, 128, 768]","[1, 128, 768]",1081.91,0.0,0.375,cuda_event,cuda
44,pooler.dense,Linear,0.01405,0.00293,1179648.0,590592,0,112,0.01405,counter,"[1, 768]","[1, 768]",1081.91,0.0,0.003,cuda_event,cuda
44,pooler.activation,Tanh,0.00454,0.00293,3072.0,0,0,113,0.00454,analytic,"[1, 768]","[1, 768]",1081.91,0.0,0.003,cuda_event,cuda
45,embeddings.word_embeddings,Embedding,0.00592,0.375,0.0,23440896,0,0,0.00592,none,"[1, 128]","[1, 128, 768]",1081.91,0.0,0.375,cuda_event,cuda
45,embeddings.token_type_embeddings,Embedding,0.00461,0.375,0.0,1536,0,1,0.00461,none,"[1, 128]","[1, 128, 768]",1081.91,0.0,0.375,cuda_event,cuda
45,embeddings.position_embeddings,Embedding,0.00614,0.375,0.0,393216,0,2,0.00614,none,"[1, 128]","[1, 128, 768]",1081.91,0.0,0.375,cuda_event,cuda
45,embeddings.LayerNorm,LayerNorm,0.00717,0.375,491520.0,1536,0,3,0.00717,analytic,"[1, 128, 768]","[1, 128, 768]",1081.91,0.0,0.375,cuda_event,cuda
45,encoder.layer.0.attention.self.query,Linear,0.05523,0.375,150994944.0,590592,0,4,0.05523,counter,"[1, 128, 768]","[1, 128, 768]",1081.91,0.0,0.375,cuda_event,cuda
45,encoder.layer.0.attention.self.key,Linear,0.05347,0.375,150994944.0,590592,0,5,0.05347,counter,"[1, 128, 768]","[1, 128, 768]",1081.91,0.0,0.375,cuda_event,cuda
45,encoder.layer.0.attention.self.value,Linear,0.0553,0.375,150994944.0,590592,0,6,0.0553,counter,"[1, 128, 768]","[1, 128, 768]",1081.91,0.0,0.375,cuda_event,cuda
45,encoder.layer.0.attention.output.dense,Linear,0.05408,0.375,150994944.0,590592,0,7,0.05408,counter,"[1, 128, 768]","[1, 128, 768]",1081.91,0.0,0.375,cuda_event,cuda
45,encoder.layer.0.attention.output.LayerNorm,LayerNorm,0.00819,0.375,491520.0,1536,0,8,0.00819,analytic,"[1, 128, 768]","[1, 128, 768]",1081.91,0.0,0.375,cuda_event,cuda
45,encoder.layer.0.intermediate.dense,Linear,0.1247,1.5,603979776.0,2362368,0,9,0.1247,counter,"[1, 128, 768]","[1, 128, 3072]",1081.91,0.0,1.5,cuda_event,cuda
45,encoder.layer.0.intermediate.intermediate_act_fn,GELUActivation,0.0065,1.5,0.0,0,0,10,0.0065,none,"[1, 128, 3072]","[1, 128, 3072]",1081.91,0.0,1.5,cuda_event,cuda
45,encoder.layer.0.output.dense,Linear,0.1536,0.375,603979776.0,2360064,0,11,0.1536,counter,"[1, 128, 3072]","[1, 128, 768]",1081.91,0.0,0.375,cuda_event,cuda
45,encoder.layer.0.output.LayerNorm,LayerNorm,0.00819,0.375,491520.0,1536,0,12,0.00819,analytic,"[1, 128, 768]","[1, 128, 768]",1081.91,0.0,0.375,cuda_event,cuda
45,encoder.layer.1.attention.self.query,Linear,0.05261,0.375,150994944.0,590592,0,13,0.05261,counter,"[1, 128, 768]","[1, 128, 768]",1081.91,0.0,0.375,cuda_event,cuda
45,encoder.layer.1.attention.self.key,Linear,0.05363,0.375,150994944.0,590592,0,14,0.05363,counter,"[1, 128, 768]","[1, 128, 768]",1081.91,0.0,0.375,cuda_event,cuda
45,encoder.layer.1.attention.self.value,Linear,0.05392,0.375,150994944.0,590592,0,15,0.05392,counter,"[1, 128, 768]","[1, 128, 768]",1081.91,0.0,0.375,cuda_event,cuda
45,encoder.layer.1.attention.output.dense,Linear,0.05357,0.375,150994944.0,590592,0,16,0.05357,counter,"[1, 128, 768]","[1, 128, 768]",1081.91,0.0,0.375,cuda_event,cuda
45,encoder.layer.1.attention.output.LayerNorm,LayerNorm,0.00778,0.375,491520.0,1536,0,17,0.00778,analytic,"[1, 128, 768]","[1, 128, 768]",1081.91,0.0,0.375,cuda_event,cuda
45,encoder.layer.1.intermediate.dense,Linear,0.12323,1.5,603979776.0,2362368,0,18,0.12323,counter,"[1, 128, 768]","[1, 128, 3072]",1081.91,0.0,1.5,cuda_event,cuda
45,encoder.layer.1.intermediate.intermediate_act_fn,GELUActivation,0.00672,1.5,0.0,0,0,19,0.00672,none,"[1, 128, 3072]","[1, 128, 3072]",1081.91,0.0,1.5,cuda_event,cuda
45,encoder.layer.1.output.dense,Linear,0.15357,0.375,603979776.0,2360064,0,20,0.15357,counter,"[1, 128, 3072]","[1, 128, 768]",1081.91,0.0,0.375,cuda_event,cuda
45,encoder.layer.1.output.LayerNorm,LayerNorm,0.00816,0.375,491520.0,1536,0,21,0.00816,analytic,"[1, 128, 768]","[1, 128, 768]",1081.91,0.0,0.375,cuda_event,cuda
45,encoder.layer.2.attention.self.query,Linear,0.05344,0.375,150994944.0,590592,0,22,0.05344,counter,"[1, 128, 768]","[1, 128, 768]",1081.91,0.0,0.375,cuda_event,cuda
45,encoder.layer.2.attention.self.key,Linear,0.0545,0.375,150994944.0,590592,0,23,0.0545,counter,"[1, 128, 768]","[1, 128, 768]",1081.91,0.0,0.375,cuda_event,cuda
45,encoder.layer.2.attention.self.value,Linear,0.05418,0.375,150994944.0,590592,0,24,0.05418,counter,"[1, 128, 768]","[1, 128, 768]",1081.91,0.0,0.375,cuda_event,cuda
45,encoder.layer.2.attention.output.dense,Linear,0.05274,0.375,150994944.0,590592,0,25,0.05274,counter,"[1, 128, 768]","[1, 128, 768]",1081.91,0.0,0.375,cuda_event,cuda
45,encoder.layer.2.attention.output.LayerNorm,LayerNorm,0.00704,0.375,491520.0,1536,0,26,0.00704,analytic,"[1, 128, 768]","[1, 128, 768]",1081.91,0.0,0.375,cuda_event,cuda
45,encoder.layer.2.intermediate.dense,Linear,0.12493,1.5,603979776.0,2362368,0,27,0.12493,counter,"[1, 128, 768]","[1, 128, 3072]",1081.91,0.0,1.5,cuda_event,cuda
45,encoder.layer.2.intermediate.intermediate_act_fn,GELUActivation,0.00755,1.5,0.0,0,0,28,0.00755,none,"[1, 128, 3072]","[1, 128, 3072]",1081.91,0.0,1.5,cuda_event,cuda
45,encoder.layer.2.output.dense,Linear,0.15165,0.375,603979776.0,2360064,0,29,0.15165,counter,"[1, 128, 3072]","[1, 128, 768]",1081.91,0.0,0.375,cuda_event,cuda
45,encoder.layer.2.output.LayerNorm,LayerNorm,0.00816,0.375,491520.0,1536,0,30,0.00816,analytic,"[1, 128, 768]","[1, 128, 768]",1081.91,0.0,0.375,cuda_event,cuda
45,encoder.layer.3.attention.self.query,Linear,0.05443,0.375,150994944.0,590592,0,31,0.05443,counter,"[1, 128, 768]","[1, 128, 768]",1081.91,0.0,0.375,cuda_event,cuda
45,encoder.layer.3.attention.self.key,Linear,0.0536,0.375,150994944.0,590592,0,32,0.0536,counter,"[1, 128, 768]","[1, 128, 768]",1081.91,0.0,0.375,cuda_event,cuda
45,encoder.layer.3.attention.self.value,Linear,0.05366,0.375,150994944.0,590592,0,33,0.05366,counter,"[1, 128, 768]","[1, 128, 768]",1081.91,0.0,0.375,cuda_event,cuda
45,encoder.layer.3.attention.output.dense,Linear,0.05456,0.375,150994944.0,590592,0,34,0.05456,counter,"[1, 128, 768]","[1, 128, 768]",1081.91,0.0,0.375,cuda_event,cuda
45,encoder.layer.3.attention.output.LayerNorm,LayerNorm,0.00819,0.375,491520.0,1536,0,35,0.00819,analytic,"[1, 128, 768]","[1, 128, 768]",1081.91,0.0,0.375,cuda_event,cuda
45,encoder.layer.3.intermediate.dense,Linear,0.12669,1.5,603979776.0,2362368,0,36,0.12669,counter,"[1, 128, 768]","[1, 128, 3072]",1081.91,0.0,1.5,cuda_event,cuda
45,encoder.layer.3.intermediate.intermediate_act_fn,GELUActivation,0.00656,1.5,0.0,0,0,37,0.00656,none,"[1, 128, 3072]","[1, 128, 3072]",1081.91,0.0,1.5,cuda_event,cuda
45,encoder.layer.3.output.dense,Linear,0.15494,0.375,603979776.0,2360064,0,38,0.15494,counter,"[1, 128, 3072]","[1, 128, 768]",1081.91,0.0,0.375,cuda_event,cuda
45,encoder.layer.3.output.LayerNorm,LayerNorm,0.00819,0.375,491520.0,1536,0,39,0.00819,analytic,"[1, 128, 768]","[1, 128, 768]",1081.91,0.0,0.375,cuda_event,cuda
45,encoder.layer.4.attention.self.query,Linear,0.05325,0.375,150994944.0,590592,0,40,0.05325,counter,"[1, 128, 768]","[1, 128, 768]",1081.91,0.0,0.375,cuda_event,cuda
45,encoder.layer.4.attention.self.key,Linear,0.05325,0.375,150994944.0,590592,0,41,0.05325,counter,"[1, 128, 768]","[1, 128, 768]",1081.91,0.0,0.375,cuda_event,cuda
45,encoder.layer.4.attention.self.value,Linear,0.05507,0.375,150994944.0,590592,0,42,0.05507,counter,"[1, 128, 768]","[1, 128, 768]",1081.91,0.0,0.375,cuda_event,cuda
45,encoder.layer.4.attention.output.dense,Linear,0.0553,0.375,150994944.0,590592,0,43,0.0553,counter,"[1, 128, 768]","[1, 128, 768]",1081.91,0.0,0.375,cuda_event,cuda
45,encoder.layer.4.attention.output.LayerNorm,LayerNorm,0.00819,0.375,491520.0,1536,0,44,0.00819,analytic,"[1, 128, 768]","[1, 128, 768]",1081.91,0.0,0.375,cuda_event,cuda
45,encoder.layer.4.intermediate.dense,Linear,0.12346,1.5,603979776.0,2362368,0,45,0.12346,counter,"[1, 128, 768]","[1, 128, 3072]",1081.91,0.0,1.5,cuda_event,cuda
45,encoder.layer.4.intermediate.intermediate_act_fn,GELUActivation,0.00614,1.5,0.0,0,0,46,0.00614,none,"[1, 128, 3072]","[1, 128, 3072]",1081.91,0.0,1.5,cuda_event,cuda
45,encoder.layer.4.output.dense,Linear,0.15334,0.375,603979776.0,2360064,0,47,0.15334,counter,"[1, 128, 3072]","[1, 128, 768]",1081.91,0.0,0.375,cuda_event,cuda
45,encoder.layer.4.output.LayerNorm,LayerNorm,0.00781,0.375,491520.0,1536,0,48,0.00781,analytic,"[1, 128, 768]","[1, 128, 768]",1081.91,0.0,0.375,cuda_event,cuda
45,encoder.layer.5.attention.self.query,Linear,0.05325,0.375,150994944.0,590592,0,49,0.05325,counter,"[1, 128, 768]","[1, 128, 768]",1081.91,0.0,0.375,cuda_event,cuda
45,encoder.layer.5.attention.self.key,Linear,0.05325,0.375,150994944.0,590592,0,50,0.05325,counter,"[1, 128, 768]","[1, 128, 768]",1081.91,0.0,0.375,cuda_event,cuda
45,encoder.layer.5.attention.self.value,Linear,0.05325,0.375,150994944.0,590592,0,51,0.05325,counter,"[1, 128, 768]","[1, 128, 768]",1081.91,0.0,0.375,cuda_event,cuda
45,encoder.layer.5.attention.output.dense,Linear,0.05325,0.375,150994944.0,590592,0,52,0.05325,counter,"[1, 128, 768]","[1, 128, 768]",1081.91,0.0,0.375,cuda_event,cuda
45,encoder.layer.5.attention.output.LayerNorm,LayerNorm,0.00688,0.375,491520.0,1536,0,53,0.00688,analytic,"[1, 128, 768]","[1, 128, 768]",1081.91,0.0,0.375,cuda_event,cuda
45,encoder.layer.5.intermediate.dense,Linear,0.12493,1.5,603979776.0,2362368,0,54,0.12493,counter,"[1, 128, 768]","[1, 128, 3072]",1081.91,0.0,1.5,cuda_event,cuda
45,encoder.layer.5.intermediate.intermediate_act_fn,GELUActivation,0.00614,1.5,0.0,0,0,55,0.00614,none,"[1, 128, 3072]","[1, 128, 3072]",1081.91,0.0,1.5,cuda_event,cuda
45,encoder.layer.5.output.dense,Linear,0.1536,0.375,603979776.0,2360064,0,56,0.1536,counter,"[1, 128, 3072]","[1, 128, 768]",1081.91,0.0,0.375,cuda_event,cuda
45,encoder.layer.5.output.LayerNorm,LayerNorm,0.00819,0.375,491520.0,1536,0,57,0.00819,analytic,"[1, 128, 768]","[1, 128, 768]",1081.91,0.0,0.375,cuda_event,cuda
45,encoder.layer.6.attention.self.query,Linear,0.05331,0.375,150994944.0,590592,0,58,0.05331,counter,"[1, 128, 768]","[1, 128, 768]",1081.91,0.0,0.375,cuda_event,cuda
45,encoder.layer.6.attention.self.key,Linear,0.05331,0.375,150994944.0,590592,0,59,0.05331,counter,"[1, 128, 768]","[1, 128, 768]",1081.91,0.0,0.375,cuda_event,cuda
45,encoder.layer.6.attention.self.value,Linear,0.05446,0.375,150994944.0,590592,0,60,0.05446,counter,"[1, 128, 768]","[1, 128, 768]",1081.91,0.0,0.375,cuda_event,cuda
45,encoder.layer.6.attention.output.dense,Linear,0.05338,0.375,150994944.0,590592,0,61,0.05338,counter,"[1, 128, 768]","[1, 128, 768]",1081.91,0.0,0.375,cuda_event,cuda
45,encoder.layer.6.attention.output.LayerNorm,LayerNorm,0.00758,0.375,491520.0,1536,0,62,0.00758,analytic,"[1, 128, 768]","[1, 128, 768]",1081.91,0.0,0.375,cuda_event,cuda
45,encoder.layer.6.intermediate.dense,Linear,0.12755,1.5,603979776.0,2362368,0,63,0.12755,counter,"[1, 128, 768]","[1, 128, 3072]",1081.91,0.0,1.5,cuda_event,cuda
45,encoder.layer.6.intermediate.intermediate_act_fn,GELUActivation,0.00669,1.5,0.0,0,0,64,0.00669,none,"[1, 128, 3072]","[1, 128, 3072]",1081.91,0.0,1.5,cuda_event,cuda
45,encoder.layer.6.output.dense,Linear,0.15379,0.375,603979776.0,2360064,0,65,0.15379,counter,"[1, 128, 3072]","[1, 128, 768]",1081.91,0.0,0.375,cuda_event,cuda
45,encoder.layer.6.output.LayerNorm,LayerNorm,0.00819,0.375,491520.0,1536,0,66,0.00819,analytic,"[1, 128, 768]","[1, 128, 768]",1081.91,0.0,0.375,cuda_event,cuda
45,encoder.layer.7.attention.self.query,Linear,0.05322,0.375,150994944.0,590592,0,67,0.05322,counter,"[1, 128, 768]","[1, 128, 768]",1081.91,0.0,0.375,cuda_event,cuda
45,encoder.layer.7.attention.self.key,Linear,0.05312,0.375,150994944.0,590592,0,68,0.05312,counter,"[1, 128, 768]","[1, 128, 768]",1081.91,0.0,0.375,cuda_event,cuda
45,encoder.layer.7.attention.self.value,Linear,0.0545,0.375,150994944.0,590592,0,69,0.0545,counter,"[1, 128, 768]","[1, 128, 768]",1081.91,0.0,0.375,cuda_event,cuda
45,encoder.layer.7.attention.output.dense,Linear,0.05325,0.375,150994944.0,590592,0,70,0.05325,counter,"[1, 128, 768]","[1, 128, 768]",1081.91,0.0,0.375,cuda_event,cuda
45,encoder.layer.7.attention.output.LayerNorm,LayerNorm,0.0081,0.375,491520.0,1536,0,71,0.0081,analytic,"[1, 128, 768]","[1, 128, 768]",1081.91,0.0,0.375,cuda_event,cuda
45,encoder.layer.7.intermediate.dense,Linear,0.12314,1.5,603979776.0,2362368,0,72,0.12314,counter,"[1, 128, 768]","[1, 128, 3072]",1081.91,0.0,1.5,cuda_event,cuda
45,encoder.layer.7.intermediate.intermediate_act_fn,GELUActivation,0.00614,1.5,0.0,0,0,73,0.00614,none,"[1, 128, 3072]","[1, 128, 3072]",1081.91,0.0,1.5,cuda_event,cuda
45,encoder.layer.7.output.dense,Linear,0.15533,0.375,603979776.0,2360064,0,74,0.15533,counter,"[1, 128, 3072]","[1, 128, 768]",1081.91,0.0,0.375,cuda_event,cuda
45,encoder.layer.7.output.LayerNorm,LayerNorm,0.00682,0.375,491520.0,1536,0,75,0.00682,analytic,"[1, 128, 768]","[1, 128, 768]",1081.91,0.0,0.375,cuda_event,cuda
45,encoder.layer.8.attention.self.query,Linear,0.05325,0.375,150994944.0,590592,0,76,0.05325,counter,"[1, 128, 768]","[1, 128, 768]",1081.91,0.0,0.375,cuda_event,cuda
45,encoder.layer.8.attention.self.key,Linear,0.0543,0.375,150994944.0,590592,0,77,0.0543,counter,"[1, 128, 768]","[1, 128, 768]",1081.91,0.0,0.375,cuda_event,cuda
45,encoder.layer.8.attention.self.value,Linear,0.05462,0.375,150994944.0,590592,0,78,0.05462,counter,"[1, 128, 768]","[1, 128, 768]",1081.91,0.0,0.375,cuda_event,cuda
45,encoder.layer.8.attention.output.dense,Linear,0.05475,0.375,150994944.0,590592,0,79,0.05475,counter,"[1, 128, 768]","[1, 128, 768]",1081.91,0.0,0.375,cuda_event,cuda
45,encoder.layer.8.attention.output.LayerNorm,LayerNorm,0.00819,0.375,491520.0,1536,0,80,0.00819,analytic,"[1, 128, 768]","[1, 128, 768]",1081.91,0.0,0.375,cuda_event,cuda
45,encoder.layer.8.intermediate.dense,Linear,0.12288,1.5,603979776.0,2362368,0,81,0.12288,counter,"[1, 128, 768]","[1, 128, 3072]",1081.91,0.0,1.5,cuda_event,cuda
45,encoder.layer.8.intermediate.intermediate_act_fn,GELUActivation,0.0073,1.5,0.0,0,0,82,0.0073,none,"[1, 128, 3072]","[1, 128, 3072]",1081.91,0.0,1.5,cuda_event,cuda
45,encoder.layer.8.output.dense,Linear,0.1536,0.375,603979776.0,2360064,0,83,0.1536,counter,"[1, 128, 3072]","[1, 128, 768]",1081.91,0.0,0.375,cuda_event,cuda
45,encoder.layer.8.output.LayerNorm,LayerNorm,0.00774,0.375,491520.0,1536,0,84,0.00774,analytic,"[1, 128, 768]","[1, 128, 768]",1081.91,0.0,0.375,cuda_event,cuda
45,encoder.layer.9.attention.self.query,Linear,0.05325,0.375,150994944.0,590592,0,85,0.05325,counter,"[1, 128, 768]","[1, 128, 768]",1081.91,0.0,0.375,cuda_event,cuda
45,encoder.layer.9.attention.self.key,Linear,0.05306,0.375,150994944.0,590592,0,86,0.05306,counter,"[1, 128, 768]","[1, 128, 768]",1081.91,0.0,0.375,cuda_event,cuda
45,encoder.layer.9.attention.self.value,Linear,0.0536,0.375,150994944.0,590592,0,87,0.0536,counter,"[1, 128, 768]","[1, 128, 768]",1081.91,0.0,0.375,cuda_event,cuda
45,encoder.layer.9.attention.output.dense,Linear,0.05462,0.375,150994944.0,590592,0,88,0.05462,counter,"[1, 128, 768]","[1, 128, 768]",1081.91,0.0,0.375,cuda_event,cuda
45,encoder.layer.9.attention.output.LayerNorm,LayerNorm,0.00819,0.375,491520.0,1536,0,89,0.00819,analytic,"[1, 128, 768]","[1, 128, 768]",1081.91,0.0,0.375,cuda_event,cuda
45,encoder.layer.9.intermediate.dense,Linear,0.12493,1.5,603979776.0,2362368,0,90,0.12493,counter,"[1, 128, 768]","[1, 128, 3072]",1081.91,0.0,1.5,cuda_event,cuda
45,encoder.layer.9.intermediate.intermediate_act_fn,GELUActivation,0.00816,1.5,0.0,0,0,91,0.00816,none,"[1, 128, 3072]","[1, 128, 3072]",1081.91,0.0,1.5,cuda_event,cuda
45,encoder.layer.9.output.dense,Linear,0.1551,0.375,603979776.0,2360064,0,92,0.1551,counter,"[1, 128, 3072]","[1, 128, 768]",1081.91,0.0,0.375,cuda_event,cuda
45,encoder.layer.9.output.LayerNorm,LayerNorm,0.00813,0.375,491520.0,1536,0,93,0.00813,analytic,"[1, 128, 768]","[1, 128, 768]",1081.91,0.0,0.375,cuda_event,cuda
45,encoder.layer.10.attention.self.query,Linear,0.05258,0.375,150994944.0,590592,0,94,0.05258,counter,"[1, 128, 768]","[1, 128, 768]",1081.91,0.0,0.375,cuda_event,cuda
45,encoder.layer.10.attention.self.key,Linear,0.05318,0.375,150994944.0,590592,0,95,0.05318,counter,"[1, 128, 768]","[1, 128, 768]",1081.91,0.0,0.375,cuda_event,cuda
45,encoder.layer.10.attention.self.value,Linear,0.05427,0.375,150994944.0,590592,0,96,0.05427,counter,"[1, 128, 768]","[1, 128, 768]",1081.91,0.0,0.375,cuda_event,cuda
45,encoder.layer.10.attention.output.dense,Linear,0.05382,0.375,150994944.0,590592,0,97,0.05382,counter,"[1, 128, 768]","[1, 128, 768]",1081.91,0.0,0.375,cuda_event,cuda
45,encoder.layer.10.attention.output.LayerNorm,LayerNorm,0.00762,0.375,491520.0,1536,0,98,0.00762,analytic,"[1, 128, 768]","[1, 128, 768]",1081.91,0.0,0.375,cuda_event,cuda
45,encoder.layer.10.intermediate.dense,Linear,0.12522,1.5,603979776.0,2362368,0,99,0.12522,counter,"[1, 128, 768]","[1, 128, 3072]",1081.91,0.0,1.5,cuda_event,cuda
45,encoder.layer.10.intermediate.intermediate_act_fn,GELUActivation,0.00666,1.5,0.0,0,0,100,0.00666,none,"[1, 128, 3072]","[1, 128, 3072]",1081.91,0.0,1.5,cuda_event,cuda
45,encoder.layer.10.output.dense,Linear,0.15302,0.375,603979776.0,2360064,0,101,0.15302,counter,"[1, 128, 3072]","[1, 128, 768]",1081.91,0.0,0.375,cuda_event,cuda
45,encoder.layer.10.output.LayerNorm,LayerNorm,0.00819,0.375,491520.0,1536,0,102,0.00819,analytic,"[1, 128, 768]","[1, 128, 768]",1081.91,0.0,0.375,cuda_event,cuda
45,encoder.layer.11.attention.self.query,Linear,0.05318,0.375,150994944.0,590592,0,103,0.05318,counter,"[1, 128, 768]","[1, 128, 768]",1081.91,0.0,0.375,cuda_event,cuda
45,encoder.layer.11.attention.self.key,Linear,0.05344,0.375,150994944.0,590592,0,104,0.05344,counter,"[1, 128, 768]","[1, 128, 768]",1081.91,0.0,0.375,cuda_event,cuda
45,encoder.layer.11.attention.self.value,Linear,0.05325,0.375,150994944.0,590592,0,105,0.05325,counter,"[1, 128, 768]","[1, 128, 768]",1081.91,0.0,0.375,cuda_event,cuda
45,encoder.layer.11.attention.output.dense,Linear,0.05331,0.375,150994944.0,590592,0,106,0.05331,counter,"[1, 128, 768]","[1, 128, 768]",1081.91,0.0,0.375,cuda_event,cuda
45,encoder.layer.11.attention.output.LayerNorm,LayerNorm,0.00698,0.375,491520.0,1536,0,107,0.00698,analytic,"[1, 128, 768]","[1, 128, 768]",1081.91,0.0,0.375,cuda_event,cuda
45,encoder.layer.11.intermediate.dense,Linear,0.12646,1.5,603979776.0,2362368,0,108,0.12646,counter,"[1, 128, 768]","[1, 128, 3072]",1081.91,0.0,1.5,cuda_event,cuda
45,encoder.layer.11.intermediate.intermediate_act_fn,GELUActivation,0.00678,1.5,0.0,0,0,109,0.00678,none,"[1, 128, 3072]","[1, 128, 3072]",1081.91,0.0,1.5,cuda_event,cuda
45,encoder.layer.11.output.dense,Linear,0.15155,0.375,603979776.0,2360064,0,110,0.15155,counter,"[1, 128, 3072]","[1, 128, 768]",1081.91,0.0,0.375,cuda_event,cuda
45,encoder.layer.11.output.LayerNorm,LayerNorm,0.00797,0.375,491520.0,1536,0,111,0.00797,analytic,"[1, 128, 768]","[1, 128, 768]",1081.91,0.0,0.375,cuda_event,cuda
45,pooler.dense,Linear,0.01299,0.00293,1179648.0,590592,0,112,0.01299,counter,"[1, 768]","[1, 768]",1081.91,0.0,0.003,cuda_event,cuda
45,pooler.activation,Tanh,0.0041,0.00293,3072.0,0,0,113,0.0041,analytic,"[1, 768]","[1, 768]",1081.91,0.0,0.003,cuda_event,cuda
46,embeddings.word_embeddings,Embedding,0.00614,0.375,0.0,23440896,0,0,0.00614,none,"[1, 128]","[1, 128, 768]",1081.91,0.0,0.375,cuda_event,cuda
46,embeddings.token_type_embeddings,Embedding,0.00531,0.375,0.0,1536,0,1,0.00531,none,"[1, 128]","[1, 128, 768]",1081.91,0.0,0.375,cuda_event,cuda
46,embeddings.position_embeddings,Embedding,0.00608,0.375,0.0,393216,0,2,0.00608,none,"[1, 128]","[1, 128, 768]",1081.91,0.0,0.375,cuda_event,cuda
46,embeddings.LayerNorm,LayerNorm,0.00762,0.375,491520.0,1536,0,3,0.00762,analytic,"[1, 128, 768]","[1, 128, 768]",1081.91,0.0,0.375,cuda_event,cuda
46,encoder.layer.0.attention.self.query,Linear,0.05405,0.375,150994944.0,590592,0,4,0.05405,counter,"[1, 128, 768]","[1, 128, 768]",1081.91,0.0,0.375,cuda_event,cuda
46,encoder.layer.0.attention.self.key,Linear,0.0553,0.375,150994944.0,590592,0,5,0.0553,counter,"[1, 128, 768]","[1, 128, 768]",1081.91,0.0,0.375,cuda_event,cuda
46,encoder.layer.0.attention.self.value,Linear,0.05328,0.375,150994944.0,590592,0,6,0.05328,counter,"[1, 128, 768]","[1, 128, 768]",1081.91,0.0,0.375,cuda_event,cuda
46,encoder.layer.0.attention.output.dense,Linear,0.05315,0.375,150994944.0,590592,0,7,0.05315,counter,"[1, 128, 768]","[1, 128, 768]",1081.91,0.0,0.375,cuda_event,cuda
46,encoder.layer.0.attention.output.LayerNorm,LayerNorm,0.00701,0.375,491520.0,1536,0,8,0.00701,analytic,"[1, 128, 768]","[1, 128, 768]",1081.91,0.0,0.375,cuda_event,cuda
46,encoder.layer.0.intermediate.dense,Linear,0.12493,1.5,603979776.0,2362368,0,9,0.12493,counter,"[1, 128, 768]","[1, 128, 3072]",1081.91,0.0,1.5,cuda_event,cuda
46,encoder.layer.0.intermediate.intermediate_act_fn,GELUActivation,0.00755,1.5,0.0,0,0,10,0.00755,none,"[1, 128, 3072]","[1, 128, 3072]",1081.91,0.0,1.5,cuda_event,cuda
46,encoder.layer.0.output.dense,Linear,0.15235,0.375,603979776.0,2360064,0,11,0.15235,counter,"[1, 128, 3072]","[1, 128, 768]",1081.91,0.0,0.375,cuda_event,cuda
46,encoder.layer.0.output.LayerNorm,LayerNorm,0.00819,0.375,491520.0,1536,0,12,0.00819,analytic,"[1, 128, 768]","[1, 128, 768]",1081.91,0.0,0.375,cuda_event,cuda
46,encoder.layer.1.attention.self.query,Linear,0.05325,0.375,150994944.0,590592,0,13,0.05325,counter,"[1, 128, 768]","[1, 128, 768]",1081.91,0.0,0.375,cuda_event,cuda
46,encoder.layer.1.attention.self.key,Linear,0.05485,0.375,150994944.0,590592,0,14,0.05485,counter,"[1, 128, 768]","[1, 128, 768]",1081.91,0.0,0.375,cuda_event,cuda
46,encoder.layer.1.attention.self.value,Linear,0.05392,0.375,150994944.0,590592,0,15,0.05392,counter,"[1, 128, 768]","[1, 128, 768]",1081.91,0.0,0.375,cuda_event,cuda
46,encoder.layer.1.attention.output.dense,Linear,0.05379,0.375,150994944.0,590592,0,16,0.05379,counter,"[1, 128, 768]","[1, 128, 768]",1081.91,0.0,0.375,cuda_event,cuda
46,encoder.layer.1.attention.output.LayerNorm,LayerNorm,0.00672,0.375,491520.0,1536,0,17,0.00672,analytic,"[1, 128, 768]","[1, 128, 768]",1081.91,0.0,0.375,cuda_event,cuda
46,encoder.layer.1.intermediate.dense,Linear,0.1263,1.5,603979776.0,2362368,0,18,0.1263,counter,"[1, 128, 768]","[1, 128, 3072]",1081.91,0.0,1.5,cuda_event,cuda
46,encoder.layer.1.intermediate.intermediate_act_fn,GELUActivation,0.00698,1.5,0.0,0,0,19,0.00698,none,"[1, 128, 3072]","[1, 128, 3072]",1081.91,0.0,1.5,cuda_event,cuda
46,encoder.layer.1.output.dense,Linear,0.15565,0.375,603979776.0,2360064,0,20,0.15565,counter,"[1, 128, 3072]","[1, 128, 768]",1081.91,0.0,0.375,cuda_event,cuda
46,encoder.layer.1.output.LayerNorm,LayerNorm,0.00819,0.375,491520.0,1536,0,21,0.00819,analytic,"[1, 128, 768]","[1, 128, 768]",1081.91,0.0,0.375,cuda_event,cuda
46,encoder.layer.2.attention.self.query,Linear,0.05325,0.375,150994944.0,590592,0,22,0.05325,counter,"[1, 128, 768]","[1, 128, 768]",1081.91,0.0,0.375,cuda_event,cuda
46,encoder.layer.2.attention.self.key,Linear,0.05491,0.375,150994944.0,590592,0,23,0.05491,counter,"[1, 128, 768]","[1, 128, 768]",1081.91,0.0,0.375,cuda_event,cuda
46,encoder.layer.2.attention.self.value,Linear,0.05347,0.375,150994944.0,590592,0,24,0.05347,counter,"[1, 128, 768]","[1, 128, 768]",1081.91,0.0,0.375,cuda_event,cuda
46,encoder.layer.2.attention.output.dense,Linear,0.0553,0.375,150994944.0,590592,0,25,0.0553,counter,"[1, 128, 768]","[1, 128, 768]",1081.91,0.0,0.375,cuda_event,cuda
46,encoder.layer.2.attention.output.LayerNorm,LayerNorm,0.00813,0.375,491520.0,1536,0,26,0.00813,analytic,"[1, 128, 768]","[1, 128, 768]",1081.91,0.0,0.375,cuda_event,cuda
46,encoder.layer.2.intermediate.dense,Linear,0.12502,1.5,603979776.0,2362368,0,27,0.12502,counter,"[1, 128, 768]","[1, 128, 3072]",1081.91,0.0,1.5,cuda_event,cuda
46,encoder.layer.2.intermediate.intermediate_act_fn,GELUActivation,0.00643,1.5,0.0,0,0,28,0.00643,none,"[1, 128, 3072]","[1, 128, 3072]",1081.91,0.0,1.5,cuda_event,cuda
46,encoder.layer.2.output.dense,Linear,0.15344,0.375,603979776.0,2360064,0,29,0.15344,counter,"[1, 128, 3072]","[1, 128, 768]",1081.91,0.0,0.375,cuda_event,cuda
46,encoder.layer.2.output.LayerNorm,LayerNorm,0.00685,0.375,491520.0,1536,0,30,0.00685,analytic,"[1, 128, 768]","[1, 128, 768]",1081.91,0.0,0.375,cuda_event,cuda
46,encoder.layer.3.attention.self.query,Linear,0.05322,0.375,150994944.0,590592,0,31,0.05322,counter,"[1, 128, 768]","[1, 128, 768]",1081.91,0.0,0.375,cuda_event,cuda
46,encoder.layer.3.attention.self.key,Linear,0.05341,0.375,150994944.0,590592,0,32,0.05341,counter,"[1, 128, 768]","[1, 128, 768]",1081.91,0.0,0.375,cuda_event,cuda
46,encoder.layer.3.attention.self.value,Linear,0.05325,0.375,150994944.0,590592,0,33,0.05325,counter,"[1, 128, 768]","[1, 128, 768]",1081.91,0.0,0.375,cuda_event,cuda
46,encoder.layer.3.attention.output.dense,Linear,0.05395,0.375,150994944.0,590592,0,34,0.05395,counter,"[1, 128, 768]","[1, 128, 768]",1081.91,0.0,0.375,cuda_event,cuda
46,encoder.layer.3.attention.output.LayerNorm,LayerNorm,0.00781,0.375,491520.0,1536,0,35,0.00781,analytic,"[1, 128, 768]","[1, 128, 768]",1081.91,0.0,0.375,cuda_event,cuda
46,encoder.layer.3.intermediate.dense,Linear,0.12579,1.5,603979776.0,2362368,0,36,0.12579,counter,"[1, 128, 768]","[1, 128, 3072]",1081.91,0.0,1.5,cuda_event,cuda
46,encoder.layer.3.intermediate.intermediate_act_fn,GELUActivation,0.00643,1.5,0.0,0,0,37,0.00643,none,"[1, 128, 3072]","[1, 128, 3072]",1081.91,0.0,1.5,cuda_event,cuda
46,encoder.layer.3.output.dense,Linear,0.15526,0.375,603979776.0,2360064,0,38,0.15526,counter,"[1, 128, 3072]","[1, 128, 768]",1081.91,0.0,0.375,cuda_event,cuda
46,encoder.layer.3.output.LayerNorm,LayerNorm,0.00816,0.375,491520.0,1536,0,39,0.00816,analytic,"[1, 128, 768]","[1, 128, 768]",1081.91,0.0,0.375,cuda_event,cuda
46,encoder.layer.4.attention.self.query,Linear,0.05443,0.375,150994944.0,590592,0,40,0.05443,counter,"[1, 128, 768]","[1, 128, 768]",1081.91,0.0,0.375,cuda_event,cuda
46,encoder.layer.4.attention.self.key,Linear,0.05334,0.375,150994944.0,590592,0,41,0.05334,counter,"[1, 128, 768]","[1, 128, 768]",1081.91,0.0,0.375,cuda_event,cuda
46,encoder.layer.4.attention.self.value,Linear,0.05392,0.375,150994944.0,590592,0,42,0.05392,counter,"[1, 128, 768]","[1, 128, 768]",1081.91,0.0,0.375,cuda_event,cuda
46,encoder.layer.4.attention.output.dense,Linear,0.05446,0.375,150994944.0,590592,0,43,0.05446,counter,"[1, 128, 768]","[1, 128, 768]",1081.91,0.0,0.375,cuda_event,cuda
46,encoder.layer.4.attention.output.LayerNorm,LayerNorm,0.00819,0.375,491520.0,1536,0,44,0.00819,analytic,"[1, 128, 768]","[1, 128, 768]",1081.91,0.0,0.375,cuda_event,cuda
46,encoder.layer.4.intermediate.dense,Linear,0.12288,1.5,603979776.0,2362368,0,45,0.12288,counter,"[1, 128, 768]","[1, 128, 3072]",1081.91,0.0,1.5,cuda_event,cuda
46,encoder.layer.4.intermediate.intermediate_act_fn,GELUActivation,0.00742,1.5,0.0,0,0,46,0.00742,none,"[1, 128, 3072]","[1, 128, 3072]",1081.91,0.0,1.5,cuda_event,cuda
46,encoder.layer.4.output.dense,Linear,0.15418,0.375,603979776.0,2360064,0,47,0.15418,counter,"[1, 128, 3072]","[1, 128, 768]",1081.91,0.0,0.375,cuda_event,cuda
46,encoder.layer.4.output.LayerNorm,LayerNorm,0.00694,0.375,491520.0,1536,0,48,0.00694,analytic,"[1, 128, 768]","[1, 128, 768]",1081.91,0.0,0.375,cuda_event,cuda
46,encoder.layer.5.attention.self.query,Linear,0.05325,0.375,150994944.0,590592,0,49,0.05325,counter,"[1, 128, 768]","[1, 128, 768]",1081.91,0.0,0.375,cuda_event,cuda
46,encoder.layer.5.attention.self.key,Linear,0.05325,0.375,150994944.0,590592,0,50,0.05325,counter,"[1, 128, 768]","[1, 128, 768]",1081.91,0.0,0.375,cuda_event,cuda
46,encoder.layer.5.attention.self.value,Linear,0.05504,0.375,150994944.0,590592,0,51,0.05504,counter,"[1, 128, 768]","[1, 128, 768]",1081.91,0.0,0.375,cuda_event,cuda
46,encoder.layer.5.attention.output.dense,Linear,0.05526,0.375,150994944.0,590592,0,52,0.05526,counter,"[1, 128, 768]","[1, 128, 768]",1081.91,0.0,0.375,cuda_event,cuda
46,encoder.layer.5.attention.output.LayerNorm,LayerNorm,0.00781,0.375,491520.0,1536,0,53,0.00781,analytic,"[1, 128, 768]","[1, 128, 768]",1081.91,0.0,0.375,cuda_event,cuda
46,encoder.layer.5.intermediate.dense,Linear,0.12544,1.5,603979776.0,2362368,0,54,0.12544,counter,"[1, 128, 768]","[1, 128, 3072]",1081.91,0.0,1.5,cuda_event,cuda
46,encoder.layer.5.intermediate.intermediate_act_fn,GELUActivation,0.00656,1.5,0.0,0,0,55,0.00656,none,"[1, 128, 3072]","[1, 128, 3072]",1081.91,0.0,1.5,cuda_event,cuda
46,encoder.layer.5.output.dense,Linear,0.15363,0.375,603979776.0,2360064,0,56,0.15363,counter,"[1, 128, 3072]","[1, 128, 768]",1081.91,0.0,0.375,cuda_event,cuda
46,encoder.layer.5.output.LayerNorm,LayerNorm,0.00778,0.375,491520.0,1536,0,57,0.00778,analytic,"[1, 128, 768]","[1, 128, 768]",1081.91,0.0,0.375,cuda_event,cuda
46,encoder.layer.6.attention.self.query,Linear,0.0519,0.375,150994944.0,590592,0,58,0.0519,counter,"[1, 128, 768]","[1, 128, 768]",1081.91,0.0,0.375,cuda_event,cuda
46,encoder.layer.6.attention.self.key,Linear,0.05312,0.375,150994944.0,590592,0,59,0.05312,counter,"[1, 128, 768]","[1, 128, 768]",1081.91,0.0,0.375,cuda_event,cuda
46,encoder.layer.6.attention.self.value,Linear,0.0529,0.375,150994944.0,590592,0,60,0.0529,counter,"[1, 128, 768]","[1, 128, 768]",1081.91,0.0,0.375,cuda_event,cuda
46,encoder.layer.6.attention.output.dense,Linear,0.05325,0.375,150994944.0,590592,0,61,0.05325,counter,"[1, 128, 768]","[1, 128, 768]",1081.91,0.0,0.375,cuda_event,cuda
46,encoder.layer.6.attention.output.LayerNorm,LayerNorm,0.00778,0.375,491520.0,1536,0,62,0.00778,analytic,"[1, 128, 768]","[1, 128, 768]",1081.91,0.0,0.375,cuda_event,cuda
46,encoder.layer.6.intermediate.dense,Linear,0.1255,1.5,603979776.0,2362368,0,63,0.1255,counter,"[1, 128, 768]","[1, 128, 3072]",1081.91,0.0,1.5,cuda_event,cuda
46,encoder.layer.6.intermediate.intermediate_act_fn,GELUActivation,0.00614,1.5,0.0,0,0,64,0.00614,none,"[1, 128, 3072]","[1, 128, 3072]",1081.91,0.0,1.5,cuda_event,cuda
46,encoder.layer.6.output.dense,Linear,0.15491,0.375,603979776.0,2360064,0,65,0.15491,counter,"[1, 128, 3072]","[1, 128, 768]",1081.91,0.0,0.375,cuda_event,cuda
46,encoder.layer.6.output.LayerNorm,LayerNorm,0.00819,0.375,491520.0,1536,0,66,0.00819,analytic,"[1, 128, 768]","[1, 128, 768]",1081.91,0.0,0.375,cuda_event,cuda
46,encoder.layer.7.attention.self.query,Linear,0.05325,0.375,150994944.0,590592,0,67,0.05325,counter,"[1, 128, 768]","[1, 128, 768]",1081.91,0.0,0.375,cuda_event,cuda
46,encoder.layer.7.attention.self.key,Linear,0.05501,0.375,150994944.0,590592,0,68,0.05501,counter,"[1, 128, 768]","[1, 128, 768]",1081.91,0.0,0.375,cuda_event,cuda
46,encoder.layer.7.attention.self.value,Linear,0.05357,0.375,150994944.0,590592,0,69,0.05357,counter,"[1, 128, 768]","[1, 128, 768]",1081.91,0.0,0.375,cuda_event,cuda
46,encoder.layer.7.attention.output.dense,Linear,0.05469,0.375,150994944.0,590592,0,70,0.05469,counter,"[1, 128, 768]","[1, 128, 768]",1081.91,0.0,0.375,cuda_event,cuda
46,encoder.layer.7.attention.output.LayerNorm,LayerNorm,0.00819,0.375,491520.0,1536,0,71,0.00819,analytic,"[1, 128, 768]","[1, 128, 768]",1081.91,0.0,0.375,cuda_event,cuda
46,encoder.layer.7.intermediate.dense,Linear,0.12237,1.5,603979776.0,2362368,0,72,0.12237,counter,"[1, 128, 768]","[1, 128, 3072]",1081.91,0.0,1.5,cuda_event,cuda
46,encoder.layer.7.intermediate.intermediate_act_fn,GELUActivation,0.00682,1.5,0.0,0,0,73,0.00682,none,"[1, 128, 3072]","[1, 128, 3072]",1081.91,0.0,1.5,cuda_event,cuda
46,encoder.layer.7.output.dense,Linear,0.1537,0.375,603979776.0,2360064,0,74,0.1537,counter,"[1, 128, 3072]","[1, 128, 768]",1081.91,0.0,0.375,cuda_event,cuda
46,encoder.layer.7.output.LayerNorm,LayerNorm,0.00694,0.375,491520.0,1536,0,75,0.00694,analytic,"[1, 128, 768]","[1, 128, 768]",1081.91,0.0,0.375,cuda_event,cuda
46,encoder.layer.8.attention.self.query,Linear,0.05325,0.375,150994944.0,590592,0,76,0.05325,counter,"[1, 128, 768]","[1, 128, 768]",1081.91,0.0,0.375,cuda_event,cuda
46,encoder.layer.8.attention.self.key,Linear,0.05325,0.375,150994944.0,590592,0,77,0.05325,counter,"[1, 128, 768]","[1, 128, 768]",1081.91,0.0,0.375,cuda_event,cuda
46,encoder.layer.8.attention.self.value,Linear,0.05469,0.375,150994944.0,590592,0,78,0.05469,counter,"[1, 128, 768]","[1, 128, 768]",1081.91,0.0,0.375,cuda_event,cuda
46,encoder.layer.8.attention.output.dense,Linear,0.05472,0.375,150994944.0,590592,0,79,0.05472,counter,"[1, 128, 768]","[1, 128, 768]",1081.91,0.0,0.375,cuda_event,cuda
46,encoder.layer.8.attention.output.LayerNorm,LayerNorm,0.00701,0.375,491520.0,1536,0,80,0.00701,analytic,"[1, 128, 768]","[1, 128, 768]",1081.91,0.0,0.375,cuda_event,cuda
46,encoder.layer.8.intermediate.dense,Linear,0.12445,1.5,603979776.0,2362368,0,81,0.12445,counter,"[1, 128, 768]","[1, 128, 3072]",1081.91,0.0,1.5,cuda_event,cuda
46,encoder.layer.8.intermediate.intermediate_act_fn,GELUActivation,0.00669,1.5,0.0,0,0,82,0.00669,none,"[1, 128, 3072]","[1, 128, 3072]",1081.91,0.0,1.5,cuda_event,cuda
46,encoder.layer.8.output.dense,Linear,0.1535,0.375,603979776.0,2360064,0,83,0.1535,counter,"[1, 128, 3072]","[1, 128, 768]",1081.91,0.0,0.375,cuda_event,cuda
46,encoder.layer.8.output.LayerNorm,LayerNorm,0.00797,0.375,491520.0,1536,0,84,0.00797,analytic,"[1, 128, 768]","[1, 128, 768]",1081.91,0.0,0.375,cuda_event,cuda
46,encoder.layer.9.attention.self.query,Linear,0.05325,0.375,150994944.0,590592,0,85,0.05325,counter,"[1, 128, 768]","[1, 128, 768]",1081.91,0.0,0.375,cuda_event,cuda
46,encoder.layer.9.attention.self.key,Linear,0.05325,0.375,150994944.0,590592,0,86,0.05325,counter,"[1, 128, 768]","[1, 128, 768]",1081.91,0.0,0.375,cuda_event,cuda
46,encoder.layer.9.attention.self.value,Linear,0.05325,0.375,150994944.0,590592,0,87,0.05325,counter,"[1, 128, 768]","[1, 128, 768]",1081.91,0.0,0.375,cuda_event,cuda
46,encoder.layer.9.attention.output.dense,Linear,0.0537,0.375,150994944.0,590592,0,88,0.0537,counter,"[1, 128, 768]","[1, 128, 768]",1081.91,0.0,0.375,cuda_event,cuda
46,encoder.layer.9.attention.output.LayerNorm,LayerNorm,0.00675,0.375,491520.0,1536,0,89,0.00675,analytic,"[1, 128, 768]","[1, 128, 768]",1081.91,0.0,0.375,cuda_event,cuda
46,encoder.layer.9.intermediate.dense,Linear,0.12608,1.5,603979776.0,2362368,0,90,0.12608,counter,"[1, 128, 768]","[1, 128, 3072]",1081.91,0.0,1.5,cuda_event,cuda
46,encoder.layer.9.intermediate.intermediate_act_fn,GELUActivation,0.00806,1.5,0.0,0,0,91,0.00806,none,"[1, 128, 3072]","[1, 128, 3072]",1081.91,0.0,1.5,cuda_event,cuda
46,encoder.layer.9.output.dense,Linear,0.15594,0.375,603979776.0,2360064,0,92,0.15594,counter,"[1, 128, 3072]","[1, 128, 768]",1081.91,0.0,0.375,cuda_event,cuda
46,encoder.layer.9.output.LayerNorm,LayerNorm,0.00774,0.375,491520.0,1536,0,93,0.00774,analytic,"[1, 128, 768]","[1, 128, 768]",1081.91,0.0,0.375,cuda_event,cuda
46,encoder.layer.10.attention.self.query,Linear,0.05312,0.375,150994944.0,590592,0,94,0.05312,counter,"[1, 128, 768]","[1, 128, 768]",1081.91,0.0,0.375,cuda_event,cuda
46,encoder.layer.10.attention.self.key,Linear,0.05363,0.375,150994944.0,590592,0,95,0.05363,counter,"[1, 128, 768]","[1, 128, 768]",1081.91,0.0,0.375,cuda_event,cuda
46,encoder.layer.10.attention.self.value,Linear,0.05354,0.375,150994944.0,590592,0,96,0.05354,counter,"[1, 128, 768]","[1, 128, 768]",1081.91,0.0,0.375,cuda_event,cuda
46,encoder.layer.10.attention.output.dense,Linear,0.0536,0.375,150994944.0,590592,0,97,0.0536,counter,"[1, 128, 768]","[1, 128, 768]",1081.91,0.0,0.375,cuda_event,cuda
46,encoder.layer.10.attention.output.LayerNorm,LayerNorm,0.00781,0.375,491520.0,1536,0,98,0.00781,analytic,"[1, 128, 768]","[1, 128, 768]",1081.91,0.0,0.375,cuda_event,cuda
46,encoder.layer.10.intermediate.dense,Linear,0.12467,1.5,603979776.0,2362368,0,99,0.12467,counter,"[1, 128, 768]","[1, 128, 3072]",1081.91,0.0,1.5,cuda_event,cuda
46,encoder.layer.10.intermediate.intermediate_act_fn,GELUActivation,0.0071,1.5,0.0,0,0,100,0.0071,none,"[1, 128, 3072]","[1, 128, 3072]",1081.91,0.0,1.5,cuda_event,cuda
46,encoder.layer.10.output.dense,Linear,0.15331,0.375,603979776.0,2360064,0,101,0.15331,counter,"[1, 128, 3072]","[1, 128, 768]",1081.91,0.0,0.375,cuda_event,cuda
46,encoder.layer.10.output.LayerNorm,LayerNorm,0.00819,0.375,491520.0,1536,0,102,0.00819,analytic,"[1, 128, 768]","[1, 128, 768]",1081.91,0.0,0.375,cuda_event,cuda
46,encoder.layer.11.attention.self.query,Linear,0.05325,0.375,150994944.0,590592,0,103,0.05325,counter,"[1, 128, 768]","[1, 128, 768]",1081.91,0.0,0.375,cuda_event,cuda
46,encoder.layer.11.attention.self.key,Linear,0.05338,0.375,150994944.0,590592,0,104,0.05338,counter,"[1, 128, 768]","[1, 128, 768]",1081.91,0.0,0.375,cuda_event,cuda
46,encoder.layer.11.attention.self.value,Linear,0.05325,0.375,150994944.0,590592,0,105,0.05325,counter,"[1, 128, 768]","[1, 128, 768]",1081.91,0.0,0.375,cuda_event,cuda
46,encoder.layer.11.attention.output.dense,Linear,0.05376,0.375,150994944.0,590592,0,106,0.05376,counter,"[1, 128, 768]","[1, 128, 768]",1081.91,0.0,0.375,cuda_event,cuda
46,encoder.layer.11.attention.output.LayerNorm,LayerNorm,0.00819,0.375,491520.0,1536,0,107,0.00819,analytic,"[1, 128, 768]","[1, 128, 768]",1081.91,0.0,0.375,cuda_event,cuda
46,encoder.layer.11.intermediate.dense,Linear,0.12493,1.5,603979776.0,2362368,0,108,0.12493,counter,"[1, 128, 768]","[1, 128, 3072]",1081.91,0.0,1.5,cuda_event,cuda
46,encoder.layer.11.intermediate.intermediate_act_fn,GELUActivation,0.00614,1.5,0.0,0,0,109,0.00614,none,"[1, 128, 3072]","[1, 128, 3072]",1081.91,0.0,1.5,cuda_event,cuda
46,encoder.layer.11.output.dense,Linear,0.15318,0.375,603979776.0,2360064,0,110,0.15318,counter,"[1, 128, 3072]","[1, 128, 768]",1081.91,0.0,0.375,cuda_event,cuda
46,encoder.layer.11.output.LayerNorm,LayerNorm,0.00819,0.375,491520.0,1536,0,111,0.00819,analytic,"[1, 128, 768]","[1, 128, 768]",1081.91,0.0,0.375,cuda_event,cuda
46,pooler.dense,Linear,0.01414,0.00293,1179648.0,590592,0,112,0.01414,counter,"[1, 768]","[1, 768]",1081.91,0.0,0.003,cuda_event,cuda
46,pooler.activation,Tanh,0.00445,0.00293,3072.0,0,0,113,0.00445,analytic,"[1, 768]","[1, 768]",1081.91,0.0,0.003,cuda_event,cuda
47,embeddings.word_embeddings,Embedding,0.00483,0.375,0.0,23440896,0,0,0.00483,none,"[1, 128]","[1, 128, 768]",1081.91,0.0,0.375,cuda_event,cuda
47,embeddings.token_type_embeddings,Embedding,0.00554,0.375,0.0,1536,0,1,0.00554,none,"[1, 128]","[1, 128, 768]",1081.91,0.0,0.375,cuda_event,cuda
47,embeddings.position_embeddings,Embedding,0.00608,0.375,0.0,393216,0,2,0.00608,none,"[1, 128]","[1, 128, 768]",1081.91,0.0,0.375,cuda_event,cuda
47,embeddings.LayerNorm,LayerNorm,0.00819,0.375,491520.0,1536,0,3,0.00819,analytic,"[1, 128, 768]","[1, 128, 768]",1081.91,0.0,0.375,cuda_event,cuda
47,encoder.layer.0.attention.self.query,Linear,0.05491,0.375,150994944.0,590592,0,4,0.05491,counter,"[1, 128, 768]","[1, 128, 768]",1081.91,0.0,0.375,cuda_event,cuda
47,encoder.layer.0.attention.self.key,Linear,0.0551,0.375,150994944.0,590592,0,5,0.0551,counter,"[1, 128, 768]","[1, 128, 768]",1081.91,0.0,0.375,cuda_event,cuda
47,encoder.layer.0.attention.self.value,Linear,0.05395,0.375,150994944.0,590592,0,6,0.05395,counter,"[1, 128, 768]","[1, 128, 768]",1081.91,0.0,0.375,cuda_event,cuda
47,encoder.layer.0.attention.output.dense,Linear,0.05325,0.375,150994944.0,590592,0,7,0.05325,counter,"[1, 128, 768]","[1, 128, 768]",1081.91,0.0,0.375,cuda_event,cuda
47,encoder.layer.0.attention.output.LayerNorm,LayerNorm,0.00819,0.375,491520.0,1536,0,8,0.00819,analytic,"[1, 128, 768]","[1, 128, 768]",1081.91,0.0,0.375,cuda_event,cuda
47,encoder.layer.0.intermediate.dense,Linear,0.1241,1.5,603979776.0,2362368,0,9,0.1241,counter,"[1, 128, 768]","[1, 128, 3072]",1081.91,0.0,1.5,cuda_event,cuda
47,encoder.layer.0.intermediate.intermediate_act_fn,GELUActivation,0.00682,1.5,0.0,0,0,10,0.00682,none,"[1, 128, 3072]","[1, 128, 3072]",1081.91,0.0,1.5,cuda_event,cuda
47,encoder.layer.0.output.dense,Linear,0.15408,0.375,603979776.0,2360064,0,11,0.15408,counter,"[1, 128, 3072]","[1, 128, 768]",1081.91,0.0,0.375,cuda_event,cuda
47,encoder.layer.0.output.LayerNorm,LayerNorm,0.00816,0.375,491520.0,1536,0,12,0.00816,analytic,"[1, 128, 768]","[1, 128, 768]",1081.91,0.0,0.375,cuda_event,cuda
47,encoder.layer.1.attention.self.query,Linear,0.05318,0.375,150994944.0,590592,0,13,0.05318,counter,"[1, 128, 768]","[1, 128, 768]",1081.91,0.0,0.375,cuda_event,cuda
47,encoder.layer.1.attention.self.key,Linear,0.05328,0.375,150994944.0,590592,0,14,0.05328,counter,"[1, 128, 768]","[1, 128, 768]",1081.91,0.0,0.375,cuda_event,cuda
47,encoder.layer.1.attention.self.value,Linear,0.05459,0.375,150994944.0,590592,0,15,0.05459,counter,"[1, 128, 768]","[1, 128, 768]",1081.91,0.0,0.375,cuda_event,cuda
47,encoder.layer.1.attention.output.dense,Linear,0.05347,0.375,150994944.0,590592,0,16,0.05347,counter,"[1, 128, 768]","[1, 128, 768]",1081.91,0.0,0.375,cuda_event,cuda
47,encoder.layer.1.attention.output.LayerNorm,LayerNorm,0.00774,0.375,491520.0,1536,0,17,0.00774,analytic,"[1, 128, 768]","[1, 128, 768]",1081.91,0.0,0.375,cuda_event,cuda
47,encoder.layer.1.intermediate.dense,Linear,0.12502,1.5,603979776.0,2362368,0,18,0.12502,counter,"[1, 128, 768]","[1, 128, 3072]",1081.91,0.0,1.5,cuda_event,cuda
47,encoder.layer.1.intermediate.intermediate_act_fn,GELUActivation,0.00691,1.5,0.0,0,0,19,0.00691,none,"[1, 128, 3072]","[1, 128, 3072]",1081.91,0.0,1.5,cuda_event,cuda
47,encoder.layer.1.output.dense,Linear,0.1536,0.375,603979776.0,2360064,0,20,0.1536,counter,"[1, 128, 3072]","[1, 128, 768]",1081.91,0.0,0.375,cuda_event,cuda
47,encoder.layer.1.output.LayerNorm,LayerNorm,0.00819,0.375,491520.0,1536,0,21,0.00819,analytic,"[1, 128, 768]","[1, 128, 768]",1081.91,0.0,0.375,cuda_event,cuda
47,encoder.layer.2.attention.self.query,Linear,0.05264,0.375,150994944.0,590592,0,22,0.05264,counter,"[1, 128, 768]","[1, 128, 768]",1081.91,0.0,0.375,cuda_event,cuda
47,encoder.layer.2.attention.self.key,Linear,0.05395,0.375,150994944.0,590592,0,23,0.05395,counter,"[1, 128, 768]","[1, 128, 768]",1081.91,0.0,0.375,cuda_event,cuda
47,encoder.layer.2.attention.self.value,Linear,0.05341,0.375,150994944.0,590592,0,24,0.05341,counter,"[1, 128, 768]","[1, 128, 768]",1081.91,0.0,0.375,cuda_event,cuda
47,encoder.layer.2.attention.output.dense,Linear,0.05366,0.375,150994944.0,590592,0,25,0.05366,counter,"[1, 128, 768]","[1, 128, 768]",1081.91,0.0,0.375,cuda_event,cuda
47,encoder.layer.2.attention.output.LayerNorm,LayerNorm,0.00774,0.375,491520.0,1536,0,26,0.00774,analytic,"[1, 128, 768]","[1, 128, 768]",1081.91,0.0,0.375,cuda_event,cuda
47,encoder.layer.2.intermediate.dense,Linear,0.12374,1.5,603979776.0,2362368,0,27,0.12374,counter,"[1, 128, 768]","[1, 128, 3072]",1081.91,0.0,1.5,cuda_event,cuda
47,encoder.layer.2.intermediate.intermediate_act_fn,GELUActivation,0.00614,1.5,0.0,0,0,28,0.00614,none,"[1, 128, 3072]","[1, 128, 3072]",1081.91,0.0,1.5,cuda_event,cuda
47,encoder.layer.2.output.dense,Linear,0.15155,0.375,603979776.0,2360064,0,29,0.15155,counter,"[1, 128, 3072]","[1, 128, 768]",1081.91,0.0,0.375,cuda_event,cuda
47,encoder.layer.2.output.LayerNorm,LayerNorm,0.00781,0.375,491520.0,1536,0,30,0.00781,analytic,"[1, 128, 768]","[1, 128, 768]",1081.91,0.0,0.375,cuda_event,cuda
47,encoder.layer.3.attention.self.query,Linear,0.05197,0.375,150994944.0,590592,0,31,0.05197,counter,"[1, 128, 768]","[1, 128, 768]",1081.91,0.0,0.375,cuda_event,cuda
47,encoder.layer.3.attention.self.key,Linear,0.05485,0.375,150994944.0,590592,0,32,0.05485,counter,"[1, 128, 768]","[1, 128, 768]",1081.91,0.0,0.375,cuda_event,cuda
47,encoder.layer.3.attention.self.value,Linear,0.0536,0.375,150994944.0,590592,0,33,0.0536,counter,"[1, 128, 768]","[1, 128, 768]",1081.91,0.0,0.375,cuda_event,cuda
47,encoder.layer.3.attention.output.dense,Linear,0.05325,0.375,150994944.0,590592,0,34,0.05325,counter,"[1, 128, 768]","[1, 128, 768]",1081.91,0.0,0.375,cuda_event,cuda
47,encoder.layer.3.attention.output.LayerNorm,LayerNorm,0.00678,0.375,491520.0,1536,0,35,0.00678,analytic,"[1, 128, 768]","[1, 128, 768]",1081.91,0.0,0.375,cuda_event,cuda
47,encoder.layer.3.intermediate.dense,Linear,0.12694,1.5,603979776.0,2362368,0,36,0.12694,counter,"[1, 128, 768]","[1, 128, 3072]",1081.91,0.0,1.5,cuda_event,cuda
47,encoder.layer.3.intermediate.intermediate_act_fn,GELUActivation,0.00634,1.5,0.0,0,0,37,0.00634,none,"[1, 128, 3072]","[1, 128, 3072]",1081.91,0.0,1.5,cuda_event,cuda
47,encoder.layer.3.output.dense,Linear,0.1536,0.375,603979776.0,2360064,0,38,0.1536,counter,"[1, 128, 3072]","[1, 128, 768]",1081.91,0.0,0.375,cuda_event,cuda
47,encoder.layer.3.output.LayerNorm,LayerNorm,0.00819,0.375,491520.0,1536,0,39,0.00819,analytic,"[1, 128, 768]","[1, 128, 768]",1081.91,0.0,0.375,cuda_event,cuda
47,encoder.layer.4.attention.self.query,Linear,0.05341,0.375,150994944.0,590592,0,40,0.05341,counter,"[1, 128, 768]","[1, 128, 768]",1081.91,0.0,0.375,cuda_event,cuda
47,encoder.layer.4.attention.self.key,Linear,0.05331,0.375,150994944.0,590592,0,41,0.05331,counter,"[1, 128, 768]","[1, 128, 768]",1081.91,0.0,0.375,cuda_event,cuda
47,encoder.layer.4.attention.self.value,Linear,0.05437,0.375,150994944.0,590592,0,42,0.05437,counter,"[1, 128, 768]","[1, 128, 768]",1081.91,0.0,0.375,cuda_event,cuda
47,encoder.layer.4.attention.output.dense,Linear,0.05338,0.375,150994944.0,590592,0,43,0.05338,counter,"[1, 128, 768]","[1, 128, 768]",1081.91,0.0,0.375,cuda_event,cuda
47,encoder.layer.4.attention.output.LayerNorm,LayerNorm,0.00794,0.375,491520.0,1536,0,44,0.00794,analytic,"[1, 128, 768]","[1, 128, 768]",1081.91,0.0,0.375,cuda_event,cuda
47,encoder.layer.4.intermediate.dense,Linear,0.12269,1.5,603979776.0,2362368,0,45,0.12269,counter,"[1, 128, 768]","[1, 128, 3072]",1081.91,0.0,1.5,cuda_event,cuda
47,encoder.layer.4.intermediate.intermediate_act_fn,GELUActivation,0.00685,1.5,0.0,0,0,46,0.00685,none,"[1, 128, 3072]","[1, 128, 3072]",1081.91,0.0,1.5,cuda_event,cuda
47,encoder.layer.4.output.dense,Linear,0.15139,0.375,603979776.0,2360064,0,47,0.15139,counter,"[1, 128, 3072]","[1, 128, 768]",1081.91,0.0,0.375,cuda_event,cuda
47,encoder.layer.4.output.LayerNorm,LayerNorm,0.00694,0.375,491520.0,1536,0,48,0.00694,analytic,"[1, 128, 768]","[1, 128, 768]",1081.91,0.0,0.375,cuda_event,cuda
47,encoder.layer.5.attention.self.query,Linear,0.0528,0.375,150994944.0,590592,0,49,0.0528,counter,"[1, 128, 768]","[1, 128, 768]",1081.91,0.0,0.375,cuda_event,cuda
47,encoder.layer.5.attention.self.key,Linear,0.05382,0.375,150994944.0,590592,0,50,0.05382,counter,"[1, 128, 768]","[1, 128, 768]",1081.91,0.0,0.375,cuda_event,cuda
47,encoder.layer.5.attention.self.value,Linear,0.05331,0.375,150994944.0,590592,0,51,0.05331,counter,"[1, 128, 768]","[1, 128, 768]",1081.91,0.0,0.375,cuda_event,cuda
47,encoder.layer.5.attention.output.dense,Linear,0.05322,0.375,150994944.0,590592,0,52,0.05322,counter,"[1, 128, 768]","[1, 128, 768]",1081.91,0.0,0.375,cuda_event,cuda
47,encoder.layer.5.attention.output.LayerNorm,LayerNorm,0.00685,0.375,491520.0,1536,0,53,0.00685,analytic,"[1, 128, 768]","[1, 128, 768]",1081.91,0.0,0.375,cuda_event,cuda
47,encoder.layer.5.intermediate.dense,Linear,0.12394,1.5,603979776.0,2362368,0,54,0.12394,counter,"[1, 128, 768]","[1, 128, 3072]",1081.91,0.0,1.5,cuda_event,cuda
47,encoder.layer.5.intermediate.intermediate_act_fn,GELUActivation,0.00819,1.5,0.0,0,0,55,0.00819,none,"[1, 128, 3072]","[1, 128, 3072]",1081.91,0.0,1.5,cuda_event,cuda
47,encoder.layer.5.output.dense,Linear,0.1536,0.375,603979776.0,2360064,0,56,0.1536,counter,"[1, 128, 3072]","[1, 128, 768]",1081.91,0.0,0.375,cuda_event,cuda
47,encoder.layer.5.output.LayerNorm,LayerNorm,0.0081,0.375,491520.0,1536,0,57,0.0081,analytic,"[1, 128, 768]","[1, 128, 768]",1081.91,0.0,0.375,cuda_event,cuda
47,encoder.layer.6.attention.self.query,Linear,0.05149,0.375,150994944.0,590592,0,58,0.05149,counter,"[1, 128, 768]","[1, 128, 768]",1081.91,0.0,0.375,cuda_event,cuda
47,encoder.layer.6.attention.self.key,Linear,0.05325,0.375,150994944.0,590592,0,59,0.05325,counter,"[1, 128, 768]","[1, 128, 768]",1081.91,0.0,0.375,cuda_event,cuda
47,encoder.layer.6.attention.self.value,Linear,0.05469,0.375,150994944.0,590592,0,60,0.05469,counter,"[1, 128, 768]","[1, 128, 768]",1081.91,0.0,0.375,cuda_event,cuda
47,encoder.layer.6.attention.output.dense,Linear,0.05322,0.375,150994944.0,590592,0,61,0.05322,counter,"[1, 128, 768]","[1, 128, 768]",1081.91,0.0,0.375,cuda_event,cuda
47,encoder.layer.6.attention.output.LayerNorm,LayerNorm,0.00806,0.375,491520.0,1536,0,62,0.00806,analytic,"[1, 128, 768]","[1, 128, 768]",1081.91,0.0,0.375,cuda_event,cuda
47,encoder.layer.6.intermediate.dense,Linear,0.12598,1.5,603979776.0,2362368,0,63,0.12598,counter,"[1, 128, 768]","[1, 128, 3072]",1081.91,0.0,1.5,cuda_event,cuda
47,encoder.layer.6.intermediate.intermediate_act_fn,GELUActivation,0.00787,1.5,0.0,0,0,64,0.00787,none,"[1, 128, 3072]","[1, 128, 3072]",1081.91,0.0,1.5,cuda_event,cuda
47,encoder.layer.6.output.dense,Linear,0.15408,0.375,603979776.0,2360064,0,65,0.15408,counter,"[1, 128, 3072]","[1, 128, 768]",1081.91,0.0,0.375,cuda_event,cuda
47,encoder.layer.6.output.LayerNorm,LayerNorm,0.00819,0.375,491520.0,1536,0,66,0.00819,analytic,"[1, 128, 768]","[1, 128, 768]",1081.91,0.0,0.375,cuda_event,cuda
47,encoder.layer.7.attention.self.query,Linear,0.05315,0.375,150994944.0,590592,0,67,0.05315,counter,"[1, 128, 768]","[1, 128, 768]",1081.91,0.0,0.375,cuda_event,cuda
47,encoder.layer.7.attention.self.key,Linear,0.05331,0.375,150994944.0,590592,0,68,0.05331,counter,"[1, 128, 768]","[1, 128, 768]",1081.91,0.0,0.375,cuda_event,cuda
47,encoder.layer.7.attention.self.value,Linear,0.05354,0.375,150994944.0,590592,0,69,0.05354,counter,"[1, 128, 768]","[1, 128, 768]",1081.91,0.0,0.375,cuda_event,cuda
47,encoder.layer.7.attention.output.dense,Linear,0.05357,0.375,150994944.0,590592,0,70,0.05357,counter,"[1, 128, 768]","[1, 128, 768]",1081.91,0.0,0.375,cuda_event,cuda
47,encoder.layer.7.attention.output.LayerNorm,LayerNorm,0.00803,0.375,491520.0,1536,0,71,0.00803,analytic,"[1, 128, 768]","[1, 128, 768]",1081.91,0.0,0.375,cuda_event,cuda
47,encoder.layer.7.intermediate.dense,Linear,0.12186,1.5,603979776.0,2362368,0,72,0.12186,counter,"[1, 128, 768]","[1, 128, 3072]",1081.91,0.0,1.5,cuda_event,cuda
47,encoder.layer.7.intermediate.intermediate_act_fn,GELUActivation,0.00691,1.5,0.0,0,0,73,0.00691,none,"[1, 128, 3072]","[1, 128, 3072]",1081.91,0.0,1.5,cuda_event,cuda
47,encoder.layer.7.output.dense,Linear,0.15347,0.375,603979776.0,2360064,0,74,0.15347,counter,"[1, 128, 3072]","[1, 128, 768]",1081.91,0.0,0.375,cuda_event,cuda
47,encoder.layer.7.output.LayerNorm,LayerNorm,0.0071,0.375,491520.0,1536,0,75,0.0071,analytic,"[1, 128, 768]","[1, 128, 768]",1081.91,0.0,0.375,cuda_event,cuda
47,encoder.layer.8.attention.self.query,Linear,0.05318,0.375,150994944.0,590592,0,76,0.05318,counter,"[1, 128, 768]","[1, 128, 768]",1081.91,0.0,0.375,cuda_event,cuda
47,encoder.layer.8.attention.self.key,Linear,0.05344,0.375,150994944.0,590592,0,77,0.05344,counter,"[1, 128, 768]","[1, 128, 768]",1081.91,0.0,0.375,cuda_event,cuda
47,encoder.layer.8.attention.self.value,Linear,0.05325,0.375,150994944.0,590592,0,78,0.05325,counter,"[1, 128, 768]","[1, 128, 768]",1081.91,0.0,0.375,cuda_event,cuda
47,encoder.layer.8.attention.output.dense,Linear,0.0535,0.375,150994944.0,590592,0,79,0.0535,counter,"[1, 128, 768]","[1, 128, 768]",1081.91,0.0,0.375,cuda_event,cuda
47,encoder.layer.8.attention.output.LayerNorm,LayerNorm,0.00698,0.375,491520.0,1536,0,80,0.00698,analytic,"[1, 128, 768]","[1, 128, 768]",1081.91,0.0,0.375,cuda_event,cuda
47,encoder.layer.8.intermediate.dense,Linear,0.12445,1.5,603979776.0,2362368,0,81,0.12445,counter,"[1, 128, 768]","[1, 128, 3072]",1081.91,0.0,1.5,cuda_event,cuda
47,encoder.layer.8.intermediate.intermediate_act_fn,GELUActivation,0.00666,1.5,0.0,0,0,82,0.00666,none,"[1, 128, 3072]","[1, 128, 3072]",1081.91,0.0,1.5,cuda_event,cuda
47,encoder.layer.8.output.dense,Linear,0.1536,0.375,603979776.0,2360064,0,83,0.1536,counter,"[1, 128, 3072]","[1, 128, 768]",1081.91,0.0,0.375,cuda_event,cuda
47,encoder.layer.8.output.LayerNorm,LayerNorm,0.00819,0.375,491520.0,1536,0,84,0.00819,analytic,"[1, 128, 768]","[1, 128, 768]",1081.91,0.0,0.375,cuda_event,cuda
47,encoder.layer.9.attention.self.query,Linear,0.0512,0.375,150994944.0,590592,0,85,0.0512,counter,"[1, 128, 768]","[1, 128, 768]",1081.91,0.0,0.375,cuda_event,cuda
47,encoder.layer.9.attention.self.key,Linear,0.05325,0.375,150994944.0,590592,0,86,0.05325,counter,"[1, 128, 768]","[1, 128, 768]",1081.91,0.0,0.375,cuda_event,cuda
47,encoder.layer.9.attention.self.value,Linear,0.05446,0.375,150994944.0,590592,0,87,0.05446,counter,"[1, 128, 768]","[1, 128, 768]",1081.91,0.0,0.375,cuda_event,cuda
47,encoder.layer.9.attention.output.dense,Linear,0.05325,0.375,150994944.0,590592,0,88,0.05325,counter,"[1, 128, 768]","[1, 128, 768]",1081.91,0.0,0.375,cuda_event,cuda
47,encoder.layer.9.attention.output.LayerNorm,LayerNorm,0.008,0.375,491520.0,1536,0,89,0.008,analytic,"[1, 128, 768]","[1, 128, 768]",1081.91,0.0,0.375,cuda_event,cuda
47,encoder.layer.9.intermediate.dense,Linear,0.12346,1.5,603979776.0,2362368,0,90,0.12346,counter,"[1, 128, 768]","[1, 128, 3072]",1081.91,0.0,1.5,cuda_event,cuda
47,encoder.layer.9.intermediate.intermediate_act_fn,GELUActivation,0.00618,1.5,0.0,0,0,91,0.00618,none,"[1, 128, 3072]","[1, 128, 3072]",1081.91,0.0,1.5,cuda_event,cuda
47,encoder.layer.9.output.dense,Linear,0.1537,0.375,603979776.0,2360064,0,92,0.1537,counter,"[1, 128, 3072]","[1, 128, 768]",1081.91,0.0,0.375,cuda_event,cuda
47,encoder.layer.9.output.LayerNorm,LayerNorm,0.00819,0.375,491520.0,1536,0,93,0.00819,analytic,"[1, 128, 768]","[1, 128, 768]",1081.91,0.0,0.375,cuda_event,cuda
47,encoder.layer.10.attention.self.query,Linear,0.05325,0.375,150994944.0,590592,0,94,0.05325,counter,"[1, 128, 768]","[1, 128, 768]",1081.91,0.0,0.375,cuda_event,cuda
47,encoder.layer.10.attention.self.key,Linear,0.05331,0.375,150994944.0,590592,0,95,0.05331,counter,"[1, 128, 768]","[1, 128, 768]",1081.91,0.0,0.375,cuda_event,cuda
47,encoder.layer.10.attention.self.value,Linear,0.05325,0.375,150994944.0,590592,0,96,0.05325,counter,"[1, 128, 768]","[1, 128, 768]",1081.91,0.0,0.375,cuda_event,cuda
47,encoder.layer.10.attention.output.dense,Linear,0.0536,0.375,150994944.0,590592,0,97,0.0536,counter,"[1, 128, 768]","[1, 128, 768]",1081.91,0.0,0.375,cuda_event,cuda
47,encoder.layer.10.attention.output.LayerNorm,LayerNorm,0.00778,0.375,491520.0,1536,0,98,0.00778,analytic,"[1, 128, 768]","[1, 128, 768]",1081.91,0.0,0.375,cuda_event,cuda
47,encoder.layer.10.intermediate.dense,Linear,0.12342,1.5,603979776.0,2362368,0,99,0.12342,counter,"[1, 128, 768]","[1, 128, 3072]",1081.91,0.0,1.5,cuda_event,cuda
47,encoder.layer.10.intermediate.intermediate_act_fn,GELUActivation,0.00752,1.5,0.0,0,0,100,0.00752,none,"[1, 128, 3072]","[1, 128, 3072]",1081.91,0.0,1.5,cuda_event,cuda
47,encoder.layer.10.output.dense,Linear,0.15344,0.375,603979776.0,2360064,0,101,0.15344,counter,"[1, 128, 3072]","[1, 128, 768]",1081.91,0.0,0.375,cuda_event,cuda
47,encoder.layer.10.output.LayerNorm,LayerNorm,0.00819,0.375,491520.0,1536,0,102,0.00819,analytic,"[1, 128, 768]","[1, 128, 768]",1081.91,0.0,0.375,cuda_event,cuda
47,encoder.layer.11.attention.self.query,Linear,0.0512,0.375,150994944.0,590592,0,103,0.0512,counter,"[1, 128, 768]","[1, 128, 768]",1081.91,0.0,0.375,cuda_event,cuda
47,encoder.layer.11.attention.self.key,Linear,0.05494,0.375,150994944.0,590592,0,104,0.05494,counter,"[1, 128, 768]","[1, 128, 768]",1081.91,0.0,0.375,cuda_event,cuda
47,encoder.layer.11.attention.self.value,Linear,0.05338,0.375,150994944.0,590592,0,105,0.05338,counter,"[1, 128, 768]","[1, 128, 768]",1081.91,0.0,0.375,cuda_event,cuda
47,encoder.layer.11.attention.output.dense,Linear,0.05325,0.375,150994944.0,590592,0,106,0.05325,counter,"[1, 128, 768]","[1, 128, 768]",1081.91,0.0,0.375,cuda_event,cuda
47,encoder.layer.11.attention.output.LayerNorm,LayerNorm,0.00803,0.375,491520.0,1536,0,107,0.00803,analytic,"[1, 128, 768]","[1, 128, 768]",1081.91,0.0,0.375,cuda_event,cuda
47,encoder.layer.11.intermediate.dense,Linear,0.12301,1.5,603979776.0,2362368,0,108,0.12301,counter,"[1, 128, 768]","[1, 128, 3072]",1081.91,0.0,1.5,cuda_event,cuda
47,encoder.layer.11.intermediate.intermediate_act_fn,GELUActivation,0.00634,1.5,0.0,0,0,109,0.00634,none,"[1, 128, 3072]","[1, 128, 3072]",1081.91,0.0,1.5,cuda_event,cuda
47,encoder.layer.11.output.dense,Linear,0.15267,0.375,603979776.0,2360064,0,110,0.15267,counter,"[1, 128, 3072]","[1, 128, 768]",1081.91,0.0,0.375,cuda_event,cuda
47,encoder.layer.11.output.LayerNorm,LayerNorm,0.00819,0.375,491520.0,1536,0,111,0.00819,analytic,"[1, 128, 768]","[1, 128, 768]",1081.91,0.0,0.375,cuda_event,cuda
47,pooler.dense,Linear,0.01414,0.00293,1179648.0,590592,0,112,0.01414,counter,"[1, 768]","[1, 768]",1081.91,0.0,0.003,cuda_event,cuda
47,pooler.activation,Tanh,0.00432,0.00293,3072.0,0,0,113,0.00432,analytic,"[1, 768]","[1, 768]",1081.91,0.0,0.003,cuda_event,cuda
48,embeddings.word_embeddings,Embedding,0.00589,0.375,0.0,23440896,0,0,0.00589,none,"[1, 128]","[1, 128, 768]",1081.92,0.0,0.375,cuda_event,cuda
48,embeddings.token_type_embeddings,Embedding,0.00467,0.375,0.0,1536,0,1,0.00467,none,"[1, 128]","[1, 128, 768]",1081.92,0.0,0.375,cuda_event,cuda
48,embeddings.position_embeddings,Embedding,0.00611,0.375,0.0,393216,0,2,0.00611,none,"[1, 128]","[1, 128, 768]",1081.92,0.0,0.375,cuda_event,cuda
48,embeddings.LayerNorm,LayerNorm,0.00816,0.375,491520.0,1536,0,3,0.00816,analytic,"[1, 128, 768]","[1, 128, 768]",1081.92,0.0,0.375,cuda_event,cuda
48,encoder.layer.0.attention.self.query,Linear,0.05488,0.375,150994944.0,590592,0,4,0.05488,counter,"[1, 128, 768]","[1, 128, 768]",1081.92,0.0,0.375,cuda_event,cuda
48,encoder.layer.0.attention.self.key,Linear,0.05402,0.375,150994944.0,590592,0,5,0.05402,counter,"[1, 128, 768]","[1, 128, 768]",1081.92,0.0,0.375,cuda_event,cuda
48,encoder.layer.0.attention.self.value,Linear,0.05325,0.375,150994944.0,590592,0,6,0.05325,counter,"[1, 128, 768]","[1, 128, 768]",1081.92,0.0,0.375,cuda_event,cuda
48,encoder.layer.0.attention.output.dense,Linear,0.05299,0.375,150994944.0,590592,0,7,0.05299,counter,"[1, 128, 768]","[1, 128, 768]",1081.92,0.0,0.375,cuda_event,cuda
48,encoder.layer.0.attention.output.LayerNorm,LayerNorm,0.00704,0.375,491520.0,1536,0,8,0.00704,analytic,"[1, 128, 768]","[1, 128, 768]",1081.92,0.0,0.375,cuda_event,cuda
48,encoder.layer.0.intermediate.dense,Linear,0.12474,1.5,603979776.0,2362368,0,9,0.12474,counter,"[1, 128, 768]","[1, 128, 3072]",1081.92,0.0,1.5,cuda_event,cuda
48,encoder.layer.0.intermediate.intermediate_act_fn,GELUActivation,0.00643,1.5,0.0,0,0,10,0.00643,none,"[1, 128, 3072]","[1, 128, 3072]",1081.92,0.0,1.5,cuda_event,cuda
48,encoder.layer.0.output.dense,Linear,0.15155,0.375,603979776.0,2360064,0,11,0.15155,counter,"[1, 128, 3072]","[1, 128, 768]",1081.92,0.0,0.375,cuda_event,cuda
48,encoder.layer.0.output.LayerNorm,LayerNorm,0.00819,0.375,491520.0,1536,0,12,0.00819,analytic,"[1, 128, 768]","[1, 128, 768]",1081.92,0.0,0.375,cuda_event,cuda
48,encoder.layer.1.attention.self.query,Linear,0.05325,0.375,150994944.0,590592,0,13,0.05325,counter,"[1, 128, 768]","[1, 128, 768]",1081.92,0.0,0.375,cuda_event,cuda
48,encoder.layer.1.attention.self.key,Linear,0.05325,0.375,150994944.0,590592,0,14,0.05325,counter,"[1, 128, 768]","[1, 128, 768]",1081.92,0.0,0.375,cuda_event,cuda
48,encoder.layer.1.attention.self.value,Linear,0.05491,0.375,150994944.0,590592,0,15,0.05491,counter,"[1, 128, 768]","[1, 128, 768]",1081.92,0.0,0.375,cuda_event,cuda
48,encoder.layer.1.attention.output.dense,Linear,0.05325,0.375,150994944.0,590592,0,16,0.05325,counter,"[1, 128, 768]","[1, 128, 768]",1081.92,0.0,0.375,cuda_event,cuda
48,encoder.layer.1.attention.output.LayerNorm,LayerNorm,0.00778,0.375,491520.0,1536,0,17,0.00778,analytic,"[1, 128, 768]","[1, 128, 768]",1081.92,0.0,0.375,cuda_event,cuda
48,encoder.layer.1.intermediate.dense,Linear,0.12589,1.5,603979776.0,2362368,0,18,0.12589,counter,"[1, 128, 768]","[1, 128, 3072]",1081.92,0.0,1.5,cuda_event,cuda
48,encoder.layer.1.intermediate.intermediate_act_fn,GELUActivation,0.00739,1.5,0.0,0,0,19,0.00739,none,"[1, 128, 3072]","[1, 128, 3072]",1081.92,0.0,1.5,cuda_event,cuda
48,encoder.layer.1.output.dense,Linear,0.15382,0.375,603979776.0,2360064,0,20,0.15382,counter,"[1, 128, 3072]","[1, 128, 768]",1081.92,0.0,0.375,cuda_event,cuda
48,encoder.layer.1.output.LayerNorm,LayerNorm,0.00813,0.375,491520.0,1536,0,21,0.00813,analytic,"[1, 128, 768]","[1, 128, 768]",1081.92,0.0,0.375,cuda_event,cuda
48,encoder.layer.2.attention.self.query,Linear,0.05325,0.375,150994944.0,590592,0,22,0.05325,counter,"[1, 128, 768]","[1, 128, 768]",1081.92,0.0,0.375,cuda_event,cuda
48,encoder.layer.2.attention.self.key,Linear,0.05325,0.375,150994944.0,590592,0,23,0.05325,counter,"[1, 128, 768]","[1, 128, 768]",1081.92,0.0,0.375,cuda_event,cuda
48,encoder.layer.2.attention.self.value,Linear,0.05501,0.375,150994944.0,590592,0,24,0.05501,counter,"[1, 128, 768]","[1, 128, 768]",1081.92,0.0,0.375,cuda_event,cuda
48,encoder.layer.2.attention.output.dense,Linear,0.0552,0.375,150994944.0,590592,0,25,0.0552,counter,"[1, 128, 768]","[1, 128, 768]",1081.92,0.0,0.375,cuda_event,cuda
48,encoder.layer.2.attention.output.LayerNorm,LayerNorm,0.00765,0.375,491520.0,1536,0,26,0.00765,analytic,"[1, 128, 768]","[1, 128, 768]",1081.92,0.0,0.375,cuda_event,cuda
48,encoder.layer.2.intermediate.dense,Linear,0.12384,1.5,603979776.0,2362368,0,27,0.12384,counter,"[1, 128, 768]","[1, 128, 3072]",1081.92,0.0,1.5,cuda_event,cuda
48,encoder.layer.2.intermediate.intermediate_act_fn,GELUActivation,0.00614,1.5,0.0,0,0,28,0.00614,none,"[1, 128, 3072]","[1, 128, 3072]",1081.92,0.0,1.5,cuda_event,cuda
48,encoder.layer.2.output.dense,Linear,0.1536,0.375,603979776.0,2360064,0,29,0.1536,counter,"[1, 128, 3072]","[1, 128, 768]",1081.92,0.0,0.375,cuda_event,cuda
48,encoder.layer.2.output.LayerNorm,LayerNorm,0.00774,0.375,491520.0,1536,0,30,0.00774,analytic,"[1, 128, 768]","[1, 128, 768]",1081.92,0.0,0.375,cuda_event,cuda
48,encoder.layer.3.attention.self.query,Linear,0.05357,0.375,150994944.0,590592,0,31,0.05357,counter,"[1, 128, 768]","[1, 128, 768]",1081.92,0.0,0.375,cuda_event,cuda
48,encoder.layer.3.attention.self.key,Linear,0.05338,0.375,150994944.0,590592,0,32,0.05338,counter,"[1, 128, 768]","[1, 128, 768]",1081.92,0.0,0.375,cuda_event,cuda
48,encoder.layer.3.attention.self.value,Linear,0.05325,0.375,150994944.0,590592,0,33,0.05325,counter,"[1, 128, 768]","[1, 128, 768]",1081.92,0.0,0.375,cuda_event,cuda
48,encoder.layer.3.attention.output.dense,Linear,0.05392,0.375,150994944.0,590592,0,34,0.05392,counter,"[1, 128, 768]","[1, 128, 768]",1081.92,0.0,0.375,cuda_event,cuda
48,encoder.layer.3.attention.output.LayerNorm,LayerNorm,0.00701,0.375,491520.0,1536,0,35,0.00701,analytic,"[1, 128, 768]","[1, 128, 768]",1081.92,0.0,0.375,cuda_event,cuda
48,encoder.layer.3.intermediate.dense,Linear,0.12698,1.5,603979776.0,2362368,0,36,0.12698,counter,"[1, 128, 768]","[1, 128, 3072]",1081.92,0.0,1.5,cuda_event,cuda
48,encoder.layer.3.intermediate.intermediate_act_fn,GELUActivation,0.00621,1.5,0.0,0,0,37,0.00621,none,"[1, 128, 3072]","[1, 128, 3072]",1081.92,0.0,1.5,cuda_event,cuda
48,encoder.layer.3.output.dense,Linear,0.1536,0.375,603979776.0,2360064,0,38,0.1536,counter,"[1, 128, 3072]","[1, 128, 768]",1081.92,0.0,0.375,cuda_event,cuda
48,encoder.layer.3.output.LayerNorm,LayerNorm,0.008,0.375,491520.0,1536,0,39,0.008,analytic,"[1, 128, 768]","[1, 128, 768]",1081.92,0.0,0.375,cuda_event,cuda
48,encoder.layer.4.attention.self.query,Linear,0.05309,0.375,150994944.0,590592,0,40,0.05309,counter,"[1, 128, 768]","[1, 128, 768]",1081.92,0.0,0.375,cuda_event,cuda
48,encoder.layer.4.attention.self.key,Linear,0.05376,0.375,150994944.0,590592,0,41,0.05376,counter,"[1, 128, 768]","[1, 128, 768]",1081.92,0.0,0.375,cuda_event,cuda
48,encoder.layer.4.attention.self.value,Linear,0.05328,0.375,150994944.0,590592,0,42,0.05328,counter,"[1, 128, 768]","[1, 128, 768]",1081.92,0.0,0.375,cuda_event,cuda
48,encoder.layer.4.attention.output.dense,Linear,0.05347,0.375,150994944.0,590592,0,43,0.05347,counter,"[1, 128, 768]","[1, 128, 768]",1081.92,0.0,0.375,cuda_event,cuda
48,encoder.layer.4.attention.output.LayerNorm,LayerNorm,0.00691,0.375,491520.0,1536,0,44,0.00691,analytic,"[1, 128, 768]","[1, 128, 768]",1081.92,0.0,0.375,cuda_event,cuda
48,encoder.layer.4.intermediate.dense,Linear,0.12426,1.5,603979776.0,2362368,0,45,0.12426,counter,"[1, 128, 768]","[1, 128, 3072]",1081.92,0.0,1.5,cuda_event,cuda
48,encoder.layer.4.intermediate.intermediate_act_fn,GELUActivation,0.00672,1.5,0.0,0,0,46,0.00672,none,"[1, 128, 3072]","[1, 128, 3072]",1081.92,0.0,1.5,cuda_event,cuda
48,encoder.layer.4.output.dense,Linear,0.1536,0.375,603979776.0,2360064,0,47,0.1536,counter,"[1, 128, 3072]","[1, 128, 768]",1081.92,0.0,0.375,cuda_event,cuda
48,encoder.layer.4.output.LayerNorm,LayerNorm,0.00704,0.375,491520.0,1536,0,48,0.00704,analytic,"[1, 128, 768]","[1, 128, 768]",1081.92,0.0,0.375,cuda_event,cuda
48,encoder.layer.5.attention.self.query,Linear,0.05309,0.375,150994944.0,590592,0,49,0.05309,counter,"[1, 128, 768]","[1, 128, 768]",1081.92,0.0,0.375,cuda_event,cuda
48,encoder.layer.5.attention.self.key,Linear,0.05328,0.375,150994944.0,590592,0,50,0.05328,counter,"[1, 128, 768]","[1, 128, 768]",1081.92,0.0,0.375,cuda_event,cuda
48,encoder.layer.5.attention.self.value,Linear,0.05341,0.375,150994944.0,590592,0,51,0.05341,counter,"[1, 128, 768]","[1, 128, 768]",1081.92,0.0,0.375,cuda_event,cuda
48,encoder.layer.5.attention.output.dense,Linear,0.05494,0.375,150994944.0,590592,0,52,0.05494,counter,"[1, 128, 768]","[1, 128, 768]",1081.92,0.0,0.375,cuda_event,cuda
48,encoder.layer.5.attention.output.LayerNorm,LayerNorm,0.0071,0.375,491520.0,1536,0,53,0.0071,analytic,"[1, 128, 768]","[1, 128, 768]",1081.92,0.0,0.375,cuda_event,cuda
48,encoder.layer.5.intermediate.dense,Linear,0.12416,1.5,603979776.0,2362368,0,54,0.12416,counter,"[1, 128, 768]","[1, 128, 3072]",1081.92,0.0,1.5,cuda_event,cuda
48,encoder.layer.5.intermediate.intermediate_act_fn,GELUActivation,0.00707,1.5,0.0,0,0,55,0.00707,none,"[1, 128, 3072]","[1, 128, 3072]",1081.92,0.0,1.5,cuda_event,cuda
48,encoder.layer.5.output.dense,Linear,0.1529,0.375,603979776.0,2360064,0,56,0.1529,counter,"[1, 128, 3072]","[1, 128, 768]",1081.92,0.0,0.375,cuda_event,cuda
48,encoder.layer.5.output.LayerNorm,LayerNorm,0.00819,0.375,491520.0,1536,0,57,0.00819,analytic,"[1, 128, 768]","[1, 128, 768]",1081.92,0.0,0.375,cuda_event,cuda
48,encoder.layer.6.attention.self.query,Linear,0.05306,0.375,150994944.0,590592,0,58,0.05306,counter,"[1, 128, 768]","[1, 128, 768]",1081.92,0.0,0.375,cuda_event,cuda
48,encoder.layer.6.attention.self.key,Linear,0.05366,0.375,150994944.0,590592,0,59,0.05366,counter,"[1, 128, 768]","[1, 128, 768]",1081.92,0.0,0.375,cuda_event,cuda
48,encoder.layer.6.attention.self.value,Linear,0.05469,0.375,150994944.0,590592,0,60,0.05469,counter,"[1, 128, 768]","[1, 128, 768]",1081.92,0.0,0.375,cuda_event,cuda
48,encoder.layer.6.attention.output.dense,Linear,0.05427,0.375,150994944.0,590592,0,61,0.05427,counter,"[1, 128, 768]","[1, 128, 768]",1081.92,0.0,0.375,cuda_event,cuda
48,encoder.layer.6.attention.output.LayerNorm,LayerNorm,0.00806,0.375,491520.0,1536,0,62,0.00806,analytic,"[1, 128, 768]","[1, 128, 768]",1081.92,0.0,0.375,cuda_event,cuda
48,encoder.layer.6.intermediate.dense,Linear,0.12522,1.5,603979776.0,2362368,0,63,0.12522,counter,"[1, 128, 768]","[1, 128, 3072]",1081.92,0.0,1.5,cuda_event,cuda
48,encoder.layer.6.intermediate.intermediate_act_fn,GELUActivation,0.00614,1.5,0.0,0,0,64,0.00614,none,"[1, 128, 3072]","[1, 128, 3072]",1081.92,0.0,1.5,cuda_event,cuda
48,encoder.layer.6.output.dense,Linear,0.15526,0.375,603979776.0,2360064,0,65,0.15526,counter,"[1, 128, 3072]","[1, 128, 768]",1081.92,0.0,0.375,cuda_event,cuda
48,encoder.layer.6.output.LayerNorm,LayerNorm,0.00698,0.375,491520.0,1536,0,66,0.00698,analytic,"[1, 128, 768]","[1, 128, 768]",1081.92,0.0,0.375,cuda_event,cuda
48,encoder.layer.7.attention.self.query,Linear,0.05466,0.375,150994944.0,590592,0,67,0.05466,counter,"[1, 128, 768]","[1, 128, 768]",1081.92,0.0,0.375,cuda_event,cuda
48,encoder.layer.7.attention.self.key,Linear,0.05398,0.375,150994944.0,590592,0,68,0.05398,counter,"[1, 128, 768]","[1, 128, 768]",1081.92,0.0,0.375,cuda_event,cuda
48,encoder.layer.7.attention.self.value,Linear,0.05344,0.375,150994944.0,590592,0,69,0.05344,counter,"[1, 128, 768]","[1, 128, 768]",1081.92,0.0,0.375,cuda_event,cuda
48,encoder.layer.7.attention.output.dense,Linear,0.05434,0.375,150994944.0,590592,0,70,0.05434,counter,"[1, 128, 768]","[1, 128, 768]",1081.92,0.0,0.375,cuda_event,cuda
48,encoder.layer.7.attention.output.LayerNorm,LayerNorm,0.00819,0.375,491520.0,1536,0,71,0.00819,analytic,"[1, 128, 768]","[1, 128, 768]",1081.92,0.0,0.375,cuda_event,cuda
48,encoder.layer.7.intermediate.dense,Linear,0.12186,1.5,603979776.0,2362368,0,72,0.12186,counter,"[1, 128, 768]","[1, 128, 3072]",1081.92,0.0,1.5,cuda_event,cuda
48,encoder.layer.7.intermediate.intermediate_act_fn,GELUActivation,0.00685,1.5,0.0,0,0,73,0.00685,none,"[1, 128, 3072]","[1, 128, 3072]",1081.92,0.0,1.5,cuda_event,cuda
48,encoder.layer.7.output.dense,Linear,0.15299,0.375,603979776.0,2360064,0,74,0.15299,counter,"[1, 128, 3072]","[1, 128, 768]",1081.92,0.0,0.375,cuda_event,cuda
48,encoder.layer.7.output.LayerNorm,LayerNorm,0.0081,0.375,491520.0,1536,0,75,0.0081,analytic,"[1, 128, 768]","[1, 128, 768]",1081.92,0.0,0.375,cuda_event,cuda
48,encoder.layer.8.attention.self.query,Linear,0.05146,0.375,150994944.0,590592,0,76,0.05146,counter,"[1, 128, 768]","[1, 128, 768]",1081.92,0.0,0.375,cuda_event,cuda
48,encoder.layer.8.attention.self.key,Linear,0.0543,0.375,150994944.0,590592,0,77,0.0543,counter,"[1, 128, 768]","[1, 128, 768]",1081.92,0.0,0.375,cuda_event,cuda
48,encoder.layer.8.attention.self.value,Linear,0.05363,0.375,150994944.0,590592,0,78,0.05363,counter,"[1, 128, 768]","[1, 128, 768]",1081.92,0.0,0.375,cuda_event,cuda
48,encoder.layer.8.attention.output.dense,Linear,0.05498,0.375,150994944.0,590592,0,79,0.05498,counter,"[1, 128, 768]","[1, 128, 768]",1081.92,0.0,0.375,cuda_event,cuda
48,encoder.layer.8.attention.output.LayerNorm,LayerNorm,0.00701,0.375,491520.0,1536,0,80,0.00701,analytic,"[1, 128, 768]","[1, 128, 768]",1081.92,0.0,0.375,cuda_event,cuda
48,encoder.layer.8.intermediate.dense,Linear,0.1241,1.5,603979776.0,2362368,0,81,0.1241,counter,"[1, 128, 768]","[1, 128, 3072]",1081.92,0.0,1.5,cuda_event,cuda
48,encoder.layer.8.intermediate.intermediate_act_fn,GELUActivation,0.00688,1.5,0.0,0,0,82,0.00688,none,"[1, 128, 3072]","[1, 128, 3072]",1081.92,0.0,1.5,cuda_event,cuda
48,encoder.layer.8.output.dense,Linear,0.15386,0.375,603979776.0,2360064,0,83,0.15386,counter,"[1, 128, 3072]","[1, 128, 768]",1081.92,0.0,0.375,cuda_event,cuda
48,encoder.layer.8.output.LayerNorm,LayerNorm,0.00784,0.375,491520.0,1536,0,84,0.00784,analytic,"[1, 128, 768]","[1, 128, 768]",1081.92,0.0,0.375,cuda_event,cuda
48,encoder.layer.9.attention.self.query,Linear,0.05222,0.375,150994944.0,590592,0,85,0.05222,counter,"[1, 128, 768]","[1, 128, 768]",1081.92,0.0,0.375,cuda_event,cuda
48,encoder.layer.9.attention.self.key,Linear,0.05325,0.375,150994944.0,590592,0,86,0.05325,counter,"[1, 128, 768]","[1, 128, 768]",1081.92,0.0,0.375,cuda_event,cuda
48,encoder.layer.9.attention.self.value,Linear,0.05427,0.375,150994944.0,590592,0,87,0.05427,counter,"[1, 128, 768]","[1, 128, 768]",1081.92,0.0,0.375,cuda_event,cuda
48,encoder.layer.9.attention.output.dense,Linear,0.05325,0.375,150994944.0,590592,0,88,0.05325,counter,"[1, 128, 768]","[1, 128, 768]",1081.92,0.0,0.375,cuda_event,cuda
48,encoder.layer.9.attention.output.LayerNorm,LayerNorm,0.00803,0.375,491520.0,1536,0,89,0.00803,analytic,"[1, 128, 768]","[1, 128, 768]",1081.92,0.0,0.375,cuda_event,cuda
48,encoder.layer.9.intermediate.dense,Linear,0.12355,1.5,603979776.0,2362368,0,90,0.12355,counter,"[1, 128, 768]","[1, 128, 3072]",1081.92,0.0,1.5,cuda_event,cuda
48,encoder.layer.9.intermediate.intermediate_act_fn,GELUActivation,0.00774,1.5,0.0,0,0,91,0.00774,none,"[1, 128, 3072]","[1, 128, 3072]",1081.92,0.0,1.5,cuda_event,cuda
48,encoder.layer.9.output.dense,Linear,0.15405,0.375,603979776.0,2360064,0,92,0.15405,counter,"[1, 128, 3072]","[1, 128, 768]",1081.92,0.0,0.375,cuda_event,cuda
48,encoder.layer.9.output.LayerNorm,LayerNorm,0.00781,0.375,491520.0,1536,0,93,0.00781,analytic,"[1, 128, 768]","[1, 128, 768]",1081.92,0.0,0.375,cuda_event,cuda
48,encoder.layer.10.attention.self.query,Linear,0.05174,0.375,150994944.0,590592,0,94,0.05174,counter,"[1, 128, 768]","[1, 128, 768]",1081.92,0.0,0.375,cuda_event,cuda
48,encoder.layer.10.attention.self.key,Linear,0.05325,0.375,150994944.0,590592,0,95,0.05325,counter,"[1, 128, 768]","[1, 128, 768]",1081.92,0.0,0.375,cuda_event,cuda
48,encoder.layer.10.attention.self.value,Linear,0.05434,0.375,150994944.0,590592,0,96,0.05434,counter,"[1, 128, 768]","[1, 128, 768]",1081.92,0.0,0.375,cuda_event,cuda
48,encoder.layer.10.attention.output.dense,Linear,0.05338,0.375,150994944.0,590592,0,97,0.05338,counter,"[1, 128, 768]","[1, 128, 768]",1081.92,0.0,0.375,cuda_event,cuda
48,encoder.layer.10.attention.output.LayerNorm,LayerNorm,0.00819,0.375,491520.0,1536,0,98,0.00819,analytic,"[1, 128, 768]","[1, 128, 768]",1081.92,0.0,0.375,cuda_event,cuda
48,encoder.layer.10.intermediate.dense,Linear,0.12438,1.5,603979776.0,2362368,0,99,0.12438,counter,"[1, 128, 768]","[1, 128, 3072]",1081.92,0.0,1.5,cuda_event,cuda
48,encoder.layer.10.intermediate.intermediate_act_fn,GELUActivation,0.00682,1.5,0.0,0,0,100,0.00682,none,"[1, 128, 3072]","[1, 128, 3072]",1081.92,0.0,1.5,cuda_event,cuda
48,encoder.layer.10.output.dense,Linear,0.15354,0.375,603979776.0,2360064,0,101,0.15354,counter,"[1, 128, 3072]","[1, 128, 768]",1081.92,0.0,0.375,cuda_event,cuda
48,encoder.layer.10.output.LayerNorm,LayerNorm,0.00694,0.375,491520.0,1536,0,102,0.00694,analytic,"[1, 128, 768]","[1, 128, 768]",1081.92,0.0,0.375,cuda_event,cuda
48,encoder.layer.11.attention.self.query,Linear,0.0527,0.375,150994944.0,590592,0,103,0.0527,counter,"[1, 128, 768]","[1, 128, 768]",1081.92,0.0,0.375,cuda_event,cuda
48,encoder.layer.11.attention.self.key,Linear,0.0535,0.375,150994944.0,590592,0,104,0.0535,counter,"[1, 128, 768]","[1, 128, 768]",1081.92,0.0,0.375,cuda_event,cuda
48,encoder.layer.11.attention.self.value,Linear,0.05341,0.375,150994944.0,590592,0,105,0.05341,counter,"[1, 128, 768]","[1, 128, 768]",1081.92,0.0,0.375,cuda_event,cuda
48,encoder.layer.11.attention.output.dense,Linear,0.05466,0.375,150994944.0,590592,0,106,0.05466,counter,"[1, 128, 768]","[1, 128, 768]",1081.92,0.0,0.375,cuda_event,cuda
48,encoder.layer.11.attention.output.LayerNorm,LayerNorm,0.0071,0.375,491520.0,1536,0,107,0.0071,analytic,"[1, 128, 768]","[1, 128, 768]",1081.92,0.0,0.375,cuda_event,cuda
48,encoder.layer.11.intermediate.dense,Linear,0.12413,1.5,603979776.0,2362368,0,108,0.12413,counter,"[1, 128, 768]","[1, 128, 3072]",1081.92,0.0,1.5,cuda_event,cuda
48,encoder.layer.11.intermediate.intermediate_act_fn,GELUActivation,0.00707,1.5,0.0,0,0,109,0.00707,none,"[1, 128, 3072]","[1, 128, 3072]",1081.92,0.0,1.5,cuda_event,cuda
48,encoder.layer.11.output.dense,Linear,0.15158,0.375,603979776.0,2360064,0,110,0.15158,counter,"[1, 128, 3072]","[1, 128, 768]",1081.92,0.0,0.375,cuda_event,cuda
48,encoder.layer.11.output.LayerNorm,LayerNorm,0.008,0.375,491520.0,1536,0,111,0.008,analytic,"[1, 128, 768]","[1, 128, 768]",1081.92,0.0,0.375,cuda_event,cuda
48,pooler.dense,Linear,0.01389,0.00293,1179648.0,590592,0,112,0.01389,counter,"[1, 768]","[1, 768]",1081.92,0.0,0.003,cuda_event,cuda
48,pooler.activation,Tanh,0.00432,0.00293,3072.0,0,0,113,0.00432,analytic,"[1, 768]","[1, 768]",1081.92,0.0,0.003,cuda_event,cuda
49,embeddings.word_embeddings,Embedding,0.00614,0.375,0.0,23440896,0,0,0.00614,none,"[1, 128]","[1, 128, 768]",1081.92,0.0,0.375,cuda_event,cuda
49,embeddings.token_type_embeddings,Embedding,0.00426,0.375,0.0,1536,0,1,0.00426,none,"[1, 128]","[1, 128, 768]",1081.92,0.0,0.375,cuda_event,cuda
49,embeddings.position_embeddings,Embedding,0.00506,0.375,0.0,393216,0,2,0.00506,none,"[1, 128]","[1, 128, 768]",1081.92,0.0,0.375,cuda_event,cuda
49,embeddings.LayerNorm,LayerNorm,0.00666,0.375,491520.0,1536,0,3,0.00666,analytic,"[1, 128, 768]","[1, 128, 768]",1081.92,0.0,0.375,cuda_event,cuda
49,encoder.layer.0.attention.self.query,Linear,0.05504,0.375,150994944.0,590592,0,4,0.05504,counter,"[1, 128, 768]","[1, 128, 768]",1081.92,0.0,0.375,cuda_event,cuda
49,encoder.layer.0.attention.self.key,Linear,0.05366,0.375,150994944.0,590592,0,5,0.05366,counter,"[1, 128, 768]","[1, 128, 768]",1081.92,0.0,0.375,cuda_event,cuda
49,encoder.layer.0.attention.self.value,Linear,0.05325,0.375,150994944.0,590592,0,6,0.05325,counter,"[1, 128, 768]","[1, 128, 768]",1081.92,0.0,0.375,cuda_event,cuda
49,encoder.layer.0.attention.output.dense,Linear,0.0535,0.375,150994944.0,590592,0,7,0.0535,counter,"[1, 128, 768]","[1, 128, 768]",1081.92,0.0,0.375,cuda_event,cuda
49,encoder.layer.0.attention.output.LayerNorm,LayerNorm,0.00819,0.375,491520.0,1536,0,8,0.00819,analytic,"[1, 128, 768]","[1, 128, 768]",1081.92,0.0,0.375,cuda_event,cuda
49,encoder.layer.0.intermediate.dense,Linear,0.12445,1.5,603979776.0,2362368,0,9,0.12445,counter,"[1, 128, 768]","[1, 128, 3072]",1081.92,0.0,1.5,cuda_event,cuda
49,encoder.layer.0.intermediate.intermediate_act_fn,GELUActivation,0.00675,1.5,0.0,0,0,10,0.00675,none,"[1, 128, 3072]","[1, 128, 3072]",1081.92,0.0,1.5,cuda_event,cuda
49,encoder.layer.0.output.dense,Linear,0.15338,0.375,603979776.0,2360064,0,11,0.15338,counter,"[1, 128, 3072]","[1, 128, 768]",1081.92,0.0,0.375,cuda_event,cuda
49,encoder.layer.0.output.LayerNorm,LayerNorm,0.00778,0.375,491520.0,1536,0,12,0.00778,analytic,"[1, 128, 768]","[1, 128, 768]",1081.92,0.0,0.375,cuda_event,cuda
49,encoder.layer.1.attention.self.query,Linear,0.05376,0.375,150994944.0,590592,0,13,0.05376,counter,"[1, 128, 768]","[1, 128, 768]",1081.92,0.0,0.375,cuda_event,cuda
49,encoder.layer.1.attention.self.key,Linear,0.05347,0.375,150994944.0,590592,0,14,0.05347,counter,"[1, 128, 768]","[1, 128, 768]",1081.92,0.0,0.375,cuda_event,cuda
49,encoder.layer.1.attention.self.value,Linear,0.05344,0.375,150994944.0,590592,0,15,0.05344,counter,"[1, 128, 768]","[1, 128, 768]",1081.92,0.0,0.375,cuda_event,cuda
49,encoder.layer.1.attention.output.dense,Linear,0.05325,0.375,150994944.0,590592,0,16,0.05325,counter,"[1, 128, 768]","[1, 128, 768]",1081.92,0.0,0.375,cuda_event,cuda
49,encoder.layer.1.attention.output.LayerNorm,LayerNorm,0.00774,0.375,491520.0,1536,0,17,0.00774,analytic,"[1, 128, 768]","[1, 128, 768]",1081.92,0.0,0.375,cuda_event,cuda
49,encoder.layer.1.intermediate.dense,Linear,0.12349,1.5,603979776.0,2362368,0,18,0.12349,counter,"[1, 128, 768]","[1, 128, 3072]",1081.92,0.0,1.5,cuda_event,cuda
49,encoder.layer.1.intermediate.intermediate_act_fn,GELUActivation,0.0073,1.5,0.0,0,0,19,0.0073,none,"[1, 128, 3072]","[1, 128, 3072]",1081.92,0.0,1.5,cuda_event,cuda
49,encoder.layer.1.output.dense,Linear,0.15558,0.375,603979776.0,2360064,0,20,0.15558,counter,"[1, 128, 3072]","[1, 128, 768]",1081.92,0.0,0.375,cuda_event,cuda
49,encoder.layer.1.output.LayerNorm,LayerNorm,0.00816,0.375,491520.0,1536,0,21,0.00816,analytic,"[1, 128, 768]","[1, 128, 768]",1081.92,0.0,0.375,cuda_event,cuda
49,encoder.layer.2.attention.self.query,Linear,0.05149,0.375,150994944.0,590592,0,22,0.05149,counter,"[1, 128, 768]","[1, 128, 768]",1081.92,0.0,0.375,cuda_event,cuda
49,encoder.layer.2.attention.self.key,Linear,0.05286,0.375,150994944.0,590592,0,23,0.05286,counter,"[1, 128, 768]","[1, 128, 768]",1081.92,0.0,0.375,cuda_event,cuda
49,encoder.layer.2.attention.self.value,Linear,0.05325,0.375,150994944.0,590592,0,24,0.05325,counter,"[1, 128, 768]","[1, 128, 768]",1081.92,0.0,0.375,cuda_event,cuda
49,encoder.layer.2.attention.output.dense,Linear,0.05325,0.375,150994944.0,590592,0,25,0.05325,counter,"[1, 128, 768]","[1, 128, 768]",1081.92,0.0,0.375,cuda_event,cuda
49,encoder.layer.2.attention.output.LayerNorm,LayerNorm,0.00819,0.375,491520.0,1536,0,26,0.00819,analytic,"[1, 128, 768]","[1, 128, 768]",1081.92,0.0,0.375,cuda_event,cuda
49,encoder.layer.2.intermediate.dense,Linear,0.12493,1.5,603979776.0,2362368,0,27,0.12493,counter,"[1, 128, 768]","[1, 128, 3072]",1081.92,0.0,1.5,cuda_event,cuda
49,encoder.layer.2.intermediate.intermediate_act_fn,GELUActivation,0.00614,1.5,0.0,0,0,28,0.00614,none,"[1, 128, 3072]","[1, 128, 3072]",1081.92,0.0,1.5,cuda_event,cuda
49,encoder.layer.2.output.dense,Linear,0.15258,0.375,603979776.0,2360064,0,29,0.15258,counter,"[1, 128, 3072]","[1, 128, 768]",1081.92,0.0,0.375,cuda_event,cuda
49,encoder.layer.2.output.LayerNorm,LayerNorm,0.00819,0.375,491520.0,1536,0,30,0.00819,analytic,"[1, 128, 768]","[1, 128, 768]",1081.92,0.0,0.375,cuda_event,cuda
49,encoder.layer.3.attention.self.query,Linear,0.05315,0.375,150994944.0,590592,0,31,0.05315,counter,"[1, 128, 768]","[1, 128, 768]",1081.92,0.0,0.375,cuda_event,cuda
49,encoder.layer.3.attention.self.key,Linear,0.0535,0.375,150994944.0,590592,0,32,0.0535,counter,"[1, 128, 768]","[1, 128, 768]",1081.92,0.0,0.375,cuda_event,cuda
49,encoder.layer.3.attention.self.value,Linear,0.05491,0.375,150994944.0,590592,0,33,0.05491,counter,"[1, 128, 768]","[1, 128, 768]",1081.92,0.0,0.375,cuda_event,cuda
49,encoder.layer.3.attention.output.dense,Linear,0.05446,0.375,150994944.0,590592,0,34,0.05446,counter,"[1, 128, 768]","[1, 128, 768]",1081.92,0.0,0.375,cuda_event,cuda
49,encoder.layer.3.attention.output.LayerNorm,LayerNorm,0.00819,0.375,491520.0,1536,0,35,0.00819,analytic,"[1, 128, 768]","[1, 128, 768]",1081.92,0.0,0.375,cuda_event,cuda
49,encoder.layer.3.intermediate.dense,Linear,0.12493,1.5,603979776.0,2362368,0,36,0.12493,counter,"[1, 128, 768]","[1, 128, 3072]",1081.92,0.0,1.5,cuda_event,cuda
49,encoder.layer.3.intermediate.intermediate_act_fn,GELUActivation,0.00752,1.5,0.0,0,0,37,0.00752,none,"[1, 128, 3072]","[1, 128, 3072]",1081.92,0.0,1.5,cuda_event,cuda
49,encoder.layer.3.output.dense,Linear,0.15632,0.375,603979776.0,2360064,0,38,0.15632,counter,"[1, 128, 3072]","[1, 128, 768]",1081.92,0.0,0.375,cuda_event,cuda
49,encoder.layer.3.output.LayerNorm,LayerNorm,0.0081,0.375,491520.0,1536,0,39,0.0081,analytic,"[1, 128, 768]","[1, 128, 768]",1081.92,0.0,0.375,cuda_event,cuda
49,encoder.layer.4.attention.self.query,Linear,0.05341,0.375,150994944.0,590592,0,40,0.05341,counter,"[1, 128, 768]","[1, 128, 768]",1081.92,0.0,0.375,cuda_event,cuda
49,encoder.layer.4.attention.self.key,Linear,0.0535,0.375,150994944.0,590592,0,41,0.0535,counter,"[1, 128, 768]","[1, 128, 768]",1081.92,0.0,0.375,cuda_event,cuda
49,encoder.layer.4.attention.self.value,Linear,0.05325,0.375,150994944.0,590592,0,42,0.05325,counter,"[1, 128, 768]","[1, 128, 768]",1081.92,0.0,0.375,cuda_event,cuda
49,encoder.layer.4.attention.output.dense,Linear,0.05366,0.375,150994944.0,590592,0,43,0.05366,counter,"[1, 128, 768]","[1, 128, 768]",1081.92,0.0,0.375,cuda_event,cuda
49,encoder.layer.4.attention.output.LayerNorm,LayerNorm,0.00771,0.375,491520.0,1536,0,44,0.00771,analytic,"[1, 128, 768]","[1, 128, 768]",1081.92,0.0,0.375,cuda_event,cuda
49,encoder.layer.4.intermediate.dense,Linear,0.12326,1.5,603979776.0,2362368,0,45,0.12326,counter,"[1, 128, 768]","[1, 128, 3072]",1081.92,0.0,1.5,cuda_event,cuda
49,encoder.layer.4.intermediate.intermediate_act_fn,GELUActivation,0.00669,1.5,0.0,0,0,46,0.00669,none,"[1, 128, 3072]","[1, 128, 3072]",1081.92,0.0,1.5,cuda_event,cuda
49,encoder.layer.4.output.dense,Linear,0.1536,0.375,603979776.0,2360064,0,47,0.1536,counter,"[1, 128, 3072]","[1, 128, 768]",1081.92,0.0,0.375,cuda_event,cuda
49,encoder.layer.4.output.LayerNorm,LayerNorm,0.00806,0.375,491520.0,1536,0,48,0.00806,analytic,"[1, 128, 768]","[1, 128, 768]",1081.92,0.0,0.375,cuda_event,cuda
49,encoder.layer.5.attention.self.query,Linear,0.0528,0.375,150994944.0,590592,0,49,0.0528,counter,"[1, 128, 768]","[1, 128, 768]",1081.92,0.0,0.375,cuda_event,cuda
49,encoder.layer.5.attention.self.key,Linear,0.05363,0.375,150994944.0,590592,0,50,0.05363,counter,"[1, 128, 768]","[1, 128, 768]",1081.92,0.0,0.375,cuda_event,cuda
49,encoder.layer.5.attention.self.value,Linear,0.05357,0.375,150994944.0,590592,0,51,0.05357,counter,"[1, 128, 768]","[1, 128, 768]",1081.92,0.0,0.375,cuda_event,cuda
49,encoder.layer.5.attention.output.dense,Linear,0.05325,0.375,150994944.0,590592,0,52,0.05325,counter,"[1, 128, 768]","[1, 128, 768]",1081.92,0.0,0.375,cuda_event,cuda
49,encoder.layer.5.attention.output.LayerNorm,LayerNorm,0.00787,0.375,491520.0,1536,0,53,0.00787,analytic,"[1, 128, 768]","[1, 128, 768]",1081.92,0.0,0.375,cuda_event,cuda
49,encoder.layer.5.intermediate.dense,Linear,0.12541,1.5,603979776.0,2362368,0,54,0.12541,counter,"[1, 128, 768]","[1, 128, 3072]",1081.92,0.0,1.5,cuda_event,cuda
49,encoder.layer.5.intermediate.intermediate_act_fn,GELUActivation,0.00627,1.5,0.0,0,0,55,0.00627,none,"[1, 128, 3072]","[1, 128, 3072]",1081.92,0.0,1.5,cuda_event,cuda
49,encoder.layer.5.output.dense,Linear,0.1536,0.375,603979776.0,2360064,0,56,0.1536,counter,"[1, 128, 3072]","[1, 128, 768]",1081.92,0.0,0.375,cuda_event,cuda
49,encoder.layer.5.output.LayerNorm,LayerNorm,0.00778,0.375,491520.0,1536,0,57,0.00778,analytic,"[1, 128, 768]","[1, 128, 768]",1081.92,0.0,0.375,cuda_event,cuda
49,encoder.layer.6.attention.self.query,Linear,0.05206,0.375,150994944.0,590592,0,58,0.05206,counter,"[1, 128, 768]","[1, 128, 768]",1081.92,0.0,0.375,cuda_event,cuda
49,encoder.layer.6.attention.self.key,Linear,0.0553,0.375,150994944.0,590592,0,59,0.0553,counter,"[1, 128, 768]","[1, 128, 768]",1081.92,0.0,0.375,cuda_event,cuda
49,encoder.layer.6.attention.self.value,Linear,0.05325,0.375,150994944.0,590592,0,60,0.05325,counter,"[1, 128, 768]","[1, 128, 768]",1081.92,0.0,0.375,cuda_event,cuda
49,encoder.layer.6.attention.output.dense,Linear,0.05331,0.375,150994944.0,590592,0,61,0.05331,counter,"[1, 128, 768]","[1, 128, 768]",1081.92,0.0,0.375,cuda_event,cuda
49,encoder.layer.6.attention.output.LayerNorm,LayerNorm,0.00701,0.375,491520.0,1536,0,62,0.00701,analytic,"[1, 128, 768]","[1, 128, 768]",1081.92,0.0,0.375,cuda_event,cuda
49,encoder.layer.6.intermediate.dense,Linear,0.12666,1.5,603979776.0,2362368,0,63,0.12666,counter,"[1, 128, 768]","[1, 128, 3072]",1081.92,0.0,1.5,cuda_event,cuda
49,encoder.layer.6.intermediate.intermediate_act_fn,GELUActivation,0.00656,1.5,0.0,0,0,64,0.00656,none,"[1, 128, 3072]","[1, 128, 3072]",1081.92,0.0,1.5,cuda_event,cuda
49,encoder.layer.6.output.dense,Linear,0.1536,0.375,603979776.0,2360064,0,65,0.1536,counter,"[1, 128, 3072]","[1, 128, 768]",1081.92,0.0,0.375,cuda_event,cuda
49,encoder.layer.6.output.LayerNorm,LayerNorm,0.00819,0.375,491520.0,1536,0,66,0.00819,analytic,"[1, 128, 768]","[1, 128, 768]",1081.92,0.0,0.375,cuda_event,cuda
49,encoder.layer.7.attention.self.query,Linear,0.05302,0.375,150994944.0,590592,0,67,0.05302,counter,"[1, 128, 768]","[1, 128, 768]",1081.92,0.0,0.375,cuda_event,cuda
49,encoder.layer.7.attention.self.key,Linear,0.05338,0.375,150994944.0,590592,0,68,0.05338,counter,"[1, 128, 768]","[1, 128, 768]",1081.92,0.0,0.375,cuda_event,cuda
49,encoder.layer.7.attention.self.value,Linear,0.05338,0.375,150994944.0,590592,0,69,0.05338,counter,"[1, 128, 768]","[1, 128, 768]",1081.92,0.0,0.375,cuda_event,cuda
49,encoder.layer.7.attention.output.dense,Linear,0.05462,0.375,150994944.0,590592,0,70,0.05462,counter,"[1, 128, 768]","[1, 128, 768]",1081.92,0.0,0.375,cuda_event,cuda
49,encoder.layer.7.attention.output.LayerNorm,LayerNorm,0.00707,0.375,491520.0,1536,0,71,0.00707,analytic,"[1, 128, 768]","[1, 128, 768]",1081.92,0.0,0.375,cuda_event,cuda
49,encoder.layer.7.intermediate.dense,Linear,0.12227,1.5,603979776.0,2362368,0,72,0.12227,counter,"[1, 128, 768]","[1, 128, 3072]",1081.92,0.0,1.5,cuda_event,cuda
49,encoder.layer.7.intermediate.intermediate_act_fn,GELUActivation,0.00685,1.5,0.0,0,0,73,0.00685,none,"[1, 128, 3072]","[1, 128, 3072]",1081.92,0.0,1.5,cuda_event,cuda
49,encoder.layer.7.output.dense,Linear,0.15306,0.375,603979776.0,2360064,0,74,0.15306,counter,"[1, 128, 3072]","[1, 128, 768]",1081.92,0.0,0.375,cuda_event,cuda
49,encoder.layer.7.output.LayerNorm,LayerNorm,0.00707,0.375,491520.0,1536,0,75,0.00707,analytic,"[1, 128, 768]","[1, 128, 768]",1081.92,0.0,0.375,cuda_event,cuda
49,encoder.layer.8.attention.self.query,Linear,0.05434,0.375,150994944.0,590592,0,76,0.05434,counter,"[1, 128, 768]","[1, 128, 768]",1081.92,0.0,0.375,cuda_event,cuda
49,encoder.layer.8.attention.self.key,Linear,0.05507,0.375,150994944.0,590592,0,77,0.05507,counter,"[1, 128, 768]","[1, 128, 768]",1081.92,0.0,0.375,cuda_event,cuda
49,encoder.layer.8.attention.self.value,Linear,0.05325,0.375,150994944.0,590592,0,78,0.05325,counter,"[1, 128, 768]","[1, 128, 768]",1081.92,0.0,0.375,cuda_event,cuda
49,encoder.layer.8.attention.output.dense,Linear,0.05331,0.375,150994944.0,590592,0,79,0.05331,counter,"[1, 128, 768]","[1, 128, 768]",1081.92,0.0,0.375,cuda_event,cuda
49,encoder.layer.8.attention.output.LayerNorm,LayerNorm,0.00819,0.375,491520.0,1536,0,80,0.00819,analytic,"[1, 128, 768]","[1, 128, 768]",1081.92,0.0,0.375,cuda_event,cuda
49,encoder.layer.8.intermediate.dense,Linear,0.12493,1.5,603979776.0,2362368,0,81,0.12493,counter,"[1, 128, 768]","[1, 128, 3072]",1081.92,0.0,1.5,cuda_event,cuda
49,encoder.layer.8.intermediate.intermediate_act_fn,GELUActivation,0.00624,1.5,0.0,0,0,82,0.00624,none,"[1, 128, 3072]","[1, 128, 3072]",1081.92,0.0,1.5,cuda_event,cuda
49,encoder.layer.8.output.dense,Linear,0.15565,0.375,603979776.0,2360064,0,83,0.15565,counter,"[1, 128, 3072]","[1, 128, 768]",1081.92,0.0,0.375,cuda_event,cuda
49,encoder.layer.8.output.LayerNorm,LayerNorm,0.008,0.375,491520.0,1536,0,84,0.008,analytic,"[1, 128, 768]","[1, 128, 768]",1081.92,0.0,0.375,cuda_event,cuda
49,encoder.layer.9.attention.self.query,Linear,0.05158,0.375,150994944.0,590592,0,85,0.05158,counter,"[1, 128, 768]","[1, 128, 768]",1081.92,0.0,0.375,cuda_event,cuda
49,encoder.layer.9.attention.self.key,Linear,0.05331,0.375,150994944.0,590592,0,86,0.05331,counter,"[1, 128, 768]","[1, 128, 768]",1081.92,0.0,0.375,cuda_event,cuda
49,encoder.layer.9.attention.self.value,Linear,0.05491,0.375,150994944.0,590592,0,87,0.05491,counter,"[1, 128, 768]","[1, 128, 768]",1081.92,0.0,0.375,cuda_event,cuda
49,encoder.layer.9.attention.output.dense,Linear,0.05405,0.375,150994944.0,590592,0,88,0.05405,counter,"[1, 128, 768]","[1, 128, 768]",1081.92,0.0,0.375,cuda_event,cuda
49,encoder.layer.9.attention.output.LayerNorm,LayerNorm,0.00707,0.375,491520.0,1536,0,89,0.00707,analytic,"[1, 128, 768]","[1, 128, 768]",1081.92,0.0,0.375,cuda_event,cuda
49,encoder.layer.9.intermediate.dense,Linear,0.12438,1.5,603979776.0,2362368,0,90,0.12438,counter,"[1, 128, 768]","[1, 128, 3072]",1081.92,0.0,1.5,cuda_event,cuda
49,encoder.layer.9.intermediate.intermediate_act_fn,GELUActivation,0.00675,1.5,0.0,0,0,91,0.00675,none,"[1, 128, 3072]","[1, 128, 3072]",1081.92,0.0,1.5,cuda_event,cuda
49,encoder.layer.9.output.dense,Linear,0.15379,0.375,603979776.0,2360064,0,92,0.15379,counter,"[1, 128, 3072]","[1, 128, 768]",1081.92,0.0,0.375,cuda_event,cuda
49,encoder.layer.9.output.LayerNorm,LayerNorm,0.00781,0.375,491520.0,1536,0,93,0.00781,analytic,"[1, 128, 768]","[1, 128, 768]",1081.92,0.0,0.375,cuda_event,cuda
49,encoder.layer.10.attention.self.query,Linear,0.05174,0.375,150994944.0,590592,0,94,0.05174,counter,"[1, 128, 768]","[1, 128, 768]",1081.92,0.0,0.375,cuda_event,cuda
49,encoder.layer.10.attention.self.key,Linear,0.05427,0.375,150994944.0,590592,0,95,0.05427,counter,"[1, 128, 768]","[1, 128, 768]",1081.92,0.0,0.375,cuda_event,cuda
49,encoder.layer.10.attention.self.value,Linear,0.05411,0.375,150994944.0,590592,0,96,0.05411,counter,"[1, 128, 768]","[1, 128, 768]",1081.92,0.0,0.375,cuda_event,cuda
49,encoder.layer.10.attention.output.dense,Linear,0.05318,0.375,150994944.0,590592,0,97,0.05318,counter,"[1, 128, 768]","[1, 128, 768]",1081.92,0.0,0.375,cuda_event,cuda
49,encoder.layer.10.attention.output.LayerNorm,LayerNorm,0.00819,0.375,491520.0,1536,0,98,0.00819,analytic,"[1, 128, 768]","[1, 128, 768]",1081.92,0.0,0.375,cuda_event,cuda
49,encoder.layer.10.intermediate.dense,Linear,0.12506,1.5,603979776.0,2362368,0,99,0.12506,counter,"[1, 128, 768]","[1, 128, 3072]",1081.92,0.0,1.5,cuda_event,cuda
49,encoder.layer.10.intermediate.intermediate_act_fn,GELUActivation,0.00614,1.5,0.0,0,0,100,0.00614,none,"[1, 128, 3072]","[1, 128, 3072]",1081.92,0.0,1.5,cuda_event,cuda
49,encoder.layer.10.output.dense,Linear,0.1536,0.375,603979776.0,2360064,0,101,0.1536,counter,"[1, 128, 3072]","[1, 128, 768]",1081.92,0.0,0.375,cuda_event,cuda
49,encoder.layer.10.output.LayerNorm,LayerNorm,0.00774,0.375,491520.0,1536,0,102,0.00774,analytic,"[1, 128, 768]","[1, 128, 768]",1081.92,0.0,0.375,cuda_event,cuda
49,encoder.layer.11.attention.self.query,Linear,0.05344,0.375,150994944.0,590592,0,103,0.05344,counter,"[1, 128, 768]","[1, 128, 768]",1081.92,0.0,0.375,cuda_event,cuda
49,encoder.layer.11.attention.self.key,Linear,0.05366,0.375,150994944.0,590592,0,104,0.05366,counter,"[1, 128, 768]","[1, 128, 768]",1081.92,0.0,0.375,cuda_event,cuda
49,encoder.layer.11.attention.self.value,Linear,0.05325,0.375,150994944.0,590592,0,105,0.05325,counter,"[1, 128, 768]","[1, 128, 768]",1081.92,0.0,0.375,cuda_event,cuda
49,encoder.layer.11.attention.output.dense,Linear,0.05347,0.375,150994944.0,590592,0,106,0.05347,counter,"[1, 128, 768]","[1, 128, 768]",1081.92,0.0,0.375,cuda_event,cuda
49,encoder.layer.11.attention.output.LayerNorm,LayerNorm,0.00778,0.375,491520.0,1536,0,107,0.00778,analytic,"[1, 128, 768]","[1, 128, 768]",1081.92,0.0,0.375,cuda_event,cuda
49,encoder.layer.11.intermediate.dense,Linear,0.12493,1.5,603979776.0,2362368,0,108,0.12493,counter,"[1, 128, 768]","[1, 128, 3072]",1081.92,0.0,1.5,cuda_event,cuda
49,encoder.layer.11.intermediate.intermediate_act_fn,GELUActivation,0.00778,1.5,0.0,0,0,109,0.00778,none,"[1, 128, 3072]","[1, 128, 3072]",1081.92,0.0,1.5,cuda_event,cuda
49,encoder.layer.11.output.dense,Linear,0.15194,0.375,603979776.0,2360064,0,110,0.15194,counter,"[1, 128, 3072]","[1, 128, 768]",1081.92,0.0,0.375,cuda_event,cuda
49,encoder.layer.11.output.LayerNorm,LayerNorm,0.00803,0.375,491520.0,1536,0,111,0.00803,analytic,"[1, 128, 768]","[1, 128, 768]",1081.92,0.0,0.375,cuda_event,cuda
49,pooler.dense,Linear,0.01302,0.00293,1179648.0,590592,0,112,0.01302,counter,"[1, 768]","[1, 768]",1081.92,0.0,0.003,cuda_event,cuda
49,pooler.activation,Tanh,0.0041,0.00293,3072.0,0,0,113,0.0041,analytic,"[1, 768]","[1, 768]",1081.92,0.0,0.003,cuda_event,cuda
