iteration,layer_name,layer_type,time_ms,activation_mb,flops,params,call_index,exec_order,raw_time_ms,flops_source,input_shape,output_shape,process_rss_mb,gpu_mem_before_mb,gpu_mem_after_mb,timing_backend,device
0,embeddings.word_embeddings,Embedding,0.1036,0.375,0.0,23440896,0,0,0.1044,none,"[1, 128]","[1, 128, 768]",974.82,0.0,0.375,cpu_perf_counter,cpu
0,embeddings.position_embeddings,Embedding,0.0361,0.375,0.0,393216,0,1,0.0369,none,"[1, 128]","[1, 128, 768]",974.82,0.0,0.375,cpu_perf_counter,cpu
0,embeddings.LayerNorm,LayerNorm,0.0529,0.375,491520.0,1536,0,2,0.0537,analytic,"[1, 128, 768]","[1, 128, 768]",974.82,0.0,0.375,cpu_perf_counter,cpu
0,transformer.layer.0.attention.q_lin,Linear,0.3957,0.375,150994944.0,590592,0,3,0.3965,counter,"[1, 128, 768]","[1, 128, 768]",974.82,0.0,0.375,cpu_perf_counter,cpu
0,transformer.layer.0.attention.k_lin,Linear,0.3522,0.375,150994944.0,590592,0,4,0.353,counter,"[1, 128, 768]","[1, 128, 768]",974.82,0.0,0.375,cpu_perf_counter,cpu
0,transformer.layer.0.attention.v_lin,Linear,0.3557,0.375,150994944.0,590592,0,5,0.3565,counter,"[1, 128, 768]","[1, 128, 768]",974.82,0.0,0.375,cpu_perf_counter,cpu
0,transformer.layer.0.attention.out_lin,Linear,0.3606,0.375,150994944.0,590592,0,6,0.3614,counter,"[1, 128, 768]","[1, 128, 768]",974.82,0.0,0.375,cpu_perf_counter,cpu
0,transformer.layer.0.sa_layer_norm,LayerNorm,0.0427,0.375,491520.0,1536,0,7,0.0435,analytic,"[1, 128, 768]","[1, 128, 768]",974.82,0.0,0.375,cpu_perf_counter,cpu
0,transformer.layer.0.ffn.lin1,Linear,1.5324,1.5,603979776.0,2362368,0,8,1.5332,counter,"[1, 128, 768]","[1, 128, 3072]",974.82,0.0,1.5,cpu_perf_counter,cpu
0,transformer.layer.0.ffn.activation,GELUActivation,0.1346,1.5,0.0,0,0,9,0.1354,none,"[1, 128, 3072]","[1, 128, 3072]",974.82,0.0,1.5,cpu_perf_counter,cpu
0,transformer.layer.0.ffn.lin2,Linear,1.379,0.375,603979776.0,2360064,0,10,1.3798,counter,"[1, 128, 3072]","[1, 128, 768]",974.82,0.0,0.375,cpu_perf_counter,cpu
0,transformer.layer.0.output_layer_norm,LayerNorm,0.0402,0.375,491520.0,1536,0,11,0.041,analytic,"[1, 128, 768]","[1, 128, 768]",974.82,0.0,0.375,cpu_perf_counter,cpu
0,transformer.layer.1.attention.q_lin,Linear,0.361,0.375,150994944.0,590592,0,12,0.3618,counter,"[1, 128, 768]","[1, 128, 768]",974.82,0.0,0.375,cpu_perf_counter,cpu
0,transformer.layer.1.attention.k_lin,Linear,0.3601,0.375,150994944.0,590592,0,13,0.3609,counter,"[1, 128, 768]","[1, 128, 768]",974.82,0.0,0.375,cpu_perf_counter,cpu
0,transformer.layer.1.attention.v_lin,Linear,0.3453,0.375,150994944.0,590592,0,14,0.3461,counter,"[1, 128, 768]","[1, 128, 768]",974.82,0.0,0.375,cpu_perf_counter,cpu
0,transformer.layer.1.attention.out_lin,Linear,0.3677,0.375,150994944.0,590592,0,15,0.3685,counter,"[1, 128, 768]","[1, 128, 768]",974.82,0.0,0.375,cpu_perf_counter,cpu
0,transformer.layer.1.sa_layer_norm,LayerNorm,0.0323,0.375,491520.0,1536,0,16,0.0331,analytic,"[1, 128, 768]","[1, 128, 768]",974.82,0.0,0.375,cpu_perf_counter,cpu
0,transformer.layer.1.ffn.lin1,Linear,1.5343,1.5,603979776.0,2362368,0,17,1.5351,counter,"[1, 128, 768]","[1, 128, 3072]",974.82,0.0,1.5,cpu_perf_counter,cpu
0,transformer.layer.1.ffn.activation,GELUActivation,0.1419,1.5,0.0,0,0,18,0.1427,none,"[1, 128, 3072]","[1, 128, 3072]",974.82,0.0,1.5,cpu_perf_counter,cpu
0,transformer.layer.1.ffn.lin2,Linear,1.4279,0.375,603979776.0,2360064,0,19,1.4287,counter,"[1, 128, 3072]","[1, 128, 768]",974.82,0.0,0.375,cpu_perf_counter,cpu
0,transformer.layer.1.output_layer_norm,LayerNorm,0.0501,0.375,491520.0,1536,0,20,0.0509,analytic,"[1, 128, 768]","[1, 128, 768]",974.82,0.0,0.375,cpu_perf_counter,cpu
0,transformer.layer.2.attention.q_lin,Linear,0.3859,0.375,150994944.0,590592,0,21,0.3867,counter,"[1, 128, 768]","[1, 128, 768]",974.82,0.0,0.375,cpu_perf_counter,cpu
0,transformer.layer.2.attention.k_lin,Linear,0.3653,0.375,150994944.0,590592,0,22,0.3661,counter,"[1, 128, 768]","[1, 128, 768]",974.82,0.0,0.375,cpu_perf_counter,cpu
0,transformer.layer.2.attention.v_lin,Linear,0.3721,0.375,150994944.0,590592,0,23,0.3729,counter,"[1, 128, 768]","[1, 128, 768]",974.82,0.0,0.375,cpu_perf_counter,cpu
0,transformer.layer.2.attention.out_lin,Linear,0.3794,0.375,150994944.0,590592,0,24,0.3802,counter,"[1, 128, 768]","[1, 128, 768]",974.82,0.0,0.375,cpu_perf_counter,cpu
0,transformer.layer.2.sa_layer_norm,LayerNorm,0.0404,0.375,491520.0,1536,0,25,0.0412,analytic,"[1, 128, 768]","[1, 128, 768]",974.82,0.0,0.375,cpu_perf_counter,cpu
0,transformer.layer.2.ffn.lin1,Linear,1.524,1.5,603979776.0,2362368,0,26,1.5248,counter,"[1, 128, 768]","[1, 128, 3072]",974.82,0.0,1.5,cpu_perf_counter,cpu
0,transformer.layer.2.ffn.activation,GELUActivation,0.1418,1.5,0.0,0,0,27,0.1426,none,"[1, 128, 3072]","[1, 128, 3072]",974.82,0.0,1.5,cpu_perf_counter,cpu
0,transformer.layer.2.ffn.lin2,Linear,1.4328,0.375,603979776.0,2360064,0,28,1.4336,counter,"[1, 128, 3072]","[1, 128, 768]",974.82,0.0,0.375,cpu_perf_counter,cpu
0,transformer.layer.2.output_layer_norm,LayerNorm,0.0435,0.375,491520.0,1536,0,29,0.0443,analytic,"[1, 128, 768]","[1, 128, 768]",974.82,0.0,0.375,cpu_perf_counter,cpu
0,transformer.layer.3.attention.q_lin,Linear,0.394,0.375,150994944.0,590592,0,30,0.3948,counter,"[1, 128, 768]","[1, 128, 768]",974.82,0.0,0.375,cpu_perf_counter,cpu
0,transformer.layer.3.attention.k_lin,Linear,0.3721,0.375,150994944.0,590592,0,31,0.3729,counter,"[1, 128, 768]","[1, 128, 768]",974.82,0.0,0.375,cpu_perf_counter,cpu
0,transformer.layer.3.attention.v_lin,Linear,0.3864,0.375,150994944.0,590592,0,32,0.3872,counter,"[1, 128, 768]","[1, 128, 768]",974.82,0.0,0.375,cpu_perf_counter,cpu
0,transformer.layer.3.attention.out_lin,Linear,0.3915,0.375,150994944.0,590592,0,33,0.3923,counter,"[1, 128, 768]","[1, 128, 768]",974.82,0.0,0.375,cpu_perf_counter,cpu
0,transformer.layer.3.sa_layer_norm,LayerNorm,0.0378,0.375,491520.0,1536,0,34,0.0386,analytic,"[1, 128, 768]","[1, 128, 768]",974.82,0.0,0.375,cpu_perf_counter,cpu
0,transformer.layer.3.ffn.lin1,Linear,1.5147,1.5,603979776.0,2362368,0,35,1.5155,counter,"[1, 128, 768]","[1, 128, 3072]",974.82,0.0,1.5,cpu_perf_counter,cpu
0,transformer.layer.3.ffn.activation,GELUActivation,0.1274,1.5,0.0,0,0,36,0.1282,none,"[1, 128, 3072]","[1, 128, 3072]",974.82,0.0,1.5,cpu_perf_counter,cpu
0,transformer.layer.3.ffn.lin2,Linear,1.477,0.375,603979776.0,2360064,0,37,1.4778,counter,"[1, 128, 3072]","[1, 128, 768]",974.82,0.0,0.375,cpu_perf_counter,cpu
0,transformer.layer.3.output_layer_norm,LayerNorm,0.0412,0.375,491520.0,1536,0,38,0.042,analytic,"[1, 128, 768]","[1, 128, 768]",974.82,0.0,0.375,cpu_perf_counter,cpu
0,transformer.layer.4.attention.q_lin,Linear,0.3756,0.375,150994944.0,590592,0,39,0.3764,counter,"[1, 128, 768]","[1, 128, 768]",974.82,0.0,0.375,cpu_perf_counter,cpu
0,transformer.layer.4.attention.k_lin,Linear,0.3573,0.375,150994944.0,590592,0,40,0.3581,counter,"[1, 128, 768]","[1, 128, 768]",974.82,0.0,0.375,cpu_perf_counter,cpu
0,transformer.layer.4.attention.v_lin,Linear,0.3563,0.375,150994944.0,590592,0,41,0.3571,counter,"[1, 128, 768]","[1, 128, 768]",974.82,0.0,0.375,cpu_perf_counter,cpu
0,transformer.layer.4.attention.out_lin,Linear,0.3489,0.375,150994944.0,590592,0,42,0.3497,counter,"[1, 128, 768]","[1, 128, 768]",974.82,0.0,0.375,cpu_perf_counter,cpu
0,transformer.layer.4.sa_layer_norm,LayerNorm,0.0288,0.375,491520.0,1536,0,43,0.0296,analytic,"[1, 128, 768]","[1, 128, 768]",974.82,0.0,0.375,cpu_perf_counter,cpu
0,transformer.layer.4.ffn.lin1,Linear,1.5127,1.5,603979776.0,2362368,0,44,1.5135,counter,"[1, 128, 768]","[1, 128, 3072]",974.82,0.0,1.5,cpu_perf_counter,cpu
0,transformer.layer.4.ffn.activation,GELUActivation,0.1347,1.5,0.0,0,0,45,0.1355,none,"[1, 128, 3072]","[1, 128, 3072]",974.82,0.0,1.5,cpu_perf_counter,cpu
0,transformer.layer.4.ffn.lin2,Linear,1.4468,0.375,603979776.0,2360064,0,46,1.4476,counter,"[1, 128, 3072]","[1, 128, 768]",974.82,0.0,0.375,cpu_perf_counter,cpu
0,transformer.layer.4.output_layer_norm,LayerNorm,0.0429,0.375,491520.0,1536,0,47,0.0437,analytic,"[1, 128, 768]","[1, 128, 768]",974.82,0.0,0.375,cpu_perf_counter,cpu
0,transformer.layer.5.attention.q_lin,Linear,0.3983,0.375,150994944.0,590592,0,48,0.3991,counter,"[1, 128, 768]","[1, 128, 768]",974.82,0.0,0.375,cpu_perf_counter,cpu
0,transformer.layer.5.attention.k_lin,Linear,0.3673,0.375,150994944.0,590592,0,49,0.3681,counter,"[1, 128, 768]","[1, 128, 768]",974.82,0.0,0.375,cpu_perf_counter,cpu
0,transformer.layer.5.attention.v_lin,Linear,0.38,0.375,150994944.0,590592,0,50,0.3808,counter,"[1, 128, 768]","[1, 128, 768]",974.82,0.0,0.375,cpu_perf_counter,cpu
0,transformer.layer.5.attention.out_lin,Linear,0.3723,0.375,150994944.0,590592,0,51,0.3731,counter,"[1, 128, 768]","[1, 128, 768]",974.82,0.0,0.375,cpu_perf_counter,cpu
0,transformer.layer.5.sa_layer_norm,LayerNorm,0.03,0.375,491520.0,1536,0,52,0.0308,analytic,"[1, 128, 768]","[1, 128, 768]",974.82,0.0,0.375,cpu_perf_counter,cpu
0,transformer.layer.5.ffn.lin1,Linear,1.5888,1.5,603979776.0,2362368,0,53,1.5896,counter,"[1, 128, 768]","[1, 128, 3072]",974.82,0.0,1.5,cpu_perf_counter,cpu
0,transformer.layer.5.ffn.activation,GELUActivation,0.1361,1.5,0.0,0,0,54,0.1369,none,"[1, 128, 3072]","[1, 128, 3072]",974.82,0.0,1.5,cpu_perf_counter,cpu
0,transformer.layer.5.ffn.lin2,Linear,1.4832,0.375,603979776.0,2360064,0,55,1.484,counter,"[1, 128, 3072]","[1, 128, 768]",974.82,0.0,0.375,cpu_perf_counter,cpu
0,transformer.layer.5.output_layer_norm,LayerNorm,0.044,0.375,491520.0,1536,0,56,0.0448,analytic,"[1, 128, 768]","[1, 128, 768]",974.82,0.0,0.375,cpu_perf_counter,cpu
1,embeddings.word_embeddings,Embedding,0.0611,0.375,0.0,23440896,0,0,0.0619,none,"[1, 128]","[1, 128, 768]",974.83,0.0,0.375,cpu_perf_counter,cpu
1,embeddings.position_embeddings,Embedding,0.0255,0.375,0.0,393216,0,1,0.0263,none,"[1, 128]","[1, 128, 768]",974.83,0.0,0.375,cpu_perf_counter,cpu
1,embeddings.LayerNorm,LayerNorm,0.0263,0.375,491520.0,1536,0,2,0.0271,analytic,"[1, 128, 768]","[1, 128, 768]",974.83,0.0,0.375,cpu_perf_counter,cpu
1,transformer.layer.0.attention.q_lin,Linear,0.3854,0.375,150994944.0,590592,0,3,0.3862,counter,"[1, 128, 768]","[1, 128, 768]",974.83,0.0,0.375,cpu_perf_counter,cpu
1,transformer.layer.0.attention.k_lin,Linear,0.4161,0.375,150994944.0,590592,0,4,0.4169,counter,"[1, 128, 768]","[1, 128, 768]",974.83,0.0,0.375,cpu_perf_counter,cpu
1,transformer.layer.0.attention.v_lin,Linear,0.3658,0.375,150994944.0,590592,0,5,0.3666,counter,"[1, 128, 768]","[1, 128, 768]",974.83,0.0,0.375,cpu_perf_counter,cpu
1,transformer.layer.0.attention.out_lin,Linear,0.3625,0.375,150994944.0,590592,0,6,0.3633,counter,"[1, 128, 768]","[1, 128, 768]",974.83,0.0,0.375,cpu_perf_counter,cpu
1,transformer.layer.0.sa_layer_norm,LayerNorm,0.0381,0.375,491520.0,1536,0,7,0.0389,analytic,"[1, 128, 768]","[1, 128, 768]",974.83,0.0,0.375,cpu_perf_counter,cpu
1,transformer.layer.0.ffn.lin1,Linear,1.5209,1.5,603979776.0,2362368,0,8,1.5217,counter,"[1, 128, 768]","[1, 128, 3072]",974.83,0.0,1.5,cpu_perf_counter,cpu
1,transformer.layer.0.ffn.activation,GELUActivation,0.1254,1.5,0.0,0,0,9,0.1262,none,"[1, 128, 3072]","[1, 128, 3072]",974.83,0.0,1.5,cpu_perf_counter,cpu
1,transformer.layer.0.ffn.lin2,Linear,1.4412,0.375,603979776.0,2360064,0,10,1.442,counter,"[1, 128, 3072]","[1, 128, 768]",974.83,0.0,0.375,cpu_perf_counter,cpu
1,transformer.layer.0.output_layer_norm,LayerNorm,0.0403,0.375,491520.0,1536,0,11,0.0411,analytic,"[1, 128, 768]","[1, 128, 768]",974.83,0.0,0.375,cpu_perf_counter,cpu
1,transformer.layer.1.attention.q_lin,Linear,0.3818,0.375,150994944.0,590592,0,12,0.3826,counter,"[1, 128, 768]","[1, 128, 768]",974.83,0.0,0.375,cpu_perf_counter,cpu
1,transformer.layer.1.attention.k_lin,Linear,0.3613,0.375,150994944.0,590592,0,13,0.3621,counter,"[1, 128, 768]","[1, 128, 768]",974.83,0.0,0.375,cpu_perf_counter,cpu
1,transformer.layer.1.attention.v_lin,Linear,0.3533,0.375,150994944.0,590592,0,14,0.3541,counter,"[1, 128, 768]","[1, 128, 768]",974.83,0.0,0.375,cpu_perf_counter,cpu
1,transformer.layer.1.attention.out_lin,Linear,0.8557,0.375,150994944.0,590592,0,15,0.8565,counter,"[1, 128, 768]","[1, 128, 768]",974.83,0.0,0.375,cpu_perf_counter,cpu
1,transformer.layer.1.sa_layer_norm,LayerNorm,0.0403,0.375,491520.0,1536,0,16,0.0411,analytic,"[1, 128, 768]","[1, 128, 768]",974.83,0.0,0.375,cpu_perf_counter,cpu
1,transformer.layer.1.ffn.lin1,Linear,1.5274,1.5,603979776.0,2362368,0,17,1.5282,counter,"[1, 128, 768]","[1, 128, 3072]",974.83,0.0,1.5,cpu_perf_counter,cpu
1,transformer.layer.1.ffn.activation,GELUActivation,0.1321,1.5,0.0,0,0,18,0.1329,none,"[1, 128, 3072]","[1, 128, 3072]",974.83,0.0,1.5,cpu_perf_counter,cpu
1,transformer.layer.1.ffn.lin2,Linear,1.6342,0.375,603979776.0,2360064,0,19,1.635,counter,"[1, 128, 3072]","[1, 128, 768]",974.83,0.0,0.375,cpu_perf_counter,cpu
1,transformer.layer.1.output_layer_norm,LayerNorm,0.0441,0.375,491520.0,1536,0,20,0.0449,analytic,"[1, 128, 768]","[1, 128, 768]",974.83,0.0,0.375,cpu_perf_counter,cpu
1,transformer.layer.2.attention.q_lin,Linear,0.4015,0.375,150994944.0,590592,0,21,0.4023,counter,"[1, 128, 768]","[1, 128, 768]",974.83,0.0,0.375,cpu_perf_counter,cpu
1,transformer.layer.2.attention.k_lin,Linear,0.3749,0.375,150994944.0,590592,0,22,0.3757,counter,"[1, 128, 768]","[1, 128, 768]",974.83,0.0,0.375,cpu_perf_counter,cpu
1,transformer.layer.2.attention.v_lin,Linear,0.367,0.375,150994944.0,590592,0,23,0.3678,counter,"[1, 128, 768]","[1, 128, 768]",974.83,0.0,0.375,cpu_perf_counter,cpu
1,transformer.layer.2.attention.out_lin,Linear,0.394,0.375,150994944.0,590592,0,24,0.3948,counter,"[1, 128, 768]","[1, 128, 768]",974.83,0.0,0.375,cpu_perf_counter,cpu
1,transformer.layer.2.sa_layer_norm,LayerNorm,0.031,0.375,491520.0,1536,0,25,0.0318,analytic,"[1, 128, 768]","[1, 128, 768]",974.83,0.0,0.375,cpu_perf_counter,cpu
1,transformer.layer.2.ffn.lin1,Linear,1.5581,1.5,603979776.0,2362368,0,26,1.5589,counter,"[1, 128, 768]","[1, 128, 3072]",974.83,0.0,1.5,cpu_perf_counter,cpu
1,transformer.layer.2.ffn.activation,GELUActivation,0.1355,1.5,0.0,0,0,27,0.1363,none,"[1, 128, 3072]","[1, 128, 3072]",974.83,0.0,1.5,cpu_perf_counter,cpu
1,transformer.layer.2.ffn.lin2,Linear,1.5055,0.375,603979776.0,2360064,0,28,1.5063,counter,"[1, 128, 3072]","[1, 128, 768]",974.83,0.0,0.375,cpu_perf_counter,cpu
1,transformer.layer.2.output_layer_norm,LayerNorm,0.043,0.375,491520.0,1536,0,29,0.0438,analytic,"[1, 128, 768]","[1, 128, 768]",974.83,0.0,0.375,cpu_perf_counter,cpu
1,transformer.layer.3.attention.q_lin,Linear,0.3914,0.375,150994944.0,590592,0,30,0.3922,counter,"[1, 128, 768]","[1, 128, 768]",974.83,0.0,0.375,cpu_perf_counter,cpu
1,transformer.layer.3.attention.k_lin,Linear,0.3797,0.375,150994944.0,590592,0,31,0.3805,counter,"[1, 128, 768]","[1, 128, 768]",974.83,0.0,0.375,cpu_perf_counter,cpu
1,transformer.layer.3.attention.v_lin,Linear,0.3788,0.375,150994944.0,590592,0,32,0.3796,counter,"[1, 128, 768]","[1, 128, 768]",974.83,0.0,0.375,cpu_perf_counter,cpu
1,transformer.layer.3.attention.out_lin,Linear,0.3707,0.375,150994944.0,590592,0,33,0.3715,counter,"[1, 128, 768]","[1, 128, 768]",974.83,0.0,0.375,cpu_perf_counter,cpu
1,transformer.layer.3.sa_layer_norm,LayerNorm,0.0314,0.375,491520.0,1536,0,34,0.0322,analytic,"[1, 128, 768]","[1, 128, 768]",974.83,0.0,0.375,cpu_perf_counter,cpu
1,transformer.layer.3.ffn.lin1,Linear,1.5578,1.5,603979776.0,2362368,0,35,1.5586,counter,"[1, 128, 768]","[1, 128, 3072]",974.83,0.0,1.5,cpu_perf_counter,cpu
1,transformer.layer.3.ffn.activation,GELUActivation,0.133,1.5,0.0,0,0,36,0.1338,none,"[1, 128, 3072]","[1, 128, 3072]",974.83,0.0,1.5,cpu_perf_counter,cpu
1,transformer.layer.3.ffn.lin2,Linear,1.4446,0.375,603979776.0,2360064,0,37,1.4454,counter,"[1, 128, 3072]","[1, 128, 768]",974.83,0.0,0.375,cpu_perf_counter,cpu
1,transformer.layer.3.output_layer_norm,LayerNorm,0.0482,0.375,491520.0,1536,0,38,0.049,analytic,"[1, 128, 768]","[1, 128, 768]",974.83,0.0,0.375,cpu_perf_counter,cpu
1,transformer.layer.4.attention.q_lin,Linear,0.3938,0.375,150994944.0,590592,0,39,0.3946,counter,"[1, 128, 768]","[1, 128, 768]",974.83,0.0,0.375,cpu_perf_counter,cpu
1,transformer.layer.4.attention.k_lin,Linear,0.3657,0.375,150994944.0,590592,0,40,0.3665,counter,"[1, 128, 768]","[1, 128, 768]",974.83,0.0,0.375,cpu_perf_counter,cpu
1,transformer.layer.4.attention.v_lin,Linear,0.3696,0.375,150994944.0,590592,0,41,0.3704,counter,"[1, 128, 768]","[1, 128, 768]",974.83,0.0,0.375,cpu_perf_counter,cpu
1,transformer.layer.4.attention.out_lin,Linear,0.3707,0.375,150994944.0,590592,0,42,0.3715,counter,"[1, 128, 768]","[1, 128, 768]",974.83,0.0,0.375,cpu_perf_counter,cpu
1,transformer.layer.4.sa_layer_norm,LayerNorm,0.0303,0.375,491520.0,1536,0,43,0.0311,analytic,"[1, 128, 768]","[1, 128, 768]",974.83,0.0,0.375,cpu_perf_counter,cpu
1,transformer.layer.4.ffn.lin1,Linear,1.5928,1.5,603979776.0,2362368,0,44,1.5936,counter,"[1, 128, 768]","[1, 128, 3072]",974.83,0.0,1.5,cpu_perf_counter,cpu
1,transformer.layer.4.ffn.activation,GELUActivation,0.1333,1.5,0.0,0,0,45,0.1341,none,"[1, 128, 3072]","[1, 128, 3072]",974.83,0.0,1.5,cpu_perf_counter,cpu
1,transformer.layer.4.ffn.lin2,Linear,1.5025,0.375,603979776.0,2360064,0,46,1.5033,counter,"[1, 128, 3072]","[1, 128, 768]",974.83,0.0,0.375,cpu_perf_counter,cpu
1,transformer.layer.4.output_layer_norm,LayerNorm,0.0425,0.375,491520.0,1536,0,47,0.0433,analytic,"[1, 128, 768]","[1, 128, 768]",974.83,0.0,0.375,cpu_perf_counter,cpu
1,transformer.layer.5.attention.q_lin,Linear,0.3898,0.375,150994944.0,590592,0,48,0.3906,counter,"[1, 128, 768]","[1, 128, 768]",974.83,0.0,0.375,cpu_perf_counter,cpu
1,transformer.layer.5.attention.k_lin,Linear,0.3704,0.375,150994944.0,590592,0,49,0.3712,counter,"[1, 128, 768]","[1, 128, 768]",974.83,0.0,0.375,cpu_perf_counter,cpu
1,transformer.layer.5.attention.v_lin,Linear,0.3704,0.375,150994944.0,590592,0,50,0.3712,counter,"[1, 128, 768]","[1, 128, 768]",974.83,0.0,0.375,cpu_perf_counter,cpu
1,transformer.layer.5.attention.out_lin,Linear,0.3713,0.375,150994944.0,590592,0,51,0.3721,counter,"[1, 128, 768]","[1, 128, 768]",974.83,0.0,0.375,cpu_perf_counter,cpu
1,transformer.layer.5.sa_layer_norm,LayerNorm,0.032,0.375,491520.0,1536,0,52,0.0328,analytic,"[1, 128, 768]","[1, 128, 768]",974.83,0.0,0.375,cpu_perf_counter,cpu
1,transformer.layer.5.ffn.lin1,Linear,1.6228,1.5,603979776.0,2362368,0,53,1.6236,counter,"[1, 128, 768]","[1, 128, 3072]",974.83,0.0,1.5,cpu_perf_counter,cpu
1,transformer.layer.5.ffn.activation,GELUActivation,0.1292,1.5,0.0,0,0,54,0.13,none,"[1, 128, 3072]","[1, 128, 3072]",974.83,0.0,1.5,cpu_perf_counter,cpu
1,transformer.layer.5.ffn.lin2,Linear,1.4214,0.375,603979776.0,2360064,0,55,1.4222,counter,"[1, 128, 3072]","[1, 128, 768]",974.83,0.0,0.375,cpu_perf_counter,cpu
1,transformer.layer.5.output_layer_norm,LayerNorm,0.0415,0.375,491520.0,1536,0,56,0.0423,analytic,"[1, 128, 768]","[1, 128, 768]",974.83,0.0,0.375,cpu_perf_counter,cpu
2,embeddings.word_embeddings,Embedding,0.0653,0.375,0.0,23440896,0,0,0.0661,none,"[1, 128]","[1, 128, 768]",974.83,0.0,0.375,cpu_perf_counter,cpu
2,embeddings.position_embeddings,Embedding,0.023,0.375,0.0,393216,0,1,0.0238,none,"[1, 128]","[1, 128, 768]",974.83,0.0,0.375,cpu_perf_counter,cpu
2,embeddings.LayerNorm,LayerNorm,0.0321,0.375,491520.0,1536,0,2,0.0329,analytic,"[1, 128, 768]","[1, 128, 768]",974.83,0.0,0.375,cpu_perf_counter,cpu
2,transformer.layer.0.attention.q_lin,Linear,0.3792,0.375,150994944.0,590592,0,3,0.38,counter,"[1, 128, 768]","[1, 128, 768]",974.83,0.0,0.375,cpu_perf_counter,cpu
2,transformer.layer.0.attention.k_lin,Linear,0.3647,0.375,150994944.0,590592,0,4,0.3655,counter,"[1, 128, 768]","[1, 128, 768]",974.83,0.0,0.375,cpu_perf_counter,cpu
2,transformer.layer.0.attention.v_lin,Linear,0.349,0.375,150994944.0,590592,0,5,0.3498,counter,"[1, 128, 768]","[1, 128, 768]",974.83,0.0,0.375,cpu_perf_counter,cpu
2,transformer.layer.0.attention.out_lin,Linear,0.3485,0.375,150994944.0,590592,0,6,0.3493,counter,"[1, 128, 768]","[1, 128, 768]",974.83,0.0,0.375,cpu_perf_counter,cpu
2,transformer.layer.0.sa_layer_norm,LayerNorm,0.0311,0.375,491520.0,1536,0,7,0.0319,analytic,"[1, 128, 768]","[1, 128, 768]",974.83,0.0,0.375,cpu_perf_counter,cpu
2,transformer.layer.0.ffn.lin1,Linear,1.5184,1.5,603979776.0,2362368,0,8,1.5192,counter,"[1, 128, 768]","[1, 128, 3072]",974.83,0.0,1.5,cpu_perf_counter,cpu
2,transformer.layer.0.ffn.activation,GELUActivation,0.169,1.5,0.0,0,0,9,0.1698,none,"[1, 128, 3072]","[1, 128, 3072]",974.83,0.0,1.5,cpu_perf_counter,cpu
2,transformer.layer.0.ffn.lin2,Linear,1.4527,0.375,603979776.0,2360064,0,10,1.4535,counter,"[1, 128, 3072]","[1, 128, 768]",974.83,0.0,0.375,cpu_perf_counter,cpu
2,transformer.layer.0.output_layer_norm,LayerNorm,0.0408,0.375,491520.0,1536,0,11,0.0416,analytic,"[1, 128, 768]","[1, 128, 768]",974.83,0.0,0.375,cpu_perf_counter,cpu
2,transformer.layer.1.attention.q_lin,Linear,0.3905,0.375,150994944.0,590592,0,12,0.3913,counter,"[1, 128, 768]","[1, 128, 768]",974.83,0.0,0.375,cpu_perf_counter,cpu
2,transformer.layer.1.attention.k_lin,Linear,0.3599,0.375,150994944.0,590592,0,13,0.3607,counter,"[1, 128, 768]","[1, 128, 768]",974.83,0.0,0.375,cpu_perf_counter,cpu
2,transformer.layer.1.attention.v_lin,Linear,0.3584,0.375,150994944.0,590592,0,14,0.3592,counter,"[1, 128, 768]","[1, 128, 768]",974.83,0.0,0.375,cpu_perf_counter,cpu
2,transformer.layer.1.attention.out_lin,Linear,0.3584,0.375,150994944.0,590592,0,15,0.3592,counter,"[1, 128, 768]","[1, 128, 768]",974.83,0.0,0.375,cpu_perf_counter,cpu
2,transformer.layer.1.sa_layer_norm,LayerNorm,0.0322,0.375,491520.0,1536,0,16,0.033,analytic,"[1, 128, 768]","[1, 128, 768]",974.83,0.0,0.375,cpu_perf_counter,cpu
2,transformer.layer.1.ffn.lin1,Linear,1.5394,1.5,603979776.0,2362368,0,17,1.5402,counter,"[1, 128, 768]","[1, 128, 3072]",974.83,0.0,1.5,cpu_perf_counter,cpu
2,transformer.layer.1.ffn.activation,GELUActivation,0.135,1.5,0.0,0,0,18,0.1358,none,"[1, 128, 3072]","[1, 128, 3072]",974.83,0.0,1.5,cpu_perf_counter,cpu
2,transformer.layer.1.ffn.lin2,Linear,1.4358,0.375,603979776.0,2360064,0,19,1.4366,counter,"[1, 128, 3072]","[1, 128, 768]",974.83,0.0,0.375,cpu_perf_counter,cpu
2,transformer.layer.1.output_layer_norm,LayerNorm,0.0375,0.375,491520.0,1536,0,20,0.0383,analytic,"[1, 128, 768]","[1, 128, 768]",974.83,0.0,0.375,cpu_perf_counter,cpu
2,transformer.layer.2.attention.q_lin,Linear,0.3784,0.375,150994944.0,590592,0,21,0.3792,counter,"[1, 128, 768]","[1, 128, 768]",974.83,0.0,0.375,cpu_perf_counter,cpu
2,transformer.layer.2.attention.k_lin,Linear,0.3747,0.375,150994944.0,590592,0,22,0.3755,counter,"[1, 128, 768]","[1, 128, 768]",974.83,0.0,0.375,cpu_perf_counter,cpu
2,transformer.layer.2.attention.v_lin,Linear,0.3543,0.375,150994944.0,590592,0,23,0.3551,counter,"[1, 128, 768]","[1, 128, 768]",974.83,0.0,0.375,cpu_perf_counter,cpu
2,transformer.layer.2.attention.out_lin,Linear,0.3814,0.375,150994944.0,590592,0,24,0.3822,counter,"[1, 128, 768]","[1, 128, 768]",974.83,0.0,0.375,cpu_perf_counter,cpu
2,transformer.layer.2.sa_layer_norm,LayerNorm,0.0293,0.375,491520.0,1536,0,25,0.0301,analytic,"[1, 128, 768]","[1, 128, 768]",974.83,0.0,0.375,cpu_perf_counter,cpu
2,transformer.layer.2.ffn.lin1,Linear,1.5508,1.5,603979776.0,2362368,0,26,1.5516,counter,"[1, 128, 768]","[1, 128, 3072]",974.83,0.0,1.5,cpu_perf_counter,cpu
2,transformer.layer.2.ffn.activation,GELUActivation,0.1196,1.5,0.0,0,0,27,0.1204,none,"[1, 128, 3072]","[1, 128, 3072]",974.83,0.0,1.5,cpu_perf_counter,cpu
2,transformer.layer.2.ffn.lin2,Linear,1.4071,0.375,603979776.0,2360064,0,28,1.4079,counter,"[1, 128, 3072]","[1, 128, 768]",974.83,0.0,0.375,cpu_perf_counter,cpu
2,transformer.layer.2.output_layer_norm,LayerNorm,0.0388,0.375,491520.0,1536,0,29,0.0396,analytic,"[1, 128, 768]","[1, 128, 768]",974.83,0.0,0.375,cpu_perf_counter,cpu
2,transformer.layer.3.attention.q_lin,Linear,0.3898,0.375,150994944.0,590592,0,30,0.3906,counter,"[1, 128, 768]","[1, 128, 768]",974.83,0.0,0.375,cpu_perf_counter,cpu
2,transformer.layer.3.attention.k_lin,Linear,0.3729,0.375,150994944.0,590592,0,31,0.3737,counter,"[1, 128, 768]","[1, 128, 768]",974.83,0.0,0.375,cpu_perf_counter,cpu
2,transformer.layer.3.attention.v_lin,Linear,0.3709,0.375,150994944.0,590592,0,32,0.3717,counter,"[1, 128, 768]","[1, 128, 768]",974.83,0.0,0.375,cpu_perf_counter,cpu
2,transformer.layer.3.attention.out_lin,Linear,0.3794,0.375,150994944.0,590592,0,33,0.3802,counter,"[1, 128, 768]","[1, 128, 768]",974.83,0.0,0.375,cpu_perf_counter,cpu
2,transformer.layer.3.sa_layer_norm,LayerNorm,0.0418,0.375,491520.0,1536,0,34,0.0426,analytic,"[1, 128, 768]","[1, 128, 768]",974.83,0.0,0.375,cpu_perf_counter,cpu
2,transformer.layer.3.ffn.lin1,Linear,1.5664,1.5,603979776.0,2362368,0,35,1.5672,counter,"[1, 128, 768]","[1, 128, 3072]",974.83,0.0,1.5,cpu_perf_counter,cpu
2,transformer.layer.3.ffn.activation,GELUActivation,0.1254,1.5,0.0,0,0,36,0.1262,none,"[1, 128, 3072]","[1, 128, 3072]",974.83,0.0,1.5,cpu_perf_counter,cpu
2,transformer.layer.3.ffn.lin2,Linear,1.4211,0.375,603979776.0,2360064,0,37,1.4219,counter,"[1, 128, 3072]","[1, 128, 768]",974.83,0.0,0.375,cpu_perf_counter,cpu
2,transformer.layer.3.output_layer_norm,LayerNorm,0.0397,0.375,491520.0,1536,0,38,0.0405,analytic,"[1, 128, 768]","[1, 128, 768]",974.83,0.0,0.375,cpu_perf_counter,cpu
2,transformer.layer.4.attention.q_lin,Linear,0.3691,0.375,150994944.0,590592,0,39,0.3699,counter,"[1, 128, 768]","[1, 128, 768]",974.83,0.0,0.375,cpu_perf_counter,cpu
2,transformer.layer.4.attention.k_lin,Linear,0.3492,0.375,150994944.0,590592,0,40,0.35,counter,"[1, 128, 768]","[1, 128, 768]",974.83,0.0,0.375,cpu_perf_counter,cpu
2,transformer.layer.4.attention.v_lin,Linear,0.3476,0.375,150994944.0,590592,0,41,0.3484,counter,"[1, 128, 768]","[1, 128, 768]",974.83,0.0,0.375,cpu_perf_counter,cpu
2,transformer.layer.4.attention.out_lin,Linear,0.3519,0.375,150994944.0,590592,0,42,0.3527,counter,"[1, 128, 768]","[1, 128, 768]",974.83,0.0,0.375,cpu_perf_counter,cpu
2,transformer.layer.4.sa_layer_norm,LayerNorm,0.0244,0.375,491520.0,1536,0,43,0.0252,analytic,"[1, 128, 768]","[1, 128, 768]",974.83,0.0,0.375,cpu_perf_counter,cpu
2,transformer.layer.4.ffn.lin1,Linear,1.4891,1.5,603979776.0,2362368,0,44,1.4899,counter,"[1, 128, 768]","[1, 128, 3072]",974.83,0.0,1.5,cpu_perf_counter,cpu
2,transformer.layer.4.ffn.activation,GELUActivation,0.1165,1.5,0.0,0,0,45,0.1173,none,"[1, 128, 3072]","[1, 128, 3072]",974.83,0.0,1.5,cpu_perf_counter,cpu
2,transformer.layer.4.ffn.lin2,Linear,1.4513,0.375,603979776.0,2360064,0,46,1.4521,counter,"[1, 128, 3072]","[1, 128, 768]",974.83,0.0,0.375,cpu_perf_counter,cpu
2,transformer.layer.4.output_layer_norm,LayerNorm,0.0358,0.375,491520.0,1536,0,47,0.0366,analytic,"[1, 128, 768]","[1, 128, 768]",974.83,0.0,0.375,cpu_perf_counter,cpu
2,transformer.layer.5.attention.q_lin,Linear,0.3723,0.375,150994944.0,590592,0,48,0.3731,counter,"[1, 128, 768]","[1, 128, 768]",974.83,0.0,0.375,cpu_perf_counter,cpu
2,transformer.layer.5.attention.k_lin,Linear,0.3606,0.375,150994944.0,590592,0,49,0.3614,counter,"[1, 128, 768]","[1, 128, 768]",974.83,0.0,0.375,cpu_perf_counter,cpu
2,transformer.layer.5.attention.v_lin,Linear,0.3566,0.375,150994944.0,590592,0,50,0.3574,counter,"[1, 128, 768]","[1, 128, 768]",974.83,0.0,0.375,cpu_perf_counter,cpu
2,transformer.layer.5.attention.out_lin,Linear,0.3541,0.375,150994944.0,590592,0,51,0.3549,counter,"[1, 128, 768]","[1, 128, 768]",974.83,0.0,0.375,cpu_perf_counter,cpu
2,transformer.layer.5.sa_layer_norm,LayerNorm,0.0282,0.375,491520.0,1536,0,52,0.029,analytic,"[1, 128, 768]","[1, 128, 768]",974.83,0.0,0.375,cpu_perf_counter,cpu
2,transformer.layer.5.ffn.lin1,Linear,1.5202,1.5,603979776.0,2362368,0,53,1.521,counter,"[1, 128, 768]","[1, 128, 3072]",974.83,0.0,1.5,cpu_perf_counter,cpu
2,transformer.layer.5.ffn.activation,GELUActivation,0.1245,1.5,0.0,0,0,54,0.1253,none,"[1, 128, 3072]","[1, 128, 3072]",974.83,0.0,1.5,cpu_perf_counter,cpu
2,transformer.layer.5.ffn.lin2,Linear,1.4512,0.375,603979776.0,2360064,0,55,1.452,counter,"[1, 128, 3072]","[1, 128, 768]",974.83,0.0,0.375,cpu_perf_counter,cpu
2,transformer.layer.5.output_layer_norm,LayerNorm,0.0476,0.375,491520.0,1536,0,56,0.0484,analytic,"[1, 128, 768]","[1, 128, 768]",974.83,0.0,0.375,cpu_perf_counter,cpu
3,embeddings.word_embeddings,Embedding,0.0609,0.375,0.0,23440896,0,0,0.0617,none,"[1, 128]","[1, 128, 768]",974.83,0.0,0.375,cpu_perf_counter,cpu
3,embeddings.position_embeddings,Embedding,0.0223,0.375,0.0,393216,0,1,0.0231,none,"[1, 128]","[1, 128, 768]",974.83,0.0,0.375,cpu_perf_counter,cpu
3,embeddings.LayerNorm,LayerNorm,0.0253,0.375,491520.0,1536,0,2,0.0261,analytic,"[1, 128, 768]","[1, 128, 768]",974.83,0.0,0.375,cpu_perf_counter,cpu
3,transformer.layer.0.attention.q_lin,Linear,0.374,0.375,150994944.0,590592,0,3,0.3748,counter,"[1, 128, 768]","[1, 128, 768]",974.83,0.0,0.375,cpu_perf_counter,cpu
3,transformer.layer.0.attention.k_lin,Linear,0.3626,0.375,150994944.0,590592,0,4,0.3634,counter,"[1, 128, 768]","[1, 128, 768]",974.83,0.0,0.375,cpu_perf_counter,cpu
3,transformer.layer.0.attention.v_lin,Linear,0.3497,0.375,150994944.0,590592,0,5,0.3505,counter,"[1, 128, 768]","[1, 128, 768]",974.83,0.0,0.375,cpu_perf_counter,cpu
3,transformer.layer.0.attention.out_lin,Linear,0.3594,0.375,150994944.0,590592,0,6,0.3602,counter,"[1, 128, 768]","[1, 128, 768]",974.83,0.0,0.375,cpu_perf_counter,cpu
3,transformer.layer.0.sa_layer_norm,LayerNorm,0.0316,0.375,491520.0,1536,0,7,0.0324,analytic,"[1, 128, 768]","[1, 128, 768]",974.83,0.0,0.375,cpu_perf_counter,cpu
3,transformer.layer.0.ffn.lin1,Linear,1.5277,1.5,603979776.0,2362368,0,8,1.5285,counter,"[1, 128, 768]","[1, 128, 3072]",974.83,0.0,1.5,cpu_perf_counter,cpu
3,transformer.layer.0.ffn.activation,GELUActivation,0.1341,1.5,0.0,0,0,9,0.1349,none,"[1, 128, 3072]","[1, 128, 3072]",974.83,0.0,1.5,cpu_perf_counter,cpu
3,transformer.layer.0.ffn.lin2,Linear,1.782,0.375,603979776.0,2360064,0,10,1.7828,counter,"[1, 128, 3072]","[1, 128, 768]",974.83,0.0,0.375,cpu_perf_counter,cpu
3,transformer.layer.0.output_layer_norm,LayerNorm,0.0467,0.375,491520.0,1536,0,11,0.0475,analytic,"[1, 128, 768]","[1, 128, 768]",974.83,0.0,0.375,cpu_perf_counter,cpu
3,transformer.layer.1.attention.q_lin,Linear,0.3832,0.375,150994944.0,590592,0,12,0.384,counter,"[1, 128, 768]","[1, 128, 768]",974.83,0.0,0.375,cpu_perf_counter,cpu
3,transformer.layer.1.attention.k_lin,Linear,0.3588,0.375,150994944.0,590592,0,13,0.3596,counter,"[1, 128, 768]","[1, 128, 768]",974.83,0.0,0.375,cpu_perf_counter,cpu
3,transformer.layer.1.attention.v_lin,Linear,0.3625,0.375,150994944.0,590592,0,14,0.3633,counter,"[1, 128, 768]","[1, 128, 768]",974.83,0.0,0.375,cpu_perf_counter,cpu
3,transformer.layer.1.attention.out_lin,Linear,0.3578,0.375,150994944.0,590592,0,15,0.3586,counter,"[1, 128, 768]","[1, 128, 768]",974.83,0.0,0.375,cpu_perf_counter,cpu
3,transformer.layer.1.sa_layer_norm,LayerNorm,0.0295,0.375,491520.0,1536,0,16,0.0303,analytic,"[1, 128, 768]","[1, 128, 768]",974.83,0.0,0.375,cpu_perf_counter,cpu
3,transformer.layer.1.ffn.lin1,Linear,1.5491,1.5,603979776.0,2362368,0,17,1.5499,counter,"[1, 128, 768]","[1, 128, 3072]",974.83,0.0,1.5,cpu_perf_counter,cpu
3,transformer.layer.1.ffn.activation,GELUActivation,0.1287,1.5,0.0,0,0,18,0.1295,none,"[1, 128, 3072]","[1, 128, 3072]",974.83,0.0,1.5,cpu_perf_counter,cpu
3,transformer.layer.1.ffn.lin2,Linear,1.4284,0.375,603979776.0,2360064,0,19,1.4292,counter,"[1, 128, 3072]","[1, 128, 768]",974.83,0.0,0.375,cpu_perf_counter,cpu
3,transformer.layer.1.output_layer_norm,LayerNorm,0.0376,0.375,491520.0,1536,0,20,0.0384,analytic,"[1, 128, 768]","[1, 128, 768]",974.83,0.0,0.375,cpu_perf_counter,cpu
3,transformer.layer.2.attention.q_lin,Linear,0.381,0.375,150994944.0,590592,0,21,0.3818,counter,"[1, 128, 768]","[1, 128, 768]",974.83,0.0,0.375,cpu_perf_counter,cpu
3,transformer.layer.2.attention.k_lin,Linear,0.3532,0.375,150994944.0,590592,0,22,0.354,counter,"[1, 128, 768]","[1, 128, 768]",974.83,0.0,0.375,cpu_perf_counter,cpu
3,transformer.layer.2.attention.v_lin,Linear,0.3471,0.375,150994944.0,590592,0,23,0.3479,counter,"[1, 128, 768]","[1, 128, 768]",974.83,0.0,0.375,cpu_perf_counter,cpu
3,transformer.layer.2.attention.out_lin,Linear,0.3798,0.375,150994944.0,590592,0,24,0.3806,counter,"[1, 128, 768]","[1, 128, 768]",974.83,0.0,0.375,cpu_perf_counter,cpu
3,transformer.layer.2.sa_layer_norm,LayerNorm,0.0263,0.375,491520.0,1536,0,25,0.0271,analytic,"[1, 128, 768]","[1, 128, 768]",974.83,0.0,0.375,cpu_perf_counter,cpu
3,transformer.layer.2.ffn.lin1,Linear,1.5191,1.5,603979776.0,2362368,0,26,1.5199,counter,"[1, 128, 768]","[1, 128, 3072]",974.83,0.0,1.5,cpu_perf_counter,cpu
3,transformer.layer.2.ffn.activation,GELUActivation,0.1134,1.5,0.0,0,0,27,0.1142,none,"[1, 128, 3072]","[1, 128, 3072]",974.83,0.0,1.5,cpu_perf_counter,cpu
3,transformer.layer.2.ffn.lin2,Linear,1.4367,0.375,603979776.0,2360064,0,28,1.4375,counter,"[1, 128, 3072]","[1, 128, 768]",974.83,0.0,0.375,cpu_perf_counter,cpu
3,transformer.layer.2.output_layer_norm,LayerNorm,0.0377,0.375,491520.0,1536,0,29,0.0385,analytic,"[1, 128, 768]","[1, 128, 768]",974.83,0.0,0.375,cpu_perf_counter,cpu
3,transformer.layer.3.attention.q_lin,Linear,0.3929,0.375,150994944.0,590592,0,30,0.3937,counter,"[1, 128, 768]","[1, 128, 768]",974.83,0.0,0.375,cpu_perf_counter,cpu
3,transformer.layer.3.attention.k_lin,Linear,0.3661,0.375,150994944.0,590592,0,31,0.3669,counter,"[1, 128, 768]","[1, 128, 768]",974.83,0.0,0.375,cpu_perf_counter,cpu
3,transformer.layer.3.attention.v_lin,Linear,0.3842,0.375,150994944.0,590592,0,32,0.385,counter,"[1, 128, 768]","[1, 128, 768]",974.83,0.0,0.375,cpu_perf_counter,cpu
3,transformer.layer.3.attention.out_lin,Linear,0.3672,0.375,150994944.0,590592,0,33,0.368,counter,"[1, 128, 768]","[1, 128, 768]",974.83,0.0,0.375,cpu_perf_counter,cpu
3,transformer.layer.3.sa_layer_norm,LayerNorm,0.0374,0.375,491520.0,1536,0,34,0.0382,analytic,"[1, 128, 768]","[1, 128, 768]",974.83,0.0,0.375,cpu_perf_counter,cpu
3,transformer.layer.3.ffn.lin1,Linear,1.5379,1.5,603979776.0,2362368,0,35,1.5387,counter,"[1, 128, 768]","[1, 128, 3072]",974.83,0.0,1.5,cpu_perf_counter,cpu
3,transformer.layer.3.ffn.activation,GELUActivation,0.1324,1.5,0.0,0,0,36,0.1332,none,"[1, 128, 3072]","[1, 128, 3072]",974.83,0.0,1.5,cpu_perf_counter,cpu
3,transformer.layer.3.ffn.lin2,Linear,1.4659,0.375,603979776.0,2360064,0,37,1.4667,counter,"[1, 128, 3072]","[1, 128, 768]",974.83,0.0,0.375,cpu_perf_counter,cpu
3,transformer.layer.3.output_layer_norm,LayerNorm,0.0424,0.375,491520.0,1536,0,38,0.0432,analytic,"[1, 128, 768]","[1, 128, 768]",974.83,0.0,0.375,cpu_perf_counter,cpu
3,transformer.layer.4.attention.q_lin,Linear,0.3749,0.375,150994944.0,590592,0,39,0.3757,counter,"[1, 128, 768]","[1, 128, 768]",974.83,0.0,0.375,cpu_perf_counter,cpu
3,transformer.layer.4.attention.k_lin,Linear,0.3564,0.375,150994944.0,590592,0,40,0.3572,counter,"[1, 128, 768]","[1, 128, 768]",974.83,0.0,0.375,cpu_perf_counter,cpu
3,transformer.layer.4.attention.v_lin,Linear,0.3453,0.375,150994944.0,590592,0,41,0.3461,counter,"[1, 128, 768]","[1, 128, 768]",974.83,0.0,0.375,cpu_perf_counter,cpu
3,transformer.layer.4.attention.out_lin,Linear,0.3554,0.375,150994944.0,590592,0,42,0.3562,counter,"[1, 128, 768]","[1, 128, 768]",974.83,0.0,0.375,cpu_perf_counter,cpu
3,transformer.layer.4.sa_layer_norm,LayerNorm,0.027,0.375,491520.0,1536,0,43,0.0278,analytic,"[1, 128, 768]","[1, 128, 768]",974.83,0.0,0.375,cpu_perf_counter,cpu
3,transformer.layer.4.ffn.lin1,Linear,1.509,1.5,603979776.0,2362368,0,44,1.5098,counter,"[1, 128, 768]","[1, 128, 3072]",974.83,0.0,1.5,cpu_perf_counter,cpu
3,transformer.layer.4.ffn.activation,GELUActivation,0.1178,1.5,0.0,0,0,45,0.1186,none,"[1, 128, 3072]","[1, 128, 3072]",974.83,0.0,1.5,cpu_perf_counter,cpu
3,transformer.layer.4.ffn.lin2,Linear,1.4272,0.375,603979776.0,2360064,0,46,1.428,counter,"[1, 128, 3072]","[1, 128, 768]",974.83,0.0,0.375,cpu_perf_counter,cpu
3,transformer.layer.4.output_layer_norm,LayerNorm,0.038,0.375,491520.0,1536,0,47,0.0388,analytic,"[1, 128, 768]","[1, 128, 768]",974.83,0.0,0.375,cpu_perf_counter,cpu
3,transformer.layer.5.attention.q_lin,Linear,0.3875,0.375,150994944.0,590592,0,48,0.3883,counter,"[1, 128, 768]","[1, 128, 768]",974.83,0.0,0.375,cpu_perf_counter,cpu
3,transformer.layer.5.attention.k_lin,Linear,0.3576,0.375,150994944.0,590592,0,49,0.3584,counter,"[1, 128, 768]","[1, 128, 768]",974.83,0.0,0.375,cpu_perf_counter,cpu
3,transformer.layer.5.attention.v_lin,Linear,0.3629,0.375,150994944.0,590592,0,50,0.3637,counter,"[1, 128, 768]","[1, 128, 768]",974.83,0.0,0.375,cpu_perf_counter,cpu
3,transformer.layer.5.attention.out_lin,Linear,0.3552,0.375,150994944.0,590592,0,51,0.356,counter,"[1, 128, 768]","[1, 128, 768]",974.83,0.0,0.375,cpu_perf_counter,cpu
3,transformer.layer.5.sa_layer_norm,LayerNorm,0.0277,0.375,491520.0,1536,0,52,0.0285,analytic,"[1, 128, 768]","[1, 128, 768]",974.83,0.0,0.375,cpu_perf_counter,cpu
3,transformer.layer.5.ffn.lin1,Linear,1.483,1.5,603979776.0,2362368,0,53,1.4838,counter,"[1, 128, 768]","[1, 128, 3072]",974.83,0.0,1.5,cpu_perf_counter,cpu
3,transformer.layer.5.ffn.activation,GELUActivation,0.1758,1.5,0.0,0,0,54,0.1766,none,"[1, 128, 3072]","[1, 128, 3072]",974.83,0.0,1.5,cpu_perf_counter,cpu
3,transformer.layer.5.ffn.lin2,Linear,1.8174,0.375,603979776.0,2360064,0,55,1.8182,counter,"[1, 128, 3072]","[1, 128, 768]",974.83,0.0,0.375,cpu_perf_counter,cpu
3,transformer.layer.5.output_layer_norm,LayerNorm,0.0356,0.375,491520.0,1536,0,56,0.0364,analytic,"[1, 128, 768]","[1, 128, 768]",974.83,0.0,0.375,cpu_perf_counter,cpu
4,embeddings.word_embeddings,Embedding,0.0555,0.375,0.0,23440896,0,0,0.0563,none,"[1, 128]","[1, 128, 768]",974.83,0.0,0.375,cpu_perf_counter,cpu
4,embeddings.position_embeddings,Embedding,0.0231,0.375,0.0,393216,0,1,0.0239,none,"[1, 128]","[1, 128, 768]",974.83,0.0,0.375,cpu_perf_counter,cpu
4,embeddings.LayerNorm,LayerNorm,0.0271,0.375,491520.0,1536,0,2,0.0279,analytic,"[1, 128, 768]","[1, 128, 768]",974.83,0.0,0.375,cpu_perf_counter,cpu
4,transformer.layer.0.attention.q_lin,Linear,0.3654,0.375,150994944.0,590592,0,3,0.3662,counter,"[1, 128, 768]","[1, 128, 768]",974.83,0.0,0.375,cpu_perf_counter,cpu
4,transformer.layer.0.attention.k_lin,Linear,0.3487,0.375,150994944.0,590592,0,4,0.3495,counter,"[1, 128, 768]","[1, 128, 768]",974.83,0.0,0.375,cpu_perf_counter,cpu
4,transformer.layer.0.attention.v_lin,Linear,0.341,0.375,150994944.0,590592,0,5,0.3418,counter,"[1, 128, 768]","[1, 128, 768]",974.83,0.0,0.375,cpu_perf_counter,cpu
4,transformer.layer.0.attention.out_lin,Linear,0.35,0.375,150994944.0,590592,0,6,0.3508,counter,"[1, 128, 768]","[1, 128, 768]",974.83,0.0,0.375,cpu_perf_counter,cpu
4,transformer.layer.0.sa_layer_norm,LayerNorm,0.0274,0.375,491520.0,1536,0,7,0.0282,analytic,"[1, 128, 768]","[1, 128, 768]",974.83,0.0,0.375,cpu_perf_counter,cpu
4,transformer.layer.0.ffn.lin1,Linear,1.5143,1.5,603979776.0,2362368,0,8,1.5151,counter,"[1, 128, 768]","[1, 128, 3072]",974.83,0.0,1.5,cpu_perf_counter,cpu
4,transformer.layer.0.ffn.activation,GELUActivation,0.1264,1.5,0.0,0,0,9,0.1272,none,"[1, 128, 3072]","[1, 128, 3072]",974.83,0.0,1.5,cpu_perf_counter,cpu
4,transformer.layer.0.ffn.lin2,Linear,1.5123,0.375,603979776.0,2360064,0,10,1.5131,counter,"[1, 128, 3072]","[1, 128, 768]",974.83,0.0,0.375,cpu_perf_counter,cpu
4,transformer.layer.0.output_layer_norm,LayerNorm,0.0618,0.375,491520.0,1536,0,11,0.0626,analytic,"[1, 128, 768]","[1, 128, 768]",974.83,0.0,0.375,cpu_perf_counter,cpu
4,transformer.layer.1.attention.q_lin,Linear,0.4199,0.375,150994944.0,590592,0,12,0.4207,counter,"[1, 128, 768]","[1, 128, 768]",974.83,0.0,0.375,cpu_perf_counter,cpu
4,transformer.layer.1.attention.k_lin,Linear,0.3793,0.375,150994944.0,590592,0,13,0.3801,counter,"[1, 128, 768]","[1, 128, 768]",974.83,0.0,0.375,cpu_perf_counter,cpu
4,transformer.layer.1.attention.v_lin,Linear,0.3673,0.375,150994944.0,590592,0,14,0.3681,counter,"[1, 128, 768]","[1, 128, 768]",974.83,0.0,0.375,cpu_perf_counter,cpu
4,transformer.layer.1.attention.out_lin,Linear,0.3809,0.375,150994944.0,590592,0,15,0.3817,counter,"[1, 128, 768]","[1, 128, 768]",974.83,0.0,0.375,cpu_perf_counter,cpu
4,transformer.layer.1.sa_layer_norm,LayerNorm,0.0381,0.375,491520.0,1536,0,16,0.0389,analytic,"[1, 128, 768]","[1, 128, 768]",974.83,0.0,0.375,cpu_perf_counter,cpu
4,transformer.layer.1.ffn.lin1,Linear,1.5803,1.5,603979776.0,2362368,0,17,1.5811,counter,"[1, 128, 768]","[1, 128, 3072]",974.83,0.0,1.5,cpu_perf_counter,cpu
4,transformer.layer.1.ffn.activation,GELUActivation,0.1368,1.5,0.0,0,0,18,0.1376,none,"[1, 128, 3072]","[1, 128, 3072]",974.83,0.0,1.5,cpu_perf_counter,cpu
4,transformer.layer.1.ffn.lin2,Linear,1.5733,0.375,603979776.0,2360064,0,19,1.5741,counter,"[1, 128, 3072]","[1, 128, 768]",974.83,0.0,0.375,cpu_perf_counter,cpu
4,transformer.layer.1.output_layer_norm,LayerNorm,0.0448,0.375,491520.0,1536,0,20,0.0456,analytic,"[1, 128, 768]","[1, 128, 768]",974.83,0.0,0.375,cpu_perf_counter,cpu
4,transformer.layer.2.attention.q_lin,Linear,0.3988,0.375,150994944.0,590592,0,21,0.3996,counter,"[1, 128, 768]","[1, 128, 768]",974.83,0.0,0.375,cpu_perf_counter,cpu
4,transformer.layer.2.attention.k_lin,Linear,0.3744,0.375,150994944.0,590592,0,22,0.3752,counter,"[1, 128, 768]","[1, 128, 768]",974.83,0.0,0.375,cpu_perf_counter,cpu
4,transformer.layer.2.attention.v_lin,Linear,0.3728,0.375,150994944.0,590592,0,23,0.3736,counter,"[1, 128, 768]","[1, 128, 768]",974.83,0.0,0.375,cpu_perf_counter,cpu
4,transformer.layer.2.attention.out_lin,Linear,0.386,0.375,150994944.0,590592,0,24,0.3868,counter,"[1, 128, 768]","[1, 128, 768]",974.83,0.0,0.375,cpu_perf_counter,cpu
4,transformer.layer.2.sa_layer_norm,LayerNorm,0.0352,0.375,491520.0,1536,0,25,0.036,analytic,"[1, 128, 768]","[1, 128, 768]",974.83,0.0,0.375,cpu_perf_counter,cpu
4,transformer.layer.2.ffn.lin1,Linear,1.5806,1.5,603979776.0,2362368,0,26,1.5814,counter,"[1, 128, 768]","[1, 128, 3072]",974.83,0.0,1.5,cpu_perf_counter,cpu
4,transformer.layer.2.ffn.activation,GELUActivation,0.1321,1.5,0.0,0,0,27,0.1329,none,"[1, 128, 3072]","[1, 128, 3072]",974.83,0.0,1.5,cpu_perf_counter,cpu
4,transformer.layer.2.ffn.lin2,Linear,1.6312,0.375,603979776.0,2360064,0,28,1.632,counter,"[1, 128, 3072]","[1, 128, 768]",974.83,0.0,0.375,cpu_perf_counter,cpu
4,transformer.layer.2.output_layer_norm,LayerNorm,0.0457,0.375,491520.0,1536,0,29,0.0465,analytic,"[1, 128, 768]","[1, 128, 768]",974.83,0.0,0.375,cpu_perf_counter,cpu
4,transformer.layer.3.attention.q_lin,Linear,0.4068,0.375,150994944.0,590592,0,30,0.4076,counter,"[1, 128, 768]","[1, 128, 768]",974.83,0.0,0.375,cpu_perf_counter,cpu
4,transformer.layer.3.attention.k_lin,Linear,0.373,0.375,150994944.0,590592,0,31,0.3738,counter,"[1, 128, 768]","[1, 128, 768]",974.83,0.0,0.375,cpu_perf_counter,cpu
4,transformer.layer.3.attention.v_lin,Linear,0.3763,0.375,150994944.0,590592,0,32,0.3771,counter,"[1, 128, 768]","[1, 128, 768]",974.83,0.0,0.375,cpu_perf_counter,cpu
4,transformer.layer.3.attention.out_lin,Linear,0.372,0.375,150994944.0,590592,0,33,0.3728,counter,"[1, 128, 768]","[1, 128, 768]",974.83,0.0,0.375,cpu_perf_counter,cpu
4,transformer.layer.3.sa_layer_norm,LayerNorm,0.0321,0.375,491520.0,1536,0,34,0.0329,analytic,"[1, 128, 768]","[1, 128, 768]",974.83,0.0,0.375,cpu_perf_counter,cpu
4,transformer.layer.3.ffn.lin1,Linear,1.6687,1.5,603979776.0,2362368,0,35,1.6695,counter,"[1, 128, 768]","[1, 128, 3072]",974.83,0.0,1.5,cpu_perf_counter,cpu
4,transformer.layer.3.ffn.activation,GELUActivation,0.1486,1.5,0.0,0,0,36,0.1494,none,"[1, 128, 3072]","[1, 128, 3072]",974.83,0.0,1.5,cpu_perf_counter,cpu
4,transformer.layer.3.ffn.lin2,Linear,1.722,0.375,603979776.0,2360064,0,37,1.7228,counter,"[1, 128, 3072]","[1, 128, 768]",974.83,0.0,0.375,cpu_perf_counter,cpu
4,transformer.layer.3.output_layer_norm,LayerNorm,0.0438,0.375,491520.0,1536,0,38,0.0446,analytic,"[1, 128, 768]","[1, 128, 768]",974.83,0.0,0.375,cpu_perf_counter,cpu
4,transformer.layer.4.attention.q_lin,Linear,0.3991,0.375,150994944.0,590592,0,39,0.3999,counter,"[1, 128, 768]","[1, 128, 768]",974.83,0.0,0.375,cpu_perf_counter,cpu
4,transformer.layer.4.attention.k_lin,Linear,0.382,0.375,150994944.0,590592,0,40,0.3828,counter,"[1, 128, 768]","[1, 128, 768]",974.83,0.0,0.375,cpu_perf_counter,cpu
4,transformer.layer.4.attention.v_lin,Linear,0.3779,0.375,150994944.0,590592,0,41,0.3787,counter,"[1, 128, 768]","[1, 128, 768]",974.83,0.0,0.375,cpu_perf_counter,cpu
4,transformer.layer.4.attention.out_lin,Linear,0.3833,0.375,150994944.0,590592,0,42,0.3841,counter,"[1, 128, 768]","[1, 128, 768]",974.83,0.0,0.375,cpu_perf_counter,cpu
4,transformer.layer.4.sa_layer_norm,LayerNorm,0.0338,0.375,491520.0,1536,0,43,0.0346,analytic,"[1, 128, 768]","[1, 128, 768]",974.83,0.0,0.375,cpu_perf_counter,cpu
4,transformer.layer.4.ffn.lin1,Linear,1.6431,1.5,603979776.0,2362368,0,44,1.6439,counter,"[1, 128, 768]","[1, 128, 3072]",974.83,0.0,1.5,cpu_perf_counter,cpu
4,transformer.layer.4.ffn.activation,GELUActivation,0.1422,1.5,0.0,0,0,45,0.143,none,"[1, 128, 3072]","[1, 128, 3072]",974.83,0.0,1.5,cpu_perf_counter,cpu
4,transformer.layer.4.ffn.lin2,Linear,1.7543,0.375,603979776.0,2360064,0,46,1.7551,counter,"[1, 128, 3072]","[1, 128, 768]",974.83,0.0,0.375,cpu_perf_counter,cpu
4,transformer.layer.4.output_layer_norm,LayerNorm,0.0456,0.375,491520.0,1536,0,47,0.0464,analytic,"[1, 128, 768]","[1, 128, 768]",974.83,0.0,0.375,cpu_perf_counter,cpu
4,transformer.layer.5.attention.q_lin,Linear,0.3988,0.375,150994944.0,590592,0,48,0.3996,counter,"[1, 128, 768]","[1, 128, 768]",974.83,0.0,0.375,cpu_perf_counter,cpu
4,transformer.layer.5.attention.k_lin,Linear,0.3671,0.375,150994944.0,590592,0,49,0.3679,counter,"[1, 128, 768]","[1, 128, 768]",974.83,0.0,0.375,cpu_perf_counter,cpu
4,transformer.layer.5.attention.v_lin,Linear,0.3722,0.375,150994944.0,590592,0,50,0.373,counter,"[1, 128, 768]","[1, 128, 768]",974.83,0.0,0.375,cpu_perf_counter,cpu
4,transformer.layer.5.attention.out_lin,Linear,0.3682,0.375,150994944.0,590592,0,51,0.369,counter,"[1, 128, 768]","[1, 128, 768]",974.83,0.0,0.375,cpu_perf_counter,cpu
4,transformer.layer.5.sa_layer_norm,LayerNorm,0.034,0.375,491520.0,1536,0,52,0.0348,analytic,"[1, 128, 768]","[1, 128, 768]",974.83,0.0,0.375,cpu_perf_counter,cpu
4,transformer.layer.5.ffn.lin1,Linear,1.5743,1.5,603979776.0,2362368,0,53,1.5751,counter,"[1, 128, 768]","[1, 128, 3072]",974.83,0.0,1.5,cpu_perf_counter,cpu
4,transformer.layer.5.ffn.activation,GELUActivation,0.1271,1.5,0.0,0,0,54,0.1279,none,"[1, 128, 3072]","[1, 128, 3072]",974.83,0.0,1.5,cpu_perf_counter,cpu
4,transformer.layer.5.ffn.lin2,Linear,1.4422,0.375,603979776.0,2360064,0,55,1.443,counter,"[1, 128, 3072]","[1, 128, 768]",974.83,0.0,0.375,cpu_perf_counter,cpu
4,transformer.layer.5.output_layer_norm,LayerNorm,0.0404,0.375,491520.0,1536,0,56,0.0412,analytic,"[1, 128, 768]","[1, 128, 768]",974.83,0.0,0.375,cpu_perf_counter,cpu
5,embeddings.word_embeddings,Embedding,0.0808,0.375,0.0,23440896,0,0,0.0816,none,"[1, 128]","[1, 128, 768]",974.83,0.0,0.375,cpu_perf_counter,cpu
5,embeddings.position_embeddings,Embedding,0.0287,0.375,0.0,393216,0,1,0.0295,none,"[1, 128]","[1, 128, 768]",974.83,0.0,0.375,cpu_perf_counter,cpu
5,embeddings.LayerNorm,LayerNorm,0.0319,0.375,491520.0,1536,0,2,0.0327,analytic,"[1, 128, 768]","[1, 128, 768]",974.83,0.0,0.375,cpu_perf_counter,cpu
5,transformer.layer.0.attention.q_lin,Linear,0.4532,0.375,150994944.0,590592,0,3,0.454,counter,"[1, 128, 768]","[1, 128, 768]",974.83,0.0,0.375,cpu_perf_counter,cpu
5,transformer.layer.0.attention.k_lin,Linear,0.3751,0.375,150994944.0,590592,0,4,0.3759,counter,"[1, 128, 768]","[1, 128, 768]",974.83,0.0,0.375,cpu_perf_counter,cpu
5,transformer.layer.0.attention.v_lin,Linear,0.3329,0.375,150994944.0,590592,0,5,0.3337,counter,"[1, 128, 768]","[1, 128, 768]",974.83,0.0,0.375,cpu_perf_counter,cpu
5,transformer.layer.0.attention.out_lin,Linear,0.3681,0.375,150994944.0,590592,0,6,0.3689,counter,"[1, 128, 768]","[1, 128, 768]",974.83,0.0,0.375,cpu_perf_counter,cpu
5,transformer.layer.0.sa_layer_norm,LayerNorm,0.0363,0.375,491520.0,1536,0,7,0.0371,analytic,"[1, 128, 768]","[1, 128, 768]",974.83,0.0,0.375,cpu_perf_counter,cpu
5,transformer.layer.0.ffn.lin1,Linear,1.5374,1.5,603979776.0,2362368,0,8,1.5382,counter,"[1, 128, 768]","[1, 128, 3072]",974.83,0.0,1.5,cpu_perf_counter,cpu
5,transformer.layer.0.ffn.activation,GELUActivation,0.1253,1.5,0.0,0,0,9,0.1261,none,"[1, 128, 3072]","[1, 128, 3072]",974.83,0.0,1.5,cpu_perf_counter,cpu
5,transformer.layer.0.ffn.lin2,Linear,1.4407,0.375,603979776.0,2360064,0,10,1.4415,counter,"[1, 128, 3072]","[1, 128, 768]",974.83,0.0,0.375,cpu_perf_counter,cpu
5,transformer.layer.0.output_layer_norm,LayerNorm,0.0382,0.375,491520.0,1536,0,11,0.039,analytic,"[1, 128, 768]","[1, 128, 768]",974.83,0.0,0.375,cpu_perf_counter,cpu
5,transformer.layer.1.attention.q_lin,Linear,0.3844,0.375,150994944.0,590592,0,12,0.3852,counter,"[1, 128, 768]","[1, 128, 768]",974.83,0.0,0.375,cpu_perf_counter,cpu
5,transformer.layer.1.attention.k_lin,Linear,0.3574,0.375,150994944.0,590592,0,13,0.3582,counter,"[1, 128, 768]","[1, 128, 768]",974.83,0.0,0.375,cpu_perf_counter,cpu
5,transformer.layer.1.attention.v_lin,Linear,0.3524,0.375,150994944.0,590592,0,14,0.3532,counter,"[1, 128, 768]","[1, 128, 768]",974.83,0.0,0.375,cpu_perf_counter,cpu
5,transformer.layer.1.attention.out_lin,Linear,0.3645,0.375,150994944.0,590592,0,15,0.3653,counter,"[1, 128, 768]","[1, 128, 768]",974.83,0.0,0.375,cpu_perf_counter,cpu
5,transformer.layer.1.sa_layer_norm,LayerNorm,0.0315,0.375,491520.0,1536,0,16,0.0323,analytic,"[1, 128, 768]","[1, 128, 768]",974.83,0.0,0.375,cpu_perf_counter,cpu
5,transformer.layer.1.ffn.lin1,Linear,1.5272,1.5,603979776.0,2362368,0,17,1.528,counter,"[1, 128, 768]","[1, 128, 3072]",974.83,0.0,1.5,cpu_perf_counter,cpu
5,transformer.layer.1.ffn.activation,GELUActivation,0.1173,1.5,0.0,0,0,18,0.1181,none,"[1, 128, 3072]","[1, 128, 3072]",974.83,0.0,1.5,cpu_perf_counter,cpu
5,transformer.layer.1.ffn.lin2,Linear,1.4747,0.375,603979776.0,2360064,0,19,1.4755,counter,"[1, 128, 3072]","[1, 128, 768]",974.83,0.0,0.375,cpu_perf_counter,cpu
5,transformer.layer.1.output_layer_norm,LayerNorm,0.0377,0.375,491520.0,1536,0,20,0.0385,analytic,"[1, 128, 768]","[1, 128, 768]",974.83,0.0,0.375,cpu_perf_counter,cpu
5,transformer.layer.2.attention.q_lin,Linear,0.3828,0.375,150994944.0,590592,0,21,0.3836,counter,"[1, 128, 768]","[1, 128, 768]",974.83,0.0,0.375,cpu_perf_counter,cpu
5,transformer.layer.2.attention.k_lin,Linear,0.3736,0.375,150994944.0,590592,0,22,0.3744,counter,"[1, 128, 768]","[1, 128, 768]",974.83,0.0,0.375,cpu_perf_counter,cpu
5,transformer.layer.2.attention.v_lin,Linear,0.3619,0.375,150994944.0,590592,0,23,0.3627,counter,"[1, 128, 768]","[1, 128, 768]",974.83,0.0,0.375,cpu_perf_counter,cpu
5,transformer.layer.2.attention.out_lin,Linear,0.3743,0.375,150994944.0,590592,0,24,0.3751,counter,"[1, 128, 768]","[1, 128, 768]",974.83,0.0,0.375,cpu_perf_counter,cpu
5,transformer.layer.2.sa_layer_norm,LayerNorm,0.028,0.375,491520.0,1536,0,25,0.0288,analytic,"[1, 128, 768]","[1, 128, 768]",974.83,0.0,0.375,cpu_perf_counter,cpu
5,transformer.layer.2.ffn.lin1,Linear,1.5316,1.5,603979776.0,2362368,0,26,1.5324,counter,"[1, 128, 768]","[1, 128, 3072]",974.83,0.0,1.5,cpu_perf_counter,cpu
5,transformer.layer.2.ffn.activation,GELUActivation,0.1318,1.5,0.0,0,0,27,0.1326,none,"[1, 128, 3072]","[1, 128, 3072]",974.83,0.0,1.5,cpu_perf_counter,cpu
5,transformer.layer.2.ffn.lin2,Linear,1.4796,0.375,603979776.0,2360064,0,28,1.4804,counter,"[1, 128, 3072]","[1, 128, 768]",974.83,0.0,0.375,cpu_perf_counter,cpu
5,transformer.layer.2.output_layer_norm,LayerNorm,0.0844,0.375,491520.0,1536,0,29,0.0852,analytic,"[1, 128, 768]","[1, 128, 768]",974.83,0.0,0.375,cpu_perf_counter,cpu
5,transformer.layer.3.attention.q_lin,Linear,0.538,0.375,150994944.0,590592,0,30,0.5388,counter,"[1, 128, 768]","[1, 128, 768]",974.83,0.0,0.375,cpu_perf_counter,cpu
5,transformer.layer.3.attention.k_lin,Linear,0.3958,0.375,150994944.0,590592,0,31,0.3966,counter,"[1, 128, 768]","[1, 128, 768]",974.83,0.0,0.375,cpu_perf_counter,cpu
5,transformer.layer.3.attention.v_lin,Linear,0.4029,0.375,150994944.0,590592,0,32,0.4037,counter,"[1, 128, 768]","[1, 128, 768]",974.83,0.0,0.375,cpu_perf_counter,cpu
5,transformer.layer.3.attention.out_lin,Linear,0.3973,0.375,150994944.0,590592,0,33,0.3981,counter,"[1, 128, 768]","[1, 128, 768]",974.83,0.0,0.375,cpu_perf_counter,cpu
5,transformer.layer.3.sa_layer_norm,LayerNorm,0.0407,0.375,491520.0,1536,0,34,0.0415,analytic,"[1, 128, 768]","[1, 128, 768]",974.83,0.0,0.375,cpu_perf_counter,cpu
5,transformer.layer.3.ffn.lin1,Linear,1.622,1.5,603979776.0,2362368,0,35,1.6228,counter,"[1, 128, 768]","[1, 128, 3072]",974.83,0.0,1.5,cpu_perf_counter,cpu
5,transformer.layer.3.ffn.activation,GELUActivation,0.1556,1.5,0.0,0,0,36,0.1564,none,"[1, 128, 3072]","[1, 128, 3072]",974.83,0.0,1.5,cpu_perf_counter,cpu
5,transformer.layer.3.ffn.lin2,Linear,1.4951,0.375,603979776.0,2360064,0,37,1.4959,counter,"[1, 128, 3072]","[1, 128, 768]",974.83,0.0,0.375,cpu_perf_counter,cpu
5,transformer.layer.3.output_layer_norm,LayerNorm,0.0447,0.375,491520.0,1536,0,38,0.0455,analytic,"[1, 128, 768]","[1, 128, 768]",974.83,0.0,0.375,cpu_perf_counter,cpu
5,transformer.layer.4.attention.q_lin,Linear,0.3898,0.375,150994944.0,590592,0,39,0.3906,counter,"[1, 128, 768]","[1, 128, 768]",974.83,0.0,0.375,cpu_perf_counter,cpu
5,transformer.layer.4.attention.k_lin,Linear,0.3626,0.375,150994944.0,590592,0,40,0.3634,counter,"[1, 128, 768]","[1, 128, 768]",974.83,0.0,0.375,cpu_perf_counter,cpu
5,transformer.layer.4.attention.v_lin,Linear,0.3771,0.375,150994944.0,590592,0,41,0.3779,counter,"[1, 128, 768]","[1, 128, 768]",974.83,0.0,0.375,cpu_perf_counter,cpu
5,transformer.layer.4.attention.out_lin,Linear,0.365,0.375,150994944.0,590592,0,42,0.3658,counter,"[1, 128, 768]","[1, 128, 768]",974.83,0.0,0.375,cpu_perf_counter,cpu
5,transformer.layer.4.sa_layer_norm,LayerNorm,0.0317,0.375,491520.0,1536,0,43,0.0325,analytic,"[1, 128, 768]","[1, 128, 768]",974.83,0.0,0.375,cpu_perf_counter,cpu
5,transformer.layer.4.ffn.lin1,Linear,1.5714,1.5,603979776.0,2362368,0,44,1.5722,counter,"[1, 128, 768]","[1, 128, 3072]",974.83,0.0,1.5,cpu_perf_counter,cpu
5,transformer.layer.4.ffn.activation,GELUActivation,0.1509,1.5,0.0,0,0,45,0.1517,none,"[1, 128, 3072]","[1, 128, 3072]",974.83,0.0,1.5,cpu_perf_counter,cpu
5,transformer.layer.4.ffn.lin2,Linear,1.4572,0.375,603979776.0,2360064,0,46,1.458,counter,"[1, 128, 3072]","[1, 128, 768]",974.83,0.0,0.375,cpu_perf_counter,cpu
5,transformer.layer.4.output_layer_norm,LayerNorm,0.0459,0.375,491520.0,1536,0,47,0.0467,analytic,"[1, 128, 768]","[1, 128, 768]",974.83,0.0,0.375,cpu_perf_counter,cpu
5,transformer.layer.5.attention.q_lin,Linear,0.3801,0.375,150994944.0,590592,0,48,0.3809,counter,"[1, 128, 768]","[1, 128, 768]",974.83,0.0,0.375,cpu_perf_counter,cpu
5,transformer.layer.5.attention.k_lin,Linear,0.361,0.375,150994944.0,590592,0,49,0.3618,counter,"[1, 128, 768]","[1, 128, 768]",974.83,0.0,0.375,cpu_perf_counter,cpu
5,transformer.layer.5.attention.v_lin,Linear,0.3643,0.375,150994944.0,590592,0,50,0.3651,counter,"[1, 128, 768]","[1, 128, 768]",974.83,0.0,0.375,cpu_perf_counter,cpu
5,transformer.layer.5.attention.out_lin,Linear,0.3746,0.375,150994944.0,590592,0,51,0.3754,counter,"[1, 128, 768]","[1, 128, 768]",974.83,0.0,0.375,cpu_perf_counter,cpu
5,transformer.layer.5.sa_layer_norm,LayerNorm,0.0335,0.375,491520.0,1536,0,52,0.0343,analytic,"[1, 128, 768]","[1, 128, 768]",974.83,0.0,0.375,cpu_perf_counter,cpu
5,transformer.layer.5.ffn.lin1,Linear,1.623,1.5,603979776.0,2362368,0,53,1.6238,counter,"[1, 128, 768]","[1, 128, 3072]",974.83,0.0,1.5,cpu_perf_counter,cpu
5,transformer.layer.5.ffn.activation,GELUActivation,0.1419,1.5,0.0,0,0,54,0.1427,none,"[1, 128, 3072]","[1, 128, 3072]",974.83,0.0,1.5,cpu_perf_counter,cpu
5,transformer.layer.5.ffn.lin2,Linear,1.6105,0.375,603979776.0,2360064,0,55,1.6113,counter,"[1, 128, 3072]","[1, 128, 768]",974.83,0.0,0.375,cpu_perf_counter,cpu
5,transformer.layer.5.output_layer_norm,LayerNorm,0.0871,0.375,491520.0,1536,0,56,0.0879,analytic,"[1, 128, 768]","[1, 128, 768]",974.83,0.0,0.375,cpu_perf_counter,cpu
6,embeddings.word_embeddings,Embedding,0.1091,0.375,0.0,23440896,0,0,0.1099,none,"[1, 128]","[1, 128, 768]",974.83,0.0,0.375,cpu_perf_counter,cpu
6,embeddings.position_embeddings,Embedding,0.0431,0.375,0.0,393216,0,1,0.0439,none,"[1, 128]","[1, 128, 768]",974.83,0.0,0.375,cpu_perf_counter,cpu
6,embeddings.LayerNorm,LayerNorm,0.0506,0.375,491520.0,1536,0,2,0.0514,analytic,"[1, 128, 768]","[1, 128, 768]",974.83,0.0,0.375,cpu_perf_counter,cpu
6,transformer.layer.0.attention.q_lin,Linear,0.3842,0.375,150994944.0,590592,0,3,0.385,counter,"[1, 128, 768]","[1, 128, 768]",974.83,0.0,0.375,cpu_perf_counter,cpu
6,transformer.layer.0.attention.k_lin,Linear,0.3677,0.375,150994944.0,590592,0,4,0.3685,counter,"[1, 128, 768]","[1, 128, 768]",974.83,0.0,0.375,cpu_perf_counter,cpu
6,transformer.layer.0.attention.v_lin,Linear,0.359,0.375,150994944.0,590592,0,5,0.3598,counter,"[1, 128, 768]","[1, 128, 768]",974.83,0.0,0.375,cpu_perf_counter,cpu
6,transformer.layer.0.attention.out_lin,Linear,0.3485,0.375,150994944.0,590592,0,6,0.3493,counter,"[1, 128, 768]","[1, 128, 768]",974.83,0.0,0.375,cpu_perf_counter,cpu
6,transformer.layer.0.sa_layer_norm,LayerNorm,0.0301,0.375,491520.0,1536,0,7,0.0309,analytic,"[1, 128, 768]","[1, 128, 768]",974.83,0.0,0.375,cpu_perf_counter,cpu
6,transformer.layer.0.ffn.lin1,Linear,1.5591,1.5,603979776.0,2362368,0,8,1.5599,counter,"[1, 128, 768]","[1, 128, 3072]",974.83,0.0,1.5,cpu_perf_counter,cpu
6,transformer.layer.0.ffn.activation,GELUActivation,0.1394,1.5,0.0,0,0,9,0.1402,none,"[1, 128, 3072]","[1, 128, 3072]",974.83,0.0,1.5,cpu_perf_counter,cpu
6,transformer.layer.0.ffn.lin2,Linear,1.4916,0.375,603979776.0,2360064,0,10,1.4924,counter,"[1, 128, 3072]","[1, 128, 768]",974.83,0.0,0.375,cpu_perf_counter,cpu
6,transformer.layer.0.output_layer_norm,LayerNorm,0.0409,0.375,491520.0,1536,0,11,0.0417,analytic,"[1, 128, 768]","[1, 128, 768]",974.83,0.0,0.375,cpu_perf_counter,cpu
6,transformer.layer.1.attention.q_lin,Linear,0.382,0.375,150994944.0,590592,0,12,0.3828,counter,"[1, 128, 768]","[1, 128, 768]",974.83,0.0,0.375,cpu_perf_counter,cpu
6,transformer.layer.1.attention.k_lin,Linear,0.3571,0.375,150994944.0,590592,0,13,0.3579,counter,"[1, 128, 768]","[1, 128, 768]",974.83,0.0,0.375,cpu_perf_counter,cpu
6,transformer.layer.1.attention.v_lin,Linear,0.3535,0.375,150994944.0,590592,0,14,0.3543,counter,"[1, 128, 768]","[1, 128, 768]",974.83,0.0,0.375,cpu_perf_counter,cpu
6,transformer.layer.1.attention.out_lin,Linear,0.3631,0.375,150994944.0,590592,0,15,0.3639,counter,"[1, 128, 768]","[1, 128, 768]",974.83,0.0,0.375,cpu_perf_counter,cpu
6,transformer.layer.1.sa_layer_norm,LayerNorm,0.0302,0.375,491520.0,1536,0,16,0.031,analytic,"[1, 128, 768]","[1, 128, 768]",974.83,0.0,0.375,cpu_perf_counter,cpu
6,transformer.layer.1.ffn.lin1,Linear,1.5519,1.5,603979776.0,2362368,0,17,1.5527,counter,"[1, 128, 768]","[1, 128, 3072]",974.83,0.0,1.5,cpu_perf_counter,cpu
6,transformer.layer.1.ffn.activation,GELUActivation,0.1194,1.5,0.0,0,0,18,0.1202,none,"[1, 128, 3072]","[1, 128, 3072]",974.83,0.0,1.5,cpu_perf_counter,cpu
6,transformer.layer.1.ffn.lin2,Linear,1.5298,0.375,603979776.0,2360064,0,19,1.5306,counter,"[1, 128, 3072]","[1, 128, 768]",974.83,0.0,0.375,cpu_perf_counter,cpu
6,transformer.layer.1.output_layer_norm,LayerNorm,0.039,0.375,491520.0,1536,0,20,0.0398,analytic,"[1, 128, 768]","[1, 128, 768]",974.83,0.0,0.375,cpu_perf_counter,cpu
6,transformer.layer.2.attention.q_lin,Linear,0.3871,0.375,150994944.0,590592,0,21,0.3879,counter,"[1, 128, 768]","[1, 128, 768]",974.83,0.0,0.375,cpu_perf_counter,cpu
6,transformer.layer.2.attention.k_lin,Linear,0.3645,0.375,150994944.0,590592,0,22,0.3653,counter,"[1, 128, 768]","[1, 128, 768]",974.83,0.0,0.375,cpu_perf_counter,cpu
6,transformer.layer.2.attention.v_lin,Linear,0.3595,0.375,150994944.0,590592,0,23,0.3603,counter,"[1, 128, 768]","[1, 128, 768]",974.83,0.0,0.375,cpu_perf_counter,cpu
6,transformer.layer.2.attention.out_lin,Linear,0.3906,0.375,150994944.0,590592,0,24,0.3914,counter,"[1, 128, 768]","[1, 128, 768]",974.83,0.0,0.375,cpu_perf_counter,cpu
6,transformer.layer.2.sa_layer_norm,LayerNorm,0.0297,0.375,491520.0,1536,0,25,0.0305,analytic,"[1, 128, 768]","[1, 128, 768]",974.83,0.0,0.375,cpu_perf_counter,cpu
6,transformer.layer.2.ffn.lin1,Linear,1.5543,1.5,603979776.0,2362368,0,26,1.5551,counter,"[1, 128, 768]","[1, 128, 3072]",974.83,0.0,1.5,cpu_perf_counter,cpu
6,transformer.layer.2.ffn.activation,GELUActivation,0.1529,1.5,0.0,0,0,27,0.1537,none,"[1, 128, 3072]","[1, 128, 3072]",974.83,0.0,1.5,cpu_perf_counter,cpu
6,transformer.layer.2.ffn.lin2,Linear,1.5186,0.375,603979776.0,2360064,0,28,1.5194,counter,"[1, 128, 3072]","[1, 128, 768]",974.83,0.0,0.375,cpu_perf_counter,cpu
6,transformer.layer.2.output_layer_norm,LayerNorm,0.0467,0.375,491520.0,1536,0,29,0.0475,analytic,"[1, 128, 768]","[1, 128, 768]",974.83,0.0,0.375,cpu_perf_counter,cpu
6,transformer.layer.3.attention.q_lin,Linear,0.4074,0.375,150994944.0,590592,0,30,0.4082,counter,"[1, 128, 768]","[1, 128, 768]",974.83,0.0,0.375,cpu_perf_counter,cpu
6,transformer.layer.3.attention.k_lin,Linear,0.3729,0.375,150994944.0,590592,0,31,0.3737,counter,"[1, 128, 768]","[1, 128, 768]",974.83,0.0,0.375,cpu_perf_counter,cpu
6,transformer.layer.3.attention.v_lin,Linear,0.37,0.375,150994944.0,590592,0,32,0.3708,counter,"[1, 128, 768]","[1, 128, 768]",974.83,0.0,0.375,cpu_perf_counter,cpu
6,transformer.layer.3.attention.out_lin,Linear,0.3655,0.375,150994944.0,590592,0,33,0.3663,counter,"[1, 128, 768]","[1, 128, 768]",974.83,0.0,0.375,cpu_perf_counter,cpu
6,transformer.layer.3.sa_layer_norm,LayerNorm,0.0341,0.375,491520.0,1536,0,34,0.0349,analytic,"[1, 128, 768]","[1, 128, 768]",974.83,0.0,0.375,cpu_perf_counter,cpu
6,transformer.layer.3.ffn.lin1,Linear,1.6183,1.5,603979776.0,2362368,0,35,1.6191,counter,"[1, 128, 768]","[1, 128, 3072]",974.83,0.0,1.5,cpu_perf_counter,cpu
6,transformer.layer.3.ffn.activation,GELUActivation,0.1435,1.5,0.0,0,0,36,0.1443,none,"[1, 128, 3072]","[1, 128, 3072]",974.83,0.0,1.5,cpu_perf_counter,cpu
6,transformer.layer.3.ffn.lin2,Linear,1.4506,0.375,603979776.0,2360064,0,37,1.4514,counter,"[1, 128, 3072]","[1, 128, 768]",974.83,0.0,0.375,cpu_perf_counter,cpu
6,transformer.layer.3.output_layer_norm,LayerNorm,0.0437,0.375,491520.0,1536,0,38,0.0445,analytic,"[1, 128, 768]","[1, 128, 768]",974.83,0.0,0.375,cpu_perf_counter,cpu
6,transformer.layer.4.attention.q_lin,Linear,0.3782,0.375,150994944.0,590592,0,39,0.379,counter,"[1, 128, 768]","[1, 128, 768]",974.83,0.0,0.375,cpu_perf_counter,cpu
6,transformer.layer.4.attention.k_lin,Linear,0.3823,0.375,150994944.0,590592,0,40,0.3831,counter,"[1, 128, 768]","[1, 128, 768]",974.83,0.0,0.375,cpu_perf_counter,cpu
6,transformer.layer.4.attention.v_lin,Linear,0.3603,0.375,150994944.0,590592,0,41,0.3611,counter,"[1, 128, 768]","[1, 128, 768]",974.83,0.0,0.375,cpu_perf_counter,cpu
6,transformer.layer.4.attention.out_lin,Linear,0.3767,0.375,150994944.0,590592,0,42,0.3775,counter,"[1, 128, 768]","[1, 128, 768]",974.83,0.0,0.375,cpu_perf_counter,cpu
6,transformer.layer.4.sa_layer_norm,LayerNorm,0.0316,0.375,491520.0,1536,0,43,0.0324,analytic,"[1, 128, 768]","[1, 128, 768]",974.83,0.0,0.375,cpu_perf_counter,cpu
6,transformer.layer.4.ffn.lin1,Linear,1.5966,1.5,603979776.0,2362368,0,44,1.5974,counter,"[1, 128, 768]","[1, 128, 3072]",974.83,0.0,1.5,cpu_perf_counter,cpu
6,transformer.layer.4.ffn.activation,GELUActivation,0.2134,1.5,0.0,0,0,45,0.2142,none,"[1, 128, 3072]","[1, 128, 3072]",974.83,0.0,1.5,cpu_perf_counter,cpu
6,transformer.layer.4.ffn.lin2,Linear,1.4868,0.375,603979776.0,2360064,0,46,1.4876,counter,"[1, 128, 3072]","[1, 128, 768]",974.83,0.0,0.375,cpu_perf_counter,cpu
6,transformer.layer.4.output_layer_norm,LayerNorm,0.0413,0.375,491520.0,1536,0,47,0.0421,analytic,"[1, 128, 768]","[1, 128, 768]",974.83,0.0,0.375,cpu_perf_counter,cpu
6,transformer.layer.5.attention.q_lin,Linear,0.3864,0.375,150994944.0,590592,0,48,0.3872,counter,"[1, 128, 768]","[1, 128, 768]",974.83,0.0,0.375,cpu_perf_counter,cpu
6,transformer.layer.5.attention.k_lin,Linear,0.3553,0.375,150994944.0,590592,0,49,0.3561,counter,"[1, 128, 768]","[1, 128, 768]",974.83,0.0,0.375,cpu_perf_counter,cpu
6,transformer.layer.5.attention.v_lin,Linear,0.3636,0.375,150994944.0,590592,0,50,0.3644,counter,"[1, 128, 768]","[1, 128, 768]",974.83,0.0,0.375,cpu_perf_counter,cpu
6,transformer.layer.5.attention.out_lin,Linear,0.355,0.375,150994944.0,590592,0,51,0.3558,counter,"[1, 128, 768]","[1, 128, 768]",974.83,0.0,0.375,cpu_perf_counter,cpu
6,transformer.layer.5.sa_layer_norm,LayerNorm,0.0328,0.375,491520.0,1536,0,52,0.0336,analytic,"[1, 128, 768]","[1, 128, 768]",974.83,0.0,0.375,cpu_perf_counter,cpu
6,transformer.layer.5.ffn.lin1,Linear,1.5593,1.5,603979776.0,2362368,0,53,1.5601,counter,"[1, 128, 768]","[1, 128, 3072]",974.83,0.0,1.5,cpu_perf_counter,cpu
6,transformer.layer.5.ffn.activation,GELUActivation,0.1484,1.5,0.0,0,0,54,0.1492,none,"[1, 128, 3072]","[1, 128, 3072]",974.83,0.0,1.5,cpu_perf_counter,cpu
6,transformer.layer.5.ffn.lin2,Linear,1.0077,0.375,603979776.0,2360064,0,55,1.0085,counter,"[1, 128, 3072]","[1, 128, 768]",974.83,0.0,0.375,cpu_perf_counter,cpu
6,transformer.layer.5.output_layer_norm,LayerNorm,0.0513,0.375,491520.0,1536,0,56,0.0521,analytic,"[1, 128, 768]","[1, 128, 768]",974.83,0.0,0.375,cpu_perf_counter,cpu
7,embeddings.word_embeddings,Embedding,0.0552,0.375,0.0,23440896,0,0,0.056,none,"[1, 128]","[1, 128, 768]",974.83,0.0,0.375,cpu_perf_counter,cpu
7,embeddings.position_embeddings,Embedding,0.0205,0.375,0.0,393216,0,1,0.0213,none,"[1, 128]","[1, 128, 768]",974.83,0.0,0.375,cpu_perf_counter,cpu
7,embeddings.LayerNorm,LayerNorm,0.0249,0.375,491520.0,1536,0,2,0.0257,analytic,"[1, 128, 768]","[1, 128, 768]",974.83,0.0,0.375,cpu_perf_counter,cpu
7,transformer.layer.0.attention.q_lin,Linear,0.2615,0.375,150994944.0,590592,0,3,0.2623,counter,"[1, 128, 768]","[1, 128, 768]",974.83,0.0,0.375,cpu_perf_counter,cpu
7,transformer.layer.0.attention.k_lin,Linear,0.2453,0.375,150994944.0,590592,0,4,0.2461,counter,"[1, 128, 768]","[1, 128, 768]",974.83,0.0,0.375,cpu_perf_counter,cpu
7,transformer.layer.0.attention.v_lin,Linear,0.2495,0.375,150994944.0,590592,0,5,0.2503,counter,"[1, 128, 768]","[1, 128, 768]",974.83,0.0,0.375,cpu_perf_counter,cpu
7,transformer.layer.0.attention.out_lin,Linear,0.2754,0.375,150994944.0,590592,0,6,0.2762,counter,"[1, 128, 768]","[1, 128, 768]",974.83,0.0,0.375,cpu_perf_counter,cpu
7,transformer.layer.0.sa_layer_norm,LayerNorm,0.0401,0.375,491520.0,1536,0,7,0.0409,analytic,"[1, 128, 768]","[1, 128, 768]",974.83,0.0,0.375,cpu_perf_counter,cpu
7,transformer.layer.0.ffn.lin1,Linear,1.3363,1.5,603979776.0,2362368,0,8,1.3371,counter,"[1, 128, 768]","[1, 128, 3072]",974.83,0.0,1.5,cpu_perf_counter,cpu
7,transformer.layer.0.ffn.activation,GELUActivation,0.1494,1.5,0.0,0,0,9,0.1502,none,"[1, 128, 3072]","[1, 128, 3072]",974.83,0.0,1.5,cpu_perf_counter,cpu
7,transformer.layer.0.ffn.lin2,Linear,1.4793,0.375,603979776.0,2360064,0,10,1.4801,counter,"[1, 128, 3072]","[1, 128, 768]",974.83,0.0,0.375,cpu_perf_counter,cpu
7,transformer.layer.0.output_layer_norm,LayerNorm,0.047,0.375,491520.0,1536,0,11,0.0478,analytic,"[1, 128, 768]","[1, 128, 768]",974.83,0.0,0.375,cpu_perf_counter,cpu
7,transformer.layer.1.attention.q_lin,Linear,0.3887,0.375,150994944.0,590592,0,12,0.3895,counter,"[1, 128, 768]","[1, 128, 768]",974.83,0.0,0.375,cpu_perf_counter,cpu
7,transformer.layer.1.attention.k_lin,Linear,0.3845,0.375,150994944.0,590592,0,13,0.3853,counter,"[1, 128, 768]","[1, 128, 768]",974.83,0.0,0.375,cpu_perf_counter,cpu
7,transformer.layer.1.attention.v_lin,Linear,0.3761,0.375,150994944.0,590592,0,14,0.3769,counter,"[1, 128, 768]","[1, 128, 768]",974.83,0.0,0.375,cpu_perf_counter,cpu
7,transformer.layer.1.attention.out_lin,Linear,0.3677,0.375,150994944.0,590592,0,15,0.3685,counter,"[1, 128, 768]","[1, 128, 768]",974.83,0.0,0.375,cpu_perf_counter,cpu
7,transformer.layer.1.sa_layer_norm,LayerNorm,0.036,0.375,491520.0,1536,0,16,0.0368,analytic,"[1, 128, 768]","[1, 128, 768]",974.83,0.0,0.375,cpu_perf_counter,cpu
7,transformer.layer.1.ffn.lin1,Linear,1.5751,1.5,603979776.0,2362368,0,17,1.5759,counter,"[1, 128, 768]","[1, 128, 3072]",974.83,0.0,1.5,cpu_perf_counter,cpu
7,transformer.layer.1.ffn.activation,GELUActivation,0.1436,1.5,0.0,0,0,18,0.1444,none,"[1, 128, 3072]","[1, 128, 3072]",974.83,0.0,1.5,cpu_perf_counter,cpu
7,transformer.layer.1.ffn.lin2,Linear,1.4587,0.375,603979776.0,2360064,0,19,1.4595,counter,"[1, 128, 3072]","[1, 128, 768]",974.83,0.0,0.375,cpu_perf_counter,cpu
7,transformer.layer.1.output_layer_norm,LayerNorm,0.044,0.375,491520.0,1536,0,20,0.0448,analytic,"[1, 128, 768]","[1, 128, 768]",974.83,0.0,0.375,cpu_perf_counter,cpu
7,transformer.layer.2.attention.q_lin,Linear,0.371,0.375,150994944.0,590592,0,21,0.3718,counter,"[1, 128, 768]","[1, 128, 768]",974.83,0.0,0.375,cpu_perf_counter,cpu
7,transformer.layer.2.attention.k_lin,Linear,0.3581,0.375,150994944.0,590592,0,22,0.3589,counter,"[1, 128, 768]","[1, 128, 768]",974.83,0.0,0.375,cpu_perf_counter,cpu
7,transformer.layer.2.attention.v_lin,Linear,0.3479,0.375,150994944.0,590592,0,23,0.3487,counter,"[1, 128, 768]","[1, 128, 768]",974.83,0.0,0.375,cpu_perf_counter,cpu
7,transformer.layer.2.attention.out_lin,Linear,0.389,0.375,150994944.0,590592,0,24,0.3898,counter,"[1, 128, 768]","[1, 128, 768]",974.83,0.0,0.375,cpu_perf_counter,cpu
7,transformer.layer.2.sa_layer_norm,LayerNorm,0.0326,0.375,491520.0,1536,0,25,0.0334,analytic,"[1, 128, 768]","[1, 128, 768]",974.83,0.0,0.375,cpu_perf_counter,cpu
7,transformer.layer.2.ffn.lin1,Linear,1.5468,1.5,603979776.0,2362368,0,26,1.5476,counter,"[1, 128, 768]","[1, 128, 3072]",974.83,0.0,1.5,cpu_perf_counter,cpu
7,transformer.layer.2.ffn.activation,GELUActivation,0.149,1.5,0.0,0,0,27,0.1498,none,"[1, 128, 3072]","[1, 128, 3072]",974.83,0.0,1.5,cpu_perf_counter,cpu
7,transformer.layer.2.ffn.lin2,Linear,1.3107,0.375,603979776.0,2360064,0,28,1.3115,counter,"[1, 128, 3072]","[1, 128, 768]",974.83,0.0,0.375,cpu_perf_counter,cpu
7,transformer.layer.2.output_layer_norm,LayerNorm,0.0524,0.375,491520.0,1536,0,29,0.0532,analytic,"[1, 128, 768]","[1, 128, 768]",974.83,0.0,0.375,cpu_perf_counter,cpu
7,transformer.layer.3.attention.q_lin,Linear,0.3913,0.375,150994944.0,590592,0,30,0.3921,counter,"[1, 128, 768]","[1, 128, 768]",974.83,0.0,0.375,cpu_perf_counter,cpu
7,transformer.layer.3.attention.k_lin,Linear,0.3638,0.375,150994944.0,590592,0,31,0.3646,counter,"[1, 128, 768]","[1, 128, 768]",974.83,0.0,0.375,cpu_perf_counter,cpu
7,transformer.layer.3.attention.v_lin,Linear,0.3701,0.375,150994944.0,590592,0,32,0.3709,counter,"[1, 128, 768]","[1, 128, 768]",974.83,0.0,0.375,cpu_perf_counter,cpu
7,transformer.layer.3.attention.out_lin,Linear,0.3761,0.375,150994944.0,590592,0,33,0.3769,counter,"[1, 128, 768]","[1, 128, 768]",974.83,0.0,0.375,cpu_perf_counter,cpu
7,transformer.layer.3.sa_layer_norm,LayerNorm,0.0354,0.375,491520.0,1536,0,34,0.0362,analytic,"[1, 128, 768]","[1, 128, 768]",974.83,0.0,0.375,cpu_perf_counter,cpu
7,transformer.layer.3.ffn.lin1,Linear,1.5465,1.5,603979776.0,2362368,0,35,1.5473,counter,"[1, 128, 768]","[1, 128, 3072]",974.83,0.0,1.5,cpu_perf_counter,cpu
7,transformer.layer.3.ffn.activation,GELUActivation,0.1443,1.5,0.0,0,0,36,0.1451,none,"[1, 128, 3072]","[1, 128, 3072]",974.83,0.0,1.5,cpu_perf_counter,cpu
7,transformer.layer.3.ffn.lin2,Linear,1.5545,0.375,603979776.0,2360064,0,37,1.5553,counter,"[1, 128, 3072]","[1, 128, 768]",974.83,0.0,0.375,cpu_perf_counter,cpu
7,transformer.layer.3.output_layer_norm,LayerNorm,0.0433,0.375,491520.0,1536,0,38,0.0441,analytic,"[1, 128, 768]","[1, 128, 768]",974.83,0.0,0.375,cpu_perf_counter,cpu
7,transformer.layer.4.attention.q_lin,Linear,0.389,0.375,150994944.0,590592,0,39,0.3898,counter,"[1, 128, 768]","[1, 128, 768]",974.83,0.0,0.375,cpu_perf_counter,cpu
7,transformer.layer.4.attention.k_lin,Linear,0.3655,0.375,150994944.0,590592,0,40,0.3663,counter,"[1, 128, 768]","[1, 128, 768]",974.83,0.0,0.375,cpu_perf_counter,cpu
7,transformer.layer.4.attention.v_lin,Linear,0.3783,0.375,150994944.0,590592,0,41,0.3791,counter,"[1, 128, 768]","[1, 128, 768]",974.83,0.0,0.375,cpu_perf_counter,cpu
7,transformer.layer.4.attention.out_lin,Linear,0.3796,0.375,150994944.0,590592,0,42,0.3804,counter,"[1, 128, 768]","[1, 128, 768]",974.83,0.0,0.375,cpu_perf_counter,cpu
7,transformer.layer.4.sa_layer_norm,LayerNorm,0.0326,0.375,491520.0,1536,0,43,0.0334,analytic,"[1, 128, 768]","[1, 128, 768]",974.83,0.0,0.375,cpu_perf_counter,cpu
7,transformer.layer.4.ffn.lin1,Linear,1.563,1.5,603979776.0,2362368,0,44,1.5638,counter,"[1, 128, 768]","[1, 128, 3072]",974.83,0.0,1.5,cpu_perf_counter,cpu
7,transformer.layer.4.ffn.activation,GELUActivation,0.1344,1.5,0.0,0,0,45,0.1352,none,"[1, 128, 3072]","[1, 128, 3072]",974.83,0.0,1.5,cpu_perf_counter,cpu
7,transformer.layer.4.ffn.lin2,Linear,1.5359,0.375,603979776.0,2360064,0,46,1.5367,counter,"[1, 128, 3072]","[1, 128, 768]",974.83,0.0,0.375,cpu_perf_counter,cpu
7,transformer.layer.4.output_layer_norm,LayerNorm,0.061,0.375,491520.0,1536,0,47,0.0618,analytic,"[1, 128, 768]","[1, 128, 768]",974.83,0.0,0.375,cpu_perf_counter,cpu
7,transformer.layer.5.attention.q_lin,Linear,0.4002,0.375,150994944.0,590592,0,48,0.401,counter,"[1, 128, 768]","[1, 128, 768]",974.83,0.0,0.375,cpu_perf_counter,cpu
7,transformer.layer.5.attention.k_lin,Linear,0.3757,0.375,150994944.0,590592,0,49,0.3765,counter,"[1, 128, 768]","[1, 128, 768]",974.83,0.0,0.375,cpu_perf_counter,cpu
7,transformer.layer.5.attention.v_lin,Linear,0.3654,0.375,150994944.0,590592,0,50,0.3662,counter,"[1, 128, 768]","[1, 128, 768]",974.83,0.0,0.375,cpu_perf_counter,cpu
7,transformer.layer.5.attention.out_lin,Linear,0.3672,0.375,150994944.0,590592,0,51,0.368,counter,"[1, 128, 768]","[1, 128, 768]",974.83,0.0,0.375,cpu_perf_counter,cpu
7,transformer.layer.5.sa_layer_norm,LayerNorm,0.0335,0.375,491520.0,1536,0,52,0.0343,analytic,"[1, 128, 768]","[1, 128, 768]",974.83,0.0,0.375,cpu_perf_counter,cpu
7,transformer.layer.5.ffn.lin1,Linear,1.5967,1.5,603979776.0,2362368,0,53,1.5975,counter,"[1, 128, 768]","[1, 128, 3072]",974.83,0.0,1.5,cpu_perf_counter,cpu
7,transformer.layer.5.ffn.activation,GELUActivation,0.1365,1.5,0.0,0,0,54,0.1373,none,"[1, 128, 3072]","[1, 128, 3072]",974.83,0.0,1.5,cpu_perf_counter,cpu
7,transformer.layer.5.ffn.lin2,Linear,1.4679,0.375,603979776.0,2360064,0,55,1.4687,counter,"[1, 128, 3072]","[1, 128, 768]",974.83,0.0,0.375,cpu_perf_counter,cpu
7,transformer.layer.5.output_layer_norm,LayerNorm,0.0467,0.375,491520.0,1536,0,56,0.0475,analytic,"[1, 128, 768]","[1, 128, 768]",974.83,0.0,0.375,cpu_perf_counter,cpu
8,embeddings.word_embeddings,Embedding,0.0596,0.375,0.0,23440896,0,0,0.0604,none,"[1, 128]","[1, 128, 768]",974.83,0.0,0.375,cpu_perf_counter,cpu
8,embeddings.position_embeddings,Embedding,0.0256,0.375,0.0,393216,0,1,0.0264,none,"[1, 128]","[1, 128, 768]",974.83,0.0,0.375,cpu_perf_counter,cpu
8,embeddings.LayerNorm,LayerNorm,0.0304,0.375,491520.0,1536,0,2,0.0312,analytic,"[1, 128, 768]","[1, 128, 768]",974.83,0.0,0.375,cpu_perf_counter,cpu
8,transformer.layer.0.attention.q_lin,Linear,0.3858,0.375,150994944.0,590592,0,3,0.3866,counter,"[1, 128, 768]","[1, 128, 768]",974.83,0.0,0.375,cpu_perf_counter,cpu
8,transformer.layer.0.attention.k_lin,Linear,0.3672,0.375,150994944.0,590592,0,4,0.368,counter,"[1, 128, 768]","[1, 128, 768]",974.83,0.0,0.375,cpu_perf_counter,cpu
8,transformer.layer.0.attention.v_lin,Linear,0.3624,0.375,150994944.0,590592,0,5,0.3632,counter,"[1, 128, 768]","[1, 128, 768]",974.83,0.0,0.375,cpu_perf_counter,cpu
8,transformer.layer.0.attention.out_lin,Linear,0.359,0.375,150994944.0,590592,0,6,0.3598,counter,"[1, 128, 768]","[1, 128, 768]",974.83,0.0,0.375,cpu_perf_counter,cpu
8,transformer.layer.0.sa_layer_norm,LayerNorm,0.0338,0.375,491520.0,1536,0,7,0.0346,analytic,"[1, 128, 768]","[1, 128, 768]",974.83,0.0,0.375,cpu_perf_counter,cpu
8,transformer.layer.0.ffn.lin1,Linear,1.5307,1.5,603979776.0,2362368,0,8,1.5315,counter,"[1, 128, 768]","[1, 128, 3072]",974.83,0.0,1.5,cpu_perf_counter,cpu
8,transformer.layer.0.ffn.activation,GELUActivation,0.1396,1.5,0.0,0,0,9,0.1404,none,"[1, 128, 3072]","[1, 128, 3072]",974.83,0.0,1.5,cpu_perf_counter,cpu
8,transformer.layer.0.ffn.lin2,Linear,1.4822,0.375,603979776.0,2360064,0,10,1.483,counter,"[1, 128, 3072]","[1, 128, 768]",974.83,0.0,0.375,cpu_perf_counter,cpu
8,transformer.layer.0.output_layer_norm,LayerNorm,0.0463,0.375,491520.0,1536,0,11,0.0471,analytic,"[1, 128, 768]","[1, 128, 768]",974.83,0.0,0.375,cpu_perf_counter,cpu
8,transformer.layer.1.attention.q_lin,Linear,0.3833,0.375,150994944.0,590592,0,12,0.3841,counter,"[1, 128, 768]","[1, 128, 768]",974.83,0.0,0.375,cpu_perf_counter,cpu
8,transformer.layer.1.attention.k_lin,Linear,0.3674,0.375,150994944.0,590592,0,13,0.3682,counter,"[1, 128, 768]","[1, 128, 768]",974.83,0.0,0.375,cpu_perf_counter,cpu
8,transformer.layer.1.attention.v_lin,Linear,0.3675,0.375,150994944.0,590592,0,14,0.3683,counter,"[1, 128, 768]","[1, 128, 768]",974.83,0.0,0.375,cpu_perf_counter,cpu
8,transformer.layer.1.attention.out_lin,Linear,0.3669,0.375,150994944.0,590592,0,15,0.3677,counter,"[1, 128, 768]","[1, 128, 768]",974.83,0.0,0.375,cpu_perf_counter,cpu
8,transformer.layer.1.sa_layer_norm,LayerNorm,0.0371,0.375,491520.0,1536,0,16,0.0379,analytic,"[1, 128, 768]","[1, 128, 768]",974.83,0.0,0.375,cpu_perf_counter,cpu
8,transformer.layer.1.ffn.lin1,Linear,1.6207,1.5,603979776.0,2362368,0,17,1.6215,counter,"[1, 128, 768]","[1, 128, 3072]",974.83,0.0,1.5,cpu_perf_counter,cpu
8,transformer.layer.1.ffn.activation,GELUActivation,0.1402,1.5,0.0,0,0,18,0.141,none,"[1, 128, 3072]","[1, 128, 3072]",974.83,0.0,1.5,cpu_perf_counter,cpu
8,transformer.layer.1.ffn.lin2,Linear,1.4247,0.375,603979776.0,2360064,0,19,1.4255,counter,"[1, 128, 3072]","[1, 128, 768]",974.83,0.0,0.375,cpu_perf_counter,cpu
8,transformer.layer.1.output_layer_norm,LayerNorm,0.0445,0.375,491520.0,1536,0,20,0.0453,analytic,"[1, 128, 768]","[1, 128, 768]",974.83,0.0,0.375,cpu_perf_counter,cpu
8,transformer.layer.2.attention.q_lin,Linear,0.3736,0.375,150994944.0,590592,0,21,0.3744,counter,"[1, 128, 768]","[1, 128, 768]",974.83,0.0,0.375,cpu_perf_counter,cpu
8,transformer.layer.2.attention.k_lin,Linear,0.3599,0.375,150994944.0,590592,0,22,0.3607,counter,"[1, 128, 768]","[1, 128, 768]",974.83,0.0,0.375,cpu_perf_counter,cpu
8,transformer.layer.2.attention.v_lin,Linear,0.3652,0.375,150994944.0,590592,0,23,0.366,counter,"[1, 128, 768]","[1, 128, 768]",974.83,0.0,0.375,cpu_perf_counter,cpu
8,transformer.layer.2.attention.out_lin,Linear,0.3937,0.375,150994944.0,590592,0,24,0.3945,counter,"[1, 128, 768]","[1, 128, 768]",974.83,0.0,0.375,cpu_perf_counter,cpu
8,transformer.layer.2.sa_layer_norm,LayerNorm,0.0341,0.375,491520.0,1536,0,25,0.0349,analytic,"[1, 128, 768]","[1, 128, 768]",974.83,0.0,0.375,cpu_perf_counter,cpu
8,transformer.layer.2.ffn.lin1,Linear,1.5232,1.5,603979776.0,2362368,0,26,1.524,counter,"[1, 128, 768]","[1, 128, 3072]",974.83,0.0,1.5,cpu_perf_counter,cpu
8,transformer.layer.2.ffn.activation,GELUActivation,0.145,1.5,0.0,0,0,27,0.1458,none,"[1, 128, 3072]","[1, 128, 3072]",974.83,0.0,1.5,cpu_perf_counter,cpu
8,transformer.layer.2.ffn.lin2,Linear,1.4809,0.375,603979776.0,2360064,0,28,1.4817,counter,"[1, 128, 3072]","[1, 128, 768]",974.83,0.0,0.375,cpu_perf_counter,cpu
8,transformer.layer.2.output_layer_norm,LayerNorm,0.0511,0.375,491520.0,1536,0,29,0.0519,analytic,"[1, 128, 768]","[1, 128, 768]",974.83,0.0,0.375,cpu_perf_counter,cpu
8,transformer.layer.3.attention.q_lin,Linear,0.4432,0.375,150994944.0,590592,0,30,0.444,counter,"[1, 128, 768]","[1, 128, 768]",974.83,0.0,0.375,cpu_perf_counter,cpu
8,transformer.layer.3.attention.k_lin,Linear,0.3858,0.375,150994944.0,590592,0,31,0.3866,counter,"[1, 128, 768]","[1, 128, 768]",974.83,0.0,0.375,cpu_perf_counter,cpu
8,transformer.layer.3.attention.v_lin,Linear,0.3687,0.375,150994944.0,590592,0,32,0.3695,counter,"[1, 128, 768]","[1, 128, 768]",974.83,0.0,0.375,cpu_perf_counter,cpu
8,transformer.layer.3.attention.out_lin,Linear,0.3793,0.375,150994944.0,590592,0,33,0.3801,counter,"[1, 128, 768]","[1, 128, 768]",974.83,0.0,0.375,cpu_perf_counter,cpu
8,transformer.layer.3.sa_layer_norm,LayerNorm,0.0364,0.375,491520.0,1536,0,34,0.0372,analytic,"[1, 128, 768]","[1, 128, 768]",974.83,0.0,0.375,cpu_perf_counter,cpu
8,transformer.layer.3.ffn.lin1,Linear,1.5433,1.5,603979776.0,2362368,0,35,1.5441,counter,"[1, 128, 768]","[1, 128, 3072]",974.83,0.0,1.5,cpu_perf_counter,cpu
8,transformer.layer.3.ffn.activation,GELUActivation,0.1405,1.5,0.0,0,0,36,0.1413,none,"[1, 128, 3072]","[1, 128, 3072]",974.83,0.0,1.5,cpu_perf_counter,cpu
8,transformer.layer.3.ffn.lin2,Linear,1.4135,0.375,603979776.0,2360064,0,37,1.4143,counter,"[1, 128, 3072]","[1, 128, 768]",974.83,0.0,0.375,cpu_perf_counter,cpu
8,transformer.layer.3.output_layer_norm,LayerNorm,0.0453,0.375,491520.0,1536,0,38,0.0461,analytic,"[1, 128, 768]","[1, 128, 768]",974.83,0.0,0.375,cpu_perf_counter,cpu
8,transformer.layer.4.attention.q_lin,Linear,0.3883,0.375,150994944.0,590592,0,39,0.3891,counter,"[1, 128, 768]","[1, 128, 768]",974.83,0.0,0.375,cpu_perf_counter,cpu
8,transformer.layer.4.attention.k_lin,Linear,0.3661,0.375,150994944.0,590592,0,40,0.3669,counter,"[1, 128, 768]","[1, 128, 768]",974.83,0.0,0.375,cpu_perf_counter,cpu
8,transformer.layer.4.attention.v_lin,Linear,0.3652,0.375,150994944.0,590592,0,41,0.366,counter,"[1, 128, 768]","[1, 128, 768]",974.83,0.0,0.375,cpu_perf_counter,cpu
8,transformer.layer.4.attention.out_lin,Linear,0.3675,0.375,150994944.0,590592,0,42,0.3683,counter,"[1, 128, 768]","[1, 128, 768]",974.83,0.0,0.375,cpu_perf_counter,cpu
8,transformer.layer.4.sa_layer_norm,LayerNorm,0.0318,0.375,491520.0,1536,0,43,0.0326,analytic,"[1, 128, 768]","[1, 128, 768]",974.83,0.0,0.375,cpu_perf_counter,cpu
8,transformer.layer.4.ffn.lin1,Linear,1.5382,1.5,603979776.0,2362368,0,44,1.539,counter,"[1, 128, 768]","[1, 128, 3072]",974.83,0.0,1.5,cpu_perf_counter,cpu
8,transformer.layer.4.ffn.activation,GELUActivation,0.1303,1.5,0.0,0,0,45,0.1311,none,"[1, 128, 3072]","[1, 128, 3072]",974.83,0.0,1.5,cpu_perf_counter,cpu
8,transformer.layer.4.ffn.lin2,Linear,1.4479,0.375,603979776.0,2360064,0,46,1.4487,counter,"[1, 128, 3072]","[1, 128, 768]",974.83,0.0,0.375,cpu_perf_counter,cpu
8,transformer.layer.4.output_layer_norm,LayerNorm,0.0443,0.375,491520.0,1536,0,47,0.0451,analytic,"[1, 128, 768]","[1, 128, 768]",974.83,0.0,0.375,cpu_perf_counter,cpu
8,transformer.layer.5.attention.q_lin,Linear,0.3789,0.375,150994944.0,590592,0,48,0.3797,counter,"[1, 128, 768]","[1, 128, 768]",974.83,0.0,0.375,cpu_perf_counter,cpu
8,transformer.layer.5.attention.k_lin,Linear,0.3497,0.375,150994944.0,590592,0,49,0.3505,counter,"[1, 128, 768]","[1, 128, 768]",974.83,0.0,0.375,cpu_perf_counter,cpu
8,transformer.layer.5.attention.v_lin,Linear,0.3568,0.375,150994944.0,590592,0,50,0.3576,counter,"[1, 128, 768]","[1, 128, 768]",974.83,0.0,0.375,cpu_perf_counter,cpu
8,transformer.layer.5.attention.out_lin,Linear,0.3618,0.375,150994944.0,590592,0,51,0.3626,counter,"[1, 128, 768]","[1, 128, 768]",974.83,0.0,0.375,cpu_perf_counter,cpu
8,transformer.layer.5.sa_layer_norm,LayerNorm,0.031,0.375,491520.0,1536,0,52,0.0318,analytic,"[1, 128, 768]","[1, 128, 768]",974.83,0.0,0.375,cpu_perf_counter,cpu
8,transformer.layer.5.ffn.lin1,Linear,1.5613,1.5,603979776.0,2362368,0,53,1.5621,counter,"[1, 128, 768]","[1, 128, 3072]",974.83,0.0,1.5,cpu_perf_counter,cpu
8,transformer.layer.5.ffn.activation,GELUActivation,0.1398,1.5,0.0,0,0,54,0.1406,none,"[1, 128, 3072]","[1, 128, 3072]",974.83,0.0,1.5,cpu_perf_counter,cpu
8,transformer.layer.5.ffn.lin2,Linear,1.4291,0.375,603979776.0,2360064,0,55,1.4299,counter,"[1, 128, 3072]","[1, 128, 768]",974.83,0.0,0.375,cpu_perf_counter,cpu
8,transformer.layer.5.output_layer_norm,LayerNorm,0.0467,0.375,491520.0,1536,0,56,0.0475,analytic,"[1, 128, 768]","[1, 128, 768]",974.83,0.0,0.375,cpu_perf_counter,cpu
9,embeddings.word_embeddings,Embedding,0.0608,0.375,0.0,23440896,0,0,0.0616,none,"[1, 128]","[1, 128, 768]",974.83,0.0,0.375,cpu_perf_counter,cpu
9,embeddings.position_embeddings,Embedding,0.0246,0.375,0.0,393216,0,1,0.0254,none,"[1, 128]","[1, 128, 768]",974.83,0.0,0.375,cpu_perf_counter,cpu
9,embeddings.LayerNorm,LayerNorm,0.0313,0.375,491520.0,1536,0,2,0.0321,analytic,"[1, 128, 768]","[1, 128, 768]",974.83,0.0,0.375,cpu_perf_counter,cpu
9,transformer.layer.0.attention.q_lin,Linear,0.38,0.375,150994944.0,590592,0,3,0.3808,counter,"[1, 128, 768]","[1, 128, 768]",974.83,0.0,0.375,cpu_perf_counter,cpu
9,transformer.layer.0.attention.k_lin,Linear,0.3696,0.375,150994944.0,590592,0,4,0.3704,counter,"[1, 128, 768]","[1, 128, 768]",974.83,0.0,0.375,cpu_perf_counter,cpu
9,transformer.layer.0.attention.v_lin,Linear,0.3602,0.375,150994944.0,590592,0,5,0.361,counter,"[1, 128, 768]","[1, 128, 768]",974.83,0.0,0.375,cpu_perf_counter,cpu
9,transformer.layer.0.attention.out_lin,Linear,0.3877,0.375,150994944.0,590592,0,6,0.3885,counter,"[1, 128, 768]","[1, 128, 768]",974.83,0.0,0.375,cpu_perf_counter,cpu
9,transformer.layer.0.sa_layer_norm,LayerNorm,0.0387,0.375,491520.0,1536,0,7,0.0395,analytic,"[1, 128, 768]","[1, 128, 768]",974.83,0.0,0.375,cpu_perf_counter,cpu
9,transformer.layer.0.ffn.lin1,Linear,1.5139,1.5,603979776.0,2362368,0,8,1.5147,counter,"[1, 128, 768]","[1, 128, 3072]",974.83,0.0,1.5,cpu_perf_counter,cpu
9,transformer.layer.0.ffn.activation,GELUActivation,0.1408,1.5,0.0,0,0,9,0.1416,none,"[1, 128, 3072]","[1, 128, 3072]",974.83,0.0,1.5,cpu_perf_counter,cpu
9,transformer.layer.0.ffn.lin2,Linear,1.4376,0.375,603979776.0,2360064,0,10,1.4384,counter,"[1, 128, 3072]","[1, 128, 768]",974.83,0.0,0.375,cpu_perf_counter,cpu
9,transformer.layer.0.output_layer_norm,LayerNorm,0.0439,0.375,491520.0,1536,0,11,0.0447,analytic,"[1, 128, 768]","[1, 128, 768]",974.83,0.0,0.375,cpu_perf_counter,cpu
9,transformer.layer.1.attention.q_lin,Linear,0.3735,0.375,150994944.0,590592,0,12,0.3743,counter,"[1, 128, 768]","[1, 128, 768]",974.83,0.0,0.375,cpu_perf_counter,cpu
9,transformer.layer.1.attention.k_lin,Linear,0.3608,0.375,150994944.0,590592,0,13,0.3616,counter,"[1, 128, 768]","[1, 128, 768]",974.83,0.0,0.375,cpu_perf_counter,cpu
9,transformer.layer.1.attention.v_lin,Linear,0.3571,0.375,150994944.0,590592,0,14,0.3579,counter,"[1, 128, 768]","[1, 128, 768]",974.83,0.0,0.375,cpu_perf_counter,cpu
9,transformer.layer.1.attention.out_lin,Linear,0.3672,0.375,150994944.0,590592,0,15,0.368,counter,"[1, 128, 768]","[1, 128, 768]",974.83,0.0,0.375,cpu_perf_counter,cpu
9,transformer.layer.1.sa_layer_norm,LayerNorm,0.035,0.375,491520.0,1536,0,16,0.0358,analytic,"[1, 128, 768]","[1, 128, 768]",974.83,0.0,0.375,cpu_perf_counter,cpu
9,transformer.layer.1.ffn.lin1,Linear,1.5157,1.5,603979776.0,2362368,0,17,1.5165,counter,"[1, 128, 768]","[1, 128, 3072]",974.83,0.0,1.5,cpu_perf_counter,cpu
9,transformer.layer.1.ffn.activation,GELUActivation,0.1395,1.5,0.0,0,0,18,0.1403,none,"[1, 128, 3072]","[1, 128, 3072]",974.83,0.0,1.5,cpu_perf_counter,cpu
9,transformer.layer.1.ffn.lin2,Linear,1.4812,0.375,603979776.0,2360064,0,19,1.482,counter,"[1, 128, 3072]","[1, 128, 768]",974.83,0.0,0.375,cpu_perf_counter,cpu
9,transformer.layer.1.output_layer_norm,LayerNorm,0.0454,0.375,491520.0,1536,0,20,0.0462,analytic,"[1, 128, 768]","[1, 128, 768]",974.83,0.0,0.375,cpu_perf_counter,cpu
9,transformer.layer.2.attention.q_lin,Linear,0.3775,0.375,150994944.0,590592,0,21,0.3783,counter,"[1, 128, 768]","[1, 128, 768]",974.83,0.0,0.375,cpu_perf_counter,cpu
9,transformer.layer.2.attention.k_lin,Linear,0.36,0.375,150994944.0,590592,0,22,0.3608,counter,"[1, 128, 768]","[1, 128, 768]",974.83,0.0,0.375,cpu_perf_counter,cpu
9,transformer.layer.2.attention.v_lin,Linear,0.3581,0.375,150994944.0,590592,0,23,0.3589,counter,"[1, 128, 768]","[1, 128, 768]",974.83,0.0,0.375,cpu_perf_counter,cpu
9,transformer.layer.2.attention.out_lin,Linear,0.4074,0.375,150994944.0,590592,0,24,0.4082,counter,"[1, 128, 768]","[1, 128, 768]",974.83,0.0,0.375,cpu_perf_counter,cpu
9,transformer.layer.2.sa_layer_norm,LayerNorm,0.0326,0.375,491520.0,1536,0,25,0.0334,analytic,"[1, 128, 768]","[1, 128, 768]",974.83,0.0,0.375,cpu_perf_counter,cpu
9,transformer.layer.2.ffn.lin1,Linear,1.5303,1.5,603979776.0,2362368,0,26,1.5311,counter,"[1, 128, 768]","[1, 128, 3072]",974.83,0.0,1.5,cpu_perf_counter,cpu
9,transformer.layer.2.ffn.activation,GELUActivation,0.1598,1.5,0.0,0,0,27,0.1606,none,"[1, 128, 3072]","[1, 128, 3072]",974.83,0.0,1.5,cpu_perf_counter,cpu
9,transformer.layer.2.ffn.lin2,Linear,1.486,0.375,603979776.0,2360064,0,28,1.4868,counter,"[1, 128, 3072]","[1, 128, 768]",974.83,0.0,0.375,cpu_perf_counter,cpu
9,transformer.layer.2.output_layer_norm,LayerNorm,0.0566,0.375,491520.0,1536,0,29,0.0574,analytic,"[1, 128, 768]","[1, 128, 768]",974.83,0.0,0.375,cpu_perf_counter,cpu
9,transformer.layer.3.attention.q_lin,Linear,0.3946,0.375,150994944.0,590592,0,30,0.3954,counter,"[1, 128, 768]","[1, 128, 768]",974.83,0.0,0.375,cpu_perf_counter,cpu
9,transformer.layer.3.attention.k_lin,Linear,0.3739,0.375,150994944.0,590592,0,31,0.3747,counter,"[1, 128, 768]","[1, 128, 768]",974.83,0.0,0.375,cpu_perf_counter,cpu
9,transformer.layer.3.attention.v_lin,Linear,0.3665,0.375,150994944.0,590592,0,32,0.3673,counter,"[1, 128, 768]","[1, 128, 768]",974.83,0.0,0.375,cpu_perf_counter,cpu
9,transformer.layer.3.attention.out_lin,Linear,0.3713,0.375,150994944.0,590592,0,33,0.3721,counter,"[1, 128, 768]","[1, 128, 768]",974.83,0.0,0.375,cpu_perf_counter,cpu
9,transformer.layer.3.sa_layer_norm,LayerNorm,0.0398,0.375,491520.0,1536,0,34,0.0406,analytic,"[1, 128, 768]","[1, 128, 768]",974.83,0.0,0.375,cpu_perf_counter,cpu
9,transformer.layer.3.ffn.lin1,Linear,1.6198,1.5,603979776.0,2362368,0,35,1.6206,counter,"[1, 128, 768]","[1, 128, 3072]",974.83,0.0,1.5,cpu_perf_counter,cpu
9,transformer.layer.3.ffn.activation,GELUActivation,0.1867,1.5,0.0,0,0,36,0.1875,none,"[1, 128, 3072]","[1, 128, 3072]",974.83,0.0,1.5,cpu_perf_counter,cpu
9,transformer.layer.3.ffn.lin2,Linear,1.435,0.375,603979776.0,2360064,0,37,1.4358,counter,"[1, 128, 3072]","[1, 128, 768]",974.83,0.0,0.375,cpu_perf_counter,cpu
9,transformer.layer.3.output_layer_norm,LayerNorm,0.0492,0.375,491520.0,1536,0,38,0.05,analytic,"[1, 128, 768]","[1, 128, 768]",974.83,0.0,0.375,cpu_perf_counter,cpu
9,transformer.layer.4.attention.q_lin,Linear,0.3925,0.375,150994944.0,590592,0,39,0.3933,counter,"[1, 128, 768]","[1, 128, 768]",974.83,0.0,0.375,cpu_perf_counter,cpu
9,transformer.layer.4.attention.k_lin,Linear,0.3635,0.375,150994944.0,590592,0,40,0.3643,counter,"[1, 128, 768]","[1, 128, 768]",974.83,0.0,0.375,cpu_perf_counter,cpu
9,transformer.layer.4.attention.v_lin,Linear,0.3716,0.375,150994944.0,590592,0,41,0.3724,counter,"[1, 128, 768]","[1, 128, 768]",974.83,0.0,0.375,cpu_perf_counter,cpu
9,transformer.layer.4.attention.out_lin,Linear,0.3651,0.375,150994944.0,590592,0,42,0.3659,counter,"[1, 128, 768]","[1, 128, 768]",974.83,0.0,0.375,cpu_perf_counter,cpu
9,transformer.layer.4.sa_layer_norm,LayerNorm,0.0312,0.375,491520.0,1536,0,43,0.032,analytic,"[1, 128, 768]","[1, 128, 768]",974.83,0.0,0.375,cpu_perf_counter,cpu
9,transformer.layer.4.ffn.lin1,Linear,1.5583,1.5,603979776.0,2362368,0,44,1.5591,counter,"[1, 128, 768]","[1, 128, 3072]",974.83,0.0,1.5,cpu_perf_counter,cpu
9,transformer.layer.4.ffn.activation,GELUActivation,0.1358,1.5,0.0,0,0,45,0.1366,none,"[1, 128, 3072]","[1, 128, 3072]",974.83,0.0,1.5,cpu_perf_counter,cpu
9,transformer.layer.4.ffn.lin2,Linear,1.419,0.375,603979776.0,2360064,0,46,1.4198,counter,"[1, 128, 3072]","[1, 128, 768]",974.83,0.0,0.375,cpu_perf_counter,cpu
9,transformer.layer.4.output_layer_norm,LayerNorm,0.0429,0.375,491520.0,1536,0,47,0.0437,analytic,"[1, 128, 768]","[1, 128, 768]",974.83,0.0,0.375,cpu_perf_counter,cpu
9,transformer.layer.5.attention.q_lin,Linear,0.3729,0.375,150994944.0,590592,0,48,0.3737,counter,"[1, 128, 768]","[1, 128, 768]",974.83,0.0,0.375,cpu_perf_counter,cpu
9,transformer.layer.5.attention.k_lin,Linear,0.3488,0.375,150994944.0,590592,0,49,0.3496,counter,"[1, 128, 768]","[1, 128, 768]",974.83,0.0,0.375,cpu_perf_counter,cpu
9,transformer.layer.5.attention.v_lin,Linear,0.3542,0.375,150994944.0,590592,0,50,0.355,counter,"[1, 128, 768]","[1, 128, 768]",974.83,0.0,0.375,cpu_perf_counter,cpu
9,transformer.layer.5.attention.out_lin,Linear,0.3668,0.375,150994944.0,590592,0,51,0.3676,counter,"[1, 128, 768]","[1, 128, 768]",974.83,0.0,0.375,cpu_perf_counter,cpu
9,transformer.layer.5.sa_layer_norm,LayerNorm,0.0336,0.375,491520.0,1536,0,52,0.0344,analytic,"[1, 128, 768]","[1, 128, 768]",974.83,0.0,0.375,cpu_perf_counter,cpu
9,transformer.layer.5.ffn.lin1,Linear,1.6082,1.5,603979776.0,2362368,0,53,1.609,counter,"[1, 128, 768]","[1, 128, 3072]",974.83,0.0,1.5,cpu_perf_counter,cpu
9,transformer.layer.5.ffn.activation,GELUActivation,0.156,1.5,0.0,0,0,54,0.1568,none,"[1, 128, 3072]","[1, 128, 3072]",974.83,0.0,1.5,cpu_perf_counter,cpu
9,transformer.layer.5.ffn.lin2,Linear,1.4979,0.375,603979776.0,2360064,0,55,1.4987,counter,"[1, 128, 3072]","[1, 128, 768]",974.83,0.0,0.375,cpu_perf_counter,cpu
9,transformer.layer.5.output_layer_norm,LayerNorm,0.048,0.375,491520.0,1536,0,56,0.0488,analytic,"[1, 128, 768]","[1, 128, 768]",974.83,0.0,0.375,cpu_perf_counter,cpu
10,embeddings.word_embeddings,Embedding,0.0625,0.375,0.0,23440896,0,0,0.0633,none,"[1, 128]","[1, 128, 768]",974.83,0.0,0.375,cpu_perf_counter,cpu
10,embeddings.position_embeddings,Embedding,0.0257,0.375,0.0,393216,0,1,0.0265,none,"[1, 128]","[1, 128, 768]",974.83,0.0,0.375,cpu_perf_counter,cpu
10,embeddings.LayerNorm,LayerNorm,0.031,0.375,491520.0,1536,0,2,0.0318,analytic,"[1, 128, 768]","[1, 128, 768]",974.83,0.0,0.375,cpu_perf_counter,cpu
10,transformer.layer.0.attention.q_lin,Linear,0.3922,0.375,150994944.0,590592,0,3,0.393,counter,"[1, 128, 768]","[1, 128, 768]",974.83,0.0,0.375,cpu_perf_counter,cpu
10,transformer.layer.0.attention.k_lin,Linear,0.3624,0.375,150994944.0,590592,0,4,0.3632,counter,"[1, 128, 768]","[1, 128, 768]",974.83,0.0,0.375,cpu_perf_counter,cpu
10,transformer.layer.0.attention.v_lin,Linear,0.3773,0.375,150994944.0,590592,0,5,0.3781,counter,"[1, 128, 768]","[1, 128, 768]",974.83,0.0,0.375,cpu_perf_counter,cpu
10,transformer.layer.0.attention.out_lin,Linear,0.3696,0.375,150994944.0,590592,0,6,0.3704,counter,"[1, 128, 768]","[1, 128, 768]",974.83,0.0,0.375,cpu_perf_counter,cpu
10,transformer.layer.0.sa_layer_norm,LayerNorm,0.0396,0.375,491520.0,1536,0,7,0.0404,analytic,"[1, 128, 768]","[1, 128, 768]",974.83,0.0,0.375,cpu_perf_counter,cpu
10,transformer.layer.0.ffn.lin1,Linear,1.51,1.5,603979776.0,2362368,0,8,1.5108,counter,"[1, 128, 768]","[1, 128, 3072]",974.83,0.0,1.5,cpu_perf_counter,cpu
10,transformer.layer.0.ffn.activation,GELUActivation,0.1411,1.5,0.0,0,0,9,0.1419,none,"[1, 128, 3072]","[1, 128, 3072]",974.83,0.0,1.5,cpu_perf_counter,cpu
10,transformer.layer.0.ffn.lin2,Linear,1.4823,0.375,603979776.0,2360064,0,10,1.4831,counter,"[1, 128, 3072]","[1, 128, 768]",974.83,0.0,0.375,cpu_perf_counter,cpu
10,transformer.layer.0.output_layer_norm,LayerNorm,0.0485,0.375,491520.0,1536,0,11,0.0493,analytic,"[1, 128, 768]","[1, 128, 768]",974.83,0.0,0.375,cpu_perf_counter,cpu
10,transformer.layer.1.attention.q_lin,Linear,0.3796,0.375,150994944.0,590592,0,12,0.3804,counter,"[1, 128, 768]","[1, 128, 768]",974.83,0.0,0.375,cpu_perf_counter,cpu
10,transformer.layer.1.attention.k_lin,Linear,0.3664,0.375,150994944.0,590592,0,13,0.3672,counter,"[1, 128, 768]","[1, 128, 768]",974.83,0.0,0.375,cpu_perf_counter,cpu
10,transformer.layer.1.attention.v_lin,Linear,0.3526,0.375,150994944.0,590592,0,14,0.3534,counter,"[1, 128, 768]","[1, 128, 768]",974.83,0.0,0.375,cpu_perf_counter,cpu
10,transformer.layer.1.attention.out_lin,Linear,0.3624,0.375,150994944.0,590592,0,15,0.3632,counter,"[1, 128, 768]","[1, 128, 768]",974.83,0.0,0.375,cpu_perf_counter,cpu
10,transformer.layer.1.sa_layer_norm,LayerNorm,0.0353,0.375,491520.0,1536,0,16,0.0361,analytic,"[1, 128, 768]","[1, 128, 768]",974.83,0.0,0.375,cpu_perf_counter,cpu
10,transformer.layer.1.ffn.lin1,Linear,1.5222,1.5,603979776.0,2362368,0,17,1.523,counter,"[1, 128, 768]","[1, 128, 3072]",974.83,0.0,1.5,cpu_perf_counter,cpu
10,transformer.layer.1.ffn.activation,GELUActivation,0.1354,1.5,0.0,0,0,18,0.1362,none,"[1, 128, 3072]","[1, 128, 3072]",974.83,0.0,1.5,cpu_perf_counter,cpu
10,transformer.layer.1.ffn.lin2,Linear,1.416,0.375,603979776.0,2360064,0,19,1.4168,counter,"[1, 128, 3072]","[1, 128, 768]",974.83,0.0,0.375,cpu_perf_counter,cpu
10,transformer.layer.1.output_layer_norm,LayerNorm,0.0458,0.375,491520.0,1536,0,20,0.0466,analytic,"[1, 128, 768]","[1, 128, 768]",974.83,0.0,0.375,cpu_perf_counter,cpu
10,transformer.layer.2.attention.q_lin,Linear,0.3748,0.375,150994944.0,590592,0,21,0.3756,counter,"[1, 128, 768]","[1, 128, 768]",974.83,0.0,0.375,cpu_perf_counter,cpu
10,transformer.layer.2.attention.k_lin,Linear,0.3649,0.375,150994944.0,590592,0,22,0.3657,counter,"[1, 128, 768]","[1, 128, 768]",974.83,0.0,0.375,cpu_perf_counter,cpu
10,transformer.layer.2.attention.v_lin,Linear,0.3688,0.375,150994944.0,590592,0,23,0.3696,counter,"[1, 128, 768]","[1, 128, 768]",974.83,0.0,0.375,cpu_perf_counter,cpu
10,transformer.layer.2.attention.out_lin,Linear,0.3988,0.375,150994944.0,590592,0,24,0.3996,counter,"[1, 128, 768]","[1, 128, 768]",974.83,0.0,0.375,cpu_perf_counter,cpu
10,transformer.layer.2.sa_layer_norm,LayerNorm,0.0458,0.375,491520.0,1536,0,25,0.0466,analytic,"[1, 128, 768]","[1, 128, 768]",974.83,0.0,0.375,cpu_perf_counter,cpu
10,transformer.layer.2.ffn.lin1,Linear,1.5323,1.5,603979776.0,2362368,0,26,1.5331,counter,"[1, 128, 768]","[1, 128, 3072]",974.83,0.0,1.5,cpu_perf_counter,cpu
10,transformer.layer.2.ffn.activation,GELUActivation,0.1365,1.5,0.0,0,0,27,0.1373,none,"[1, 128, 3072]","[1, 128, 3072]",974.83,0.0,1.5,cpu_perf_counter,cpu
10,transformer.layer.2.ffn.lin2,Linear,1.4355,0.375,603979776.0,2360064,0,28,1.4363,counter,"[1, 128, 3072]","[1, 128, 768]",974.83,0.0,0.375,cpu_perf_counter,cpu
10,transformer.layer.2.output_layer_norm,LayerNorm,0.045,0.375,491520.0,1536,0,29,0.0458,analytic,"[1, 128, 768]","[1, 128, 768]",974.83,0.0,0.375,cpu_perf_counter,cpu
10,transformer.layer.3.attention.q_lin,Linear,0.3947,0.375,150994944.0,590592,0,30,0.3955,counter,"[1, 128, 768]","[1, 128, 768]",974.83,0.0,0.375,cpu_perf_counter,cpu
10,transformer.layer.3.attention.k_lin,Linear,0.3723,0.375,150994944.0,590592,0,31,0.3731,counter,"[1, 128, 768]","[1, 128, 768]",974.83,0.0,0.375,cpu_perf_counter,cpu
10,transformer.layer.3.attention.v_lin,Linear,0.3958,0.375,150994944.0,590592,0,32,0.3966,counter,"[1, 128, 768]","[1, 128, 768]",974.83,0.0,0.375,cpu_perf_counter,cpu
10,transformer.layer.3.attention.out_lin,Linear,0.3709,0.375,150994944.0,590592,0,33,0.3717,counter,"[1, 128, 768]","[1, 128, 768]",974.83,0.0,0.375,cpu_perf_counter,cpu
10,transformer.layer.3.sa_layer_norm,LayerNorm,0.0682,0.375,491520.0,1536,0,34,0.069,analytic,"[1, 128, 768]","[1, 128, 768]",974.83,0.0,0.375,cpu_perf_counter,cpu
10,transformer.layer.3.ffn.lin1,Linear,1.6028,1.5,603979776.0,2362368,0,35,1.6036,counter,"[1, 128, 768]","[1, 128, 3072]",974.83,0.0,1.5,cpu_perf_counter,cpu
10,transformer.layer.3.ffn.activation,GELUActivation,0.1439,1.5,0.0,0,0,36,0.1447,none,"[1, 128, 3072]","[1, 128, 3072]",974.83,0.0,1.5,cpu_perf_counter,cpu
10,transformer.layer.3.ffn.lin2,Linear,1.6277,0.375,603979776.0,2360064,0,37,1.6285,counter,"[1, 128, 3072]","[1, 128, 768]",974.83,0.0,0.375,cpu_perf_counter,cpu
10,transformer.layer.3.output_layer_norm,LayerNorm,0.0571,0.375,491520.0,1536,0,38,0.0579,analytic,"[1, 128, 768]","[1, 128, 768]",974.83,0.0,0.375,cpu_perf_counter,cpu
10,transformer.layer.4.attention.q_lin,Linear,0.3872,0.375,150994944.0,590592,0,39,0.388,counter,"[1, 128, 768]","[1, 128, 768]",974.83,0.0,0.375,cpu_perf_counter,cpu
10,transformer.layer.4.attention.k_lin,Linear,0.3723,0.375,150994944.0,590592,0,40,0.3731,counter,"[1, 128, 768]","[1, 128, 768]",974.83,0.0,0.375,cpu_perf_counter,cpu
10,transformer.layer.4.attention.v_lin,Linear,0.3707,0.375,150994944.0,590592,0,41,0.3715,counter,"[1, 128, 768]","[1, 128, 768]",974.83,0.0,0.375,cpu_perf_counter,cpu
10,transformer.layer.4.attention.out_lin,Linear,0.3738,0.375,150994944.0,590592,0,42,0.3746,counter,"[1, 128, 768]","[1, 128, 768]",974.83,0.0,0.375,cpu_perf_counter,cpu
10,transformer.layer.4.sa_layer_norm,LayerNorm,0.033,0.375,491520.0,1536,0,43,0.0338,analytic,"[1, 128, 768]","[1, 128, 768]",974.83,0.0,0.375,cpu_perf_counter,cpu
10,transformer.layer.4.ffn.lin1,Linear,1.5787,1.5,603979776.0,2362368,0,44,1.5795,counter,"[1, 128, 768]","[1, 128, 3072]",974.83,0.0,1.5,cpu_perf_counter,cpu
10,transformer.layer.4.ffn.activation,GELUActivation,0.1359,1.5,0.0,0,0,45,0.1367,none,"[1, 128, 3072]","[1, 128, 3072]",974.83,0.0,1.5,cpu_perf_counter,cpu
10,transformer.layer.4.ffn.lin2,Linear,1.4199,0.375,603979776.0,2360064,0,46,1.4207,counter,"[1, 128, 3072]","[1, 128, 768]",974.83,0.0,0.375,cpu_perf_counter,cpu
10,transformer.layer.4.output_layer_norm,LayerNorm,0.0443,0.375,491520.0,1536,0,47,0.0451,analytic,"[1, 128, 768]","[1, 128, 768]",974.83,0.0,0.375,cpu_perf_counter,cpu
10,transformer.layer.5.attention.q_lin,Linear,0.3868,0.375,150994944.0,590592,0,48,0.3876,counter,"[1, 128, 768]","[1, 128, 768]",974.83,0.0,0.375,cpu_perf_counter,cpu
10,transformer.layer.5.attention.k_lin,Linear,0.3566,0.375,150994944.0,590592,0,49,0.3574,counter,"[1, 128, 768]","[1, 128, 768]",974.83,0.0,0.375,cpu_perf_counter,cpu
10,transformer.layer.5.attention.v_lin,Linear,0.3545,0.375,150994944.0,590592,0,50,0.3553,counter,"[1, 128, 768]","[1, 128, 768]",974.83,0.0,0.375,cpu_perf_counter,cpu
10,transformer.layer.5.attention.out_lin,Linear,0.3655,0.375,150994944.0,590592,0,51,0.3663,counter,"[1, 128, 768]","[1, 128, 768]",974.83,0.0,0.375,cpu_perf_counter,cpu
10,transformer.layer.5.sa_layer_norm,LayerNorm,0.028,0.375,491520.0,1536,0,52,0.0288,analytic,"[1, 128, 768]","[1, 128, 768]",974.83,0.0,0.375,cpu_perf_counter,cpu
10,transformer.layer.5.ffn.lin1,Linear,1.5327,1.5,603979776.0,2362368,0,53,1.5335,counter,"[1, 128, 768]","[1, 128, 3072]",974.83,0.0,1.5,cpu_perf_counter,cpu
10,transformer.layer.5.ffn.activation,GELUActivation,0.1306,1.5,0.0,0,0,54,0.1314,none,"[1, 128, 3072]","[1, 128, 3072]",974.83,0.0,1.5,cpu_perf_counter,cpu
10,transformer.layer.5.ffn.lin2,Linear,1.4945,0.375,603979776.0,2360064,0,55,1.4953,counter,"[1, 128, 3072]","[1, 128, 768]",974.83,0.0,0.375,cpu_perf_counter,cpu
10,transformer.layer.5.output_layer_norm,LayerNorm,0.0492,0.375,491520.0,1536,0,56,0.05,analytic,"[1, 128, 768]","[1, 128, 768]",974.83,0.0,0.375,cpu_perf_counter,cpu
11,embeddings.word_embeddings,Embedding,0.0552,0.375,0.0,23440896,0,0,0.056,none,"[1, 128]","[1, 128, 768]",974.83,0.0,0.375,cpu_perf_counter,cpu
11,embeddings.position_embeddings,Embedding,0.0234,0.375,0.0,393216,0,1,0.0242,none,"[1, 128]","[1, 128, 768]",974.83,0.0,0.375,cpu_perf_counter,cpu
11,embeddings.LayerNorm,LayerNorm,0.0263,0.375,491520.0,1536,0,2,0.0271,analytic,"[1, 128, 768]","[1, 128, 768]",974.83,0.0,0.375,cpu_perf_counter,cpu
11,transformer.layer.0.attention.q_lin,Linear,0.3875,0.375,150994944.0,590592,0,3,0.3883,counter,"[1, 128, 768]","[1, 128, 768]",974.83,0.0,0.375,cpu_perf_counter,cpu
11,transformer.layer.0.attention.k_lin,Linear,0.3637,0.375,150994944.0,590592,0,4,0.3645,counter,"[1, 128, 768]","[1, 128, 768]",974.83,0.0,0.375,cpu_perf_counter,cpu
11,transformer.layer.0.attention.v_lin,Linear,0.3539,0.375,150994944.0,590592,0,5,0.3547,counter,"[1, 128, 768]","[1, 128, 768]",974.83,0.0,0.375,cpu_perf_counter,cpu
11,transformer.layer.0.attention.out_lin,Linear,0.3685,0.375,150994944.0,590592,0,6,0.3693,counter,"[1, 128, 768]","[1, 128, 768]",974.83,0.0,0.375,cpu_perf_counter,cpu
11,transformer.layer.0.sa_layer_norm,LayerNorm,0.0335,0.375,491520.0,1536,0,7,0.0343,analytic,"[1, 128, 768]","[1, 128, 768]",974.83,0.0,0.375,cpu_perf_counter,cpu
11,transformer.layer.0.ffn.lin1,Linear,1.5767,1.5,603979776.0,2362368,0,8,1.5775,counter,"[1, 128, 768]","[1, 128, 3072]",974.83,0.0,1.5,cpu_perf_counter,cpu
11,transformer.layer.0.ffn.activation,GELUActivation,0.1434,1.5,0.0,0,0,9,0.1442,none,"[1, 128, 3072]","[1, 128, 3072]",974.83,0.0,1.5,cpu_perf_counter,cpu
11,transformer.layer.0.ffn.lin2,Linear,1.5048,0.375,603979776.0,2360064,0,10,1.5056,counter,"[1, 128, 3072]","[1, 128, 768]",974.83,0.0,0.375,cpu_perf_counter,cpu
11,transformer.layer.0.output_layer_norm,LayerNorm,0.0437,0.375,491520.0,1536,0,11,0.0445,analytic,"[1, 128, 768]","[1, 128, 768]",974.83,0.0,0.375,cpu_perf_counter,cpu
11,transformer.layer.1.attention.q_lin,Linear,0.3953,0.375,150994944.0,590592,0,12,0.3961,counter,"[1, 128, 768]","[1, 128, 768]",974.83,0.0,0.375,cpu_perf_counter,cpu
11,transformer.layer.1.attention.k_lin,Linear,0.3791,0.375,150994944.0,590592,0,13,0.3799,counter,"[1, 128, 768]","[1, 128, 768]",974.83,0.0,0.375,cpu_perf_counter,cpu
11,transformer.layer.1.attention.v_lin,Linear,0.3673,0.375,150994944.0,590592,0,14,0.3681,counter,"[1, 128, 768]","[1, 128, 768]",974.83,0.0,0.375,cpu_perf_counter,cpu
11,transformer.layer.1.attention.out_lin,Linear,0.3846,0.375,150994944.0,590592,0,15,0.3854,counter,"[1, 128, 768]","[1, 128, 768]",974.83,0.0,0.375,cpu_perf_counter,cpu
11,transformer.layer.1.sa_layer_norm,LayerNorm,0.0413,0.375,491520.0,1536,0,16,0.0421,analytic,"[1, 128, 768]","[1, 128, 768]",974.83,0.0,0.375,cpu_perf_counter,cpu
11,transformer.layer.1.ffn.lin1,Linear,1.6082,1.5,603979776.0,2362368,0,17,1.609,counter,"[1, 128, 768]","[1, 128, 3072]",974.83,0.0,1.5,cpu_perf_counter,cpu
11,transformer.layer.1.ffn.activation,GELUActivation,0.1372,1.5,0.0,0,0,18,0.138,none,"[1, 128, 3072]","[1, 128, 3072]",974.83,0.0,1.5,cpu_perf_counter,cpu
11,transformer.layer.1.ffn.lin2,Linear,1.4821,0.375,603979776.0,2360064,0,19,1.4829,counter,"[1, 128, 3072]","[1, 128, 768]",974.83,0.0,0.375,cpu_perf_counter,cpu
11,transformer.layer.1.output_layer_norm,LayerNorm,0.0415,0.375,491520.0,1536,0,20,0.0423,analytic,"[1, 128, 768]","[1, 128, 768]",974.83,0.0,0.375,cpu_perf_counter,cpu
11,transformer.layer.2.attention.q_lin,Linear,0.4009,0.375,150994944.0,590592,0,21,0.4017,counter,"[1, 128, 768]","[1, 128, 768]",974.83,0.0,0.375,cpu_perf_counter,cpu
11,transformer.layer.2.attention.k_lin,Linear,0.372,0.375,150994944.0,590592,0,22,0.3728,counter,"[1, 128, 768]","[1, 128, 768]",974.83,0.0,0.375,cpu_perf_counter,cpu
11,transformer.layer.2.attention.v_lin,Linear,0.3672,0.375,150994944.0,590592,0,23,0.368,counter,"[1, 128, 768]","[1, 128, 768]",974.83,0.0,0.375,cpu_perf_counter,cpu
11,transformer.layer.2.attention.out_lin,Linear,0.3994,0.375,150994944.0,590592,0,24,0.4002,counter,"[1, 128, 768]","[1, 128, 768]",974.83,0.0,0.375,cpu_perf_counter,cpu
11,transformer.layer.2.sa_layer_norm,LayerNorm,0.0346,0.375,491520.0,1536,0,25,0.0354,analytic,"[1, 128, 768]","[1, 128, 768]",974.83,0.0,0.375,cpu_perf_counter,cpu
11,transformer.layer.2.ffn.lin1,Linear,1.6036,1.5,603979776.0,2362368,0,26,1.6044,counter,"[1, 128, 768]","[1, 128, 3072]",974.83,0.0,1.5,cpu_perf_counter,cpu
11,transformer.layer.2.ffn.activation,GELUActivation,0.1574,1.5,0.0,0,0,27,0.1582,none,"[1, 128, 3072]","[1, 128, 3072]",974.83,0.0,1.5,cpu_perf_counter,cpu
11,transformer.layer.2.ffn.lin2,Linear,1.5165,0.375,603979776.0,2360064,0,28,1.5173,counter,"[1, 128, 3072]","[1, 128, 768]",974.83,0.0,0.375,cpu_perf_counter,cpu
11,transformer.layer.2.output_layer_norm,LayerNorm,0.0422,0.375,491520.0,1536,0,29,0.043,analytic,"[1, 128, 768]","[1, 128, 768]",974.83,0.0,0.375,cpu_perf_counter,cpu
11,transformer.layer.3.attention.q_lin,Linear,0.3944,0.375,150994944.0,590592,0,30,0.3952,counter,"[1, 128, 768]","[1, 128, 768]",974.83,0.0,0.375,cpu_perf_counter,cpu
11,transformer.layer.3.attention.k_lin,Linear,0.3831,0.375,150994944.0,590592,0,31,0.3839,counter,"[1, 128, 768]","[1, 128, 768]",974.83,0.0,0.375,cpu_perf_counter,cpu
11,transformer.layer.3.attention.v_lin,Linear,0.3773,0.375,150994944.0,590592,0,32,0.3781,counter,"[1, 128, 768]","[1, 128, 768]",974.83,0.0,0.375,cpu_perf_counter,cpu
11,transformer.layer.3.attention.out_lin,Linear,0.3735,0.375,150994944.0,590592,0,33,0.3743,counter,"[1, 128, 768]","[1, 128, 768]",974.83,0.0,0.375,cpu_perf_counter,cpu
11,transformer.layer.3.sa_layer_norm,LayerNorm,0.0326,0.375,491520.0,1536,0,34,0.0334,analytic,"[1, 128, 768]","[1, 128, 768]",974.83,0.0,0.375,cpu_perf_counter,cpu
11,transformer.layer.3.ffn.lin1,Linear,1.5912,1.5,603979776.0,2362368,0,35,1.592,counter,"[1, 128, 768]","[1, 128, 3072]",974.83,0.0,1.5,cpu_perf_counter,cpu
11,transformer.layer.3.ffn.activation,GELUActivation,0.1453,1.5,0.0,0,0,36,0.1461,none,"[1, 128, 3072]","[1, 128, 3072]",974.83,0.0,1.5,cpu_perf_counter,cpu
11,transformer.layer.3.ffn.lin2,Linear,1.4269,0.375,603979776.0,2360064,0,37,1.4277,counter,"[1, 128, 3072]","[1, 128, 768]",974.83,0.0,0.375,cpu_perf_counter,cpu
11,transformer.layer.3.output_layer_norm,LayerNorm,0.0431,0.375,491520.0,1536,0,38,0.0439,analytic,"[1, 128, 768]","[1, 128, 768]",974.83,0.0,0.375,cpu_perf_counter,cpu
11,transformer.layer.4.attention.q_lin,Linear,0.3834,0.375,150994944.0,590592,0,39,0.3842,counter,"[1, 128, 768]","[1, 128, 768]",974.83,0.0,0.375,cpu_perf_counter,cpu
11,transformer.layer.4.attention.k_lin,Linear,0.3826,0.375,150994944.0,590592,0,40,0.3834,counter,"[1, 128, 768]","[1, 128, 768]",974.83,0.0,0.375,cpu_perf_counter,cpu
11,transformer.layer.4.attention.v_lin,Linear,0.3866,0.375,150994944.0,590592,0,41,0.3874,counter,"[1, 128, 768]","[1, 128, 768]",974.83,0.0,0.375,cpu_perf_counter,cpu
11,transformer.layer.4.attention.out_lin,Linear,0.3701,0.375,150994944.0,590592,0,42,0.3709,counter,"[1, 128, 768]","[1, 128, 768]",974.83,0.0,0.375,cpu_perf_counter,cpu
11,transformer.layer.4.sa_layer_norm,LayerNorm,0.0323,0.375,491520.0,1536,0,43,0.0331,analytic,"[1, 128, 768]","[1, 128, 768]",974.83,0.0,0.375,cpu_perf_counter,cpu
11,transformer.layer.4.ffn.lin1,Linear,1.586,1.5,603979776.0,2362368,0,44,1.5868,counter,"[1, 128, 768]","[1, 128, 3072]",974.83,0.0,1.5,cpu_perf_counter,cpu
11,transformer.layer.4.ffn.activation,GELUActivation,0.1369,1.5,0.0,0,0,45,0.1377,none,"[1, 128, 3072]","[1, 128, 3072]",974.83,0.0,1.5,cpu_perf_counter,cpu
11,transformer.layer.4.ffn.lin2,Linear,1.5219,0.375,603979776.0,2360064,0,46,1.5227,counter,"[1, 128, 3072]","[1, 128, 768]",974.83,0.0,0.375,cpu_perf_counter,cpu
11,transformer.layer.4.output_layer_norm,LayerNorm,0.0408,0.375,491520.0,1536,0,47,0.0416,analytic,"[1, 128, 768]","[1, 128, 768]",974.83,0.0,0.375,cpu_perf_counter,cpu
11,transformer.layer.5.attention.q_lin,Linear,0.3815,0.375,150994944.0,590592,0,48,0.3823,counter,"[1, 128, 768]","[1, 128, 768]",974.83,0.0,0.375,cpu_perf_counter,cpu
11,transformer.layer.5.attention.k_lin,Linear,0.3654,0.375,150994944.0,590592,0,49,0.3662,counter,"[1, 128, 768]","[1, 128, 768]",974.83,0.0,0.375,cpu_perf_counter,cpu
11,transformer.layer.5.attention.v_lin,Linear,0.3629,0.375,150994944.0,590592,0,50,0.3637,counter,"[1, 128, 768]","[1, 128, 768]",974.83,0.0,0.375,cpu_perf_counter,cpu
11,transformer.layer.5.attention.out_lin,Linear,0.3708,0.375,150994944.0,590592,0,51,0.3716,counter,"[1, 128, 768]","[1, 128, 768]",974.83,0.0,0.375,cpu_perf_counter,cpu
11,transformer.layer.5.sa_layer_norm,LayerNorm,0.0338,0.375,491520.0,1536,0,52,0.0346,analytic,"[1, 128, 768]","[1, 128, 768]",974.83,0.0,0.375,cpu_perf_counter,cpu
11,transformer.layer.5.ffn.lin1,Linear,1.6174,1.5,603979776.0,2362368,0,53,1.6182,counter,"[1, 128, 768]","[1, 128, 3072]",974.83,0.0,1.5,cpu_perf_counter,cpu
11,transformer.layer.5.ffn.activation,GELUActivation,0.1322,1.5,0.0,0,0,54,0.133,none,"[1, 128, 3072]","[1, 128, 3072]",974.83,0.0,1.5,cpu_perf_counter,cpu
11,transformer.layer.5.ffn.lin2,Linear,1.4432,0.375,603979776.0,2360064,0,55,1.444,counter,"[1, 128, 3072]","[1, 128, 768]",974.83,0.0,0.375,cpu_perf_counter,cpu
11,transformer.layer.5.output_layer_norm,LayerNorm,0.0421,0.375,491520.0,1536,0,56,0.0429,analytic,"[1, 128, 768]","[1, 128, 768]",974.83,0.0,0.375,cpu_perf_counter,cpu
12,embeddings.word_embeddings,Embedding,0.0575,0.375,0.0,23440896,0,0,0.0583,none,"[1, 128]","[1, 128, 768]",974.83,0.0,0.375,cpu_perf_counter,cpu
12,embeddings.position_embeddings,Embedding,0.0222,0.375,0.0,393216,0,1,0.023,none,"[1, 128]","[1, 128, 768]",974.83,0.0,0.375,cpu_perf_counter,cpu
12,embeddings.LayerNorm,LayerNorm,0.0257,0.375,491520.0,1536,0,2,0.0265,analytic,"[1, 128, 768]","[1, 128, 768]",974.83,0.0,0.375,cpu_perf_counter,cpu
12,transformer.layer.0.attention.q_lin,Linear,0.3716,0.375,150994944.0,590592,0,3,0.3724,counter,"[1, 128, 768]","[1, 128, 768]",974.83,0.0,0.375,cpu_perf_counter,cpu
12,transformer.layer.0.attention.k_lin,Linear,0.3645,0.375,150994944.0,590592,0,4,0.3653,counter,"[1, 128, 768]","[1, 128, 768]",974.83,0.0,0.375,cpu_perf_counter,cpu
12,transformer.layer.0.attention.v_lin,Linear,0.3601,0.375,150994944.0,590592,0,5,0.3609,counter,"[1, 128, 768]","[1, 128, 768]",974.83,0.0,0.375,cpu_perf_counter,cpu
12,transformer.layer.0.attention.out_lin,Linear,0.3676,0.375,150994944.0,590592,0,6,0.3684,counter,"[1, 128, 768]","[1, 128, 768]",974.83,0.0,0.375,cpu_perf_counter,cpu
12,transformer.layer.0.sa_layer_norm,LayerNorm,0.03,0.375,491520.0,1536,0,7,0.0308,analytic,"[1, 128, 768]","[1, 128, 768]",974.83,0.0,0.375,cpu_perf_counter,cpu
12,transformer.layer.0.ffn.lin1,Linear,1.5149,1.5,603979776.0,2362368,0,8,1.5157,counter,"[1, 128, 768]","[1, 128, 3072]",974.83,0.0,1.5,cpu_perf_counter,cpu
12,transformer.layer.0.ffn.activation,GELUActivation,0.1335,1.5,0.0,0,0,9,0.1343,none,"[1, 128, 3072]","[1, 128, 3072]",974.83,0.0,1.5,cpu_perf_counter,cpu
12,transformer.layer.0.ffn.lin2,Linear,1.4542,0.375,603979776.0,2360064,0,10,1.455,counter,"[1, 128, 3072]","[1, 128, 768]",974.83,0.0,0.375,cpu_perf_counter,cpu
12,transformer.layer.0.output_layer_norm,LayerNorm,0.0388,0.375,491520.0,1536,0,11,0.0396,analytic,"[1, 128, 768]","[1, 128, 768]",974.83,0.0,0.375,cpu_perf_counter,cpu
12,transformer.layer.1.attention.q_lin,Linear,0.3797,0.375,150994944.0,590592,0,12,0.3805,counter,"[1, 128, 768]","[1, 128, 768]",974.83,0.0,0.375,cpu_perf_counter,cpu
12,transformer.layer.1.attention.k_lin,Linear,0.3511,0.375,150994944.0,590592,0,13,0.3519,counter,"[1, 128, 768]","[1, 128, 768]",974.83,0.0,0.375,cpu_perf_counter,cpu
12,transformer.layer.1.attention.v_lin,Linear,0.3437,0.375,150994944.0,590592,0,14,0.3445,counter,"[1, 128, 768]","[1, 128, 768]",974.83,0.0,0.375,cpu_perf_counter,cpu
12,transformer.layer.1.attention.out_lin,Linear,0.3565,0.375,150994944.0,590592,0,15,0.3573,counter,"[1, 128, 768]","[1, 128, 768]",974.83,0.0,0.375,cpu_perf_counter,cpu
12,transformer.layer.1.sa_layer_norm,LayerNorm,0.0309,0.375,491520.0,1536,0,16,0.0317,analytic,"[1, 128, 768]","[1, 128, 768]",974.83,0.0,0.375,cpu_perf_counter,cpu
12,transformer.layer.1.ffn.lin1,Linear,1.5077,1.5,603979776.0,2362368,0,17,1.5085,counter,"[1, 128, 768]","[1, 128, 3072]",974.83,0.0,1.5,cpu_perf_counter,cpu
12,transformer.layer.1.ffn.activation,GELUActivation,0.1201,1.5,0.0,0,0,18,0.1209,none,"[1, 128, 3072]","[1, 128, 3072]",974.83,0.0,1.5,cpu_perf_counter,cpu
12,transformer.layer.1.ffn.lin2,Linear,1.4327,0.375,603979776.0,2360064,0,19,1.4335,counter,"[1, 128, 3072]","[1, 128, 768]",974.83,0.0,0.375,cpu_perf_counter,cpu
12,transformer.layer.1.output_layer_norm,LayerNorm,0.0407,0.375,491520.0,1536,0,20,0.0415,analytic,"[1, 128, 768]","[1, 128, 768]",974.83,0.0,0.375,cpu_perf_counter,cpu
12,transformer.layer.2.attention.q_lin,Linear,0.371,0.375,150994944.0,590592,0,21,0.3718,counter,"[1, 128, 768]","[1, 128, 768]",974.83,0.0,0.375,cpu_perf_counter,cpu
12,transformer.layer.2.attention.k_lin,Linear,0.3563,0.375,150994944.0,590592,0,22,0.3571,counter,"[1, 128, 768]","[1, 128, 768]",974.83,0.0,0.375,cpu_perf_counter,cpu
12,transformer.layer.2.attention.v_lin,Linear,0.3848,0.375,150994944.0,590592,0,23,0.3856,counter,"[1, 128, 768]","[1, 128, 768]",974.83,0.0,0.375,cpu_perf_counter,cpu
12,transformer.layer.2.attention.out_lin,Linear,0.3961,0.375,150994944.0,590592,0,24,0.3969,counter,"[1, 128, 768]","[1, 128, 768]",974.83,0.0,0.375,cpu_perf_counter,cpu
12,transformer.layer.2.sa_layer_norm,LayerNorm,0.043,0.375,491520.0,1536,0,25,0.0438,analytic,"[1, 128, 768]","[1, 128, 768]",974.83,0.0,0.375,cpu_perf_counter,cpu
12,transformer.layer.2.ffn.lin1,Linear,1.7427,1.5,603979776.0,2362368,0,26,1.7435,counter,"[1, 128, 768]","[1, 128, 3072]",974.83,0.0,1.5,cpu_perf_counter,cpu
12,transformer.layer.2.ffn.activation,GELUActivation,0.152,1.5,0.0,0,0,27,0.1528,none,"[1, 128, 3072]","[1, 128, 3072]",974.83,0.0,1.5,cpu_perf_counter,cpu
12,transformer.layer.2.ffn.lin2,Linear,1.5186,0.375,603979776.0,2360064,0,28,1.5194,counter,"[1, 128, 3072]","[1, 128, 768]",974.83,0.0,0.375,cpu_perf_counter,cpu
12,transformer.layer.2.output_layer_norm,LayerNorm,0.0452,0.375,491520.0,1536,0,29,0.046,analytic,"[1, 128, 768]","[1, 128, 768]",974.83,0.0,0.375,cpu_perf_counter,cpu
12,transformer.layer.3.attention.q_lin,Linear,0.3905,0.375,150994944.0,590592,0,30,0.3913,counter,"[1, 128, 768]","[1, 128, 768]",974.83,0.0,0.375,cpu_perf_counter,cpu
12,transformer.layer.3.attention.k_lin,Linear,0.378,0.375,150994944.0,590592,0,31,0.3788,counter,"[1, 128, 768]","[1, 128, 768]",974.83,0.0,0.375,cpu_perf_counter,cpu
12,transformer.layer.3.attention.v_lin,Linear,0.3787,0.375,150994944.0,590592,0,32,0.3795,counter,"[1, 128, 768]","[1, 128, 768]",974.83,0.0,0.375,cpu_perf_counter,cpu
12,transformer.layer.3.attention.out_lin,Linear,0.3712,0.375,150994944.0,590592,0,33,0.372,counter,"[1, 128, 768]","[1, 128, 768]",974.83,0.0,0.375,cpu_perf_counter,cpu
12,transformer.layer.3.sa_layer_norm,LayerNorm,0.0489,0.375,491520.0,1536,0,34,0.0497,analytic,"[1, 128, 768]","[1, 128, 768]",974.83,0.0,0.375,cpu_perf_counter,cpu
12,transformer.layer.3.ffn.lin1,Linear,1.6056,1.5,603979776.0,2362368,0,35,1.6064,counter,"[1, 128, 768]","[1, 128, 3072]",974.83,0.0,1.5,cpu_perf_counter,cpu
12,transformer.layer.3.ffn.activation,GELUActivation,0.1271,1.5,0.0,0,0,36,0.1279,none,"[1, 128, 3072]","[1, 128, 3072]",974.83,0.0,1.5,cpu_perf_counter,cpu
12,transformer.layer.3.ffn.lin2,Linear,1.4258,0.375,603979776.0,2360064,0,37,1.4266,counter,"[1, 128, 3072]","[1, 128, 768]",974.83,0.0,0.375,cpu_perf_counter,cpu
12,transformer.layer.3.output_layer_norm,LayerNorm,0.0391,0.375,491520.0,1536,0,38,0.0399,analytic,"[1, 128, 768]","[1, 128, 768]",974.83,0.0,0.375,cpu_perf_counter,cpu
12,transformer.layer.4.attention.q_lin,Linear,0.371,0.375,150994944.0,590592,0,39,0.3718,counter,"[1, 128, 768]","[1, 128, 768]",974.83,0.0,0.375,cpu_perf_counter,cpu
12,transformer.layer.4.attention.k_lin,Linear,0.3539,0.375,150994944.0,590592,0,40,0.3547,counter,"[1, 128, 768]","[1, 128, 768]",974.83,0.0,0.375,cpu_perf_counter,cpu
12,transformer.layer.4.attention.v_lin,Linear,0.3562,0.375,150994944.0,590592,0,41,0.357,counter,"[1, 128, 768]","[1, 128, 768]",974.83,0.0,0.375,cpu_perf_counter,cpu
12,transformer.layer.4.attention.out_lin,Linear,0.3688,0.375,150994944.0,590592,0,42,0.3696,counter,"[1, 128, 768]","[1, 128, 768]",974.83,0.0,0.375,cpu_perf_counter,cpu
12,transformer.layer.4.sa_layer_norm,LayerNorm,0.0265,0.375,491520.0,1536,0,43,0.0273,analytic,"[1, 128, 768]","[1, 128, 768]",974.83,0.0,0.375,cpu_perf_counter,cpu
12,transformer.layer.4.ffn.lin1,Linear,1.4729,1.5,603979776.0,2362368,0,44,1.4737,counter,"[1, 128, 768]","[1, 128, 3072]",974.83,0.0,1.5,cpu_perf_counter,cpu
12,transformer.layer.4.ffn.activation,GELUActivation,0.1193,1.5,0.0,0,0,45,0.1201,none,"[1, 128, 3072]","[1, 128, 3072]",974.83,0.0,1.5,cpu_perf_counter,cpu
12,transformer.layer.4.ffn.lin2,Linear,1.4223,0.375,603979776.0,2360064,0,46,1.4231,counter,"[1, 128, 3072]","[1, 128, 768]",974.83,0.0,0.375,cpu_perf_counter,cpu
12,transformer.layer.4.output_layer_norm,LayerNorm,0.0524,0.375,491520.0,1536,0,47,0.0532,analytic,"[1, 128, 768]","[1, 128, 768]",974.83,0.0,0.375,cpu_perf_counter,cpu
12,transformer.layer.5.attention.q_lin,Linear,0.415,0.375,150994944.0,590592,0,48,0.4158,counter,"[1, 128, 768]","[1, 128, 768]",974.83,0.0,0.375,cpu_perf_counter,cpu
12,transformer.layer.5.attention.k_lin,Linear,0.3739,0.375,150994944.0,590592,0,49,0.3747,counter,"[1, 128, 768]","[1, 128, 768]",974.83,0.0,0.375,cpu_perf_counter,cpu
12,transformer.layer.5.attention.v_lin,Linear,0.3821,0.375,150994944.0,590592,0,50,0.3829,counter,"[1, 128, 768]","[1, 128, 768]",974.83,0.0,0.375,cpu_perf_counter,cpu
12,transformer.layer.5.attention.out_lin,Linear,0.3754,0.375,150994944.0,590592,0,51,0.3762,counter,"[1, 128, 768]","[1, 128, 768]",974.83,0.0,0.375,cpu_perf_counter,cpu
12,transformer.layer.5.sa_layer_norm,LayerNorm,0.0397,0.375,491520.0,1536,0,52,0.0405,analytic,"[1, 128, 768]","[1, 128, 768]",974.83,0.0,0.375,cpu_perf_counter,cpu
12,transformer.layer.5.ffn.lin1,Linear,1.6106,1.5,603979776.0,2362368,0,53,1.6114,counter,"[1, 128, 768]","[1, 128, 3072]",974.83,0.0,1.5,cpu_perf_counter,cpu
12,transformer.layer.5.ffn.activation,GELUActivation,0.1452,1.5,0.0,0,0,54,0.146,none,"[1, 128, 3072]","[1, 128, 3072]",974.83,0.0,1.5,cpu_perf_counter,cpu
12,transformer.layer.5.ffn.lin2,Linear,1.4603,0.375,603979776.0,2360064,0,55,1.4611,counter,"[1, 128, 3072]","[1, 128, 768]",974.83,0.0,0.375,cpu_perf_counter,cpu
12,transformer.layer.5.output_layer_norm,LayerNorm,0.0472,0.375,491520.0,1536,0,56,0.048,analytic,"[1, 128, 768]","[1, 128, 768]",974.83,0.0,0.375,cpu_perf_counter,cpu
13,embeddings.word_embeddings,Embedding,0.059,0.375,0.0,23440896,0,0,0.0598,none,"[1, 128]","[1, 128, 768]",974.83,0.0,0.375,cpu_perf_counter,cpu
13,embeddings.position_embeddings,Embedding,0.0224,0.375,0.0,393216,0,1,0.0232,none,"[1, 128]","[1, 128, 768]",974.83,0.0,0.375,cpu_perf_counter,cpu
13,embeddings.LayerNorm,LayerNorm,0.0307,0.375,491520.0,1536,0,2,0.0315,analytic,"[1, 128, 768]","[1, 128, 768]",974.83,0.0,0.375,cpu_perf_counter,cpu
13,transformer.layer.0.attention.q_lin,Linear,0.3864,0.375,150994944.0,590592,0,3,0.3872,counter,"[1, 128, 768]","[1, 128, 768]",974.83,0.0,0.375,cpu_perf_counter,cpu
13,transformer.layer.0.attention.k_lin,Linear,0.3744,0.375,150994944.0,590592,0,4,0.3752,counter,"[1, 128, 768]","[1, 128, 768]",974.83,0.0,0.375,cpu_perf_counter,cpu
13,transformer.layer.0.attention.v_lin,Linear,0.3644,0.375,150994944.0,590592,0,5,0.3652,counter,"[1, 128, 768]","[1, 128, 768]",974.83,0.0,0.375,cpu_perf_counter,cpu
13,transformer.layer.0.attention.out_lin,Linear,0.3611,0.375,150994944.0,590592,0,6,0.3619,counter,"[1, 128, 768]","[1, 128, 768]",974.83,0.0,0.375,cpu_perf_counter,cpu
13,transformer.layer.0.sa_layer_norm,LayerNorm,0.0314,0.375,491520.0,1536,0,7,0.0322,analytic,"[1, 128, 768]","[1, 128, 768]",974.83,0.0,0.375,cpu_perf_counter,cpu
13,transformer.layer.0.ffn.lin1,Linear,1.5147,1.5,603979776.0,2362368,0,8,1.5155,counter,"[1, 128, 768]","[1, 128, 3072]",974.83,0.0,1.5,cpu_perf_counter,cpu
13,transformer.layer.0.ffn.activation,GELUActivation,0.1272,1.5,0.0,0,0,9,0.128,none,"[1, 128, 3072]","[1, 128, 3072]",974.83,0.0,1.5,cpu_perf_counter,cpu
13,transformer.layer.0.ffn.lin2,Linear,1.4632,0.375,603979776.0,2360064,0,10,1.464,counter,"[1, 128, 3072]","[1, 128, 768]",974.83,0.0,0.375,cpu_perf_counter,cpu
13,transformer.layer.0.output_layer_norm,LayerNorm,0.0382,0.375,491520.0,1536,0,11,0.039,analytic,"[1, 128, 768]","[1, 128, 768]",974.83,0.0,0.375,cpu_perf_counter,cpu
13,transformer.layer.1.attention.q_lin,Linear,0.3702,0.375,150994944.0,590592,0,12,0.371,counter,"[1, 128, 768]","[1, 128, 768]",974.83,0.0,0.375,cpu_perf_counter,cpu
13,transformer.layer.1.attention.k_lin,Linear,0.3524,0.375,150994944.0,590592,0,13,0.3532,counter,"[1, 128, 768]","[1, 128, 768]",974.83,0.0,0.375,cpu_perf_counter,cpu
13,transformer.layer.1.attention.v_lin,Linear,0.3589,0.375,150994944.0,590592,0,14,0.3597,counter,"[1, 128, 768]","[1, 128, 768]",974.83,0.0,0.375,cpu_perf_counter,cpu
13,transformer.layer.1.attention.out_lin,Linear,0.3607,0.375,150994944.0,590592,0,15,0.3615,counter,"[1, 128, 768]","[1, 128, 768]",974.83,0.0,0.375,cpu_perf_counter,cpu
13,transformer.layer.1.sa_layer_norm,LayerNorm,0.0322,0.375,491520.0,1536,0,16,0.033,analytic,"[1, 128, 768]","[1, 128, 768]",974.83,0.0,0.375,cpu_perf_counter,cpu
13,transformer.layer.1.ffn.lin1,Linear,1.5294,1.5,603979776.0,2362368,0,17,1.5302,counter,"[1, 128, 768]","[1, 128, 3072]",974.83,0.0,1.5,cpu_perf_counter,cpu
13,transformer.layer.1.ffn.activation,GELUActivation,0.1226,1.5,0.0,0,0,18,0.1234,none,"[1, 128, 3072]","[1, 128, 3072]",974.83,0.0,1.5,cpu_perf_counter,cpu
13,transformer.layer.1.ffn.lin2,Linear,1.4468,0.375,603979776.0,2360064,0,19,1.4476,counter,"[1, 128, 3072]","[1, 128, 768]",974.83,0.0,0.375,cpu_perf_counter,cpu
13,transformer.layer.1.output_layer_norm,LayerNorm,0.0397,0.375,491520.0,1536,0,20,0.0405,analytic,"[1, 128, 768]","[1, 128, 768]",974.83,0.0,0.375,cpu_perf_counter,cpu
13,transformer.layer.2.attention.q_lin,Linear,0.3736,0.375,150994944.0,590592,0,21,0.3744,counter,"[1, 128, 768]","[1, 128, 768]",974.83,0.0,0.375,cpu_perf_counter,cpu
13,transformer.layer.2.attention.k_lin,Linear,0.3635,0.375,150994944.0,590592,0,22,0.3643,counter,"[1, 128, 768]","[1, 128, 768]",974.83,0.0,0.375,cpu_perf_counter,cpu
13,transformer.layer.2.attention.v_lin,Linear,0.3544,0.375,150994944.0,590592,0,23,0.3552,counter,"[1, 128, 768]","[1, 128, 768]",974.83,0.0,0.375,cpu_perf_counter,cpu
13,transformer.layer.2.attention.out_lin,Linear,0.3865,0.375,150994944.0,590592,0,24,0.3873,counter,"[1, 128, 768]","[1, 128, 768]",974.83,0.0,0.375,cpu_perf_counter,cpu
13,transformer.layer.2.sa_layer_norm,LayerNorm,0.0336,0.375,491520.0,1536,0,25,0.0344,analytic,"[1, 128, 768]","[1, 128, 768]",974.83,0.0,0.375,cpu_perf_counter,cpu
13,transformer.layer.2.ffn.lin1,Linear,1.5038,1.5,603979776.0,2362368,0,26,1.5046,counter,"[1, 128, 768]","[1, 128, 3072]",974.83,0.0,1.5,cpu_perf_counter,cpu
13,transformer.layer.2.ffn.activation,GELUActivation,0.1216,1.5,0.0,0,0,27,0.1224,none,"[1, 128, 3072]","[1, 128, 3072]",974.83,0.0,1.5,cpu_perf_counter,cpu
13,transformer.layer.2.ffn.lin2,Linear,1.5032,0.375,603979776.0,2360064,0,28,1.504,counter,"[1, 128, 3072]","[1, 128, 768]",974.83,0.0,0.375,cpu_perf_counter,cpu
13,transformer.layer.2.output_layer_norm,LayerNorm,0.0407,0.375,491520.0,1536,0,29,0.0415,analytic,"[1, 128, 768]","[1, 128, 768]",974.83,0.0,0.375,cpu_perf_counter,cpu
13,transformer.layer.3.attention.q_lin,Linear,0.3875,0.375,150994944.0,590592,0,30,0.3883,counter,"[1, 128, 768]","[1, 128, 768]",974.83,0.0,0.375,cpu_perf_counter,cpu
13,transformer.layer.3.attention.k_lin,Linear,0.347,0.375,150994944.0,590592,0,31,0.3478,counter,"[1, 128, 768]","[1, 128, 768]",974.83,0.0,0.375,cpu_perf_counter,cpu
13,transformer.layer.3.attention.v_lin,Linear,0.3417,0.375,150994944.0,590592,0,32,0.3425,counter,"[1, 128, 768]","[1, 128, 768]",974.83,0.0,0.375,cpu_perf_counter,cpu
13,transformer.layer.3.attention.out_lin,Linear,0.3555,0.375,150994944.0,590592,0,33,0.3563,counter,"[1, 128, 768]","[1, 128, 768]",974.83,0.0,0.375,cpu_perf_counter,cpu
13,transformer.layer.3.sa_layer_norm,LayerNorm,0.0297,0.375,491520.0,1536,0,34,0.0305,analytic,"[1, 128, 768]","[1, 128, 768]",974.83,0.0,0.375,cpu_perf_counter,cpu
13,transformer.layer.3.ffn.lin1,Linear,1.4885,1.5,603979776.0,2362368,0,35,1.4893,counter,"[1, 128, 768]","[1, 128, 3072]",974.83,0.0,1.5,cpu_perf_counter,cpu
13,transformer.layer.3.ffn.activation,GELUActivation,0.1288,1.5,0.0,0,0,36,0.1296,none,"[1, 128, 3072]","[1, 128, 3072]",974.83,0.0,1.5,cpu_perf_counter,cpu
13,transformer.layer.3.ffn.lin2,Linear,1.4366,0.375,603979776.0,2360064,0,37,1.4374,counter,"[1, 128, 3072]","[1, 128, 768]",974.83,0.0,0.375,cpu_perf_counter,cpu
13,transformer.layer.3.output_layer_norm,LayerNorm,0.0404,0.375,491520.0,1536,0,38,0.0412,analytic,"[1, 128, 768]","[1, 128, 768]",974.83,0.0,0.375,cpu_perf_counter,cpu
13,transformer.layer.4.attention.q_lin,Linear,0.3778,0.375,150994944.0,590592,0,39,0.3786,counter,"[1, 128, 768]","[1, 128, 768]",974.83,0.0,0.375,cpu_perf_counter,cpu
13,transformer.layer.4.attention.k_lin,Linear,0.3587,0.375,150994944.0,590592,0,40,0.3595,counter,"[1, 128, 768]","[1, 128, 768]",974.83,0.0,0.375,cpu_perf_counter,cpu
13,transformer.layer.4.attention.v_lin,Linear,0.3807,0.375,150994944.0,590592,0,41,0.3815,counter,"[1, 128, 768]","[1, 128, 768]",974.83,0.0,0.375,cpu_perf_counter,cpu
13,transformer.layer.4.attention.out_lin,Linear,0.3684,0.375,150994944.0,590592,0,42,0.3692,counter,"[1, 128, 768]","[1, 128, 768]",974.83,0.0,0.375,cpu_perf_counter,cpu
13,transformer.layer.4.sa_layer_norm,LayerNorm,0.0268,0.375,491520.0,1536,0,43,0.0276,analytic,"[1, 128, 768]","[1, 128, 768]",974.83,0.0,0.375,cpu_perf_counter,cpu
13,transformer.layer.4.ffn.lin1,Linear,1.4954,1.5,603979776.0,2362368,0,44,1.4962,counter,"[1, 128, 768]","[1, 128, 3072]",974.83,0.0,1.5,cpu_perf_counter,cpu
13,transformer.layer.4.ffn.activation,GELUActivation,0.1237,1.5,0.0,0,0,45,0.1245,none,"[1, 128, 3072]","[1, 128, 3072]",974.83,0.0,1.5,cpu_perf_counter,cpu
13,transformer.layer.4.ffn.lin2,Linear,1.4973,0.375,603979776.0,2360064,0,46,1.4981,counter,"[1, 128, 3072]","[1, 128, 768]",974.83,0.0,0.375,cpu_perf_counter,cpu
13,transformer.layer.4.output_layer_norm,LayerNorm,0.0384,0.375,491520.0,1536,0,47,0.0392,analytic,"[1, 128, 768]","[1, 128, 768]",974.83,0.0,0.375,cpu_perf_counter,cpu
13,transformer.layer.5.attention.q_lin,Linear,0.3774,0.375,150994944.0,590592,0,48,0.3782,counter,"[1, 128, 768]","[1, 128, 768]",974.83,0.0,0.375,cpu_perf_counter,cpu
13,transformer.layer.5.attention.k_lin,Linear,0.3535,0.375,150994944.0,590592,0,49,0.3543,counter,"[1, 128, 768]","[1, 128, 768]",974.83,0.0,0.375,cpu_perf_counter,cpu
13,transformer.layer.5.attention.v_lin,Linear,0.3621,0.375,150994944.0,590592,0,50,0.3629,counter,"[1, 128, 768]","[1, 128, 768]",974.83,0.0,0.375,cpu_perf_counter,cpu
13,transformer.layer.5.attention.out_lin,Linear,0.3726,0.375,150994944.0,590592,0,51,0.3734,counter,"[1, 128, 768]","[1, 128, 768]",974.83,0.0,0.375,cpu_perf_counter,cpu
13,transformer.layer.5.sa_layer_norm,LayerNorm,0.0325,0.375,491520.0,1536,0,52,0.0333,analytic,"[1, 128, 768]","[1, 128, 768]",974.83,0.0,0.375,cpu_perf_counter,cpu
13,transformer.layer.5.ffn.lin1,Linear,1.5362,1.5,603979776.0,2362368,0,53,1.537,counter,"[1, 128, 768]","[1, 128, 3072]",974.83,0.0,1.5,cpu_perf_counter,cpu
13,transformer.layer.5.ffn.activation,GELUActivation,0.1442,1.5,0.0,0,0,54,0.145,none,"[1, 128, 3072]","[1, 128, 3072]",974.83,0.0,1.5,cpu_perf_counter,cpu
13,transformer.layer.5.ffn.lin2,Linear,1.4836,0.375,603979776.0,2360064,0,55,1.4844,counter,"[1, 128, 3072]","[1, 128, 768]",974.83,0.0,0.375,cpu_perf_counter,cpu
13,transformer.layer.5.output_layer_norm,LayerNorm,0.0492,0.375,491520.0,1536,0,56,0.05,analytic,"[1, 128, 768]","[1, 128, 768]",974.83,0.0,0.375,cpu_perf_counter,cpu
14,embeddings.word_embeddings,Embedding,0.0602,0.375,0.0,23440896,0,0,0.061,none,"[1, 128]","[1, 128, 768]",974.83,0.0,0.375,cpu_perf_counter,cpu
14,embeddings.position_embeddings,Embedding,0.0256,0.375,0.0,393216,0,1,0.0264,none,"[1, 128]","[1, 128, 768]",974.83,0.0,0.375,cpu_perf_counter,cpu
14,embeddings.LayerNorm,LayerNorm,0.0285,0.375,491520.0,1536,0,2,0.0293,analytic,"[1, 128, 768]","[1, 128, 768]",974.83,0.0,0.375,cpu_perf_counter,cpu
14,transformer.layer.0.attention.q_lin,Linear,0.3919,0.375,150994944.0,590592,0,3,0.3927,counter,"[1, 128, 768]","[1, 128, 768]",974.83,0.0,0.375,cpu_perf_counter,cpu
14,transformer.layer.0.attention.k_lin,Linear,0.3803,0.375,150994944.0,590592,0,4,0.3811,counter,"[1, 128, 768]","[1, 128, 768]",974.83,0.0,0.375,cpu_perf_counter,cpu
14,transformer.layer.0.attention.v_lin,Linear,0.3602,0.375,150994944.0,590592,0,5,0.361,counter,"[1, 128, 768]","[1, 128, 768]",974.83,0.0,0.375,cpu_perf_counter,cpu
14,transformer.layer.0.attention.out_lin,Linear,0.3794,0.375,150994944.0,590592,0,6,0.3802,counter,"[1, 128, 768]","[1, 128, 768]",974.83,0.0,0.375,cpu_perf_counter,cpu
14,transformer.layer.0.sa_layer_norm,LayerNorm,0.0349,0.375,491520.0,1536,0,7,0.0357,analytic,"[1, 128, 768]","[1, 128, 768]",974.83,0.0,0.375,cpu_perf_counter,cpu
14,transformer.layer.0.ffn.lin1,Linear,1.5954,1.5,603979776.0,2362368,0,8,1.5962,counter,"[1, 128, 768]","[1, 128, 3072]",974.83,0.0,1.5,cpu_perf_counter,cpu
14,transformer.layer.0.ffn.activation,GELUActivation,0.1404,1.5,0.0,0,0,9,0.1412,none,"[1, 128, 3072]","[1, 128, 3072]",974.83,0.0,1.5,cpu_perf_counter,cpu
14,transformer.layer.0.ffn.lin2,Linear,1.4918,0.375,603979776.0,2360064,0,10,1.4926,counter,"[1, 128, 3072]","[1, 128, 768]",974.83,0.0,0.375,cpu_perf_counter,cpu
14,transformer.layer.0.output_layer_norm,LayerNorm,0.0427,0.375,491520.0,1536,0,11,0.0435,analytic,"[1, 128, 768]","[1, 128, 768]",974.83,0.0,0.375,cpu_perf_counter,cpu
14,transformer.layer.1.attention.q_lin,Linear,0.3972,0.375,150994944.0,590592,0,12,0.398,counter,"[1, 128, 768]","[1, 128, 768]",974.83,0.0,0.375,cpu_perf_counter,cpu
14,transformer.layer.1.attention.k_lin,Linear,0.3743,0.375,150994944.0,590592,0,13,0.3751,counter,"[1, 128, 768]","[1, 128, 768]",974.83,0.0,0.375,cpu_perf_counter,cpu
14,transformer.layer.1.attention.v_lin,Linear,0.3727,0.375,150994944.0,590592,0,14,0.3735,counter,"[1, 128, 768]","[1, 128, 768]",974.83,0.0,0.375,cpu_perf_counter,cpu
14,transformer.layer.1.attention.out_lin,Linear,0.3766,0.375,150994944.0,590592,0,15,0.3774,counter,"[1, 128, 768]","[1, 128, 768]",974.83,0.0,0.375,cpu_perf_counter,cpu
14,transformer.layer.1.sa_layer_norm,LayerNorm,0.0355,0.375,491520.0,1536,0,16,0.0363,analytic,"[1, 128, 768]","[1, 128, 768]",974.83,0.0,0.375,cpu_perf_counter,cpu
14,transformer.layer.1.ffn.lin1,Linear,1.6394,1.5,603979776.0,2362368,0,17,1.6402,counter,"[1, 128, 768]","[1, 128, 3072]",974.83,0.0,1.5,cpu_perf_counter,cpu
14,transformer.layer.1.ffn.activation,GELUActivation,0.1439,1.5,0.0,0,0,18,0.1447,none,"[1, 128, 3072]","[1, 128, 3072]",974.83,0.0,1.5,cpu_perf_counter,cpu
14,transformer.layer.1.ffn.lin2,Linear,1.5751,0.375,603979776.0,2360064,0,19,1.5759,counter,"[1, 128, 3072]","[1, 128, 768]",974.83,0.0,0.375,cpu_perf_counter,cpu
14,transformer.layer.1.output_layer_norm,LayerNorm,0.0459,0.375,491520.0,1536,0,20,0.0467,analytic,"[1, 128, 768]","[1, 128, 768]",974.83,0.0,0.375,cpu_perf_counter,cpu
14,transformer.layer.2.attention.q_lin,Linear,0.402,0.375,150994944.0,590592,0,21,0.4028,counter,"[1, 128, 768]","[1, 128, 768]",974.83,0.0,0.375,cpu_perf_counter,cpu
14,transformer.layer.2.attention.k_lin,Linear,0.3773,0.375,150994944.0,590592,0,22,0.3781,counter,"[1, 128, 768]","[1, 128, 768]",974.83,0.0,0.375,cpu_perf_counter,cpu
14,transformer.layer.2.attention.v_lin,Linear,0.3873,0.375,150994944.0,590592,0,23,0.3881,counter,"[1, 128, 768]","[1, 128, 768]",974.83,0.0,0.375,cpu_perf_counter,cpu
14,transformer.layer.2.attention.out_lin,Linear,0.4145,0.375,150994944.0,590592,0,24,0.4153,counter,"[1, 128, 768]","[1, 128, 768]",974.83,0.0,0.375,cpu_perf_counter,cpu
14,transformer.layer.2.sa_layer_norm,LayerNorm,0.0358,0.375,491520.0,1536,0,25,0.0366,analytic,"[1, 128, 768]","[1, 128, 768]",974.83,0.0,0.375,cpu_perf_counter,cpu
14,transformer.layer.2.ffn.lin1,Linear,1.5503,1.5,603979776.0,2362368,0,26,1.5511,counter,"[1, 128, 768]","[1, 128, 3072]",974.83,0.0,1.5,cpu_perf_counter,cpu
14,transformer.layer.2.ffn.activation,GELUActivation,0.1641,1.5,0.0,0,0,27,0.1649,none,"[1, 128, 3072]","[1, 128, 3072]",974.83,0.0,1.5,cpu_perf_counter,cpu
14,transformer.layer.2.ffn.lin2,Linear,1.5258,0.375,603979776.0,2360064,0,28,1.5266,counter,"[1, 128, 3072]","[1, 128, 768]",974.83,0.0,0.375,cpu_perf_counter,cpu
14,transformer.layer.2.output_layer_norm,LayerNorm,0.0432,0.375,491520.0,1536,0,29,0.044,analytic,"[1, 128, 768]","[1, 128, 768]",974.83,0.0,0.375,cpu_perf_counter,cpu
14,transformer.layer.3.attention.q_lin,Linear,0.372,0.375,150994944.0,590592,0,30,0.3728,counter,"[1, 128, 768]","[1, 128, 768]",974.83,0.0,0.375,cpu_perf_counter,cpu
14,transformer.layer.3.attention.k_lin,Linear,0.361,0.375,150994944.0,590592,0,31,0.3618,counter,"[1, 128, 768]","[1, 128, 768]",974.83,0.0,0.375,cpu_perf_counter,cpu
14,transformer.layer.3.attention.v_lin,Linear,0.348,0.375,150994944.0,590592,0,32,0.3488,counter,"[1, 128, 768]","[1, 128, 768]",974.83,0.0,0.375,cpu_perf_counter,cpu
14,transformer.layer.3.attention.out_lin,Linear,0.3572,0.375,150994944.0,590592,0,33,0.358,counter,"[1, 128, 768]","[1, 128, 768]",974.83,0.0,0.375,cpu_perf_counter,cpu
14,transformer.layer.3.sa_layer_norm,LayerNorm,0.0291,0.375,491520.0,1536,0,34,0.0299,analytic,"[1, 128, 768]","[1, 128, 768]",974.83,0.0,0.375,cpu_perf_counter,cpu
14,transformer.layer.3.ffn.lin1,Linear,1.4938,1.5,603979776.0,2362368,0,35,1.4946,counter,"[1, 128, 768]","[1, 128, 3072]",974.83,0.0,1.5,cpu_perf_counter,cpu
14,transformer.layer.3.ffn.activation,GELUActivation,0.1307,1.5,0.0,0,0,36,0.1315,none,"[1, 128, 3072]","[1, 128, 3072]",974.83,0.0,1.5,cpu_perf_counter,cpu
14,transformer.layer.3.ffn.lin2,Linear,1.4438,0.375,603979776.0,2360064,0,37,1.4446,counter,"[1, 128, 3072]","[1, 128, 768]",974.83,0.0,0.375,cpu_perf_counter,cpu
14,transformer.layer.3.output_layer_norm,LayerNorm,0.0385,0.375,491520.0,1536,0,38,0.0393,analytic,"[1, 128, 768]","[1, 128, 768]",974.83,0.0,0.375,cpu_perf_counter,cpu
14,transformer.layer.4.attention.q_lin,Linear,0.3764,0.375,150994944.0,590592,0,39,0.3772,counter,"[1, 128, 768]","[1, 128, 768]",974.83,0.0,0.375,cpu_perf_counter,cpu
14,transformer.layer.4.attention.k_lin,Linear,0.3624,0.375,150994944.0,590592,0,40,0.3632,counter,"[1, 128, 768]","[1, 128, 768]",974.83,0.0,0.375,cpu_perf_counter,cpu
14,transformer.layer.4.attention.v_lin,Linear,0.3654,0.375,150994944.0,590592,0,41,0.3662,counter,"[1, 128, 768]","[1, 128, 768]",974.83,0.0,0.375,cpu_perf_counter,cpu
14,transformer.layer.4.attention.out_lin,Linear,0.3645,0.375,150994944.0,590592,0,42,0.3653,counter,"[1, 128, 768]","[1, 128, 768]",974.83,0.0,0.375,cpu_perf_counter,cpu
14,transformer.layer.4.sa_layer_norm,LayerNorm,0.0287,0.375,491520.0,1536,0,43,0.0295,analytic,"[1, 128, 768]","[1, 128, 768]",974.83,0.0,0.375,cpu_perf_counter,cpu
14,transformer.layer.4.ffn.lin1,Linear,1.6088,1.5,603979776.0,2362368,0,44,1.6096,counter,"[1, 128, 768]","[1, 128, 3072]",974.83,0.0,1.5,cpu_perf_counter,cpu
14,transformer.layer.4.ffn.activation,GELUActivation,0.146,1.5,0.0,0,0,45,0.1468,none,"[1, 128, 3072]","[1, 128, 3072]",974.83,0.0,1.5,cpu_perf_counter,cpu
14,transformer.layer.4.ffn.lin2,Linear,1.5091,0.375,603979776.0,2360064,0,46,1.5099,counter,"[1, 128, 3072]","[1, 128, 768]",974.83,0.0,0.375,cpu_perf_counter,cpu
14,transformer.layer.4.output_layer_norm,LayerNorm,0.0418,0.375,491520.0,1536,0,47,0.0426,analytic,"[1, 128, 768]","[1, 128, 768]",974.83,0.0,0.375,cpu_perf_counter,cpu
14,transformer.layer.5.attention.q_lin,Linear,0.3807,0.375,150994944.0,590592,0,48,0.3815,counter,"[1, 128, 768]","[1, 128, 768]",974.83,0.0,0.375,cpu_perf_counter,cpu
14,transformer.layer.5.attention.k_lin,Linear,0.4229,0.375,150994944.0,590592,0,49,0.4237,counter,"[1, 128, 768]","[1, 128, 768]",974.83,0.0,0.375,cpu_perf_counter,cpu
14,transformer.layer.5.attention.v_lin,Linear,0.3726,0.375,150994944.0,590592,0,50,0.3734,counter,"[1, 128, 768]","[1, 128, 768]",974.83,0.0,0.375,cpu_perf_counter,cpu
14,transformer.layer.5.attention.out_lin,Linear,0.3679,0.375,150994944.0,590592,0,51,0.3687,counter,"[1, 128, 768]","[1, 128, 768]",974.83,0.0,0.375,cpu_perf_counter,cpu
14,transformer.layer.5.sa_layer_norm,LayerNorm,0.0314,0.375,491520.0,1536,0,52,0.0322,analytic,"[1, 128, 768]","[1, 128, 768]",974.83,0.0,0.375,cpu_perf_counter,cpu
14,transformer.layer.5.ffn.lin1,Linear,1.4938,1.5,603979776.0,2362368,0,53,1.4946,counter,"[1, 128, 768]","[1, 128, 3072]",974.83,0.0,1.5,cpu_perf_counter,cpu
14,transformer.layer.5.ffn.activation,GELUActivation,0.1249,1.5,0.0,0,0,54,0.1257,none,"[1, 128, 3072]","[1, 128, 3072]",974.83,0.0,1.5,cpu_perf_counter,cpu
14,transformer.layer.5.ffn.lin2,Linear,1.5237,0.375,603979776.0,2360064,0,55,1.5245,counter,"[1, 128, 3072]","[1, 128, 768]",974.83,0.0,0.375,cpu_perf_counter,cpu
14,transformer.layer.5.output_layer_norm,LayerNorm,0.0383,0.375,491520.0,1536,0,56,0.0391,analytic,"[1, 128, 768]","[1, 128, 768]",974.83,0.0,0.375,cpu_perf_counter,cpu
15,embeddings.word_embeddings,Embedding,0.0536,0.375,0.0,23440896,0,0,0.0544,none,"[1, 128]","[1, 128, 768]",974.83,0.0,0.375,cpu_perf_counter,cpu
15,embeddings.position_embeddings,Embedding,0.0209,0.375,0.0,393216,0,1,0.0217,none,"[1, 128]","[1, 128, 768]",974.83,0.0,0.375,cpu_perf_counter,cpu
15,embeddings.LayerNorm,LayerNorm,0.0257,0.375,491520.0,1536,0,2,0.0265,analytic,"[1, 128, 768]","[1, 128, 768]",974.83,0.0,0.375,cpu_perf_counter,cpu
15,transformer.layer.0.attention.q_lin,Linear,0.3802,0.375,150994944.0,590592,0,3,0.381,counter,"[1, 128, 768]","[1, 128, 768]",974.83,0.0,0.375,cpu_perf_counter,cpu
15,transformer.layer.0.attention.k_lin,Linear,0.3419,0.375,150994944.0,590592,0,4,0.3427,counter,"[1, 128, 768]","[1, 128, 768]",974.83,0.0,0.375,cpu_perf_counter,cpu
15,transformer.layer.0.attention.v_lin,Linear,0.3448,0.375,150994944.0,590592,0,5,0.3456,counter,"[1, 128, 768]","[1, 128, 768]",974.83,0.0,0.375,cpu_perf_counter,cpu
15,transformer.layer.0.attention.out_lin,Linear,0.353,0.375,150994944.0,590592,0,6,0.3538,counter,"[1, 128, 768]","[1, 128, 768]",974.83,0.0,0.375,cpu_perf_counter,cpu
15,transformer.layer.0.sa_layer_norm,LayerNorm,0.0255,0.375,491520.0,1536,0,7,0.0263,analytic,"[1, 128, 768]","[1, 128, 768]",974.83,0.0,0.375,cpu_perf_counter,cpu
15,transformer.layer.0.ffn.lin1,Linear,1.4911,1.5,603979776.0,2362368,0,8,1.4919,counter,"[1, 128, 768]","[1, 128, 3072]",974.83,0.0,1.5,cpu_perf_counter,cpu
15,transformer.layer.0.ffn.activation,GELUActivation,0.1203,1.5,0.0,0,0,9,0.1211,none,"[1, 128, 3072]","[1, 128, 3072]",974.83,0.0,1.5,cpu_perf_counter,cpu
15,transformer.layer.0.ffn.lin2,Linear,1.4228,0.375,603979776.0,2360064,0,10,1.4236,counter,"[1, 128, 3072]","[1, 128, 768]",974.83,0.0,0.375,cpu_perf_counter,cpu
15,transformer.layer.0.output_layer_norm,LayerNorm,0.0392,0.375,491520.0,1536,0,11,0.04,analytic,"[1, 128, 768]","[1, 128, 768]",974.83,0.0,0.375,cpu_perf_counter,cpu
15,transformer.layer.1.attention.q_lin,Linear,0.3832,0.375,150994944.0,590592,0,12,0.384,counter,"[1, 128, 768]","[1, 128, 768]",974.83,0.0,0.375,cpu_perf_counter,cpu
15,transformer.layer.1.attention.k_lin,Linear,0.3653,0.375,150994944.0,590592,0,13,0.3661,counter,"[1, 128, 768]","[1, 128, 768]",974.83,0.0,0.375,cpu_perf_counter,cpu
15,transformer.layer.1.attention.v_lin,Linear,0.385,0.375,150994944.0,590592,0,14,0.3858,counter,"[1, 128, 768]","[1, 128, 768]",974.83,0.0,0.375,cpu_perf_counter,cpu
15,transformer.layer.1.attention.out_lin,Linear,0.3675,0.375,150994944.0,590592,0,15,0.3683,counter,"[1, 128, 768]","[1, 128, 768]",974.83,0.0,0.375,cpu_perf_counter,cpu
15,transformer.layer.1.sa_layer_norm,LayerNorm,0.0323,0.375,491520.0,1536,0,16,0.0331,analytic,"[1, 128, 768]","[1, 128, 768]",974.83,0.0,0.375,cpu_perf_counter,cpu
15,transformer.layer.1.ffn.lin1,Linear,1.5599,1.5,603979776.0,2362368,0,17,1.5607,counter,"[1, 128, 768]","[1, 128, 3072]",974.83,0.0,1.5,cpu_perf_counter,cpu
15,transformer.layer.1.ffn.activation,GELUActivation,0.1313,1.5,0.0,0,0,18,0.1321,none,"[1, 128, 3072]","[1, 128, 3072]",974.83,0.0,1.5,cpu_perf_counter,cpu
15,transformer.layer.1.ffn.lin2,Linear,1.5157,0.375,603979776.0,2360064,0,19,1.5165,counter,"[1, 128, 3072]","[1, 128, 768]",974.83,0.0,0.375,cpu_perf_counter,cpu
15,transformer.layer.1.output_layer_norm,LayerNorm,0.0495,0.375,491520.0,1536,0,20,0.0503,analytic,"[1, 128, 768]","[1, 128, 768]",974.83,0.0,0.375,cpu_perf_counter,cpu
15,transformer.layer.2.attention.q_lin,Linear,0.3852,0.375,150994944.0,590592,0,21,0.386,counter,"[1, 128, 768]","[1, 128, 768]",974.83,0.0,0.375,cpu_perf_counter,cpu
15,transformer.layer.2.attention.k_lin,Linear,0.3609,0.375,150994944.0,590592,0,22,0.3617,counter,"[1, 128, 768]","[1, 128, 768]",974.83,0.0,0.375,cpu_perf_counter,cpu
15,transformer.layer.2.attention.v_lin,Linear,0.3517,0.375,150994944.0,590592,0,23,0.3525,counter,"[1, 128, 768]","[1, 128, 768]",974.83,0.0,0.375,cpu_perf_counter,cpu
15,transformer.layer.2.attention.out_lin,Linear,0.3797,0.375,150994944.0,590592,0,24,0.3805,counter,"[1, 128, 768]","[1, 128, 768]",974.83,0.0,0.375,cpu_perf_counter,cpu
15,transformer.layer.2.sa_layer_norm,LayerNorm,0.0364,0.375,491520.0,1536,0,25,0.0372,analytic,"[1, 128, 768]","[1, 128, 768]",974.83,0.0,0.375,cpu_perf_counter,cpu
15,transformer.layer.2.ffn.lin1,Linear,1.5607,1.5,603979776.0,2362368,0,26,1.5615,counter,"[1, 128, 768]","[1, 128, 3072]",974.83,0.0,1.5,cpu_perf_counter,cpu
15,transformer.layer.2.ffn.activation,GELUActivation,0.1248,1.5,0.0,0,0,27,0.1256,none,"[1, 128, 3072]","[1, 128, 3072]",974.83,0.0,1.5,cpu_perf_counter,cpu
15,transformer.layer.2.ffn.lin2,Linear,1.4488,0.375,603979776.0,2360064,0,28,1.4496,counter,"[1, 128, 3072]","[1, 128, 768]",974.83,0.0,0.375,cpu_perf_counter,cpu
15,transformer.layer.2.output_layer_norm,LayerNorm,0.0409,0.375,491520.0,1536,0,29,0.0417,analytic,"[1, 128, 768]","[1, 128, 768]",974.83,0.0,0.375,cpu_perf_counter,cpu
15,transformer.layer.3.attention.q_lin,Linear,0.3845,0.375,150994944.0,590592,0,30,0.3853,counter,"[1, 128, 768]","[1, 128, 768]",974.83,0.0,0.375,cpu_perf_counter,cpu
15,transformer.layer.3.attention.k_lin,Linear,0.3616,0.375,150994944.0,590592,0,31,0.3624,counter,"[1, 128, 768]","[1, 128, 768]",974.83,0.0,0.375,cpu_perf_counter,cpu
15,transformer.layer.3.attention.v_lin,Linear,0.3549,0.375,150994944.0,590592,0,32,0.3557,counter,"[1, 128, 768]","[1, 128, 768]",974.83,0.0,0.375,cpu_perf_counter,cpu
15,transformer.layer.3.attention.out_lin,Linear,0.3508,0.375,150994944.0,590592,0,33,0.3516,counter,"[1, 128, 768]","[1, 128, 768]",974.83,0.0,0.375,cpu_perf_counter,cpu
15,transformer.layer.3.sa_layer_norm,LayerNorm,0.028,0.375,491520.0,1536,0,34,0.0288,analytic,"[1, 128, 768]","[1, 128, 768]",974.83,0.0,0.375,cpu_perf_counter,cpu
15,transformer.layer.3.ffn.lin1,Linear,1.4922,1.5,603979776.0,2362368,0,35,1.493,counter,"[1, 128, 768]","[1, 128, 3072]",974.83,0.0,1.5,cpu_perf_counter,cpu
15,transformer.layer.3.ffn.activation,GELUActivation,0.1193,1.5,0.0,0,0,36,0.1201,none,"[1, 128, 3072]","[1, 128, 3072]",974.83,0.0,1.5,cpu_perf_counter,cpu
15,transformer.layer.3.ffn.lin2,Linear,1.4425,0.375,603979776.0,2360064,0,37,1.4433,counter,"[1, 128, 3072]","[1, 128, 768]",974.83,0.0,0.375,cpu_perf_counter,cpu
15,transformer.layer.3.output_layer_norm,LayerNorm,0.0364,0.375,491520.0,1536,0,38,0.0372,analytic,"[1, 128, 768]","[1, 128, 768]",974.83,0.0,0.375,cpu_perf_counter,cpu
15,transformer.layer.4.attention.q_lin,Linear,0.3671,0.375,150994944.0,590592,0,39,0.3679,counter,"[1, 128, 768]","[1, 128, 768]",974.83,0.0,0.375,cpu_perf_counter,cpu
15,transformer.layer.4.attention.k_lin,Linear,0.3601,0.375,150994944.0,590592,0,40,0.3609,counter,"[1, 128, 768]","[1, 128, 768]",974.83,0.0,0.375,cpu_perf_counter,cpu
15,transformer.layer.4.attention.v_lin,Linear,0.3487,0.375,150994944.0,590592,0,41,0.3495,counter,"[1, 128, 768]","[1, 128, 768]",974.83,0.0,0.375,cpu_perf_counter,cpu
15,transformer.layer.4.attention.out_lin,Linear,0.3587,0.375,150994944.0,590592,0,42,0.3595,counter,"[1, 128, 768]","[1, 128, 768]",974.83,0.0,0.375,cpu_perf_counter,cpu
15,transformer.layer.4.sa_layer_norm,LayerNorm,0.026,0.375,491520.0,1536,0,43,0.0268,analytic,"[1, 128, 768]","[1, 128, 768]",974.83,0.0,0.375,cpu_perf_counter,cpu
15,transformer.layer.4.ffn.lin1,Linear,1.5671,1.5,603979776.0,2362368,0,44,1.5679,counter,"[1, 128, 768]","[1, 128, 3072]",974.83,0.0,1.5,cpu_perf_counter,cpu
15,transformer.layer.4.ffn.activation,GELUActivation,0.1363,1.5,0.0,0,0,45,0.1371,none,"[1, 128, 3072]","[1, 128, 3072]",974.83,0.0,1.5,cpu_perf_counter,cpu
15,transformer.layer.4.ffn.lin2,Linear,1.4603,0.375,603979776.0,2360064,0,46,1.4611,counter,"[1, 128, 3072]","[1, 128, 768]",974.83,0.0,0.375,cpu_perf_counter,cpu
15,transformer.layer.4.output_layer_norm,LayerNorm,0.0388,0.375,491520.0,1536,0,47,0.0396,analytic,"[1, 128, 768]","[1, 128, 768]",974.83,0.0,0.375,cpu_perf_counter,cpu
15,transformer.layer.5.attention.q_lin,Linear,0.3742,0.375,150994944.0,590592,0,48,0.375,counter,"[1, 128, 768]","[1, 128, 768]",974.83,0.0,0.375,cpu_perf_counter,cpu
15,transformer.layer.5.attention.k_lin,Linear,0.3563,0.375,150994944.0,590592,0,49,0.3571,counter,"[1, 128, 768]","[1, 128, 768]",974.83,0.0,0.375,cpu_perf_counter,cpu
15,transformer.layer.5.attention.v_lin,Linear,0.352,0.375,150994944.0,590592,0,50,0.3528,counter,"[1, 128, 768]","[1, 128, 768]",974.83,0.0,0.375,cpu_perf_counter,cpu
15,transformer.layer.5.attention.out_lin,Linear,0.3658,0.375,150994944.0,590592,0,51,0.3666,counter,"[1, 128, 768]","[1, 128, 768]",974.83,0.0,0.375,cpu_perf_counter,cpu
15,transformer.layer.5.sa_layer_norm,LayerNorm,0.0322,0.375,491520.0,1536,0,52,0.033,analytic,"[1, 128, 768]","[1, 128, 768]",974.83,0.0,0.375,cpu_perf_counter,cpu
15,transformer.layer.5.ffn.lin1,Linear,1.521,1.5,603979776.0,2362368,0,53,1.5218,counter,"[1, 128, 768]","[1, 128, 3072]",974.83,0.0,1.5,cpu_perf_counter,cpu
15,transformer.layer.5.ffn.activation,GELUActivation,0.1235,1.5,0.0,0,0,54,0.1243,none,"[1, 128, 3072]","[1, 128, 3072]",974.83,0.0,1.5,cpu_perf_counter,cpu
15,transformer.layer.5.ffn.lin2,Linear,1.4034,0.375,603979776.0,2360064,0,55,1.4042,counter,"[1, 128, 3072]","[1, 128, 768]",974.83,0.0,0.375,cpu_perf_counter,cpu
15,transformer.layer.5.output_layer_norm,LayerNorm,0.0406,0.375,491520.0,1536,0,56,0.0414,analytic,"[1, 128, 768]","[1, 128, 768]",974.83,0.0,0.375,cpu_perf_counter,cpu
16,embeddings.word_embeddings,Embedding,0.0552,0.375,0.0,23440896,0,0,0.056,none,"[1, 128]","[1, 128, 768]",974.84,0.0,0.375,cpu_perf_counter,cpu
16,embeddings.position_embeddings,Embedding,0.0217,0.375,0.0,393216,0,1,0.0225,none,"[1, 128]","[1, 128, 768]",974.84,0.0,0.375,cpu_perf_counter,cpu
16,embeddings.LayerNorm,LayerNorm,0.0248,0.375,491520.0,1536,0,2,0.0256,analytic,"[1, 128, 768]","[1, 128, 768]",974.84,0.0,0.375,cpu_perf_counter,cpu
16,transformer.layer.0.attention.q_lin,Linear,0.3767,0.375,150994944.0,590592,0,3,0.3775,counter,"[1, 128, 768]","[1, 128, 768]",974.84,0.0,0.375,cpu_perf_counter,cpu
16,transformer.layer.0.attention.k_lin,Linear,0.3546,0.375,150994944.0,590592,0,4,0.3554,counter,"[1, 128, 768]","[1, 128, 768]",974.84,0.0,0.375,cpu_perf_counter,cpu
16,transformer.layer.0.attention.v_lin,Linear,0.3541,0.375,150994944.0,590592,0,5,0.3549,counter,"[1, 128, 768]","[1, 128, 768]",974.84,0.0,0.375,cpu_perf_counter,cpu
16,transformer.layer.0.attention.out_lin,Linear,0.3682,0.375,150994944.0,590592,0,6,0.369,counter,"[1, 128, 768]","[1, 128, 768]",974.84,0.0,0.375,cpu_perf_counter,cpu
16,transformer.layer.0.sa_layer_norm,LayerNorm,0.0293,0.375,491520.0,1536,0,7,0.0301,analytic,"[1, 128, 768]","[1, 128, 768]",974.84,0.0,0.375,cpu_perf_counter,cpu
16,transformer.layer.0.ffn.lin1,Linear,1.4854,1.5,603979776.0,2362368,0,8,1.4862,counter,"[1, 128, 768]","[1, 128, 3072]",974.84,0.0,1.5,cpu_perf_counter,cpu
16,transformer.layer.0.ffn.activation,GELUActivation,0.1226,1.5,0.0,0,0,9,0.1234,none,"[1, 128, 3072]","[1, 128, 3072]",974.84,0.0,1.5,cpu_perf_counter,cpu
16,transformer.layer.0.ffn.lin2,Linear,1.4566,0.375,603979776.0,2360064,0,10,1.4574,counter,"[1, 128, 3072]","[1, 128, 768]",974.84,0.0,0.375,cpu_perf_counter,cpu
16,transformer.layer.0.output_layer_norm,LayerNorm,0.0381,0.375,491520.0,1536,0,11,0.0389,analytic,"[1, 128, 768]","[1, 128, 768]",974.84,0.0,0.375,cpu_perf_counter,cpu
16,transformer.layer.1.attention.q_lin,Linear,0.3783,0.375,150994944.0,590592,0,12,0.3791,counter,"[1, 128, 768]","[1, 128, 768]",974.84,0.0,0.375,cpu_perf_counter,cpu
16,transformer.layer.1.attention.k_lin,Linear,0.3716,0.375,150994944.0,590592,0,13,0.3724,counter,"[1, 128, 768]","[1, 128, 768]",974.84,0.0,0.375,cpu_perf_counter,cpu
16,transformer.layer.1.attention.v_lin,Linear,0.3722,0.375,150994944.0,590592,0,14,0.373,counter,"[1, 128, 768]","[1, 128, 768]",974.84,0.0,0.375,cpu_perf_counter,cpu
16,transformer.layer.1.attention.out_lin,Linear,0.3612,0.375,150994944.0,590592,0,15,0.362,counter,"[1, 128, 768]","[1, 128, 768]",974.84,0.0,0.375,cpu_perf_counter,cpu
16,transformer.layer.1.sa_layer_norm,LayerNorm,0.0301,0.375,491520.0,1536,0,16,0.0309,analytic,"[1, 128, 768]","[1, 128, 768]",974.84,0.0,0.375,cpu_perf_counter,cpu
16,transformer.layer.1.ffn.lin1,Linear,1.6243,1.5,603979776.0,2362368,0,17,1.6251,counter,"[1, 128, 768]","[1, 128, 3072]",974.84,0.0,1.5,cpu_perf_counter,cpu
16,transformer.layer.1.ffn.activation,GELUActivation,0.1572,1.5,0.0,0,0,18,0.158,none,"[1, 128, 3072]","[1, 128, 3072]",974.84,0.0,1.5,cpu_perf_counter,cpu
16,transformer.layer.1.ffn.lin2,Linear,1.4895,0.375,603979776.0,2360064,0,19,1.4903,counter,"[1, 128, 3072]","[1, 128, 768]",974.84,0.0,0.375,cpu_perf_counter,cpu
16,transformer.layer.1.output_layer_norm,LayerNorm,0.0485,0.375,491520.0,1536,0,20,0.0493,analytic,"[1, 128, 768]","[1, 128, 768]",974.84,0.0,0.375,cpu_perf_counter,cpu
16,transformer.layer.2.attention.q_lin,Linear,0.3925,0.375,150994944.0,590592,0,21,0.3933,counter,"[1, 128, 768]","[1, 128, 768]",974.84,0.0,0.375,cpu_perf_counter,cpu
16,transformer.layer.2.attention.k_lin,Linear,0.3706,0.375,150994944.0,590592,0,22,0.3714,counter,"[1, 128, 768]","[1, 128, 768]",974.84,0.0,0.375,cpu_perf_counter,cpu
16,transformer.layer.2.attention.v_lin,Linear,0.3731,0.375,150994944.0,590592,0,23,0.3739,counter,"[1, 128, 768]","[1, 128, 768]",974.84,0.0,0.375,cpu_perf_counter,cpu
16,transformer.layer.2.attention.out_lin,Linear,0.4174,0.375,150994944.0,590592,0,24,0.4182,counter,"[1, 128, 768]","[1, 128, 768]",974.84,0.0,0.375,cpu_perf_counter,cpu
16,transformer.layer.2.sa_layer_norm,LayerNorm,0.0364,0.375,491520.0,1536,0,25,0.0372,analytic,"[1, 128, 768]","[1, 128, 768]",974.84,0.0,0.375,cpu_perf_counter,cpu
16,transformer.layer.2.ffn.lin1,Linear,1.6333,1.5,603979776.0,2362368,0,26,1.6341,counter,"[1, 128, 768]","[1, 128, 3072]",974.84,0.0,1.5,cpu_perf_counter,cpu
16,transformer.layer.2.ffn.activation,GELUActivation,0.1486,1.5,0.0,0,0,27,0.1494,none,"[1, 128, 3072]","[1, 128, 3072]",974.84,0.0,1.5,cpu_perf_counter,cpu
16,transformer.layer.2.ffn.lin2,Linear,1.4957,0.375,603979776.0,2360064,0,28,1.4965,counter,"[1, 128, 3072]","[1, 128, 768]",974.84,0.0,0.375,cpu_perf_counter,cpu
16,transformer.layer.2.output_layer_norm,LayerNorm,0.0439,0.375,491520.0,1536,0,29,0.0447,analytic,"[1, 128, 768]","[1, 128, 768]",974.84,0.0,0.375,cpu_perf_counter,cpu
16,transformer.layer.3.attention.q_lin,Linear,0.3827,0.375,150994944.0,590592,0,30,0.3835,counter,"[1, 128, 768]","[1, 128, 768]",974.84,0.0,0.375,cpu_perf_counter,cpu
16,transformer.layer.3.attention.k_lin,Linear,0.3558,0.375,150994944.0,590592,0,31,0.3566,counter,"[1, 128, 768]","[1, 128, 768]",974.84,0.0,0.375,cpu_perf_counter,cpu
16,transformer.layer.3.attention.v_lin,Linear,0.3596,0.375,150994944.0,590592,0,32,0.3604,counter,"[1, 128, 768]","[1, 128, 768]",974.84,0.0,0.375,cpu_perf_counter,cpu
16,transformer.layer.3.attention.out_lin,Linear,0.376,0.375,150994944.0,590592,0,33,0.3768,counter,"[1, 128, 768]","[1, 128, 768]",974.84,0.0,0.375,cpu_perf_counter,cpu
16,transformer.layer.3.sa_layer_norm,LayerNorm,0.0332,0.375,491520.0,1536,0,34,0.034,analytic,"[1, 128, 768]","[1, 128, 768]",974.84,0.0,0.375,cpu_perf_counter,cpu
16,transformer.layer.3.ffn.lin1,Linear,1.5589,1.5,603979776.0,2362368,0,35,1.5597,counter,"[1, 128, 768]","[1, 128, 3072]",974.84,0.0,1.5,cpu_perf_counter,cpu
16,transformer.layer.3.ffn.activation,GELUActivation,0.1356,1.5,0.0,0,0,36,0.1364,none,"[1, 128, 3072]","[1, 128, 3072]",974.84,0.0,1.5,cpu_perf_counter,cpu
16,transformer.layer.3.ffn.lin2,Linear,1.5122,0.375,603979776.0,2360064,0,37,1.513,counter,"[1, 128, 3072]","[1, 128, 768]",974.84,0.0,0.375,cpu_perf_counter,cpu
16,transformer.layer.3.output_layer_norm,LayerNorm,0.0444,0.375,491520.0,1536,0,38,0.0452,analytic,"[1, 128, 768]","[1, 128, 768]",974.84,0.0,0.375,cpu_perf_counter,cpu
16,transformer.layer.4.attention.q_lin,Linear,0.3824,0.375,150994944.0,590592,0,39,0.3832,counter,"[1, 128, 768]","[1, 128, 768]",974.84,0.0,0.375,cpu_perf_counter,cpu
16,transformer.layer.4.attention.k_lin,Linear,0.3596,0.375,150994944.0,590592,0,40,0.3604,counter,"[1, 128, 768]","[1, 128, 768]",974.84,0.0,0.375,cpu_perf_counter,cpu
16,transformer.layer.4.attention.v_lin,Linear,0.363,0.375,150994944.0,590592,0,41,0.3638,counter,"[1, 128, 768]","[1, 128, 768]",974.84,0.0,0.375,cpu_perf_counter,cpu
16,transformer.layer.4.attention.out_lin,Linear,0.3675,0.375,150994944.0,590592,0,42,0.3683,counter,"[1, 128, 768]","[1, 128, 768]",974.84,0.0,0.375,cpu_perf_counter,cpu
16,transformer.layer.4.sa_layer_norm,LayerNorm,0.0286,0.375,491520.0,1536,0,43,0.0294,analytic,"[1, 128, 768]","[1, 128, 768]",974.84,0.0,0.375,cpu_perf_counter,cpu
16,transformer.layer.4.ffn.lin1,Linear,1.539,1.5,603979776.0,2362368,0,44,1.5398,counter,"[1, 128, 768]","[1, 128, 3072]",974.84,0.0,1.5,cpu_perf_counter,cpu
16,transformer.layer.4.ffn.activation,GELUActivation,0.1344,1.5,0.0,0,0,45,0.1352,none,"[1, 128, 3072]","[1, 128, 3072]",974.84,0.0,1.5,cpu_perf_counter,cpu
16,transformer.layer.4.ffn.lin2,Linear,1.4621,0.375,603979776.0,2360064,0,46,1.4629,counter,"[1, 128, 3072]","[1, 128, 768]",974.84,0.0,0.375,cpu_perf_counter,cpu
16,transformer.layer.4.output_layer_norm,LayerNorm,0.045,0.375,491520.0,1536,0,47,0.0458,analytic,"[1, 128, 768]","[1, 128, 768]",974.84,0.0,0.375,cpu_perf_counter,cpu
16,transformer.layer.5.attention.q_lin,Linear,0.3871,0.375,150994944.0,590592,0,48,0.3879,counter,"[1, 128, 768]","[1, 128, 768]",974.84,0.0,0.375,cpu_perf_counter,cpu
16,transformer.layer.5.attention.k_lin,Linear,0.3467,0.375,150994944.0,590592,0,49,0.3475,counter,"[1, 128, 768]","[1, 128, 768]",974.84,0.0,0.375,cpu_perf_counter,cpu
16,transformer.layer.5.attention.v_lin,Linear,0.3513,0.375,150994944.0,590592,0,50,0.3521,counter,"[1, 128, 768]","[1, 128, 768]",974.84,0.0,0.375,cpu_perf_counter,cpu
16,transformer.layer.5.attention.out_lin,Linear,0.3689,0.375,150994944.0,590592,0,51,0.3697,counter,"[1, 128, 768]","[1, 128, 768]",974.84,0.0,0.375,cpu_perf_counter,cpu
16,transformer.layer.5.sa_layer_norm,LayerNorm,0.0318,0.375,491520.0,1536,0,52,0.0326,analytic,"[1, 128, 768]","[1, 128, 768]",974.84,0.0,0.375,cpu_perf_counter,cpu
16,transformer.layer.5.ffn.lin1,Linear,1.5591,1.5,603979776.0,2362368,0,53,1.5599,counter,"[1, 128, 768]","[1, 128, 3072]",974.84,0.0,1.5,cpu_perf_counter,cpu
16,transformer.layer.5.ffn.activation,GELUActivation,0.1317,1.5,0.0,0,0,54,0.1325,none,"[1, 128, 3072]","[1, 128, 3072]",974.84,0.0,1.5,cpu_perf_counter,cpu
16,transformer.layer.5.ffn.lin2,Linear,1.7213,0.375,603979776.0,2360064,0,55,1.7221,counter,"[1, 128, 3072]","[1, 128, 768]",974.84,0.0,0.375,cpu_perf_counter,cpu
16,transformer.layer.5.output_layer_norm,LayerNorm,0.0421,0.375,491520.0,1536,0,56,0.0429,analytic,"[1, 128, 768]","[1, 128, 768]",974.84,0.0,0.375,cpu_perf_counter,cpu
17,embeddings.word_embeddings,Embedding,0.0519,0.375,0.0,23440896,0,0,0.0527,none,"[1, 128]","[1, 128, 768]",974.84,0.0,0.375,cpu_perf_counter,cpu
17,embeddings.position_embeddings,Embedding,0.0204,0.375,0.0,393216,0,1,0.0212,none,"[1, 128]","[1, 128, 768]",974.84,0.0,0.375,cpu_perf_counter,cpu
17,embeddings.LayerNorm,LayerNorm,0.0242,0.375,491520.0,1536,0,2,0.025,analytic,"[1, 128, 768]","[1, 128, 768]",974.84,0.0,0.375,cpu_perf_counter,cpu
17,transformer.layer.0.attention.q_lin,Linear,0.3774,0.375,150994944.0,590592,0,3,0.3782,counter,"[1, 128, 768]","[1, 128, 768]",974.84,0.0,0.375,cpu_perf_counter,cpu
17,transformer.layer.0.attention.k_lin,Linear,0.356,0.375,150994944.0,590592,0,4,0.3568,counter,"[1, 128, 768]","[1, 128, 768]",974.84,0.0,0.375,cpu_perf_counter,cpu
17,transformer.layer.0.attention.v_lin,Linear,0.3524,0.375,150994944.0,590592,0,5,0.3532,counter,"[1, 128, 768]","[1, 128, 768]",974.84,0.0,0.375,cpu_perf_counter,cpu
17,transformer.layer.0.attention.out_lin,Linear,0.3658,0.375,150994944.0,590592,0,6,0.3666,counter,"[1, 128, 768]","[1, 128, 768]",974.84,0.0,0.375,cpu_perf_counter,cpu
17,transformer.layer.0.sa_layer_norm,LayerNorm,0.0259,0.375,491520.0,1536,0,7,0.0267,analytic,"[1, 128, 768]","[1, 128, 768]",974.84,0.0,0.375,cpu_perf_counter,cpu
17,transformer.layer.0.ffn.lin1,Linear,1.5342,1.5,603979776.0,2362368,0,8,1.535,counter,"[1, 128, 768]","[1, 128, 3072]",974.84,0.0,1.5,cpu_perf_counter,cpu
17,transformer.layer.0.ffn.activation,GELUActivation,0.1191,1.5,0.0,0,0,9,0.1199,none,"[1, 128, 3072]","[1, 128, 3072]",974.84,0.0,1.5,cpu_perf_counter,cpu
17,transformer.layer.0.ffn.lin2,Linear,1.5485,0.375,603979776.0,2360064,0,10,1.5493,counter,"[1, 128, 3072]","[1, 128, 768]",974.84,0.0,0.375,cpu_perf_counter,cpu
17,transformer.layer.0.output_layer_norm,LayerNorm,0.0384,0.375,491520.0,1536,0,11,0.0392,analytic,"[1, 128, 768]","[1, 128, 768]",974.84,0.0,0.375,cpu_perf_counter,cpu
17,transformer.layer.1.attention.q_lin,Linear,0.393,0.375,150994944.0,590592,0,12,0.3938,counter,"[1, 128, 768]","[1, 128, 768]",974.84,0.0,0.375,cpu_perf_counter,cpu
17,transformer.layer.1.attention.k_lin,Linear,0.37,0.375,150994944.0,590592,0,13,0.3708,counter,"[1, 128, 768]","[1, 128, 768]",974.84,0.0,0.375,cpu_perf_counter,cpu
17,transformer.layer.1.attention.v_lin,Linear,0.3514,0.375,150994944.0,590592,0,14,0.3522,counter,"[1, 128, 768]","[1, 128, 768]",974.84,0.0,0.375,cpu_perf_counter,cpu
17,transformer.layer.1.attention.out_lin,Linear,0.3801,0.375,150994944.0,590592,0,15,0.3809,counter,"[1, 128, 768]","[1, 128, 768]",974.84,0.0,0.375,cpu_perf_counter,cpu
17,transformer.layer.1.sa_layer_norm,LayerNorm,0.0295,0.375,491520.0,1536,0,16,0.0303,analytic,"[1, 128, 768]","[1, 128, 768]",974.84,0.0,0.375,cpu_perf_counter,cpu
17,transformer.layer.1.ffn.lin1,Linear,1.5062,1.5,603979776.0,2362368,0,17,1.507,counter,"[1, 128, 768]","[1, 128, 3072]",974.84,0.0,1.5,cpu_perf_counter,cpu
17,transformer.layer.1.ffn.activation,GELUActivation,0.1208,1.5,0.0,0,0,18,0.1216,none,"[1, 128, 3072]","[1, 128, 3072]",974.84,0.0,1.5,cpu_perf_counter,cpu
17,transformer.layer.1.ffn.lin2,Linear,1.4903,0.375,603979776.0,2360064,0,19,1.4911,counter,"[1, 128, 3072]","[1, 128, 768]",974.84,0.0,0.375,cpu_perf_counter,cpu
17,transformer.layer.1.output_layer_norm,LayerNorm,0.0493,0.375,491520.0,1536,0,20,0.0501,analytic,"[1, 128, 768]","[1, 128, 768]",974.84,0.0,0.375,cpu_perf_counter,cpu
17,transformer.layer.2.attention.q_lin,Linear,0.4194,0.375,150994944.0,590592,0,21,0.4202,counter,"[1, 128, 768]","[1, 128, 768]",974.84,0.0,0.375,cpu_perf_counter,cpu
17,transformer.layer.2.attention.k_lin,Linear,0.3755,0.375,150994944.0,590592,0,22,0.3763,counter,"[1, 128, 768]","[1, 128, 768]",974.84,0.0,0.375,cpu_perf_counter,cpu
17,transformer.layer.2.attention.v_lin,Linear,0.3863,0.375,150994944.0,590592,0,23,0.3871,counter,"[1, 128, 768]","[1, 128, 768]",974.84,0.0,0.375,cpu_perf_counter,cpu
17,transformer.layer.2.attention.out_lin,Linear,0.4307,0.375,150994944.0,590592,0,24,0.4315,counter,"[1, 128, 768]","[1, 128, 768]",974.84,0.0,0.375,cpu_perf_counter,cpu
17,transformer.layer.2.sa_layer_norm,LayerNorm,0.0407,0.375,491520.0,1536,0,25,0.0415,analytic,"[1, 128, 768]","[1, 128, 768]",974.84,0.0,0.375,cpu_perf_counter,cpu
17,transformer.layer.2.ffn.lin1,Linear,1.5352,1.5,603979776.0,2362368,0,26,1.536,counter,"[1, 128, 768]","[1, 128, 3072]",974.84,0.0,1.5,cpu_perf_counter,cpu
17,transformer.layer.2.ffn.activation,GELUActivation,0.1427,1.5,0.0,0,0,27,0.1435,none,"[1, 128, 3072]","[1, 128, 3072]",974.84,0.0,1.5,cpu_perf_counter,cpu
17,transformer.layer.2.ffn.lin2,Linear,1.4689,0.375,603979776.0,2360064,0,28,1.4697,counter,"[1, 128, 3072]","[1, 128, 768]",974.84,0.0,0.375,cpu_perf_counter,cpu
17,transformer.layer.2.output_layer_norm,LayerNorm,0.0408,0.375,491520.0,1536,0,29,0.0416,analytic,"[1, 128, 768]","[1, 128, 768]",974.84,0.0,0.375,cpu_perf_counter,cpu
17,transformer.layer.3.attention.q_lin,Linear,0.3789,0.375,150994944.0,590592,0,30,0.3797,counter,"[1, 128, 768]","[1, 128, 768]",974.84,0.0,0.375,cpu_perf_counter,cpu
17,transformer.layer.3.attention.k_lin,Linear,0.3507,0.375,150994944.0,590592,0,31,0.3515,counter,"[1, 128, 768]","[1, 128, 768]",974.84,0.0,0.375,cpu_perf_counter,cpu
17,transformer.layer.3.attention.v_lin,Linear,0.358,0.375,150994944.0,590592,0,32,0.3588,counter,"[1, 128, 768]","[1, 128, 768]",974.84,0.0,0.375,cpu_perf_counter,cpu
17,transformer.layer.3.attention.out_lin,Linear,0.366,0.375,150994944.0,590592,0,33,0.3668,counter,"[1, 128, 768]","[1, 128, 768]",974.84,0.0,0.375,cpu_perf_counter,cpu
17,transformer.layer.3.sa_layer_norm,LayerNorm,0.0337,0.375,491520.0,1536,0,34,0.0345,analytic,"[1, 128, 768]","[1, 128, 768]",974.84,0.0,0.375,cpu_perf_counter,cpu
17,transformer.layer.3.ffn.lin1,Linear,1.544,1.5,603979776.0,2362368,0,35,1.5448,counter,"[1, 128, 768]","[1, 128, 3072]",974.84,0.0,1.5,cpu_perf_counter,cpu
17,transformer.layer.3.ffn.activation,GELUActivation,0.1387,1.5,0.0,0,0,36,0.1395,none,"[1, 128, 3072]","[1, 128, 3072]",974.84,0.0,1.5,cpu_perf_counter,cpu
17,transformer.layer.3.ffn.lin2,Linear,1.498,0.375,603979776.0,2360064,0,37,1.4988,counter,"[1, 128, 3072]","[1, 128, 768]",974.84,0.0,0.375,cpu_perf_counter,cpu
17,transformer.layer.3.output_layer_norm,LayerNorm,0.0434,0.375,491520.0,1536,0,38,0.0442,analytic,"[1, 128, 768]","[1, 128, 768]",974.84,0.0,0.375,cpu_perf_counter,cpu
17,transformer.layer.4.attention.q_lin,Linear,0.3892,0.375,150994944.0,590592,0,39,0.39,counter,"[1, 128, 768]","[1, 128, 768]",974.84,0.0,0.375,cpu_perf_counter,cpu
17,transformer.layer.4.attention.k_lin,Linear,0.3624,0.375,150994944.0,590592,0,40,0.3632,counter,"[1, 128, 768]","[1, 128, 768]",974.84,0.0,0.375,cpu_perf_counter,cpu
17,transformer.layer.4.attention.v_lin,Linear,0.3606,0.375,150994944.0,590592,0,41,0.3614,counter,"[1, 128, 768]","[1, 128, 768]",974.84,0.0,0.375,cpu_perf_counter,cpu
17,transformer.layer.4.attention.out_lin,Linear,0.3636,0.375,150994944.0,590592,0,42,0.3644,counter,"[1, 128, 768]","[1, 128, 768]",974.84,0.0,0.375,cpu_perf_counter,cpu
17,transformer.layer.4.sa_layer_norm,LayerNorm,0.0316,0.375,491520.0,1536,0,43,0.0324,analytic,"[1, 128, 768]","[1, 128, 768]",974.84,0.0,0.375,cpu_perf_counter,cpu
17,transformer.layer.4.ffn.lin1,Linear,1.5561,1.5,603979776.0,2362368,0,44,1.5569,counter,"[1, 128, 768]","[1, 128, 3072]",974.84,0.0,1.5,cpu_perf_counter,cpu
17,transformer.layer.4.ffn.activation,GELUActivation,0.1535,1.5,0.0,0,0,45,0.1543,none,"[1, 128, 3072]","[1, 128, 3072]",974.84,0.0,1.5,cpu_perf_counter,cpu
17,transformer.layer.4.ffn.lin2,Linear,1.6081,0.375,603979776.0,2360064,0,46,1.6089,counter,"[1, 128, 3072]","[1, 128, 768]",974.84,0.0,0.375,cpu_perf_counter,cpu
17,transformer.layer.4.output_layer_norm,LayerNorm,0.0455,0.375,491520.0,1536,0,47,0.0463,analytic,"[1, 128, 768]","[1, 128, 768]",974.84,0.0,0.375,cpu_perf_counter,cpu
17,transformer.layer.5.attention.q_lin,Linear,0.3905,0.375,150994944.0,590592,0,48,0.3913,counter,"[1, 128, 768]","[1, 128, 768]",974.84,0.0,0.375,cpu_perf_counter,cpu
17,transformer.layer.5.attention.k_lin,Linear,0.3585,0.375,150994944.0,590592,0,49,0.3593,counter,"[1, 128, 768]","[1, 128, 768]",974.84,0.0,0.375,cpu_perf_counter,cpu
17,transformer.layer.5.attention.v_lin,Linear,0.3773,0.375,150994944.0,590592,0,50,0.3781,counter,"[1, 128, 768]","[1, 128, 768]",974.84,0.0,0.375,cpu_perf_counter,cpu
17,transformer.layer.5.attention.out_lin,Linear,0.3864,0.375,150994944.0,590592,0,51,0.3872,counter,"[1, 128, 768]","[1, 128, 768]",974.84,0.0,0.375,cpu_perf_counter,cpu
17,transformer.layer.5.sa_layer_norm,LayerNorm,0.0404,0.375,491520.0,1536,0,52,0.0412,analytic,"[1, 128, 768]","[1, 128, 768]",974.84,0.0,0.375,cpu_perf_counter,cpu
17,transformer.layer.5.ffn.lin1,Linear,1.6266,1.5,603979776.0,2362368,0,53,1.6274,counter,"[1, 128, 768]","[1, 128, 3072]",974.84,0.0,1.5,cpu_perf_counter,cpu
17,transformer.layer.5.ffn.activation,GELUActivation,0.1494,1.5,0.0,0,0,54,0.1502,none,"[1, 128, 3072]","[1, 128, 3072]",974.84,0.0,1.5,cpu_perf_counter,cpu
17,transformer.layer.5.ffn.lin2,Linear,1.4595,0.375,603979776.0,2360064,0,55,1.4603,counter,"[1, 128, 3072]","[1, 128, 768]",974.84,0.0,0.375,cpu_perf_counter,cpu
17,transformer.layer.5.output_layer_norm,LayerNorm,0.038,0.375,491520.0,1536,0,56,0.0388,analytic,"[1, 128, 768]","[1, 128, 768]",974.84,0.0,0.375,cpu_perf_counter,cpu
18,embeddings.word_embeddings,Embedding,0.0533,0.375,0.0,23440896,0,0,0.0541,none,"[1, 128]","[1, 128, 768]",974.84,0.0,0.375,cpu_perf_counter,cpu
18,embeddings.position_embeddings,Embedding,0.0216,0.375,0.0,393216,0,1,0.0224,none,"[1, 128]","[1, 128, 768]",974.84,0.0,0.375,cpu_perf_counter,cpu
18,embeddings.LayerNorm,LayerNorm,0.0283,0.375,491520.0,1536,0,2,0.0291,analytic,"[1, 128, 768]","[1, 128, 768]",974.84,0.0,0.375,cpu_perf_counter,cpu
18,transformer.layer.0.attention.q_lin,Linear,0.3683,0.375,150994944.0,590592,0,3,0.3691,counter,"[1, 128, 768]","[1, 128, 768]",974.84,0.0,0.375,cpu_perf_counter,cpu
18,transformer.layer.0.attention.k_lin,Linear,0.352,0.375,150994944.0,590592,0,4,0.3528,counter,"[1, 128, 768]","[1, 128, 768]",974.84,0.0,0.375,cpu_perf_counter,cpu
18,transformer.layer.0.attention.v_lin,Linear,0.3572,0.375,150994944.0,590592,0,5,0.358,counter,"[1, 128, 768]","[1, 128, 768]",974.84,0.0,0.375,cpu_perf_counter,cpu
18,transformer.layer.0.attention.out_lin,Linear,0.3657,0.375,150994944.0,590592,0,6,0.3665,counter,"[1, 128, 768]","[1, 128, 768]",974.84,0.0,0.375,cpu_perf_counter,cpu
18,transformer.layer.0.sa_layer_norm,LayerNorm,0.0283,0.375,491520.0,1536,0,7,0.0291,analytic,"[1, 128, 768]","[1, 128, 768]",974.84,0.0,0.375,cpu_perf_counter,cpu
18,transformer.layer.0.ffn.lin1,Linear,1.5485,1.5,603979776.0,2362368,0,8,1.5493,counter,"[1, 128, 768]","[1, 128, 3072]",974.84,0.0,1.5,cpu_perf_counter,cpu
18,transformer.layer.0.ffn.activation,GELUActivation,0.125,1.5,0.0,0,0,9,0.1258,none,"[1, 128, 3072]","[1, 128, 3072]",974.84,0.0,1.5,cpu_perf_counter,cpu
18,transformer.layer.0.ffn.lin2,Linear,1.4875,0.375,603979776.0,2360064,0,10,1.4883,counter,"[1, 128, 3072]","[1, 128, 768]",974.84,0.0,0.375,cpu_perf_counter,cpu
18,transformer.layer.0.output_layer_norm,LayerNorm,0.0372,0.375,491520.0,1536,0,11,0.038,analytic,"[1, 128, 768]","[1, 128, 768]",974.84,0.0,0.375,cpu_perf_counter,cpu
18,transformer.layer.1.attention.q_lin,Linear,0.3701,0.375,150994944.0,590592,0,12,0.3709,counter,"[1, 128, 768]","[1, 128, 768]",974.84,0.0,0.375,cpu_perf_counter,cpu
18,transformer.layer.1.attention.k_lin,Linear,0.3557,0.375,150994944.0,590592,0,13,0.3565,counter,"[1, 128, 768]","[1, 128, 768]",974.84,0.0,0.375,cpu_perf_counter,cpu
18,transformer.layer.1.attention.v_lin,Linear,0.3597,0.375,150994944.0,590592,0,14,0.3605,counter,"[1, 128, 768]","[1, 128, 768]",974.84,0.0,0.375,cpu_perf_counter,cpu
18,transformer.layer.1.attention.out_lin,Linear,0.364,0.375,150994944.0,590592,0,15,0.3648,counter,"[1, 128, 768]","[1, 128, 768]",974.84,0.0,0.375,cpu_perf_counter,cpu
18,transformer.layer.1.sa_layer_norm,LayerNorm,0.0324,0.375,491520.0,1536,0,16,0.0332,analytic,"[1, 128, 768]","[1, 128, 768]",974.84,0.0,0.375,cpu_perf_counter,cpu
18,transformer.layer.1.ffn.lin1,Linear,1.527,1.5,603979776.0,2362368,0,17,1.5278,counter,"[1, 128, 768]","[1, 128, 3072]",974.84,0.0,1.5,cpu_perf_counter,cpu
18,transformer.layer.1.ffn.activation,GELUActivation,0.1193,1.5,0.0,0,0,18,0.1201,none,"[1, 128, 3072]","[1, 128, 3072]",974.84,0.0,1.5,cpu_perf_counter,cpu
18,transformer.layer.1.ffn.lin2,Linear,1.4317,0.375,603979776.0,2360064,0,19,1.4325,counter,"[1, 128, 3072]","[1, 128, 768]",974.84,0.0,0.375,cpu_perf_counter,cpu
18,transformer.layer.1.output_layer_norm,LayerNorm,0.0375,0.375,491520.0,1536,0,20,0.0383,analytic,"[1, 128, 768]","[1, 128, 768]",974.84,0.0,0.375,cpu_perf_counter,cpu
18,transformer.layer.2.attention.q_lin,Linear,0.3718,0.375,150994944.0,590592,0,21,0.3726,counter,"[1, 128, 768]","[1, 128, 768]",974.84,0.0,0.375,cpu_perf_counter,cpu
18,transformer.layer.2.attention.k_lin,Linear,0.3563,0.375,150994944.0,590592,0,22,0.3571,counter,"[1, 128, 768]","[1, 128, 768]",974.84,0.0,0.375,cpu_perf_counter,cpu
18,transformer.layer.2.attention.v_lin,Linear,0.351,0.375,150994944.0,590592,0,23,0.3518,counter,"[1, 128, 768]","[1, 128, 768]",974.84,0.0,0.375,cpu_perf_counter,cpu
18,transformer.layer.2.attention.out_lin,Linear,0.3693,0.375,150994944.0,590592,0,24,0.3701,counter,"[1, 128, 768]","[1, 128, 768]",974.84,0.0,0.375,cpu_perf_counter,cpu
18,transformer.layer.2.sa_layer_norm,LayerNorm,0.0289,0.375,491520.0,1536,0,25,0.0297,analytic,"[1, 128, 768]","[1, 128, 768]",974.84,0.0,0.375,cpu_perf_counter,cpu
18,transformer.layer.2.ffn.lin1,Linear,1.5843,1.5,603979776.0,2362368,0,26,1.5851,counter,"[1, 128, 768]","[1, 128, 3072]",974.84,0.0,1.5,cpu_perf_counter,cpu
18,transformer.layer.2.ffn.activation,GELUActivation,0.1313,1.5,0.0,0,0,27,0.1321,none,"[1, 128, 3072]","[1, 128, 3072]",974.84,0.0,1.5,cpu_perf_counter,cpu
18,transformer.layer.2.ffn.lin2,Linear,1.4673,0.375,603979776.0,2360064,0,28,1.4681,counter,"[1, 128, 3072]","[1, 128, 768]",974.84,0.0,0.375,cpu_perf_counter,cpu
18,transformer.layer.2.output_layer_norm,LayerNorm,0.0396,0.375,491520.0,1536,0,29,0.0404,analytic,"[1, 128, 768]","[1, 128, 768]",974.84,0.0,0.375,cpu_perf_counter,cpu
18,transformer.layer.3.attention.q_lin,Linear,0.3711,0.375,150994944.0,590592,0,30,0.3719,counter,"[1, 128, 768]","[1, 128, 768]",974.84,0.0,0.375,cpu_perf_counter,cpu
18,transformer.layer.3.attention.k_lin,Linear,0.3703,0.375,150994944.0,590592,0,31,0.3711,counter,"[1, 128, 768]","[1, 128, 768]",974.84,0.0,0.375,cpu_perf_counter,cpu
18,transformer.layer.3.attention.v_lin,Linear,0.3437,0.375,150994944.0,590592,0,32,0.3445,counter,"[1, 128, 768]","[1, 128, 768]",974.84,0.0,0.375,cpu_perf_counter,cpu
18,transformer.layer.3.attention.out_lin,Linear,0.3543,0.375,150994944.0,590592,0,33,0.3551,counter,"[1, 128, 768]","[1, 128, 768]",974.84,0.0,0.375,cpu_perf_counter,cpu
18,transformer.layer.3.sa_layer_norm,LayerNorm,0.0293,0.375,491520.0,1536,0,34,0.0301,analytic,"[1, 128, 768]","[1, 128, 768]",974.84,0.0,0.375,cpu_perf_counter,cpu
18,transformer.layer.3.ffn.lin1,Linear,1.5504,1.5,603979776.0,2362368,0,35,1.5512,counter,"[1, 128, 768]","[1, 128, 3072]",974.84,0.0,1.5,cpu_perf_counter,cpu
18,transformer.layer.3.ffn.activation,GELUActivation,0.124,1.5,0.0,0,0,36,0.1248,none,"[1, 128, 3072]","[1, 128, 3072]",974.84,0.0,1.5,cpu_perf_counter,cpu
18,transformer.layer.3.ffn.lin2,Linear,1.4539,0.375,603979776.0,2360064,0,37,1.4547,counter,"[1, 128, 3072]","[1, 128, 768]",974.84,0.0,0.375,cpu_perf_counter,cpu
18,transformer.layer.3.output_layer_norm,LayerNorm,0.0386,0.375,491520.0,1536,0,38,0.0394,analytic,"[1, 128, 768]","[1, 128, 768]",974.84,0.0,0.375,cpu_perf_counter,cpu
18,transformer.layer.4.attention.q_lin,Linear,0.3748,0.375,150994944.0,590592,0,39,0.3756,counter,"[1, 128, 768]","[1, 128, 768]",974.84,0.0,0.375,cpu_perf_counter,cpu
18,transformer.layer.4.attention.k_lin,Linear,0.357,0.375,150994944.0,590592,0,40,0.3578,counter,"[1, 128, 768]","[1, 128, 768]",974.84,0.0,0.375,cpu_perf_counter,cpu
18,transformer.layer.4.attention.v_lin,Linear,0.3576,0.375,150994944.0,590592,0,41,0.3584,counter,"[1, 128, 768]","[1, 128, 768]",974.84,0.0,0.375,cpu_perf_counter,cpu
18,transformer.layer.4.attention.out_lin,Linear,0.3625,0.375,150994944.0,590592,0,42,0.3633,counter,"[1, 128, 768]","[1, 128, 768]",974.84,0.0,0.375,cpu_perf_counter,cpu
18,transformer.layer.4.sa_layer_norm,LayerNorm,0.0283,0.375,491520.0,1536,0,43,0.0291,analytic,"[1, 128, 768]","[1, 128, 768]",974.84,0.0,0.375,cpu_perf_counter,cpu
18,transformer.layer.4.ffn.lin1,Linear,1.5212,1.5,603979776.0,2362368,0,44,1.522,counter,"[1, 128, 768]","[1, 128, 3072]",974.84,0.0,1.5,cpu_perf_counter,cpu
18,transformer.layer.4.ffn.activation,GELUActivation,0.1187,1.5,0.0,0,0,45,0.1195,none,"[1, 128, 3072]","[1, 128, 3072]",974.84,0.0,1.5,cpu_perf_counter,cpu
18,transformer.layer.4.ffn.lin2,Linear,1.5059,0.375,603979776.0,2360064,0,46,1.5067,counter,"[1, 128, 3072]","[1, 128, 768]",974.84,0.0,0.375,cpu_perf_counter,cpu
18,transformer.layer.4.output_layer_norm,LayerNorm,0.0387,0.375,491520.0,1536,0,47,0.0395,analytic,"[1, 128, 768]","[1, 128, 768]",974.84,0.0,0.375,cpu_perf_counter,cpu
18,transformer.layer.5.attention.q_lin,Linear,0.375,0.375,150994944.0,590592,0,48,0.3758,counter,"[1, 128, 768]","[1, 128, 768]",974.84,0.0,0.375,cpu_perf_counter,cpu
18,transformer.layer.5.attention.k_lin,Linear,0.3536,0.375,150994944.0,590592,0,49,0.3544,counter,"[1, 128, 768]","[1, 128, 768]",974.84,0.0,0.375,cpu_perf_counter,cpu
18,transformer.layer.5.attention.v_lin,Linear,0.3608,0.375,150994944.0,590592,0,50,0.3616,counter,"[1, 128, 768]","[1, 128, 768]",974.84,0.0,0.375,cpu_perf_counter,cpu
18,transformer.layer.5.attention.out_lin,Linear,0.3536,0.375,150994944.0,590592,0,51,0.3544,counter,"[1, 128, 768]","[1, 128, 768]",974.84,0.0,0.375,cpu_perf_counter,cpu
18,transformer.layer.5.sa_layer_norm,LayerNorm,0.0267,0.375,491520.0,1536,0,52,0.0275,analytic,"[1, 128, 768]","[1, 128, 768]",974.84,0.0,0.375,cpu_perf_counter,cpu
18,transformer.layer.5.ffn.lin1,Linear,1.5093,1.5,603979776.0,2362368,0,53,1.5101,counter,"[1, 128, 768]","[1, 128, 3072]",974.84,0.0,1.5,cpu_perf_counter,cpu
18,transformer.layer.5.ffn.activation,GELUActivation,0.126,1.5,0.0,0,0,54,0.1268,none,"[1, 128, 3072]","[1, 128, 3072]",974.84,0.0,1.5,cpu_perf_counter,cpu
18,transformer.layer.5.ffn.lin2,Linear,1.5006,0.375,603979776.0,2360064,0,55,1.5014,counter,"[1, 128, 3072]","[1, 128, 768]",974.84,0.0,0.375,cpu_perf_counter,cpu
18,transformer.layer.5.output_layer_norm,LayerNorm,0.0394,0.375,491520.0,1536,0,56,0.0402,analytic,"[1, 128, 768]","[1, 128, 768]",974.84,0.0,0.375,cpu_perf_counter,cpu
19,embeddings.word_embeddings,Embedding,0.0548,0.375,0.0,23440896,0,0,0.0556,none,"[1, 128]","[1, 128, 768]",974.84,0.0,0.375,cpu_perf_counter,cpu
19,embeddings.position_embeddings,Embedding,0.0201,0.375,0.0,393216,0,1,0.0209,none,"[1, 128]","[1, 128, 768]",974.84,0.0,0.375,cpu_perf_counter,cpu
19,embeddings.LayerNorm,LayerNorm,0.0251,0.375,491520.0,1536,0,2,0.0259,analytic,"[1, 128, 768]","[1, 128, 768]",974.84,0.0,0.375,cpu_perf_counter,cpu
19,transformer.layer.0.attention.q_lin,Linear,0.3728,0.375,150994944.0,590592,0,3,0.3736,counter,"[1, 128, 768]","[1, 128, 768]",974.84,0.0,0.375,cpu_perf_counter,cpu
19,transformer.layer.0.attention.k_lin,Linear,0.3512,0.375,150994944.0,590592,0,4,0.352,counter,"[1, 128, 768]","[1, 128, 768]",974.84,0.0,0.375,cpu_perf_counter,cpu
19,transformer.layer.0.attention.v_lin,Linear,0.3535,0.375,150994944.0,590592,0,5,0.3543,counter,"[1, 128, 768]","[1, 128, 768]",974.84,0.0,0.375,cpu_perf_counter,cpu
19,transformer.layer.0.attention.out_lin,Linear,0.3522,0.375,150994944.0,590592,0,6,0.353,counter,"[1, 128, 768]","[1, 128, 768]",974.84,0.0,0.375,cpu_perf_counter,cpu
19,transformer.layer.0.sa_layer_norm,LayerNorm,0.0298,0.375,491520.0,1536,0,7,0.0306,analytic,"[1, 128, 768]","[1, 128, 768]",974.84,0.0,0.375,cpu_perf_counter,cpu
19,transformer.layer.0.ffn.lin1,Linear,1.4909,1.5,603979776.0,2362368,0,8,1.4917,counter,"[1, 128, 768]","[1, 128, 3072]",974.84,0.0,1.5,cpu_perf_counter,cpu
19,transformer.layer.0.ffn.activation,GELUActivation,0.1296,1.5,0.0,0,0,9,0.1304,none,"[1, 128, 3072]","[1, 128, 3072]",974.84,0.0,1.5,cpu_perf_counter,cpu
19,transformer.layer.0.ffn.lin2,Linear,1.5202,0.375,603979776.0,2360064,0,10,1.521,counter,"[1, 128, 3072]","[1, 128, 768]",974.84,0.0,0.375,cpu_perf_counter,cpu
19,transformer.layer.0.output_layer_norm,LayerNorm,0.0398,0.375,491520.0,1536,0,11,0.0406,analytic,"[1, 128, 768]","[1, 128, 768]",974.84,0.0,0.375,cpu_perf_counter,cpu
19,transformer.layer.1.attention.q_lin,Linear,0.38,0.375,150994944.0,590592,0,12,0.3808,counter,"[1, 128, 768]","[1, 128, 768]",974.84,0.0,0.375,cpu_perf_counter,cpu
19,transformer.layer.1.attention.k_lin,Linear,0.3557,0.375,150994944.0,590592,0,13,0.3565,counter,"[1, 128, 768]","[1, 128, 768]",974.84,0.0,0.375,cpu_perf_counter,cpu
19,transformer.layer.1.attention.v_lin,Linear,0.3555,0.375,150994944.0,590592,0,14,0.3563,counter,"[1, 128, 768]","[1, 128, 768]",974.84,0.0,0.375,cpu_perf_counter,cpu
19,transformer.layer.1.attention.out_lin,Linear,0.3543,0.375,150994944.0,590592,0,15,0.3551,counter,"[1, 128, 768]","[1, 128, 768]",974.84,0.0,0.375,cpu_perf_counter,cpu
19,transformer.layer.1.sa_layer_norm,LayerNorm,0.0299,0.375,491520.0,1536,0,16,0.0307,analytic,"[1, 128, 768]","[1, 128, 768]",974.84,0.0,0.375,cpu_perf_counter,cpu
19,transformer.layer.1.ffn.lin1,Linear,1.4946,1.5,603979776.0,2362368,0,17,1.4954,counter,"[1, 128, 768]","[1, 128, 3072]",974.84,0.0,1.5,cpu_perf_counter,cpu
19,transformer.layer.1.ffn.activation,GELUActivation,0.1162,1.5,0.0,0,0,18,0.117,none,"[1, 128, 3072]","[1, 128, 3072]",974.84,0.0,1.5,cpu_perf_counter,cpu
19,transformer.layer.1.ffn.lin2,Linear,1.4612,0.375,603979776.0,2360064,0,19,1.462,counter,"[1, 128, 3072]","[1, 128, 768]",974.84,0.0,0.375,cpu_perf_counter,cpu
19,transformer.layer.1.output_layer_norm,LayerNorm,0.0388,0.375,491520.0,1536,0,20,0.0396,analytic,"[1, 128, 768]","[1, 128, 768]",974.84,0.0,0.375,cpu_perf_counter,cpu
19,transformer.layer.2.attention.q_lin,Linear,0.3829,0.375,150994944.0,590592,0,21,0.3837,counter,"[1, 128, 768]","[1, 128, 768]",974.84,0.0,0.375,cpu_perf_counter,cpu
19,transformer.layer.2.attention.k_lin,Linear,0.3664,0.375,150994944.0,590592,0,22,0.3672,counter,"[1, 128, 768]","[1, 128, 768]",974.84,0.0,0.375,cpu_perf_counter,cpu
19,transformer.layer.2.attention.v_lin,Linear,0.3576,0.375,150994944.0,590592,0,23,0.3584,counter,"[1, 128, 768]","[1, 128, 768]",974.84,0.0,0.375,cpu_perf_counter,cpu
19,transformer.layer.2.attention.out_lin,Linear,0.4016,0.375,150994944.0,590592,0,24,0.4024,counter,"[1, 128, 768]","[1, 128, 768]",974.84,0.0,0.375,cpu_perf_counter,cpu
19,transformer.layer.2.sa_layer_norm,LayerNorm,0.03,0.375,491520.0,1536,0,25,0.0308,analytic,"[1, 128, 768]","[1, 128, 768]",974.84,0.0,0.375,cpu_perf_counter,cpu
19,transformer.layer.2.ffn.lin1,Linear,1.5547,1.5,603979776.0,2362368,0,26,1.5555,counter,"[1, 128, 768]","[1, 128, 3072]",974.84,0.0,1.5,cpu_perf_counter,cpu
19,transformer.layer.2.ffn.activation,GELUActivation,0.1338,1.5,0.0,0,0,27,0.1346,none,"[1, 128, 3072]","[1, 128, 3072]",974.84,0.0,1.5,cpu_perf_counter,cpu
19,transformer.layer.2.ffn.lin2,Linear,1.4866,0.375,603979776.0,2360064,0,28,1.4874,counter,"[1, 128, 3072]","[1, 128, 768]",974.84,0.0,0.375,cpu_perf_counter,cpu
19,transformer.layer.2.output_layer_norm,LayerNorm,0.0429,0.375,491520.0,1536,0,29,0.0437,analytic,"[1, 128, 768]","[1, 128, 768]",974.84,0.0,0.375,cpu_perf_counter,cpu
19,transformer.layer.3.attention.q_lin,Linear,0.4231,0.375,150994944.0,590592,0,30,0.4239,counter,"[1, 128, 768]","[1, 128, 768]",974.84,0.0,0.375,cpu_perf_counter,cpu
19,transformer.layer.3.attention.k_lin,Linear,0.3665,0.375,150994944.0,590592,0,31,0.3673,counter,"[1, 128, 768]","[1, 128, 768]",974.84,0.0,0.375,cpu_perf_counter,cpu
19,transformer.layer.3.attention.v_lin,Linear,0.3624,0.375,150994944.0,590592,0,32,0.3632,counter,"[1, 128, 768]","[1, 128, 768]",974.84,0.0,0.375,cpu_perf_counter,cpu
19,transformer.layer.3.attention.out_lin,Linear,0.3571,0.375,150994944.0,590592,0,33,0.3579,counter,"[1, 128, 768]","[1, 128, 768]",974.84,0.0,0.375,cpu_perf_counter,cpu
19,transformer.layer.3.sa_layer_norm,LayerNorm,0.0298,0.375,491520.0,1536,0,34,0.0306,analytic,"[1, 128, 768]","[1, 128, 768]",974.84,0.0,0.375,cpu_perf_counter,cpu
19,transformer.layer.3.ffn.lin1,Linear,1.4984,1.5,603979776.0,2362368,0,35,1.4992,counter,"[1, 128, 768]","[1, 128, 3072]",974.84,0.0,1.5,cpu_perf_counter,cpu
19,transformer.layer.3.ffn.activation,GELUActivation,0.1221,1.5,0.0,0,0,36,0.1229,none,"[1, 128, 3072]","[1, 128, 3072]",974.84,0.0,1.5,cpu_perf_counter,cpu
19,transformer.layer.3.ffn.lin2,Linear,1.453,0.375,603979776.0,2360064,0,37,1.4538,counter,"[1, 128, 3072]","[1, 128, 768]",974.84,0.0,0.375,cpu_perf_counter,cpu
19,transformer.layer.3.output_layer_norm,LayerNorm,0.0389,0.375,491520.0,1536,0,38,0.0397,analytic,"[1, 128, 768]","[1, 128, 768]",974.84,0.0,0.375,cpu_perf_counter,cpu
19,transformer.layer.4.attention.q_lin,Linear,0.4,0.375,150994944.0,590592,0,39,0.4008,counter,"[1, 128, 768]","[1, 128, 768]",974.84,0.0,0.375,cpu_perf_counter,cpu
19,transformer.layer.4.attention.k_lin,Linear,0.371,0.375,150994944.0,590592,0,40,0.3718,counter,"[1, 128, 768]","[1, 128, 768]",974.84,0.0,0.375,cpu_perf_counter,cpu
19,transformer.layer.4.attention.v_lin,Linear,0.3718,0.375,150994944.0,590592,0,41,0.3726,counter,"[1, 128, 768]","[1, 128, 768]",974.84,0.0,0.375,cpu_perf_counter,cpu
19,transformer.layer.4.attention.out_lin,Linear,0.3633,0.375,150994944.0,590592,0,42,0.3641,counter,"[1, 128, 768]","[1, 128, 768]",974.84,0.0,0.375,cpu_perf_counter,cpu
19,transformer.layer.4.sa_layer_norm,LayerNorm,0.0299,0.375,491520.0,1536,0,43,0.0307,analytic,"[1, 128, 768]","[1, 128, 768]",974.84,0.0,0.375,cpu_perf_counter,cpu
19,transformer.layer.4.ffn.lin1,Linear,1.3711,1.5,603979776.0,2362368,0,44,1.3719,counter,"[1, 128, 768]","[1, 128, 3072]",974.84,0.0,1.5,cpu_perf_counter,cpu
19,transformer.layer.4.ffn.activation,GELUActivation,0.1153,1.5,0.0,0,0,45,0.1161,none,"[1, 128, 3072]","[1, 128, 3072]",974.84,0.0,1.5,cpu_perf_counter,cpu
19,transformer.layer.4.ffn.lin2,Linear,1.4481,0.375,603979776.0,2360064,0,46,1.4489,counter,"[1, 128, 3072]","[1, 128, 768]",974.84,0.0,0.375,cpu_perf_counter,cpu
19,transformer.layer.4.output_layer_norm,LayerNorm,0.0399,0.375,491520.0,1536,0,47,0.0407,analytic,"[1, 128, 768]","[1, 128, 768]",974.84,0.0,0.375,cpu_perf_counter,cpu
19,transformer.layer.5.attention.q_lin,Linear,0.3852,0.375,150994944.0,590592,0,48,0.386,counter,"[1, 128, 768]","[1, 128, 768]",974.84,0.0,0.375,cpu_perf_counter,cpu
19,transformer.layer.5.attention.k_lin,Linear,0.3643,0.375,150994944.0,590592,0,49,0.3651,counter,"[1, 128, 768]","[1, 128, 768]",974.84,0.0,0.375,cpu_perf_counter,cpu
19,transformer.layer.5.attention.v_lin,Linear,0.3588,0.375,150994944.0,590592,0,50,0.3596,counter,"[1, 128, 768]","[1, 128, 768]",974.84,0.0,0.375,cpu_perf_counter,cpu
19,transformer.layer.5.attention.out_lin,Linear,0.3503,0.375,150994944.0,590592,0,51,0.3511,counter,"[1, 128, 768]","[1, 128, 768]",974.84,0.0,0.375,cpu_perf_counter,cpu
19,transformer.layer.5.sa_layer_norm,LayerNorm,0.0297,0.375,491520.0,1536,0,52,0.0305,analytic,"[1, 128, 768]","[1, 128, 768]",974.84,0.0,0.375,cpu_perf_counter,cpu
19,transformer.layer.5.ffn.lin1,Linear,1.5287,1.5,603979776.0,2362368,0,53,1.5295,counter,"[1, 128, 768]","[1, 128, 3072]",974.84,0.0,1.5,cpu_perf_counter,cpu
19,transformer.layer.5.ffn.activation,GELUActivation,0.1326,1.5,0.0,0,0,54,0.1334,none,"[1, 128, 3072]","[1, 128, 3072]",974.84,0.0,1.5,cpu_perf_counter,cpu
19,transformer.layer.5.ffn.lin2,Linear,1.4568,0.375,603979776.0,2360064,0,55,1.4576,counter,"[1, 128, 3072]","[1, 128, 768]",974.84,0.0,0.375,cpu_perf_counter,cpu
19,transformer.layer.5.output_layer_norm,LayerNorm,0.0409,0.375,491520.0,1536,0,56,0.0417,analytic,"[1, 128, 768]","[1, 128, 768]",974.84,0.0,0.375,cpu_perf_counter,cpu
20,embeddings.word_embeddings,Embedding,0.0552,0.375,0.0,23440896,0,0,0.056,none,"[1, 128]","[1, 128, 768]",974.84,0.0,0.375,cpu_perf_counter,cpu
20,embeddings.position_embeddings,Embedding,0.0212,0.375,0.0,393216,0,1,0.022,none,"[1, 128]","[1, 128, 768]",974.84,0.0,0.375,cpu_perf_counter,cpu
20,embeddings.LayerNorm,LayerNorm,0.0254,0.375,491520.0,1536,0,2,0.0262,analytic,"[1, 128, 768]","[1, 128, 768]",974.84,0.0,0.375,cpu_perf_counter,cpu
20,transformer.layer.0.attention.q_lin,Linear,0.3686,0.375,150994944.0,590592,0,3,0.3694,counter,"[1, 128, 768]","[1, 128, 768]",974.84,0.0,0.375,cpu_perf_counter,cpu
20,transformer.layer.0.attention.k_lin,Linear,0.3603,0.375,150994944.0,590592,0,4,0.3611,counter,"[1, 128, 768]","[1, 128, 768]",974.84,0.0,0.375,cpu_perf_counter,cpu
20,transformer.layer.0.attention.v_lin,Linear,0.3593,0.375,150994944.0,590592,0,5,0.3601,counter,"[1, 128, 768]","[1, 128, 768]",974.84,0.0,0.375,cpu_perf_counter,cpu
20,transformer.layer.0.attention.out_lin,Linear,0.3601,0.375,150994944.0,590592,0,6,0.3609,counter,"[1, 128, 768]","[1, 128, 768]",974.84,0.0,0.375,cpu_perf_counter,cpu
20,transformer.layer.0.sa_layer_norm,LayerNorm,0.0294,0.375,491520.0,1536,0,7,0.0302,analytic,"[1, 128, 768]","[1, 128, 768]",974.84,0.0,0.375,cpu_perf_counter,cpu
20,transformer.layer.0.ffn.lin1,Linear,1.6178,1.5,603979776.0,2362368,0,8,1.6186,counter,"[1, 128, 768]","[1, 128, 3072]",974.84,0.0,1.5,cpu_perf_counter,cpu
20,transformer.layer.0.ffn.activation,GELUActivation,0.1604,1.5,0.0,0,0,9,0.1612,none,"[1, 128, 3072]","[1, 128, 3072]",974.84,0.0,1.5,cpu_perf_counter,cpu
20,transformer.layer.0.ffn.lin2,Linear,1.5374,0.375,603979776.0,2360064,0,10,1.5382,counter,"[1, 128, 3072]","[1, 128, 768]",974.84,0.0,0.375,cpu_perf_counter,cpu
20,transformer.layer.0.output_layer_norm,LayerNorm,0.0479,0.375,491520.0,1536,0,11,0.0487,analytic,"[1, 128, 768]","[1, 128, 768]",974.84,0.0,0.375,cpu_perf_counter,cpu
20,transformer.layer.1.attention.q_lin,Linear,0.4063,0.375,150994944.0,590592,0,12,0.4071,counter,"[1, 128, 768]","[1, 128, 768]",974.84,0.0,0.375,cpu_perf_counter,cpu
20,transformer.layer.1.attention.k_lin,Linear,0.3994,0.375,150994944.0,590592,0,13,0.4002,counter,"[1, 128, 768]","[1, 128, 768]",974.84,0.0,0.375,cpu_perf_counter,cpu
20,transformer.layer.1.attention.v_lin,Linear,0.3976,0.375,150994944.0,590592,0,14,0.3984,counter,"[1, 128, 768]","[1, 128, 768]",974.84,0.0,0.375,cpu_perf_counter,cpu
20,transformer.layer.1.attention.out_lin,Linear,0.3854,0.375,150994944.0,590592,0,15,0.3862,counter,"[1, 128, 768]","[1, 128, 768]",974.84,0.0,0.375,cpu_perf_counter,cpu
20,transformer.layer.1.sa_layer_norm,LayerNorm,0.0398,0.375,491520.0,1536,0,16,0.0406,analytic,"[1, 128, 768]","[1, 128, 768]",974.84,0.0,0.375,cpu_perf_counter,cpu
20,transformer.layer.1.ffn.lin1,Linear,1.4689,1.5,603979776.0,2362368,0,17,1.4697,counter,"[1, 128, 768]","[1, 128, 3072]",974.84,0.0,1.5,cpu_perf_counter,cpu
20,transformer.layer.1.ffn.activation,GELUActivation,0.135,1.5,0.0,0,0,18,0.1358,none,"[1, 128, 3072]","[1, 128, 3072]",974.84,0.0,1.5,cpu_perf_counter,cpu
20,transformer.layer.1.ffn.lin2,Linear,0.9561,0.375,603979776.0,2360064,0,19,0.9569,counter,"[1, 128, 3072]","[1, 128, 768]",974.84,0.0,0.375,cpu_perf_counter,cpu
20,transformer.layer.1.output_layer_norm,LayerNorm,0.0439,0.375,491520.0,1536,0,20,0.0447,analytic,"[1, 128, 768]","[1, 128, 768]",974.84,0.0,0.375,cpu_perf_counter,cpu
20,transformer.layer.2.attention.q_lin,Linear,0.2693,0.375,150994944.0,590592,0,21,0.2701,counter,"[1, 128, 768]","[1, 128, 768]",974.84,0.0,0.375,cpu_perf_counter,cpu
20,transformer.layer.2.attention.k_lin,Linear,0.2551,0.375,150994944.0,590592,0,22,0.2559,counter,"[1, 128, 768]","[1, 128, 768]",974.84,0.0,0.375,cpu_perf_counter,cpu
20,transformer.layer.2.attention.v_lin,Linear,0.2443,0.375,150994944.0,590592,0,23,0.2451,counter,"[1, 128, 768]","[1, 128, 768]",974.84,0.0,0.375,cpu_perf_counter,cpu
20,transformer.layer.2.attention.out_lin,Linear,0.2734,0.375,150994944.0,590592,0,24,0.2742,counter,"[1, 128, 768]","[1, 128, 768]",974.84,0.0,0.375,cpu_perf_counter,cpu
20,transformer.layer.2.sa_layer_norm,LayerNorm,0.0286,0.375,491520.0,1536,0,25,0.0294,analytic,"[1, 128, 768]","[1, 128, 768]",974.84,0.0,0.375,cpu_perf_counter,cpu
20,transformer.layer.2.ffn.lin1,Linear,1.1386,1.5,603979776.0,2362368,0,26,1.1394,counter,"[1, 128, 768]","[1, 128, 3072]",974.84,0.0,1.5,cpu_perf_counter,cpu
20,transformer.layer.2.ffn.activation,GELUActivation,0.1204,1.5,0.0,0,0,27,0.1212,none,"[1, 128, 3072]","[1, 128, 3072]",974.84,0.0,1.5,cpu_perf_counter,cpu
20,transformer.layer.2.ffn.lin2,Linear,0.938,0.375,603979776.0,2360064,0,28,0.9388,counter,"[1, 128, 3072]","[1, 128, 768]",974.84,0.0,0.375,cpu_perf_counter,cpu
20,transformer.layer.2.output_layer_norm,LayerNorm,0.0552,0.375,491520.0,1536,0,29,0.056,analytic,"[1, 128, 768]","[1, 128, 768]",974.84,0.0,0.375,cpu_perf_counter,cpu
20,transformer.layer.3.attention.q_lin,Linear,0.2748,0.375,150994944.0,590592,0,30,0.2756,counter,"[1, 128, 768]","[1, 128, 768]",974.84,0.0,0.375,cpu_perf_counter,cpu
20,transformer.layer.3.attention.k_lin,Linear,0.2808,0.375,150994944.0,590592,0,31,0.2816,counter,"[1, 128, 768]","[1, 128, 768]",974.84,0.0,0.375,cpu_perf_counter,cpu
20,transformer.layer.3.attention.v_lin,Linear,0.3048,0.375,150994944.0,590592,0,32,0.3056,counter,"[1, 128, 768]","[1, 128, 768]",974.84,0.0,0.375,cpu_perf_counter,cpu
20,transformer.layer.3.attention.out_lin,Linear,0.2973,0.375,150994944.0,590592,0,33,0.2981,counter,"[1, 128, 768]","[1, 128, 768]",974.84,0.0,0.375,cpu_perf_counter,cpu
20,transformer.layer.3.sa_layer_norm,LayerNorm,0.0321,0.375,491520.0,1536,0,34,0.0329,analytic,"[1, 128, 768]","[1, 128, 768]",974.84,0.0,0.375,cpu_perf_counter,cpu
20,transformer.layer.3.ffn.lin1,Linear,1.1662,1.5,603979776.0,2362368,0,35,1.167,counter,"[1, 128, 768]","[1, 128, 3072]",974.84,0.0,1.5,cpu_perf_counter,cpu
20,transformer.layer.3.ffn.activation,GELUActivation,0.1174,1.5,0.0,0,0,36,0.1182,none,"[1, 128, 3072]","[1, 128, 3072]",974.84,0.0,1.5,cpu_perf_counter,cpu
20,transformer.layer.3.ffn.lin2,Linear,0.9694,0.375,603979776.0,2360064,0,37,0.9702,counter,"[1, 128, 3072]","[1, 128, 768]",974.84,0.0,0.375,cpu_perf_counter,cpu
20,transformer.layer.3.output_layer_norm,LayerNorm,0.0396,0.375,491520.0,1536,0,38,0.0404,analytic,"[1, 128, 768]","[1, 128, 768]",974.84,0.0,0.375,cpu_perf_counter,cpu
20,transformer.layer.4.attention.q_lin,Linear,0.2845,0.375,150994944.0,590592,0,39,0.2853,counter,"[1, 128, 768]","[1, 128, 768]",974.84,0.0,0.375,cpu_perf_counter,cpu
20,transformer.layer.4.attention.k_lin,Linear,0.2478,0.375,150994944.0,590592,0,40,0.2486,counter,"[1, 128, 768]","[1, 128, 768]",974.84,0.0,0.375,cpu_perf_counter,cpu
20,transformer.layer.4.attention.v_lin,Linear,0.2478,0.375,150994944.0,590592,0,41,0.2486,counter,"[1, 128, 768]","[1, 128, 768]",974.84,0.0,0.375,cpu_perf_counter,cpu
20,transformer.layer.4.attention.out_lin,Linear,0.2591,0.375,150994944.0,590592,0,42,0.2599,counter,"[1, 128, 768]","[1, 128, 768]",974.84,0.0,0.375,cpu_perf_counter,cpu
20,transformer.layer.4.sa_layer_norm,LayerNorm,0.0256,0.375,491520.0,1536,0,43,0.0264,analytic,"[1, 128, 768]","[1, 128, 768]",974.84,0.0,0.375,cpu_perf_counter,cpu
20,transformer.layer.4.ffn.lin1,Linear,1.1541,1.5,603979776.0,2362368,0,44,1.1549,counter,"[1, 128, 768]","[1, 128, 3072]",974.84,0.0,1.5,cpu_perf_counter,cpu
20,transformer.layer.4.ffn.activation,GELUActivation,0.105,1.5,0.0,0,0,45,0.1058,none,"[1, 128, 3072]","[1, 128, 3072]",974.84,0.0,1.5,cpu_perf_counter,cpu
20,transformer.layer.4.ffn.lin2,Linear,0.9214,0.375,603979776.0,2360064,0,46,0.9222,counter,"[1, 128, 3072]","[1, 128, 768]",974.84,0.0,0.375,cpu_perf_counter,cpu
20,transformer.layer.4.output_layer_norm,LayerNorm,0.0383,0.375,491520.0,1536,0,47,0.0391,analytic,"[1, 128, 768]","[1, 128, 768]",974.84,0.0,0.375,cpu_perf_counter,cpu
20,transformer.layer.5.attention.q_lin,Linear,0.2659,0.375,150994944.0,590592,0,48,0.2667,counter,"[1, 128, 768]","[1, 128, 768]",974.84,0.0,0.375,cpu_perf_counter,cpu
20,transformer.layer.5.attention.k_lin,Linear,0.251,0.375,150994944.0,590592,0,49,0.2518,counter,"[1, 128, 768]","[1, 128, 768]",974.84,0.0,0.375,cpu_perf_counter,cpu
20,transformer.layer.5.attention.v_lin,Linear,0.2417,0.375,150994944.0,590592,0,50,0.2425,counter,"[1, 128, 768]","[1, 128, 768]",974.84,0.0,0.375,cpu_perf_counter,cpu
20,transformer.layer.5.attention.out_lin,Linear,0.2538,0.375,150994944.0,590592,0,51,0.2546,counter,"[1, 128, 768]","[1, 128, 768]",974.84,0.0,0.375,cpu_perf_counter,cpu
20,transformer.layer.5.sa_layer_norm,LayerNorm,0.0349,0.375,491520.0,1536,0,52,0.0357,analytic,"[1, 128, 768]","[1, 128, 768]",974.84,0.0,0.375,cpu_perf_counter,cpu
20,transformer.layer.5.ffn.lin1,Linear,1.1006,1.5,603979776.0,2362368,0,53,1.1014,counter,"[1, 128, 768]","[1, 128, 3072]",974.84,0.0,1.5,cpu_perf_counter,cpu
20,transformer.layer.5.ffn.activation,GELUActivation,0.1138,1.5,0.0,0,0,54,0.1146,none,"[1, 128, 3072]","[1, 128, 3072]",974.84,0.0,1.5,cpu_perf_counter,cpu
20,transformer.layer.5.ffn.lin2,Linear,0.9451,0.375,603979776.0,2360064,0,55,0.9459,counter,"[1, 128, 3072]","[1, 128, 768]",974.84,0.0,0.375,cpu_perf_counter,cpu
20,transformer.layer.5.output_layer_norm,LayerNorm,0.0402,0.375,491520.0,1536,0,56,0.041,analytic,"[1, 128, 768]","[1, 128, 768]",974.84,0.0,0.375,cpu_perf_counter,cpu
21,embeddings.word_embeddings,Embedding,0.0562,0.375,0.0,23440896,0,0,0.057,none,"[1, 128]","[1, 128, 768]",974.84,0.0,0.375,cpu_perf_counter,cpu
21,embeddings.position_embeddings,Embedding,0.0226,0.375,0.0,393216,0,1,0.0234,none,"[1, 128]","[1, 128, 768]",974.84,0.0,0.375,cpu_perf_counter,cpu
21,embeddings.LayerNorm,LayerNorm,0.025,0.375,491520.0,1536,0,2,0.0258,analytic,"[1, 128, 768]","[1, 128, 768]",974.84,0.0,0.375,cpu_perf_counter,cpu
21,transformer.layer.0.attention.q_lin,Linear,0.2711,0.375,150994944.0,590592,0,3,0.2719,counter,"[1, 128, 768]","[1, 128, 768]",974.84,0.0,0.375,cpu_perf_counter,cpu
21,transformer.layer.0.attention.k_lin,Linear,0.2453,0.375,150994944.0,590592,0,4,0.2461,counter,"[1, 128, 768]","[1, 128, 768]",974.84,0.0,0.375,cpu_perf_counter,cpu
21,transformer.layer.0.attention.v_lin,Linear,0.2357,0.375,150994944.0,590592,0,5,0.2365,counter,"[1, 128, 768]","[1, 128, 768]",974.84,0.0,0.375,cpu_perf_counter,cpu
21,transformer.layer.0.attention.out_lin,Linear,0.2519,0.375,150994944.0,590592,0,6,0.2527,counter,"[1, 128, 768]","[1, 128, 768]",974.84,0.0,0.375,cpu_perf_counter,cpu
21,transformer.layer.0.sa_layer_norm,LayerNorm,0.0269,0.375,491520.0,1536,0,7,0.0277,analytic,"[1, 128, 768]","[1, 128, 768]",974.84,0.0,0.375,cpu_perf_counter,cpu
21,transformer.layer.0.ffn.lin1,Linear,1.0721,1.5,603979776.0,2362368,0,8,1.0729,counter,"[1, 128, 768]","[1, 128, 3072]",974.84,0.0,1.5,cpu_perf_counter,cpu
21,transformer.layer.0.ffn.activation,GELUActivation,0.1291,1.5,0.0,0,0,9,0.1299,none,"[1, 128, 3072]","[1, 128, 3072]",974.84,0.0,1.5,cpu_perf_counter,cpu
21,transformer.layer.0.ffn.lin2,Linear,0.9361,0.375,603979776.0,2360064,0,10,0.9369,counter,"[1, 128, 3072]","[1, 128, 768]",974.84,0.0,0.375,cpu_perf_counter,cpu
21,transformer.layer.0.output_layer_norm,LayerNorm,0.0391,0.375,491520.0,1536,0,11,0.0399,analytic,"[1, 128, 768]","[1, 128, 768]",974.84,0.0,0.375,cpu_perf_counter,cpu
21,transformer.layer.1.attention.q_lin,Linear,0.2798,0.375,150994944.0,590592,0,12,0.2806,counter,"[1, 128, 768]","[1, 128, 768]",974.84,0.0,0.375,cpu_perf_counter,cpu
21,transformer.layer.1.attention.k_lin,Linear,0.2586,0.375,150994944.0,590592,0,13,0.2594,counter,"[1, 128, 768]","[1, 128, 768]",974.84,0.0,0.375,cpu_perf_counter,cpu
21,transformer.layer.1.attention.v_lin,Linear,0.2558,0.375,150994944.0,590592,0,14,0.2566,counter,"[1, 128, 768]","[1, 128, 768]",974.84,0.0,0.375,cpu_perf_counter,cpu
21,transformer.layer.1.attention.out_lin,Linear,0.259,0.375,150994944.0,590592,0,15,0.2598,counter,"[1, 128, 768]","[1, 128, 768]",974.84,0.0,0.375,cpu_perf_counter,cpu
21,transformer.layer.1.sa_layer_norm,LayerNorm,0.0294,0.375,491520.0,1536,0,16,0.0302,analytic,"[1, 128, 768]","[1, 128, 768]",974.84,0.0,0.375,cpu_perf_counter,cpu
21,transformer.layer.1.ffn.lin1,Linear,1.1403,1.5,603979776.0,2362368,0,17,1.1411,counter,"[1, 128, 768]","[1, 128, 3072]",974.84,0.0,1.5,cpu_perf_counter,cpu
21,transformer.layer.1.ffn.activation,GELUActivation,0.1329,1.5,0.0,0,0,18,0.1337,none,"[1, 128, 3072]","[1, 128, 3072]",974.84,0.0,1.5,cpu_perf_counter,cpu
21,transformer.layer.1.ffn.lin2,Linear,1.4352,0.375,603979776.0,2360064,0,19,1.436,counter,"[1, 128, 3072]","[1, 128, 768]",974.84,0.0,0.375,cpu_perf_counter,cpu
21,transformer.layer.1.output_layer_norm,LayerNorm,0.0396,0.375,491520.0,1536,0,20,0.0404,analytic,"[1, 128, 768]","[1, 128, 768]",974.84,0.0,0.375,cpu_perf_counter,cpu
21,transformer.layer.2.attention.q_lin,Linear,0.3749,0.375,150994944.0,590592,0,21,0.3757,counter,"[1, 128, 768]","[1, 128, 768]",974.84,0.0,0.375,cpu_perf_counter,cpu
21,transformer.layer.2.attention.k_lin,Linear,0.358,0.375,150994944.0,590592,0,22,0.3588,counter,"[1, 128, 768]","[1, 128, 768]",974.84,0.0,0.375,cpu_perf_counter,cpu
21,transformer.layer.2.attention.v_lin,Linear,0.3569,0.375,150994944.0,590592,0,23,0.3577,counter,"[1, 128, 768]","[1, 128, 768]",974.84,0.0,0.375,cpu_perf_counter,cpu
21,transformer.layer.2.attention.out_lin,Linear,0.3751,0.375,150994944.0,590592,0,24,0.3759,counter,"[1, 128, 768]","[1, 128, 768]",974.84,0.0,0.375,cpu_perf_counter,cpu
21,transformer.layer.2.sa_layer_norm,LayerNorm,0.0266,0.375,491520.0,1536,0,25,0.0274,analytic,"[1, 128, 768]","[1, 128, 768]",974.84,0.0,0.375,cpu_perf_counter,cpu
21,transformer.layer.2.ffn.lin1,Linear,1.4871,1.5,603979776.0,2362368,0,26,1.4879,counter,"[1, 128, 768]","[1, 128, 3072]",974.84,0.0,1.5,cpu_perf_counter,cpu
21,transformer.layer.2.ffn.activation,GELUActivation,0.1197,1.5,0.0,0,0,27,0.1205,none,"[1, 128, 3072]","[1, 128, 3072]",974.84,0.0,1.5,cpu_perf_counter,cpu
21,transformer.layer.2.ffn.lin2,Linear,1.3419,0.375,603979776.0,2360064,0,28,1.3427,counter,"[1, 128, 3072]","[1, 128, 768]",974.84,0.0,0.375,cpu_perf_counter,cpu
21,transformer.layer.2.output_layer_norm,LayerNorm,0.0393,0.375,491520.0,1536,0,29,0.0401,analytic,"[1, 128, 768]","[1, 128, 768]",974.84,0.0,0.375,cpu_perf_counter,cpu
21,transformer.layer.3.attention.q_lin,Linear,0.3791,0.375,150994944.0,590592,0,30,0.3799,counter,"[1, 128, 768]","[1, 128, 768]",974.84,0.0,0.375,cpu_perf_counter,cpu
21,transformer.layer.3.attention.k_lin,Linear,0.366,0.375,150994944.0,590592,0,31,0.3668,counter,"[1, 128, 768]","[1, 128, 768]",974.84,0.0,0.375,cpu_perf_counter,cpu
21,transformer.layer.3.attention.v_lin,Linear,0.3569,0.375,150994944.0,590592,0,32,0.3577,counter,"[1, 128, 768]","[1, 128, 768]",974.84,0.0,0.375,cpu_perf_counter,cpu
21,transformer.layer.3.attention.out_lin,Linear,0.354,0.375,150994944.0,590592,0,33,0.3548,counter,"[1, 128, 768]","[1, 128, 768]",974.84,0.0,0.375,cpu_perf_counter,cpu
21,transformer.layer.3.sa_layer_norm,LayerNorm,0.0284,0.375,491520.0,1536,0,34,0.0292,analytic,"[1, 128, 768]","[1, 128, 768]",974.84,0.0,0.375,cpu_perf_counter,cpu
21,transformer.layer.3.ffn.lin1,Linear,1.5229,1.5,603979776.0,2362368,0,35,1.5237,counter,"[1, 128, 768]","[1, 128, 3072]",974.84,0.0,1.5,cpu_perf_counter,cpu
21,transformer.layer.3.ffn.activation,GELUActivation,0.124,1.5,0.0,0,0,36,0.1248,none,"[1, 128, 3072]","[1, 128, 3072]",974.84,0.0,1.5,cpu_perf_counter,cpu
21,transformer.layer.3.ffn.lin2,Linear,1.4615,0.375,603979776.0,2360064,0,37,1.4623,counter,"[1, 128, 3072]","[1, 128, 768]",974.84,0.0,0.375,cpu_perf_counter,cpu
21,transformer.layer.3.output_layer_norm,LayerNorm,0.038,0.375,491520.0,1536,0,38,0.0388,analytic,"[1, 128, 768]","[1, 128, 768]",974.84,0.0,0.375,cpu_perf_counter,cpu
21,transformer.layer.4.attention.q_lin,Linear,0.3671,0.375,150994944.0,590592,0,39,0.3679,counter,"[1, 128, 768]","[1, 128, 768]",974.84,0.0,0.375,cpu_perf_counter,cpu
21,transformer.layer.4.attention.k_lin,Linear,0.3629,0.375,150994944.0,590592,0,40,0.3637,counter,"[1, 128, 768]","[1, 128, 768]",974.84,0.0,0.375,cpu_perf_counter,cpu
21,transformer.layer.4.attention.v_lin,Linear,0.3546,0.375,150994944.0,590592,0,41,0.3554,counter,"[1, 128, 768]","[1, 128, 768]",974.84,0.0,0.375,cpu_perf_counter,cpu
21,transformer.layer.4.attention.out_lin,Linear,0.3689,0.375,150994944.0,590592,0,42,0.3697,counter,"[1, 128, 768]","[1, 128, 768]",974.84,0.0,0.375,cpu_perf_counter,cpu
21,transformer.layer.4.sa_layer_norm,LayerNorm,0.0328,0.375,491520.0,1536,0,43,0.0336,analytic,"[1, 128, 768]","[1, 128, 768]",974.84,0.0,0.375,cpu_perf_counter,cpu
21,transformer.layer.4.ffn.lin1,Linear,1.568,1.5,603979776.0,2362368,0,44,1.5688,counter,"[1, 128, 768]","[1, 128, 3072]",974.84,0.0,1.5,cpu_perf_counter,cpu
21,transformer.layer.4.ffn.activation,GELUActivation,0.1262,1.5,0.0,0,0,45,0.127,none,"[1, 128, 3072]","[1, 128, 3072]",974.84,0.0,1.5,cpu_perf_counter,cpu
21,transformer.layer.4.ffn.lin2,Linear,1.4061,0.375,603979776.0,2360064,0,46,1.4069,counter,"[1, 128, 3072]","[1, 128, 768]",974.84,0.0,0.375,cpu_perf_counter,cpu
21,transformer.layer.4.output_layer_norm,LayerNorm,0.0388,0.375,491520.0,1536,0,47,0.0396,analytic,"[1, 128, 768]","[1, 128, 768]",974.84,0.0,0.375,cpu_perf_counter,cpu
21,transformer.layer.5.attention.q_lin,Linear,0.3874,0.375,150994944.0,590592,0,48,0.3882,counter,"[1, 128, 768]","[1, 128, 768]",974.84,0.0,0.375,cpu_perf_counter,cpu
21,transformer.layer.5.attention.k_lin,Linear,0.3633,0.375,150994944.0,590592,0,49,0.3641,counter,"[1, 128, 768]","[1, 128, 768]",974.84,0.0,0.375,cpu_perf_counter,cpu
21,transformer.layer.5.attention.v_lin,Linear,0.3662,0.375,150994944.0,590592,0,50,0.367,counter,"[1, 128, 768]","[1, 128, 768]",974.84,0.0,0.375,cpu_perf_counter,cpu
21,transformer.layer.5.attention.out_lin,Linear,0.4321,0.375,150994944.0,590592,0,51,0.4329,counter,"[1, 128, 768]","[1, 128, 768]",974.84,0.0,0.375,cpu_perf_counter,cpu
21,transformer.layer.5.sa_layer_norm,LayerNorm,0.0608,0.375,491520.0,1536,0,52,0.0616,analytic,"[1, 128, 768]","[1, 128, 768]",974.84,0.0,0.375,cpu_perf_counter,cpu
21,transformer.layer.5.ffn.lin1,Linear,1.7795,1.5,603979776.0,2362368,0,53,1.7803,counter,"[1, 128, 768]","[1, 128, 3072]",974.84,0.0,1.5,cpu_perf_counter,cpu
21,transformer.layer.5.ffn.activation,GELUActivation,0.1423,1.5,0.0,0,0,54,0.1431,none,"[1, 128, 3072]","[1, 128, 3072]",974.84,0.0,1.5,cpu_perf_counter,cpu
21,transformer.layer.5.ffn.lin2,Linear,1.5365,0.375,603979776.0,2360064,0,55,1.5373,counter,"[1, 128, 3072]","[1, 128, 768]",974.84,0.0,0.375,cpu_perf_counter,cpu
21,transformer.layer.5.output_layer_norm,LayerNorm,0.0421,0.375,491520.0,1536,0,56,0.0429,analytic,"[1, 128, 768]","[1, 128, 768]",974.84,0.0,0.375,cpu_perf_counter,cpu
22,embeddings.word_embeddings,Embedding,0.0535,0.375,0.0,23440896,0,0,0.0543,none,"[1, 128]","[1, 128, 768]",974.85,0.0,0.375,cpu_perf_counter,cpu
22,embeddings.position_embeddings,Embedding,0.0313,0.375,0.0,393216,0,1,0.0321,none,"[1, 128]","[1, 128, 768]",974.85,0.0,0.375,cpu_perf_counter,cpu
22,embeddings.LayerNorm,LayerNorm,0.0344,0.375,491520.0,1536,0,2,0.0352,analytic,"[1, 128, 768]","[1, 128, 768]",974.85,0.0,0.375,cpu_perf_counter,cpu
22,transformer.layer.0.attention.q_lin,Linear,0.3856,0.375,150994944.0,590592,0,3,0.3864,counter,"[1, 128, 768]","[1, 128, 768]",974.85,0.0,0.375,cpu_perf_counter,cpu
22,transformer.layer.0.attention.k_lin,Linear,0.3597,0.375,150994944.0,590592,0,4,0.3605,counter,"[1, 128, 768]","[1, 128, 768]",974.85,0.0,0.375,cpu_perf_counter,cpu
22,transformer.layer.0.attention.v_lin,Linear,0.3507,0.375,150994944.0,590592,0,5,0.3515,counter,"[1, 128, 768]","[1, 128, 768]",974.85,0.0,0.375,cpu_perf_counter,cpu
22,transformer.layer.0.attention.out_lin,Linear,0.3508,0.375,150994944.0,590592,0,6,0.3516,counter,"[1, 128, 768]","[1, 128, 768]",974.85,0.0,0.375,cpu_perf_counter,cpu
22,transformer.layer.0.sa_layer_norm,LayerNorm,0.0291,0.375,491520.0,1536,0,7,0.0299,analytic,"[1, 128, 768]","[1, 128, 768]",974.85,0.0,0.375,cpu_perf_counter,cpu
22,transformer.layer.0.ffn.lin1,Linear,1.5231,1.5,603979776.0,2362368,0,8,1.5239,counter,"[1, 128, 768]","[1, 128, 3072]",974.85,0.0,1.5,cpu_perf_counter,cpu
22,transformer.layer.0.ffn.activation,GELUActivation,0.1278,1.5,0.0,0,0,9,0.1286,none,"[1, 128, 3072]","[1, 128, 3072]",974.85,0.0,1.5,cpu_perf_counter,cpu
22,transformer.layer.0.ffn.lin2,Linear,1.4469,0.375,603979776.0,2360064,0,10,1.4477,counter,"[1, 128, 3072]","[1, 128, 768]",974.85,0.0,0.375,cpu_perf_counter,cpu
22,transformer.layer.0.output_layer_norm,LayerNorm,0.0433,0.375,491520.0,1536,0,11,0.0441,analytic,"[1, 128, 768]","[1, 128, 768]",974.85,0.0,0.375,cpu_perf_counter,cpu
22,transformer.layer.1.attention.q_lin,Linear,0.3929,0.375,150994944.0,590592,0,12,0.3937,counter,"[1, 128, 768]","[1, 128, 768]",974.85,0.0,0.375,cpu_perf_counter,cpu
22,transformer.layer.1.attention.k_lin,Linear,0.4421,0.375,150994944.0,590592,0,13,0.4429,counter,"[1, 128, 768]","[1, 128, 768]",974.85,0.0,0.375,cpu_perf_counter,cpu
22,transformer.layer.1.attention.v_lin,Linear,0.4631,0.375,150994944.0,590592,0,14,0.4639,counter,"[1, 128, 768]","[1, 128, 768]",974.85,0.0,0.375,cpu_perf_counter,cpu
22,transformer.layer.1.attention.out_lin,Linear,0.37,0.375,150994944.0,590592,0,15,0.3708,counter,"[1, 128, 768]","[1, 128, 768]",974.85,0.0,0.375,cpu_perf_counter,cpu
22,transformer.layer.1.sa_layer_norm,LayerNorm,0.0365,0.375,491520.0,1536,0,16,0.0373,analytic,"[1, 128, 768]","[1, 128, 768]",974.85,0.0,0.375,cpu_perf_counter,cpu
22,transformer.layer.1.ffn.lin1,Linear,1.6987,1.5,603979776.0,2362368,0,17,1.6995,counter,"[1, 128, 768]","[1, 128, 3072]",974.85,0.0,1.5,cpu_perf_counter,cpu
22,transformer.layer.1.ffn.activation,GELUActivation,0.1518,1.5,0.0,0,0,18,0.1526,none,"[1, 128, 3072]","[1, 128, 3072]",974.85,0.0,1.5,cpu_perf_counter,cpu
22,transformer.layer.1.ffn.lin2,Linear,1.4652,0.375,603979776.0,2360064,0,19,1.466,counter,"[1, 128, 3072]","[1, 128, 768]",974.85,0.0,0.375,cpu_perf_counter,cpu
22,transformer.layer.1.output_layer_norm,LayerNorm,0.0537,0.375,491520.0,1536,0,20,0.0545,analytic,"[1, 128, 768]","[1, 128, 768]",974.85,0.0,0.375,cpu_perf_counter,cpu
22,transformer.layer.2.attention.q_lin,Linear,0.4139,0.375,150994944.0,590592,0,21,0.4147,counter,"[1, 128, 768]","[1, 128, 768]",974.85,0.0,0.375,cpu_perf_counter,cpu
22,transformer.layer.2.attention.k_lin,Linear,0.3627,0.375,150994944.0,590592,0,22,0.3635,counter,"[1, 128, 768]","[1, 128, 768]",974.85,0.0,0.375,cpu_perf_counter,cpu
22,transformer.layer.2.attention.v_lin,Linear,0.3604,0.375,150994944.0,590592,0,23,0.3612,counter,"[1, 128, 768]","[1, 128, 768]",974.85,0.0,0.375,cpu_perf_counter,cpu
22,transformer.layer.2.attention.out_lin,Linear,0.3894,0.375,150994944.0,590592,0,24,0.3902,counter,"[1, 128, 768]","[1, 128, 768]",974.85,0.0,0.375,cpu_perf_counter,cpu
22,transformer.layer.2.sa_layer_norm,LayerNorm,0.0335,0.375,491520.0,1536,0,25,0.0343,analytic,"[1, 128, 768]","[1, 128, 768]",974.85,0.0,0.375,cpu_perf_counter,cpu
22,transformer.layer.2.ffn.lin1,Linear,1.5632,1.5,603979776.0,2362368,0,26,1.564,counter,"[1, 128, 768]","[1, 128, 3072]",974.85,0.0,1.5,cpu_perf_counter,cpu
22,transformer.layer.2.ffn.activation,GELUActivation,0.1419,1.5,0.0,0,0,27,0.1427,none,"[1, 128, 3072]","[1, 128, 3072]",974.85,0.0,1.5,cpu_perf_counter,cpu
22,transformer.layer.2.ffn.lin2,Linear,1.4459,0.375,603979776.0,2360064,0,28,1.4467,counter,"[1, 128, 3072]","[1, 128, 768]",974.85,0.0,0.375,cpu_perf_counter,cpu
22,transformer.layer.2.output_layer_norm,LayerNorm,0.0418,0.375,491520.0,1536,0,29,0.0426,analytic,"[1, 128, 768]","[1, 128, 768]",974.85,0.0,0.375,cpu_perf_counter,cpu
22,transformer.layer.3.attention.q_lin,Linear,0.3688,0.375,150994944.0,590592,0,30,0.3696,counter,"[1, 128, 768]","[1, 128, 768]",974.85,0.0,0.375,cpu_perf_counter,cpu
22,transformer.layer.3.attention.k_lin,Linear,0.3596,0.375,150994944.0,590592,0,31,0.3604,counter,"[1, 128, 768]","[1, 128, 768]",974.85,0.0,0.375,cpu_perf_counter,cpu
22,transformer.layer.3.attention.v_lin,Linear,0.3423,0.375,150994944.0,590592,0,32,0.3431,counter,"[1, 128, 768]","[1, 128, 768]",974.85,0.0,0.375,cpu_perf_counter,cpu
22,transformer.layer.3.attention.out_lin,Linear,0.3526,0.375,150994944.0,590592,0,33,0.3534,counter,"[1, 128, 768]","[1, 128, 768]",974.85,0.0,0.375,cpu_perf_counter,cpu
22,transformer.layer.3.sa_layer_norm,LayerNorm,0.0295,0.375,491520.0,1536,0,34,0.0303,analytic,"[1, 128, 768]","[1, 128, 768]",974.85,0.0,0.375,cpu_perf_counter,cpu
22,transformer.layer.3.ffn.lin1,Linear,1.5259,1.5,603979776.0,2362368,0,35,1.5267,counter,"[1, 128, 768]","[1, 128, 3072]",974.85,0.0,1.5,cpu_perf_counter,cpu
22,transformer.layer.3.ffn.activation,GELUActivation,0.1321,1.5,0.0,0,0,36,0.1329,none,"[1, 128, 3072]","[1, 128, 3072]",974.85,0.0,1.5,cpu_perf_counter,cpu
22,transformer.layer.3.ffn.lin2,Linear,1.4227,0.375,603979776.0,2360064,0,37,1.4235,counter,"[1, 128, 3072]","[1, 128, 768]",974.85,0.0,0.375,cpu_perf_counter,cpu
22,transformer.layer.3.output_layer_norm,LayerNorm,0.0422,0.375,491520.0,1536,0,38,0.043,analytic,"[1, 128, 768]","[1, 128, 768]",974.85,0.0,0.375,cpu_perf_counter,cpu
22,transformer.layer.4.attention.q_lin,Linear,0.3966,0.375,150994944.0,590592,0,39,0.3974,counter,"[1, 128, 768]","[1, 128, 768]",974.85,0.0,0.375,cpu_perf_counter,cpu
22,transformer.layer.4.attention.k_lin,Linear,0.3609,0.375,150994944.0,590592,0,40,0.3617,counter,"[1, 128, 768]","[1, 128, 768]",974.85,0.0,0.375,cpu_perf_counter,cpu
22,transformer.layer.4.attention.v_lin,Linear,0.3586,0.375,150994944.0,590592,0,41,0.3594,counter,"[1, 128, 768]","[1, 128, 768]",974.85,0.0,0.375,cpu_perf_counter,cpu
22,transformer.layer.4.attention.out_lin,Linear,0.3626,0.375,150994944.0,590592,0,42,0.3634,counter,"[1, 128, 768]","[1, 128, 768]",974.85,0.0,0.375,cpu_perf_counter,cpu
22,transformer.layer.4.sa_layer_norm,LayerNorm,0.0289,0.375,491520.0,1536,0,43,0.0297,analytic,"[1, 128, 768]","[1, 128, 768]",974.85,0.0,0.375,cpu_perf_counter,cpu
22,transformer.layer.4.ffn.lin1,Linear,1.5718,1.5,603979776.0,2362368,0,44,1.5726,counter,"[1, 128, 768]","[1, 128, 3072]",974.85,0.0,1.5,cpu_perf_counter,cpu
22,transformer.layer.4.ffn.activation,GELUActivation,0.128,1.5,0.0,0,0,45,0.1288,none,"[1, 128, 3072]","[1, 128, 3072]",974.85,0.0,1.5,cpu_perf_counter,cpu
22,transformer.layer.4.ffn.lin2,Linear,1.4479,0.375,603979776.0,2360064,0,46,1.4487,counter,"[1, 128, 3072]","[1, 128, 768]",974.85,0.0,0.375,cpu_perf_counter,cpu
22,transformer.layer.4.output_layer_norm,LayerNorm,0.0409,0.375,491520.0,1536,0,47,0.0417,analytic,"[1, 128, 768]","[1, 128, 768]",974.85,0.0,0.375,cpu_perf_counter,cpu
22,transformer.layer.5.attention.q_lin,Linear,0.3664,0.375,150994944.0,590592,0,48,0.3672,counter,"[1, 128, 768]","[1, 128, 768]",974.85,0.0,0.375,cpu_perf_counter,cpu
22,transformer.layer.5.attention.k_lin,Linear,0.3484,0.375,150994944.0,590592,0,49,0.3492,counter,"[1, 128, 768]","[1, 128, 768]",974.85,0.0,0.375,cpu_perf_counter,cpu
22,transformer.layer.5.attention.v_lin,Linear,0.3489,0.375,150994944.0,590592,0,50,0.3497,counter,"[1, 128, 768]","[1, 128, 768]",974.85,0.0,0.375,cpu_perf_counter,cpu
22,transformer.layer.5.attention.out_lin,Linear,0.352,0.375,150994944.0,590592,0,51,0.3528,counter,"[1, 128, 768]","[1, 128, 768]",974.85,0.0,0.375,cpu_perf_counter,cpu
22,transformer.layer.5.sa_layer_norm,LayerNorm,0.0284,0.375,491520.0,1536,0,52,0.0292,analytic,"[1, 128, 768]","[1, 128, 768]",974.85,0.0,0.375,cpu_perf_counter,cpu
22,transformer.layer.5.ffn.lin1,Linear,1.5275,1.5,603979776.0,2362368,0,53,1.5283,counter,"[1, 128, 768]","[1, 128, 3072]",974.85,0.0,1.5,cpu_perf_counter,cpu
22,transformer.layer.5.ffn.activation,GELUActivation,0.1249,1.5,0.0,0,0,54,0.1257,none,"[1, 128, 3072]","[1, 128, 3072]",974.85,0.0,1.5,cpu_perf_counter,cpu
22,transformer.layer.5.ffn.lin2,Linear,1.4341,0.375,603979776.0,2360064,0,55,1.4349,counter,"[1, 128, 3072]","[1, 128, 768]",974.85,0.0,0.375,cpu_perf_counter,cpu
22,transformer.layer.5.output_layer_norm,LayerNorm,0.0375,0.375,491520.0,1536,0,56,0.0383,analytic,"[1, 128, 768]","[1, 128, 768]",974.85,0.0,0.375,cpu_perf_counter,cpu
23,embeddings.word_embeddings,Embedding,0.0533,0.375,0.0,23440896,0,0,0.0541,none,"[1, 128]","[1, 128, 768]",974.85,0.0,0.375,cpu_perf_counter,cpu
23,embeddings.position_embeddings,Embedding,0.0209,0.375,0.0,393216,0,1,0.0217,none,"[1, 128]","[1, 128, 768]",974.85,0.0,0.375,cpu_perf_counter,cpu
23,embeddings.LayerNorm,LayerNorm,0.0257,0.375,491520.0,1536,0,2,0.0265,analytic,"[1, 128, 768]","[1, 128, 768]",974.85,0.0,0.375,cpu_perf_counter,cpu
23,transformer.layer.0.attention.q_lin,Linear,0.3673,0.375,150994944.0,590592,0,3,0.3681,counter,"[1, 128, 768]","[1, 128, 768]",974.85,0.0,0.375,cpu_perf_counter,cpu
23,transformer.layer.0.attention.k_lin,Linear,0.3517,0.375,150994944.0,590592,0,4,0.3525,counter,"[1, 128, 768]","[1, 128, 768]",974.85,0.0,0.375,cpu_perf_counter,cpu
23,transformer.layer.0.attention.v_lin,Linear,0.3526,0.375,150994944.0,590592,0,5,0.3534,counter,"[1, 128, 768]","[1, 128, 768]",974.85,0.0,0.375,cpu_perf_counter,cpu
23,transformer.layer.0.attention.out_lin,Linear,0.3577,0.375,150994944.0,590592,0,6,0.3585,counter,"[1, 128, 768]","[1, 128, 768]",974.85,0.0,0.375,cpu_perf_counter,cpu
23,transformer.layer.0.sa_layer_norm,LayerNorm,0.0294,0.375,491520.0,1536,0,7,0.0302,analytic,"[1, 128, 768]","[1, 128, 768]",974.85,0.0,0.375,cpu_perf_counter,cpu
23,transformer.layer.0.ffn.lin1,Linear,1.5022,1.5,603979776.0,2362368,0,8,1.503,counter,"[1, 128, 768]","[1, 128, 3072]",974.85,0.0,1.5,cpu_perf_counter,cpu
23,transformer.layer.0.ffn.activation,GELUActivation,0.1235,1.5,0.0,0,0,9,0.1243,none,"[1, 128, 3072]","[1, 128, 3072]",974.85,0.0,1.5,cpu_perf_counter,cpu
23,transformer.layer.0.ffn.lin2,Linear,1.4576,0.375,603979776.0,2360064,0,10,1.4584,counter,"[1, 128, 3072]","[1, 128, 768]",974.85,0.0,0.375,cpu_perf_counter,cpu
23,transformer.layer.0.output_layer_norm,LayerNorm,0.0374,0.375,491520.0,1536,0,11,0.0382,analytic,"[1, 128, 768]","[1, 128, 768]",974.85,0.0,0.375,cpu_perf_counter,cpu
23,transformer.layer.1.attention.q_lin,Linear,0.4687,0.375,150994944.0,590592,0,12,0.4695,counter,"[1, 128, 768]","[1, 128, 768]",974.85,0.0,0.375,cpu_perf_counter,cpu
23,transformer.layer.1.attention.k_lin,Linear,0.3648,0.375,150994944.0,590592,0,13,0.3656,counter,"[1, 128, 768]","[1, 128, 768]",974.85,0.0,0.375,cpu_perf_counter,cpu
23,transformer.layer.1.attention.v_lin,Linear,0.3483,0.375,150994944.0,590592,0,14,0.3491,counter,"[1, 128, 768]","[1, 128, 768]",974.85,0.0,0.375,cpu_perf_counter,cpu
23,transformer.layer.1.attention.out_lin,Linear,0.3556,0.375,150994944.0,590592,0,15,0.3564,counter,"[1, 128, 768]","[1, 128, 768]",974.85,0.0,0.375,cpu_perf_counter,cpu
23,transformer.layer.1.sa_layer_norm,LayerNorm,0.0339,0.375,491520.0,1536,0,16,0.0347,analytic,"[1, 128, 768]","[1, 128, 768]",974.85,0.0,0.375,cpu_perf_counter,cpu
23,transformer.layer.1.ffn.lin1,Linear,1.5608,1.5,603979776.0,2362368,0,17,1.5616,counter,"[1, 128, 768]","[1, 128, 3072]",974.85,0.0,1.5,cpu_perf_counter,cpu
23,transformer.layer.1.ffn.activation,GELUActivation,0.131,1.5,0.0,0,0,18,0.1318,none,"[1, 128, 3072]","[1, 128, 3072]",974.85,0.0,1.5,cpu_perf_counter,cpu
23,transformer.layer.1.ffn.lin2,Linear,1.4413,0.375,603979776.0,2360064,0,19,1.4421,counter,"[1, 128, 3072]","[1, 128, 768]",974.85,0.0,0.375,cpu_perf_counter,cpu
23,transformer.layer.1.output_layer_norm,LayerNorm,0.0406,0.375,491520.0,1536,0,20,0.0414,analytic,"[1, 128, 768]","[1, 128, 768]",974.85,0.0,0.375,cpu_perf_counter,cpu
23,transformer.layer.2.attention.q_lin,Linear,0.384,0.375,150994944.0,590592,0,21,0.3848,counter,"[1, 128, 768]","[1, 128, 768]",974.85,0.0,0.375,cpu_perf_counter,cpu
23,transformer.layer.2.attention.k_lin,Linear,0.3647,0.375,150994944.0,590592,0,22,0.3655,counter,"[1, 128, 768]","[1, 128, 768]",974.85,0.0,0.375,cpu_perf_counter,cpu
23,transformer.layer.2.attention.v_lin,Linear,0.3717,0.375,150994944.0,590592,0,23,0.3725,counter,"[1, 128, 768]","[1, 128, 768]",974.85,0.0,0.375,cpu_perf_counter,cpu
23,transformer.layer.2.attention.out_lin,Linear,0.4108,0.375,150994944.0,590592,0,24,0.4116,counter,"[1, 128, 768]","[1, 128, 768]",974.85,0.0,0.375,cpu_perf_counter,cpu
23,transformer.layer.2.sa_layer_norm,LayerNorm,0.0294,0.375,491520.0,1536,0,25,0.0302,analytic,"[1, 128, 768]","[1, 128, 768]",974.85,0.0,0.375,cpu_perf_counter,cpu
23,transformer.layer.2.ffn.lin1,Linear,1.5395,1.5,603979776.0,2362368,0,26,1.5403,counter,"[1, 128, 768]","[1, 128, 3072]",974.85,0.0,1.5,cpu_perf_counter,cpu
23,transformer.layer.2.ffn.activation,GELUActivation,0.1274,1.5,0.0,0,0,27,0.1282,none,"[1, 128, 3072]","[1, 128, 3072]",974.85,0.0,1.5,cpu_perf_counter,cpu
23,transformer.layer.2.ffn.lin2,Linear,1.4347,0.375,603979776.0,2360064,0,28,1.4355,counter,"[1, 128, 3072]","[1, 128, 768]",974.85,0.0,0.375,cpu_perf_counter,cpu
23,transformer.layer.2.output_layer_norm,LayerNorm,0.0398,0.375,491520.0,1536,0,29,0.0406,analytic,"[1, 128, 768]","[1, 128, 768]",974.85,0.0,0.375,cpu_perf_counter,cpu
23,transformer.layer.3.attention.q_lin,Linear,0.3781,0.375,150994944.0,590592,0,30,0.3789,counter,"[1, 128, 768]","[1, 128, 768]",974.85,0.0,0.375,cpu_perf_counter,cpu
23,transformer.layer.3.attention.k_lin,Linear,0.3663,0.375,150994944.0,590592,0,31,0.3671,counter,"[1, 128, 768]","[1, 128, 768]",974.85,0.0,0.375,cpu_perf_counter,cpu
23,transformer.layer.3.attention.v_lin,Linear,0.349,0.375,150994944.0,590592,0,32,0.3498,counter,"[1, 128, 768]","[1, 128, 768]",974.85,0.0,0.375,cpu_perf_counter,cpu
23,transformer.layer.3.attention.out_lin,Linear,0.3517,0.375,150994944.0,590592,0,33,0.3525,counter,"[1, 128, 768]","[1, 128, 768]",974.85,0.0,0.375,cpu_perf_counter,cpu
23,transformer.layer.3.sa_layer_norm,LayerNorm,0.0317,0.375,491520.0,1536,0,34,0.0325,analytic,"[1, 128, 768]","[1, 128, 768]",974.85,0.0,0.375,cpu_perf_counter,cpu
23,transformer.layer.3.ffn.lin1,Linear,1.4839,1.5,603979776.0,2362368,0,35,1.4847,counter,"[1, 128, 768]","[1, 128, 3072]",974.85,0.0,1.5,cpu_perf_counter,cpu
23,transformer.layer.3.ffn.activation,GELUActivation,0.113,1.5,0.0,0,0,36,0.1138,none,"[1, 128, 3072]","[1, 128, 3072]",974.85,0.0,1.5,cpu_perf_counter,cpu
23,transformer.layer.3.ffn.lin2,Linear,1.4699,0.375,603979776.0,2360064,0,37,1.4707,counter,"[1, 128, 3072]","[1, 128, 768]",974.85,0.0,0.375,cpu_perf_counter,cpu
23,transformer.layer.3.output_layer_norm,LayerNorm,0.037,0.375,491520.0,1536,0,38,0.0378,analytic,"[1, 128, 768]","[1, 128, 768]",974.85,0.0,0.375,cpu_perf_counter,cpu
23,transformer.layer.4.attention.q_lin,Linear,0.3677,0.375,150994944.0,590592,0,39,0.3685,counter,"[1, 128, 768]","[1, 128, 768]",974.85,0.0,0.375,cpu_perf_counter,cpu
23,transformer.layer.4.attention.k_lin,Linear,0.3574,0.375,150994944.0,590592,0,40,0.3582,counter,"[1, 128, 768]","[1, 128, 768]",974.85,0.0,0.375,cpu_perf_counter,cpu
23,transformer.layer.4.attention.v_lin,Linear,0.3628,0.375,150994944.0,590592,0,41,0.3636,counter,"[1, 128, 768]","[1, 128, 768]",974.85,0.0,0.375,cpu_perf_counter,cpu
23,transformer.layer.4.attention.out_lin,Linear,0.3664,0.375,150994944.0,590592,0,42,0.3672,counter,"[1, 128, 768]","[1, 128, 768]",974.85,0.0,0.375,cpu_perf_counter,cpu
23,transformer.layer.4.sa_layer_norm,LayerNorm,0.0297,0.375,491520.0,1536,0,43,0.0305,analytic,"[1, 128, 768]","[1, 128, 768]",974.85,0.0,0.375,cpu_perf_counter,cpu
23,transformer.layer.4.ffn.lin1,Linear,1.6455,1.5,603979776.0,2362368,0,44,1.6463,counter,"[1, 128, 768]","[1, 128, 3072]",974.85,0.0,1.5,cpu_perf_counter,cpu
23,transformer.layer.4.ffn.activation,GELUActivation,0.139,1.5,0.0,0,0,45,0.1398,none,"[1, 128, 3072]","[1, 128, 3072]",974.85,0.0,1.5,cpu_perf_counter,cpu
23,transformer.layer.4.ffn.lin2,Linear,1.5131,0.375,603979776.0,2360064,0,46,1.5139,counter,"[1, 128, 3072]","[1, 128, 768]",974.85,0.0,0.375,cpu_perf_counter,cpu
23,transformer.layer.4.output_layer_norm,LayerNorm,0.0514,0.375,491520.0,1536,0,47,0.0522,analytic,"[1, 128, 768]","[1, 128, 768]",974.85,0.0,0.375,cpu_perf_counter,cpu
23,transformer.layer.5.attention.q_lin,Linear,0.3958,0.375,150994944.0,590592,0,48,0.3966,counter,"[1, 128, 768]","[1, 128, 768]",974.85,0.0,0.375,cpu_perf_counter,cpu
23,transformer.layer.5.attention.k_lin,Linear,0.3684,0.375,150994944.0,590592,0,49,0.3692,counter,"[1, 128, 768]","[1, 128, 768]",974.85,0.0,0.375,cpu_perf_counter,cpu
23,transformer.layer.5.attention.v_lin,Linear,0.356,0.375,150994944.0,590592,0,50,0.3568,counter,"[1, 128, 768]","[1, 128, 768]",974.85,0.0,0.375,cpu_perf_counter,cpu
23,transformer.layer.5.attention.out_lin,Linear,0.372,0.375,150994944.0,590592,0,51,0.3728,counter,"[1, 128, 768]","[1, 128, 768]",974.85,0.0,0.375,cpu_perf_counter,cpu
23,transformer.layer.5.sa_layer_norm,LayerNorm,0.0323,0.375,491520.0,1536,0,52,0.0331,analytic,"[1, 128, 768]","[1, 128, 768]",974.85,0.0,0.375,cpu_perf_counter,cpu
23,transformer.layer.5.ffn.lin1,Linear,1.55,1.5,603979776.0,2362368,0,53,1.5508,counter,"[1, 128, 768]","[1, 128, 3072]",974.85,0.0,1.5,cpu_perf_counter,cpu
23,transformer.layer.5.ffn.activation,GELUActivation,0.1387,1.5,0.0,0,0,54,0.1395,none,"[1, 128, 3072]","[1, 128, 3072]",974.85,0.0,1.5,cpu_perf_counter,cpu
23,transformer.layer.5.ffn.lin2,Linear,1.4212,0.375,603979776.0,2360064,0,55,1.422,counter,"[1, 128, 3072]","[1, 128, 768]",974.85,0.0,0.375,cpu_perf_counter,cpu
23,transformer.layer.5.output_layer_norm,LayerNorm,0.0432,0.375,491520.0,1536,0,56,0.044,analytic,"[1, 128, 768]","[1, 128, 768]",974.85,0.0,0.375,cpu_perf_counter,cpu
24,embeddings.word_embeddings,Embedding,0.0574,0.375,0.0,23440896,0,0,0.0582,none,"[1, 128]","[1, 128, 768]",974.85,0.0,0.375,cpu_perf_counter,cpu
24,embeddings.position_embeddings,Embedding,0.0243,0.375,0.0,393216,0,1,0.0251,none,"[1, 128]","[1, 128, 768]",974.85,0.0,0.375,cpu_perf_counter,cpu
24,embeddings.LayerNorm,LayerNorm,0.0275,0.375,491520.0,1536,0,2,0.0283,analytic,"[1, 128, 768]","[1, 128, 768]",974.85,0.0,0.375,cpu_perf_counter,cpu
24,transformer.layer.0.attention.q_lin,Linear,0.3729,0.375,150994944.0,590592,0,3,0.3737,counter,"[1, 128, 768]","[1, 128, 768]",974.85,0.0,0.375,cpu_perf_counter,cpu
24,transformer.layer.0.attention.k_lin,Linear,0.3542,0.375,150994944.0,590592,0,4,0.355,counter,"[1, 128, 768]","[1, 128, 768]",974.85,0.0,0.375,cpu_perf_counter,cpu
24,transformer.layer.0.attention.v_lin,Linear,0.3424,0.375,150994944.0,590592,0,5,0.3432,counter,"[1, 128, 768]","[1, 128, 768]",974.85,0.0,0.375,cpu_perf_counter,cpu
24,transformer.layer.0.attention.out_lin,Linear,0.3576,0.375,150994944.0,590592,0,6,0.3584,counter,"[1, 128, 768]","[1, 128, 768]",974.85,0.0,0.375,cpu_perf_counter,cpu
24,transformer.layer.0.sa_layer_norm,LayerNorm,0.0323,0.375,491520.0,1536,0,7,0.0331,analytic,"[1, 128, 768]","[1, 128, 768]",974.85,0.0,0.375,cpu_perf_counter,cpu
24,transformer.layer.0.ffn.lin1,Linear,1.5252,1.5,603979776.0,2362368,0,8,1.526,counter,"[1, 128, 768]","[1, 128, 3072]",974.85,0.0,1.5,cpu_perf_counter,cpu
24,transformer.layer.0.ffn.activation,GELUActivation,0.1542,1.5,0.0,0,0,9,0.155,none,"[1, 128, 3072]","[1, 128, 3072]",974.85,0.0,1.5,cpu_perf_counter,cpu
24,transformer.layer.0.ffn.lin2,Linear,1.4409,0.375,603979776.0,2360064,0,10,1.4417,counter,"[1, 128, 3072]","[1, 128, 768]",974.85,0.0,0.375,cpu_perf_counter,cpu
24,transformer.layer.0.output_layer_norm,LayerNorm,0.0436,0.375,491520.0,1536,0,11,0.0444,analytic,"[1, 128, 768]","[1, 128, 768]",974.85,0.0,0.375,cpu_perf_counter,cpu
24,transformer.layer.1.attention.q_lin,Linear,0.3989,0.375,150994944.0,590592,0,12,0.3997,counter,"[1, 128, 768]","[1, 128, 768]",974.85,0.0,0.375,cpu_perf_counter,cpu
24,transformer.layer.1.attention.k_lin,Linear,0.3771,0.375,150994944.0,590592,0,13,0.3779,counter,"[1, 128, 768]","[1, 128, 768]",974.85,0.0,0.375,cpu_perf_counter,cpu
24,transformer.layer.1.attention.v_lin,Linear,0.3721,0.375,150994944.0,590592,0,14,0.3729,counter,"[1, 128, 768]","[1, 128, 768]",974.85,0.0,0.375,cpu_perf_counter,cpu
24,transformer.layer.1.attention.out_lin,Linear,0.3806,0.375,150994944.0,590592,0,15,0.3814,counter,"[1, 128, 768]","[1, 128, 768]",974.85,0.0,0.375,cpu_perf_counter,cpu
24,transformer.layer.1.sa_layer_norm,LayerNorm,0.0493,0.375,491520.0,1536,0,16,0.0501,analytic,"[1, 128, 768]","[1, 128, 768]",974.85,0.0,0.375,cpu_perf_counter,cpu
24,transformer.layer.1.ffn.lin1,Linear,1.5232,1.5,603979776.0,2362368,0,17,1.524,counter,"[1, 128, 768]","[1, 128, 3072]",974.85,0.0,1.5,cpu_perf_counter,cpu
24,transformer.layer.1.ffn.activation,GELUActivation,0.1362,1.5,0.0,0,0,18,0.137,none,"[1, 128, 3072]","[1, 128, 3072]",974.85,0.0,1.5,cpu_perf_counter,cpu
24,transformer.layer.1.ffn.lin2,Linear,1.4249,0.375,603979776.0,2360064,0,19,1.4257,counter,"[1, 128, 3072]","[1, 128, 768]",974.85,0.0,0.375,cpu_perf_counter,cpu
24,transformer.layer.1.output_layer_norm,LayerNorm,0.0403,0.375,491520.0,1536,0,20,0.0411,analytic,"[1, 128, 768]","[1, 128, 768]",974.85,0.0,0.375,cpu_perf_counter,cpu
24,transformer.layer.2.attention.q_lin,Linear,0.3676,0.375,150994944.0,590592,0,21,0.3684,counter,"[1, 128, 768]","[1, 128, 768]",974.85,0.0,0.375,cpu_perf_counter,cpu
24,transformer.layer.2.attention.k_lin,Linear,0.3562,0.375,150994944.0,590592,0,22,0.357,counter,"[1, 128, 768]","[1, 128, 768]",974.85,0.0,0.375,cpu_perf_counter,cpu
24,transformer.layer.2.attention.v_lin,Linear,0.3378,0.375,150994944.0,590592,0,23,0.3386,counter,"[1, 128, 768]","[1, 128, 768]",974.85,0.0,0.375,cpu_perf_counter,cpu
24,transformer.layer.2.attention.out_lin,Linear,0.3593,0.375,150994944.0,590592,0,24,0.3601,counter,"[1, 128, 768]","[1, 128, 768]",974.85,0.0,0.375,cpu_perf_counter,cpu
24,transformer.layer.2.sa_layer_norm,LayerNorm,0.0272,0.375,491520.0,1536,0,25,0.028,analytic,"[1, 128, 768]","[1, 128, 768]",974.85,0.0,0.375,cpu_perf_counter,cpu
24,transformer.layer.2.ffn.lin1,Linear,1.4957,1.5,603979776.0,2362368,0,26,1.4965,counter,"[1, 128, 768]","[1, 128, 3072]",974.85,0.0,1.5,cpu_perf_counter,cpu
24,transformer.layer.2.ffn.activation,GELUActivation,0.125,1.5,0.0,0,0,27,0.1258,none,"[1, 128, 3072]","[1, 128, 3072]",974.85,0.0,1.5,cpu_perf_counter,cpu
24,transformer.layer.2.ffn.lin2,Linear,1.4608,0.375,603979776.0,2360064,0,28,1.4616,counter,"[1, 128, 3072]","[1, 128, 768]",974.85,0.0,0.375,cpu_perf_counter,cpu
24,transformer.layer.2.output_layer_norm,LayerNorm,0.0398,0.375,491520.0,1536,0,29,0.0406,analytic,"[1, 128, 768]","[1, 128, 768]",974.85,0.0,0.375,cpu_perf_counter,cpu
24,transformer.layer.3.attention.q_lin,Linear,0.3766,0.375,150994944.0,590592,0,30,0.3774,counter,"[1, 128, 768]","[1, 128, 768]",974.85,0.0,0.375,cpu_perf_counter,cpu
24,transformer.layer.3.attention.k_lin,Linear,0.3554,0.375,150994944.0,590592,0,31,0.3562,counter,"[1, 128, 768]","[1, 128, 768]",974.85,0.0,0.375,cpu_perf_counter,cpu
24,transformer.layer.3.attention.v_lin,Linear,0.3615,0.375,150994944.0,590592,0,32,0.3623,counter,"[1, 128, 768]","[1, 128, 768]",974.85,0.0,0.375,cpu_perf_counter,cpu
24,transformer.layer.3.attention.out_lin,Linear,0.3553,0.375,150994944.0,590592,0,33,0.3561,counter,"[1, 128, 768]","[1, 128, 768]",974.85,0.0,0.375,cpu_perf_counter,cpu
24,transformer.layer.3.sa_layer_norm,LayerNorm,0.0292,0.375,491520.0,1536,0,34,0.03,analytic,"[1, 128, 768]","[1, 128, 768]",974.85,0.0,0.375,cpu_perf_counter,cpu
24,transformer.layer.3.ffn.lin1,Linear,1.5024,1.5,603979776.0,2362368,0,35,1.5032,counter,"[1, 128, 768]","[1, 128, 3072]",974.85,0.0,1.5,cpu_perf_counter,cpu
24,transformer.layer.3.ffn.activation,GELUActivation,0.1165,1.5,0.0,0,0,36,0.1173,none,"[1, 128, 3072]","[1, 128, 3072]",974.85,0.0,1.5,cpu_perf_counter,cpu
24,transformer.layer.3.ffn.lin2,Linear,1.4459,0.375,603979776.0,2360064,0,37,1.4467,counter,"[1, 128, 3072]","[1, 128, 768]",974.85,0.0,0.375,cpu_perf_counter,cpu
24,transformer.layer.3.output_layer_norm,LayerNorm,0.0392,0.375,491520.0,1536,0,38,0.04,analytic,"[1, 128, 768]","[1, 128, 768]",974.85,0.0,0.375,cpu_perf_counter,cpu
24,transformer.layer.4.attention.q_lin,Linear,0.376,0.375,150994944.0,590592,0,39,0.3768,counter,"[1, 128, 768]","[1, 128, 768]",974.85,0.0,0.375,cpu_perf_counter,cpu
24,transformer.layer.4.attention.k_lin,Linear,0.3545,0.375,150994944.0,590592,0,40,0.3553,counter,"[1, 128, 768]","[1, 128, 768]",974.85,0.0,0.375,cpu_perf_counter,cpu
24,transformer.layer.4.attention.v_lin,Linear,0.3526,0.375,150994944.0,590592,0,41,0.3534,counter,"[1, 128, 768]","[1, 128, 768]",974.85,0.0,0.375,cpu_perf_counter,cpu
24,transformer.layer.4.attention.out_lin,Linear,0.3521,0.375,150994944.0,590592,0,42,0.3529,counter,"[1, 128, 768]","[1, 128, 768]",974.85,0.0,0.375,cpu_perf_counter,cpu
24,transformer.layer.4.sa_layer_norm,LayerNorm,0.0338,0.375,491520.0,1536,0,43,0.0346,analytic,"[1, 128, 768]","[1, 128, 768]",974.85,0.0,0.375,cpu_perf_counter,cpu
24,transformer.layer.4.ffn.lin1,Linear,1.6225,1.5,603979776.0,2362368,0,44,1.6233,counter,"[1, 128, 768]","[1, 128, 3072]",974.85,0.0,1.5,cpu_perf_counter,cpu
24,transformer.layer.4.ffn.activation,GELUActivation,0.1806,1.5,0.0,0,0,45,0.1814,none,"[1, 128, 3072]","[1, 128, 3072]",974.85,0.0,1.5,cpu_perf_counter,cpu
24,transformer.layer.4.ffn.lin2,Linear,1.4921,0.375,603979776.0,2360064,0,46,1.4929,counter,"[1, 128, 3072]","[1, 128, 768]",974.85,0.0,0.375,cpu_perf_counter,cpu
24,transformer.layer.4.output_layer_norm,LayerNorm,0.0455,0.375,491520.0,1536,0,47,0.0463,analytic,"[1, 128, 768]","[1, 128, 768]",974.85,0.0,0.375,cpu_perf_counter,cpu
24,transformer.layer.5.attention.q_lin,Linear,0.3994,0.375,150994944.0,590592,0,48,0.4002,counter,"[1, 128, 768]","[1, 128, 768]",974.85,0.0,0.375,cpu_perf_counter,cpu
24,transformer.layer.5.attention.k_lin,Linear,0.3846,0.375,150994944.0,590592,0,49,0.3854,counter,"[1, 128, 768]","[1, 128, 768]",974.85,0.0,0.375,cpu_perf_counter,cpu
24,transformer.layer.5.attention.v_lin,Linear,0.3895,0.375,150994944.0,590592,0,50,0.3903,counter,"[1, 128, 768]","[1, 128, 768]",974.85,0.0,0.375,cpu_perf_counter,cpu
24,transformer.layer.5.attention.out_lin,Linear,0.3849,0.375,150994944.0,590592,0,51,0.3857,counter,"[1, 128, 768]","[1, 128, 768]",974.85,0.0,0.375,cpu_perf_counter,cpu
24,transformer.layer.5.sa_layer_norm,LayerNorm,0.0376,0.375,491520.0,1536,0,52,0.0384,analytic,"[1, 128, 768]","[1, 128, 768]",974.85,0.0,0.375,cpu_perf_counter,cpu
24,transformer.layer.5.ffn.lin1,Linear,1.5891,1.5,603979776.0,2362368,0,53,1.5899,counter,"[1, 128, 768]","[1, 128, 3072]",974.85,0.0,1.5,cpu_perf_counter,cpu
24,transformer.layer.5.ffn.activation,GELUActivation,0.1648,1.5,0.0,0,0,54,0.1656,none,"[1, 128, 3072]","[1, 128, 3072]",974.85,0.0,1.5,cpu_perf_counter,cpu
24,transformer.layer.5.ffn.lin2,Linear,1.4633,0.375,603979776.0,2360064,0,55,1.4641,counter,"[1, 128, 3072]","[1, 128, 768]",974.85,0.0,0.375,cpu_perf_counter,cpu
24,transformer.layer.5.output_layer_norm,LayerNorm,0.0386,0.375,491520.0,1536,0,56,0.0394,analytic,"[1, 128, 768]","[1, 128, 768]",974.85,0.0,0.375,cpu_perf_counter,cpu
25,embeddings.word_embeddings,Embedding,0.0531,0.375,0.0,23440896,0,0,0.0539,none,"[1, 128]","[1, 128, 768]",974.86,0.0,0.375,cpu_perf_counter,cpu
25,embeddings.position_embeddings,Embedding,0.0233,0.375,0.0,393216,0,1,0.0241,none,"[1, 128]","[1, 128, 768]",974.86,0.0,0.375,cpu_perf_counter,cpu
25,embeddings.LayerNorm,LayerNorm,0.0243,0.375,491520.0,1536,0,2,0.0251,analytic,"[1, 128, 768]","[1, 128, 768]",974.86,0.0,0.375,cpu_perf_counter,cpu
25,transformer.layer.0.attention.q_lin,Linear,0.3684,0.375,150994944.0,590592,0,3,0.3692,counter,"[1, 128, 768]","[1, 128, 768]",974.86,0.0,0.375,cpu_perf_counter,cpu
25,transformer.layer.0.attention.k_lin,Linear,0.3536,0.375,150994944.0,590592,0,4,0.3544,counter,"[1, 128, 768]","[1, 128, 768]",974.86,0.0,0.375,cpu_perf_counter,cpu
25,transformer.layer.0.attention.v_lin,Linear,0.3534,0.375,150994944.0,590592,0,5,0.3542,counter,"[1, 128, 768]","[1, 128, 768]",974.86,0.0,0.375,cpu_perf_counter,cpu
25,transformer.layer.0.attention.out_lin,Linear,0.3513,0.375,150994944.0,590592,0,6,0.3521,counter,"[1, 128, 768]","[1, 128, 768]",974.86,0.0,0.375,cpu_perf_counter,cpu
25,transformer.layer.0.sa_layer_norm,LayerNorm,0.0257,0.375,491520.0,1536,0,7,0.0265,analytic,"[1, 128, 768]","[1, 128, 768]",974.86,0.0,0.375,cpu_perf_counter,cpu
25,transformer.layer.0.ffn.lin1,Linear,1.5348,1.5,603979776.0,2362368,0,8,1.5356,counter,"[1, 128, 768]","[1, 128, 3072]",974.86,0.0,1.5,cpu_perf_counter,cpu
25,transformer.layer.0.ffn.activation,GELUActivation,0.1238,1.5,0.0,0,0,9,0.1246,none,"[1, 128, 3072]","[1, 128, 3072]",974.86,0.0,1.5,cpu_perf_counter,cpu
25,transformer.layer.0.ffn.lin2,Linear,1.4412,0.375,603979776.0,2360064,0,10,1.442,counter,"[1, 128, 3072]","[1, 128, 768]",974.86,0.0,0.375,cpu_perf_counter,cpu
25,transformer.layer.0.output_layer_norm,LayerNorm,0.0376,0.375,491520.0,1536,0,11,0.0384,analytic,"[1, 128, 768]","[1, 128, 768]",974.86,0.0,0.375,cpu_perf_counter,cpu
25,transformer.layer.1.attention.q_lin,Linear,0.382,0.375,150994944.0,590592,0,12,0.3828,counter,"[1, 128, 768]","[1, 128, 768]",974.86,0.0,0.375,cpu_perf_counter,cpu
25,transformer.layer.1.attention.k_lin,Linear,0.3638,0.375,150994944.0,590592,0,13,0.3646,counter,"[1, 128, 768]","[1, 128, 768]",974.86,0.0,0.375,cpu_perf_counter,cpu
25,transformer.layer.1.attention.v_lin,Linear,0.3564,0.375,150994944.0,590592,0,14,0.3572,counter,"[1, 128, 768]","[1, 128, 768]",974.86,0.0,0.375,cpu_perf_counter,cpu
25,transformer.layer.1.attention.out_lin,Linear,0.362,0.375,150994944.0,590592,0,15,0.3628,counter,"[1, 128, 768]","[1, 128, 768]",974.86,0.0,0.375,cpu_perf_counter,cpu
25,transformer.layer.1.sa_layer_norm,LayerNorm,0.0455,0.375,491520.0,1536,0,16,0.0463,analytic,"[1, 128, 768]","[1, 128, 768]",974.86,0.0,0.375,cpu_perf_counter,cpu
25,transformer.layer.1.ffn.lin1,Linear,1.3969,1.5,603979776.0,2362368,0,17,1.3977,counter,"[1, 128, 768]","[1, 128, 3072]",974.86,0.0,1.5,cpu_perf_counter,cpu
25,transformer.layer.1.ffn.activation,GELUActivation,0.1257,1.5,0.0,0,0,18,0.1265,none,"[1, 128, 3072]","[1, 128, 3072]",974.86,0.0,1.5,cpu_perf_counter,cpu
25,transformer.layer.1.ffn.lin2,Linear,1.411,0.375,603979776.0,2360064,0,19,1.4118,counter,"[1, 128, 3072]","[1, 128, 768]",974.86,0.0,0.375,cpu_perf_counter,cpu
25,transformer.layer.1.output_layer_norm,LayerNorm,0.0386,0.375,491520.0,1536,0,20,0.0394,analytic,"[1, 128, 768]","[1, 128, 768]",974.86,0.0,0.375,cpu_perf_counter,cpu
25,transformer.layer.2.attention.q_lin,Linear,0.3715,0.375,150994944.0,590592,0,21,0.3723,counter,"[1, 128, 768]","[1, 128, 768]",974.86,0.0,0.375,cpu_perf_counter,cpu
25,transformer.layer.2.attention.k_lin,Linear,0.3565,0.375,150994944.0,590592,0,22,0.3573,counter,"[1, 128, 768]","[1, 128, 768]",974.86,0.0,0.375,cpu_perf_counter,cpu
25,transformer.layer.2.attention.v_lin,Linear,0.358,0.375,150994944.0,590592,0,23,0.3588,counter,"[1, 128, 768]","[1, 128, 768]",974.86,0.0,0.375,cpu_perf_counter,cpu
25,transformer.layer.2.attention.out_lin,Linear,0.3722,0.375,150994944.0,590592,0,24,0.373,counter,"[1, 128, 768]","[1, 128, 768]",974.86,0.0,0.375,cpu_perf_counter,cpu
25,transformer.layer.2.sa_layer_norm,LayerNorm,0.0295,0.375,491520.0,1536,0,25,0.0303,analytic,"[1, 128, 768]","[1, 128, 768]",974.86,0.0,0.375,cpu_perf_counter,cpu
25,transformer.layer.2.ffn.lin1,Linear,1.5014,1.5,603979776.0,2362368,0,26,1.5022,counter,"[1, 128, 768]","[1, 128, 3072]",974.86,0.0,1.5,cpu_perf_counter,cpu
25,transformer.layer.2.ffn.activation,GELUActivation,0.1227,1.5,0.0,0,0,27,0.1235,none,"[1, 128, 3072]","[1, 128, 3072]",974.86,0.0,1.5,cpu_perf_counter,cpu
25,transformer.layer.2.ffn.lin2,Linear,1.4375,0.375,603979776.0,2360064,0,28,1.4383,counter,"[1, 128, 3072]","[1, 128, 768]",974.86,0.0,0.375,cpu_perf_counter,cpu
25,transformer.layer.2.output_layer_norm,LayerNorm,0.0401,0.375,491520.0,1536,0,29,0.0409,analytic,"[1, 128, 768]","[1, 128, 768]",974.86,0.0,0.375,cpu_perf_counter,cpu
25,transformer.layer.3.attention.q_lin,Linear,0.3757,0.375,150994944.0,590592,0,30,0.3765,counter,"[1, 128, 768]","[1, 128, 768]",974.86,0.0,0.375,cpu_perf_counter,cpu
25,transformer.layer.3.attention.k_lin,Linear,0.3616,0.375,150994944.0,590592,0,31,0.3624,counter,"[1, 128, 768]","[1, 128, 768]",974.86,0.0,0.375,cpu_perf_counter,cpu
25,transformer.layer.3.attention.v_lin,Linear,0.3539,0.375,150994944.0,590592,0,32,0.3547,counter,"[1, 128, 768]","[1, 128, 768]",974.86,0.0,0.375,cpu_perf_counter,cpu
25,transformer.layer.3.attention.out_lin,Linear,0.3512,0.375,150994944.0,590592,0,33,0.352,counter,"[1, 128, 768]","[1, 128, 768]",974.86,0.0,0.375,cpu_perf_counter,cpu
25,transformer.layer.3.sa_layer_norm,LayerNorm,0.0294,0.375,491520.0,1536,0,34,0.0302,analytic,"[1, 128, 768]","[1, 128, 768]",974.86,0.0,0.375,cpu_perf_counter,cpu
25,transformer.layer.3.ffn.lin1,Linear,1.5113,1.5,603979776.0,2362368,0,35,1.5121,counter,"[1, 128, 768]","[1, 128, 3072]",974.86,0.0,1.5,cpu_perf_counter,cpu
25,transformer.layer.3.ffn.activation,GELUActivation,0.1177,1.5,0.0,0,0,36,0.1185,none,"[1, 128, 3072]","[1, 128, 3072]",974.86,0.0,1.5,cpu_perf_counter,cpu
25,transformer.layer.3.ffn.lin2,Linear,1.4109,0.375,603979776.0,2360064,0,37,1.4117,counter,"[1, 128, 3072]","[1, 128, 768]",974.86,0.0,0.375,cpu_perf_counter,cpu
25,transformer.layer.3.output_layer_norm,LayerNorm,0.039,0.375,491520.0,1536,0,38,0.0398,analytic,"[1, 128, 768]","[1, 128, 768]",974.86,0.0,0.375,cpu_perf_counter,cpu
25,transformer.layer.4.attention.q_lin,Linear,0.3656,0.375,150994944.0,590592,0,39,0.3664,counter,"[1, 128, 768]","[1, 128, 768]",974.86,0.0,0.375,cpu_perf_counter,cpu
25,transformer.layer.4.attention.k_lin,Linear,0.3524,0.375,150994944.0,590592,0,40,0.3532,counter,"[1, 128, 768]","[1, 128, 768]",974.86,0.0,0.375,cpu_perf_counter,cpu
25,transformer.layer.4.attention.v_lin,Linear,0.3463,0.375,150994944.0,590592,0,41,0.3471,counter,"[1, 128, 768]","[1, 128, 768]",974.86,0.0,0.375,cpu_perf_counter,cpu
25,transformer.layer.4.attention.out_lin,Linear,0.3608,0.375,150994944.0,590592,0,42,0.3616,counter,"[1, 128, 768]","[1, 128, 768]",974.86,0.0,0.375,cpu_perf_counter,cpu
25,transformer.layer.4.sa_layer_norm,LayerNorm,0.0387,0.375,491520.0,1536,0,43,0.0395,analytic,"[1, 128, 768]","[1, 128, 768]",974.86,0.0,0.375,cpu_perf_counter,cpu
25,transformer.layer.4.ffn.lin1,Linear,1.5526,1.5,603979776.0,2362368,0,44,1.5534,counter,"[1, 128, 768]","[1, 128, 3072]",974.86,0.0,1.5,cpu_perf_counter,cpu
25,transformer.layer.4.ffn.activation,GELUActivation,0.1216,1.5,0.0,0,0,45,0.1224,none,"[1, 128, 3072]","[1, 128, 3072]",974.86,0.0,1.5,cpu_perf_counter,cpu
25,transformer.layer.4.ffn.lin2,Linear,1.3919,0.375,603979776.0,2360064,0,46,1.3927,counter,"[1, 128, 3072]","[1, 128, 768]",974.86,0.0,0.375,cpu_perf_counter,cpu
25,transformer.layer.4.output_layer_norm,LayerNorm,0.0404,0.375,491520.0,1536,0,47,0.0412,analytic,"[1, 128, 768]","[1, 128, 768]",974.86,0.0,0.375,cpu_perf_counter,cpu
25,transformer.layer.5.attention.q_lin,Linear,0.3754,0.375,150994944.0,590592,0,48,0.3762,counter,"[1, 128, 768]","[1, 128, 768]",974.86,0.0,0.375,cpu_perf_counter,cpu
25,transformer.layer.5.attention.k_lin,Linear,0.3613,0.375,150994944.0,590592,0,49,0.3621,counter,"[1, 128, 768]","[1, 128, 768]",974.86,0.0,0.375,cpu_perf_counter,cpu
25,transformer.layer.5.attention.v_lin,Linear,0.3675,0.375,150994944.0,590592,0,50,0.3683,counter,"[1, 128, 768]","[1, 128, 768]",974.86,0.0,0.375,cpu_perf_counter,cpu
25,transformer.layer.5.attention.out_lin,Linear,0.3583,0.375,150994944.0,590592,0,51,0.3591,counter,"[1, 128, 768]","[1, 128, 768]",974.86,0.0,0.375,cpu_perf_counter,cpu
25,transformer.layer.5.sa_layer_norm,LayerNorm,0.0297,0.375,491520.0,1536,0,52,0.0305,analytic,"[1, 128, 768]","[1, 128, 768]",974.86,0.0,0.375,cpu_perf_counter,cpu
25,transformer.layer.5.ffn.lin1,Linear,1.4967,1.5,603979776.0,2362368,0,53,1.4975,counter,"[1, 128, 768]","[1, 128, 3072]",974.86,0.0,1.5,cpu_perf_counter,cpu
25,transformer.layer.5.ffn.activation,GELUActivation,0.1247,1.5,0.0,0,0,54,0.1255,none,"[1, 128, 3072]","[1, 128, 3072]",974.86,0.0,1.5,cpu_perf_counter,cpu
25,transformer.layer.5.ffn.lin2,Linear,1.4484,0.375,603979776.0,2360064,0,55,1.4492,counter,"[1, 128, 3072]","[1, 128, 768]",974.86,0.0,0.375,cpu_perf_counter,cpu
25,transformer.layer.5.output_layer_norm,LayerNorm,0.0387,0.375,491520.0,1536,0,56,0.0395,analytic,"[1, 128, 768]","[1, 128, 768]",974.86,0.0,0.375,cpu_perf_counter,cpu
26,embeddings.word_embeddings,Embedding,0.0565,0.375,0.0,23440896,0,0,0.0573,none,"[1, 128]","[1, 128, 768]",974.86,0.0,0.375,cpu_perf_counter,cpu
26,embeddings.position_embeddings,Embedding,0.0235,0.375,0.0,393216,0,1,0.0243,none,"[1, 128]","[1, 128, 768]",974.86,0.0,0.375,cpu_perf_counter,cpu
26,embeddings.LayerNorm,LayerNorm,0.0366,0.375,491520.0,1536,0,2,0.0374,analytic,"[1, 128, 768]","[1, 128, 768]",974.86,0.0,0.375,cpu_perf_counter,cpu
26,transformer.layer.0.attention.q_lin,Linear,0.3721,0.375,150994944.0,590592,0,3,0.3729,counter,"[1, 128, 768]","[1, 128, 768]",974.86,0.0,0.375,cpu_perf_counter,cpu
26,transformer.layer.0.attention.k_lin,Linear,0.348,0.375,150994944.0,590592,0,4,0.3488,counter,"[1, 128, 768]","[1, 128, 768]",974.86,0.0,0.375,cpu_perf_counter,cpu
26,transformer.layer.0.attention.v_lin,Linear,0.3447,0.375,150994944.0,590592,0,5,0.3455,counter,"[1, 128, 768]","[1, 128, 768]",974.86,0.0,0.375,cpu_perf_counter,cpu
26,transformer.layer.0.attention.out_lin,Linear,0.3556,0.375,150994944.0,590592,0,6,0.3564,counter,"[1, 128, 768]","[1, 128, 768]",974.86,0.0,0.375,cpu_perf_counter,cpu
26,transformer.layer.0.sa_layer_norm,LayerNorm,0.0317,0.375,491520.0,1536,0,7,0.0325,analytic,"[1, 128, 768]","[1, 128, 768]",974.86,0.0,0.375,cpu_perf_counter,cpu
26,transformer.layer.0.ffn.lin1,Linear,1.4909,1.5,603979776.0,2362368,0,8,1.4917,counter,"[1, 128, 768]","[1, 128, 3072]",974.86,0.0,1.5,cpu_perf_counter,cpu
26,transformer.layer.0.ffn.activation,GELUActivation,0.1218,1.5,0.0,0,0,9,0.1226,none,"[1, 128, 3072]","[1, 128, 3072]",974.86,0.0,1.5,cpu_perf_counter,cpu
26,transformer.layer.0.ffn.lin2,Linear,1.4286,0.375,603979776.0,2360064,0,10,1.4294,counter,"[1, 128, 3072]","[1, 128, 768]",974.86,0.0,0.375,cpu_perf_counter,cpu
26,transformer.layer.0.output_layer_norm,LayerNorm,0.0384,0.375,491520.0,1536,0,11,0.0392,analytic,"[1, 128, 768]","[1, 128, 768]",974.86,0.0,0.375,cpu_perf_counter,cpu
26,transformer.layer.1.attention.q_lin,Linear,0.3773,0.375,150994944.0,590592,0,12,0.3781,counter,"[1, 128, 768]","[1, 128, 768]",974.86,0.0,0.375,cpu_perf_counter,cpu
26,transformer.layer.1.attention.k_lin,Linear,0.369,0.375,150994944.0,590592,0,13,0.3698,counter,"[1, 128, 768]","[1, 128, 768]",974.86,0.0,0.375,cpu_perf_counter,cpu
26,transformer.layer.1.attention.v_lin,Linear,0.3584,0.375,150994944.0,590592,0,14,0.3592,counter,"[1, 128, 768]","[1, 128, 768]",974.86,0.0,0.375,cpu_perf_counter,cpu
26,transformer.layer.1.attention.out_lin,Linear,0.3554,0.375,150994944.0,590592,0,15,0.3562,counter,"[1, 128, 768]","[1, 128, 768]",974.86,0.0,0.375,cpu_perf_counter,cpu
26,transformer.layer.1.sa_layer_norm,LayerNorm,0.0294,0.375,491520.0,1536,0,16,0.0302,analytic,"[1, 128, 768]","[1, 128, 768]",974.86,0.0,0.375,cpu_perf_counter,cpu
26,transformer.layer.1.ffn.lin1,Linear,1.5601,1.5,603979776.0,2362368,0,17,1.5609,counter,"[1, 128, 768]","[1, 128, 3072]",974.86,0.0,1.5,cpu_perf_counter,cpu
26,transformer.layer.1.ffn.activation,GELUActivation,0.1367,1.5,0.0,0,0,18,0.1375,none,"[1, 128, 3072]","[1, 128, 3072]",974.86,0.0,1.5,cpu_perf_counter,cpu
26,transformer.layer.1.ffn.lin2,Linear,1.4507,0.375,603979776.0,2360064,0,19,1.4515,counter,"[1, 128, 3072]","[1, 128, 768]",974.86,0.0,0.375,cpu_perf_counter,cpu
26,transformer.layer.1.output_layer_norm,LayerNorm,0.0427,0.375,491520.0,1536,0,20,0.0435,analytic,"[1, 128, 768]","[1, 128, 768]",974.86,0.0,0.375,cpu_perf_counter,cpu
26,transformer.layer.2.attention.q_lin,Linear,0.376,0.375,150994944.0,590592,0,21,0.3768,counter,"[1, 128, 768]","[1, 128, 768]",974.86,0.0,0.375,cpu_perf_counter,cpu
26,transformer.layer.2.attention.k_lin,Linear,0.3578,0.375,150994944.0,590592,0,22,0.3586,counter,"[1, 128, 768]","[1, 128, 768]",974.86,0.0,0.375,cpu_perf_counter,cpu
26,transformer.layer.2.attention.v_lin,Linear,0.3513,0.375,150994944.0,590592,0,23,0.3521,counter,"[1, 128, 768]","[1, 128, 768]",974.86,0.0,0.375,cpu_perf_counter,cpu
26,transformer.layer.2.attention.out_lin,Linear,0.3736,0.375,150994944.0,590592,0,24,0.3744,counter,"[1, 128, 768]","[1, 128, 768]",974.86,0.0,0.375,cpu_perf_counter,cpu
26,transformer.layer.2.sa_layer_norm,LayerNorm,0.0286,0.375,491520.0,1536,0,25,0.0294,analytic,"[1, 128, 768]","[1, 128, 768]",974.86,0.0,0.375,cpu_perf_counter,cpu
26,transformer.layer.2.ffn.lin1,Linear,1.5408,1.5,603979776.0,2362368,0,26,1.5416,counter,"[1, 128, 768]","[1, 128, 3072]",974.86,0.0,1.5,cpu_perf_counter,cpu
26,transformer.layer.2.ffn.activation,GELUActivation,0.1317,1.5,0.0,0,0,27,0.1325,none,"[1, 128, 3072]","[1, 128, 3072]",974.86,0.0,1.5,cpu_perf_counter,cpu
26,transformer.layer.2.ffn.lin2,Linear,1.4714,0.375,603979776.0,2360064,0,28,1.4722,counter,"[1, 128, 3072]","[1, 128, 768]",974.86,0.0,0.375,cpu_perf_counter,cpu
26,transformer.layer.2.output_layer_norm,LayerNorm,0.0428,0.375,491520.0,1536,0,29,0.0436,analytic,"[1, 128, 768]","[1, 128, 768]",974.86,0.0,0.375,cpu_perf_counter,cpu
26,transformer.layer.3.attention.q_lin,Linear,0.4084,0.375,150994944.0,590592,0,30,0.4092,counter,"[1, 128, 768]","[1, 128, 768]",974.86,0.0,0.375,cpu_perf_counter,cpu
26,transformer.layer.3.attention.k_lin,Linear,0.391,0.375,150994944.0,590592,0,31,0.3918,counter,"[1, 128, 768]","[1, 128, 768]",974.86,0.0,0.375,cpu_perf_counter,cpu
26,transformer.layer.3.attention.v_lin,Linear,0.3692,0.375,150994944.0,590592,0,32,0.37,counter,"[1, 128, 768]","[1, 128, 768]",974.86,0.0,0.375,cpu_perf_counter,cpu
26,transformer.layer.3.attention.out_lin,Linear,0.3645,0.375,150994944.0,590592,0,33,0.3653,counter,"[1, 128, 768]","[1, 128, 768]",974.86,0.0,0.375,cpu_perf_counter,cpu
26,transformer.layer.3.sa_layer_norm,LayerNorm,0.0323,0.375,491520.0,1536,0,34,0.0331,analytic,"[1, 128, 768]","[1, 128, 768]",974.86,0.0,0.375,cpu_perf_counter,cpu
26,transformer.layer.3.ffn.lin1,Linear,1.5134,1.5,603979776.0,2362368,0,35,1.5142,counter,"[1, 128, 768]","[1, 128, 3072]",974.86,0.0,1.5,cpu_perf_counter,cpu
26,transformer.layer.3.ffn.activation,GELUActivation,0.1215,1.5,0.0,0,0,36,0.1223,none,"[1, 128, 3072]","[1, 128, 3072]",974.86,0.0,1.5,cpu_perf_counter,cpu
26,transformer.layer.3.ffn.lin2,Linear,1.4211,0.375,603979776.0,2360064,0,37,1.4219,counter,"[1, 128, 3072]","[1, 128, 768]",974.86,0.0,0.375,cpu_perf_counter,cpu
26,transformer.layer.3.output_layer_norm,LayerNorm,0.0374,0.375,491520.0,1536,0,38,0.0382,analytic,"[1, 128, 768]","[1, 128, 768]",974.86,0.0,0.375,cpu_perf_counter,cpu
26,transformer.layer.4.attention.q_lin,Linear,0.3659,0.375,150994944.0,590592,0,39,0.3667,counter,"[1, 128, 768]","[1, 128, 768]",974.86,0.0,0.375,cpu_perf_counter,cpu
26,transformer.layer.4.attention.k_lin,Linear,0.3596,0.375,150994944.0,590592,0,40,0.3604,counter,"[1, 128, 768]","[1, 128, 768]",974.86,0.0,0.375,cpu_perf_counter,cpu
26,transformer.layer.4.attention.v_lin,Linear,0.3479,0.375,150994944.0,590592,0,41,0.3487,counter,"[1, 128, 768]","[1, 128, 768]",974.86,0.0,0.375,cpu_perf_counter,cpu
26,transformer.layer.4.attention.out_lin,Linear,0.3565,0.375,150994944.0,590592,0,42,0.3573,counter,"[1, 128, 768]","[1, 128, 768]",974.86,0.0,0.375,cpu_perf_counter,cpu
26,transformer.layer.4.sa_layer_norm,LayerNorm,0.0278,0.375,491520.0,1536,0,43,0.0286,analytic,"[1, 128, 768]","[1, 128, 768]",974.86,0.0,0.375,cpu_perf_counter,cpu
26,transformer.layer.4.ffn.lin1,Linear,1.528,1.5,603979776.0,2362368,0,44,1.5288,counter,"[1, 128, 768]","[1, 128, 3072]",974.86,0.0,1.5,cpu_perf_counter,cpu
26,transformer.layer.4.ffn.activation,GELUActivation,0.1268,1.5,0.0,0,0,45,0.1276,none,"[1, 128, 3072]","[1, 128, 3072]",974.86,0.0,1.5,cpu_perf_counter,cpu
26,transformer.layer.4.ffn.lin2,Linear,1.4759,0.375,603979776.0,2360064,0,46,1.4767,counter,"[1, 128, 3072]","[1, 128, 768]",974.86,0.0,0.375,cpu_perf_counter,cpu
26,transformer.layer.4.output_layer_norm,LayerNorm,0.0442,0.375,491520.0,1536,0,47,0.045,analytic,"[1, 128, 768]","[1, 128, 768]",974.86,0.0,0.375,cpu_perf_counter,cpu
26,transformer.layer.5.attention.q_lin,Linear,0.3966,0.375,150994944.0,590592,0,48,0.3974,counter,"[1, 128, 768]","[1, 128, 768]",974.86,0.0,0.375,cpu_perf_counter,cpu
26,transformer.layer.5.attention.k_lin,Linear,0.3875,0.375,150994944.0,590592,0,49,0.3883,counter,"[1, 128, 768]","[1, 128, 768]",974.86,0.0,0.375,cpu_perf_counter,cpu
26,transformer.layer.5.attention.v_lin,Linear,0.3999,0.375,150994944.0,590592,0,50,0.4007,counter,"[1, 128, 768]","[1, 128, 768]",974.86,0.0,0.375,cpu_perf_counter,cpu
26,transformer.layer.5.attention.out_lin,Linear,0.3598,0.375,150994944.0,590592,0,51,0.3606,counter,"[1, 128, 768]","[1, 128, 768]",974.86,0.0,0.375,cpu_perf_counter,cpu
26,transformer.layer.5.sa_layer_norm,LayerNorm,0.0333,0.375,491520.0,1536,0,52,0.0341,analytic,"[1, 128, 768]","[1, 128, 768]",974.86,0.0,0.375,cpu_perf_counter,cpu
26,transformer.layer.5.ffn.lin1,Linear,1.5533,1.5,603979776.0,2362368,0,53,1.5541,counter,"[1, 128, 768]","[1, 128, 3072]",974.86,0.0,1.5,cpu_perf_counter,cpu
26,transformer.layer.5.ffn.activation,GELUActivation,0.1729,1.5,0.0,0,0,54,0.1737,none,"[1, 128, 3072]","[1, 128, 3072]",974.86,0.0,1.5,cpu_perf_counter,cpu
26,transformer.layer.5.ffn.lin2,Linear,1.4455,0.375,603979776.0,2360064,0,55,1.4463,counter,"[1, 128, 3072]","[1, 128, 768]",974.86,0.0,0.375,cpu_perf_counter,cpu
26,transformer.layer.5.output_layer_norm,LayerNorm,0.0412,0.375,491520.0,1536,0,56,0.042,analytic,"[1, 128, 768]","[1, 128, 768]",974.86,0.0,0.375,cpu_perf_counter,cpu
27,embeddings.word_embeddings,Embedding,0.0532,0.375,0.0,23440896,0,0,0.054,none,"[1, 128]","[1, 128, 768]",974.86,0.0,0.375,cpu_perf_counter,cpu
27,embeddings.position_embeddings,Embedding,0.0204,0.375,0.0,393216,0,1,0.0212,none,"[1, 128]","[1, 128, 768]",974.86,0.0,0.375,cpu_perf_counter,cpu
27,embeddings.LayerNorm,LayerNorm,0.0284,0.375,491520.0,1536,0,2,0.0292,analytic,"[1, 128, 768]","[1, 128, 768]",974.86,0.0,0.375,cpu_perf_counter,cpu
27,transformer.layer.0.attention.q_lin,Linear,0.3776,0.375,150994944.0,590592,0,3,0.3784,counter,"[1, 128, 768]","[1, 128, 768]",974.86,0.0,0.375,cpu_perf_counter,cpu
27,transformer.layer.0.attention.k_lin,Linear,0.3476,0.375,150994944.0,590592,0,4,0.3484,counter,"[1, 128, 768]","[1, 128, 768]",974.86,0.0,0.375,cpu_perf_counter,cpu
27,transformer.layer.0.attention.v_lin,Linear,0.3589,0.375,150994944.0,590592,0,5,0.3597,counter,"[1, 128, 768]","[1, 128, 768]",974.86,0.0,0.375,cpu_perf_counter,cpu
27,transformer.layer.0.attention.out_lin,Linear,0.3605,0.375,150994944.0,590592,0,6,0.3613,counter,"[1, 128, 768]","[1, 128, 768]",974.86,0.0,0.375,cpu_perf_counter,cpu
27,transformer.layer.0.sa_layer_norm,LayerNorm,0.0308,0.375,491520.0,1536,0,7,0.0316,analytic,"[1, 128, 768]","[1, 128, 768]",974.86,0.0,0.375,cpu_perf_counter,cpu
27,transformer.layer.0.ffn.lin1,Linear,1.5531,1.5,603979776.0,2362368,0,8,1.5539,counter,"[1, 128, 768]","[1, 128, 3072]",974.86,0.0,1.5,cpu_perf_counter,cpu
27,transformer.layer.0.ffn.activation,GELUActivation,0.1241,1.5,0.0,0,0,9,0.1249,none,"[1, 128, 3072]","[1, 128, 3072]",974.86,0.0,1.5,cpu_perf_counter,cpu
27,transformer.layer.0.ffn.lin2,Linear,1.4173,0.375,603979776.0,2360064,0,10,1.4181,counter,"[1, 128, 3072]","[1, 128, 768]",974.86,0.0,0.375,cpu_perf_counter,cpu
27,transformer.layer.0.output_layer_norm,LayerNorm,0.0393,0.375,491520.0,1536,0,11,0.0401,analytic,"[1, 128, 768]","[1, 128, 768]",974.86,0.0,0.375,cpu_perf_counter,cpu
27,transformer.layer.1.attention.q_lin,Linear,0.3722,0.375,150994944.0,590592,0,12,0.373,counter,"[1, 128, 768]","[1, 128, 768]",974.86,0.0,0.375,cpu_perf_counter,cpu
27,transformer.layer.1.attention.k_lin,Linear,0.3515,0.375,150994944.0,590592,0,13,0.3523,counter,"[1, 128, 768]","[1, 128, 768]",974.86,0.0,0.375,cpu_perf_counter,cpu
27,transformer.layer.1.attention.v_lin,Linear,0.3461,0.375,150994944.0,590592,0,14,0.3469,counter,"[1, 128, 768]","[1, 128, 768]",974.86,0.0,0.375,cpu_perf_counter,cpu
27,transformer.layer.1.attention.out_lin,Linear,0.3558,0.375,150994944.0,590592,0,15,0.3566,counter,"[1, 128, 768]","[1, 128, 768]",974.86,0.0,0.375,cpu_perf_counter,cpu
27,transformer.layer.1.sa_layer_norm,LayerNorm,0.0307,0.375,491520.0,1536,0,16,0.0315,analytic,"[1, 128, 768]","[1, 128, 768]",974.86,0.0,0.375,cpu_perf_counter,cpu
27,transformer.layer.1.ffn.lin1,Linear,1.5234,1.5,603979776.0,2362368,0,17,1.5242,counter,"[1, 128, 768]","[1, 128, 3072]",974.86,0.0,1.5,cpu_perf_counter,cpu
27,transformer.layer.1.ffn.activation,GELUActivation,0.1519,1.5,0.0,0,0,18,0.1527,none,"[1, 128, 3072]","[1, 128, 3072]",974.86,0.0,1.5,cpu_perf_counter,cpu
27,transformer.layer.1.ffn.lin2,Linear,1.4669,0.375,603979776.0,2360064,0,19,1.4677,counter,"[1, 128, 3072]","[1, 128, 768]",974.86,0.0,0.375,cpu_perf_counter,cpu
27,transformer.layer.1.output_layer_norm,LayerNorm,0.0568,0.375,491520.0,1536,0,20,0.0576,analytic,"[1, 128, 768]","[1, 128, 768]",974.86,0.0,0.375,cpu_perf_counter,cpu
27,transformer.layer.2.attention.q_lin,Linear,0.3844,0.375,150994944.0,590592,0,21,0.3852,counter,"[1, 128, 768]","[1, 128, 768]",974.86,0.0,0.375,cpu_perf_counter,cpu
27,transformer.layer.2.attention.k_lin,Linear,0.3709,0.375,150994944.0,590592,0,22,0.3717,counter,"[1, 128, 768]","[1, 128, 768]",974.86,0.0,0.375,cpu_perf_counter,cpu
27,transformer.layer.2.attention.v_lin,Linear,0.3631,0.375,150994944.0,590592,0,23,0.3639,counter,"[1, 128, 768]","[1, 128, 768]",974.86,0.0,0.375,cpu_perf_counter,cpu
27,transformer.layer.2.attention.out_lin,Linear,0.4426,0.375,150994944.0,590592,0,24,0.4434,counter,"[1, 128, 768]","[1, 128, 768]",974.86,0.0,0.375,cpu_perf_counter,cpu
27,transformer.layer.2.sa_layer_norm,LayerNorm,0.0349,0.375,491520.0,1536,0,25,0.0357,analytic,"[1, 128, 768]","[1, 128, 768]",974.86,0.0,0.375,cpu_perf_counter,cpu
27,transformer.layer.2.ffn.lin1,Linear,1.5959,1.5,603979776.0,2362368,0,26,1.5967,counter,"[1, 128, 768]","[1, 128, 3072]",974.86,0.0,1.5,cpu_perf_counter,cpu
27,transformer.layer.2.ffn.activation,GELUActivation,0.1459,1.5,0.0,0,0,27,0.1467,none,"[1, 128, 3072]","[1, 128, 3072]",974.86,0.0,1.5,cpu_perf_counter,cpu
27,transformer.layer.2.ffn.lin2,Linear,1.4078,0.375,603979776.0,2360064,0,28,1.4086,counter,"[1, 128, 3072]","[1, 128, 768]",974.86,0.0,0.375,cpu_perf_counter,cpu
27,transformer.layer.2.output_layer_norm,LayerNorm,0.0388,0.375,491520.0,1536,0,29,0.0396,analytic,"[1, 128, 768]","[1, 128, 768]",974.86,0.0,0.375,cpu_perf_counter,cpu
27,transformer.layer.3.attention.q_lin,Linear,0.3624,0.375,150994944.0,590592,0,30,0.3632,counter,"[1, 128, 768]","[1, 128, 768]",974.86,0.0,0.375,cpu_perf_counter,cpu
27,transformer.layer.3.attention.k_lin,Linear,0.355,0.375,150994944.0,590592,0,31,0.3558,counter,"[1, 128, 768]","[1, 128, 768]",974.86,0.0,0.375,cpu_perf_counter,cpu
27,transformer.layer.3.attention.v_lin,Linear,0.3475,0.375,150994944.0,590592,0,32,0.3483,counter,"[1, 128, 768]","[1, 128, 768]",974.86,0.0,0.375,cpu_perf_counter,cpu
27,transformer.layer.3.attention.out_lin,Linear,0.3566,0.375,150994944.0,590592,0,33,0.3574,counter,"[1, 128, 768]","[1, 128, 768]",974.86,0.0,0.375,cpu_perf_counter,cpu
27,transformer.layer.3.sa_layer_norm,LayerNorm,0.0294,0.375,491520.0,1536,0,34,0.0302,analytic,"[1, 128, 768]","[1, 128, 768]",974.86,0.0,0.375,cpu_perf_counter,cpu
27,transformer.layer.3.ffn.lin1,Linear,1.5107,1.5,603979776.0,2362368,0,35,1.5115,counter,"[1, 128, 768]","[1, 128, 3072]",974.86,0.0,1.5,cpu_perf_counter,cpu
27,transformer.layer.3.ffn.activation,GELUActivation,0.1191,1.5,0.0,0,0,36,0.1199,none,"[1, 128, 3072]","[1, 128, 3072]",974.86,0.0,1.5,cpu_perf_counter,cpu
27,transformer.layer.3.ffn.lin2,Linear,1.4147,0.375,603979776.0,2360064,0,37,1.4155,counter,"[1, 128, 3072]","[1, 128, 768]",974.86,0.0,0.375,cpu_perf_counter,cpu
27,transformer.layer.3.output_layer_norm,LayerNorm,0.0408,0.375,491520.0,1536,0,38,0.0416,analytic,"[1, 128, 768]","[1, 128, 768]",974.86,0.0,0.375,cpu_perf_counter,cpu
27,transformer.layer.4.attention.q_lin,Linear,0.3795,0.375,150994944.0,590592,0,39,0.3803,counter,"[1, 128, 768]","[1, 128, 768]",974.86,0.0,0.375,cpu_perf_counter,cpu
27,transformer.layer.4.attention.k_lin,Linear,0.366,0.375,150994944.0,590592,0,40,0.3668,counter,"[1, 128, 768]","[1, 128, 768]",974.86,0.0,0.375,cpu_perf_counter,cpu
27,transformer.layer.4.attention.v_lin,Linear,0.3593,0.375,150994944.0,590592,0,41,0.3601,counter,"[1, 128, 768]","[1, 128, 768]",974.86,0.0,0.375,cpu_perf_counter,cpu
27,transformer.layer.4.attention.out_lin,Linear,0.3558,0.375,150994944.0,590592,0,42,0.3566,counter,"[1, 128, 768]","[1, 128, 768]",974.86,0.0,0.375,cpu_perf_counter,cpu
27,transformer.layer.4.sa_layer_norm,LayerNorm,0.0296,0.375,491520.0,1536,0,43,0.0304,analytic,"[1, 128, 768]","[1, 128, 768]",974.86,0.0,0.375,cpu_perf_counter,cpu
27,transformer.layer.4.ffn.lin1,Linear,1.5282,1.5,603979776.0,2362368,0,44,1.529,counter,"[1, 128, 768]","[1, 128, 3072]",974.86,0.0,1.5,cpu_perf_counter,cpu
27,transformer.layer.4.ffn.activation,GELUActivation,0.126,1.5,0.0,0,0,45,0.1268,none,"[1, 128, 3072]","[1, 128, 3072]",974.86,0.0,1.5,cpu_perf_counter,cpu
27,transformer.layer.4.ffn.lin2,Linear,1.4466,0.375,603979776.0,2360064,0,46,1.4474,counter,"[1, 128, 3072]","[1, 128, 768]",974.86,0.0,0.375,cpu_perf_counter,cpu
27,transformer.layer.4.output_layer_norm,LayerNorm,0.0398,0.375,491520.0,1536,0,47,0.0406,analytic,"[1, 128, 768]","[1, 128, 768]",974.86,0.0,0.375,cpu_perf_counter,cpu
27,transformer.layer.5.attention.q_lin,Linear,0.3775,0.375,150994944.0,590592,0,48,0.3783,counter,"[1, 128, 768]","[1, 128, 768]",974.86,0.0,0.375,cpu_perf_counter,cpu
27,transformer.layer.5.attention.k_lin,Linear,0.3678,0.375,150994944.0,590592,0,49,0.3686,counter,"[1, 128, 768]","[1, 128, 768]",974.86,0.0,0.375,cpu_perf_counter,cpu
27,transformer.layer.5.attention.v_lin,Linear,0.3759,0.375,150994944.0,590592,0,50,0.3767,counter,"[1, 128, 768]","[1, 128, 768]",974.86,0.0,0.375,cpu_perf_counter,cpu
27,transformer.layer.5.attention.out_lin,Linear,0.3744,0.375,150994944.0,590592,0,51,0.3752,counter,"[1, 128, 768]","[1, 128, 768]",974.86,0.0,0.375,cpu_perf_counter,cpu
27,transformer.layer.5.sa_layer_norm,LayerNorm,0.0323,0.375,491520.0,1536,0,52,0.0331,analytic,"[1, 128, 768]","[1, 128, 768]",974.86,0.0,0.375,cpu_perf_counter,cpu
27,transformer.layer.5.ffn.lin1,Linear,1.5545,1.5,603979776.0,2362368,0,53,1.5553,counter,"[1, 128, 768]","[1, 128, 3072]",974.86,0.0,1.5,cpu_perf_counter,cpu
27,transformer.layer.5.ffn.activation,GELUActivation,0.1326,1.5,0.0,0,0,54,0.1334,none,"[1, 128, 3072]","[1, 128, 3072]",974.86,0.0,1.5,cpu_perf_counter,cpu
27,transformer.layer.5.ffn.lin2,Linear,1.4298,0.375,603979776.0,2360064,0,55,1.4306,counter,"[1, 128, 3072]","[1, 128, 768]",974.86,0.0,0.375,cpu_perf_counter,cpu
27,transformer.layer.5.output_layer_norm,LayerNorm,0.0605,0.375,491520.0,1536,0,56,0.0613,analytic,"[1, 128, 768]","[1, 128, 768]",974.86,0.0,0.375,cpu_perf_counter,cpu
28,embeddings.word_embeddings,Embedding,0.0674,0.375,0.0,23440896,0,0,0.0682,none,"[1, 128]","[1, 128, 768]",974.86,0.0,0.375,cpu_perf_counter,cpu
28,embeddings.position_embeddings,Embedding,0.022,0.375,0.0,393216,0,1,0.0228,none,"[1, 128]","[1, 128, 768]",974.86,0.0,0.375,cpu_perf_counter,cpu
28,embeddings.LayerNorm,LayerNorm,0.0318,0.375,491520.0,1536,0,2,0.0326,analytic,"[1, 128, 768]","[1, 128, 768]",974.86,0.0,0.375,cpu_perf_counter,cpu
28,transformer.layer.0.attention.q_lin,Linear,0.3926,0.375,150994944.0,590592,0,3,0.3934,counter,"[1, 128, 768]","[1, 128, 768]",974.86,0.0,0.375,cpu_perf_counter,cpu
28,transformer.layer.0.attention.k_lin,Linear,0.3844,0.375,150994944.0,590592,0,4,0.3852,counter,"[1, 128, 768]","[1, 128, 768]",974.86,0.0,0.375,cpu_perf_counter,cpu
28,transformer.layer.0.attention.v_lin,Linear,0.3715,0.375,150994944.0,590592,0,5,0.3723,counter,"[1, 128, 768]","[1, 128, 768]",974.86,0.0,0.375,cpu_perf_counter,cpu
28,transformer.layer.0.attention.out_lin,Linear,0.364,0.375,150994944.0,590592,0,6,0.3648,counter,"[1, 128, 768]","[1, 128, 768]",974.86,0.0,0.375,cpu_perf_counter,cpu
28,transformer.layer.0.sa_layer_norm,LayerNorm,0.0318,0.375,491520.0,1536,0,7,0.0326,analytic,"[1, 128, 768]","[1, 128, 768]",974.86,0.0,0.375,cpu_perf_counter,cpu
28,transformer.layer.0.ffn.lin1,Linear,1.4796,1.5,603979776.0,2362368,0,8,1.4804,counter,"[1, 128, 768]","[1, 128, 3072]",974.86,0.0,1.5,cpu_perf_counter,cpu
28,transformer.layer.0.ffn.activation,GELUActivation,0.1191,1.5,0.0,0,0,9,0.1199,none,"[1, 128, 3072]","[1, 128, 3072]",974.86,0.0,1.5,cpu_perf_counter,cpu
28,transformer.layer.0.ffn.lin2,Linear,1.403,0.375,603979776.0,2360064,0,10,1.4038,counter,"[1, 128, 3072]","[1, 128, 768]",974.86,0.0,0.375,cpu_perf_counter,cpu
28,transformer.layer.0.output_layer_norm,LayerNorm,0.0385,0.375,491520.0,1536,0,11,0.0393,analytic,"[1, 128, 768]","[1, 128, 768]",974.86,0.0,0.375,cpu_perf_counter,cpu
28,transformer.layer.1.attention.q_lin,Linear,0.3702,0.375,150994944.0,590592,0,12,0.371,counter,"[1, 128, 768]","[1, 128, 768]",974.86,0.0,0.375,cpu_perf_counter,cpu
28,transformer.layer.1.attention.k_lin,Linear,0.3547,0.375,150994944.0,590592,0,13,0.3555,counter,"[1, 128, 768]","[1, 128, 768]",974.86,0.0,0.375,cpu_perf_counter,cpu
28,transformer.layer.1.attention.v_lin,Linear,0.3488,0.375,150994944.0,590592,0,14,0.3496,counter,"[1, 128, 768]","[1, 128, 768]",974.86,0.0,0.375,cpu_perf_counter,cpu
28,transformer.layer.1.attention.out_lin,Linear,0.3658,0.375,150994944.0,590592,0,15,0.3666,counter,"[1, 128, 768]","[1, 128, 768]",974.86,0.0,0.375,cpu_perf_counter,cpu
28,transformer.layer.1.sa_layer_norm,LayerNorm,0.0317,0.375,491520.0,1536,0,16,0.0325,analytic,"[1, 128, 768]","[1, 128, 768]",974.86,0.0,0.375,cpu_perf_counter,cpu
28,transformer.layer.1.ffn.lin1,Linear,1.5267,1.5,603979776.0,2362368,0,17,1.5275,counter,"[1, 128, 768]","[1, 128, 3072]",974.86,0.0,1.5,cpu_perf_counter,cpu
28,transformer.layer.1.ffn.activation,GELUActivation,0.1251,1.5,0.0,0,0,18,0.1259,none,"[1, 128, 3072]","[1, 128, 3072]",974.86,0.0,1.5,cpu_perf_counter,cpu
28,transformer.layer.1.ffn.lin2,Linear,1.4639,0.375,603979776.0,2360064,0,19,1.4647,counter,"[1, 128, 3072]","[1, 128, 768]",974.86,0.0,0.375,cpu_perf_counter,cpu
28,transformer.layer.1.output_layer_norm,LayerNorm,0.0428,0.375,491520.0,1536,0,20,0.0436,analytic,"[1, 128, 768]","[1, 128, 768]",974.86,0.0,0.375,cpu_perf_counter,cpu
28,transformer.layer.2.attention.q_lin,Linear,0.3847,0.375,150994944.0,590592,0,21,0.3855,counter,"[1, 128, 768]","[1, 128, 768]",974.86,0.0,0.375,cpu_perf_counter,cpu
28,transformer.layer.2.attention.k_lin,Linear,0.3636,0.375,150994944.0,590592,0,22,0.3644,counter,"[1, 128, 768]","[1, 128, 768]",974.86,0.0,0.375,cpu_perf_counter,cpu
28,transformer.layer.2.attention.v_lin,Linear,0.3553,0.375,150994944.0,590592,0,23,0.3561,counter,"[1, 128, 768]","[1, 128, 768]",974.86,0.0,0.375,cpu_perf_counter,cpu
28,transformer.layer.2.attention.out_lin,Linear,0.3645,0.375,150994944.0,590592,0,24,0.3653,counter,"[1, 128, 768]","[1, 128, 768]",974.86,0.0,0.375,cpu_perf_counter,cpu
28,transformer.layer.2.sa_layer_norm,LayerNorm,0.0277,0.375,491520.0,1536,0,25,0.0285,analytic,"[1, 128, 768]","[1, 128, 768]",974.86,0.0,0.375,cpu_perf_counter,cpu
28,transformer.layer.2.ffn.lin1,Linear,1.5009,1.5,603979776.0,2362368,0,26,1.5017,counter,"[1, 128, 768]","[1, 128, 3072]",974.86,0.0,1.5,cpu_perf_counter,cpu
28,transformer.layer.2.ffn.activation,GELUActivation,0.1222,1.5,0.0,0,0,27,0.123,none,"[1, 128, 3072]","[1, 128, 3072]",974.86,0.0,1.5,cpu_perf_counter,cpu
28,transformer.layer.2.ffn.lin2,Linear,1.4221,0.375,603979776.0,2360064,0,28,1.4229,counter,"[1, 128, 3072]","[1, 128, 768]",974.86,0.0,0.375,cpu_perf_counter,cpu
28,transformer.layer.2.output_layer_norm,LayerNorm,0.0394,0.375,491520.0,1536,0,29,0.0402,analytic,"[1, 128, 768]","[1, 128, 768]",974.86,0.0,0.375,cpu_perf_counter,cpu
28,transformer.layer.3.attention.q_lin,Linear,0.3646,0.375,150994944.0,590592,0,30,0.3654,counter,"[1, 128, 768]","[1, 128, 768]",974.86,0.0,0.375,cpu_perf_counter,cpu
28,transformer.layer.3.attention.k_lin,Linear,0.3474,0.375,150994944.0,590592,0,31,0.3482,counter,"[1, 128, 768]","[1, 128, 768]",974.86,0.0,0.375,cpu_perf_counter,cpu
28,transformer.layer.3.attention.v_lin,Linear,0.3476,0.375,150994944.0,590592,0,32,0.3484,counter,"[1, 128, 768]","[1, 128, 768]",974.86,0.0,0.375,cpu_perf_counter,cpu
28,transformer.layer.3.attention.out_lin,Linear,0.3546,0.375,150994944.0,590592,0,33,0.3554,counter,"[1, 128, 768]","[1, 128, 768]",974.86,0.0,0.375,cpu_perf_counter,cpu
28,transformer.layer.3.sa_layer_norm,LayerNorm,0.0274,0.375,491520.0,1536,0,34,0.0282,analytic,"[1, 128, 768]","[1, 128, 768]",974.86,0.0,0.375,cpu_perf_counter,cpu
28,transformer.layer.3.ffn.lin1,Linear,1.4952,1.5,603979776.0,2362368,0,35,1.496,counter,"[1, 128, 768]","[1, 128, 3072]",974.86,0.0,1.5,cpu_perf_counter,cpu
28,transformer.layer.3.ffn.activation,GELUActivation,0.1148,1.5,0.0,0,0,36,0.1156,none,"[1, 128, 3072]","[1, 128, 3072]",974.86,0.0,1.5,cpu_perf_counter,cpu
28,transformer.layer.3.ffn.lin2,Linear,1.4129,0.375,603979776.0,2360064,0,37,1.4137,counter,"[1, 128, 3072]","[1, 128, 768]",974.86,0.0,0.375,cpu_perf_counter,cpu
28,transformer.layer.3.output_layer_norm,LayerNorm,0.0398,0.375,491520.0,1536,0,38,0.0406,analytic,"[1, 128, 768]","[1, 128, 768]",974.86,0.0,0.375,cpu_perf_counter,cpu
28,transformer.layer.4.attention.q_lin,Linear,0.3827,0.375,150994944.0,590592,0,39,0.3835,counter,"[1, 128, 768]","[1, 128, 768]",974.86,0.0,0.375,cpu_perf_counter,cpu
28,transformer.layer.4.attention.k_lin,Linear,0.3717,0.375,150994944.0,590592,0,40,0.3725,counter,"[1, 128, 768]","[1, 128, 768]",974.86,0.0,0.375,cpu_perf_counter,cpu
28,transformer.layer.4.attention.v_lin,Linear,0.3621,0.375,150994944.0,590592,0,41,0.3629,counter,"[1, 128, 768]","[1, 128, 768]",974.86,0.0,0.375,cpu_perf_counter,cpu
28,transformer.layer.4.attention.out_lin,Linear,0.3582,0.375,150994944.0,590592,0,42,0.359,counter,"[1, 128, 768]","[1, 128, 768]",974.86,0.0,0.375,cpu_perf_counter,cpu
28,transformer.layer.4.sa_layer_norm,LayerNorm,0.0275,0.375,491520.0,1536,0,43,0.0283,analytic,"[1, 128, 768]","[1, 128, 768]",974.86,0.0,0.375,cpu_perf_counter,cpu
28,transformer.layer.4.ffn.lin1,Linear,1.539,1.5,603979776.0,2362368,0,44,1.5398,counter,"[1, 128, 768]","[1, 128, 3072]",974.86,0.0,1.5,cpu_perf_counter,cpu
28,transformer.layer.4.ffn.activation,GELUActivation,0.1194,1.5,0.0,0,0,45,0.1202,none,"[1, 128, 3072]","[1, 128, 3072]",974.86,0.0,1.5,cpu_perf_counter,cpu
28,transformer.layer.4.ffn.lin2,Linear,1.4232,0.375,603979776.0,2360064,0,46,1.424,counter,"[1, 128, 3072]","[1, 128, 768]",974.86,0.0,0.375,cpu_perf_counter,cpu
28,transformer.layer.4.output_layer_norm,LayerNorm,0.0401,0.375,491520.0,1536,0,47,0.0409,analytic,"[1, 128, 768]","[1, 128, 768]",974.86,0.0,0.375,cpu_perf_counter,cpu
28,transformer.layer.5.attention.q_lin,Linear,0.3837,0.375,150994944.0,590592,0,48,0.3845,counter,"[1, 128, 768]","[1, 128, 768]",974.86,0.0,0.375,cpu_perf_counter,cpu
28,transformer.layer.5.attention.k_lin,Linear,0.3612,0.375,150994944.0,590592,0,49,0.362,counter,"[1, 128, 768]","[1, 128, 768]",974.86,0.0,0.375,cpu_perf_counter,cpu
28,transformer.layer.5.attention.v_lin,Linear,0.3593,0.375,150994944.0,590592,0,50,0.3601,counter,"[1, 128, 768]","[1, 128, 768]",974.86,0.0,0.375,cpu_perf_counter,cpu
28,transformer.layer.5.attention.out_lin,Linear,0.3567,0.375,150994944.0,590592,0,51,0.3575,counter,"[1, 128, 768]","[1, 128, 768]",974.86,0.0,0.375,cpu_perf_counter,cpu
28,transformer.layer.5.sa_layer_norm,LayerNorm,0.0289,0.375,491520.0,1536,0,52,0.0297,analytic,"[1, 128, 768]","[1, 128, 768]",974.86,0.0,0.375,cpu_perf_counter,cpu
28,transformer.layer.5.ffn.lin1,Linear,1.5367,1.5,603979776.0,2362368,0,53,1.5375,counter,"[1, 128, 768]","[1, 128, 3072]",974.86,0.0,1.5,cpu_perf_counter,cpu
28,transformer.layer.5.ffn.activation,GELUActivation,0.1194,1.5,0.0,0,0,54,0.1202,none,"[1, 128, 3072]","[1, 128, 3072]",974.86,0.0,1.5,cpu_perf_counter,cpu
28,transformer.layer.5.ffn.lin2,Linear,1.4539,0.375,603979776.0,2360064,0,55,1.4547,counter,"[1, 128, 3072]","[1, 128, 768]",974.86,0.0,0.375,cpu_perf_counter,cpu
28,transformer.layer.5.output_layer_norm,LayerNorm,0.0378,0.375,491520.0,1536,0,56,0.0386,analytic,"[1, 128, 768]","[1, 128, 768]",974.86,0.0,0.375,cpu_perf_counter,cpu
29,embeddings.word_embeddings,Embedding,0.0526,0.375,0.0,23440896,0,0,0.0534,none,"[1, 128]","[1, 128, 768]",974.86,0.0,0.375,cpu_perf_counter,cpu
29,embeddings.position_embeddings,Embedding,0.0222,0.375,0.0,393216,0,1,0.023,none,"[1, 128]","[1, 128, 768]",974.86,0.0,0.375,cpu_perf_counter,cpu
29,embeddings.LayerNorm,LayerNorm,0.031,0.375,491520.0,1536,0,2,0.0318,analytic,"[1, 128, 768]","[1, 128, 768]",974.86,0.0,0.375,cpu_perf_counter,cpu
29,transformer.layer.0.attention.q_lin,Linear,0.3665,0.375,150994944.0,590592,0,3,0.3673,counter,"[1, 128, 768]","[1, 128, 768]",974.86,0.0,0.375,cpu_perf_counter,cpu
29,transformer.layer.0.attention.k_lin,Linear,0.3494,0.375,150994944.0,590592,0,4,0.3502,counter,"[1, 128, 768]","[1, 128, 768]",974.86,0.0,0.375,cpu_perf_counter,cpu
29,transformer.layer.0.attention.v_lin,Linear,0.3568,0.375,150994944.0,590592,0,5,0.3576,counter,"[1, 128, 768]","[1, 128, 768]",974.86,0.0,0.375,cpu_perf_counter,cpu
29,transformer.layer.0.attention.out_lin,Linear,0.3524,0.375,150994944.0,590592,0,6,0.3532,counter,"[1, 128, 768]","[1, 128, 768]",974.86,0.0,0.375,cpu_perf_counter,cpu
29,transformer.layer.0.sa_layer_norm,LayerNorm,0.0369,0.375,491520.0,1536,0,7,0.0377,analytic,"[1, 128, 768]","[1, 128, 768]",974.86,0.0,0.375,cpu_perf_counter,cpu
29,transformer.layer.0.ffn.lin1,Linear,1.4861,1.5,603979776.0,2362368,0,8,1.4869,counter,"[1, 128, 768]","[1, 128, 3072]",974.86,0.0,1.5,cpu_perf_counter,cpu
29,transformer.layer.0.ffn.activation,GELUActivation,0.1286,1.5,0.0,0,0,9,0.1294,none,"[1, 128, 3072]","[1, 128, 3072]",974.86,0.0,1.5,cpu_perf_counter,cpu
29,transformer.layer.0.ffn.lin2,Linear,1.4793,0.375,603979776.0,2360064,0,10,1.4801,counter,"[1, 128, 3072]","[1, 128, 768]",974.86,0.0,0.375,cpu_perf_counter,cpu
29,transformer.layer.0.output_layer_norm,LayerNorm,0.0396,0.375,491520.0,1536,0,11,0.0404,analytic,"[1, 128, 768]","[1, 128, 768]",974.86,0.0,0.375,cpu_perf_counter,cpu
29,transformer.layer.1.attention.q_lin,Linear,0.3759,0.375,150994944.0,590592,0,12,0.3767,counter,"[1, 128, 768]","[1, 128, 768]",974.86,0.0,0.375,cpu_perf_counter,cpu
29,transformer.layer.1.attention.k_lin,Linear,0.3598,0.375,150994944.0,590592,0,13,0.3606,counter,"[1, 128, 768]","[1, 128, 768]",974.86,0.0,0.375,cpu_perf_counter,cpu
29,transformer.layer.1.attention.v_lin,Linear,0.3453,0.375,150994944.0,590592,0,14,0.3461,counter,"[1, 128, 768]","[1, 128, 768]",974.86,0.0,0.375,cpu_perf_counter,cpu
29,transformer.layer.1.attention.out_lin,Linear,0.3525,0.375,150994944.0,590592,0,15,0.3533,counter,"[1, 128, 768]","[1, 128, 768]",974.86,0.0,0.375,cpu_perf_counter,cpu
29,transformer.layer.1.sa_layer_norm,LayerNorm,0.0301,0.375,491520.0,1536,0,16,0.0309,analytic,"[1, 128, 768]","[1, 128, 768]",974.86,0.0,0.375,cpu_perf_counter,cpu
29,transformer.layer.1.ffn.lin1,Linear,1.519,1.5,603979776.0,2362368,0,17,1.5198,counter,"[1, 128, 768]","[1, 128, 3072]",974.86,0.0,1.5,cpu_perf_counter,cpu
29,transformer.layer.1.ffn.activation,GELUActivation,0.1282,1.5,0.0,0,0,18,0.129,none,"[1, 128, 3072]","[1, 128, 3072]",974.86,0.0,1.5,cpu_perf_counter,cpu
29,transformer.layer.1.ffn.lin2,Linear,1.4781,0.375,603979776.0,2360064,0,19,1.4789,counter,"[1, 128, 3072]","[1, 128, 768]",974.86,0.0,0.375,cpu_perf_counter,cpu
29,transformer.layer.1.output_layer_norm,LayerNorm,0.0415,0.375,491520.0,1536,0,20,0.0423,analytic,"[1, 128, 768]","[1, 128, 768]",974.86,0.0,0.375,cpu_perf_counter,cpu
29,transformer.layer.2.attention.q_lin,Linear,0.3844,0.375,150994944.0,590592,0,21,0.3852,counter,"[1, 128, 768]","[1, 128, 768]",974.86,0.0,0.375,cpu_perf_counter,cpu
29,transformer.layer.2.attention.k_lin,Linear,0.3672,0.375,150994944.0,590592,0,22,0.368,counter,"[1, 128, 768]","[1, 128, 768]",974.86,0.0,0.375,cpu_perf_counter,cpu
29,transformer.layer.2.attention.v_lin,Linear,0.3618,0.375,150994944.0,590592,0,23,0.3626,counter,"[1, 128, 768]","[1, 128, 768]",974.86,0.0,0.375,cpu_perf_counter,cpu
29,transformer.layer.2.attention.out_lin,Linear,0.3718,0.375,150994944.0,590592,0,24,0.3726,counter,"[1, 128, 768]","[1, 128, 768]",974.86,0.0,0.375,cpu_perf_counter,cpu
29,transformer.layer.2.sa_layer_norm,LayerNorm,0.0316,0.375,491520.0,1536,0,25,0.0324,analytic,"[1, 128, 768]","[1, 128, 768]",974.86,0.0,0.375,cpu_perf_counter,cpu
29,transformer.layer.2.ffn.lin1,Linear,1.5218,1.5,603979776.0,2362368,0,26,1.5226,counter,"[1, 128, 768]","[1, 128, 3072]",974.86,0.0,1.5,cpu_perf_counter,cpu
29,transformer.layer.2.ffn.activation,GELUActivation,0.1328,1.5,0.0,0,0,27,0.1336,none,"[1, 128, 3072]","[1, 128, 3072]",974.86,0.0,1.5,cpu_perf_counter,cpu
29,transformer.layer.2.ffn.lin2,Linear,1.4558,0.375,603979776.0,2360064,0,28,1.4566,counter,"[1, 128, 3072]","[1, 128, 768]",974.86,0.0,0.375,cpu_perf_counter,cpu
29,transformer.layer.2.output_layer_norm,LayerNorm,0.0544,0.375,491520.0,1536,0,29,0.0552,analytic,"[1, 128, 768]","[1, 128, 768]",974.86,0.0,0.375,cpu_perf_counter,cpu
29,transformer.layer.3.attention.q_lin,Linear,0.388,0.375,150994944.0,590592,0,30,0.3888,counter,"[1, 128, 768]","[1, 128, 768]",974.86,0.0,0.375,cpu_perf_counter,cpu
29,transformer.layer.3.attention.k_lin,Linear,0.375,0.375,150994944.0,590592,0,31,0.3758,counter,"[1, 128, 768]","[1, 128, 768]",974.86,0.0,0.375,cpu_perf_counter,cpu
29,transformer.layer.3.attention.v_lin,Linear,0.3716,0.375,150994944.0,590592,0,32,0.3724,counter,"[1, 128, 768]","[1, 128, 768]",974.86,0.0,0.375,cpu_perf_counter,cpu
29,transformer.layer.3.attention.out_lin,Linear,0.3637,0.375,150994944.0,590592,0,33,0.3645,counter,"[1, 128, 768]","[1, 128, 768]",974.86,0.0,0.375,cpu_perf_counter,cpu
29,transformer.layer.3.sa_layer_norm,LayerNorm,0.0427,0.375,491520.0,1536,0,34,0.0435,analytic,"[1, 128, 768]","[1, 128, 768]",974.86,0.0,0.375,cpu_perf_counter,cpu
29,transformer.layer.3.ffn.lin1,Linear,1.5616,1.5,603979776.0,2362368,0,35,1.5624,counter,"[1, 128, 768]","[1, 128, 3072]",974.86,0.0,1.5,cpu_perf_counter,cpu
29,transformer.layer.3.ffn.activation,GELUActivation,0.127,1.5,0.0,0,0,36,0.1278,none,"[1, 128, 3072]","[1, 128, 3072]",974.86,0.0,1.5,cpu_perf_counter,cpu
29,transformer.layer.3.ffn.lin2,Linear,1.4429,0.375,603979776.0,2360064,0,37,1.4437,counter,"[1, 128, 3072]","[1, 128, 768]",974.86,0.0,0.375,cpu_perf_counter,cpu
29,transformer.layer.3.output_layer_norm,LayerNorm,0.0412,0.375,491520.0,1536,0,38,0.042,analytic,"[1, 128, 768]","[1, 128, 768]",974.86,0.0,0.375,cpu_perf_counter,cpu
29,transformer.layer.4.attention.q_lin,Linear,0.3915,0.375,150994944.0,590592,0,39,0.3923,counter,"[1, 128, 768]","[1, 128, 768]",974.86,0.0,0.375,cpu_perf_counter,cpu
29,transformer.layer.4.attention.k_lin,Linear,0.3642,0.375,150994944.0,590592,0,40,0.365,counter,"[1, 128, 768]","[1, 128, 768]",974.86,0.0,0.375,cpu_perf_counter,cpu
29,transformer.layer.4.attention.v_lin,Linear,0.392,0.375,150994944.0,590592,0,41,0.3928,counter,"[1, 128, 768]","[1, 128, 768]",974.86,0.0,0.375,cpu_perf_counter,cpu
29,transformer.layer.4.attention.out_lin,Linear,0.3693,0.375,150994944.0,590592,0,42,0.3701,counter,"[1, 128, 768]","[1, 128, 768]",974.86,0.0,0.375,cpu_perf_counter,cpu
29,transformer.layer.4.sa_layer_norm,LayerNorm,0.0298,0.375,491520.0,1536,0,43,0.0306,analytic,"[1, 128, 768]","[1, 128, 768]",974.86,0.0,0.375,cpu_perf_counter,cpu
29,transformer.layer.4.ffn.lin1,Linear,1.5322,1.5,603979776.0,2362368,0,44,1.533,counter,"[1, 128, 768]","[1, 128, 3072]",974.86,0.0,1.5,cpu_perf_counter,cpu
29,transformer.layer.4.ffn.activation,GELUActivation,0.1256,1.5,0.0,0,0,45,0.1264,none,"[1, 128, 3072]","[1, 128, 3072]",974.86,0.0,1.5,cpu_perf_counter,cpu
29,transformer.layer.4.ffn.lin2,Linear,1.464,0.375,603979776.0,2360064,0,46,1.4648,counter,"[1, 128, 3072]","[1, 128, 768]",974.86,0.0,0.375,cpu_perf_counter,cpu
29,transformer.layer.4.output_layer_norm,LayerNorm,0.0384,0.375,491520.0,1536,0,47,0.0392,analytic,"[1, 128, 768]","[1, 128, 768]",974.86,0.0,0.375,cpu_perf_counter,cpu
29,transformer.layer.5.attention.q_lin,Linear,0.3777,0.375,150994944.0,590592,0,48,0.3785,counter,"[1, 128, 768]","[1, 128, 768]",974.86,0.0,0.375,cpu_perf_counter,cpu
29,transformer.layer.5.attention.k_lin,Linear,0.3638,0.375,150994944.0,590592,0,49,0.3646,counter,"[1, 128, 768]","[1, 128, 768]",974.86,0.0,0.375,cpu_perf_counter,cpu
29,transformer.layer.5.attention.v_lin,Linear,0.3568,0.375,150994944.0,590592,0,50,0.3576,counter,"[1, 128, 768]","[1, 128, 768]",974.86,0.0,0.375,cpu_perf_counter,cpu
29,transformer.layer.5.attention.out_lin,Linear,0.3655,0.375,150994944.0,590592,0,51,0.3663,counter,"[1, 128, 768]","[1, 128, 768]",974.86,0.0,0.375,cpu_perf_counter,cpu
29,transformer.layer.5.sa_layer_norm,LayerNorm,0.0304,0.375,491520.0,1536,0,52,0.0312,analytic,"[1, 128, 768]","[1, 128, 768]",974.86,0.0,0.375,cpu_perf_counter,cpu
29,transformer.layer.5.ffn.lin1,Linear,1.5613,1.5,603979776.0,2362368,0,53,1.5621,counter,"[1, 128, 768]","[1, 128, 3072]",974.86,0.0,1.5,cpu_perf_counter,cpu
29,transformer.layer.5.ffn.activation,GELUActivation,0.1346,1.5,0.0,0,0,54,0.1354,none,"[1, 128, 3072]","[1, 128, 3072]",974.86,0.0,1.5,cpu_perf_counter,cpu
29,transformer.layer.5.ffn.lin2,Linear,1.4846,0.375,603979776.0,2360064,0,55,1.4854,counter,"[1, 128, 3072]","[1, 128, 768]",974.86,0.0,0.375,cpu_perf_counter,cpu
29,transformer.layer.5.output_layer_norm,LayerNorm,0.0457,0.375,491520.0,1536,0,56,0.0465,analytic,"[1, 128, 768]","[1, 128, 768]",974.86,0.0,0.375,cpu_perf_counter,cpu
30,embeddings.word_embeddings,Embedding,0.0605,0.375,0.0,23440896,0,0,0.0613,none,"[1, 128]","[1, 128, 768]",974.86,0.0,0.375,cpu_perf_counter,cpu
30,embeddings.position_embeddings,Embedding,0.0235,0.375,0.0,393216,0,1,0.0243,none,"[1, 128]","[1, 128, 768]",974.86,0.0,0.375,cpu_perf_counter,cpu
30,embeddings.LayerNorm,LayerNorm,0.0272,0.375,491520.0,1536,0,2,0.028,analytic,"[1, 128, 768]","[1, 128, 768]",974.86,0.0,0.375,cpu_perf_counter,cpu
30,transformer.layer.0.attention.q_lin,Linear,0.3782,0.375,150994944.0,590592,0,3,0.379,counter,"[1, 128, 768]","[1, 128, 768]",974.86,0.0,0.375,cpu_perf_counter,cpu
30,transformer.layer.0.attention.k_lin,Linear,0.3561,0.375,150994944.0,590592,0,4,0.3569,counter,"[1, 128, 768]","[1, 128, 768]",974.86,0.0,0.375,cpu_perf_counter,cpu
30,transformer.layer.0.attention.v_lin,Linear,0.3585,0.375,150994944.0,590592,0,5,0.3593,counter,"[1, 128, 768]","[1, 128, 768]",974.86,0.0,0.375,cpu_perf_counter,cpu
30,transformer.layer.0.attention.out_lin,Linear,0.3551,0.375,150994944.0,590592,0,6,0.3559,counter,"[1, 128, 768]","[1, 128, 768]",974.86,0.0,0.375,cpu_perf_counter,cpu
30,transformer.layer.0.sa_layer_norm,LayerNorm,0.0261,0.375,491520.0,1536,0,7,0.0269,analytic,"[1, 128, 768]","[1, 128, 768]",974.86,0.0,0.375,cpu_perf_counter,cpu
30,transformer.layer.0.ffn.lin1,Linear,1.5186,1.5,603979776.0,2362368,0,8,1.5194,counter,"[1, 128, 768]","[1, 128, 3072]",974.86,0.0,1.5,cpu_perf_counter,cpu
30,transformer.layer.0.ffn.activation,GELUActivation,0.1197,1.5,0.0,0,0,9,0.1205,none,"[1, 128, 3072]","[1, 128, 3072]",974.86,0.0,1.5,cpu_perf_counter,cpu
30,transformer.layer.0.ffn.lin2,Linear,1.4216,0.375,603979776.0,2360064,0,10,1.4224,counter,"[1, 128, 3072]","[1, 128, 768]",974.86,0.0,0.375,cpu_perf_counter,cpu
30,transformer.layer.0.output_layer_norm,LayerNorm,0.0395,0.375,491520.0,1536,0,11,0.0403,analytic,"[1, 128, 768]","[1, 128, 768]",974.86,0.0,0.375,cpu_perf_counter,cpu
30,transformer.layer.1.attention.q_lin,Linear,0.376,0.375,150994944.0,590592,0,12,0.3768,counter,"[1, 128, 768]","[1, 128, 768]",974.86,0.0,0.375,cpu_perf_counter,cpu
30,transformer.layer.1.attention.k_lin,Linear,0.3544,0.375,150994944.0,590592,0,13,0.3552,counter,"[1, 128, 768]","[1, 128, 768]",974.86,0.0,0.375,cpu_perf_counter,cpu
30,transformer.layer.1.attention.v_lin,Linear,0.3534,0.375,150994944.0,590592,0,14,0.3542,counter,"[1, 128, 768]","[1, 128, 768]",974.86,0.0,0.375,cpu_perf_counter,cpu
30,transformer.layer.1.attention.out_lin,Linear,0.3733,0.375,150994944.0,590592,0,15,0.3741,counter,"[1, 128, 768]","[1, 128, 768]",974.86,0.0,0.375,cpu_perf_counter,cpu
30,transformer.layer.1.sa_layer_norm,LayerNorm,0.0316,0.375,491520.0,1536,0,16,0.0324,analytic,"[1, 128, 768]","[1, 128, 768]",974.86,0.0,0.375,cpu_perf_counter,cpu
30,transformer.layer.1.ffn.lin1,Linear,1.5114,1.5,603979776.0,2362368,0,17,1.5122,counter,"[1, 128, 768]","[1, 128, 3072]",974.86,0.0,1.5,cpu_perf_counter,cpu
30,transformer.layer.1.ffn.activation,GELUActivation,0.1217,1.5,0.0,0,0,18,0.1225,none,"[1, 128, 3072]","[1, 128, 3072]",974.86,0.0,1.5,cpu_perf_counter,cpu
30,transformer.layer.1.ffn.lin2,Linear,1.4044,0.375,603979776.0,2360064,0,19,1.4052,counter,"[1, 128, 3072]","[1, 128, 768]",974.86,0.0,0.375,cpu_perf_counter,cpu
30,transformer.layer.1.output_layer_norm,LayerNorm,0.0407,0.375,491520.0,1536,0,20,0.0415,analytic,"[1, 128, 768]","[1, 128, 768]",974.86,0.0,0.375,cpu_perf_counter,cpu
30,transformer.layer.2.attention.q_lin,Linear,0.3978,0.375,150994944.0,590592,0,21,0.3986,counter,"[1, 128, 768]","[1, 128, 768]",974.86,0.0,0.375,cpu_perf_counter,cpu
30,transformer.layer.2.attention.k_lin,Linear,0.3722,0.375,150994944.0,590592,0,22,0.373,counter,"[1, 128, 768]","[1, 128, 768]",974.86,0.0,0.375,cpu_perf_counter,cpu
30,transformer.layer.2.attention.v_lin,Linear,0.3649,0.375,150994944.0,590592,0,23,0.3657,counter,"[1, 128, 768]","[1, 128, 768]",974.86,0.0,0.375,cpu_perf_counter,cpu
30,transformer.layer.2.attention.out_lin,Linear,0.3675,0.375,150994944.0,590592,0,24,0.3683,counter,"[1, 128, 768]","[1, 128, 768]",974.86,0.0,0.375,cpu_perf_counter,cpu
30,transformer.layer.2.sa_layer_norm,LayerNorm,0.0304,0.375,491520.0,1536,0,25,0.0312,analytic,"[1, 128, 768]","[1, 128, 768]",974.86,0.0,0.375,cpu_perf_counter,cpu
30,transformer.layer.2.ffn.lin1,Linear,1.5233,1.5,603979776.0,2362368,0,26,1.5241,counter,"[1, 128, 768]","[1, 128, 3072]",974.86,0.0,1.5,cpu_perf_counter,cpu
30,transformer.layer.2.ffn.activation,GELUActivation,0.1254,1.5,0.0,0,0,27,0.1262,none,"[1, 128, 3072]","[1, 128, 3072]",974.86,0.0,1.5,cpu_perf_counter,cpu
30,transformer.layer.2.ffn.lin2,Linear,1.4318,0.375,603979776.0,2360064,0,28,1.4326,counter,"[1, 128, 3072]","[1, 128, 768]",974.86,0.0,0.375,cpu_perf_counter,cpu
30,transformer.layer.2.output_layer_norm,LayerNorm,0.0414,0.375,491520.0,1536,0,29,0.0422,analytic,"[1, 128, 768]","[1, 128, 768]",974.86,0.0,0.375,cpu_perf_counter,cpu
30,transformer.layer.3.attention.q_lin,Linear,0.3961,0.375,150994944.0,590592,0,30,0.3969,counter,"[1, 128, 768]","[1, 128, 768]",974.86,0.0,0.375,cpu_perf_counter,cpu
30,transformer.layer.3.attention.k_lin,Linear,0.354,0.375,150994944.0,590592,0,31,0.3548,counter,"[1, 128, 768]","[1, 128, 768]",974.86,0.0,0.375,cpu_perf_counter,cpu
30,transformer.layer.3.attention.v_lin,Linear,0.3402,0.375,150994944.0,590592,0,32,0.341,counter,"[1, 128, 768]","[1, 128, 768]",974.86,0.0,0.375,cpu_perf_counter,cpu
30,transformer.layer.3.attention.out_lin,Linear,0.3469,0.375,150994944.0,590592,0,33,0.3477,counter,"[1, 128, 768]","[1, 128, 768]",974.86,0.0,0.375,cpu_perf_counter,cpu
30,transformer.layer.3.sa_layer_norm,LayerNorm,0.028,0.375,491520.0,1536,0,34,0.0288,analytic,"[1, 128, 768]","[1, 128, 768]",974.86,0.0,0.375,cpu_perf_counter,cpu
30,transformer.layer.3.ffn.lin1,Linear,1.5266,1.5,603979776.0,2362368,0,35,1.5274,counter,"[1, 128, 768]","[1, 128, 3072]",974.86,0.0,1.5,cpu_perf_counter,cpu
30,transformer.layer.3.ffn.activation,GELUActivation,0.12,1.5,0.0,0,0,36,0.1208,none,"[1, 128, 3072]","[1, 128, 3072]",974.86,0.0,1.5,cpu_perf_counter,cpu
30,transformer.layer.3.ffn.lin2,Linear,1.4758,0.375,603979776.0,2360064,0,37,1.4766,counter,"[1, 128, 3072]","[1, 128, 768]",974.86,0.0,0.375,cpu_perf_counter,cpu
30,transformer.layer.3.output_layer_norm,LayerNorm,0.0377,0.375,491520.0,1536,0,38,0.0385,analytic,"[1, 128, 768]","[1, 128, 768]",974.86,0.0,0.375,cpu_perf_counter,cpu
30,transformer.layer.4.attention.q_lin,Linear,0.3837,0.375,150994944.0,590592,0,39,0.3845,counter,"[1, 128, 768]","[1, 128, 768]",974.86,0.0,0.375,cpu_perf_counter,cpu
30,transformer.layer.4.attention.k_lin,Linear,0.3598,0.375,150994944.0,590592,0,40,0.3606,counter,"[1, 128, 768]","[1, 128, 768]",974.86,0.0,0.375,cpu_perf_counter,cpu
30,transformer.layer.4.attention.v_lin,Linear,0.3687,0.375,150994944.0,590592,0,41,0.3695,counter,"[1, 128, 768]","[1, 128, 768]",974.86,0.0,0.375,cpu_perf_counter,cpu
30,transformer.layer.4.attention.out_lin,Linear,0.3531,0.375,150994944.0,590592,0,42,0.3539,counter,"[1, 128, 768]","[1, 128, 768]",974.86,0.0,0.375,cpu_perf_counter,cpu
30,transformer.layer.4.sa_layer_norm,LayerNorm,0.0287,0.375,491520.0,1536,0,43,0.0295,analytic,"[1, 128, 768]","[1, 128, 768]",974.86,0.0,0.375,cpu_perf_counter,cpu
30,transformer.layer.4.ffn.lin1,Linear,1.5208,1.5,603979776.0,2362368,0,44,1.5216,counter,"[1, 128, 768]","[1, 128, 3072]",974.86,0.0,1.5,cpu_perf_counter,cpu
30,transformer.layer.4.ffn.activation,GELUActivation,0.1184,1.5,0.0,0,0,45,0.1192,none,"[1, 128, 3072]","[1, 128, 3072]",974.86,0.0,1.5,cpu_perf_counter,cpu
30,transformer.layer.4.ffn.lin2,Linear,1.448,0.375,603979776.0,2360064,0,46,1.4488,counter,"[1, 128, 3072]","[1, 128, 768]",974.86,0.0,0.375,cpu_perf_counter,cpu
30,transformer.layer.4.output_layer_norm,LayerNorm,0.0383,0.375,491520.0,1536,0,47,0.0391,analytic,"[1, 128, 768]","[1, 128, 768]",974.86,0.0,0.375,cpu_perf_counter,cpu
30,transformer.layer.5.attention.q_lin,Linear,0.3762,0.375,150994944.0,590592,0,48,0.377,counter,"[1, 128, 768]","[1, 128, 768]",974.86,0.0,0.375,cpu_perf_counter,cpu
30,transformer.layer.5.attention.k_lin,Linear,0.3599,0.375,150994944.0,590592,0,49,0.3607,counter,"[1, 128, 768]","[1, 128, 768]",974.86,0.0,0.375,cpu_perf_counter,cpu
30,transformer.layer.5.attention.v_lin,Linear,0.3517,0.375,150994944.0,590592,0,50,0.3525,counter,"[1, 128, 768]","[1, 128, 768]",974.86,0.0,0.375,cpu_perf_counter,cpu
30,transformer.layer.5.attention.out_lin,Linear,0.3566,0.375,150994944.0,590592,0,51,0.3574,counter,"[1, 128, 768]","[1, 128, 768]",974.86,0.0,0.375,cpu_perf_counter,cpu
30,transformer.layer.5.sa_layer_norm,LayerNorm,0.0288,0.375,491520.0,1536,0,52,0.0296,analytic,"[1, 128, 768]","[1, 128, 768]",974.86,0.0,0.375,cpu_perf_counter,cpu
30,transformer.layer.5.ffn.lin1,Linear,1.5739,1.5,603979776.0,2362368,0,53,1.5747,counter,"[1, 128, 768]","[1, 128, 3072]",974.86,0.0,1.5,cpu_perf_counter,cpu
30,transformer.layer.5.ffn.activation,GELUActivation,0.1417,1.5,0.0,0,0,54,0.1425,none,"[1, 128, 3072]","[1, 128, 3072]",974.86,0.0,1.5,cpu_perf_counter,cpu
30,transformer.layer.5.ffn.lin2,Linear,1.4696,0.375,603979776.0,2360064,0,55,1.4704,counter,"[1, 128, 3072]","[1, 128, 768]",974.86,0.0,0.375,cpu_perf_counter,cpu
30,transformer.layer.5.output_layer_norm,LayerNorm,0.0403,0.375,491520.0,1536,0,56,0.0411,analytic,"[1, 128, 768]","[1, 128, 768]",974.86,0.0,0.375,cpu_perf_counter,cpu
31,embeddings.word_embeddings,Embedding,0.0677,0.375,0.0,23440896,0,0,0.0685,none,"[1, 128]","[1, 128, 768]",974.86,0.0,0.375,cpu_perf_counter,cpu
31,embeddings.position_embeddings,Embedding,0.0256,0.375,0.0,393216,0,1,0.0264,none,"[1, 128]","[1, 128, 768]",974.86,0.0,0.375,cpu_perf_counter,cpu
31,embeddings.LayerNorm,LayerNorm,0.0263,0.375,491520.0,1536,0,2,0.0271,analytic,"[1, 128, 768]","[1, 128, 768]",974.86,0.0,0.375,cpu_perf_counter,cpu
31,transformer.layer.0.attention.q_lin,Linear,0.372,0.375,150994944.0,590592,0,3,0.3728,counter,"[1, 128, 768]","[1, 128, 768]",974.86,0.0,0.375,cpu_perf_counter,cpu
31,transformer.layer.0.attention.k_lin,Linear,0.3614,0.375,150994944.0,590592,0,4,0.3622,counter,"[1, 128, 768]","[1, 128, 768]",974.86,0.0,0.375,cpu_perf_counter,cpu
31,transformer.layer.0.attention.v_lin,Linear,0.3743,0.375,150994944.0,590592,0,5,0.3751,counter,"[1, 128, 768]","[1, 128, 768]",974.86,0.0,0.375,cpu_perf_counter,cpu
31,transformer.layer.0.attention.out_lin,Linear,0.3982,0.375,150994944.0,590592,0,6,0.399,counter,"[1, 128, 768]","[1, 128, 768]",974.86,0.0,0.375,cpu_perf_counter,cpu
31,transformer.layer.0.sa_layer_norm,LayerNorm,0.0393,0.375,491520.0,1536,0,7,0.0401,analytic,"[1, 128, 768]","[1, 128, 768]",974.86,0.0,0.375,cpu_perf_counter,cpu
31,transformer.layer.0.ffn.lin1,Linear,1.6042,1.5,603979776.0,2362368,0,8,1.605,counter,"[1, 128, 768]","[1, 128, 3072]",974.86,0.0,1.5,cpu_perf_counter,cpu
31,transformer.layer.0.ffn.activation,GELUActivation,0.1489,1.5,0.0,0,0,9,0.1497,none,"[1, 128, 3072]","[1, 128, 3072]",974.86,0.0,1.5,cpu_perf_counter,cpu
31,transformer.layer.0.ffn.lin2,Linear,1.4555,0.375,603979776.0,2360064,0,10,1.4563,counter,"[1, 128, 3072]","[1, 128, 768]",974.86,0.0,0.375,cpu_perf_counter,cpu
31,transformer.layer.0.output_layer_norm,LayerNorm,0.0406,0.375,491520.0,1536,0,11,0.0414,analytic,"[1, 128, 768]","[1, 128, 768]",974.86,0.0,0.375,cpu_perf_counter,cpu
31,transformer.layer.1.attention.q_lin,Linear,0.3766,0.375,150994944.0,590592,0,12,0.3774,counter,"[1, 128, 768]","[1, 128, 768]",974.86,0.0,0.375,cpu_perf_counter,cpu
31,transformer.layer.1.attention.k_lin,Linear,0.3565,0.375,150994944.0,590592,0,13,0.3573,counter,"[1, 128, 768]","[1, 128, 768]",974.86,0.0,0.375,cpu_perf_counter,cpu
31,transformer.layer.1.attention.v_lin,Linear,0.3539,0.375,150994944.0,590592,0,14,0.3547,counter,"[1, 128, 768]","[1, 128, 768]",974.86,0.0,0.375,cpu_perf_counter,cpu
31,transformer.layer.1.attention.out_lin,Linear,0.3644,0.375,150994944.0,590592,0,15,0.3652,counter,"[1, 128, 768]","[1, 128, 768]",974.86,0.0,0.375,cpu_perf_counter,cpu
31,transformer.layer.1.sa_layer_norm,LayerNorm,0.0308,0.375,491520.0,1536,0,16,0.0316,analytic,"[1, 128, 768]","[1, 128, 768]",974.86,0.0,0.375,cpu_perf_counter,cpu
31,transformer.layer.1.ffn.lin1,Linear,1.5284,1.5,603979776.0,2362368,0,17,1.5292,counter,"[1, 128, 768]","[1, 128, 3072]",974.86,0.0,1.5,cpu_perf_counter,cpu
31,transformer.layer.1.ffn.activation,GELUActivation,0.1207,1.5,0.0,0,0,18,0.1215,none,"[1, 128, 3072]","[1, 128, 3072]",974.86,0.0,1.5,cpu_perf_counter,cpu
31,transformer.layer.1.ffn.lin2,Linear,1.4813,0.375,603979776.0,2360064,0,19,1.4821,counter,"[1, 128, 3072]","[1, 128, 768]",974.86,0.0,0.375,cpu_perf_counter,cpu
31,transformer.layer.1.output_layer_norm,LayerNorm,0.0389,0.375,491520.0,1536,0,20,0.0397,analytic,"[1, 128, 768]","[1, 128, 768]",974.86,0.0,0.375,cpu_perf_counter,cpu
31,transformer.layer.2.attention.q_lin,Linear,0.3729,0.375,150994944.0,590592,0,21,0.3737,counter,"[1, 128, 768]","[1, 128, 768]",974.86,0.0,0.375,cpu_perf_counter,cpu
31,transformer.layer.2.attention.k_lin,Linear,0.3574,0.375,150994944.0,590592,0,22,0.3582,counter,"[1, 128, 768]","[1, 128, 768]",974.86,0.0,0.375,cpu_perf_counter,cpu
31,transformer.layer.2.attention.v_lin,Linear,0.3664,0.375,150994944.0,590592,0,23,0.3672,counter,"[1, 128, 768]","[1, 128, 768]",974.86,0.0,0.375,cpu_perf_counter,cpu
31,transformer.layer.2.attention.out_lin,Linear,0.3748,0.375,150994944.0,590592,0,24,0.3756,counter,"[1, 128, 768]","[1, 128, 768]",974.86,0.0,0.375,cpu_perf_counter,cpu
31,transformer.layer.2.sa_layer_norm,LayerNorm,0.0301,0.375,491520.0,1536,0,25,0.0309,analytic,"[1, 128, 768]","[1, 128, 768]",974.86,0.0,0.375,cpu_perf_counter,cpu
31,transformer.layer.2.ffn.lin1,Linear,1.5055,1.5,603979776.0,2362368,0,26,1.5063,counter,"[1, 128, 768]","[1, 128, 3072]",974.86,0.0,1.5,cpu_perf_counter,cpu
31,transformer.layer.2.ffn.activation,GELUActivation,0.1197,1.5,0.0,0,0,27,0.1205,none,"[1, 128, 3072]","[1, 128, 3072]",974.86,0.0,1.5,cpu_perf_counter,cpu
31,transformer.layer.2.ffn.lin2,Linear,1.4303,0.375,603979776.0,2360064,0,28,1.4311,counter,"[1, 128, 3072]","[1, 128, 768]",974.86,0.0,0.375,cpu_perf_counter,cpu
31,transformer.layer.2.output_layer_norm,LayerNorm,0.0407,0.375,491520.0,1536,0,29,0.0415,analytic,"[1, 128, 768]","[1, 128, 768]",974.86,0.0,0.375,cpu_perf_counter,cpu
31,transformer.layer.3.attention.q_lin,Linear,0.3806,0.375,150994944.0,590592,0,30,0.3814,counter,"[1, 128, 768]","[1, 128, 768]",974.86,0.0,0.375,cpu_perf_counter,cpu
31,transformer.layer.3.attention.k_lin,Linear,0.3607,0.375,150994944.0,590592,0,31,0.3615,counter,"[1, 128, 768]","[1, 128, 768]",974.86,0.0,0.375,cpu_perf_counter,cpu
31,transformer.layer.3.attention.v_lin,Linear,0.3576,0.375,150994944.0,590592,0,32,0.3584,counter,"[1, 128, 768]","[1, 128, 768]",974.86,0.0,0.375,cpu_perf_counter,cpu
31,transformer.layer.3.attention.out_lin,Linear,0.3599,0.375,150994944.0,590592,0,33,0.3607,counter,"[1, 128, 768]","[1, 128, 768]",974.86,0.0,0.375,cpu_perf_counter,cpu
31,transformer.layer.3.sa_layer_norm,LayerNorm,0.0318,0.375,491520.0,1536,0,34,0.0326,analytic,"[1, 128, 768]","[1, 128, 768]",974.86,0.0,0.375,cpu_perf_counter,cpu
31,transformer.layer.3.ffn.lin1,Linear,1.5075,1.5,603979776.0,2362368,0,35,1.5083,counter,"[1, 128, 768]","[1, 128, 3072]",974.86,0.0,1.5,cpu_perf_counter,cpu
31,transformer.layer.3.ffn.activation,GELUActivation,0.1178,1.5,0.0,0,0,36,0.1186,none,"[1, 128, 3072]","[1, 128, 3072]",974.86,0.0,1.5,cpu_perf_counter,cpu
31,transformer.layer.3.ffn.lin2,Linear,1.4073,0.375,603979776.0,2360064,0,37,1.4081,counter,"[1, 128, 3072]","[1, 128, 768]",974.86,0.0,0.375,cpu_perf_counter,cpu
31,transformer.layer.3.output_layer_norm,LayerNorm,0.0378,0.375,491520.0,1536,0,38,0.0386,analytic,"[1, 128, 768]","[1, 128, 768]",974.86,0.0,0.375,cpu_perf_counter,cpu
31,transformer.layer.4.attention.q_lin,Linear,0.3752,0.375,150994944.0,590592,0,39,0.376,counter,"[1, 128, 768]","[1, 128, 768]",974.86,0.0,0.375,cpu_perf_counter,cpu
31,transformer.layer.4.attention.k_lin,Linear,0.3537,0.375,150994944.0,590592,0,40,0.3545,counter,"[1, 128, 768]","[1, 128, 768]",974.86,0.0,0.375,cpu_perf_counter,cpu
31,transformer.layer.4.attention.v_lin,Linear,0.3593,0.375,150994944.0,590592,0,41,0.3601,counter,"[1, 128, 768]","[1, 128, 768]",974.86,0.0,0.375,cpu_perf_counter,cpu
31,transformer.layer.4.attention.out_lin,Linear,0.3554,0.375,150994944.0,590592,0,42,0.3562,counter,"[1, 128, 768]","[1, 128, 768]",974.86,0.0,0.375,cpu_perf_counter,cpu
31,transformer.layer.4.sa_layer_norm,LayerNorm,0.0261,0.375,491520.0,1536,0,43,0.0269,analytic,"[1, 128, 768]","[1, 128, 768]",974.86,0.0,0.375,cpu_perf_counter,cpu
31,transformer.layer.4.ffn.lin1,Linear,1.5182,1.5,603979776.0,2362368,0,44,1.519,counter,"[1, 128, 768]","[1, 128, 3072]",974.86,0.0,1.5,cpu_perf_counter,cpu
31,transformer.layer.4.ffn.activation,GELUActivation,0.1173,1.5,0.0,0,0,45,0.1181,none,"[1, 128, 3072]","[1, 128, 3072]",974.86,0.0,1.5,cpu_perf_counter,cpu
31,transformer.layer.4.ffn.lin2,Linear,1.008,0.375,603979776.0,2360064,0,46,1.0088,counter,"[1, 128, 3072]","[1, 128, 768]",974.86,0.0,0.375,cpu_perf_counter,cpu
31,transformer.layer.4.output_layer_norm,LayerNorm,0.0365,0.375,491520.0,1536,0,47,0.0373,analytic,"[1, 128, 768]","[1, 128, 768]",974.86,0.0,0.375,cpu_perf_counter,cpu
31,transformer.layer.5.attention.q_lin,Linear,0.2816,0.375,150994944.0,590592,0,48,0.2824,counter,"[1, 128, 768]","[1, 128, 768]",974.86,0.0,0.375,cpu_perf_counter,cpu
31,transformer.layer.5.attention.k_lin,Linear,0.245,0.375,150994944.0,590592,0,49,0.2458,counter,"[1, 128, 768]","[1, 128, 768]",974.86,0.0,0.375,cpu_perf_counter,cpu
31,transformer.layer.5.attention.v_lin,Linear,0.2498,0.375,150994944.0,590592,0,50,0.2506,counter,"[1, 128, 768]","[1, 128, 768]",974.86,0.0,0.375,cpu_perf_counter,cpu
31,transformer.layer.5.attention.out_lin,Linear,0.2536,0.375,150994944.0,590592,0,51,0.2544,counter,"[1, 128, 768]","[1, 128, 768]",974.86,0.0,0.375,cpu_perf_counter,cpu
31,transformer.layer.5.sa_layer_norm,LayerNorm,0.0244,0.375,491520.0,1536,0,52,0.0252,analytic,"[1, 128, 768]","[1, 128, 768]",974.86,0.0,0.375,cpu_perf_counter,cpu
31,transformer.layer.5.ffn.lin1,Linear,1.1281,1.5,603979776.0,2362368,0,53,1.1289,counter,"[1, 128, 768]","[1, 128, 3072]",974.86,0.0,1.5,cpu_perf_counter,cpu
31,transformer.layer.5.ffn.activation,GELUActivation,0.108,1.5,0.0,0,0,54,0.1088,none,"[1, 128, 3072]","[1, 128, 3072]",974.86,0.0,1.5,cpu_perf_counter,cpu
31,transformer.layer.5.ffn.lin2,Linear,0.9357,0.375,603979776.0,2360064,0,55,0.9365,counter,"[1, 128, 3072]","[1, 128, 768]",974.86,0.0,0.375,cpu_perf_counter,cpu
31,transformer.layer.5.output_layer_norm,LayerNorm,0.0394,0.375,491520.0,1536,0,56,0.0402,analytic,"[1, 128, 768]","[1, 128, 768]",974.86,0.0,0.375,cpu_perf_counter,cpu
32,embeddings.word_embeddings,Embedding,0.0542,0.375,0.0,23440896,0,0,0.055,none,"[1, 128]","[1, 128, 768]",974.86,0.0,0.375,cpu_perf_counter,cpu
32,embeddings.position_embeddings,Embedding,0.0229,0.375,0.0,393216,0,1,0.0237,none,"[1, 128]","[1, 128, 768]",974.86,0.0,0.375,cpu_perf_counter,cpu
32,embeddings.LayerNorm,LayerNorm,0.0381,0.375,491520.0,1536,0,2,0.0389,analytic,"[1, 128, 768]","[1, 128, 768]",974.86,0.0,0.375,cpu_perf_counter,cpu
32,transformer.layer.0.attention.q_lin,Linear,0.3861,0.375,150994944.0,590592,0,3,0.3869,counter,"[1, 128, 768]","[1, 128, 768]",974.86,0.0,0.375,cpu_perf_counter,cpu
32,transformer.layer.0.attention.k_lin,Linear,0.3689,0.375,150994944.0,590592,0,4,0.3697,counter,"[1, 128, 768]","[1, 128, 768]",974.86,0.0,0.375,cpu_perf_counter,cpu
32,transformer.layer.0.attention.v_lin,Linear,0.3627,0.375,150994944.0,590592,0,5,0.3635,counter,"[1, 128, 768]","[1, 128, 768]",974.86,0.0,0.375,cpu_perf_counter,cpu
32,transformer.layer.0.attention.out_lin,Linear,0.3876,0.375,150994944.0,590592,0,6,0.3884,counter,"[1, 128, 768]","[1, 128, 768]",974.86,0.0,0.375,cpu_perf_counter,cpu
32,transformer.layer.0.sa_layer_norm,LayerNorm,0.0357,0.375,491520.0,1536,0,7,0.0365,analytic,"[1, 128, 768]","[1, 128, 768]",974.86,0.0,0.375,cpu_perf_counter,cpu
32,transformer.layer.0.ffn.lin1,Linear,1.6798,1.5,603979776.0,2362368,0,8,1.6806,counter,"[1, 128, 768]","[1, 128, 3072]",974.86,0.0,1.5,cpu_perf_counter,cpu
32,transformer.layer.0.ffn.activation,GELUActivation,0.1605,1.5,0.0,0,0,9,0.1613,none,"[1, 128, 3072]","[1, 128, 3072]",974.86,0.0,1.5,cpu_perf_counter,cpu
32,transformer.layer.0.ffn.lin2,Linear,1.7439,0.375,603979776.0,2360064,0,10,1.7447,counter,"[1, 128, 3072]","[1, 128, 768]",974.86,0.0,0.375,cpu_perf_counter,cpu
32,transformer.layer.0.output_layer_norm,LayerNorm,0.0461,0.375,491520.0,1536,0,11,0.0469,analytic,"[1, 128, 768]","[1, 128, 768]",974.86,0.0,0.375,cpu_perf_counter,cpu
32,transformer.layer.1.attention.q_lin,Linear,0.4047,0.375,150994944.0,590592,0,12,0.4055,counter,"[1, 128, 768]","[1, 128, 768]",974.86,0.0,0.375,cpu_perf_counter,cpu
32,transformer.layer.1.attention.k_lin,Linear,0.3783,0.375,150994944.0,590592,0,13,0.3791,counter,"[1, 128, 768]","[1, 128, 768]",974.86,0.0,0.375,cpu_perf_counter,cpu
32,transformer.layer.1.attention.v_lin,Linear,0.3637,0.375,150994944.0,590592,0,14,0.3645,counter,"[1, 128, 768]","[1, 128, 768]",974.86,0.0,0.375,cpu_perf_counter,cpu
32,transformer.layer.1.attention.out_lin,Linear,0.3771,0.375,150994944.0,590592,0,15,0.3779,counter,"[1, 128, 768]","[1, 128, 768]",974.86,0.0,0.375,cpu_perf_counter,cpu
32,transformer.layer.1.sa_layer_norm,LayerNorm,0.0343,0.375,491520.0,1536,0,16,0.0351,analytic,"[1, 128, 768]","[1, 128, 768]",974.86,0.0,0.375,cpu_perf_counter,cpu
32,transformer.layer.1.ffn.lin1,Linear,1.5907,1.5,603979776.0,2362368,0,17,1.5915,counter,"[1, 128, 768]","[1, 128, 3072]",974.86,0.0,1.5,cpu_perf_counter,cpu
32,transformer.layer.1.ffn.activation,GELUActivation,0.1325,1.5,0.0,0,0,18,0.1333,none,"[1, 128, 3072]","[1, 128, 3072]",974.86,0.0,1.5,cpu_perf_counter,cpu
32,transformer.layer.1.ffn.lin2,Linear,1.7838,0.375,603979776.0,2360064,0,19,1.7846,counter,"[1, 128, 3072]","[1, 128, 768]",974.86,0.0,0.375,cpu_perf_counter,cpu
32,transformer.layer.1.output_layer_norm,LayerNorm,0.0467,0.375,491520.0,1536,0,20,0.0475,analytic,"[1, 128, 768]","[1, 128, 768]",974.86,0.0,0.375,cpu_perf_counter,cpu
32,transformer.layer.2.attention.q_lin,Linear,0.3956,0.375,150994944.0,590592,0,21,0.3964,counter,"[1, 128, 768]","[1, 128, 768]",974.86,0.0,0.375,cpu_perf_counter,cpu
32,transformer.layer.2.attention.k_lin,Linear,0.3787,0.375,150994944.0,590592,0,22,0.3795,counter,"[1, 128, 768]","[1, 128, 768]",974.86,0.0,0.375,cpu_perf_counter,cpu
32,transformer.layer.2.attention.v_lin,Linear,0.3649,0.375,150994944.0,590592,0,23,0.3657,counter,"[1, 128, 768]","[1, 128, 768]",974.86,0.0,0.375,cpu_perf_counter,cpu
32,transformer.layer.2.attention.out_lin,Linear,0.3886,0.375,150994944.0,590592,0,24,0.3894,counter,"[1, 128, 768]","[1, 128, 768]",974.86,0.0,0.375,cpu_perf_counter,cpu
32,transformer.layer.2.sa_layer_norm,LayerNorm,0.0326,0.375,491520.0,1536,0,25,0.0334,analytic,"[1, 128, 768]","[1, 128, 768]",974.86,0.0,0.375,cpu_perf_counter,cpu
32,transformer.layer.2.ffn.lin1,Linear,1.6353,1.5,603979776.0,2362368,0,26,1.6361,counter,"[1, 128, 768]","[1, 128, 3072]",974.86,0.0,1.5,cpu_perf_counter,cpu
32,transformer.layer.2.ffn.activation,GELUActivation,0.1504,1.5,0.0,0,0,27,0.1512,none,"[1, 128, 3072]","[1, 128, 3072]",974.86,0.0,1.5,cpu_perf_counter,cpu
32,transformer.layer.2.ffn.lin2,Linear,1.5083,0.375,603979776.0,2360064,0,28,1.5091,counter,"[1, 128, 3072]","[1, 128, 768]",974.86,0.0,0.375,cpu_perf_counter,cpu
32,transformer.layer.2.output_layer_norm,LayerNorm,0.0475,0.375,491520.0,1536,0,29,0.0483,analytic,"[1, 128, 768]","[1, 128, 768]",974.86,0.0,0.375,cpu_perf_counter,cpu
32,transformer.layer.3.attention.q_lin,Linear,0.4103,0.375,150994944.0,590592,0,30,0.4111,counter,"[1, 128, 768]","[1, 128, 768]",974.86,0.0,0.375,cpu_perf_counter,cpu
32,transformer.layer.3.attention.k_lin,Linear,0.3865,0.375,150994944.0,590592,0,31,0.3873,counter,"[1, 128, 768]","[1, 128, 768]",974.86,0.0,0.375,cpu_perf_counter,cpu
32,transformer.layer.3.attention.v_lin,Linear,0.3761,0.375,150994944.0,590592,0,32,0.3769,counter,"[1, 128, 768]","[1, 128, 768]",974.86,0.0,0.375,cpu_perf_counter,cpu
32,transformer.layer.3.attention.out_lin,Linear,0.408,0.375,150994944.0,590592,0,33,0.4088,counter,"[1, 128, 768]","[1, 128, 768]",974.86,0.0,0.375,cpu_perf_counter,cpu
32,transformer.layer.3.sa_layer_norm,LayerNorm,0.0395,0.375,491520.0,1536,0,34,0.0403,analytic,"[1, 128, 768]","[1, 128, 768]",974.86,0.0,0.375,cpu_perf_counter,cpu
32,transformer.layer.3.ffn.lin1,Linear,1.7109,1.5,603979776.0,2362368,0,35,1.7117,counter,"[1, 128, 768]","[1, 128, 3072]",974.86,0.0,1.5,cpu_perf_counter,cpu
32,transformer.layer.3.ffn.activation,GELUActivation,0.1439,1.5,0.0,0,0,36,0.1447,none,"[1, 128, 3072]","[1, 128, 3072]",974.86,0.0,1.5,cpu_perf_counter,cpu
32,transformer.layer.3.ffn.lin2,Linear,1.803,0.375,603979776.0,2360064,0,37,1.8038,counter,"[1, 128, 3072]","[1, 128, 768]",974.86,0.0,0.375,cpu_perf_counter,cpu
32,transformer.layer.3.output_layer_norm,LayerNorm,0.051,0.375,491520.0,1536,0,38,0.0518,analytic,"[1, 128, 768]","[1, 128, 768]",974.86,0.0,0.375,cpu_perf_counter,cpu
32,transformer.layer.4.attention.q_lin,Linear,0.4056,0.375,150994944.0,590592,0,39,0.4064,counter,"[1, 128, 768]","[1, 128, 768]",974.86,0.0,0.375,cpu_perf_counter,cpu
32,transformer.layer.4.attention.k_lin,Linear,0.3892,0.375,150994944.0,590592,0,40,0.39,counter,"[1, 128, 768]","[1, 128, 768]",974.86,0.0,0.375,cpu_perf_counter,cpu
32,transformer.layer.4.attention.v_lin,Linear,0.3703,0.375,150994944.0,590592,0,41,0.3711,counter,"[1, 128, 768]","[1, 128, 768]",974.86,0.0,0.375,cpu_perf_counter,cpu
32,transformer.layer.4.attention.out_lin,Linear,0.3989,0.375,150994944.0,590592,0,42,0.3997,counter,"[1, 128, 768]","[1, 128, 768]",974.86,0.0,0.375,cpu_perf_counter,cpu
32,transformer.layer.4.sa_layer_norm,LayerNorm,0.0329,0.375,491520.0,1536,0,43,0.0337,analytic,"[1, 128, 768]","[1, 128, 768]",974.86,0.0,0.375,cpu_perf_counter,cpu
32,transformer.layer.4.ffn.lin1,Linear,1.6092,1.5,603979776.0,2362368,0,44,1.61,counter,"[1, 128, 768]","[1, 128, 3072]",974.86,0.0,1.5,cpu_perf_counter,cpu
32,transformer.layer.4.ffn.activation,GELUActivation,0.1318,1.5,0.0,0,0,45,0.1326,none,"[1, 128, 3072]","[1, 128, 3072]",974.86,0.0,1.5,cpu_perf_counter,cpu
32,transformer.layer.4.ffn.lin2,Linear,1.7057,0.375,603979776.0,2360064,0,46,1.7065,counter,"[1, 128, 3072]","[1, 128, 768]",974.86,0.0,0.375,cpu_perf_counter,cpu
32,transformer.layer.4.output_layer_norm,LayerNorm,0.0419,0.375,491520.0,1536,0,47,0.0427,analytic,"[1, 128, 768]","[1, 128, 768]",974.86,0.0,0.375,cpu_perf_counter,cpu
32,transformer.layer.5.attention.q_lin,Linear,0.4013,0.375,150994944.0,590592,0,48,0.4021,counter,"[1, 128, 768]","[1, 128, 768]",974.86,0.0,0.375,cpu_perf_counter,cpu
32,transformer.layer.5.attention.k_lin,Linear,0.3732,0.375,150994944.0,590592,0,49,0.374,counter,"[1, 128, 768]","[1, 128, 768]",974.86,0.0,0.375,cpu_perf_counter,cpu
32,transformer.layer.5.attention.v_lin,Linear,0.3687,0.375,150994944.0,590592,0,50,0.3695,counter,"[1, 128, 768]","[1, 128, 768]",974.86,0.0,0.375,cpu_perf_counter,cpu
32,transformer.layer.5.attention.out_lin,Linear,0.3852,0.375,150994944.0,590592,0,51,0.386,counter,"[1, 128, 768]","[1, 128, 768]",974.86,0.0,0.375,cpu_perf_counter,cpu
32,transformer.layer.5.sa_layer_norm,LayerNorm,0.0361,0.375,491520.0,1536,0,52,0.0369,analytic,"[1, 128, 768]","[1, 128, 768]",974.86,0.0,0.375,cpu_perf_counter,cpu
32,transformer.layer.5.ffn.lin1,Linear,1.5749,1.5,603979776.0,2362368,0,53,1.5757,counter,"[1, 128, 768]","[1, 128, 3072]",974.86,0.0,1.5,cpu_perf_counter,cpu
32,transformer.layer.5.ffn.activation,GELUActivation,0.1266,1.5,0.0,0,0,54,0.1274,none,"[1, 128, 3072]","[1, 128, 3072]",974.86,0.0,1.5,cpu_perf_counter,cpu
32,transformer.layer.5.ffn.lin2,Linear,1.4081,0.375,603979776.0,2360064,0,55,1.4089,counter,"[1, 128, 3072]","[1, 128, 768]",974.86,0.0,0.375,cpu_perf_counter,cpu
32,transformer.layer.5.output_layer_norm,LayerNorm,0.0376,0.375,491520.0,1536,0,56,0.0384,analytic,"[1, 128, 768]","[1, 128, 768]",974.86,0.0,0.375,cpu_perf_counter,cpu
33,embeddings.word_embeddings,Embedding,0.0637,0.375,0.0,23440896,0,0,0.0645,none,"[1, 128]","[1, 128, 768]",974.86,0.0,0.375,cpu_perf_counter,cpu
33,embeddings.position_embeddings,Embedding,0.0257,0.375,0.0,393216,0,1,0.0265,none,"[1, 128]","[1, 128, 768]",974.86,0.0,0.375,cpu_perf_counter,cpu
33,embeddings.LayerNorm,LayerNorm,0.0413,0.375,491520.0,1536,0,2,0.0421,analytic,"[1, 128, 768]","[1, 128, 768]",974.86,0.0,0.375,cpu_perf_counter,cpu
33,transformer.layer.0.attention.q_lin,Linear,0.3774,0.375,150994944.0,590592,0,3,0.3782,counter,"[1, 128, 768]","[1, 128, 768]",974.86,0.0,0.375,cpu_perf_counter,cpu
33,transformer.layer.0.attention.k_lin,Linear,0.3591,0.375,150994944.0,590592,0,4,0.3599,counter,"[1, 128, 768]","[1, 128, 768]",974.86,0.0,0.375,cpu_perf_counter,cpu
33,transformer.layer.0.attention.v_lin,Linear,0.3582,0.375,150994944.0,590592,0,5,0.359,counter,"[1, 128, 768]","[1, 128, 768]",974.86,0.0,0.375,cpu_perf_counter,cpu
33,transformer.layer.0.attention.out_lin,Linear,0.3528,0.375,150994944.0,590592,0,6,0.3536,counter,"[1, 128, 768]","[1, 128, 768]",974.86,0.0,0.375,cpu_perf_counter,cpu
33,transformer.layer.0.sa_layer_norm,LayerNorm,0.0267,0.375,491520.0,1536,0,7,0.0275,analytic,"[1, 128, 768]","[1, 128, 768]",974.86,0.0,0.375,cpu_perf_counter,cpu
33,transformer.layer.0.ffn.lin1,Linear,1.5217,1.5,603979776.0,2362368,0,8,1.5225,counter,"[1, 128, 768]","[1, 128, 3072]",974.86,0.0,1.5,cpu_perf_counter,cpu
33,transformer.layer.0.ffn.activation,GELUActivation,0.1259,1.5,0.0,0,0,9,0.1267,none,"[1, 128, 3072]","[1, 128, 3072]",974.86,0.0,1.5,cpu_perf_counter,cpu
33,transformer.layer.0.ffn.lin2,Linear,1.4369,0.375,603979776.0,2360064,0,10,1.4377,counter,"[1, 128, 3072]","[1, 128, 768]",974.86,0.0,0.375,cpu_perf_counter,cpu
33,transformer.layer.0.output_layer_norm,LayerNorm,0.0387,0.375,491520.0,1536,0,11,0.0395,analytic,"[1, 128, 768]","[1, 128, 768]",974.86,0.0,0.375,cpu_perf_counter,cpu
33,transformer.layer.1.attention.q_lin,Linear,0.3643,0.375,150994944.0,590592,0,12,0.3651,counter,"[1, 128, 768]","[1, 128, 768]",974.86,0.0,0.375,cpu_perf_counter,cpu
33,transformer.layer.1.attention.k_lin,Linear,0.3565,0.375,150994944.0,590592,0,13,0.3573,counter,"[1, 128, 768]","[1, 128, 768]",974.86,0.0,0.375,cpu_perf_counter,cpu
33,transformer.layer.1.attention.v_lin,Linear,0.3486,0.375,150994944.0,590592,0,14,0.3494,counter,"[1, 128, 768]","[1, 128, 768]",974.86,0.0,0.375,cpu_perf_counter,cpu
33,transformer.layer.1.attention.out_lin,Linear,0.3668,0.375,150994944.0,590592,0,15,0.3676,counter,"[1, 128, 768]","[1, 128, 768]",974.86,0.0,0.375,cpu_perf_counter,cpu
33,transformer.layer.1.sa_layer_norm,LayerNorm,0.0308,0.375,491520.0,1536,0,16,0.0316,analytic,"[1, 128, 768]","[1, 128, 768]",974.86,0.0,0.375,cpu_perf_counter,cpu
33,transformer.layer.1.ffn.lin1,Linear,1.5071,1.5,603979776.0,2362368,0,17,1.5079,counter,"[1, 128, 768]","[1, 128, 3072]",974.86,0.0,1.5,cpu_perf_counter,cpu
33,transformer.layer.1.ffn.activation,GELUActivation,0.1212,1.5,0.0,0,0,18,0.122,none,"[1, 128, 3072]","[1, 128, 3072]",974.86,0.0,1.5,cpu_perf_counter,cpu
33,transformer.layer.1.ffn.lin2,Linear,1.4246,0.375,603979776.0,2360064,0,19,1.4254,counter,"[1, 128, 3072]","[1, 128, 768]",974.86,0.0,0.375,cpu_perf_counter,cpu
33,transformer.layer.1.output_layer_norm,LayerNorm,0.0402,0.375,491520.0,1536,0,20,0.041,analytic,"[1, 128, 768]","[1, 128, 768]",974.86,0.0,0.375,cpu_perf_counter,cpu
33,transformer.layer.2.attention.q_lin,Linear,0.3787,0.375,150994944.0,590592,0,21,0.3795,counter,"[1, 128, 768]","[1, 128, 768]",974.86,0.0,0.375,cpu_perf_counter,cpu
33,transformer.layer.2.attention.k_lin,Linear,0.3778,0.375,150994944.0,590592,0,22,0.3786,counter,"[1, 128, 768]","[1, 128, 768]",974.86,0.0,0.375,cpu_perf_counter,cpu
33,transformer.layer.2.attention.v_lin,Linear,0.3556,0.375,150994944.0,590592,0,23,0.3564,counter,"[1, 128, 768]","[1, 128, 768]",974.86,0.0,0.375,cpu_perf_counter,cpu
33,transformer.layer.2.attention.out_lin,Linear,0.3746,0.375,150994944.0,590592,0,24,0.3754,counter,"[1, 128, 768]","[1, 128, 768]",974.86,0.0,0.375,cpu_perf_counter,cpu
33,transformer.layer.2.sa_layer_norm,LayerNorm,0.0314,0.375,491520.0,1536,0,25,0.0322,analytic,"[1, 128, 768]","[1, 128, 768]",974.86,0.0,0.375,cpu_perf_counter,cpu
33,transformer.layer.2.ffn.lin1,Linear,1.5818,1.5,603979776.0,2362368,0,26,1.5826,counter,"[1, 128, 768]","[1, 128, 3072]",974.86,0.0,1.5,cpu_perf_counter,cpu
33,transformer.layer.2.ffn.activation,GELUActivation,0.1364,1.5,0.0,0,0,27,0.1372,none,"[1, 128, 3072]","[1, 128, 3072]",974.86,0.0,1.5,cpu_perf_counter,cpu
33,transformer.layer.2.ffn.lin2,Linear,1.4535,0.375,603979776.0,2360064,0,28,1.4543,counter,"[1, 128, 3072]","[1, 128, 768]",974.86,0.0,0.375,cpu_perf_counter,cpu
33,transformer.layer.2.output_layer_norm,LayerNorm,0.0404,0.375,491520.0,1536,0,29,0.0412,analytic,"[1, 128, 768]","[1, 128, 768]",974.86,0.0,0.375,cpu_perf_counter,cpu
33,transformer.layer.3.attention.q_lin,Linear,0.4012,0.375,150994944.0,590592,0,30,0.402,counter,"[1, 128, 768]","[1, 128, 768]",974.86,0.0,0.375,cpu_perf_counter,cpu
33,transformer.layer.3.attention.k_lin,Linear,0.3546,0.375,150994944.0,590592,0,31,0.3554,counter,"[1, 128, 768]","[1, 128, 768]",974.86,0.0,0.375,cpu_perf_counter,cpu
33,transformer.layer.3.attention.v_lin,Linear,0.353,0.375,150994944.0,590592,0,32,0.3538,counter,"[1, 128, 768]","[1, 128, 768]",974.86,0.0,0.375,cpu_perf_counter,cpu
33,transformer.layer.3.attention.out_lin,Linear,0.3592,0.375,150994944.0,590592,0,33,0.36,counter,"[1, 128, 768]","[1, 128, 768]",974.86,0.0,0.375,cpu_perf_counter,cpu
33,transformer.layer.3.sa_layer_norm,LayerNorm,0.0291,0.375,491520.0,1536,0,34,0.0299,analytic,"[1, 128, 768]","[1, 128, 768]",974.86,0.0,0.375,cpu_perf_counter,cpu
33,transformer.layer.3.ffn.lin1,Linear,1.5344,1.5,603979776.0,2362368,0,35,1.5352,counter,"[1, 128, 768]","[1, 128, 3072]",974.86,0.0,1.5,cpu_perf_counter,cpu
33,transformer.layer.3.ffn.activation,GELUActivation,0.1249,1.5,0.0,0,0,36,0.1257,none,"[1, 128, 3072]","[1, 128, 3072]",974.86,0.0,1.5,cpu_perf_counter,cpu
33,transformer.layer.3.ffn.lin2,Linear,1.4663,0.375,603979776.0,2360064,0,37,1.4671,counter,"[1, 128, 3072]","[1, 128, 768]",974.86,0.0,0.375,cpu_perf_counter,cpu
33,transformer.layer.3.output_layer_norm,LayerNorm,0.0479,0.375,491520.0,1536,0,38,0.0487,analytic,"[1, 128, 768]","[1, 128, 768]",974.86,0.0,0.375,cpu_perf_counter,cpu
33,transformer.layer.4.attention.q_lin,Linear,0.3786,0.375,150994944.0,590592,0,39,0.3794,counter,"[1, 128, 768]","[1, 128, 768]",974.86,0.0,0.375,cpu_perf_counter,cpu
33,transformer.layer.4.attention.k_lin,Linear,0.3579,0.375,150994944.0,590592,0,40,0.3587,counter,"[1, 128, 768]","[1, 128, 768]",974.86,0.0,0.375,cpu_perf_counter,cpu
33,transformer.layer.4.attention.v_lin,Linear,0.3722,0.375,150994944.0,590592,0,41,0.373,counter,"[1, 128, 768]","[1, 128, 768]",974.86,0.0,0.375,cpu_perf_counter,cpu
33,transformer.layer.4.attention.out_lin,Linear,0.3625,0.375,150994944.0,590592,0,42,0.3633,counter,"[1, 128, 768]","[1, 128, 768]",974.86,0.0,0.375,cpu_perf_counter,cpu
33,transformer.layer.4.sa_layer_norm,LayerNorm,0.0279,0.375,491520.0,1536,0,43,0.0287,analytic,"[1, 128, 768]","[1, 128, 768]",974.86,0.0,0.375,cpu_perf_counter,cpu
33,transformer.layer.4.ffn.lin1,Linear,1.508,1.5,603979776.0,2362368,0,44,1.5088,counter,"[1, 128, 768]","[1, 128, 3072]",974.86,0.0,1.5,cpu_perf_counter,cpu
33,transformer.layer.4.ffn.activation,GELUActivation,0.1214,1.5,0.0,0,0,45,0.1222,none,"[1, 128, 3072]","[1, 128, 3072]",974.86,0.0,1.5,cpu_perf_counter,cpu
33,transformer.layer.4.ffn.lin2,Linear,1.4871,0.375,603979776.0,2360064,0,46,1.4879,counter,"[1, 128, 3072]","[1, 128, 768]",974.86,0.0,0.375,cpu_perf_counter,cpu
33,transformer.layer.4.output_layer_norm,LayerNorm,0.0396,0.375,491520.0,1536,0,47,0.0404,analytic,"[1, 128, 768]","[1, 128, 768]",974.86,0.0,0.375,cpu_perf_counter,cpu
33,transformer.layer.5.attention.q_lin,Linear,0.3722,0.375,150994944.0,590592,0,48,0.373,counter,"[1, 128, 768]","[1, 128, 768]",974.86,0.0,0.375,cpu_perf_counter,cpu
33,transformer.layer.5.attention.k_lin,Linear,0.3578,0.375,150994944.0,590592,0,49,0.3586,counter,"[1, 128, 768]","[1, 128, 768]",974.86,0.0,0.375,cpu_perf_counter,cpu
33,transformer.layer.5.attention.v_lin,Linear,0.346,0.375,150994944.0,590592,0,50,0.3468,counter,"[1, 128, 768]","[1, 128, 768]",974.86,0.0,0.375,cpu_perf_counter,cpu
33,transformer.layer.5.attention.out_lin,Linear,0.3589,0.375,150994944.0,590592,0,51,0.3597,counter,"[1, 128, 768]","[1, 128, 768]",974.86,0.0,0.375,cpu_perf_counter,cpu
33,transformer.layer.5.sa_layer_norm,LayerNorm,0.0278,0.375,491520.0,1536,0,52,0.0286,analytic,"[1, 128, 768]","[1, 128, 768]",974.86,0.0,0.375,cpu_perf_counter,cpu
33,transformer.layer.5.ffn.lin1,Linear,1.4777,1.5,603979776.0,2362368,0,53,1.4785,counter,"[1, 128, 768]","[1, 128, 3072]",974.86,0.0,1.5,cpu_perf_counter,cpu
33,transformer.layer.5.ffn.activation,GELUActivation,0.1448,1.5,0.0,0,0,54,0.1456,none,"[1, 128, 3072]","[1, 128, 3072]",974.86,0.0,1.5,cpu_perf_counter,cpu
33,transformer.layer.5.ffn.lin2,Linear,1.4233,0.375,603979776.0,2360064,0,55,1.4241,counter,"[1, 128, 3072]","[1, 128, 768]",974.86,0.0,0.375,cpu_perf_counter,cpu
33,transformer.layer.5.output_layer_norm,LayerNorm,0.0398,0.375,491520.0,1536,0,56,0.0406,analytic,"[1, 128, 768]","[1, 128, 768]",974.86,0.0,0.375,cpu_perf_counter,cpu
34,embeddings.word_embeddings,Embedding,0.0577,0.375,0.0,23440896,0,0,0.0585,none,"[1, 128]","[1, 128, 768]",974.86,0.0,0.375,cpu_perf_counter,cpu
34,embeddings.position_embeddings,Embedding,0.0233,0.375,0.0,393216,0,1,0.0241,none,"[1, 128]","[1, 128, 768]",974.86,0.0,0.375,cpu_perf_counter,cpu
34,embeddings.LayerNorm,LayerNorm,0.0267,0.375,491520.0,1536,0,2,0.0275,analytic,"[1, 128, 768]","[1, 128, 768]",974.86,0.0,0.375,cpu_perf_counter,cpu
34,transformer.layer.0.attention.q_lin,Linear,0.3741,0.375,150994944.0,590592,0,3,0.3749,counter,"[1, 128, 768]","[1, 128, 768]",974.86,0.0,0.375,cpu_perf_counter,cpu
34,transformer.layer.0.attention.k_lin,Linear,0.361,0.375,150994944.0,590592,0,4,0.3618,counter,"[1, 128, 768]","[1, 128, 768]",974.86,0.0,0.375,cpu_perf_counter,cpu
34,transformer.layer.0.attention.v_lin,Linear,0.3666,0.375,150994944.0,590592,0,5,0.3674,counter,"[1, 128, 768]","[1, 128, 768]",974.86,0.0,0.375,cpu_perf_counter,cpu
34,transformer.layer.0.attention.out_lin,Linear,0.3884,0.375,150994944.0,590592,0,6,0.3892,counter,"[1, 128, 768]","[1, 128, 768]",974.86,0.0,0.375,cpu_perf_counter,cpu
34,transformer.layer.0.sa_layer_norm,LayerNorm,0.037,0.375,491520.0,1536,0,7,0.0378,analytic,"[1, 128, 768]","[1, 128, 768]",974.86,0.0,0.375,cpu_perf_counter,cpu
34,transformer.layer.0.ffn.lin1,Linear,1.591,1.5,603979776.0,2362368,0,8,1.5918,counter,"[1, 128, 768]","[1, 128, 3072]",974.86,0.0,1.5,cpu_perf_counter,cpu
34,transformer.layer.0.ffn.activation,GELUActivation,0.13,1.5,0.0,0,0,9,0.1308,none,"[1, 128, 3072]","[1, 128, 3072]",974.86,0.0,1.5,cpu_perf_counter,cpu
34,transformer.layer.0.ffn.lin2,Linear,1.4552,0.375,603979776.0,2360064,0,10,1.456,counter,"[1, 128, 3072]","[1, 128, 768]",974.86,0.0,0.375,cpu_perf_counter,cpu
34,transformer.layer.0.output_layer_norm,LayerNorm,0.0506,0.375,491520.0,1536,0,11,0.0514,analytic,"[1, 128, 768]","[1, 128, 768]",974.86,0.0,0.375,cpu_perf_counter,cpu
34,transformer.layer.1.attention.q_lin,Linear,0.3868,0.375,150994944.0,590592,0,12,0.3876,counter,"[1, 128, 768]","[1, 128, 768]",974.86,0.0,0.375,cpu_perf_counter,cpu
34,transformer.layer.1.attention.k_lin,Linear,0.3623,0.375,150994944.0,590592,0,13,0.3631,counter,"[1, 128, 768]","[1, 128, 768]",974.86,0.0,0.375,cpu_perf_counter,cpu
34,transformer.layer.1.attention.v_lin,Linear,0.3579,0.375,150994944.0,590592,0,14,0.3587,counter,"[1, 128, 768]","[1, 128, 768]",974.86,0.0,0.375,cpu_perf_counter,cpu
34,transformer.layer.1.attention.out_lin,Linear,0.3628,0.375,150994944.0,590592,0,15,0.3636,counter,"[1, 128, 768]","[1, 128, 768]",974.86,0.0,0.375,cpu_perf_counter,cpu
34,transformer.layer.1.sa_layer_norm,LayerNorm,0.0319,0.375,491520.0,1536,0,16,0.0327,analytic,"[1, 128, 768]","[1, 128, 768]",974.86,0.0,0.375,cpu_perf_counter,cpu
34,transformer.layer.1.ffn.lin1,Linear,1.5036,1.5,603979776.0,2362368,0,17,1.5044,counter,"[1, 128, 768]","[1, 128, 3072]",974.86,0.0,1.5,cpu_perf_counter,cpu
34,transformer.layer.1.ffn.activation,GELUActivation,0.1167,1.5,0.0,0,0,18,0.1175,none,"[1, 128, 3072]","[1, 128, 3072]",974.86,0.0,1.5,cpu_perf_counter,cpu
34,transformer.layer.1.ffn.lin2,Linear,1.4679,0.375,603979776.0,2360064,0,19,1.4687,counter,"[1, 128, 3072]","[1, 128, 768]",974.86,0.0,0.375,cpu_perf_counter,cpu
34,transformer.layer.1.output_layer_norm,LayerNorm,0.039,0.375,491520.0,1536,0,20,0.0398,analytic,"[1, 128, 768]","[1, 128, 768]",974.86,0.0,0.375,cpu_perf_counter,cpu
34,transformer.layer.2.attention.q_lin,Linear,0.3733,0.375,150994944.0,590592,0,21,0.3741,counter,"[1, 128, 768]","[1, 128, 768]",974.86,0.0,0.375,cpu_perf_counter,cpu
34,transformer.layer.2.attention.k_lin,Linear,0.3585,0.375,150994944.0,590592,0,22,0.3593,counter,"[1, 128, 768]","[1, 128, 768]",974.86,0.0,0.375,cpu_perf_counter,cpu
34,transformer.layer.2.attention.v_lin,Linear,0.3487,0.375,150994944.0,590592,0,23,0.3495,counter,"[1, 128, 768]","[1, 128, 768]",974.86,0.0,0.375,cpu_perf_counter,cpu
34,transformer.layer.2.attention.out_lin,Linear,0.3552,0.375,150994944.0,590592,0,24,0.356,counter,"[1, 128, 768]","[1, 128, 768]",974.86,0.0,0.375,cpu_perf_counter,cpu
34,transformer.layer.2.sa_layer_norm,LayerNorm,0.0266,0.375,491520.0,1536,0,25,0.0274,analytic,"[1, 128, 768]","[1, 128, 768]",974.86,0.0,0.375,cpu_perf_counter,cpu
34,transformer.layer.2.ffn.lin1,Linear,1.5699,1.5,603979776.0,2362368,0,26,1.5707,counter,"[1, 128, 768]","[1, 128, 3072]",974.86,0.0,1.5,cpu_perf_counter,cpu
34,transformer.layer.2.ffn.activation,GELUActivation,0.1377,1.5,0.0,0,0,27,0.1385,none,"[1, 128, 3072]","[1, 128, 3072]",974.86,0.0,1.5,cpu_perf_counter,cpu
34,transformer.layer.2.ffn.lin2,Linear,1.4421,0.375,603979776.0,2360064,0,28,1.4429,counter,"[1, 128, 3072]","[1, 128, 768]",974.86,0.0,0.375,cpu_perf_counter,cpu
34,transformer.layer.2.output_layer_norm,LayerNorm,0.0408,0.375,491520.0,1536,0,29,0.0416,analytic,"[1, 128, 768]","[1, 128, 768]",974.86,0.0,0.375,cpu_perf_counter,cpu
34,transformer.layer.3.attention.q_lin,Linear,0.3677,0.375,150994944.0,590592,0,30,0.3685,counter,"[1, 128, 768]","[1, 128, 768]",974.86,0.0,0.375,cpu_perf_counter,cpu
34,transformer.layer.3.attention.k_lin,Linear,0.3502,0.375,150994944.0,590592,0,31,0.351,counter,"[1, 128, 768]","[1, 128, 768]",974.86,0.0,0.375,cpu_perf_counter,cpu
34,transformer.layer.3.attention.v_lin,Linear,0.3478,0.375,150994944.0,590592,0,32,0.3486,counter,"[1, 128, 768]","[1, 128, 768]",974.86,0.0,0.375,cpu_perf_counter,cpu
34,transformer.layer.3.attention.out_lin,Linear,0.3844,0.375,150994944.0,590592,0,33,0.3852,counter,"[1, 128, 768]","[1, 128, 768]",974.86,0.0,0.375,cpu_perf_counter,cpu
34,transformer.layer.3.sa_layer_norm,LayerNorm,0.0414,0.375,491520.0,1536,0,34,0.0422,analytic,"[1, 128, 768]","[1, 128, 768]",974.86,0.0,0.375,cpu_perf_counter,cpu
34,transformer.layer.3.ffn.lin1,Linear,1.5879,1.5,603979776.0,2362368,0,35,1.5887,counter,"[1, 128, 768]","[1, 128, 3072]",974.86,0.0,1.5,cpu_perf_counter,cpu
34,transformer.layer.3.ffn.activation,GELUActivation,0.1405,1.5,0.0,0,0,36,0.1413,none,"[1, 128, 3072]","[1, 128, 3072]",974.86,0.0,1.5,cpu_perf_counter,cpu
34,transformer.layer.3.ffn.lin2,Linear,1.565,0.375,603979776.0,2360064,0,37,1.5658,counter,"[1, 128, 3072]","[1, 128, 768]",974.86,0.0,0.375,cpu_perf_counter,cpu
34,transformer.layer.3.output_layer_norm,LayerNorm,0.0548,0.375,491520.0,1536,0,38,0.0556,analytic,"[1, 128, 768]","[1, 128, 768]",974.86,0.0,0.375,cpu_perf_counter,cpu
34,transformer.layer.4.attention.q_lin,Linear,0.377,0.375,150994944.0,590592,0,39,0.3778,counter,"[1, 128, 768]","[1, 128, 768]",974.86,0.0,0.375,cpu_perf_counter,cpu
34,transformer.layer.4.attention.k_lin,Linear,0.3523,0.375,150994944.0,590592,0,40,0.3531,counter,"[1, 128, 768]","[1, 128, 768]",974.86,0.0,0.375,cpu_perf_counter,cpu
34,transformer.layer.4.attention.v_lin,Linear,0.3584,0.375,150994944.0,590592,0,41,0.3592,counter,"[1, 128, 768]","[1, 128, 768]",974.86,0.0,0.375,cpu_perf_counter,cpu
34,transformer.layer.4.attention.out_lin,Linear,0.3908,0.375,150994944.0,590592,0,42,0.3916,counter,"[1, 128, 768]","[1, 128, 768]",974.86,0.0,0.375,cpu_perf_counter,cpu
34,transformer.layer.4.sa_layer_norm,LayerNorm,0.034,0.375,491520.0,1536,0,43,0.0348,analytic,"[1, 128, 768]","[1, 128, 768]",974.86,0.0,0.375,cpu_perf_counter,cpu
34,transformer.layer.4.ffn.lin1,Linear,1.5217,1.5,603979776.0,2362368,0,44,1.5225,counter,"[1, 128, 768]","[1, 128, 3072]",974.86,0.0,1.5,cpu_perf_counter,cpu
34,transformer.layer.4.ffn.activation,GELUActivation,0.1341,1.5,0.0,0,0,45,0.1349,none,"[1, 128, 3072]","[1, 128, 3072]",974.86,0.0,1.5,cpu_perf_counter,cpu
34,transformer.layer.4.ffn.lin2,Linear,1.4596,0.375,603979776.0,2360064,0,46,1.4604,counter,"[1, 128, 3072]","[1, 128, 768]",974.86,0.0,0.375,cpu_perf_counter,cpu
34,transformer.layer.4.output_layer_norm,LayerNorm,0.0464,0.375,491520.0,1536,0,47,0.0472,analytic,"[1, 128, 768]","[1, 128, 768]",974.86,0.0,0.375,cpu_perf_counter,cpu
34,transformer.layer.5.attention.q_lin,Linear,0.3991,0.375,150994944.0,590592,0,48,0.3999,counter,"[1, 128, 768]","[1, 128, 768]",974.86,0.0,0.375,cpu_perf_counter,cpu
34,transformer.layer.5.attention.k_lin,Linear,0.3664,0.375,150994944.0,590592,0,49,0.3672,counter,"[1, 128, 768]","[1, 128, 768]",974.86,0.0,0.375,cpu_perf_counter,cpu
34,transformer.layer.5.attention.v_lin,Linear,0.3641,0.375,150994944.0,590592,0,50,0.3649,counter,"[1, 128, 768]","[1, 128, 768]",974.86,0.0,0.375,cpu_perf_counter,cpu
34,transformer.layer.5.attention.out_lin,Linear,0.3612,0.375,150994944.0,590592,0,51,0.362,counter,"[1, 128, 768]","[1, 128, 768]",974.86,0.0,0.375,cpu_perf_counter,cpu
34,transformer.layer.5.sa_layer_norm,LayerNorm,0.0348,0.375,491520.0,1536,0,52,0.0356,analytic,"[1, 128, 768]","[1, 128, 768]",974.86,0.0,0.375,cpu_perf_counter,cpu
34,transformer.layer.5.ffn.lin1,Linear,1.555,1.5,603979776.0,2362368,0,53,1.5558,counter,"[1, 128, 768]","[1, 128, 3072]",974.86,0.0,1.5,cpu_perf_counter,cpu
34,transformer.layer.5.ffn.activation,GELUActivation,0.1454,1.5,0.0,0,0,54,0.1462,none,"[1, 128, 3072]","[1, 128, 3072]",974.86,0.0,1.5,cpu_perf_counter,cpu
34,transformer.layer.5.ffn.lin2,Linear,1.4296,0.375,603979776.0,2360064,0,55,1.4304,counter,"[1, 128, 3072]","[1, 128, 768]",974.86,0.0,0.375,cpu_perf_counter,cpu
34,transformer.layer.5.output_layer_norm,LayerNorm,0.0451,0.375,491520.0,1536,0,56,0.0459,analytic,"[1, 128, 768]","[1, 128, 768]",974.86,0.0,0.375,cpu_perf_counter,cpu
35,embeddings.word_embeddings,Embedding,0.0573,0.375,0.0,23440896,0,0,0.0581,none,"[1, 128]","[1, 128, 768]",974.86,0.0,0.375,cpu_perf_counter,cpu
35,embeddings.position_embeddings,Embedding,0.0359,0.375,0.0,393216,0,1,0.0367,none,"[1, 128]","[1, 128, 768]",974.86,0.0,0.375,cpu_perf_counter,cpu
35,embeddings.LayerNorm,LayerNorm,0.0257,0.375,491520.0,1536,0,2,0.0265,analytic,"[1, 128, 768]","[1, 128, 768]",974.86,0.0,0.375,cpu_perf_counter,cpu
35,transformer.layer.0.attention.q_lin,Linear,0.3787,0.375,150994944.0,590592,0,3,0.3795,counter,"[1, 128, 768]","[1, 128, 768]",974.86,0.0,0.375,cpu_perf_counter,cpu
35,transformer.layer.0.attention.k_lin,Linear,0.3515,0.375,150994944.0,590592,0,4,0.3523,counter,"[1, 128, 768]","[1, 128, 768]",974.86,0.0,0.375,cpu_perf_counter,cpu
35,transformer.layer.0.attention.v_lin,Linear,0.3486,0.375,150994944.0,590592,0,5,0.3494,counter,"[1, 128, 768]","[1, 128, 768]",974.86,0.0,0.375,cpu_perf_counter,cpu
35,transformer.layer.0.attention.out_lin,Linear,0.3574,0.375,150994944.0,590592,0,6,0.3582,counter,"[1, 128, 768]","[1, 128, 768]",974.86,0.0,0.375,cpu_perf_counter,cpu
35,transformer.layer.0.sa_layer_norm,LayerNorm,0.0264,0.375,491520.0,1536,0,7,0.0272,analytic,"[1, 128, 768]","[1, 128, 768]",974.86,0.0,0.375,cpu_perf_counter,cpu
35,transformer.layer.0.ffn.lin1,Linear,1.538,1.5,603979776.0,2362368,0,8,1.5388,counter,"[1, 128, 768]","[1, 128, 3072]",974.86,0.0,1.5,cpu_perf_counter,cpu
35,transformer.layer.0.ffn.activation,GELUActivation,0.1209,1.5,0.0,0,0,9,0.1217,none,"[1, 128, 3072]","[1, 128, 3072]",974.86,0.0,1.5,cpu_perf_counter,cpu
35,transformer.layer.0.ffn.lin2,Linear,1.4303,0.375,603979776.0,2360064,0,10,1.4311,counter,"[1, 128, 3072]","[1, 128, 768]",974.86,0.0,0.375,cpu_perf_counter,cpu
35,transformer.layer.0.output_layer_norm,LayerNorm,0.0696,0.375,491520.0,1536,0,11,0.0704,analytic,"[1, 128, 768]","[1, 128, 768]",974.86,0.0,0.375,cpu_perf_counter,cpu
35,transformer.layer.1.attention.q_lin,Linear,0.3784,0.375,150994944.0,590592,0,12,0.3792,counter,"[1, 128, 768]","[1, 128, 768]",974.86,0.0,0.375,cpu_perf_counter,cpu
35,transformer.layer.1.attention.k_lin,Linear,0.3623,0.375,150994944.0,590592,0,13,0.3631,counter,"[1, 128, 768]","[1, 128, 768]",974.86,0.0,0.375,cpu_perf_counter,cpu
35,transformer.layer.1.attention.v_lin,Linear,0.3519,0.375,150994944.0,590592,0,14,0.3527,counter,"[1, 128, 768]","[1, 128, 768]",974.86,0.0,0.375,cpu_perf_counter,cpu
35,transformer.layer.1.attention.out_lin,Linear,0.3697,0.375,150994944.0,590592,0,15,0.3705,counter,"[1, 128, 768]","[1, 128, 768]",974.86,0.0,0.375,cpu_perf_counter,cpu
35,transformer.layer.1.sa_layer_norm,LayerNorm,0.031,0.375,491520.0,1536,0,16,0.0318,analytic,"[1, 128, 768]","[1, 128, 768]",974.86,0.0,0.375,cpu_perf_counter,cpu
35,transformer.layer.1.ffn.lin1,Linear,1.5283,1.5,603979776.0,2362368,0,17,1.5291,counter,"[1, 128, 768]","[1, 128, 3072]",974.86,0.0,1.5,cpu_perf_counter,cpu
35,transformer.layer.1.ffn.activation,GELUActivation,0.1218,1.5,0.0,0,0,18,0.1226,none,"[1, 128, 3072]","[1, 128, 3072]",974.86,0.0,1.5,cpu_perf_counter,cpu
35,transformer.layer.1.ffn.lin2,Linear,1.4362,0.375,603979776.0,2360064,0,19,1.437,counter,"[1, 128, 3072]","[1, 128, 768]",974.86,0.0,0.375,cpu_perf_counter,cpu
35,transformer.layer.1.output_layer_norm,LayerNorm,0.0382,0.375,491520.0,1536,0,20,0.039,analytic,"[1, 128, 768]","[1, 128, 768]",974.86,0.0,0.375,cpu_perf_counter,cpu
35,transformer.layer.2.attention.q_lin,Linear,0.3837,0.375,150994944.0,590592,0,21,0.3845,counter,"[1, 128, 768]","[1, 128, 768]",974.86,0.0,0.375,cpu_perf_counter,cpu
35,transformer.layer.2.attention.k_lin,Linear,0.3588,0.375,150994944.0,590592,0,22,0.3596,counter,"[1, 128, 768]","[1, 128, 768]",974.86,0.0,0.375,cpu_perf_counter,cpu
35,transformer.layer.2.attention.v_lin,Linear,0.3604,0.375,150994944.0,590592,0,23,0.3612,counter,"[1, 128, 768]","[1, 128, 768]",974.86,0.0,0.375,cpu_perf_counter,cpu
35,transformer.layer.2.attention.out_lin,Linear,0.3792,0.375,150994944.0,590592,0,24,0.38,counter,"[1, 128, 768]","[1, 128, 768]",974.86,0.0,0.375,cpu_perf_counter,cpu
35,transformer.layer.2.sa_layer_norm,LayerNorm,0.027,0.375,491520.0,1536,0,25,0.0278,analytic,"[1, 128, 768]","[1, 128, 768]",974.86,0.0,0.375,cpu_perf_counter,cpu
35,transformer.layer.2.ffn.lin1,Linear,1.5599,1.5,603979776.0,2362368,0,26,1.5607,counter,"[1, 128, 768]","[1, 128, 3072]",974.86,0.0,1.5,cpu_perf_counter,cpu
35,transformer.layer.2.ffn.activation,GELUActivation,0.1411,1.5,0.0,0,0,27,0.1419,none,"[1, 128, 3072]","[1, 128, 3072]",974.86,0.0,1.5,cpu_perf_counter,cpu
35,transformer.layer.2.ffn.lin2,Linear,1.4738,0.375,603979776.0,2360064,0,28,1.4746,counter,"[1, 128, 3072]","[1, 128, 768]",974.86,0.0,0.375,cpu_perf_counter,cpu
35,transformer.layer.2.output_layer_norm,LayerNorm,0.0512,0.375,491520.0,1536,0,29,0.052,analytic,"[1, 128, 768]","[1, 128, 768]",974.86,0.0,0.375,cpu_perf_counter,cpu
35,transformer.layer.3.attention.q_lin,Linear,0.3928,0.375,150994944.0,590592,0,30,0.3936,counter,"[1, 128, 768]","[1, 128, 768]",974.86,0.0,0.375,cpu_perf_counter,cpu
35,transformer.layer.3.attention.k_lin,Linear,0.3668,0.375,150994944.0,590592,0,31,0.3676,counter,"[1, 128, 768]","[1, 128, 768]",974.86,0.0,0.375,cpu_perf_counter,cpu
35,transformer.layer.3.attention.v_lin,Linear,0.3618,0.375,150994944.0,590592,0,32,0.3626,counter,"[1, 128, 768]","[1, 128, 768]",974.86,0.0,0.375,cpu_perf_counter,cpu
35,transformer.layer.3.attention.out_lin,Linear,0.39,0.375,150994944.0,590592,0,33,0.3908,counter,"[1, 128, 768]","[1, 128, 768]",974.86,0.0,0.375,cpu_perf_counter,cpu
35,transformer.layer.3.sa_layer_norm,LayerNorm,0.0479,0.375,491520.0,1536,0,34,0.0487,analytic,"[1, 128, 768]","[1, 128, 768]",974.86,0.0,0.375,cpu_perf_counter,cpu
35,transformer.layer.3.ffn.lin1,Linear,1.7018,1.5,603979776.0,2362368,0,35,1.7026,counter,"[1, 128, 768]","[1, 128, 3072]",974.86,0.0,1.5,cpu_perf_counter,cpu
35,transformer.layer.3.ffn.activation,GELUActivation,0.1606,1.5,0.0,0,0,36,0.1614,none,"[1, 128, 3072]","[1, 128, 3072]",974.86,0.0,1.5,cpu_perf_counter,cpu
35,transformer.layer.3.ffn.lin2,Linear,1.5441,0.375,603979776.0,2360064,0,37,1.5449,counter,"[1, 128, 3072]","[1, 128, 768]",974.86,0.0,0.375,cpu_perf_counter,cpu
35,transformer.layer.3.output_layer_norm,LayerNorm,0.0463,0.375,491520.0,1536,0,38,0.0471,analytic,"[1, 128, 768]","[1, 128, 768]",974.86,0.0,0.375,cpu_perf_counter,cpu
35,transformer.layer.4.attention.q_lin,Linear,0.3903,0.375,150994944.0,590592,0,39,0.3911,counter,"[1, 128, 768]","[1, 128, 768]",974.86,0.0,0.375,cpu_perf_counter,cpu
35,transformer.layer.4.attention.k_lin,Linear,0.3701,0.375,150994944.0,590592,0,40,0.3709,counter,"[1, 128, 768]","[1, 128, 768]",974.86,0.0,0.375,cpu_perf_counter,cpu
35,transformer.layer.4.attention.v_lin,Linear,0.3639,0.375,150994944.0,590592,0,41,0.3647,counter,"[1, 128, 768]","[1, 128, 768]",974.86,0.0,0.375,cpu_perf_counter,cpu
35,transformer.layer.4.attention.out_lin,Linear,0.3714,0.375,150994944.0,590592,0,42,0.3722,counter,"[1, 128, 768]","[1, 128, 768]",974.86,0.0,0.375,cpu_perf_counter,cpu
35,transformer.layer.4.sa_layer_norm,LayerNorm,0.0314,0.375,491520.0,1536,0,43,0.0322,analytic,"[1, 128, 768]","[1, 128, 768]",974.86,0.0,0.375,cpu_perf_counter,cpu
35,transformer.layer.4.ffn.lin1,Linear,1.569,1.5,603979776.0,2362368,0,44,1.5698,counter,"[1, 128, 768]","[1, 128, 3072]",974.86,0.0,1.5,cpu_perf_counter,cpu
35,transformer.layer.4.ffn.activation,GELUActivation,0.119,1.5,0.0,0,0,45,0.1198,none,"[1, 128, 3072]","[1, 128, 3072]",974.86,0.0,1.5,cpu_perf_counter,cpu
35,transformer.layer.4.ffn.lin2,Linear,1.4633,0.375,603979776.0,2360064,0,46,1.4641,counter,"[1, 128, 3072]","[1, 128, 768]",974.86,0.0,0.375,cpu_perf_counter,cpu
35,transformer.layer.4.output_layer_norm,LayerNorm,0.0382,0.375,491520.0,1536,0,47,0.039,analytic,"[1, 128, 768]","[1, 128, 768]",974.86,0.0,0.375,cpu_perf_counter,cpu
35,transformer.layer.5.attention.q_lin,Linear,0.3897,0.375,150994944.0,590592,0,48,0.3905,counter,"[1, 128, 768]","[1, 128, 768]",974.86,0.0,0.375,cpu_perf_counter,cpu
35,transformer.layer.5.attention.k_lin,Linear,0.3627,0.375,150994944.0,590592,0,49,0.3635,counter,"[1, 128, 768]","[1, 128, 768]",974.86,0.0,0.375,cpu_perf_counter,cpu
35,transformer.layer.5.attention.v_lin,Linear,0.3544,0.375,150994944.0,590592,0,50,0.3552,counter,"[1, 128, 768]","[1, 128, 768]",974.86,0.0,0.375,cpu_perf_counter,cpu
35,transformer.layer.5.attention.out_lin,Linear,0.3819,0.375,150994944.0,590592,0,51,0.3827,counter,"[1, 128, 768]","[1, 128, 768]",974.86,0.0,0.375,cpu_perf_counter,cpu
35,transformer.layer.5.sa_layer_norm,LayerNorm,0.0381,0.375,491520.0,1536,0,52,0.0389,analytic,"[1, 128, 768]","[1, 128, 768]",974.86,0.0,0.375,cpu_perf_counter,cpu
35,transformer.layer.5.ffn.lin1,Linear,1.7315,1.5,603979776.0,2362368,0,53,1.7323,counter,"[1, 128, 768]","[1, 128, 3072]",974.86,0.0,1.5,cpu_perf_counter,cpu
35,transformer.layer.5.ffn.activation,GELUActivation,0.1734,1.5,0.0,0,0,54,0.1742,none,"[1, 128, 3072]","[1, 128, 3072]",974.86,0.0,1.5,cpu_perf_counter,cpu
35,transformer.layer.5.ffn.lin2,Linear,1.6746,0.375,603979776.0,2360064,0,55,1.6754,counter,"[1, 128, 3072]","[1, 128, 768]",974.86,0.0,0.375,cpu_perf_counter,cpu
35,transformer.layer.5.output_layer_norm,LayerNorm,0.046,0.375,491520.0,1536,0,56,0.0468,analytic,"[1, 128, 768]","[1, 128, 768]",974.86,0.0,0.375,cpu_perf_counter,cpu
36,embeddings.word_embeddings,Embedding,0.0763,0.375,0.0,23440896,0,0,0.0771,none,"[1, 128]","[1, 128, 768]",974.86,0.0,0.375,cpu_perf_counter,cpu
36,embeddings.position_embeddings,Embedding,0.0257,0.375,0.0,393216,0,1,0.0265,none,"[1, 128]","[1, 128, 768]",974.86,0.0,0.375,cpu_perf_counter,cpu
36,embeddings.LayerNorm,LayerNorm,0.031,0.375,491520.0,1536,0,2,0.0318,analytic,"[1, 128, 768]","[1, 128, 768]",974.86,0.0,0.375,cpu_perf_counter,cpu
36,transformer.layer.0.attention.q_lin,Linear,0.3938,0.375,150994944.0,590592,0,3,0.3946,counter,"[1, 128, 768]","[1, 128, 768]",974.86,0.0,0.375,cpu_perf_counter,cpu
36,transformer.layer.0.attention.k_lin,Linear,0.3766,0.375,150994944.0,590592,0,4,0.3774,counter,"[1, 128, 768]","[1, 128, 768]",974.86,0.0,0.375,cpu_perf_counter,cpu
36,transformer.layer.0.attention.v_lin,Linear,0.3747,0.375,150994944.0,590592,0,5,0.3755,counter,"[1, 128, 768]","[1, 128, 768]",974.86,0.0,0.375,cpu_perf_counter,cpu
36,transformer.layer.0.attention.out_lin,Linear,0.3921,0.375,150994944.0,590592,0,6,0.3929,counter,"[1, 128, 768]","[1, 128, 768]",974.86,0.0,0.375,cpu_perf_counter,cpu
36,transformer.layer.0.sa_layer_norm,LayerNorm,0.0341,0.375,491520.0,1536,0,7,0.0349,analytic,"[1, 128, 768]","[1, 128, 768]",974.86,0.0,0.375,cpu_perf_counter,cpu
36,transformer.layer.0.ffn.lin1,Linear,1.5702,1.5,603979776.0,2362368,0,8,1.571,counter,"[1, 128, 768]","[1, 128, 3072]",974.86,0.0,1.5,cpu_perf_counter,cpu
36,transformer.layer.0.ffn.activation,GELUActivation,0.1449,1.5,0.0,0,0,9,0.1457,none,"[1, 128, 3072]","[1, 128, 3072]",974.86,0.0,1.5,cpu_perf_counter,cpu
36,transformer.layer.0.ffn.lin2,Linear,1.7819,0.375,603979776.0,2360064,0,10,1.7827,counter,"[1, 128, 3072]","[1, 128, 768]",974.86,0.0,0.375,cpu_perf_counter,cpu
36,transformer.layer.0.output_layer_norm,LayerNorm,0.045,0.375,491520.0,1536,0,11,0.0458,analytic,"[1, 128, 768]","[1, 128, 768]",974.86,0.0,0.375,cpu_perf_counter,cpu
36,transformer.layer.1.attention.q_lin,Linear,0.3946,0.375,150994944.0,590592,0,12,0.3954,counter,"[1, 128, 768]","[1, 128, 768]",974.86,0.0,0.375,cpu_perf_counter,cpu
36,transformer.layer.1.attention.k_lin,Linear,0.3711,0.375,150994944.0,590592,0,13,0.3719,counter,"[1, 128, 768]","[1, 128, 768]",974.86,0.0,0.375,cpu_perf_counter,cpu
36,transformer.layer.1.attention.v_lin,Linear,0.3603,0.375,150994944.0,590592,0,14,0.3611,counter,"[1, 128, 768]","[1, 128, 768]",974.86,0.0,0.375,cpu_perf_counter,cpu
36,transformer.layer.1.attention.out_lin,Linear,0.3721,0.375,150994944.0,590592,0,15,0.3729,counter,"[1, 128, 768]","[1, 128, 768]",974.86,0.0,0.375,cpu_perf_counter,cpu
36,transformer.layer.1.sa_layer_norm,LayerNorm,0.0352,0.375,491520.0,1536,0,16,0.036,analytic,"[1, 128, 768]","[1, 128, 768]",974.86,0.0,0.375,cpu_perf_counter,cpu
36,transformer.layer.1.ffn.lin1,Linear,1.5556,1.5,603979776.0,2362368,0,17,1.5564,counter,"[1, 128, 768]","[1, 128, 3072]",974.86,0.0,1.5,cpu_perf_counter,cpu
36,transformer.layer.1.ffn.activation,GELUActivation,0.1372,1.5,0.0,0,0,18,0.138,none,"[1, 128, 3072]","[1, 128, 3072]",974.86,0.0,1.5,cpu_perf_counter,cpu
36,transformer.layer.1.ffn.lin2,Linear,1.7376,0.375,603979776.0,2360064,0,19,1.7384,counter,"[1, 128, 3072]","[1, 128, 768]",974.86,0.0,0.375,cpu_perf_counter,cpu
36,transformer.layer.1.output_layer_norm,LayerNorm,0.0454,0.375,491520.0,1536,0,20,0.0462,analytic,"[1, 128, 768]","[1, 128, 768]",974.86,0.0,0.375,cpu_perf_counter,cpu
36,transformer.layer.2.attention.q_lin,Linear,0.4127,0.375,150994944.0,590592,0,21,0.4135,counter,"[1, 128, 768]","[1, 128, 768]",974.86,0.0,0.375,cpu_perf_counter,cpu
36,transformer.layer.2.attention.k_lin,Linear,0.3829,0.375,150994944.0,590592,0,22,0.3837,counter,"[1, 128, 768]","[1, 128, 768]",974.86,0.0,0.375,cpu_perf_counter,cpu
36,transformer.layer.2.attention.v_lin,Linear,0.3981,0.375,150994944.0,590592,0,23,0.3989,counter,"[1, 128, 768]","[1, 128, 768]",974.86,0.0,0.375,cpu_perf_counter,cpu
36,transformer.layer.2.attention.out_lin,Linear,0.3883,0.375,150994944.0,590592,0,24,0.3891,counter,"[1, 128, 768]","[1, 128, 768]",974.86,0.0,0.375,cpu_perf_counter,cpu
36,transformer.layer.2.sa_layer_norm,LayerNorm,0.035,0.375,491520.0,1536,0,25,0.0358,analytic,"[1, 128, 768]","[1, 128, 768]",974.86,0.0,0.375,cpu_perf_counter,cpu
36,transformer.layer.2.ffn.lin1,Linear,1.601,1.5,603979776.0,2362368,0,26,1.6018,counter,"[1, 128, 768]","[1, 128, 3072]",974.86,0.0,1.5,cpu_perf_counter,cpu
36,transformer.layer.2.ffn.activation,GELUActivation,0.1282,1.5,0.0,0,0,27,0.129,none,"[1, 128, 3072]","[1, 128, 3072]",974.86,0.0,1.5,cpu_perf_counter,cpu
36,transformer.layer.2.ffn.lin2,Linear,1.5275,0.375,603979776.0,2360064,0,28,1.5283,counter,"[1, 128, 3072]","[1, 128, 768]",974.86,0.0,0.375,cpu_perf_counter,cpu
36,transformer.layer.2.output_layer_norm,LayerNorm,0.0421,0.375,491520.0,1536,0,29,0.0429,analytic,"[1, 128, 768]","[1, 128, 768]",974.86,0.0,0.375,cpu_perf_counter,cpu
36,transformer.layer.3.attention.q_lin,Linear,0.4113,0.375,150994944.0,590592,0,30,0.4121,counter,"[1, 128, 768]","[1, 128, 768]",974.86,0.0,0.375,cpu_perf_counter,cpu
36,transformer.layer.3.attention.k_lin,Linear,0.3806,0.375,150994944.0,590592,0,31,0.3814,counter,"[1, 128, 768]","[1, 128, 768]",974.86,0.0,0.375,cpu_perf_counter,cpu
36,transformer.layer.3.attention.v_lin,Linear,0.366,0.375,150994944.0,590592,0,32,0.3668,counter,"[1, 128, 768]","[1, 128, 768]",974.86,0.0,0.375,cpu_perf_counter,cpu
36,transformer.layer.3.attention.out_lin,Linear,0.3594,0.375,150994944.0,590592,0,33,0.3602,counter,"[1, 128, 768]","[1, 128, 768]",974.86,0.0,0.375,cpu_perf_counter,cpu
36,transformer.layer.3.sa_layer_norm,LayerNorm,0.0287,0.375,491520.0,1536,0,34,0.0295,analytic,"[1, 128, 768]","[1, 128, 768]",974.86,0.0,0.375,cpu_perf_counter,cpu
36,transformer.layer.3.ffn.lin1,Linear,1.5911,1.5,603979776.0,2362368,0,35,1.5919,counter,"[1, 128, 768]","[1, 128, 3072]",974.86,0.0,1.5,cpu_perf_counter,cpu
36,transformer.layer.3.ffn.activation,GELUActivation,0.1263,1.5,0.0,0,0,36,0.1271,none,"[1, 128, 3072]","[1, 128, 3072]",974.86,0.0,1.5,cpu_perf_counter,cpu
36,transformer.layer.3.ffn.lin2,Linear,1.7445,0.375,603979776.0,2360064,0,37,1.7453,counter,"[1, 128, 3072]","[1, 128, 768]",974.86,0.0,0.375,cpu_perf_counter,cpu
36,transformer.layer.3.output_layer_norm,LayerNorm,0.0449,0.375,491520.0,1536,0,38,0.0457,analytic,"[1, 128, 768]","[1, 128, 768]",974.86,0.0,0.375,cpu_perf_counter,cpu
36,transformer.layer.4.attention.q_lin,Linear,0.3947,0.375,150994944.0,590592,0,39,0.3955,counter,"[1, 128, 768]","[1, 128, 768]",974.86,0.0,0.375,cpu_perf_counter,cpu
36,transformer.layer.4.attention.k_lin,Linear,0.3694,0.375,150994944.0,590592,0,40,0.3702,counter,"[1, 128, 768]","[1, 128, 768]",974.86,0.0,0.375,cpu_perf_counter,cpu
36,transformer.layer.4.attention.v_lin,Linear,0.3694,0.375,150994944.0,590592,0,41,0.3702,counter,"[1, 128, 768]","[1, 128, 768]",974.86,0.0,0.375,cpu_perf_counter,cpu
36,transformer.layer.4.attention.out_lin,Linear,0.3643,0.375,150994944.0,590592,0,42,0.3651,counter,"[1, 128, 768]","[1, 128, 768]",974.86,0.0,0.375,cpu_perf_counter,cpu
36,transformer.layer.4.sa_layer_norm,LayerNorm,0.0284,0.375,491520.0,1536,0,43,0.0292,analytic,"[1, 128, 768]","[1, 128, 768]",974.86,0.0,0.375,cpu_perf_counter,cpu
36,transformer.layer.4.ffn.lin1,Linear,1.563,1.5,603979776.0,2362368,0,44,1.5638,counter,"[1, 128, 768]","[1, 128, 3072]",974.86,0.0,1.5,cpu_perf_counter,cpu
36,transformer.layer.4.ffn.activation,GELUActivation,0.1274,1.5,0.0,0,0,45,0.1282,none,"[1, 128, 3072]","[1, 128, 3072]",974.86,0.0,1.5,cpu_perf_counter,cpu
36,transformer.layer.4.ffn.lin2,Linear,1.8031,0.375,603979776.0,2360064,0,46,1.8039,counter,"[1, 128, 3072]","[1, 128, 768]",974.86,0.0,0.375,cpu_perf_counter,cpu
36,transformer.layer.4.output_layer_norm,LayerNorm,0.0396,0.375,491520.0,1536,0,47,0.0404,analytic,"[1, 128, 768]","[1, 128, 768]",974.86,0.0,0.375,cpu_perf_counter,cpu
36,transformer.layer.5.attention.q_lin,Linear,0.3961,0.375,150994944.0,590592,0,48,0.3969,counter,"[1, 128, 768]","[1, 128, 768]",974.86,0.0,0.375,cpu_perf_counter,cpu
36,transformer.layer.5.attention.k_lin,Linear,0.3673,0.375,150994944.0,590592,0,49,0.3681,counter,"[1, 128, 768]","[1, 128, 768]",974.86,0.0,0.375,cpu_perf_counter,cpu
36,transformer.layer.5.attention.v_lin,Linear,0.3974,0.375,150994944.0,590592,0,50,0.3982,counter,"[1, 128, 768]","[1, 128, 768]",974.86,0.0,0.375,cpu_perf_counter,cpu
36,transformer.layer.5.attention.out_lin,Linear,0.3802,0.375,150994944.0,590592,0,51,0.381,counter,"[1, 128, 768]","[1, 128, 768]",974.86,0.0,0.375,cpu_perf_counter,cpu
36,transformer.layer.5.sa_layer_norm,LayerNorm,0.0424,0.375,491520.0,1536,0,52,0.0432,analytic,"[1, 128, 768]","[1, 128, 768]",974.86,0.0,0.375,cpu_perf_counter,cpu
36,transformer.layer.5.ffn.lin1,Linear,1.5895,1.5,603979776.0,2362368,0,53,1.5903,counter,"[1, 128, 768]","[1, 128, 3072]",974.86,0.0,1.5,cpu_perf_counter,cpu
36,transformer.layer.5.ffn.activation,GELUActivation,0.147,1.5,0.0,0,0,54,0.1478,none,"[1, 128, 3072]","[1, 128, 3072]",974.86,0.0,1.5,cpu_perf_counter,cpu
36,transformer.layer.5.ffn.lin2,Linear,1.8407,0.375,603979776.0,2360064,0,55,1.8415,counter,"[1, 128, 3072]","[1, 128, 768]",974.86,0.0,0.375,cpu_perf_counter,cpu
36,transformer.layer.5.output_layer_norm,LayerNorm,0.0465,0.375,491520.0,1536,0,56,0.0473,analytic,"[1, 128, 768]","[1, 128, 768]",974.86,0.0,0.375,cpu_perf_counter,cpu
37,embeddings.word_embeddings,Embedding,0.0658,0.375,0.0,23440896,0,0,0.0666,none,"[1, 128]","[1, 128, 768]",974.86,0.0,0.375,cpu_perf_counter,cpu
37,embeddings.position_embeddings,Embedding,0.0289,0.375,0.0,393216,0,1,0.0297,none,"[1, 128]","[1, 128, 768]",974.86,0.0,0.375,cpu_perf_counter,cpu
37,embeddings.LayerNorm,LayerNorm,0.0335,0.375,491520.0,1536,0,2,0.0343,analytic,"[1, 128, 768]","[1, 128, 768]",974.86,0.0,0.375,cpu_perf_counter,cpu
37,transformer.layer.0.attention.q_lin,Linear,0.4053,0.375,150994944.0,590592,0,3,0.4061,counter,"[1, 128, 768]","[1, 128, 768]",974.86,0.0,0.375,cpu_perf_counter,cpu
37,transformer.layer.0.attention.k_lin,Linear,0.3887,0.375,150994944.0,590592,0,4,0.3895,counter,"[1, 128, 768]","[1, 128, 768]",974.86,0.0,0.375,cpu_perf_counter,cpu
37,transformer.layer.0.attention.v_lin,Linear,0.3806,0.375,150994944.0,590592,0,5,0.3814,counter,"[1, 128, 768]","[1, 128, 768]",974.86,0.0,0.375,cpu_perf_counter,cpu
37,transformer.layer.0.attention.out_lin,Linear,0.4077,0.375,150994944.0,590592,0,6,0.4085,counter,"[1, 128, 768]","[1, 128, 768]",974.86,0.0,0.375,cpu_perf_counter,cpu
37,transformer.layer.0.sa_layer_norm,LayerNorm,0.0429,0.375,491520.0,1536,0,7,0.0437,analytic,"[1, 128, 768]","[1, 128, 768]",974.86,0.0,0.375,cpu_perf_counter,cpu
37,transformer.layer.0.ffn.lin1,Linear,1.6408,1.5,603979776.0,2362368,0,8,1.6416,counter,"[1, 128, 768]","[1, 128, 3072]",974.86,0.0,1.5,cpu_perf_counter,cpu
37,transformer.layer.0.ffn.activation,GELUActivation,0.1337,1.5,0.0,0,0,9,0.1345,none,"[1, 128, 3072]","[1, 128, 3072]",974.86,0.0,1.5,cpu_perf_counter,cpu
37,transformer.layer.0.ffn.lin2,Linear,1.5977,0.375,603979776.0,2360064,0,10,1.5985,counter,"[1, 128, 3072]","[1, 128, 768]",974.86,0.0,0.375,cpu_perf_counter,cpu
37,transformer.layer.0.output_layer_norm,LayerNorm,0.0412,0.375,491520.0,1536,0,11,0.042,analytic,"[1, 128, 768]","[1, 128, 768]",974.86,0.0,0.375,cpu_perf_counter,cpu
37,transformer.layer.1.attention.q_lin,Linear,0.4025,0.375,150994944.0,590592,0,12,0.4033,counter,"[1, 128, 768]","[1, 128, 768]",974.86,0.0,0.375,cpu_perf_counter,cpu
37,transformer.layer.1.attention.k_lin,Linear,0.3779,0.375,150994944.0,590592,0,13,0.3787,counter,"[1, 128, 768]","[1, 128, 768]",974.86,0.0,0.375,cpu_perf_counter,cpu
37,transformer.layer.1.attention.v_lin,Linear,0.3603,0.375,150994944.0,590592,0,14,0.3611,counter,"[1, 128, 768]","[1, 128, 768]",974.86,0.0,0.375,cpu_perf_counter,cpu
37,transformer.layer.1.attention.out_lin,Linear,0.3623,0.375,150994944.0,590592,0,15,0.3631,counter,"[1, 128, 768]","[1, 128, 768]",974.86,0.0,0.375,cpu_perf_counter,cpu
37,transformer.layer.1.sa_layer_norm,LayerNorm,0.0337,0.375,491520.0,1536,0,16,0.0345,analytic,"[1, 128, 768]","[1, 128, 768]",974.86,0.0,0.375,cpu_perf_counter,cpu
37,transformer.layer.1.ffn.lin1,Linear,1.625,1.5,603979776.0,2362368,0,17,1.6258,counter,"[1, 128, 768]","[1, 128, 3072]",974.86,0.0,1.5,cpu_perf_counter,cpu
37,transformer.layer.1.ffn.activation,GELUActivation,0.1619,1.5,0.0,0,0,18,0.1627,none,"[1, 128, 3072]","[1, 128, 3072]",974.86,0.0,1.5,cpu_perf_counter,cpu
37,transformer.layer.1.ffn.lin2,Linear,1.7491,0.375,603979776.0,2360064,0,19,1.7499,counter,"[1, 128, 3072]","[1, 128, 768]",974.86,0.0,0.375,cpu_perf_counter,cpu
37,transformer.layer.1.output_layer_norm,LayerNorm,0.0444,0.375,491520.0,1536,0,20,0.0452,analytic,"[1, 128, 768]","[1, 128, 768]",974.86,0.0,0.375,cpu_perf_counter,cpu
37,transformer.layer.2.attention.q_lin,Linear,0.3984,0.375,150994944.0,590592,0,21,0.3992,counter,"[1, 128, 768]","[1, 128, 768]",974.86,0.0,0.375,cpu_perf_counter,cpu
37,transformer.layer.2.attention.k_lin,Linear,0.3792,0.375,150994944.0,590592,0,22,0.38,counter,"[1, 128, 768]","[1, 128, 768]",974.86,0.0,0.375,cpu_perf_counter,cpu
37,transformer.layer.2.attention.v_lin,Linear,0.3671,0.375,150994944.0,590592,0,23,0.3679,counter,"[1, 128, 768]","[1, 128, 768]",974.86,0.0,0.375,cpu_perf_counter,cpu
37,transformer.layer.2.attention.out_lin,Linear,0.3929,0.375,150994944.0,590592,0,24,0.3937,counter,"[1, 128, 768]","[1, 128, 768]",974.86,0.0,0.375,cpu_perf_counter,cpu
37,transformer.layer.2.sa_layer_norm,LayerNorm,0.0316,0.375,491520.0,1536,0,25,0.0324,analytic,"[1, 128, 768]","[1, 128, 768]",974.86,0.0,0.375,cpu_perf_counter,cpu
37,transformer.layer.2.ffn.lin1,Linear,1.5507,1.5,603979776.0,2362368,0,26,1.5515,counter,"[1, 128, 768]","[1, 128, 3072]",974.86,0.0,1.5,cpu_perf_counter,cpu
37,transformer.layer.2.ffn.activation,GELUActivation,0.1283,1.5,0.0,0,0,27,0.1291,none,"[1, 128, 3072]","[1, 128, 3072]",974.86,0.0,1.5,cpu_perf_counter,cpu
37,transformer.layer.2.ffn.lin2,Linear,1.6145,0.375,603979776.0,2360064,0,28,1.6153,counter,"[1, 128, 3072]","[1, 128, 768]",974.86,0.0,0.375,cpu_perf_counter,cpu
37,transformer.layer.2.output_layer_norm,LayerNorm,0.0394,0.375,491520.0,1536,0,29,0.0402,analytic,"[1, 128, 768]","[1, 128, 768]",974.86,0.0,0.375,cpu_perf_counter,cpu
37,transformer.layer.3.attention.q_lin,Linear,0.3926,0.375,150994944.0,590592,0,30,0.3934,counter,"[1, 128, 768]","[1, 128, 768]",974.86,0.0,0.375,cpu_perf_counter,cpu
37,transformer.layer.3.attention.k_lin,Linear,0.3767,0.375,150994944.0,590592,0,31,0.3775,counter,"[1, 128, 768]","[1, 128, 768]",974.86,0.0,0.375,cpu_perf_counter,cpu
37,transformer.layer.3.attention.v_lin,Linear,0.356,0.375,150994944.0,590592,0,32,0.3568,counter,"[1, 128, 768]","[1, 128, 768]",974.86,0.0,0.375,cpu_perf_counter,cpu
37,transformer.layer.3.attention.out_lin,Linear,0.3598,0.375,150994944.0,590592,0,33,0.3606,counter,"[1, 128, 768]","[1, 128, 768]",974.86,0.0,0.375,cpu_perf_counter,cpu
37,transformer.layer.3.sa_layer_norm,LayerNorm,0.0295,0.375,491520.0,1536,0,34,0.0303,analytic,"[1, 128, 768]","[1, 128, 768]",974.86,0.0,0.375,cpu_perf_counter,cpu
37,transformer.layer.3.ffn.lin1,Linear,1.5499,1.5,603979776.0,2362368,0,35,1.5507,counter,"[1, 128, 768]","[1, 128, 3072]",974.86,0.0,1.5,cpu_perf_counter,cpu
37,transformer.layer.3.ffn.activation,GELUActivation,0.148,1.5,0.0,0,0,36,0.1488,none,"[1, 128, 3072]","[1, 128, 3072]",974.86,0.0,1.5,cpu_perf_counter,cpu
37,transformer.layer.3.ffn.lin2,Linear,1.4906,0.375,603979776.0,2360064,0,37,1.4914,counter,"[1, 128, 3072]","[1, 128, 768]",974.86,0.0,0.375,cpu_perf_counter,cpu
37,transformer.layer.3.output_layer_norm,LayerNorm,0.0519,0.375,491520.0,1536,0,38,0.0527,analytic,"[1, 128, 768]","[1, 128, 768]",974.86,0.0,0.375,cpu_perf_counter,cpu
37,transformer.layer.4.attention.q_lin,Linear,0.3997,0.375,150994944.0,590592,0,39,0.4005,counter,"[1, 128, 768]","[1, 128, 768]",974.86,0.0,0.375,cpu_perf_counter,cpu
37,transformer.layer.4.attention.k_lin,Linear,0.3712,0.375,150994944.0,590592,0,40,0.372,counter,"[1, 128, 768]","[1, 128, 768]",974.86,0.0,0.375,cpu_perf_counter,cpu
37,transformer.layer.4.attention.v_lin,Linear,0.3586,0.375,150994944.0,590592,0,41,0.3594,counter,"[1, 128, 768]","[1, 128, 768]",974.86,0.0,0.375,cpu_perf_counter,cpu
37,transformer.layer.4.attention.out_lin,Linear,0.3633,0.375,150994944.0,590592,0,42,0.3641,counter,"[1, 128, 768]","[1, 128, 768]",974.86,0.0,0.375,cpu_perf_counter,cpu
37,transformer.layer.4.sa_layer_norm,LayerNorm,0.0279,0.375,491520.0,1536,0,43,0.0287,analytic,"[1, 128, 768]","[1, 128, 768]",974.86,0.0,0.375,cpu_perf_counter,cpu
37,transformer.layer.4.ffn.lin1,Linear,1.5965,1.5,603979776.0,2362368,0,44,1.5973,counter,"[1, 128, 768]","[1, 128, 3072]",974.86,0.0,1.5,cpu_perf_counter,cpu
37,transformer.layer.4.ffn.activation,GELUActivation,0.1408,1.5,0.0,0,0,45,0.1416,none,"[1, 128, 3072]","[1, 128, 3072]",974.86,0.0,1.5,cpu_perf_counter,cpu
37,transformer.layer.4.ffn.lin2,Linear,1.6485,0.375,603979776.0,2360064,0,46,1.6493,counter,"[1, 128, 3072]","[1, 128, 768]",974.86,0.0,0.375,cpu_perf_counter,cpu
37,transformer.layer.4.output_layer_norm,LayerNorm,0.0464,0.375,491520.0,1536,0,47,0.0472,analytic,"[1, 128, 768]","[1, 128, 768]",974.86,0.0,0.375,cpu_perf_counter,cpu
37,transformer.layer.5.attention.q_lin,Linear,0.4331,0.375,150994944.0,590592,0,48,0.4339,counter,"[1, 128, 768]","[1, 128, 768]",974.86,0.0,0.375,cpu_perf_counter,cpu
37,transformer.layer.5.attention.k_lin,Linear,0.3752,0.375,150994944.0,590592,0,49,0.376,counter,"[1, 128, 768]","[1, 128, 768]",974.86,0.0,0.375,cpu_perf_counter,cpu
37,transformer.layer.5.attention.v_lin,Linear,0.3649,0.375,150994944.0,590592,0,50,0.3657,counter,"[1, 128, 768]","[1, 128, 768]",974.86,0.0,0.375,cpu_perf_counter,cpu
37,transformer.layer.5.attention.out_lin,Linear,0.3685,0.375,150994944.0,590592,0,51,0.3693,counter,"[1, 128, 768]","[1, 128, 768]",974.86,0.0,0.375,cpu_perf_counter,cpu
37,transformer.layer.5.sa_layer_norm,LayerNorm,0.0303,0.375,491520.0,1536,0,52,0.0311,analytic,"[1, 128, 768]","[1, 128, 768]",974.86,0.0,0.375,cpu_perf_counter,cpu
37,transformer.layer.5.ffn.lin1,Linear,1.5302,1.5,603979776.0,2362368,0,53,1.531,counter,"[1, 128, 768]","[1, 128, 3072]",974.86,0.0,1.5,cpu_perf_counter,cpu
37,transformer.layer.5.ffn.activation,GELUActivation,0.117,1.5,0.0,0,0,54,0.1178,none,"[1, 128, 3072]","[1, 128, 3072]",974.86,0.0,1.5,cpu_perf_counter,cpu
37,transformer.layer.5.ffn.lin2,Linear,1.5451,0.375,603979776.0,2360064,0,55,1.5459,counter,"[1, 128, 3072]","[1, 128, 768]",974.86,0.0,0.375,cpu_perf_counter,cpu
37,transformer.layer.5.output_layer_norm,LayerNorm,0.0397,0.375,491520.0,1536,0,56,0.0405,analytic,"[1, 128, 768]","[1, 128, 768]",974.86,0.0,0.375,cpu_perf_counter,cpu
38,embeddings.word_embeddings,Embedding,0.0549,0.375,0.0,23440896,0,0,0.0557,none,"[1, 128]","[1, 128, 768]",974.86,0.0,0.375,cpu_perf_counter,cpu
38,embeddings.position_embeddings,Embedding,0.0292,0.375,0.0,393216,0,1,0.03,none,"[1, 128]","[1, 128, 768]",974.86,0.0,0.375,cpu_perf_counter,cpu
38,embeddings.LayerNorm,LayerNorm,0.0264,0.375,491520.0,1536,0,2,0.0272,analytic,"[1, 128, 768]","[1, 128, 768]",974.86,0.0,0.375,cpu_perf_counter,cpu
38,transformer.layer.0.attention.q_lin,Linear,0.3877,0.375,150994944.0,590592,0,3,0.3885,counter,"[1, 128, 768]","[1, 128, 768]",974.86,0.0,0.375,cpu_perf_counter,cpu
38,transformer.layer.0.attention.k_lin,Linear,0.361,0.375,150994944.0,590592,0,4,0.3618,counter,"[1, 128, 768]","[1, 128, 768]",974.86,0.0,0.375,cpu_perf_counter,cpu
38,transformer.layer.0.attention.v_lin,Linear,0.366,0.375,150994944.0,590592,0,5,0.3668,counter,"[1, 128, 768]","[1, 128, 768]",974.86,0.0,0.375,cpu_perf_counter,cpu
38,transformer.layer.0.attention.out_lin,Linear,0.3676,0.375,150994944.0,590592,0,6,0.3684,counter,"[1, 128, 768]","[1, 128, 768]",974.86,0.0,0.375,cpu_perf_counter,cpu
38,transformer.layer.0.sa_layer_norm,LayerNorm,0.034,0.375,491520.0,1536,0,7,0.0348,analytic,"[1, 128, 768]","[1, 128, 768]",974.86,0.0,0.375,cpu_perf_counter,cpu
38,transformer.layer.0.ffn.lin1,Linear,1.5436,1.5,603979776.0,2362368,0,8,1.5444,counter,"[1, 128, 768]","[1, 128, 3072]",974.86,0.0,1.5,cpu_perf_counter,cpu
38,transformer.layer.0.ffn.activation,GELUActivation,0.1211,1.5,0.0,0,0,9,0.1219,none,"[1, 128, 3072]","[1, 128, 3072]",974.86,0.0,1.5,cpu_perf_counter,cpu
38,transformer.layer.0.ffn.lin2,Linear,1.5702,0.375,603979776.0,2360064,0,10,1.571,counter,"[1, 128, 3072]","[1, 128, 768]",974.86,0.0,0.375,cpu_perf_counter,cpu
38,transformer.layer.0.output_layer_norm,LayerNorm,0.0385,0.375,491520.0,1536,0,11,0.0393,analytic,"[1, 128, 768]","[1, 128, 768]",974.86,0.0,0.375,cpu_perf_counter,cpu
38,transformer.layer.1.attention.q_lin,Linear,0.4052,0.375,150994944.0,590592,0,12,0.406,counter,"[1, 128, 768]","[1, 128, 768]",974.86,0.0,0.375,cpu_perf_counter,cpu
38,transformer.layer.1.attention.k_lin,Linear,0.3718,0.375,150994944.0,590592,0,13,0.3726,counter,"[1, 128, 768]","[1, 128, 768]",974.86,0.0,0.375,cpu_perf_counter,cpu
38,transformer.layer.1.attention.v_lin,Linear,0.3717,0.375,150994944.0,590592,0,14,0.3725,counter,"[1, 128, 768]","[1, 128, 768]",974.86,0.0,0.375,cpu_perf_counter,cpu
38,transformer.layer.1.attention.out_lin,Linear,0.3605,0.375,150994944.0,590592,0,15,0.3613,counter,"[1, 128, 768]","[1, 128, 768]",974.86,0.0,0.375,cpu_perf_counter,cpu
38,transformer.layer.1.sa_layer_norm,LayerNorm,0.0821,0.375,491520.0,1536,0,16,0.0829,analytic,"[1, 128, 768]","[1, 128, 768]",974.86,0.0,0.375,cpu_perf_counter,cpu
38,transformer.layer.1.ffn.lin1,Linear,1.6187,1.5,603979776.0,2362368,0,17,1.6195,counter,"[1, 128, 768]","[1, 128, 3072]",974.86,0.0,1.5,cpu_perf_counter,cpu
38,transformer.layer.1.ffn.activation,GELUActivation,0.1415,1.5,0.0,0,0,18,0.1423,none,"[1, 128, 3072]","[1, 128, 3072]",974.86,0.0,1.5,cpu_perf_counter,cpu
38,transformer.layer.1.ffn.lin2,Linear,1.4795,0.375,603979776.0,2360064,0,19,1.4803,counter,"[1, 128, 3072]","[1, 128, 768]",974.86,0.0,0.375,cpu_perf_counter,cpu
38,transformer.layer.1.output_layer_norm,LayerNorm,0.0456,0.375,491520.0,1536,0,20,0.0464,analytic,"[1, 128, 768]","[1, 128, 768]",974.86,0.0,0.375,cpu_perf_counter,cpu
38,transformer.layer.2.attention.q_lin,Linear,0.3865,0.375,150994944.0,590592,0,21,0.3873,counter,"[1, 128, 768]","[1, 128, 768]",974.86,0.0,0.375,cpu_perf_counter,cpu
38,transformer.layer.2.attention.k_lin,Linear,0.3775,0.375,150994944.0,590592,0,22,0.3783,counter,"[1, 128, 768]","[1, 128, 768]",974.86,0.0,0.375,cpu_perf_counter,cpu
38,transformer.layer.2.attention.v_lin,Linear,0.3763,0.375,150994944.0,590592,0,23,0.3771,counter,"[1, 128, 768]","[1, 128, 768]",974.86,0.0,0.375,cpu_perf_counter,cpu
38,transformer.layer.2.attention.out_lin,Linear,0.4111,0.375,150994944.0,590592,0,24,0.4119,counter,"[1, 128, 768]","[1, 128, 768]",974.86,0.0,0.375,cpu_perf_counter,cpu
38,transformer.layer.2.sa_layer_norm,LayerNorm,0.0357,0.375,491520.0,1536,0,25,0.0365,analytic,"[1, 128, 768]","[1, 128, 768]",974.86,0.0,0.375,cpu_perf_counter,cpu
38,transformer.layer.2.ffn.lin1,Linear,1.6727,1.5,603979776.0,2362368,0,26,1.6735,counter,"[1, 128, 768]","[1, 128, 3072]",974.86,0.0,1.5,cpu_perf_counter,cpu
38,transformer.layer.2.ffn.activation,GELUActivation,0.1303,1.5,0.0,0,0,27,0.1311,none,"[1, 128, 3072]","[1, 128, 3072]",974.86,0.0,1.5,cpu_perf_counter,cpu
38,transformer.layer.2.ffn.lin2,Linear,1.6381,0.375,603979776.0,2360064,0,28,1.6389,counter,"[1, 128, 3072]","[1, 128, 768]",974.86,0.0,0.375,cpu_perf_counter,cpu
38,transformer.layer.2.output_layer_norm,LayerNorm,0.0428,0.375,491520.0,1536,0,29,0.0436,analytic,"[1, 128, 768]","[1, 128, 768]",974.86,0.0,0.375,cpu_perf_counter,cpu
38,transformer.layer.3.attention.q_lin,Linear,0.4047,0.375,150994944.0,590592,0,30,0.4055,counter,"[1, 128, 768]","[1, 128, 768]",974.86,0.0,0.375,cpu_perf_counter,cpu
38,transformer.layer.3.attention.k_lin,Linear,0.371,0.375,150994944.0,590592,0,31,0.3718,counter,"[1, 128, 768]","[1, 128, 768]",974.86,0.0,0.375,cpu_perf_counter,cpu
38,transformer.layer.3.attention.v_lin,Linear,0.3585,0.375,150994944.0,590592,0,32,0.3593,counter,"[1, 128, 768]","[1, 128, 768]",974.86,0.0,0.375,cpu_perf_counter,cpu
38,transformer.layer.3.attention.out_lin,Linear,0.3623,0.375,150994944.0,590592,0,33,0.3631,counter,"[1, 128, 768]","[1, 128, 768]",974.86,0.0,0.375,cpu_perf_counter,cpu
38,transformer.layer.3.sa_layer_norm,LayerNorm,0.029,0.375,491520.0,1536,0,34,0.0298,analytic,"[1, 128, 768]","[1, 128, 768]",974.86,0.0,0.375,cpu_perf_counter,cpu
38,transformer.layer.3.ffn.lin1,Linear,1.5697,1.5,603979776.0,2362368,0,35,1.5705,counter,"[1, 128, 768]","[1, 128, 3072]",974.86,0.0,1.5,cpu_perf_counter,cpu
38,transformer.layer.3.ffn.activation,GELUActivation,0.1189,1.5,0.0,0,0,36,0.1197,none,"[1, 128, 3072]","[1, 128, 3072]",974.86,0.0,1.5,cpu_perf_counter,cpu
38,transformer.layer.3.ffn.lin2,Linear,1.7159,0.375,603979776.0,2360064,0,37,1.7167,counter,"[1, 128, 3072]","[1, 128, 768]",974.86,0.0,0.375,cpu_perf_counter,cpu
38,transformer.layer.3.output_layer_norm,LayerNorm,0.0381,0.375,491520.0,1536,0,38,0.0389,analytic,"[1, 128, 768]","[1, 128, 768]",974.86,0.0,0.375,cpu_perf_counter,cpu
38,transformer.layer.4.attention.q_lin,Linear,0.4048,0.375,150994944.0,590592,0,39,0.4056,counter,"[1, 128, 768]","[1, 128, 768]",974.86,0.0,0.375,cpu_perf_counter,cpu
38,transformer.layer.4.attention.k_lin,Linear,0.3697,0.375,150994944.0,590592,0,40,0.3705,counter,"[1, 128, 768]","[1, 128, 768]",974.86,0.0,0.375,cpu_perf_counter,cpu
38,transformer.layer.4.attention.v_lin,Linear,0.3644,0.375,150994944.0,590592,0,41,0.3652,counter,"[1, 128, 768]","[1, 128, 768]",974.86,0.0,0.375,cpu_perf_counter,cpu
38,transformer.layer.4.attention.out_lin,Linear,0.3567,0.375,150994944.0,590592,0,42,0.3575,counter,"[1, 128, 768]","[1, 128, 768]",974.86,0.0,0.375,cpu_perf_counter,cpu
38,transformer.layer.4.sa_layer_norm,LayerNorm,0.0264,0.375,491520.0,1536,0,43,0.0272,analytic,"[1, 128, 768]","[1, 128, 768]",974.86,0.0,0.375,cpu_perf_counter,cpu
38,transformer.layer.4.ffn.lin1,Linear,1.6134,1.5,603979776.0,2362368,0,44,1.6142,counter,"[1, 128, 768]","[1, 128, 3072]",974.86,0.0,1.5,cpu_perf_counter,cpu
38,transformer.layer.4.ffn.activation,GELUActivation,0.1367,1.5,0.0,0,0,45,0.1375,none,"[1, 128, 3072]","[1, 128, 3072]",974.86,0.0,1.5,cpu_perf_counter,cpu
38,transformer.layer.4.ffn.lin2,Linear,1.6998,0.375,603979776.0,2360064,0,46,1.7006,counter,"[1, 128, 3072]","[1, 128, 768]",974.86,0.0,0.375,cpu_perf_counter,cpu
38,transformer.layer.4.output_layer_norm,LayerNorm,0.0448,0.375,491520.0,1536,0,47,0.0456,analytic,"[1, 128, 768]","[1, 128, 768]",974.86,0.0,0.375,cpu_perf_counter,cpu
38,transformer.layer.5.attention.q_lin,Linear,0.4001,0.375,150994944.0,590592,0,48,0.4009,counter,"[1, 128, 768]","[1, 128, 768]",974.86,0.0,0.375,cpu_perf_counter,cpu
38,transformer.layer.5.attention.k_lin,Linear,0.3763,0.375,150994944.0,590592,0,49,0.3771,counter,"[1, 128, 768]","[1, 128, 768]",974.86,0.0,0.375,cpu_perf_counter,cpu
38,transformer.layer.5.attention.v_lin,Linear,0.3702,0.375,150994944.0,590592,0,50,0.371,counter,"[1, 128, 768]","[1, 128, 768]",974.86,0.0,0.375,cpu_perf_counter,cpu
38,transformer.layer.5.attention.out_lin,Linear,0.3799,0.375,150994944.0,590592,0,51,0.3807,counter,"[1, 128, 768]","[1, 128, 768]",974.86,0.0,0.375,cpu_perf_counter,cpu
38,transformer.layer.5.sa_layer_norm,LayerNorm,0.0285,0.375,491520.0,1536,0,52,0.0293,analytic,"[1, 128, 768]","[1, 128, 768]",974.86,0.0,0.375,cpu_perf_counter,cpu
38,transformer.layer.5.ffn.lin1,Linear,1.5889,1.5,603979776.0,2362368,0,53,1.5897,counter,"[1, 128, 768]","[1, 128, 3072]",974.86,0.0,1.5,cpu_perf_counter,cpu
38,transformer.layer.5.ffn.activation,GELUActivation,0.1207,1.5,0.0,0,0,54,0.1215,none,"[1, 128, 3072]","[1, 128, 3072]",974.86,0.0,1.5,cpu_perf_counter,cpu
38,transformer.layer.5.ffn.lin2,Linear,1.5152,0.375,603979776.0,2360064,0,55,1.516,counter,"[1, 128, 3072]","[1, 128, 768]",974.86,0.0,0.375,cpu_perf_counter,cpu
38,transformer.layer.5.output_layer_norm,LayerNorm,0.037,0.375,491520.0,1536,0,56,0.0378,analytic,"[1, 128, 768]","[1, 128, 768]",974.86,0.0,0.375,cpu_perf_counter,cpu
39,embeddings.word_embeddings,Embedding,0.0545,0.375,0.0,23440896,0,0,0.0553,none,"[1, 128]","[1, 128, 768]",974.88,0.0,0.375,cpu_perf_counter,cpu
39,embeddings.position_embeddings,Embedding,0.02,0.375,0.0,393216,0,1,0.0208,none,"[1, 128]","[1, 128, 768]",974.88,0.0,0.375,cpu_perf_counter,cpu
39,embeddings.LayerNorm,LayerNorm,0.0239,0.375,491520.0,1536,0,2,0.0247,analytic,"[1, 128, 768]","[1, 128, 768]",974.88,0.0,0.375,cpu_perf_counter,cpu
39,transformer.layer.0.attention.q_lin,Linear,0.385,0.375,150994944.0,590592,0,3,0.3858,counter,"[1, 128, 768]","[1, 128, 768]",974.88,0.0,0.375,cpu_perf_counter,cpu
39,transformer.layer.0.attention.k_lin,Linear,0.3505,0.375,150994944.0,590592,0,4,0.3513,counter,"[1, 128, 768]","[1, 128, 768]",974.88,0.0,0.375,cpu_perf_counter,cpu
39,transformer.layer.0.attention.v_lin,Linear,0.3596,0.375,150994944.0,590592,0,5,0.3604,counter,"[1, 128, 768]","[1, 128, 768]",974.88,0.0,0.375,cpu_perf_counter,cpu
39,transformer.layer.0.attention.out_lin,Linear,0.3824,0.375,150994944.0,590592,0,6,0.3832,counter,"[1, 128, 768]","[1, 128, 768]",974.88,0.0,0.375,cpu_perf_counter,cpu
39,transformer.layer.0.sa_layer_norm,LayerNorm,0.0286,0.375,491520.0,1536,0,7,0.0294,analytic,"[1, 128, 768]","[1, 128, 768]",974.88,0.0,0.375,cpu_perf_counter,cpu
39,transformer.layer.0.ffn.lin1,Linear,1.561,1.5,603979776.0,2362368,0,8,1.5618,counter,"[1, 128, 768]","[1, 128, 3072]",974.88,0.0,1.5,cpu_perf_counter,cpu
39,transformer.layer.0.ffn.activation,GELUActivation,0.123,1.5,0.0,0,0,9,0.1238,none,"[1, 128, 3072]","[1, 128, 3072]",974.88,0.0,1.5,cpu_perf_counter,cpu
39,transformer.layer.0.ffn.lin2,Linear,1.4044,0.375,603979776.0,2360064,0,10,1.4052,counter,"[1, 128, 3072]","[1, 128, 768]",974.88,0.0,0.375,cpu_perf_counter,cpu
39,transformer.layer.0.output_layer_norm,LayerNorm,0.0374,0.375,491520.0,1536,0,11,0.0382,analytic,"[1, 128, 768]","[1, 128, 768]",974.88,0.0,0.375,cpu_perf_counter,cpu
39,transformer.layer.1.attention.q_lin,Linear,0.3844,0.375,150994944.0,590592,0,12,0.3852,counter,"[1, 128, 768]","[1, 128, 768]",974.88,0.0,0.375,cpu_perf_counter,cpu
39,transformer.layer.1.attention.k_lin,Linear,0.356,0.375,150994944.0,590592,0,13,0.3568,counter,"[1, 128, 768]","[1, 128, 768]",974.88,0.0,0.375,cpu_perf_counter,cpu
39,transformer.layer.1.attention.v_lin,Linear,0.3471,0.375,150994944.0,590592,0,14,0.3479,counter,"[1, 128, 768]","[1, 128, 768]",974.88,0.0,0.375,cpu_perf_counter,cpu
39,transformer.layer.1.attention.out_lin,Linear,0.3651,0.375,150994944.0,590592,0,15,0.3659,counter,"[1, 128, 768]","[1, 128, 768]",974.88,0.0,0.375,cpu_perf_counter,cpu
39,transformer.layer.1.sa_layer_norm,LayerNorm,0.0301,0.375,491520.0,1536,0,16,0.0309,analytic,"[1, 128, 768]","[1, 128, 768]",974.88,0.0,0.375,cpu_perf_counter,cpu
39,transformer.layer.1.ffn.lin1,Linear,1.5742,1.5,603979776.0,2362368,0,17,1.575,counter,"[1, 128, 768]","[1, 128, 3072]",974.88,0.0,1.5,cpu_perf_counter,cpu
39,transformer.layer.1.ffn.activation,GELUActivation,0.1297,1.5,0.0,0,0,18,0.1305,none,"[1, 128, 3072]","[1, 128, 3072]",974.88,0.0,1.5,cpu_perf_counter,cpu
39,transformer.layer.1.ffn.lin2,Linear,1.4506,0.375,603979776.0,2360064,0,19,1.4514,counter,"[1, 128, 3072]","[1, 128, 768]",974.88,0.0,0.375,cpu_perf_counter,cpu
39,transformer.layer.1.output_layer_norm,LayerNorm,0.0418,0.375,491520.0,1536,0,20,0.0426,analytic,"[1, 128, 768]","[1, 128, 768]",974.88,0.0,0.375,cpu_perf_counter,cpu
39,transformer.layer.2.attention.q_lin,Linear,0.3695,0.375,150994944.0,590592,0,21,0.3703,counter,"[1, 128, 768]","[1, 128, 768]",974.88,0.0,0.375,cpu_perf_counter,cpu
39,transformer.layer.2.attention.k_lin,Linear,0.2726,0.375,150994944.0,590592,0,22,0.2734,counter,"[1, 128, 768]","[1, 128, 768]",974.88,0.0,0.375,cpu_perf_counter,cpu
39,transformer.layer.2.attention.v_lin,Linear,0.2535,0.375,150994944.0,590592,0,23,0.2543,counter,"[1, 128, 768]","[1, 128, 768]",974.88,0.0,0.375,cpu_perf_counter,cpu
39,transformer.layer.2.attention.out_lin,Linear,0.2725,0.375,150994944.0,590592,0,24,0.2733,counter,"[1, 128, 768]","[1, 128, 768]",974.88,0.0,0.375,cpu_perf_counter,cpu
39,transformer.layer.2.sa_layer_norm,LayerNorm,0.0286,0.375,491520.0,1536,0,25,0.0294,analytic,"[1, 128, 768]","[1, 128, 768]",974.88,0.0,0.375,cpu_perf_counter,cpu
39,transformer.layer.2.ffn.lin1,Linear,1.1147,1.5,603979776.0,2362368,0,26,1.1155,counter,"[1, 128, 768]","[1, 128, 3072]",974.88,0.0,1.5,cpu_perf_counter,cpu
39,transformer.layer.2.ffn.activation,GELUActivation,0.1082,1.5,0.0,0,0,27,0.109,none,"[1, 128, 3072]","[1, 128, 3072]",974.88,0.0,1.5,cpu_perf_counter,cpu
39,transformer.layer.2.ffn.lin2,Linear,0.9067,0.375,603979776.0,2360064,0,28,0.9075,counter,"[1, 128, 3072]","[1, 128, 768]",974.88,0.0,0.375,cpu_perf_counter,cpu
39,transformer.layer.2.output_layer_norm,LayerNorm,0.0392,0.375,491520.0,1536,0,29,0.04,analytic,"[1, 128, 768]","[1, 128, 768]",974.88,0.0,0.375,cpu_perf_counter,cpu
39,transformer.layer.3.attention.q_lin,Linear,0.2696,0.375,150994944.0,590592,0,30,0.2704,counter,"[1, 128, 768]","[1, 128, 768]",974.88,0.0,0.375,cpu_perf_counter,cpu
39,transformer.layer.3.attention.k_lin,Linear,0.2453,0.375,150994944.0,590592,0,31,0.2461,counter,"[1, 128, 768]","[1, 128, 768]",974.88,0.0,0.375,cpu_perf_counter,cpu
39,transformer.layer.3.attention.v_lin,Linear,0.2547,0.375,150994944.0,590592,0,32,0.2555,counter,"[1, 128, 768]","[1, 128, 768]",974.88,0.0,0.375,cpu_perf_counter,cpu
39,transformer.layer.3.attention.out_lin,Linear,0.2886,0.375,150994944.0,590592,0,33,0.2894,counter,"[1, 128, 768]","[1, 128, 768]",974.88,0.0,0.375,cpu_perf_counter,cpu
39,transformer.layer.3.sa_layer_norm,LayerNorm,0.0301,0.375,491520.0,1536,0,34,0.0309,analytic,"[1, 128, 768]","[1, 128, 768]",974.88,0.0,0.375,cpu_perf_counter,cpu
39,transformer.layer.3.ffn.lin1,Linear,1.1588,1.5,603979776.0,2362368,0,35,1.1596,counter,"[1, 128, 768]","[1, 128, 3072]",974.88,0.0,1.5,cpu_perf_counter,cpu
39,transformer.layer.3.ffn.activation,GELUActivation,0.1185,1.5,0.0,0,0,36,0.1193,none,"[1, 128, 3072]","[1, 128, 3072]",974.88,0.0,1.5,cpu_perf_counter,cpu
39,transformer.layer.3.ffn.lin2,Linear,1.1397,0.375,603979776.0,2360064,0,37,1.1405,counter,"[1, 128, 3072]","[1, 128, 768]",974.88,0.0,0.375,cpu_perf_counter,cpu
39,transformer.layer.3.output_layer_norm,LayerNorm,0.0393,0.375,491520.0,1536,0,38,0.0401,analytic,"[1, 128, 768]","[1, 128, 768]",974.88,0.0,0.375,cpu_perf_counter,cpu
39,transformer.layer.4.attention.q_lin,Linear,0.3773,0.375,150994944.0,590592,0,39,0.3781,counter,"[1, 128, 768]","[1, 128, 768]",974.88,0.0,0.375,cpu_perf_counter,cpu
39,transformer.layer.4.attention.k_lin,Linear,0.3648,0.375,150994944.0,590592,0,40,0.3656,counter,"[1, 128, 768]","[1, 128, 768]",974.88,0.0,0.375,cpu_perf_counter,cpu
39,transformer.layer.4.attention.v_lin,Linear,0.3609,0.375,150994944.0,590592,0,41,0.3617,counter,"[1, 128, 768]","[1, 128, 768]",974.88,0.0,0.375,cpu_perf_counter,cpu
39,transformer.layer.4.attention.out_lin,Linear,0.3749,0.375,150994944.0,590592,0,42,0.3757,counter,"[1, 128, 768]","[1, 128, 768]",974.88,0.0,0.375,cpu_perf_counter,cpu
39,transformer.layer.4.sa_layer_norm,LayerNorm,0.0285,0.375,491520.0,1536,0,43,0.0293,analytic,"[1, 128, 768]","[1, 128, 768]",974.88,0.0,0.375,cpu_perf_counter,cpu
39,transformer.layer.4.ffn.lin1,Linear,1.5097,1.5,603979776.0,2362368,0,44,1.5105,counter,"[1, 128, 768]","[1, 128, 3072]",974.88,0.0,1.5,cpu_perf_counter,cpu
39,transformer.layer.4.ffn.activation,GELUActivation,0.1207,1.5,0.0,0,0,45,0.1215,none,"[1, 128, 3072]","[1, 128, 3072]",974.88,0.0,1.5,cpu_perf_counter,cpu
39,transformer.layer.4.ffn.lin2,Linear,1.411,0.375,603979776.0,2360064,0,46,1.4118,counter,"[1, 128, 3072]","[1, 128, 768]",974.88,0.0,0.375,cpu_perf_counter,cpu
39,transformer.layer.4.output_layer_norm,LayerNorm,0.0413,0.375,491520.0,1536,0,47,0.0421,analytic,"[1, 128, 768]","[1, 128, 768]",974.88,0.0,0.375,cpu_perf_counter,cpu
39,transformer.layer.5.attention.q_lin,Linear,0.3999,0.375,150994944.0,590592,0,48,0.4007,counter,"[1, 128, 768]","[1, 128, 768]",974.88,0.0,0.375,cpu_perf_counter,cpu
39,transformer.layer.5.attention.k_lin,Linear,0.3829,0.375,150994944.0,590592,0,49,0.3837,counter,"[1, 128, 768]","[1, 128, 768]",974.88,0.0,0.375,cpu_perf_counter,cpu
39,transformer.layer.5.attention.v_lin,Linear,0.3785,0.375,150994944.0,590592,0,50,0.3793,counter,"[1, 128, 768]","[1, 128, 768]",974.88,0.0,0.375,cpu_perf_counter,cpu
39,transformer.layer.5.attention.out_lin,Linear,0.372,0.375,150994944.0,590592,0,51,0.3728,counter,"[1, 128, 768]","[1, 128, 768]",974.88,0.0,0.375,cpu_perf_counter,cpu
39,transformer.layer.5.sa_layer_norm,LayerNorm,0.0325,0.375,491520.0,1536,0,52,0.0333,analytic,"[1, 128, 768]","[1, 128, 768]",974.88,0.0,0.375,cpu_perf_counter,cpu
39,transformer.layer.5.ffn.lin1,Linear,1.5302,1.5,603979776.0,2362368,0,53,1.531,counter,"[1, 128, 768]","[1, 128, 3072]",974.88,0.0,1.5,cpu_perf_counter,cpu
39,transformer.layer.5.ffn.activation,GELUActivation,0.126,1.5,0.0,0,0,54,0.1268,none,"[1, 128, 3072]","[1, 128, 3072]",974.88,0.0,1.5,cpu_perf_counter,cpu
39,transformer.layer.5.ffn.lin2,Linear,1.4404,0.375,603979776.0,2360064,0,55,1.4412,counter,"[1, 128, 3072]","[1, 128, 768]",974.88,0.0,0.375,cpu_perf_counter,cpu
39,transformer.layer.5.output_layer_norm,LayerNorm,0.0455,0.375,491520.0,1536,0,56,0.0463,analytic,"[1, 128, 768]","[1, 128, 768]",974.88,0.0,0.375,cpu_perf_counter,cpu
40,embeddings.word_embeddings,Embedding,0.0537,0.375,0.0,23440896,0,0,0.0545,none,"[1, 128]","[1, 128, 768]",974.89,0.0,0.375,cpu_perf_counter,cpu
40,embeddings.position_embeddings,Embedding,0.0216,0.375,0.0,393216,0,1,0.0224,none,"[1, 128]","[1, 128, 768]",974.89,0.0,0.375,cpu_perf_counter,cpu
40,embeddings.LayerNorm,LayerNorm,0.0256,0.375,491520.0,1536,0,2,0.0264,analytic,"[1, 128, 768]","[1, 128, 768]",974.89,0.0,0.375,cpu_perf_counter,cpu
40,transformer.layer.0.attention.q_lin,Linear,0.3731,0.375,150994944.0,590592,0,3,0.3739,counter,"[1, 128, 768]","[1, 128, 768]",974.89,0.0,0.375,cpu_perf_counter,cpu
40,transformer.layer.0.attention.k_lin,Linear,0.3519,0.375,150994944.0,590592,0,4,0.3527,counter,"[1, 128, 768]","[1, 128, 768]",974.89,0.0,0.375,cpu_perf_counter,cpu
40,transformer.layer.0.attention.v_lin,Linear,0.355,0.375,150994944.0,590592,0,5,0.3558,counter,"[1, 128, 768]","[1, 128, 768]",974.89,0.0,0.375,cpu_perf_counter,cpu
40,transformer.layer.0.attention.out_lin,Linear,0.3742,0.375,150994944.0,590592,0,6,0.375,counter,"[1, 128, 768]","[1, 128, 768]",974.89,0.0,0.375,cpu_perf_counter,cpu
40,transformer.layer.0.sa_layer_norm,LayerNorm,0.0424,0.375,491520.0,1536,0,7,0.0432,analytic,"[1, 128, 768]","[1, 128, 768]",974.89,0.0,0.375,cpu_perf_counter,cpu
40,transformer.layer.0.ffn.lin1,Linear,1.5589,1.5,603979776.0,2362368,0,8,1.5597,counter,"[1, 128, 768]","[1, 128, 3072]",974.89,0.0,1.5,cpu_perf_counter,cpu
40,transformer.layer.0.ffn.activation,GELUActivation,0.1304,1.5,0.0,0,0,9,0.1312,none,"[1, 128, 3072]","[1, 128, 3072]",974.89,0.0,1.5,cpu_perf_counter,cpu
40,transformer.layer.0.ffn.lin2,Linear,1.4398,0.375,603979776.0,2360064,0,10,1.4406,counter,"[1, 128, 3072]","[1, 128, 768]",974.89,0.0,0.375,cpu_perf_counter,cpu
40,transformer.layer.0.output_layer_norm,LayerNorm,0.0391,0.375,491520.0,1536,0,11,0.0399,analytic,"[1, 128, 768]","[1, 128, 768]",974.89,0.0,0.375,cpu_perf_counter,cpu
40,transformer.layer.1.attention.q_lin,Linear,0.3713,0.375,150994944.0,590592,0,12,0.3721,counter,"[1, 128, 768]","[1, 128, 768]",974.89,0.0,0.375,cpu_perf_counter,cpu
40,transformer.layer.1.attention.k_lin,Linear,0.3574,0.375,150994944.0,590592,0,13,0.3582,counter,"[1, 128, 768]","[1, 128, 768]",974.89,0.0,0.375,cpu_perf_counter,cpu
40,transformer.layer.1.attention.v_lin,Linear,0.3418,0.375,150994944.0,590592,0,14,0.3426,counter,"[1, 128, 768]","[1, 128, 768]",974.89,0.0,0.375,cpu_perf_counter,cpu
40,transformer.layer.1.attention.out_lin,Linear,0.356,0.375,150994944.0,590592,0,15,0.3568,counter,"[1, 128, 768]","[1, 128, 768]",974.89,0.0,0.375,cpu_perf_counter,cpu
40,transformer.layer.1.sa_layer_norm,LayerNorm,0.032,0.375,491520.0,1536,0,16,0.0328,analytic,"[1, 128, 768]","[1, 128, 768]",974.89,0.0,0.375,cpu_perf_counter,cpu
40,transformer.layer.1.ffn.lin1,Linear,1.5184,1.5,603979776.0,2362368,0,17,1.5192,counter,"[1, 128, 768]","[1, 128, 3072]",974.89,0.0,1.5,cpu_perf_counter,cpu
40,transformer.layer.1.ffn.activation,GELUActivation,0.1183,1.5,0.0,0,0,18,0.1191,none,"[1, 128, 3072]","[1, 128, 3072]",974.89,0.0,1.5,cpu_perf_counter,cpu
40,transformer.layer.1.ffn.lin2,Linear,1.396,0.375,603979776.0,2360064,0,19,1.3968,counter,"[1, 128, 3072]","[1, 128, 768]",974.89,0.0,0.375,cpu_perf_counter,cpu
40,transformer.layer.1.output_layer_norm,LayerNorm,0.0379,0.375,491520.0,1536,0,20,0.0387,analytic,"[1, 128, 768]","[1, 128, 768]",974.89,0.0,0.375,cpu_perf_counter,cpu
40,transformer.layer.2.attention.q_lin,Linear,0.371,0.375,150994944.0,590592,0,21,0.3718,counter,"[1, 128, 768]","[1, 128, 768]",974.89,0.0,0.375,cpu_perf_counter,cpu
40,transformer.layer.2.attention.k_lin,Linear,0.3664,0.375,150994944.0,590592,0,22,0.3672,counter,"[1, 128, 768]","[1, 128, 768]",974.89,0.0,0.375,cpu_perf_counter,cpu
40,transformer.layer.2.attention.v_lin,Linear,0.3733,0.375,150994944.0,590592,0,23,0.3741,counter,"[1, 128, 768]","[1, 128, 768]",974.89,0.0,0.375,cpu_perf_counter,cpu
40,transformer.layer.2.attention.out_lin,Linear,0.3782,0.375,150994944.0,590592,0,24,0.379,counter,"[1, 128, 768]","[1, 128, 768]",974.89,0.0,0.375,cpu_perf_counter,cpu
40,transformer.layer.2.sa_layer_norm,LayerNorm,0.0311,0.375,491520.0,1536,0,25,0.0319,analytic,"[1, 128, 768]","[1, 128, 768]",974.89,0.0,0.375,cpu_perf_counter,cpu
40,transformer.layer.2.ffn.lin1,Linear,1.4871,1.5,603979776.0,2362368,0,26,1.4879,counter,"[1, 128, 768]","[1, 128, 3072]",974.89,0.0,1.5,cpu_perf_counter,cpu
40,transformer.layer.2.ffn.activation,GELUActivation,0.1211,1.5,0.0,0,0,27,0.1219,none,"[1, 128, 3072]","[1, 128, 3072]",974.89,0.0,1.5,cpu_perf_counter,cpu
40,transformer.layer.2.ffn.lin2,Linear,1.4349,0.375,603979776.0,2360064,0,28,1.4357,counter,"[1, 128, 3072]","[1, 128, 768]",974.89,0.0,0.375,cpu_perf_counter,cpu
40,transformer.layer.2.output_layer_norm,LayerNorm,0.0447,0.375,491520.0,1536,0,29,0.0455,analytic,"[1, 128, 768]","[1, 128, 768]",974.89,0.0,0.375,cpu_perf_counter,cpu
40,transformer.layer.3.attention.q_lin,Linear,0.3868,0.375,150994944.0,590592,0,30,0.3876,counter,"[1, 128, 768]","[1, 128, 768]",974.89,0.0,0.375,cpu_perf_counter,cpu
40,transformer.layer.3.attention.k_lin,Linear,0.3676,0.375,150994944.0,590592,0,31,0.3684,counter,"[1, 128, 768]","[1, 128, 768]",974.89,0.0,0.375,cpu_perf_counter,cpu
40,transformer.layer.3.attention.v_lin,Linear,0.35,0.375,150994944.0,590592,0,32,0.3508,counter,"[1, 128, 768]","[1, 128, 768]",974.89,0.0,0.375,cpu_perf_counter,cpu
40,transformer.layer.3.attention.out_lin,Linear,0.3526,0.375,150994944.0,590592,0,33,0.3534,counter,"[1, 128, 768]","[1, 128, 768]",974.89,0.0,0.375,cpu_perf_counter,cpu
40,transformer.layer.3.sa_layer_norm,LayerNorm,0.0277,0.375,491520.0,1536,0,34,0.0285,analytic,"[1, 128, 768]","[1, 128, 768]",974.89,0.0,0.375,cpu_perf_counter,cpu
40,transformer.layer.3.ffn.lin1,Linear,1.5049,1.5,603979776.0,2362368,0,35,1.5057,counter,"[1, 128, 768]","[1, 128, 3072]",974.89,0.0,1.5,cpu_perf_counter,cpu
40,transformer.layer.3.ffn.activation,GELUActivation,0.123,1.5,0.0,0,0,36,0.1238,none,"[1, 128, 3072]","[1, 128, 3072]",974.89,0.0,1.5,cpu_perf_counter,cpu
40,transformer.layer.3.ffn.lin2,Linear,1.4375,0.375,603979776.0,2360064,0,37,1.4383,counter,"[1, 128, 3072]","[1, 128, 768]",974.89,0.0,0.375,cpu_perf_counter,cpu
40,transformer.layer.3.output_layer_norm,LayerNorm,0.0384,0.375,491520.0,1536,0,38,0.0392,analytic,"[1, 128, 768]","[1, 128, 768]",974.89,0.0,0.375,cpu_perf_counter,cpu
40,transformer.layer.4.attention.q_lin,Linear,0.366,0.375,150994944.0,590592,0,39,0.3668,counter,"[1, 128, 768]","[1, 128, 768]",974.89,0.0,0.375,cpu_perf_counter,cpu
40,transformer.layer.4.attention.k_lin,Linear,0.3492,0.375,150994944.0,590592,0,40,0.35,counter,"[1, 128, 768]","[1, 128, 768]",974.89,0.0,0.375,cpu_perf_counter,cpu
40,transformer.layer.4.attention.v_lin,Linear,0.3563,0.375,150994944.0,590592,0,41,0.3571,counter,"[1, 128, 768]","[1, 128, 768]",974.89,0.0,0.375,cpu_perf_counter,cpu
40,transformer.layer.4.attention.out_lin,Linear,0.362,0.375,150994944.0,590592,0,42,0.3628,counter,"[1, 128, 768]","[1, 128, 768]",974.89,0.0,0.375,cpu_perf_counter,cpu
40,transformer.layer.4.sa_layer_norm,LayerNorm,0.0252,0.375,491520.0,1536,0,43,0.026,analytic,"[1, 128, 768]","[1, 128, 768]",974.89,0.0,0.375,cpu_perf_counter,cpu
40,transformer.layer.4.ffn.lin1,Linear,1.5075,1.5,603979776.0,2362368,0,44,1.5083,counter,"[1, 128, 768]","[1, 128, 3072]",974.89,0.0,1.5,cpu_perf_counter,cpu
40,transformer.layer.4.ffn.activation,GELUActivation,0.1189,1.5,0.0,0,0,45,0.1197,none,"[1, 128, 3072]","[1, 128, 3072]",974.89,0.0,1.5,cpu_perf_counter,cpu
40,transformer.layer.4.ffn.lin2,Linear,1.4467,0.375,603979776.0,2360064,0,46,1.4475,counter,"[1, 128, 3072]","[1, 128, 768]",974.89,0.0,0.375,cpu_perf_counter,cpu
40,transformer.layer.4.output_layer_norm,LayerNorm,0.0394,0.375,491520.0,1536,0,47,0.0402,analytic,"[1, 128, 768]","[1, 128, 768]",974.89,0.0,0.375,cpu_perf_counter,cpu
40,transformer.layer.5.attention.q_lin,Linear,0.3802,0.375,150994944.0,590592,0,48,0.381,counter,"[1, 128, 768]","[1, 128, 768]",974.89,0.0,0.375,cpu_perf_counter,cpu
40,transformer.layer.5.attention.k_lin,Linear,0.3577,0.375,150994944.0,590592,0,49,0.3585,counter,"[1, 128, 768]","[1, 128, 768]",974.89,0.0,0.375,cpu_perf_counter,cpu
40,transformer.layer.5.attention.v_lin,Linear,0.3702,0.375,150994944.0,590592,0,50,0.371,counter,"[1, 128, 768]","[1, 128, 768]",974.89,0.0,0.375,cpu_perf_counter,cpu
40,transformer.layer.5.attention.out_lin,Linear,0.3716,0.375,150994944.0,590592,0,51,0.3724,counter,"[1, 128, 768]","[1, 128, 768]",974.89,0.0,0.375,cpu_perf_counter,cpu
40,transformer.layer.5.sa_layer_norm,LayerNorm,0.0321,0.375,491520.0,1536,0,52,0.0329,analytic,"[1, 128, 768]","[1, 128, 768]",974.89,0.0,0.375,cpu_perf_counter,cpu
40,transformer.layer.5.ffn.lin1,Linear,1.517,1.5,603979776.0,2362368,0,53,1.5178,counter,"[1, 128, 768]","[1, 128, 3072]",974.89,0.0,1.5,cpu_perf_counter,cpu
40,transformer.layer.5.ffn.activation,GELUActivation,0.1168,1.5,0.0,0,0,54,0.1176,none,"[1, 128, 3072]","[1, 128, 3072]",974.89,0.0,1.5,cpu_perf_counter,cpu
40,transformer.layer.5.ffn.lin2,Linear,1.4881,0.375,603979776.0,2360064,0,55,1.4889,counter,"[1, 128, 3072]","[1, 128, 768]",974.89,0.0,0.375,cpu_perf_counter,cpu
40,transformer.layer.5.output_layer_norm,LayerNorm,0.0654,0.375,491520.0,1536,0,56,0.0662,analytic,"[1, 128, 768]","[1, 128, 768]",974.89,0.0,0.375,cpu_perf_counter,cpu
41,embeddings.word_embeddings,Embedding,0.0608,0.375,0.0,23440896,0,0,0.0616,none,"[1, 128]","[1, 128, 768]",974.89,0.0,0.375,cpu_perf_counter,cpu
41,embeddings.position_embeddings,Embedding,0.0257,0.375,0.0,393216,0,1,0.0265,none,"[1, 128]","[1, 128, 768]",974.89,0.0,0.375,cpu_perf_counter,cpu
41,embeddings.LayerNorm,LayerNorm,0.031,0.375,491520.0,1536,0,2,0.0318,analytic,"[1, 128, 768]","[1, 128, 768]",974.89,0.0,0.375,cpu_perf_counter,cpu
41,transformer.layer.0.attention.q_lin,Linear,0.3942,0.375,150994944.0,590592,0,3,0.395,counter,"[1, 128, 768]","[1, 128, 768]",974.89,0.0,0.375,cpu_perf_counter,cpu
41,transformer.layer.0.attention.k_lin,Linear,0.3709,0.375,150994944.0,590592,0,4,0.3717,counter,"[1, 128, 768]","[1, 128, 768]",974.89,0.0,0.375,cpu_perf_counter,cpu
41,transformer.layer.0.attention.v_lin,Linear,0.3611,0.375,150994944.0,590592,0,5,0.3619,counter,"[1, 128, 768]","[1, 128, 768]",974.89,0.0,0.375,cpu_perf_counter,cpu
41,transformer.layer.0.attention.out_lin,Linear,0.3622,0.375,150994944.0,590592,0,6,0.363,counter,"[1, 128, 768]","[1, 128, 768]",974.89,0.0,0.375,cpu_perf_counter,cpu
41,transformer.layer.0.sa_layer_norm,LayerNorm,0.0433,0.375,491520.0,1536,0,7,0.0441,analytic,"[1, 128, 768]","[1, 128, 768]",974.89,0.0,0.375,cpu_perf_counter,cpu
41,transformer.layer.0.ffn.lin1,Linear,1.565,1.5,603979776.0,2362368,0,8,1.5658,counter,"[1, 128, 768]","[1, 128, 3072]",974.89,0.0,1.5,cpu_perf_counter,cpu
41,transformer.layer.0.ffn.activation,GELUActivation,0.1325,1.5,0.0,0,0,9,0.1333,none,"[1, 128, 3072]","[1, 128, 3072]",974.89,0.0,1.5,cpu_perf_counter,cpu
41,transformer.layer.0.ffn.lin2,Linear,1.4433,0.375,603979776.0,2360064,0,10,1.4441,counter,"[1, 128, 3072]","[1, 128, 768]",974.89,0.0,0.375,cpu_perf_counter,cpu
41,transformer.layer.0.output_layer_norm,LayerNorm,0.0359,0.375,491520.0,1536,0,11,0.0367,analytic,"[1, 128, 768]","[1, 128, 768]",974.89,0.0,0.375,cpu_perf_counter,cpu
41,transformer.layer.1.attention.q_lin,Linear,0.4032,0.375,150994944.0,590592,0,12,0.404,counter,"[1, 128, 768]","[1, 128, 768]",974.89,0.0,0.375,cpu_perf_counter,cpu
41,transformer.layer.1.attention.k_lin,Linear,0.354,0.375,150994944.0,590592,0,13,0.3548,counter,"[1, 128, 768]","[1, 128, 768]",974.89,0.0,0.375,cpu_perf_counter,cpu
41,transformer.layer.1.attention.v_lin,Linear,0.3502,0.375,150994944.0,590592,0,14,0.351,counter,"[1, 128, 768]","[1, 128, 768]",974.89,0.0,0.375,cpu_perf_counter,cpu
41,transformer.layer.1.attention.out_lin,Linear,0.3583,0.375,150994944.0,590592,0,15,0.3591,counter,"[1, 128, 768]","[1, 128, 768]",974.89,0.0,0.375,cpu_perf_counter,cpu
41,transformer.layer.1.sa_layer_norm,LayerNorm,0.0309,0.375,491520.0,1536,0,16,0.0317,analytic,"[1, 128, 768]","[1, 128, 768]",974.89,0.0,0.375,cpu_perf_counter,cpu
41,transformer.layer.1.ffn.lin1,Linear,1.4977,1.5,603979776.0,2362368,0,17,1.4985,counter,"[1, 128, 768]","[1, 128, 3072]",974.89,0.0,1.5,cpu_perf_counter,cpu
41,transformer.layer.1.ffn.activation,GELUActivation,0.1169,1.5,0.0,0,0,18,0.1177,none,"[1, 128, 3072]","[1, 128, 3072]",974.89,0.0,1.5,cpu_perf_counter,cpu
41,transformer.layer.1.ffn.lin2,Linear,1.3976,0.375,603979776.0,2360064,0,19,1.3984,counter,"[1, 128, 3072]","[1, 128, 768]",974.89,0.0,0.375,cpu_perf_counter,cpu
41,transformer.layer.1.output_layer_norm,LayerNorm,0.0419,0.375,491520.0,1536,0,20,0.0427,analytic,"[1, 128, 768]","[1, 128, 768]",974.89,0.0,0.375,cpu_perf_counter,cpu
41,transformer.layer.2.attention.q_lin,Linear,0.3736,0.375,150994944.0,590592,0,21,0.3744,counter,"[1, 128, 768]","[1, 128, 768]",974.89,0.0,0.375,cpu_perf_counter,cpu
41,transformer.layer.2.attention.k_lin,Linear,0.37,0.375,150994944.0,590592,0,22,0.3708,counter,"[1, 128, 768]","[1, 128, 768]",974.89,0.0,0.375,cpu_perf_counter,cpu
41,transformer.layer.2.attention.v_lin,Linear,0.3519,0.375,150994944.0,590592,0,23,0.3527,counter,"[1, 128, 768]","[1, 128, 768]",974.89,0.0,0.375,cpu_perf_counter,cpu
41,transformer.layer.2.attention.out_lin,Linear,0.3943,0.375,150994944.0,590592,0,24,0.3951,counter,"[1, 128, 768]","[1, 128, 768]",974.89,0.0,0.375,cpu_perf_counter,cpu
41,transformer.layer.2.sa_layer_norm,LayerNorm,0.0291,0.375,491520.0,1536,0,25,0.0299,analytic,"[1, 128, 768]","[1, 128, 768]",974.89,0.0,0.375,cpu_perf_counter,cpu
41,transformer.layer.2.ffn.lin1,Linear,1.1866,1.5,603979776.0,2362368,0,26,1.1874,counter,"[1, 128, 768]","[1, 128, 3072]",974.89,0.0,1.5,cpu_perf_counter,cpu
41,transformer.layer.2.ffn.activation,GELUActivation,0.1319,1.5,0.0,0,0,27,0.1327,none,"[1, 128, 3072]","[1, 128, 3072]",974.89,0.0,1.5,cpu_perf_counter,cpu
41,transformer.layer.2.ffn.lin2,Linear,1.4915,0.375,603979776.0,2360064,0,28,1.4923,counter,"[1, 128, 3072]","[1, 128, 768]",974.89,0.0,0.375,cpu_perf_counter,cpu
41,transformer.layer.2.output_layer_norm,LayerNorm,0.0425,0.375,491520.0,1536,0,29,0.0433,analytic,"[1, 128, 768]","[1, 128, 768]",974.89,0.0,0.375,cpu_perf_counter,cpu
41,transformer.layer.3.attention.q_lin,Linear,0.399,0.375,150994944.0,590592,0,30,0.3998,counter,"[1, 128, 768]","[1, 128, 768]",974.89,0.0,0.375,cpu_perf_counter,cpu
41,transformer.layer.3.attention.k_lin,Linear,0.3816,0.375,150994944.0,590592,0,31,0.3824,counter,"[1, 128, 768]","[1, 128, 768]",974.89,0.0,0.375,cpu_perf_counter,cpu
41,transformer.layer.3.attention.v_lin,Linear,0.3778,0.375,150994944.0,590592,0,32,0.3786,counter,"[1, 128, 768]","[1, 128, 768]",974.89,0.0,0.375,cpu_perf_counter,cpu
41,transformer.layer.3.attention.out_lin,Linear,0.3638,0.375,150994944.0,590592,0,33,0.3646,counter,"[1, 128, 768]","[1, 128, 768]",974.89,0.0,0.375,cpu_perf_counter,cpu
41,transformer.layer.3.sa_layer_norm,LayerNorm,0.0299,0.375,491520.0,1536,0,34,0.0307,analytic,"[1, 128, 768]","[1, 128, 768]",974.89,0.0,0.375,cpu_perf_counter,cpu
41,transformer.layer.3.ffn.lin1,Linear,1.5735,1.5,603979776.0,2362368,0,35,1.5743,counter,"[1, 128, 768]","[1, 128, 3072]",974.89,0.0,1.5,cpu_perf_counter,cpu
41,transformer.layer.3.ffn.activation,GELUActivation,0.1641,1.5,0.0,0,0,36,0.1649,none,"[1, 128, 3072]","[1, 128, 3072]",974.89,0.0,1.5,cpu_perf_counter,cpu
41,transformer.layer.3.ffn.lin2,Linear,1.4498,0.375,603979776.0,2360064,0,37,1.4506,counter,"[1, 128, 3072]","[1, 128, 768]",974.89,0.0,0.375,cpu_perf_counter,cpu
41,transformer.layer.3.output_layer_norm,LayerNorm,0.0484,0.375,491520.0,1536,0,38,0.0492,analytic,"[1, 128, 768]","[1, 128, 768]",974.89,0.0,0.375,cpu_perf_counter,cpu
41,transformer.layer.4.attention.q_lin,Linear,0.3885,0.375,150994944.0,590592,0,39,0.3893,counter,"[1, 128, 768]","[1, 128, 768]",974.89,0.0,0.375,cpu_perf_counter,cpu
41,transformer.layer.4.attention.k_lin,Linear,0.3759,0.375,150994944.0,590592,0,40,0.3767,counter,"[1, 128, 768]","[1, 128, 768]",974.89,0.0,0.375,cpu_perf_counter,cpu
41,transformer.layer.4.attention.v_lin,Linear,0.3697,0.375,150994944.0,590592,0,41,0.3705,counter,"[1, 128, 768]","[1, 128, 768]",974.89,0.0,0.375,cpu_perf_counter,cpu
41,transformer.layer.4.attention.out_lin,Linear,0.3639,0.375,150994944.0,590592,0,42,0.3647,counter,"[1, 128, 768]","[1, 128, 768]",974.89,0.0,0.375,cpu_perf_counter,cpu
41,transformer.layer.4.sa_layer_norm,LayerNorm,0.0275,0.375,491520.0,1536,0,43,0.0283,analytic,"[1, 128, 768]","[1, 128, 768]",974.89,0.0,0.375,cpu_perf_counter,cpu
41,transformer.layer.4.ffn.lin1,Linear,1.5552,1.5,603979776.0,2362368,0,44,1.556,counter,"[1, 128, 768]","[1, 128, 3072]",974.89,0.0,1.5,cpu_perf_counter,cpu
41,transformer.layer.4.ffn.activation,GELUActivation,0.1183,1.5,0.0,0,0,45,0.1191,none,"[1, 128, 3072]","[1, 128, 3072]",974.89,0.0,1.5,cpu_perf_counter,cpu
41,transformer.layer.4.ffn.lin2,Linear,1.4767,0.375,603979776.0,2360064,0,46,1.4775,counter,"[1, 128, 3072]","[1, 128, 768]",974.89,0.0,0.375,cpu_perf_counter,cpu
41,transformer.layer.4.output_layer_norm,LayerNorm,0.037,0.375,491520.0,1536,0,47,0.0378,analytic,"[1, 128, 768]","[1, 128, 768]",974.89,0.0,0.375,cpu_perf_counter,cpu
41,transformer.layer.5.attention.q_lin,Linear,0.3771,0.375,150994944.0,590592,0,48,0.3779,counter,"[1, 128, 768]","[1, 128, 768]",974.89,0.0,0.375,cpu_perf_counter,cpu
41,transformer.layer.5.attention.k_lin,Linear,0.3555,0.375,150994944.0,590592,0,49,0.3563,counter,"[1, 128, 768]","[1, 128, 768]",974.89,0.0,0.375,cpu_perf_counter,cpu
41,transformer.layer.5.attention.v_lin,Linear,0.3587,0.375,150994944.0,590592,0,50,0.3595,counter,"[1, 128, 768]","[1, 128, 768]",974.89,0.0,0.375,cpu_perf_counter,cpu
41,transformer.layer.5.attention.out_lin,Linear,0.3614,0.375,150994944.0,590592,0,51,0.3622,counter,"[1, 128, 768]","[1, 128, 768]",974.89,0.0,0.375,cpu_perf_counter,cpu
41,transformer.layer.5.sa_layer_norm,LayerNorm,0.0277,0.375,491520.0,1536,0,52,0.0285,analytic,"[1, 128, 768]","[1, 128, 768]",974.89,0.0,0.375,cpu_perf_counter,cpu
41,transformer.layer.5.ffn.lin1,Linear,1.6338,1.5,603979776.0,2362368,0,53,1.6346,counter,"[1, 128, 768]","[1, 128, 3072]",974.89,0.0,1.5,cpu_perf_counter,cpu
41,transformer.layer.5.ffn.activation,GELUActivation,0.1643,1.5,0.0,0,0,54,0.1651,none,"[1, 128, 3072]","[1, 128, 3072]",974.89,0.0,1.5,cpu_perf_counter,cpu
41,transformer.layer.5.ffn.lin2,Linear,1.4722,0.375,603979776.0,2360064,0,55,1.473,counter,"[1, 128, 3072]","[1, 128, 768]",974.89,0.0,0.375,cpu_perf_counter,cpu
41,transformer.layer.5.output_layer_norm,LayerNorm,0.0403,0.375,491520.0,1536,0,56,0.0411,analytic,"[1, 128, 768]","[1, 128, 768]",974.89,0.0,0.375,cpu_perf_counter,cpu
42,embeddings.word_embeddings,Embedding,0.065,0.375,0.0,23440896,0,0,0.0658,none,"[1, 128]","[1, 128, 768]",974.89,0.0,0.375,cpu_perf_counter,cpu
42,embeddings.position_embeddings,Embedding,0.0256,0.375,0.0,393216,0,1,0.0264,none,"[1, 128]","[1, 128, 768]",974.89,0.0,0.375,cpu_perf_counter,cpu
42,embeddings.LayerNorm,LayerNorm,0.0249,0.375,491520.0,1536,0,2,0.0257,analytic,"[1, 128, 768]","[1, 128, 768]",974.89,0.0,0.375,cpu_perf_counter,cpu
42,transformer.layer.0.attention.q_lin,Linear,0.3801,0.375,150994944.0,590592,0,3,0.3809,counter,"[1, 128, 768]","[1, 128, 768]",974.89,0.0,0.375,cpu_perf_counter,cpu
42,transformer.layer.0.attention.k_lin,Linear,0.3588,0.375,150994944.0,590592,0,4,0.3596,counter,"[1, 128, 768]","[1, 128, 768]",974.89,0.0,0.375,cpu_perf_counter,cpu
42,transformer.layer.0.attention.v_lin,Linear,0.3694,0.375,150994944.0,590592,0,5,0.3702,counter,"[1, 128, 768]","[1, 128, 768]",974.89,0.0,0.375,cpu_perf_counter,cpu
42,transformer.layer.0.attention.out_lin,Linear,0.3929,0.375,150994944.0,590592,0,6,0.3937,counter,"[1, 128, 768]","[1, 128, 768]",974.89,0.0,0.375,cpu_perf_counter,cpu
42,transformer.layer.0.sa_layer_norm,LayerNorm,0.0344,0.375,491520.0,1536,0,7,0.0352,analytic,"[1, 128, 768]","[1, 128, 768]",974.89,0.0,0.375,cpu_perf_counter,cpu
42,transformer.layer.0.ffn.lin1,Linear,1.595,1.5,603979776.0,2362368,0,8,1.5958,counter,"[1, 128, 768]","[1, 128, 3072]",974.89,0.0,1.5,cpu_perf_counter,cpu
42,transformer.layer.0.ffn.activation,GELUActivation,0.1396,1.5,0.0,0,0,9,0.1404,none,"[1, 128, 3072]","[1, 128, 3072]",974.89,0.0,1.5,cpu_perf_counter,cpu
42,transformer.layer.0.ffn.lin2,Linear,1.4275,0.375,603979776.0,2360064,0,10,1.4283,counter,"[1, 128, 3072]","[1, 128, 768]",974.89,0.0,0.375,cpu_perf_counter,cpu
42,transformer.layer.0.output_layer_norm,LayerNorm,0.0371,0.375,491520.0,1536,0,11,0.0379,analytic,"[1, 128, 768]","[1, 128, 768]",974.89,0.0,0.375,cpu_perf_counter,cpu
42,transformer.layer.1.attention.q_lin,Linear,0.3742,0.375,150994944.0,590592,0,12,0.375,counter,"[1, 128, 768]","[1, 128, 768]",974.89,0.0,0.375,cpu_perf_counter,cpu
42,transformer.layer.1.attention.k_lin,Linear,0.3543,0.375,150994944.0,590592,0,13,0.3551,counter,"[1, 128, 768]","[1, 128, 768]",974.89,0.0,0.375,cpu_perf_counter,cpu
42,transformer.layer.1.attention.v_lin,Linear,0.3472,0.375,150994944.0,590592,0,14,0.348,counter,"[1, 128, 768]","[1, 128, 768]",974.89,0.0,0.375,cpu_perf_counter,cpu
42,transformer.layer.1.attention.out_lin,Linear,0.3574,0.375,150994944.0,590592,0,15,0.3582,counter,"[1, 128, 768]","[1, 128, 768]",974.89,0.0,0.375,cpu_perf_counter,cpu
42,transformer.layer.1.sa_layer_norm,LayerNorm,0.0297,0.375,491520.0,1536,0,16,0.0305,analytic,"[1, 128, 768]","[1, 128, 768]",974.89,0.0,0.375,cpu_perf_counter,cpu
42,transformer.layer.1.ffn.lin1,Linear,1.5031,1.5,603979776.0,2362368,0,17,1.5039,counter,"[1, 128, 768]","[1, 128, 3072]",974.89,0.0,1.5,cpu_perf_counter,cpu
42,transformer.layer.1.ffn.activation,GELUActivation,0.1221,1.5,0.0,0,0,18,0.1229,none,"[1, 128, 3072]","[1, 128, 3072]",974.89,0.0,1.5,cpu_perf_counter,cpu
42,transformer.layer.1.ffn.lin2,Linear,1.4715,0.375,603979776.0,2360064,0,19,1.4723,counter,"[1, 128, 3072]","[1, 128, 768]",974.89,0.0,0.375,cpu_perf_counter,cpu
42,transformer.layer.1.output_layer_norm,LayerNorm,0.0409,0.375,491520.0,1536,0,20,0.0417,analytic,"[1, 128, 768]","[1, 128, 768]",974.89,0.0,0.375,cpu_perf_counter,cpu
42,transformer.layer.2.attention.q_lin,Linear,0.3757,0.375,150994944.0,590592,0,21,0.3765,counter,"[1, 128, 768]","[1, 128, 768]",974.89,0.0,0.375,cpu_perf_counter,cpu
42,transformer.layer.2.attention.k_lin,Linear,0.3714,0.375,150994944.0,590592,0,22,0.3722,counter,"[1, 128, 768]","[1, 128, 768]",974.89,0.0,0.375,cpu_perf_counter,cpu
42,transformer.layer.2.attention.v_lin,Linear,0.3694,0.375,150994944.0,590592,0,23,0.3702,counter,"[1, 128, 768]","[1, 128, 768]",974.89,0.0,0.375,cpu_perf_counter,cpu
42,transformer.layer.2.attention.out_lin,Linear,0.3801,0.375,150994944.0,590592,0,24,0.3809,counter,"[1, 128, 768]","[1, 128, 768]",974.89,0.0,0.375,cpu_perf_counter,cpu
42,transformer.layer.2.sa_layer_norm,LayerNorm,0.0405,0.375,491520.0,1536,0,25,0.0413,analytic,"[1, 128, 768]","[1, 128, 768]",974.89,0.0,0.375,cpu_perf_counter,cpu
42,transformer.layer.2.ffn.lin1,Linear,1.5443,1.5,603979776.0,2362368,0,26,1.5451,counter,"[1, 128, 768]","[1, 128, 3072]",974.89,0.0,1.5,cpu_perf_counter,cpu
42,transformer.layer.2.ffn.activation,GELUActivation,0.126,1.5,0.0,0,0,27,0.1268,none,"[1, 128, 3072]","[1, 128, 3072]",974.89,0.0,1.5,cpu_perf_counter,cpu
42,transformer.layer.2.ffn.lin2,Linear,1.4597,0.375,603979776.0,2360064,0,28,1.4605,counter,"[1, 128, 3072]","[1, 128, 768]",974.89,0.0,0.375,cpu_perf_counter,cpu
42,transformer.layer.2.output_layer_norm,LayerNorm,0.0392,0.375,491520.0,1536,0,29,0.04,analytic,"[1, 128, 768]","[1, 128, 768]",974.89,0.0,0.375,cpu_perf_counter,cpu
42,transformer.layer.3.attention.q_lin,Linear,0.3794,0.375,150994944.0,590592,0,30,0.3802,counter,"[1, 128, 768]","[1, 128, 768]",974.89,0.0,0.375,cpu_perf_counter,cpu
42,transformer.layer.3.attention.k_lin,Linear,0.3885,0.375,150994944.0,590592,0,31,0.3893,counter,"[1, 128, 768]","[1, 128, 768]",974.89,0.0,0.375,cpu_perf_counter,cpu
42,transformer.layer.3.attention.v_lin,Linear,0.4713,0.375,150994944.0,590592,0,32,0.4721,counter,"[1, 128, 768]","[1, 128, 768]",974.89,0.0,0.375,cpu_perf_counter,cpu
42,transformer.layer.3.attention.out_lin,Linear,0.386,0.375,150994944.0,590592,0,33,0.3868,counter,"[1, 128, 768]","[1, 128, 768]",974.89,0.0,0.375,cpu_perf_counter,cpu
42,transformer.layer.3.sa_layer_norm,LayerNorm,0.0757,0.375,491520.0,1536,0,34,0.0765,analytic,"[1, 128, 768]","[1, 128, 768]",974.89,0.0,0.375,cpu_perf_counter,cpu
42,transformer.layer.3.ffn.lin1,Linear,1.5856,1.5,603979776.0,2362368,0,35,1.5864,counter,"[1, 128, 768]","[1, 128, 3072]",974.89,0.0,1.5,cpu_perf_counter,cpu
42,transformer.layer.3.ffn.activation,GELUActivation,0.1267,1.5,0.0,0,0,36,0.1275,none,"[1, 128, 3072]","[1, 128, 3072]",974.89,0.0,1.5,cpu_perf_counter,cpu
42,transformer.layer.3.ffn.lin2,Linear,1.4428,0.375,603979776.0,2360064,0,37,1.4436,counter,"[1, 128, 3072]","[1, 128, 768]",974.89,0.0,0.375,cpu_perf_counter,cpu
42,transformer.layer.3.output_layer_norm,LayerNorm,0.0412,0.375,491520.0,1536,0,38,0.042,analytic,"[1, 128, 768]","[1, 128, 768]",974.89,0.0,0.375,cpu_perf_counter,cpu
42,transformer.layer.4.attention.q_lin,Linear,0.3855,0.375,150994944.0,590592,0,39,0.3863,counter,"[1, 128, 768]","[1, 128, 768]",974.89,0.0,0.375,cpu_perf_counter,cpu
42,transformer.layer.4.attention.k_lin,Linear,0.3515,0.375,150994944.0,590592,0,40,0.3523,counter,"[1, 128, 768]","[1, 128, 768]",974.89,0.0,0.375,cpu_perf_counter,cpu
42,transformer.layer.4.attention.v_lin,Linear,0.3545,0.375,150994944.0,590592,0,41,0.3553,counter,"[1, 128, 768]","[1, 128, 768]",974.89,0.0,0.375,cpu_perf_counter,cpu
42,transformer.layer.4.attention.out_lin,Linear,0.3618,0.375,150994944.0,590592,0,42,0.3626,counter,"[1, 128, 768]","[1, 128, 768]",974.89,0.0,0.375,cpu_perf_counter,cpu
42,transformer.layer.4.sa_layer_norm,LayerNorm,0.0288,0.375,491520.0,1536,0,43,0.0296,analytic,"[1, 128, 768]","[1, 128, 768]",974.89,0.0,0.375,cpu_perf_counter,cpu
42,transformer.layer.4.ffn.lin1,Linear,1.5345,1.5,603979776.0,2362368,0,44,1.5353,counter,"[1, 128, 768]","[1, 128, 3072]",974.89,0.0,1.5,cpu_perf_counter,cpu
42,transformer.layer.4.ffn.activation,GELUActivation,0.1128,1.5,0.0,0,0,45,0.1136,none,"[1, 128, 3072]","[1, 128, 3072]",974.89,0.0,1.5,cpu_perf_counter,cpu
42,transformer.layer.4.ffn.lin2,Linear,1.4727,0.375,603979776.0,2360064,0,46,1.4735,counter,"[1, 128, 3072]","[1, 128, 768]",974.89,0.0,0.375,cpu_perf_counter,cpu
42,transformer.layer.4.output_layer_norm,LayerNorm,0.0375,0.375,491520.0,1536,0,47,0.0383,analytic,"[1, 128, 768]","[1, 128, 768]",974.89,0.0,0.375,cpu_perf_counter,cpu
42,transformer.layer.5.attention.q_lin,Linear,0.3706,0.375,150994944.0,590592,0,48,0.3714,counter,"[1, 128, 768]","[1, 128, 768]",974.89,0.0,0.375,cpu_perf_counter,cpu
42,transformer.layer.5.attention.k_lin,Linear,0.346,0.375,150994944.0,590592,0,49,0.3468,counter,"[1, 128, 768]","[1, 128, 768]",974.89,0.0,0.375,cpu_perf_counter,cpu
42,transformer.layer.5.attention.v_lin,Linear,0.3506,0.375,150994944.0,590592,0,50,0.3514,counter,"[1, 128, 768]","[1, 128, 768]",974.89,0.0,0.375,cpu_perf_counter,cpu
42,transformer.layer.5.attention.out_lin,Linear,0.3597,0.375,150994944.0,590592,0,51,0.3605,counter,"[1, 128, 768]","[1, 128, 768]",974.89,0.0,0.375,cpu_perf_counter,cpu
42,transformer.layer.5.sa_layer_norm,LayerNorm,0.0286,0.375,491520.0,1536,0,52,0.0294,analytic,"[1, 128, 768]","[1, 128, 768]",974.89,0.0,0.375,cpu_perf_counter,cpu
42,transformer.layer.5.ffn.lin1,Linear,1.582,1.5,603979776.0,2362368,0,53,1.5828,counter,"[1, 128, 768]","[1, 128, 3072]",974.89,0.0,1.5,cpu_perf_counter,cpu
42,transformer.layer.5.ffn.activation,GELUActivation,0.1284,1.5,0.0,0,0,54,0.1292,none,"[1, 128, 3072]","[1, 128, 3072]",974.89,0.0,1.5,cpu_perf_counter,cpu
42,transformer.layer.5.ffn.lin2,Linear,1.4971,0.375,603979776.0,2360064,0,55,1.4979,counter,"[1, 128, 3072]","[1, 128, 768]",974.89,0.0,0.375,cpu_perf_counter,cpu
42,transformer.layer.5.output_layer_norm,LayerNorm,0.0412,0.375,491520.0,1536,0,56,0.042,analytic,"[1, 128, 768]","[1, 128, 768]",974.89,0.0,0.375,cpu_perf_counter,cpu
43,embeddings.word_embeddings,Embedding,0.0589,0.375,0.0,23440896,0,0,0.0597,none,"[1, 128]","[1, 128, 768]",974.89,0.0,0.375,cpu_perf_counter,cpu
43,embeddings.position_embeddings,Embedding,0.0225,0.375,0.0,393216,0,1,0.0233,none,"[1, 128]","[1, 128, 768]",974.89,0.0,0.375,cpu_perf_counter,cpu
43,embeddings.LayerNorm,LayerNorm,0.0272,0.375,491520.0,1536,0,2,0.028,analytic,"[1, 128, 768]","[1, 128, 768]",974.89,0.0,0.375,cpu_perf_counter,cpu
43,transformer.layer.0.attention.q_lin,Linear,0.3813,0.375,150994944.0,590592,0,3,0.3821,counter,"[1, 128, 768]","[1, 128, 768]",974.89,0.0,0.375,cpu_perf_counter,cpu
43,transformer.layer.0.attention.k_lin,Linear,0.3587,0.375,150994944.0,590592,0,4,0.3595,counter,"[1, 128, 768]","[1, 128, 768]",974.89,0.0,0.375,cpu_perf_counter,cpu
43,transformer.layer.0.attention.v_lin,Linear,0.3554,0.375,150994944.0,590592,0,5,0.3562,counter,"[1, 128, 768]","[1, 128, 768]",974.89,0.0,0.375,cpu_perf_counter,cpu
43,transformer.layer.0.attention.out_lin,Linear,0.3691,0.375,150994944.0,590592,0,6,0.3699,counter,"[1, 128, 768]","[1, 128, 768]",974.89,0.0,0.375,cpu_perf_counter,cpu
43,transformer.layer.0.sa_layer_norm,LayerNorm,0.0395,0.375,491520.0,1536,0,7,0.0403,analytic,"[1, 128, 768]","[1, 128, 768]",974.89,0.0,0.375,cpu_perf_counter,cpu
43,transformer.layer.0.ffn.lin1,Linear,1.5607,1.5,603979776.0,2362368,0,8,1.5615,counter,"[1, 128, 768]","[1, 128, 3072]",974.89,0.0,1.5,cpu_perf_counter,cpu
43,transformer.layer.0.ffn.activation,GELUActivation,0.1292,1.5,0.0,0,0,9,0.13,none,"[1, 128, 3072]","[1, 128, 3072]",974.89,0.0,1.5,cpu_perf_counter,cpu
43,transformer.layer.0.ffn.lin2,Linear,1.4361,0.375,603979776.0,2360064,0,10,1.4369,counter,"[1, 128, 3072]","[1, 128, 768]",974.89,0.0,0.375,cpu_perf_counter,cpu
43,transformer.layer.0.output_layer_norm,LayerNorm,0.0419,0.375,491520.0,1536,0,11,0.0427,analytic,"[1, 128, 768]","[1, 128, 768]",974.89,0.0,0.375,cpu_perf_counter,cpu
43,transformer.layer.1.attention.q_lin,Linear,0.3873,0.375,150994944.0,590592,0,12,0.3881,counter,"[1, 128, 768]","[1, 128, 768]",974.89,0.0,0.375,cpu_perf_counter,cpu
43,transformer.layer.1.attention.k_lin,Linear,0.3596,0.375,150994944.0,590592,0,13,0.3604,counter,"[1, 128, 768]","[1, 128, 768]",974.89,0.0,0.375,cpu_perf_counter,cpu
43,transformer.layer.1.attention.v_lin,Linear,0.3587,0.375,150994944.0,590592,0,14,0.3595,counter,"[1, 128, 768]","[1, 128, 768]",974.89,0.0,0.375,cpu_perf_counter,cpu
43,transformer.layer.1.attention.out_lin,Linear,0.3687,0.375,150994944.0,590592,0,15,0.3695,counter,"[1, 128, 768]","[1, 128, 768]",974.89,0.0,0.375,cpu_perf_counter,cpu
43,transformer.layer.1.sa_layer_norm,LayerNorm,0.031,0.375,491520.0,1536,0,16,0.0318,analytic,"[1, 128, 768]","[1, 128, 768]",974.89,0.0,0.375,cpu_perf_counter,cpu
43,transformer.layer.1.ffn.lin1,Linear,1.551,1.5,603979776.0,2362368,0,17,1.5518,counter,"[1, 128, 768]","[1, 128, 3072]",974.89,0.0,1.5,cpu_perf_counter,cpu
43,transformer.layer.1.ffn.activation,GELUActivation,0.1472,1.5,0.0,0,0,18,0.148,none,"[1, 128, 3072]","[1, 128, 3072]",974.89,0.0,1.5,cpu_perf_counter,cpu
43,transformer.layer.1.ffn.lin2,Linear,1.4094,0.375,603979776.0,2360064,0,19,1.4102,counter,"[1, 128, 3072]","[1, 128, 768]",974.89,0.0,0.375,cpu_perf_counter,cpu
43,transformer.layer.1.output_layer_norm,LayerNorm,0.0381,0.375,491520.0,1536,0,20,0.0389,analytic,"[1, 128, 768]","[1, 128, 768]",974.89,0.0,0.375,cpu_perf_counter,cpu
43,transformer.layer.2.attention.q_lin,Linear,0.3731,0.375,150994944.0,590592,0,21,0.3739,counter,"[1, 128, 768]","[1, 128, 768]",974.89,0.0,0.375,cpu_perf_counter,cpu
43,transformer.layer.2.attention.k_lin,Linear,0.3469,0.375,150994944.0,590592,0,22,0.3477,counter,"[1, 128, 768]","[1, 128, 768]",974.89,0.0,0.375,cpu_perf_counter,cpu
43,transformer.layer.2.attention.v_lin,Linear,0.3412,0.375,150994944.0,590592,0,23,0.342,counter,"[1, 128, 768]","[1, 128, 768]",974.89,0.0,0.375,cpu_perf_counter,cpu
43,transformer.layer.2.attention.out_lin,Linear,0.3686,0.375,150994944.0,590592,0,24,0.3694,counter,"[1, 128, 768]","[1, 128, 768]",974.89,0.0,0.375,cpu_perf_counter,cpu
43,transformer.layer.2.sa_layer_norm,LayerNorm,0.0286,0.375,491520.0,1536,0,25,0.0294,analytic,"[1, 128, 768]","[1, 128, 768]",974.89,0.0,0.375,cpu_perf_counter,cpu
43,transformer.layer.2.ffn.lin1,Linear,1.5303,1.5,603979776.0,2362368,0,26,1.5311,counter,"[1, 128, 768]","[1, 128, 3072]",974.89,0.0,1.5,cpu_perf_counter,cpu
43,transformer.layer.2.ffn.activation,GELUActivation,0.1264,1.5,0.0,0,0,27,0.1272,none,"[1, 128, 3072]","[1, 128, 3072]",974.89,0.0,1.5,cpu_perf_counter,cpu
43,transformer.layer.2.ffn.lin2,Linear,1.4038,0.375,603979776.0,2360064,0,28,1.4046,counter,"[1, 128, 3072]","[1, 128, 768]",974.89,0.0,0.375,cpu_perf_counter,cpu
43,transformer.layer.2.output_layer_norm,LayerNorm,0.0395,0.375,491520.0,1536,0,29,0.0403,analytic,"[1, 128, 768]","[1, 128, 768]",974.89,0.0,0.375,cpu_perf_counter,cpu
43,transformer.layer.3.attention.q_lin,Linear,0.3786,0.375,150994944.0,590592,0,30,0.3794,counter,"[1, 128, 768]","[1, 128, 768]",974.89,0.0,0.375,cpu_perf_counter,cpu
43,transformer.layer.3.attention.k_lin,Linear,0.3573,0.375,150994944.0,590592,0,31,0.3581,counter,"[1, 128, 768]","[1, 128, 768]",974.89,0.0,0.375,cpu_perf_counter,cpu
43,transformer.layer.3.attention.v_lin,Linear,0.3604,0.375,150994944.0,590592,0,32,0.3612,counter,"[1, 128, 768]","[1, 128, 768]",974.89,0.0,0.375,cpu_perf_counter,cpu
43,transformer.layer.3.attention.out_lin,Linear,0.3629,0.375,150994944.0,590592,0,33,0.3637,counter,"[1, 128, 768]","[1, 128, 768]",974.89,0.0,0.375,cpu_perf_counter,cpu
43,transformer.layer.3.sa_layer_norm,LayerNorm,0.0301,0.375,491520.0,1536,0,34,0.0309,analytic,"[1, 128, 768]","[1, 128, 768]",974.89,0.0,0.375,cpu_perf_counter,cpu
43,transformer.layer.3.ffn.lin1,Linear,1.5226,1.5,603979776.0,2362368,0,35,1.5234,counter,"[1, 128, 768]","[1, 128, 3072]",974.89,0.0,1.5,cpu_perf_counter,cpu
43,transformer.layer.3.ffn.activation,GELUActivation,0.1197,1.5,0.0,0,0,36,0.1205,none,"[1, 128, 3072]","[1, 128, 3072]",974.89,0.0,1.5,cpu_perf_counter,cpu
43,transformer.layer.3.ffn.lin2,Linear,1.444,0.375,603979776.0,2360064,0,37,1.4448,counter,"[1, 128, 3072]","[1, 128, 768]",974.89,0.0,0.375,cpu_perf_counter,cpu
43,transformer.layer.3.output_layer_norm,LayerNorm,0.0408,0.375,491520.0,1536,0,38,0.0416,analytic,"[1, 128, 768]","[1, 128, 768]",974.89,0.0,0.375,cpu_perf_counter,cpu
43,transformer.layer.4.attention.q_lin,Linear,0.3758,0.375,150994944.0,590592,0,39,0.3766,counter,"[1, 128, 768]","[1, 128, 768]",974.89,0.0,0.375,cpu_perf_counter,cpu
43,transformer.layer.4.attention.k_lin,Linear,0.3587,0.375,150994944.0,590592,0,40,0.3595,counter,"[1, 128, 768]","[1, 128, 768]",974.89,0.0,0.375,cpu_perf_counter,cpu
43,transformer.layer.4.attention.v_lin,Linear,0.3518,0.375,150994944.0,590592,0,41,0.3526,counter,"[1, 128, 768]","[1, 128, 768]",974.89,0.0,0.375,cpu_perf_counter,cpu
43,transformer.layer.4.attention.out_lin,Linear,0.3591,0.375,150994944.0,590592,0,42,0.3599,counter,"[1, 128, 768]","[1, 128, 768]",974.89,0.0,0.375,cpu_perf_counter,cpu
43,transformer.layer.4.sa_layer_norm,LayerNorm,0.028,0.375,491520.0,1536,0,43,0.0288,analytic,"[1, 128, 768]","[1, 128, 768]",974.89,0.0,0.375,cpu_perf_counter,cpu
43,transformer.layer.4.ffn.lin1,Linear,1.5328,1.5,603979776.0,2362368,0,44,1.5336,counter,"[1, 128, 768]","[1, 128, 3072]",974.89,0.0,1.5,cpu_perf_counter,cpu
43,transformer.layer.4.ffn.activation,GELUActivation,0.1201,1.5,0.0,0,0,45,0.1209,none,"[1, 128, 3072]","[1, 128, 3072]",974.89,0.0,1.5,cpu_perf_counter,cpu
43,transformer.layer.4.ffn.lin2,Linear,1.408,0.375,603979776.0,2360064,0,46,1.4088,counter,"[1, 128, 3072]","[1, 128, 768]",974.89,0.0,0.375,cpu_perf_counter,cpu
43,transformer.layer.4.output_layer_norm,LayerNorm,0.0381,0.375,491520.0,1536,0,47,0.0389,analytic,"[1, 128, 768]","[1, 128, 768]",974.89,0.0,0.375,cpu_perf_counter,cpu
43,transformer.layer.5.attention.q_lin,Linear,0.3717,0.375,150994944.0,590592,0,48,0.3725,counter,"[1, 128, 768]","[1, 128, 768]",974.89,0.0,0.375,cpu_perf_counter,cpu
43,transformer.layer.5.attention.k_lin,Linear,0.3648,0.375,150994944.0,590592,0,49,0.3656,counter,"[1, 128, 768]","[1, 128, 768]",974.89,0.0,0.375,cpu_perf_counter,cpu
43,transformer.layer.5.attention.v_lin,Linear,0.3497,0.375,150994944.0,590592,0,50,0.3505,counter,"[1, 128, 768]","[1, 128, 768]",974.89,0.0,0.375,cpu_perf_counter,cpu
43,transformer.layer.5.attention.out_lin,Linear,0.3503,0.375,150994944.0,590592,0,51,0.3511,counter,"[1, 128, 768]","[1, 128, 768]",974.89,0.0,0.375,cpu_perf_counter,cpu
43,transformer.layer.5.sa_layer_norm,LayerNorm,0.0276,0.375,491520.0,1536,0,52,0.0284,analytic,"[1, 128, 768]","[1, 128, 768]",974.89,0.0,0.375,cpu_perf_counter,cpu
43,transformer.layer.5.ffn.lin1,Linear,1.5265,1.5,603979776.0,2362368,0,53,1.5273,counter,"[1, 128, 768]","[1, 128, 3072]",974.89,0.0,1.5,cpu_perf_counter,cpu
43,transformer.layer.5.ffn.activation,GELUActivation,0.126,1.5,0.0,0,0,54,0.1268,none,"[1, 128, 3072]","[1, 128, 3072]",974.89,0.0,1.5,cpu_perf_counter,cpu
43,transformer.layer.5.ffn.lin2,Linear,1.4842,0.375,603979776.0,2360064,0,55,1.485,counter,"[1, 128, 3072]","[1, 128, 768]",974.89,0.0,0.375,cpu_perf_counter,cpu
43,transformer.layer.5.output_layer_norm,LayerNorm,0.0411,0.375,491520.0,1536,0,56,0.0419,analytic,"[1, 128, 768]","[1, 128, 768]",974.89,0.0,0.375,cpu_perf_counter,cpu
44,embeddings.word_embeddings,Embedding,0.0527,0.375,0.0,23440896,0,0,0.0535,none,"[1, 128]","[1, 128, 768]",974.89,0.0,0.375,cpu_perf_counter,cpu
44,embeddings.position_embeddings,Embedding,0.0213,0.375,0.0,393216,0,1,0.0221,none,"[1, 128]","[1, 128, 768]",974.89,0.0,0.375,cpu_perf_counter,cpu
44,embeddings.LayerNorm,LayerNorm,0.0252,0.375,491520.0,1536,0,2,0.026,analytic,"[1, 128, 768]","[1, 128, 768]",974.89,0.0,0.375,cpu_perf_counter,cpu
44,transformer.layer.0.attention.q_lin,Linear,0.365,0.375,150994944.0,590592,0,3,0.3658,counter,"[1, 128, 768]","[1, 128, 768]",974.89,0.0,0.375,cpu_perf_counter,cpu
44,transformer.layer.0.attention.k_lin,Linear,0.3492,0.375,150994944.0,590592,0,4,0.35,counter,"[1, 128, 768]","[1, 128, 768]",974.89,0.0,0.375,cpu_perf_counter,cpu
44,transformer.layer.0.attention.v_lin,Linear,0.3456,0.375,150994944.0,590592,0,5,0.3464,counter,"[1, 128, 768]","[1, 128, 768]",974.89,0.0,0.375,cpu_perf_counter,cpu
44,transformer.layer.0.attention.out_lin,Linear,0.3561,0.375,150994944.0,590592,0,6,0.3569,counter,"[1, 128, 768]","[1, 128, 768]",974.89,0.0,0.375,cpu_perf_counter,cpu
44,transformer.layer.0.sa_layer_norm,LayerNorm,0.0294,0.375,491520.0,1536,0,7,0.0302,analytic,"[1, 128, 768]","[1, 128, 768]",974.89,0.0,0.375,cpu_perf_counter,cpu
44,transformer.layer.0.ffn.lin1,Linear,1.5363,1.5,603979776.0,2362368,0,8,1.5371,counter,"[1, 128, 768]","[1, 128, 3072]",974.89,0.0,1.5,cpu_perf_counter,cpu
44,transformer.layer.0.ffn.activation,GELUActivation,0.1244,1.5,0.0,0,0,9,0.1252,none,"[1, 128, 3072]","[1, 128, 3072]",974.89,0.0,1.5,cpu_perf_counter,cpu
44,transformer.layer.0.ffn.lin2,Linear,1.4118,0.375,603979776.0,2360064,0,10,1.4126,counter,"[1, 128, 3072]","[1, 128, 768]",974.89,0.0,0.375,cpu_perf_counter,cpu
44,transformer.layer.0.output_layer_norm,LayerNorm,0.0396,0.375,491520.0,1536,0,11,0.0404,analytic,"[1, 128, 768]","[1, 128, 768]",974.89,0.0,0.375,cpu_perf_counter,cpu
44,transformer.layer.1.attention.q_lin,Linear,0.3754,0.375,150994944.0,590592,0,12,0.3762,counter,"[1, 128, 768]","[1, 128, 768]",974.89,0.0,0.375,cpu_perf_counter,cpu
44,transformer.layer.1.attention.k_lin,Linear,0.3547,0.375,150994944.0,590592,0,13,0.3555,counter,"[1, 128, 768]","[1, 128, 768]",974.89,0.0,0.375,cpu_perf_counter,cpu
44,transformer.layer.1.attention.v_lin,Linear,0.3644,0.375,150994944.0,590592,0,14,0.3652,counter,"[1, 128, 768]","[1, 128, 768]",974.89,0.0,0.375,cpu_perf_counter,cpu
44,transformer.layer.1.attention.out_lin,Linear,0.3575,0.375,150994944.0,590592,0,15,0.3583,counter,"[1, 128, 768]","[1, 128, 768]",974.89,0.0,0.375,cpu_perf_counter,cpu
44,transformer.layer.1.sa_layer_norm,LayerNorm,0.0313,0.375,491520.0,1536,0,16,0.0321,analytic,"[1, 128, 768]","[1, 128, 768]",974.89,0.0,0.375,cpu_perf_counter,cpu
44,transformer.layer.1.ffn.lin1,Linear,1.4846,1.5,603979776.0,2362368,0,17,1.4854,counter,"[1, 128, 768]","[1, 128, 3072]",974.89,0.0,1.5,cpu_perf_counter,cpu
44,transformer.layer.1.ffn.activation,GELUActivation,0.1332,1.5,0.0,0,0,18,0.134,none,"[1, 128, 3072]","[1, 128, 3072]",974.89,0.0,1.5,cpu_perf_counter,cpu
44,transformer.layer.1.ffn.lin2,Linear,1.4066,0.375,603979776.0,2360064,0,19,1.4074,counter,"[1, 128, 3072]","[1, 128, 768]",974.89,0.0,0.375,cpu_perf_counter,cpu
44,transformer.layer.1.output_layer_norm,LayerNorm,0.0386,0.375,491520.0,1536,0,20,0.0394,analytic,"[1, 128, 768]","[1, 128, 768]",974.89,0.0,0.375,cpu_perf_counter,cpu
44,transformer.layer.2.attention.q_lin,Linear,0.3798,0.375,150994944.0,590592,0,21,0.3806,counter,"[1, 128, 768]","[1, 128, 768]",974.89,0.0,0.375,cpu_perf_counter,cpu
44,transformer.layer.2.attention.k_lin,Linear,0.314,0.375,150994944.0,590592,0,22,0.3148,counter,"[1, 128, 768]","[1, 128, 768]",974.89,0.0,0.375,cpu_perf_counter,cpu
44,transformer.layer.2.attention.v_lin,Linear,0.2354,0.375,150994944.0,590592,0,23,0.2362,counter,"[1, 128, 768]","[1, 128, 768]",974.89,0.0,0.375,cpu_perf_counter,cpu
44,transformer.layer.2.attention.out_lin,Linear,0.2671,0.375,150994944.0,590592,0,24,0.2679,counter,"[1, 128, 768]","[1, 128, 768]",974.89,0.0,0.375,cpu_perf_counter,cpu
44,transformer.layer.2.sa_layer_norm,LayerNorm,0.0275,0.375,491520.0,1536,0,25,0.0283,analytic,"[1, 128, 768]","[1, 128, 768]",974.89,0.0,0.375,cpu_perf_counter,cpu
44,transformer.layer.2.ffn.lin1,Linear,1.3645,1.5,603979776.0,2362368,0,26,1.3653,counter,"[1, 128, 768]","[1, 128, 3072]",974.89,0.0,1.5,cpu_perf_counter,cpu
44,transformer.layer.2.ffn.activation,GELUActivation,0.125,1.5,0.0,0,0,27,0.1258,none,"[1, 128, 3072]","[1, 128, 3072]",974.89,0.0,1.5,cpu_perf_counter,cpu
44,transformer.layer.2.ffn.lin2,Linear,1.3496,0.375,603979776.0,2360064,0,28,1.3504,counter,"[1, 128, 3072]","[1, 128, 768]",974.89,0.0,0.375,cpu_perf_counter,cpu
44,transformer.layer.2.output_layer_norm,LayerNorm,0.0731,0.375,491520.0,1536,0,29,0.0739,analytic,"[1, 128, 768]","[1, 128, 768]",974.89,0.0,0.375,cpu_perf_counter,cpu
44,transformer.layer.3.attention.q_lin,Linear,0.432,0.375,150994944.0,590592,0,30,0.4328,counter,"[1, 128, 768]","[1, 128, 768]",974.89,0.0,0.375,cpu_perf_counter,cpu
44,transformer.layer.3.attention.k_lin,Linear,0.3875,0.375,150994944.0,590592,0,31,0.3883,counter,"[1, 128, 768]","[1, 128, 768]",974.89,0.0,0.375,cpu_perf_counter,cpu
44,transformer.layer.3.attention.v_lin,Linear,0.3654,0.375,150994944.0,590592,0,32,0.3662,counter,"[1, 128, 768]","[1, 128, 768]",974.89,0.0,0.375,cpu_perf_counter,cpu
44,transformer.layer.3.attention.out_lin,Linear,0.3638,0.375,150994944.0,590592,0,33,0.3646,counter,"[1, 128, 768]","[1, 128, 768]",974.89,0.0,0.375,cpu_perf_counter,cpu
44,transformer.layer.3.sa_layer_norm,LayerNorm,0.0332,0.375,491520.0,1536,0,34,0.034,analytic,"[1, 128, 768]","[1, 128, 768]",974.89,0.0,0.375,cpu_perf_counter,cpu
44,transformer.layer.3.ffn.lin1,Linear,1.5263,1.5,603979776.0,2362368,0,35,1.5271,counter,"[1, 128, 768]","[1, 128, 3072]",974.89,0.0,1.5,cpu_perf_counter,cpu
44,transformer.layer.3.ffn.activation,GELUActivation,0.1185,1.5,0.0,0,0,36,0.1193,none,"[1, 128, 3072]","[1, 128, 3072]",974.89,0.0,1.5,cpu_perf_counter,cpu
44,transformer.layer.3.ffn.lin2,Linear,1.4306,0.375,603979776.0,2360064,0,37,1.4314,counter,"[1, 128, 3072]","[1, 128, 768]",974.89,0.0,0.375,cpu_perf_counter,cpu
44,transformer.layer.3.output_layer_norm,LayerNorm,0.0375,0.375,491520.0,1536,0,38,0.0383,analytic,"[1, 128, 768]","[1, 128, 768]",974.89,0.0,0.375,cpu_perf_counter,cpu
44,transformer.layer.4.attention.q_lin,Linear,0.3832,0.375,150994944.0,590592,0,39,0.384,counter,"[1, 128, 768]","[1, 128, 768]",974.89,0.0,0.375,cpu_perf_counter,cpu
44,transformer.layer.4.attention.k_lin,Linear,0.3585,0.375,150994944.0,590592,0,40,0.3593,counter,"[1, 128, 768]","[1, 128, 768]",974.89,0.0,0.375,cpu_perf_counter,cpu
44,transformer.layer.4.attention.v_lin,Linear,0.355,0.375,150994944.0,590592,0,41,0.3558,counter,"[1, 128, 768]","[1, 128, 768]",974.89,0.0,0.375,cpu_perf_counter,cpu
44,transformer.layer.4.attention.out_lin,Linear,0.3529,0.375,150994944.0,590592,0,42,0.3537,counter,"[1, 128, 768]","[1, 128, 768]",974.89,0.0,0.375,cpu_perf_counter,cpu
44,transformer.layer.4.sa_layer_norm,LayerNorm,0.0262,0.375,491520.0,1536,0,43,0.027,analytic,"[1, 128, 768]","[1, 128, 768]",974.89,0.0,0.375,cpu_perf_counter,cpu
44,transformer.layer.4.ffn.lin1,Linear,1.5158,1.5,603979776.0,2362368,0,44,1.5166,counter,"[1, 128, 768]","[1, 128, 3072]",974.89,0.0,1.5,cpu_perf_counter,cpu
44,transformer.layer.4.ffn.activation,GELUActivation,0.1144,1.5,0.0,0,0,45,0.1152,none,"[1, 128, 3072]","[1, 128, 3072]",974.89,0.0,1.5,cpu_perf_counter,cpu
44,transformer.layer.4.ffn.lin2,Linear,1.4527,0.375,603979776.0,2360064,0,46,1.4535,counter,"[1, 128, 3072]","[1, 128, 768]",974.89,0.0,0.375,cpu_perf_counter,cpu
44,transformer.layer.4.output_layer_norm,LayerNorm,0.0393,0.375,491520.0,1536,0,47,0.0401,analytic,"[1, 128, 768]","[1, 128, 768]",974.89,0.0,0.375,cpu_perf_counter,cpu
44,transformer.layer.5.attention.q_lin,Linear,0.3799,0.375,150994944.0,590592,0,48,0.3807,counter,"[1, 128, 768]","[1, 128, 768]",974.89,0.0,0.375,cpu_perf_counter,cpu
44,transformer.layer.5.attention.k_lin,Linear,0.3563,0.375,150994944.0,590592,0,49,0.3571,counter,"[1, 128, 768]","[1, 128, 768]",974.89,0.0,0.375,cpu_perf_counter,cpu
44,transformer.layer.5.attention.v_lin,Linear,0.3619,0.375,150994944.0,590592,0,50,0.3627,counter,"[1, 128, 768]","[1, 128, 768]",974.89,0.0,0.375,cpu_perf_counter,cpu
44,transformer.layer.5.attention.out_lin,Linear,0.3622,0.375,150994944.0,590592,0,51,0.363,counter,"[1, 128, 768]","[1, 128, 768]",974.89,0.0,0.375,cpu_perf_counter,cpu
44,transformer.layer.5.sa_layer_norm,LayerNorm,0.0291,0.375,491520.0,1536,0,52,0.0299,analytic,"[1, 128, 768]","[1, 128, 768]",974.89,0.0,0.375,cpu_perf_counter,cpu
44,transformer.layer.5.ffn.lin1,Linear,1.5416,1.5,603979776.0,2362368,0,53,1.5424,counter,"[1, 128, 768]","[1, 128, 3072]",974.89,0.0,1.5,cpu_perf_counter,cpu
44,transformer.layer.5.ffn.activation,GELUActivation,0.119,1.5,0.0,0,0,54,0.1198,none,"[1, 128, 3072]","[1, 128, 3072]",974.89,0.0,1.5,cpu_perf_counter,cpu
44,transformer.layer.5.ffn.lin2,Linear,1.4532,0.375,603979776.0,2360064,0,55,1.454,counter,"[1, 128, 3072]","[1, 128, 768]",974.89,0.0,0.375,cpu_perf_counter,cpu
44,transformer.layer.5.output_layer_norm,LayerNorm,0.0514,0.375,491520.0,1536,0,56,0.0522,analytic,"[1, 128, 768]","[1, 128, 768]",974.89,0.0,0.375,cpu_perf_counter,cpu
45,embeddings.word_embeddings,Embedding,0.0577,0.375,0.0,23440896,0,0,0.0585,none,"[1, 128]","[1, 128, 768]",974.89,0.0,0.375,cpu_perf_counter,cpu
45,embeddings.position_embeddings,Embedding,0.0216,0.375,0.0,393216,0,1,0.0224,none,"[1, 128]","[1, 128, 768]",974.89,0.0,0.375,cpu_perf_counter,cpu
45,embeddings.LayerNorm,LayerNorm,0.0275,0.375,491520.0,1536,0,2,0.0283,analytic,"[1, 128, 768]","[1, 128, 768]",974.89,0.0,0.375,cpu_perf_counter,cpu
45,transformer.layer.0.attention.q_lin,Linear,0.3711,0.375,150994944.0,590592,0,3,0.3719,counter,"[1, 128, 768]","[1, 128, 768]",974.89,0.0,0.375,cpu_perf_counter,cpu
45,transformer.layer.0.attention.k_lin,Linear,0.3451,0.375,150994944.0,590592,0,4,0.3459,counter,"[1, 128, 768]","[1, 128, 768]",974.89,0.0,0.375,cpu_perf_counter,cpu
45,transformer.layer.0.attention.v_lin,Linear,0.3462,0.375,150994944.0,590592,0,5,0.347,counter,"[1, 128, 768]","[1, 128, 768]",974.89,0.0,0.375,cpu_perf_counter,cpu
45,transformer.layer.0.attention.out_lin,Linear,0.3571,0.375,150994944.0,590592,0,6,0.3579,counter,"[1, 128, 768]","[1, 128, 768]",974.89,0.0,0.375,cpu_perf_counter,cpu
45,transformer.layer.0.sa_layer_norm,LayerNorm,0.0257,0.375,491520.0,1536,0,7,0.0265,analytic,"[1, 128, 768]","[1, 128, 768]",974.89,0.0,0.375,cpu_perf_counter,cpu
45,transformer.layer.0.ffn.lin1,Linear,1.5043,1.5,603979776.0,2362368,0,8,1.5051,counter,"[1, 128, 768]","[1, 128, 3072]",974.89,0.0,1.5,cpu_perf_counter,cpu
45,transformer.layer.0.ffn.activation,GELUActivation,0.1272,1.5,0.0,0,0,9,0.128,none,"[1, 128, 3072]","[1, 128, 3072]",974.89,0.0,1.5,cpu_perf_counter,cpu
45,transformer.layer.0.ffn.lin2,Linear,1.4551,0.375,603979776.0,2360064,0,10,1.4559,counter,"[1, 128, 3072]","[1, 128, 768]",974.89,0.0,0.375,cpu_perf_counter,cpu
45,transformer.layer.0.output_layer_norm,LayerNorm,0.036,0.375,491520.0,1536,0,11,0.0368,analytic,"[1, 128, 768]","[1, 128, 768]",974.89,0.0,0.375,cpu_perf_counter,cpu
45,transformer.layer.1.attention.q_lin,Linear,0.3707,0.375,150994944.0,590592,0,12,0.3715,counter,"[1, 128, 768]","[1, 128, 768]",974.89,0.0,0.375,cpu_perf_counter,cpu
45,transformer.layer.1.attention.k_lin,Linear,0.352,0.375,150994944.0,590592,0,13,0.3528,counter,"[1, 128, 768]","[1, 128, 768]",974.89,0.0,0.375,cpu_perf_counter,cpu
45,transformer.layer.1.attention.v_lin,Linear,0.3434,0.375,150994944.0,590592,0,14,0.3442,counter,"[1, 128, 768]","[1, 128, 768]",974.89,0.0,0.375,cpu_perf_counter,cpu
45,transformer.layer.1.attention.out_lin,Linear,0.3551,0.375,150994944.0,590592,0,15,0.3559,counter,"[1, 128, 768]","[1, 128, 768]",974.89,0.0,0.375,cpu_perf_counter,cpu
45,transformer.layer.1.sa_layer_norm,LayerNorm,0.0281,0.375,491520.0,1536,0,16,0.0289,analytic,"[1, 128, 768]","[1, 128, 768]",974.89,0.0,0.375,cpu_perf_counter,cpu
45,transformer.layer.1.ffn.lin1,Linear,1.5214,1.5,603979776.0,2362368,0,17,1.5222,counter,"[1, 128, 768]","[1, 128, 3072]",974.89,0.0,1.5,cpu_perf_counter,cpu
45,transformer.layer.1.ffn.activation,GELUActivation,0.1168,1.5,0.0,0,0,18,0.1176,none,"[1, 128, 3072]","[1, 128, 3072]",974.89,0.0,1.5,cpu_perf_counter,cpu
45,transformer.layer.1.ffn.lin2,Linear,1.4558,0.375,603979776.0,2360064,0,19,1.4566,counter,"[1, 128, 3072]","[1, 128, 768]",974.89,0.0,0.375,cpu_perf_counter,cpu
45,transformer.layer.1.output_layer_norm,LayerNorm,0.0384,0.375,491520.0,1536,0,20,0.0392,analytic,"[1, 128, 768]","[1, 128, 768]",974.89,0.0,0.375,cpu_perf_counter,cpu
45,transformer.layer.2.attention.q_lin,Linear,0.3801,0.375,150994944.0,590592,0,21,0.3809,counter,"[1, 128, 768]","[1, 128, 768]",974.89,0.0,0.375,cpu_perf_counter,cpu
45,transformer.layer.2.attention.k_lin,Linear,0.37,0.375,150994944.0,590592,0,22,0.3708,counter,"[1, 128, 768]","[1, 128, 768]",974.89,0.0,0.375,cpu_perf_counter,cpu
45,transformer.layer.2.attention.v_lin,Linear,0.3618,0.375,150994944.0,590592,0,23,0.3626,counter,"[1, 128, 768]","[1, 128, 768]",974.89,0.0,0.375,cpu_perf_counter,cpu
45,transformer.layer.2.attention.out_lin,Linear,0.3845,0.375,150994944.0,590592,0,24,0.3853,counter,"[1, 128, 768]","[1, 128, 768]",974.89,0.0,0.375,cpu_perf_counter,cpu
45,transformer.layer.2.sa_layer_norm,LayerNorm,0.0288,0.375,491520.0,1536,0,25,0.0296,analytic,"[1, 128, 768]","[1, 128, 768]",974.89,0.0,0.375,cpu_perf_counter,cpu
45,transformer.layer.2.ffn.lin1,Linear,1.4988,1.5,603979776.0,2362368,0,26,1.4996,counter,"[1, 128, 768]","[1, 128, 3072]",974.89,0.0,1.5,cpu_perf_counter,cpu
45,transformer.layer.2.ffn.activation,GELUActivation,0.121,1.5,0.0,0,0,27,0.1218,none,"[1, 128, 3072]","[1, 128, 3072]",974.89,0.0,1.5,cpu_perf_counter,cpu
45,transformer.layer.2.ffn.lin2,Linear,1.2134,0.375,603979776.0,2360064,0,28,1.2142,counter,"[1, 128, 3072]","[1, 128, 768]",974.89,0.0,0.375,cpu_perf_counter,cpu
45,transformer.layer.2.output_layer_norm,LayerNorm,0.0433,0.375,491520.0,1536,0,29,0.0441,analytic,"[1, 128, 768]","[1, 128, 768]",974.89,0.0,0.375,cpu_perf_counter,cpu
45,transformer.layer.3.attention.q_lin,Linear,0.4079,0.375,150994944.0,590592,0,30,0.4087,counter,"[1, 128, 768]","[1, 128, 768]",974.89,0.0,0.375,cpu_perf_counter,cpu
45,transformer.layer.3.attention.k_lin,Linear,0.3839,0.375,150994944.0,590592,0,31,0.3847,counter,"[1, 128, 768]","[1, 128, 768]",974.89,0.0,0.375,cpu_perf_counter,cpu
45,transformer.layer.3.attention.v_lin,Linear,0.3774,0.375,150994944.0,590592,0,32,0.3782,counter,"[1, 128, 768]","[1, 128, 768]",974.89,0.0,0.375,cpu_perf_counter,cpu
45,transformer.layer.3.attention.out_lin,Linear,0.3917,0.375,150994944.0,590592,0,33,0.3925,counter,"[1, 128, 768]","[1, 128, 768]",974.89,0.0,0.375,cpu_perf_counter,cpu
45,transformer.layer.3.sa_layer_norm,LayerNorm,0.0886,0.375,491520.0,1536,0,34,0.0894,analytic,"[1, 128, 768]","[1, 128, 768]",974.89,0.0,0.375,cpu_perf_counter,cpu
45,transformer.layer.3.ffn.lin1,Linear,1.6528,1.5,603979776.0,2362368,0,35,1.6536,counter,"[1, 128, 768]","[1, 128, 3072]",974.89,0.0,1.5,cpu_perf_counter,cpu
45,transformer.layer.3.ffn.activation,GELUActivation,0.1483,1.5,0.0,0,0,36,0.1491,none,"[1, 128, 3072]","[1, 128, 3072]",974.89,0.0,1.5,cpu_perf_counter,cpu
45,transformer.layer.3.ffn.lin2,Linear,1.6439,0.375,603979776.0,2360064,0,37,1.6447,counter,"[1, 128, 3072]","[1, 128, 768]",974.89,0.0,0.375,cpu_perf_counter,cpu
45,transformer.layer.3.output_layer_norm,LayerNorm,0.0435,0.375,491520.0,1536,0,38,0.0443,analytic,"[1, 128, 768]","[1, 128, 768]",974.89,0.0,0.375,cpu_perf_counter,cpu
45,transformer.layer.4.attention.q_lin,Linear,0.402,0.375,150994944.0,590592,0,39,0.4028,counter,"[1, 128, 768]","[1, 128, 768]",974.89,0.0,0.375,cpu_perf_counter,cpu
45,transformer.layer.4.attention.k_lin,Linear,0.38,0.375,150994944.0,590592,0,40,0.3808,counter,"[1, 128, 768]","[1, 128, 768]",974.89,0.0,0.375,cpu_perf_counter,cpu
45,transformer.layer.4.attention.v_lin,Linear,0.3847,0.375,150994944.0,590592,0,41,0.3855,counter,"[1, 128, 768]","[1, 128, 768]",974.89,0.0,0.375,cpu_perf_counter,cpu
45,transformer.layer.4.attention.out_lin,Linear,0.3732,0.375,150994944.0,590592,0,42,0.374,counter,"[1, 128, 768]","[1, 128, 768]",974.89,0.0,0.375,cpu_perf_counter,cpu
45,transformer.layer.4.sa_layer_norm,LayerNorm,0.0291,0.375,491520.0,1536,0,43,0.0299,analytic,"[1, 128, 768]","[1, 128, 768]",974.89,0.0,0.375,cpu_perf_counter,cpu
45,transformer.layer.4.ffn.lin1,Linear,1.6123,1.5,603979776.0,2362368,0,44,1.6131,counter,"[1, 128, 768]","[1, 128, 3072]",974.89,0.0,1.5,cpu_perf_counter,cpu
45,transformer.layer.4.ffn.activation,GELUActivation,0.1362,1.5,0.0,0,0,45,0.137,none,"[1, 128, 3072]","[1, 128, 3072]",974.89,0.0,1.5,cpu_perf_counter,cpu
45,transformer.layer.4.ffn.lin2,Linear,1.5628,0.375,603979776.0,2360064,0,46,1.5636,counter,"[1, 128, 3072]","[1, 128, 768]",974.89,0.0,0.375,cpu_perf_counter,cpu
45,transformer.layer.4.output_layer_norm,LayerNorm,0.0445,0.375,491520.0,1536,0,47,0.0453,analytic,"[1, 128, 768]","[1, 128, 768]",974.89,0.0,0.375,cpu_perf_counter,cpu
45,transformer.layer.5.attention.q_lin,Linear,0.4051,0.375,150994944.0,590592,0,48,0.4059,counter,"[1, 128, 768]","[1, 128, 768]",974.89,0.0,0.375,cpu_perf_counter,cpu
45,transformer.layer.5.attention.k_lin,Linear,0.3767,0.375,150994944.0,590592,0,49,0.3775,counter,"[1, 128, 768]","[1, 128, 768]",974.89,0.0,0.375,cpu_perf_counter,cpu
45,transformer.layer.5.attention.v_lin,Linear,0.3762,0.375,150994944.0,590592,0,50,0.377,counter,"[1, 128, 768]","[1, 128, 768]",974.89,0.0,0.375,cpu_perf_counter,cpu
45,transformer.layer.5.attention.out_lin,Linear,0.3755,0.375,150994944.0,590592,0,51,0.3763,counter,"[1, 128, 768]","[1, 128, 768]",974.89,0.0,0.375,cpu_perf_counter,cpu
45,transformer.layer.5.sa_layer_norm,LayerNorm,0.035,0.375,491520.0,1536,0,52,0.0358,analytic,"[1, 128, 768]","[1, 128, 768]",974.89,0.0,0.375,cpu_perf_counter,cpu
45,transformer.layer.5.ffn.lin1,Linear,1.5762,1.5,603979776.0,2362368,0,53,1.577,counter,"[1, 128, 768]","[1, 128, 3072]",974.89,0.0,1.5,cpu_perf_counter,cpu
45,transformer.layer.5.ffn.activation,GELUActivation,0.1405,1.5,0.0,0,0,54,0.1413,none,"[1, 128, 3072]","[1, 128, 3072]",974.89,0.0,1.5,cpu_perf_counter,cpu
45,transformer.layer.5.ffn.lin2,Linear,1.4316,0.375,603979776.0,2360064,0,55,1.4324,counter,"[1, 128, 3072]","[1, 128, 768]",974.89,0.0,0.375,cpu_perf_counter,cpu
45,transformer.layer.5.output_layer_norm,LayerNorm,0.038,0.375,491520.0,1536,0,56,0.0388,analytic,"[1, 128, 768]","[1, 128, 768]",974.89,0.0,0.375,cpu_perf_counter,cpu
46,embeddings.word_embeddings,Embedding,0.0526,0.375,0.0,23440896,0,0,0.0534,none,"[1, 128]","[1, 128, 768]",974.89,0.0,0.375,cpu_perf_counter,cpu
46,embeddings.position_embeddings,Embedding,0.0206,0.375,0.0,393216,0,1,0.0214,none,"[1, 128]","[1, 128, 768]",974.89,0.0,0.375,cpu_perf_counter,cpu
46,embeddings.LayerNorm,LayerNorm,0.0248,0.375,491520.0,1536,0,2,0.0256,analytic,"[1, 128, 768]","[1, 128, 768]",974.89,0.0,0.375,cpu_perf_counter,cpu
46,transformer.layer.0.attention.q_lin,Linear,0.4033,0.375,150994944.0,590592,0,3,0.4041,counter,"[1, 128, 768]","[1, 128, 768]",974.89,0.0,0.375,cpu_perf_counter,cpu
46,transformer.layer.0.attention.k_lin,Linear,0.4035,0.375,150994944.0,590592,0,4,0.4043,counter,"[1, 128, 768]","[1, 128, 768]",974.89,0.0,0.375,cpu_perf_counter,cpu
46,transformer.layer.0.attention.v_lin,Linear,0.3901,0.375,150994944.0,590592,0,5,0.3909,counter,"[1, 128, 768]","[1, 128, 768]",974.89,0.0,0.375,cpu_perf_counter,cpu
46,transformer.layer.0.attention.out_lin,Linear,0.3797,0.375,150994944.0,590592,0,6,0.3805,counter,"[1, 128, 768]","[1, 128, 768]",974.89,0.0,0.375,cpu_perf_counter,cpu
46,transformer.layer.0.sa_layer_norm,LayerNorm,0.039,0.375,491520.0,1536,0,7,0.0398,analytic,"[1, 128, 768]","[1, 128, 768]",974.89,0.0,0.375,cpu_perf_counter,cpu
46,transformer.layer.0.ffn.lin1,Linear,1.5485,1.5,603979776.0,2362368,0,8,1.5493,counter,"[1, 128, 768]","[1, 128, 3072]",974.89,0.0,1.5,cpu_perf_counter,cpu
46,transformer.layer.0.ffn.activation,GELUActivation,0.139,1.5,0.0,0,0,9,0.1398,none,"[1, 128, 3072]","[1, 128, 3072]",974.89,0.0,1.5,cpu_perf_counter,cpu
46,transformer.layer.0.ffn.lin2,Linear,1.6225,0.375,603979776.0,2360064,0,10,1.6233,counter,"[1, 128, 3072]","[1, 128, 768]",974.89,0.0,0.375,cpu_perf_counter,cpu
46,transformer.layer.0.output_layer_norm,LayerNorm,0.0461,0.375,491520.0,1536,0,11,0.0469,analytic,"[1, 128, 768]","[1, 128, 768]",974.89,0.0,0.375,cpu_perf_counter,cpu
46,transformer.layer.1.attention.q_lin,Linear,0.3993,0.375,150994944.0,590592,0,12,0.4001,counter,"[1, 128, 768]","[1, 128, 768]",974.89,0.0,0.375,cpu_perf_counter,cpu
46,transformer.layer.1.attention.k_lin,Linear,0.3742,0.375,150994944.0,590592,0,13,0.375,counter,"[1, 128, 768]","[1, 128, 768]",974.89,0.0,0.375,cpu_perf_counter,cpu
46,transformer.layer.1.attention.v_lin,Linear,0.3556,0.375,150994944.0,590592,0,14,0.3564,counter,"[1, 128, 768]","[1, 128, 768]",974.89,0.0,0.375,cpu_perf_counter,cpu
46,transformer.layer.1.attention.out_lin,Linear,0.3654,0.375,150994944.0,590592,0,15,0.3662,counter,"[1, 128, 768]","[1, 128, 768]",974.89,0.0,0.375,cpu_perf_counter,cpu
46,transformer.layer.1.sa_layer_norm,LayerNorm,0.0402,0.375,491520.0,1536,0,16,0.041,analytic,"[1, 128, 768]","[1, 128, 768]",974.89,0.0,0.375,cpu_perf_counter,cpu
46,transformer.layer.1.ffn.lin1,Linear,1.5602,1.5,603979776.0,2362368,0,17,1.561,counter,"[1, 128, 768]","[1, 128, 3072]",974.89,0.0,1.5,cpu_perf_counter,cpu
46,transformer.layer.1.ffn.activation,GELUActivation,0.1354,1.5,0.0,0,0,18,0.1362,none,"[1, 128, 3072]","[1, 128, 3072]",974.89,0.0,1.5,cpu_perf_counter,cpu
46,transformer.layer.1.ffn.lin2,Linear,1.4817,0.375,603979776.0,2360064,0,19,1.4825,counter,"[1, 128, 3072]","[1, 128, 768]",974.89,0.0,0.375,cpu_perf_counter,cpu
46,transformer.layer.1.output_layer_norm,LayerNorm,0.0433,0.375,491520.0,1536,0,20,0.0441,analytic,"[1, 128, 768]","[1, 128, 768]",974.89,0.0,0.375,cpu_perf_counter,cpu
46,transformer.layer.2.attention.q_lin,Linear,0.3918,0.375,150994944.0,590592,0,21,0.3926,counter,"[1, 128, 768]","[1, 128, 768]",974.89,0.0,0.375,cpu_perf_counter,cpu
46,transformer.layer.2.attention.k_lin,Linear,0.4202,0.375,150994944.0,590592,0,22,0.421,counter,"[1, 128, 768]","[1, 128, 768]",974.89,0.0,0.375,cpu_perf_counter,cpu
46,transformer.layer.2.attention.v_lin,Linear,0.3605,0.375,150994944.0,590592,0,23,0.3613,counter,"[1, 128, 768]","[1, 128, 768]",974.89,0.0,0.375,cpu_perf_counter,cpu
46,transformer.layer.2.attention.out_lin,Linear,0.3814,0.375,150994944.0,590592,0,24,0.3822,counter,"[1, 128, 768]","[1, 128, 768]",974.89,0.0,0.375,cpu_perf_counter,cpu
46,transformer.layer.2.sa_layer_norm,LayerNorm,0.0307,0.375,491520.0,1536,0,25,0.0315,analytic,"[1, 128, 768]","[1, 128, 768]",974.89,0.0,0.375,cpu_perf_counter,cpu
46,transformer.layer.2.ffn.lin1,Linear,1.5718,1.5,603979776.0,2362368,0,26,1.5726,counter,"[1, 128, 768]","[1, 128, 3072]",974.89,0.0,1.5,cpu_perf_counter,cpu
46,transformer.layer.2.ffn.activation,GELUActivation,0.1496,1.5,0.0,0,0,27,0.1504,none,"[1, 128, 3072]","[1, 128, 3072]",974.89,0.0,1.5,cpu_perf_counter,cpu
46,transformer.layer.2.ffn.lin2,Linear,0.9963,0.375,603979776.0,2360064,0,28,0.9971,counter,"[1, 128, 3072]","[1, 128, 768]",974.89,0.0,0.375,cpu_perf_counter,cpu
46,transformer.layer.2.output_layer_norm,LayerNorm,0.0447,0.375,491520.0,1536,0,29,0.0455,analytic,"[1, 128, 768]","[1, 128, 768]",974.89,0.0,0.375,cpu_perf_counter,cpu
46,transformer.layer.3.attention.q_lin,Linear,0.2708,0.375,150994944.0,590592,0,30,0.2716,counter,"[1, 128, 768]","[1, 128, 768]",974.89,0.0,0.375,cpu_perf_counter,cpu
46,transformer.layer.3.attention.k_lin,Linear,0.2484,0.375,150994944.0,590592,0,31,0.2492,counter,"[1, 128, 768]","[1, 128, 768]",974.89,0.0,0.375,cpu_perf_counter,cpu
46,transformer.layer.3.attention.v_lin,Linear,0.2513,0.375,150994944.0,590592,0,32,0.2521,counter,"[1, 128, 768]","[1, 128, 768]",974.89,0.0,0.375,cpu_perf_counter,cpu
46,transformer.layer.3.attention.out_lin,Linear,0.2527,0.375,150994944.0,590592,0,33,0.2535,counter,"[1, 128, 768]","[1, 128, 768]",974.89,0.0,0.375,cpu_perf_counter,cpu
46,transformer.layer.3.sa_layer_norm,LayerNorm,0.0312,0.375,491520.0,1536,0,34,0.032,analytic,"[1, 128, 768]","[1, 128, 768]",974.89,0.0,0.375,cpu_perf_counter,cpu
46,transformer.layer.3.ffn.lin1,Linear,1.0734,1.5,603979776.0,2362368,0,35,1.0742,counter,"[1, 128, 768]","[1, 128, 3072]",974.89,0.0,1.5,cpu_perf_counter,cpu
46,transformer.layer.3.ffn.activation,GELUActivation,0.1275,1.5,0.0,0,0,36,0.1283,none,"[1, 128, 3072]","[1, 128, 3072]",974.89,0.0,1.5,cpu_perf_counter,cpu
46,transformer.layer.3.ffn.lin2,Linear,0.9478,0.375,603979776.0,2360064,0,37,0.9486,counter,"[1, 128, 3072]","[1, 128, 768]",974.89,0.0,0.375,cpu_perf_counter,cpu
46,transformer.layer.3.output_layer_norm,LayerNorm,0.042,0.375,491520.0,1536,0,38,0.0428,analytic,"[1, 128, 768]","[1, 128, 768]",974.89,0.0,0.375,cpu_perf_counter,cpu
46,transformer.layer.4.attention.q_lin,Linear,0.2756,0.375,150994944.0,590592,0,39,0.2764,counter,"[1, 128, 768]","[1, 128, 768]",974.89,0.0,0.375,cpu_perf_counter,cpu
46,transformer.layer.4.attention.k_lin,Linear,0.2499,0.375,150994944.0,590592,0,40,0.2507,counter,"[1, 128, 768]","[1, 128, 768]",974.89,0.0,0.375,cpu_perf_counter,cpu
46,transformer.layer.4.attention.v_lin,Linear,0.2578,0.375,150994944.0,590592,0,41,0.2586,counter,"[1, 128, 768]","[1, 128, 768]",974.89,0.0,0.375,cpu_perf_counter,cpu
46,transformer.layer.4.attention.out_lin,Linear,0.2615,0.375,150994944.0,590592,0,42,0.2623,counter,"[1, 128, 768]","[1, 128, 768]",974.89,0.0,0.375,cpu_perf_counter,cpu
46,transformer.layer.4.sa_layer_norm,LayerNorm,0.0276,0.375,491520.0,1536,0,43,0.0284,analytic,"[1, 128, 768]","[1, 128, 768]",974.89,0.0,0.375,cpu_perf_counter,cpu
46,transformer.layer.4.ffn.lin1,Linear,1.1209,1.5,603979776.0,2362368,0,44,1.1217,counter,"[1, 128, 768]","[1, 128, 3072]",974.89,0.0,1.5,cpu_perf_counter,cpu
46,transformer.layer.4.ffn.activation,GELUActivation,0.1375,1.5,0.0,0,0,45,0.1383,none,"[1, 128, 3072]","[1, 128, 3072]",974.89,0.0,1.5,cpu_perf_counter,cpu
46,transformer.layer.4.ffn.lin2,Linear,0.965,0.375,603979776.0,2360064,0,46,0.9658,counter,"[1, 128, 3072]","[1, 128, 768]",974.89,0.0,0.375,cpu_perf_counter,cpu
46,transformer.layer.4.output_layer_norm,LayerNorm,0.0458,0.375,491520.0,1536,0,47,0.0466,analytic,"[1, 128, 768]","[1, 128, 768]",974.89,0.0,0.375,cpu_perf_counter,cpu
46,transformer.layer.5.attention.q_lin,Linear,0.2738,0.375,150994944.0,590592,0,48,0.2746,counter,"[1, 128, 768]","[1, 128, 768]",974.89,0.0,0.375,cpu_perf_counter,cpu
46,transformer.layer.5.attention.k_lin,Linear,0.24,0.375,150994944.0,590592,0,49,0.2408,counter,"[1, 128, 768]","[1, 128, 768]",974.89,0.0,0.375,cpu_perf_counter,cpu
46,transformer.layer.5.attention.v_lin,Linear,0.2594,0.375,150994944.0,590592,0,50,0.2602,counter,"[1, 128, 768]","[1, 128, 768]",974.89,0.0,0.375,cpu_perf_counter,cpu
46,transformer.layer.5.attention.out_lin,Linear,0.2681,0.375,150994944.0,590592,0,51,0.2689,counter,"[1, 128, 768]","[1, 128, 768]",974.89,0.0,0.375,cpu_perf_counter,cpu
46,transformer.layer.5.sa_layer_norm,LayerNorm,0.0382,0.375,491520.0,1536,0,52,0.039,analytic,"[1, 128, 768]","[1, 128, 768]",974.89,0.0,0.375,cpu_perf_counter,cpu
46,transformer.layer.5.ffn.lin1,Linear,1.1352,1.5,603979776.0,2362368,0,53,1.136,counter,"[1, 128, 768]","[1, 128, 3072]",974.89,0.0,1.5,cpu_perf_counter,cpu
46,transformer.layer.5.ffn.activation,GELUActivation,0.1439,1.5,0.0,0,0,54,0.1447,none,"[1, 128, 3072]","[1, 128, 3072]",974.89,0.0,1.5,cpu_perf_counter,cpu
46,transformer.layer.5.ffn.lin2,Linear,0.9945,0.375,603979776.0,2360064,0,55,0.9953,counter,"[1, 128, 3072]","[1, 128, 768]",974.89,0.0,0.375,cpu_perf_counter,cpu
46,transformer.layer.5.output_layer_norm,LayerNorm,0.0503,0.375,491520.0,1536,0,56,0.0511,analytic,"[1, 128, 768]","[1, 128, 768]",974.89,0.0,0.375,cpu_perf_counter,cpu
47,embeddings.word_embeddings,Embedding,0.0661,0.375,0.0,23440896,0,0,0.0669,none,"[1, 128]","[1, 128, 768]",974.89,0.0,0.375,cpu_perf_counter,cpu
47,embeddings.position_embeddings,Embedding,0.029,0.375,0.0,393216,0,1,0.0298,none,"[1, 128]","[1, 128, 768]",974.89,0.0,0.375,cpu_perf_counter,cpu
47,embeddings.LayerNorm,LayerNorm,0.0339,0.375,491520.0,1536,0,2,0.0347,analytic,"[1, 128, 768]","[1, 128, 768]",974.89,0.0,0.375,cpu_perf_counter,cpu
47,transformer.layer.0.attention.q_lin,Linear,0.3937,0.375,150994944.0,590592,0,3,0.3945,counter,"[1, 128, 768]","[1, 128, 768]",974.89,0.0,0.375,cpu_perf_counter,cpu
47,transformer.layer.0.attention.k_lin,Linear,0.3789,0.375,150994944.0,590592,0,4,0.3797,counter,"[1, 128, 768]","[1, 128, 768]",974.89,0.0,0.375,cpu_perf_counter,cpu
47,transformer.layer.0.attention.v_lin,Linear,0.3695,0.375,150994944.0,590592,0,5,0.3703,counter,"[1, 128, 768]","[1, 128, 768]",974.89,0.0,0.375,cpu_perf_counter,cpu
47,transformer.layer.0.attention.out_lin,Linear,0.383,0.375,150994944.0,590592,0,6,0.3838,counter,"[1, 128, 768]","[1, 128, 768]",974.89,0.0,0.375,cpu_perf_counter,cpu
47,transformer.layer.0.sa_layer_norm,LayerNorm,0.0461,0.375,491520.0,1536,0,7,0.0469,analytic,"[1, 128, 768]","[1, 128, 768]",974.89,0.0,0.375,cpu_perf_counter,cpu
47,transformer.layer.0.ffn.lin1,Linear,1.5832,1.5,603979776.0,2362368,0,8,1.584,counter,"[1, 128, 768]","[1, 128, 3072]",974.89,0.0,1.5,cpu_perf_counter,cpu
47,transformer.layer.0.ffn.activation,GELUActivation,0.1532,1.5,0.0,0,0,9,0.154,none,"[1, 128, 3072]","[1, 128, 3072]",974.89,0.0,1.5,cpu_perf_counter,cpu
47,transformer.layer.0.ffn.lin2,Linear,1.4866,0.375,603979776.0,2360064,0,10,1.4874,counter,"[1, 128, 3072]","[1, 128, 768]",974.89,0.0,0.375,cpu_perf_counter,cpu
47,transformer.layer.0.output_layer_norm,LayerNorm,0.0401,0.375,491520.0,1536,0,11,0.0409,analytic,"[1, 128, 768]","[1, 128, 768]",974.89,0.0,0.375,cpu_perf_counter,cpu
47,transformer.layer.1.attention.q_lin,Linear,0.3759,0.375,150994944.0,590592,0,12,0.3767,counter,"[1, 128, 768]","[1, 128, 768]",974.89,0.0,0.375,cpu_perf_counter,cpu
47,transformer.layer.1.attention.k_lin,Linear,0.3587,0.375,150994944.0,590592,0,13,0.3595,counter,"[1, 128, 768]","[1, 128, 768]",974.89,0.0,0.375,cpu_perf_counter,cpu
47,transformer.layer.1.attention.v_lin,Linear,0.3548,0.375,150994944.0,590592,0,14,0.3556,counter,"[1, 128, 768]","[1, 128, 768]",974.89,0.0,0.375,cpu_perf_counter,cpu
47,transformer.layer.1.attention.out_lin,Linear,0.3628,0.375,150994944.0,590592,0,15,0.3636,counter,"[1, 128, 768]","[1, 128, 768]",974.89,0.0,0.375,cpu_perf_counter,cpu
47,transformer.layer.1.sa_layer_norm,LayerNorm,0.031,0.375,491520.0,1536,0,16,0.0318,analytic,"[1, 128, 768]","[1, 128, 768]",974.89,0.0,0.375,cpu_perf_counter,cpu
47,transformer.layer.1.ffn.lin1,Linear,1.5171,1.5,603979776.0,2362368,0,17,1.5179,counter,"[1, 128, 768]","[1, 128, 3072]",974.89,0.0,1.5,cpu_perf_counter,cpu
47,transformer.layer.1.ffn.activation,GELUActivation,0.1252,1.5,0.0,0,0,18,0.126,none,"[1, 128, 3072]","[1, 128, 3072]",974.89,0.0,1.5,cpu_perf_counter,cpu
47,transformer.layer.1.ffn.lin2,Linear,1.4858,0.375,603979776.0,2360064,0,19,1.4866,counter,"[1, 128, 3072]","[1, 128, 768]",974.89,0.0,0.375,cpu_perf_counter,cpu
47,transformer.layer.1.output_layer_norm,LayerNorm,0.0392,0.375,491520.0,1536,0,20,0.04,analytic,"[1, 128, 768]","[1, 128, 768]",974.89,0.0,0.375,cpu_perf_counter,cpu
47,transformer.layer.2.attention.q_lin,Linear,0.3752,0.375,150994944.0,590592,0,21,0.376,counter,"[1, 128, 768]","[1, 128, 768]",974.89,0.0,0.375,cpu_perf_counter,cpu
47,transformer.layer.2.attention.k_lin,Linear,0.3639,0.375,150994944.0,590592,0,22,0.3647,counter,"[1, 128, 768]","[1, 128, 768]",974.89,0.0,0.375,cpu_perf_counter,cpu
47,transformer.layer.2.attention.v_lin,Linear,0.3441,0.375,150994944.0,590592,0,23,0.3449,counter,"[1, 128, 768]","[1, 128, 768]",974.89,0.0,0.375,cpu_perf_counter,cpu
47,transformer.layer.2.attention.out_lin,Linear,0.3646,0.375,150994944.0,590592,0,24,0.3654,counter,"[1, 128, 768]","[1, 128, 768]",974.89,0.0,0.375,cpu_perf_counter,cpu
47,transformer.layer.2.sa_layer_norm,LayerNorm,0.0269,0.375,491520.0,1536,0,25,0.0277,analytic,"[1, 128, 768]","[1, 128, 768]",974.89,0.0,0.375,cpu_perf_counter,cpu
47,transformer.layer.2.ffn.lin1,Linear,1.5081,1.5,603979776.0,2362368,0,26,1.5089,counter,"[1, 128, 768]","[1, 128, 3072]",974.89,0.0,1.5,cpu_perf_counter,cpu
47,transformer.layer.2.ffn.activation,GELUActivation,0.1584,1.5,0.0,0,0,27,0.1592,none,"[1, 128, 3072]","[1, 128, 3072]",974.89,0.0,1.5,cpu_perf_counter,cpu
47,transformer.layer.2.ffn.lin2,Linear,1.4746,0.375,603979776.0,2360064,0,28,1.4754,counter,"[1, 128, 3072]","[1, 128, 768]",974.89,0.0,0.375,cpu_perf_counter,cpu
47,transformer.layer.2.output_layer_norm,LayerNorm,0.0459,0.375,491520.0,1536,0,29,0.0467,analytic,"[1, 128, 768]","[1, 128, 768]",974.89,0.0,0.375,cpu_perf_counter,cpu
47,transformer.layer.3.attention.q_lin,Linear,0.4045,0.375,150994944.0,590592,0,30,0.4053,counter,"[1, 128, 768]","[1, 128, 768]",974.89,0.0,0.375,cpu_perf_counter,cpu
47,transformer.layer.3.attention.k_lin,Linear,0.3681,0.375,150994944.0,590592,0,31,0.3689,counter,"[1, 128, 768]","[1, 128, 768]",974.89,0.0,0.375,cpu_perf_counter,cpu
47,transformer.layer.3.attention.v_lin,Linear,0.3681,0.375,150994944.0,590592,0,32,0.3689,counter,"[1, 128, 768]","[1, 128, 768]",974.89,0.0,0.375,cpu_perf_counter,cpu
47,transformer.layer.3.attention.out_lin,Linear,0.369,0.375,150994944.0,590592,0,33,0.3698,counter,"[1, 128, 768]","[1, 128, 768]",974.89,0.0,0.375,cpu_perf_counter,cpu
47,transformer.layer.3.sa_layer_norm,LayerNorm,0.0356,0.375,491520.0,1536,0,34,0.0364,analytic,"[1, 128, 768]","[1, 128, 768]",974.89,0.0,0.375,cpu_perf_counter,cpu
47,transformer.layer.3.ffn.lin1,Linear,1.6891,1.5,603979776.0,2362368,0,35,1.6899,counter,"[1, 128, 768]","[1, 128, 3072]",974.89,0.0,1.5,cpu_perf_counter,cpu
47,transformer.layer.3.ffn.activation,GELUActivation,0.1465,1.5,0.0,0,0,36,0.1473,none,"[1, 128, 3072]","[1, 128, 3072]",974.89,0.0,1.5,cpu_perf_counter,cpu
47,transformer.layer.3.ffn.lin2,Linear,1.4947,0.375,603979776.0,2360064,0,37,1.4955,counter,"[1, 128, 3072]","[1, 128, 768]",974.89,0.0,0.375,cpu_perf_counter,cpu
47,transformer.layer.3.output_layer_norm,LayerNorm,0.0435,0.375,491520.0,1536,0,38,0.0443,analytic,"[1, 128, 768]","[1, 128, 768]",974.89,0.0,0.375,cpu_perf_counter,cpu
47,transformer.layer.4.attention.q_lin,Linear,0.3903,0.375,150994944.0,590592,0,39,0.3911,counter,"[1, 128, 768]","[1, 128, 768]",974.89,0.0,0.375,cpu_perf_counter,cpu
47,transformer.layer.4.attention.k_lin,Linear,0.3718,0.375,150994944.0,590592,0,40,0.3726,counter,"[1, 128, 768]","[1, 128, 768]",974.89,0.0,0.375,cpu_perf_counter,cpu
47,transformer.layer.4.attention.v_lin,Linear,0.3663,0.375,150994944.0,590592,0,41,0.3671,counter,"[1, 128, 768]","[1, 128, 768]",974.89,0.0,0.375,cpu_perf_counter,cpu
47,transformer.layer.4.attention.out_lin,Linear,0.3692,0.375,150994944.0,590592,0,42,0.37,counter,"[1, 128, 768]","[1, 128, 768]",974.89,0.0,0.375,cpu_perf_counter,cpu
47,transformer.layer.4.sa_layer_norm,LayerNorm,0.0306,0.375,491520.0,1536,0,43,0.0314,analytic,"[1, 128, 768]","[1, 128, 768]",974.89,0.0,0.375,cpu_perf_counter,cpu
47,transformer.layer.4.ffn.lin1,Linear,1.5761,1.5,603979776.0,2362368,0,44,1.5769,counter,"[1, 128, 768]","[1, 128, 3072]",974.89,0.0,1.5,cpu_perf_counter,cpu
47,transformer.layer.4.ffn.activation,GELUActivation,0.1406,1.5,0.0,0,0,45,0.1414,none,"[1, 128, 3072]","[1, 128, 3072]",974.89,0.0,1.5,cpu_perf_counter,cpu
47,transformer.layer.4.ffn.lin2,Linear,1.4701,0.375,603979776.0,2360064,0,46,1.4709,counter,"[1, 128, 3072]","[1, 128, 768]",974.89,0.0,0.375,cpu_perf_counter,cpu
47,transformer.layer.4.output_layer_norm,LayerNorm,0.0411,0.375,491520.0,1536,0,47,0.0419,analytic,"[1, 128, 768]","[1, 128, 768]",974.89,0.0,0.375,cpu_perf_counter,cpu
47,transformer.layer.5.attention.q_lin,Linear,0.3854,0.375,150994944.0,590592,0,48,0.3862,counter,"[1, 128, 768]","[1, 128, 768]",974.89,0.0,0.375,cpu_perf_counter,cpu
47,transformer.layer.5.attention.k_lin,Linear,0.3587,0.375,150994944.0,590592,0,49,0.3595,counter,"[1, 128, 768]","[1, 128, 768]",974.89,0.0,0.375,cpu_perf_counter,cpu
47,transformer.layer.5.attention.v_lin,Linear,0.3569,0.375,150994944.0,590592,0,50,0.3577,counter,"[1, 128, 768]","[1, 128, 768]",974.89,0.0,0.375,cpu_perf_counter,cpu
47,transformer.layer.5.attention.out_lin,Linear,0.3667,0.375,150994944.0,590592,0,51,0.3675,counter,"[1, 128, 768]","[1, 128, 768]",974.89,0.0,0.375,cpu_perf_counter,cpu
47,transformer.layer.5.sa_layer_norm,LayerNorm,0.0299,0.375,491520.0,1536,0,52,0.0307,analytic,"[1, 128, 768]","[1, 128, 768]",974.89,0.0,0.375,cpu_perf_counter,cpu
47,transformer.layer.5.ffn.lin1,Linear,1.7451,1.5,603979776.0,2362368,0,53,1.7459,counter,"[1, 128, 768]","[1, 128, 3072]",974.89,0.0,1.5,cpu_perf_counter,cpu
47,transformer.layer.5.ffn.activation,GELUActivation,0.1408,1.5,0.0,0,0,54,0.1416,none,"[1, 128, 3072]","[1, 128, 3072]",974.89,0.0,1.5,cpu_perf_counter,cpu
47,transformer.layer.5.ffn.lin2,Linear,1.4782,0.375,603979776.0,2360064,0,55,1.479,counter,"[1, 128, 3072]","[1, 128, 768]",974.89,0.0,0.375,cpu_perf_counter,cpu
47,transformer.layer.5.output_layer_norm,LayerNorm,0.0505,0.375,491520.0,1536,0,56,0.0513,analytic,"[1, 128, 768]","[1, 128, 768]",974.89,0.0,0.375,cpu_perf_counter,cpu
48,embeddings.word_embeddings,Embedding,0.0668,0.375,0.0,23440896,0,0,0.0676,none,"[1, 128]","[1, 128, 768]",974.89,0.0,0.375,cpu_perf_counter,cpu
48,embeddings.position_embeddings,Embedding,0.024,0.375,0.0,393216,0,1,0.0248,none,"[1, 128]","[1, 128, 768]",974.89,0.0,0.375,cpu_perf_counter,cpu
48,embeddings.LayerNorm,LayerNorm,0.0298,0.375,491520.0,1536,0,2,0.0306,analytic,"[1, 128, 768]","[1, 128, 768]",974.89,0.0,0.375,cpu_perf_counter,cpu
48,transformer.layer.0.attention.q_lin,Linear,0.3747,0.375,150994944.0,590592,0,3,0.3755,counter,"[1, 128, 768]","[1, 128, 768]",974.89,0.0,0.375,cpu_perf_counter,cpu
48,transformer.layer.0.attention.k_lin,Linear,0.3605,0.375,150994944.0,590592,0,4,0.3613,counter,"[1, 128, 768]","[1, 128, 768]",974.89,0.0,0.375,cpu_perf_counter,cpu
48,transformer.layer.0.attention.v_lin,Linear,0.3726,0.375,150994944.0,590592,0,5,0.3734,counter,"[1, 128, 768]","[1, 128, 768]",974.89,0.0,0.375,cpu_perf_counter,cpu
48,transformer.layer.0.attention.out_lin,Linear,0.3631,0.375,150994944.0,590592,0,6,0.3639,counter,"[1, 128, 768]","[1, 128, 768]",974.89,0.0,0.375,cpu_perf_counter,cpu
48,transformer.layer.0.sa_layer_norm,LayerNorm,0.0413,0.375,491520.0,1536,0,7,0.0421,analytic,"[1, 128, 768]","[1, 128, 768]",974.89,0.0,0.375,cpu_perf_counter,cpu
48,transformer.layer.0.ffn.lin1,Linear,1.6818,1.5,603979776.0,2362368,0,8,1.6826,counter,"[1, 128, 768]","[1, 128, 3072]",974.89,0.0,1.5,cpu_perf_counter,cpu
48,transformer.layer.0.ffn.activation,GELUActivation,0.1812,1.5,0.0,0,0,9,0.182,none,"[1, 128, 3072]","[1, 128, 3072]",974.89,0.0,1.5,cpu_perf_counter,cpu
48,transformer.layer.0.ffn.lin2,Linear,1.3129,0.375,603979776.0,2360064,0,10,1.3137,counter,"[1, 128, 3072]","[1, 128, 768]",974.89,0.0,0.375,cpu_perf_counter,cpu
48,transformer.layer.0.output_layer_norm,LayerNorm,0.0516,0.375,491520.0,1536,0,11,0.0524,analytic,"[1, 128, 768]","[1, 128, 768]",974.89,0.0,0.375,cpu_perf_counter,cpu
48,transformer.layer.1.attention.q_lin,Linear,0.4149,0.375,150994944.0,590592,0,12,0.4157,counter,"[1, 128, 768]","[1, 128, 768]",974.89,0.0,0.375,cpu_perf_counter,cpu
48,transformer.layer.1.attention.k_lin,Linear,0.3824,0.375,150994944.0,590592,0,13,0.3832,counter,"[1, 128, 768]","[1, 128, 768]",974.89,0.0,0.375,cpu_perf_counter,cpu
48,transformer.layer.1.attention.v_lin,Linear,0.3641,0.375,150994944.0,590592,0,14,0.3649,counter,"[1, 128, 768]","[1, 128, 768]",974.89,0.0,0.375,cpu_perf_counter,cpu
48,transformer.layer.1.attention.out_lin,Linear,0.3733,0.375,150994944.0,590592,0,15,0.3741,counter,"[1, 128, 768]","[1, 128, 768]",974.89,0.0,0.375,cpu_perf_counter,cpu
48,transformer.layer.1.sa_layer_norm,LayerNorm,0.0365,0.375,491520.0,1536,0,16,0.0373,analytic,"[1, 128, 768]","[1, 128, 768]",974.89,0.0,0.375,cpu_perf_counter,cpu
48,transformer.layer.1.ffn.lin1,Linear,1.5941,1.5,603979776.0,2362368,0,17,1.5949,counter,"[1, 128, 768]","[1, 128, 3072]",974.89,0.0,1.5,cpu_perf_counter,cpu
48,transformer.layer.1.ffn.activation,GELUActivation,0.1523,1.5,0.0,0,0,18,0.1531,none,"[1, 128, 3072]","[1, 128, 3072]",974.89,0.0,1.5,cpu_perf_counter,cpu
48,transformer.layer.1.ffn.lin2,Linear,1.4874,0.375,603979776.0,2360064,0,19,1.4882,counter,"[1, 128, 3072]","[1, 128, 768]",974.89,0.0,0.375,cpu_perf_counter,cpu
48,transformer.layer.1.output_layer_norm,LayerNorm,0.0491,0.375,491520.0,1536,0,20,0.0499,analytic,"[1, 128, 768]","[1, 128, 768]",974.89,0.0,0.375,cpu_perf_counter,cpu
48,transformer.layer.2.attention.q_lin,Linear,0.396,0.375,150994944.0,590592,0,21,0.3968,counter,"[1, 128, 768]","[1, 128, 768]",974.89,0.0,0.375,cpu_perf_counter,cpu
48,transformer.layer.2.attention.k_lin,Linear,0.3777,0.375,150994944.0,590592,0,22,0.3785,counter,"[1, 128, 768]","[1, 128, 768]",974.89,0.0,0.375,cpu_perf_counter,cpu
48,transformer.layer.2.attention.v_lin,Linear,0.3707,0.375,150994944.0,590592,0,23,0.3715,counter,"[1, 128, 768]","[1, 128, 768]",974.89,0.0,0.375,cpu_perf_counter,cpu
48,transformer.layer.2.attention.out_lin,Linear,0.4038,0.375,150994944.0,590592,0,24,0.4046,counter,"[1, 128, 768]","[1, 128, 768]",974.89,0.0,0.375,cpu_perf_counter,cpu
48,transformer.layer.2.sa_layer_norm,LayerNorm,0.0502,0.375,491520.0,1536,0,25,0.051,analytic,"[1, 128, 768]","[1, 128, 768]",974.89,0.0,0.375,cpu_perf_counter,cpu
48,transformer.layer.2.ffn.lin1,Linear,1.5867,1.5,603979776.0,2362368,0,26,1.5875,counter,"[1, 128, 768]","[1, 128, 3072]",974.89,0.0,1.5,cpu_perf_counter,cpu
48,transformer.layer.2.ffn.activation,GELUActivation,0.1466,1.5,0.0,0,0,27,0.1474,none,"[1, 128, 3072]","[1, 128, 3072]",974.89,0.0,1.5,cpu_perf_counter,cpu
48,transformer.layer.2.ffn.lin2,Linear,1.4703,0.375,603979776.0,2360064,0,28,1.4711,counter,"[1, 128, 3072]","[1, 128, 768]",974.89,0.0,0.375,cpu_perf_counter,cpu
48,transformer.layer.2.output_layer_norm,LayerNorm,0.0471,0.375,491520.0,1536,0,29,0.0479,analytic,"[1, 128, 768]","[1, 128, 768]",974.89,0.0,0.375,cpu_perf_counter,cpu
48,transformer.layer.3.attention.q_lin,Linear,0.4076,0.375,150994944.0,590592,0,30,0.4084,counter,"[1, 128, 768]","[1, 128, 768]",974.89,0.0,0.375,cpu_perf_counter,cpu
48,transformer.layer.3.attention.k_lin,Linear,0.3727,0.375,150994944.0,590592,0,31,0.3735,counter,"[1, 128, 768]","[1, 128, 768]",974.89,0.0,0.375,cpu_perf_counter,cpu
48,transformer.layer.3.attention.v_lin,Linear,0.376,0.375,150994944.0,590592,0,32,0.3768,counter,"[1, 128, 768]","[1, 128, 768]",974.89,0.0,0.375,cpu_perf_counter,cpu
48,transformer.layer.3.attention.out_lin,Linear,0.3871,0.375,150994944.0,590592,0,33,0.3879,counter,"[1, 128, 768]","[1, 128, 768]",974.89,0.0,0.375,cpu_perf_counter,cpu
48,transformer.layer.3.sa_layer_norm,LayerNorm,0.0385,0.375,491520.0,1536,0,34,0.0393,analytic,"[1, 128, 768]","[1, 128, 768]",974.89,0.0,0.375,cpu_perf_counter,cpu
48,transformer.layer.3.ffn.lin1,Linear,1.553,1.5,603979776.0,2362368,0,35,1.5538,counter,"[1, 128, 768]","[1, 128, 3072]",974.89,0.0,1.5,cpu_perf_counter,cpu
48,transformer.layer.3.ffn.activation,GELUActivation,0.138,1.5,0.0,0,0,36,0.1388,none,"[1, 128, 3072]","[1, 128, 3072]",974.89,0.0,1.5,cpu_perf_counter,cpu
48,transformer.layer.3.ffn.lin2,Linear,1.4603,0.375,603979776.0,2360064,0,37,1.4611,counter,"[1, 128, 3072]","[1, 128, 768]",974.89,0.0,0.375,cpu_perf_counter,cpu
48,transformer.layer.3.output_layer_norm,LayerNorm,0.0458,0.375,491520.0,1536,0,38,0.0466,analytic,"[1, 128, 768]","[1, 128, 768]",974.89,0.0,0.375,cpu_perf_counter,cpu
48,transformer.layer.4.attention.q_lin,Linear,0.4028,0.375,150994944.0,590592,0,39,0.4036,counter,"[1, 128, 768]","[1, 128, 768]",974.89,0.0,0.375,cpu_perf_counter,cpu
48,transformer.layer.4.attention.k_lin,Linear,0.3766,0.375,150994944.0,590592,0,40,0.3774,counter,"[1, 128, 768]","[1, 128, 768]",974.89,0.0,0.375,cpu_perf_counter,cpu
48,transformer.layer.4.attention.v_lin,Linear,0.3784,0.375,150994944.0,590592,0,41,0.3792,counter,"[1, 128, 768]","[1, 128, 768]",974.89,0.0,0.375,cpu_perf_counter,cpu
48,transformer.layer.4.attention.out_lin,Linear,0.3815,0.375,150994944.0,590592,0,42,0.3823,counter,"[1, 128, 768]","[1, 128, 768]",974.89,0.0,0.375,cpu_perf_counter,cpu
48,transformer.layer.4.sa_layer_norm,LayerNorm,0.0364,0.375,491520.0,1536,0,43,0.0372,analytic,"[1, 128, 768]","[1, 128, 768]",974.89,0.0,0.375,cpu_perf_counter,cpu
48,transformer.layer.4.ffn.lin1,Linear,1.6486,1.5,603979776.0,2362368,0,44,1.6494,counter,"[1, 128, 768]","[1, 128, 3072]",974.89,0.0,1.5,cpu_perf_counter,cpu
48,transformer.layer.4.ffn.activation,GELUActivation,0.1591,1.5,0.0,0,0,45,0.1599,none,"[1, 128, 3072]","[1, 128, 3072]",974.89,0.0,1.5,cpu_perf_counter,cpu
48,transformer.layer.4.ffn.lin2,Linear,1.5086,0.375,603979776.0,2360064,0,46,1.5094,counter,"[1, 128, 3072]","[1, 128, 768]",974.89,0.0,0.375,cpu_perf_counter,cpu
48,transformer.layer.4.output_layer_norm,LayerNorm,0.0477,0.375,491520.0,1536,0,47,0.0485,analytic,"[1, 128, 768]","[1, 128, 768]",974.89,0.0,0.375,cpu_perf_counter,cpu
48,transformer.layer.5.attention.q_lin,Linear,0.4055,0.375,150994944.0,590592,0,48,0.4063,counter,"[1, 128, 768]","[1, 128, 768]",974.89,0.0,0.375,cpu_perf_counter,cpu
48,transformer.layer.5.attention.k_lin,Linear,0.3847,0.375,150994944.0,590592,0,49,0.3855,counter,"[1, 128, 768]","[1, 128, 768]",974.89,0.0,0.375,cpu_perf_counter,cpu
48,transformer.layer.5.attention.v_lin,Linear,0.3846,0.375,150994944.0,590592,0,50,0.3854,counter,"[1, 128, 768]","[1, 128, 768]",974.89,0.0,0.375,cpu_perf_counter,cpu
48,transformer.layer.5.attention.out_lin,Linear,0.3909,0.375,150994944.0,590592,0,51,0.3917,counter,"[1, 128, 768]","[1, 128, 768]",974.89,0.0,0.375,cpu_perf_counter,cpu
48,transformer.layer.5.sa_layer_norm,LayerNorm,0.0361,0.375,491520.0,1536,0,52,0.0369,analytic,"[1, 128, 768]","[1, 128, 768]",974.89,0.0,0.375,cpu_perf_counter,cpu
48,transformer.layer.5.ffn.lin1,Linear,1.656,1.5,603979776.0,2362368,0,53,1.6568,counter,"[1, 128, 768]","[1, 128, 3072]",974.89,0.0,1.5,cpu_perf_counter,cpu
48,transformer.layer.5.ffn.activation,GELUActivation,0.1444,1.5,0.0,0,0,54,0.1452,none,"[1, 128, 3072]","[1, 128, 3072]",974.89,0.0,1.5,cpu_perf_counter,cpu
48,transformer.layer.5.ffn.lin2,Linear,1.5369,0.375,603979776.0,2360064,0,55,1.5377,counter,"[1, 128, 3072]","[1, 128, 768]",974.89,0.0,0.375,cpu_perf_counter,cpu
48,transformer.layer.5.output_layer_norm,LayerNorm,0.0464,0.375,491520.0,1536,0,56,0.0472,analytic,"[1, 128, 768]","[1, 128, 768]",974.89,0.0,0.375,cpu_perf_counter,cpu
49,embeddings.word_embeddings,Embedding,0.0664,0.375,0.0,23440896,0,0,0.0672,none,"[1, 128]","[1, 128, 768]",974.89,0.0,0.375,cpu_perf_counter,cpu
49,embeddings.position_embeddings,Embedding,0.0288,0.375,0.0,393216,0,1,0.0296,none,"[1, 128]","[1, 128, 768]",974.89,0.0,0.375,cpu_perf_counter,cpu
49,embeddings.LayerNorm,LayerNorm,0.0301,0.375,491520.0,1536,0,2,0.0309,analytic,"[1, 128, 768]","[1, 128, 768]",974.89,0.0,0.375,cpu_perf_counter,cpu
49,transformer.layer.0.attention.q_lin,Linear,0.4015,0.375,150994944.0,590592,0,3,0.4023,counter,"[1, 128, 768]","[1, 128, 768]",974.89,0.0,0.375,cpu_perf_counter,cpu
49,transformer.layer.0.attention.k_lin,Linear,0.4087,0.375,150994944.0,590592,0,4,0.4095,counter,"[1, 128, 768]","[1, 128, 768]",974.89,0.0,0.375,cpu_perf_counter,cpu
49,transformer.layer.0.attention.v_lin,Linear,0.4007,0.375,150994944.0,590592,0,5,0.4015,counter,"[1, 128, 768]","[1, 128, 768]",974.89,0.0,0.375,cpu_perf_counter,cpu
49,transformer.layer.0.attention.out_lin,Linear,0.4126,0.375,150994944.0,590592,0,6,0.4134,counter,"[1, 128, 768]","[1, 128, 768]",974.89,0.0,0.375,cpu_perf_counter,cpu
49,transformer.layer.0.sa_layer_norm,LayerNorm,0.043,0.375,491520.0,1536,0,7,0.0438,analytic,"[1, 128, 768]","[1, 128, 768]",974.89,0.0,0.375,cpu_perf_counter,cpu
49,transformer.layer.0.ffn.lin1,Linear,1.6549,1.5,603979776.0,2362368,0,8,1.6557,counter,"[1, 128, 768]","[1, 128, 3072]",974.89,0.0,1.5,cpu_perf_counter,cpu
49,transformer.layer.0.ffn.activation,GELUActivation,0.1625,1.5,0.0,0,0,9,0.1633,none,"[1, 128, 3072]","[1, 128, 3072]",974.89,0.0,1.5,cpu_perf_counter,cpu
49,transformer.layer.0.ffn.lin2,Linear,1.4952,0.375,603979776.0,2360064,0,10,1.496,counter,"[1, 128, 3072]","[1, 128, 768]",974.89,0.0,0.375,cpu_perf_counter,cpu
49,transformer.layer.0.output_layer_norm,LayerNorm,0.0457,0.375,491520.0,1536,0,11,0.0465,analytic,"[1, 128, 768]","[1, 128, 768]",974.89,0.0,0.375,cpu_perf_counter,cpu
49,transformer.layer.1.attention.q_lin,Linear,0.4155,0.375,150994944.0,590592,0,12,0.4163,counter,"[1, 128, 768]","[1, 128, 768]",974.89,0.0,0.375,cpu_perf_counter,cpu
49,transformer.layer.1.attention.k_lin,Linear,0.3894,0.375,150994944.0,590592,0,13,0.3902,counter,"[1, 128, 768]","[1, 128, 768]",974.89,0.0,0.375,cpu_perf_counter,cpu
49,transformer.layer.1.attention.v_lin,Linear,0.4225,0.375,150994944.0,590592,0,14,0.4233,counter,"[1, 128, 768]","[1, 128, 768]",974.89,0.0,0.375,cpu_perf_counter,cpu
49,transformer.layer.1.attention.out_lin,Linear,0.3984,0.375,150994944.0,590592,0,15,0.3992,counter,"[1, 128, 768]","[1, 128, 768]",974.89,0.0,0.375,cpu_perf_counter,cpu
49,transformer.layer.1.sa_layer_norm,LayerNorm,0.0419,0.375,491520.0,1536,0,16,0.0427,analytic,"[1, 128, 768]","[1, 128, 768]",974.89,0.0,0.375,cpu_perf_counter,cpu
49,transformer.layer.1.ffn.lin1,Linear,1.7172,1.5,603979776.0,2362368,0,17,1.718,counter,"[1, 128, 768]","[1, 128, 3072]",974.89,0.0,1.5,cpu_perf_counter,cpu
49,transformer.layer.1.ffn.activation,GELUActivation,0.1496,1.5,0.0,0,0,18,0.1504,none,"[1, 128, 3072]","[1, 128, 3072]",974.89,0.0,1.5,cpu_perf_counter,cpu
49,transformer.layer.1.ffn.lin2,Linear,1.534,0.375,603979776.0,2360064,0,19,1.5348,counter,"[1, 128, 3072]","[1, 128, 768]",974.89,0.0,0.375,cpu_perf_counter,cpu
49,transformer.layer.1.output_layer_norm,LayerNorm,0.0453,0.375,491520.0,1536,0,20,0.0461,analytic,"[1, 128, 768]","[1, 128, 768]",974.89,0.0,0.375,cpu_perf_counter,cpu
49,transformer.layer.2.attention.q_lin,Linear,0.3944,0.375,150994944.0,590592,0,21,0.3952,counter,"[1, 128, 768]","[1, 128, 768]",974.89,0.0,0.375,cpu_perf_counter,cpu
49,transformer.layer.2.attention.k_lin,Linear,0.389,0.375,150994944.0,590592,0,22,0.3898,counter,"[1, 128, 768]","[1, 128, 768]",974.89,0.0,0.375,cpu_perf_counter,cpu
49,transformer.layer.2.attention.v_lin,Linear,0.3917,0.375,150994944.0,590592,0,23,0.3925,counter,"[1, 128, 768]","[1, 128, 768]",974.89,0.0,0.375,cpu_perf_counter,cpu
49,transformer.layer.2.attention.out_lin,Linear,0.4037,0.375,150994944.0,590592,0,24,0.4045,counter,"[1, 128, 768]","[1, 128, 768]",974.89,0.0,0.375,cpu_perf_counter,cpu
49,transformer.layer.2.sa_layer_norm,LayerNorm,0.0344,0.375,491520.0,1536,0,25,0.0352,analytic,"[1, 128, 768]","[1, 128, 768]",974.89,0.0,0.375,cpu_perf_counter,cpu
49,transformer.layer.2.ffn.lin1,Linear,1.6426,1.5,603979776.0,2362368,0,26,1.6434,counter,"[1, 128, 768]","[1, 128, 3072]",974.89,0.0,1.5,cpu_perf_counter,cpu
49,transformer.layer.2.ffn.activation,GELUActivation,0.1368,1.5,0.0,0,0,27,0.1376,none,"[1, 128, 3072]","[1, 128, 3072]",974.89,0.0,1.5,cpu_perf_counter,cpu
49,transformer.layer.2.ffn.lin2,Linear,1.5328,0.375,603979776.0,2360064,0,28,1.5336,counter,"[1, 128, 3072]","[1, 128, 768]",974.89,0.0,0.375,cpu_perf_counter,cpu
49,transformer.layer.2.output_layer_norm,LayerNorm,0.0453,0.375,491520.0,1536,0,29,0.0461,analytic,"[1, 128, 768]","[1, 128, 768]",974.89,0.0,0.375,cpu_perf_counter,cpu
49,transformer.layer.3.attention.q_lin,Linear,0.3952,0.375,150994944.0,590592,0,30,0.396,counter,"[1, 128, 768]","[1, 128, 768]",974.89,0.0,0.375,cpu_perf_counter,cpu
49,transformer.layer.3.attention.k_lin,Linear,0.3855,0.375,150994944.0,590592,0,31,0.3863,counter,"[1, 128, 768]","[1, 128, 768]",974.89,0.0,0.375,cpu_perf_counter,cpu
49,transformer.layer.3.attention.v_lin,Linear,0.3888,0.375,150994944.0,590592,0,32,0.3896,counter,"[1, 128, 768]","[1, 128, 768]",974.89,0.0,0.375,cpu_perf_counter,cpu
49,transformer.layer.3.attention.out_lin,Linear,0.3851,0.375,150994944.0,590592,0,33,0.3859,counter,"[1, 128, 768]","[1, 128, 768]",974.89,0.0,0.375,cpu_perf_counter,cpu
49,transformer.layer.3.sa_layer_norm,LayerNorm,0.0345,0.375,491520.0,1536,0,34,0.0353,analytic,"[1, 128, 768]","[1, 128, 768]",974.89,0.0,0.375,cpu_perf_counter,cpu
49,transformer.layer.3.ffn.lin1,Linear,1.6559,1.5,603979776.0,2362368,0,35,1.6567,counter,"[1, 128, 768]","[1, 128, 3072]",974.89,0.0,1.5,cpu_perf_counter,cpu
49,transformer.layer.3.ffn.activation,GELUActivation,0.1744,1.5,0.0,0,0,36,0.1752,none,"[1, 128, 3072]","[1, 128, 3072]",974.89,0.0,1.5,cpu_perf_counter,cpu
49,transformer.layer.3.ffn.lin2,Linear,1.5015,0.375,603979776.0,2360064,0,37,1.5023,counter,"[1, 128, 3072]","[1, 128, 768]",974.89,0.0,0.375,cpu_perf_counter,cpu
49,transformer.layer.3.output_layer_norm,LayerNorm,0.0464,0.375,491520.0,1536,0,38,0.0472,analytic,"[1, 128, 768]","[1, 128, 768]",974.89,0.0,0.375,cpu_perf_counter,cpu
49,transformer.layer.4.attention.q_lin,Linear,0.4006,0.375,150994944.0,590592,0,39,0.4014,counter,"[1, 128, 768]","[1, 128, 768]",974.89,0.0,0.375,cpu_perf_counter,cpu
49,transformer.layer.4.attention.k_lin,Linear,0.3827,0.375,150994944.0,590592,0,40,0.3835,counter,"[1, 128, 768]","[1, 128, 768]",974.89,0.0,0.375,cpu_perf_counter,cpu
49,transformer.layer.4.attention.v_lin,Linear,0.3747,0.375,150994944.0,590592,0,41,0.3755,counter,"[1, 128, 768]","[1, 128, 768]",974.89,0.0,0.375,cpu_perf_counter,cpu
49,transformer.layer.4.attention.out_lin,Linear,0.3695,0.375,150994944.0,590592,0,42,0.3703,counter,"[1, 128, 768]","[1, 128, 768]",974.89,0.0,0.375,cpu_perf_counter,cpu
49,transformer.layer.4.sa_layer_norm,LayerNorm,0.0341,0.375,491520.0,1536,0,43,0.0349,analytic,"[1, 128, 768]","[1, 128, 768]",974.89,0.0,0.375,cpu_perf_counter,cpu
49,transformer.layer.4.ffn.lin1,Linear,1.5805,1.5,603979776.0,2362368,0,44,1.5813,counter,"[1, 128, 768]","[1, 128, 3072]",974.89,0.0,1.5,cpu_perf_counter,cpu
49,transformer.layer.4.ffn.activation,GELUActivation,0.1313,1.5,0.0,0,0,45,0.1321,none,"[1, 128, 3072]","[1, 128, 3072]",974.89,0.0,1.5,cpu_perf_counter,cpu
49,transformer.layer.4.ffn.lin2,Linear,1.5159,0.375,603979776.0,2360064,0,46,1.5167,counter,"[1, 128, 3072]","[1, 128, 768]",974.89,0.0,0.375,cpu_perf_counter,cpu
49,transformer.layer.4.output_layer_norm,LayerNorm,0.0502,0.375,491520.0,1536,0,47,0.051,analytic,"[1, 128, 768]","[1, 128, 768]",974.89,0.0,0.375,cpu_perf_counter,cpu
49,transformer.layer.5.attention.q_lin,Linear,0.3823,0.375,150994944.0,590592,0,48,0.3831,counter,"[1, 128, 768]","[1, 128, 768]",974.89,0.0,0.375,cpu_perf_counter,cpu
49,transformer.layer.5.attention.k_lin,Linear,0.3643,0.375,150994944.0,590592,0,49,0.3651,counter,"[1, 128, 768]","[1, 128, 768]",974.89,0.0,0.375,cpu_perf_counter,cpu
49,transformer.layer.5.attention.v_lin,Linear,0.3706,0.375,150994944.0,590592,0,50,0.3714,counter,"[1, 128, 768]","[1, 128, 768]",974.89,0.0,0.375,cpu_perf_counter,cpu
49,transformer.layer.5.attention.out_lin,Linear,0.3737,0.375,150994944.0,590592,0,51,0.3745,counter,"[1, 128, 768]","[1, 128, 768]",974.89,0.0,0.375,cpu_perf_counter,cpu
49,transformer.layer.5.sa_layer_norm,LayerNorm,0.0374,0.375,491520.0,1536,0,52,0.0382,analytic,"[1, 128, 768]","[1, 128, 768]",974.89,0.0,0.375,cpu_perf_counter,cpu
49,transformer.layer.5.ffn.lin1,Linear,1.6137,1.5,603979776.0,2362368,0,53,1.6145,counter,"[1, 128, 768]","[1, 128, 3072]",974.89,0.0,1.5,cpu_perf_counter,cpu
49,transformer.layer.5.ffn.activation,GELUActivation,0.1747,1.5,0.0,0,0,54,0.1755,none,"[1, 128, 3072]","[1, 128, 3072]",974.89,0.0,1.5,cpu_perf_counter,cpu
49,transformer.layer.5.ffn.lin2,Linear,1.3967,0.375,603979776.0,2360064,0,55,1.3975,counter,"[1, 128, 3072]","[1, 128, 768]",974.89,0.0,0.375,cpu_perf_counter,cpu
49,transformer.layer.5.output_layer_norm,LayerNorm,0.0438,0.375,491520.0,1536,0,56,0.0446,analytic,"[1, 128, 768]","[1, 128, 768]",974.89,0.0,0.375,cpu_perf_counter,cpu
