layer_name,layer_type,input_shape,output_shape,param_count,forward_time_ms,gpu_mem_before_mb,gpu_mem_after_mb,gpu_mem_delta_mb,gpu_util_pct,iteration,device
inner.model.0.conv,Conv2d,"[1, 3, 224, 224]","[1, 16, 112, 112]",432,1.1329,474.102,474.867,0.766,0.0,0,cpu
inner.model.0.bn,BatchNorm2d,"[1, 16, 112, 112]","[1, 16, 112, 112]",32,0.2859,474.102,474.867,0.766,0.0,0,cpu
inner.model.0.act,SiLU,"[1, 16, 112, 112]","[1, 16, 112, 112]",0,0.1384,474.102,474.867,0.766,0.0,0,cpu
inner.model.1.conv,Conv2d,"[1, 16, 112, 112]","[1, 32, 56, 56]",4608,1.086,474.102,474.484,0.383,0.0,0,cpu
inner.model.1.bn,BatchNorm2d,"[1, 32, 56, 56]","[1, 32, 56, 56]",64,0.1316,474.102,474.484,0.383,0.0,0,cpu
inner.model.0.act,SiLU,"[1, 32, 56, 56]","[1, 32, 56, 56]",0,0.0964,474.102,474.484,0.383,0.0,0,cpu
inner.model.2.cv1.conv,Conv2d,"[1, 32, 56, 56]","[1, 32, 56, 56]",1024,0.2548,474.102,474.484,0.383,0.0,0,cpu
inner.model.2.cv1.bn,BatchNorm2d,"[1, 32, 56, 56]","[1, 32, 56, 56]",64,0.0671,474.102,474.484,0.383,0.0,0,cpu
inner.model.0.act,SiLU,"[1, 32, 56, 56]","[1, 32, 56, 56]",0,0.044,474.102,474.484,0.383,0.0,0,cpu
inner.model.2.m.0.cv1.conv,Conv2d,"[1, 16, 56, 56]","[1, 16, 56, 56]",2304,0.2315,474.102,474.293,0.191,0.0,0,cpu
inner.model.2.m.0.cv1.bn,BatchNorm2d,"[1, 16, 56, 56]","[1, 16, 56, 56]",32,0.0503,474.102,474.293,0.191,0.0,0,cpu
inner.model.0.act,SiLU,"[1, 16, 56, 56]","[1, 16, 56, 56]",0,0.0269,474.102,474.293,0.191,0.0,0,cpu
inner.model.2.m.0.cv2.conv,Conv2d,"[1, 16, 56, 56]","[1, 16, 56, 56]",2304,0.2635,474.102,474.293,0.191,0.0,0,cpu
inner.model.2.m.0.cv2.bn,BatchNorm2d,"[1, 16, 56, 56]","[1, 16, 56, 56]",32,0.0799,474.102,474.293,0.191,0.0,0,cpu
inner.model.0.act,SiLU,"[1, 16, 56, 56]","[1, 16, 56, 56]",0,0.0325,474.102,474.293,0.191,0.0,0,cpu
inner.model.2.cv2.conv,Conv2d,"[1, 48, 56, 56]","[1, 32, 56, 56]",1536,0.2618,474.102,474.484,0.383,0.0,0,cpu
inner.model.2.cv2.bn,BatchNorm2d,"[1, 32, 56, 56]","[1, 32, 56, 56]",64,0.066,474.102,474.484,0.383,0.0,0,cpu
inner.model.0.act,SiLU,"[1, 32, 56, 56]","[1, 32, 56, 56]",0,0.0345,474.102,474.484,0.383,0.0,0,cpu
inner.model.3.conv,Conv2d,"[1, 32, 56, 56]","[1, 64, 28, 28]",18432,0.2979,474.102,474.293,0.191,0.0,0,cpu
inner.model.3.bn,BatchNorm2d,"[1, 64, 28, 28]","[1, 64, 28, 28]",128,0.0466,474.102,474.293,0.191,0.0,0,cpu
inner.model.0.act,SiLU,"[1, 64, 28, 28]","[1, 64, 28, 28]",0,0.0215,474.102,474.293,0.191,0.0,0,cpu
inner.model.4.cv1.conv,Conv2d,"[1, 64, 28, 28]","[1, 64, 28, 28]",4096,0.159,474.102,474.293,0.191,0.0,0,cpu
inner.model.4.cv1.bn,BatchNorm2d,"[1, 64, 28, 28]","[1, 64, 28, 28]",128,0.0453,474.102,474.293,0.191,0.0,0,cpu
inner.model.0.act,SiLU,"[1, 64, 28, 28]","[1, 64, 28, 28]",0,0.0212,474.102,474.293,0.191,0.0,0,cpu
inner.model.4.m.0.cv1.conv,Conv2d,"[1, 32, 28, 28]","[1, 32, 28, 28]",9216,0.1935,474.102,474.197,0.096,0.0,0,cpu
inner.model.4.m.0.cv1.bn,BatchNorm2d,"[1, 32, 28, 28]","[1, 32, 28, 28]",64,0.0377,474.102,474.197,0.096,0.0,0,cpu
inner.model.0.act,SiLU,"[1, 32, 28, 28]","[1, 32, 28, 28]",0,0.0213,474.102,474.197,0.096,0.0,0,cpu
inner.model.4.m.0.cv2.conv,Conv2d,"[1, 32, 28, 28]","[1, 32, 28, 28]",9216,0.1758,474.102,474.197,0.096,0.0,0,cpu
inner.model.4.m.0.cv2.bn,BatchNorm2d,"[1, 32, 28, 28]","[1, 32, 28, 28]",64,0.0357,474.102,474.197,0.096,0.0,0,cpu
inner.model.0.act,SiLU,"[1, 32, 28, 28]","[1, 32, 28, 28]",0,0.0214,474.102,474.197,0.096,0.0,0,cpu
inner.model.4.m.1.cv1.conv,Conv2d,"[1, 32, 28, 28]","[1, 32, 28, 28]",9216,0.1735,474.102,474.197,0.096,0.0,0,cpu
inner.model.4.m.1.cv1.bn,BatchNorm2d,"[1, 32, 28, 28]","[1, 32, 28, 28]",64,0.0358,474.102,474.197,0.096,0.0,0,cpu
inner.model.0.act,SiLU,"[1, 32, 28, 28]","[1, 32, 28, 28]",0,0.0214,474.102,474.197,0.096,0.0,0,cpu
inner.model.4.m.1.cv2.conv,Conv2d,"[1, 32, 28, 28]","[1, 32, 28, 28]",9216,0.1707,474.102,474.197,0.096,0.0,0,cpu
inner.model.4.m.1.cv2.bn,BatchNorm2d,"[1, 32, 28, 28]","[1, 32, 28, 28]",64,0.0356,474.102,474.197,0.096,0.0,0,cpu
inner.model.0.act,SiLU,"[1, 32, 28, 28]","[1, 32, 28, 28]",0,0.0211,474.102,474.197,0.096,0.0,0,cpu
inner.model.4.cv2.conv,Conv2d,"[1, 128, 28, 28]","[1, 64, 28, 28]",8192,0.1974,474.102,474.293,0.191,0.0,0,cpu
inner.model.4.cv2.bn,BatchNorm2d,"[1, 64, 28, 28]","[1, 64, 28, 28]",128,0.0436,474.102,474.293,0.191,0.0,0,cpu
inner.model.0.act,SiLU,"[1, 64, 28, 28]","[1, 64, 28, 28]",0,0.0203,474.102,474.293,0.191,0.0,0,cpu
inner.model.5.conv,Conv2d,"[1, 64, 28, 28]","[1, 128, 14, 14]",73728,0.2664,474.102,474.197,0.096,0.0,0,cpu
inner.model.5.bn,BatchNorm2d,"[1, 128, 14, 14]","[1, 128, 14, 14]",256,0.0377,474.102,474.197,0.096,0.0,0,cpu
inner.model.0.act,SiLU,"[1, 128, 14, 14]","[1, 128, 14, 14]",0,0.0208,474.102,474.197,0.096,0.0,0,cpu
inner.model.6.cv1.conv,Conv2d,"[1, 128, 14, 14]","[1, 128, 14, 14]",16384,0.1545,474.102,474.197,0.096,0.0,0,cpu
inner.model.6.cv1.bn,BatchNorm2d,"[1, 128, 14, 14]","[1, 128, 14, 14]",256,0.0365,474.102,474.197,0.096,0.0,0,cpu
inner.model.0.act,SiLU,"[1, 128, 14, 14]","[1, 128, 14, 14]",0,0.0207,474.102,474.197,0.096,0.0,0,cpu
inner.model.6.m.0.cv1.conv,Conv2d,"[1, 64, 14, 14]","[1, 64, 14, 14]",36864,0.2028,474.102,474.149,0.048,0.0,0,cpu
inner.model.6.m.0.cv1.bn,BatchNorm2d,"[1, 64, 14, 14]","[1, 64, 14, 14]",128,0.0359,474.102,474.149,0.048,0.0,0,cpu
inner.model.0.act,SiLU,"[1, 64, 14, 14]","[1, 64, 14, 14]",0,0.0149,474.102,474.149,0.048,0.0,0,cpu
inner.model.6.m.0.cv2.conv,Conv2d,"[1, 64, 14, 14]","[1, 64, 14, 14]",36864,0.1689,474.102,474.149,0.048,0.0,0,cpu
inner.model.6.m.0.cv2.bn,BatchNorm2d,"[1, 64, 14, 14]","[1, 64, 14, 14]",128,0.0313,474.102,474.149,0.048,0.0,0,cpu
inner.model.0.act,SiLU,"[1, 64, 14, 14]","[1, 64, 14, 14]",0,0.0144,474.102,474.149,0.048,0.0,0,cpu
inner.model.6.m.1.cv1.conv,Conv2d,"[1, 64, 14, 14]","[1, 64, 14, 14]",36864,0.166,474.102,474.149,0.048,0.0,0,cpu
inner.model.6.m.1.cv1.bn,BatchNorm2d,"[1, 64, 14, 14]","[1, 64, 14, 14]",128,0.0317,474.102,474.149,0.048,0.0,0,cpu
inner.model.0.act,SiLU,"[1, 64, 14, 14]","[1, 64, 14, 14]",0,0.0142,474.102,474.149,0.048,0.0,0,cpu
inner.model.6.m.1.cv2.conv,Conv2d,"[1, 64, 14, 14]","[1, 64, 14, 14]",36864,0.1639,474.102,474.149,0.048,0.0,0,cpu
inner.model.6.m.1.cv2.bn,BatchNorm2d,"[1, 64, 14, 14]","[1, 64, 14, 14]",128,0.031,474.102,474.149,0.048,0.0,0,cpu
inner.model.0.act,SiLU,"[1, 64, 14, 14]","[1, 64, 14, 14]",0,0.0137,474.102,474.149,0.048,0.0,0,cpu
inner.model.6.cv2.conv,Conv2d,"[1, 256, 14, 14]","[1, 128, 14, 14]",32768,0.2,474.102,474.197,0.096,0.0,0,cpu
inner.model.6.cv2.bn,BatchNorm2d,"[1, 128, 14, 14]","[1, 128, 14, 14]",256,0.0377,474.102,474.197,0.096,0.0,0,cpu
inner.model.0.act,SiLU,"[1, 128, 14, 14]","[1, 128, 14, 14]",0,0.0207,474.102,474.197,0.096,0.0,0,cpu
inner.model.7.conv,Conv2d,"[1, 128, 14, 14]","[1, 256, 7, 7]",294912,0.4127,474.102,474.149,0.048,0.0,0,cpu
inner.model.7.bn,BatchNorm2d,"[1, 256, 7, 7]","[1, 256, 7, 7]",512,0.0373,474.102,474.149,0.048,0.0,0,cpu
inner.model.0.act,SiLU,"[1, 256, 7, 7]","[1, 256, 7, 7]",0,0.0155,474.102,474.149,0.048,0.0,0,cpu
inner.model.8.cv1.conv,Conv2d,"[1, 256, 7, 7]","[1, 256, 7, 7]",65536,0.1011,474.102,474.149,0.048,0.0,0,cpu
inner.model.8.cv1.bn,BatchNorm2d,"[1, 256, 7, 7]","[1, 256, 7, 7]",512,0.0313,474.102,474.149,0.048,0.0,0,cpu
inner.model.0.act,SiLU,"[1, 256, 7, 7]","[1, 256, 7, 7]",0,0.0146,474.102,474.149,0.048,0.0,0,cpu
inner.model.8.m.0.cv1.conv,Conv2d,"[1, 128, 7, 7]","[1, 128, 7, 7]",147456,0.23,474.102,474.125,0.024,0.0,0,cpu
inner.model.8.m.0.cv1.bn,BatchNorm2d,"[1, 128, 7, 7]","[1, 128, 7, 7]",256,0.0329,474.102,474.125,0.024,0.0,0,cpu
inner.model.0.act,SiLU,"[1, 128, 7, 7]","[1, 128, 7, 7]",0,0.0121,474.102,474.125,0.024,0.0,0,cpu
inner.model.8.m.0.cv2.conv,Conv2d,"[1, 128, 7, 7]","[1, 128, 7, 7]",147456,0.2164,474.102,474.125,0.024,0.0,0,cpu
inner.model.8.m.0.cv2.bn,BatchNorm2d,"[1, 128, 7, 7]","[1, 128, 7, 7]",256,0.0305,474.102,474.125,0.024,0.0,0,cpu
inner.model.0.act,SiLU,"[1, 128, 7, 7]","[1, 128, 7, 7]",0,0.0114,474.102,474.125,0.024,0.0,0,cpu
inner.model.8.cv2.conv,Conv2d,"[1, 384, 7, 7]","[1, 256, 7, 7]",98304,0.1016,474.102,474.149,0.048,0.0,0,cpu
inner.model.8.cv2.bn,BatchNorm2d,"[1, 256, 7, 7]","[1, 256, 7, 7]",512,0.0322,474.102,474.149,0.048,0.0,0,cpu
inner.model.0.act,SiLU,"[1, 256, 7, 7]","[1, 256, 7, 7]",0,0.0143,474.102,474.149,0.048,0.0,0,cpu
inner.model.9.cv1.conv,Conv2d,"[1, 256, 7, 7]","[1, 128, 7, 7]",32768,0.0544,474.102,474.125,0.024,0.0,0,cpu
inner.model.9.cv1.bn,BatchNorm2d,"[1, 128, 7, 7]","[1, 128, 7, 7]",256,0.0297,474.102,474.125,0.024,0.0,0,cpu
inner.model.0.act,SiLU,"[1, 128, 7, 7]","[1, 128, 7, 7]",0,0.0111,474.102,474.125,0.024,0.0,0,cpu
inner.model.9.m,MaxPool2d,"[1, 128, 7, 7]","[1, 128, 7, 7]",0,0.3343,474.102,474.125,0.024,0.0,0,cpu
inner.model.9.m,MaxPool2d,"[1, 128, 7, 7]","[1, 128, 7, 7]",0,0.2316,474.102,474.125,0.024,0.0,0,cpu
inner.model.9.m,MaxPool2d,"[1, 128, 7, 7]","[1, 128, 7, 7]",0,0.1965,474.102,474.125,0.024,0.0,0,cpu
inner.model.9.cv2.conv,Conv2d,"[1, 512, 7, 7]","[1, 256, 7, 7]",131072,0.2761,474.102,474.149,0.048,0.0,0,cpu
inner.model.9.cv2.bn,BatchNorm2d,"[1, 256, 7, 7]","[1, 256, 7, 7]",512,0.039,474.102,474.149,0.048,0.0,0,cpu
inner.model.0.act,SiLU,"[1, 256, 7, 7]","[1, 256, 7, 7]",0,0.0162,474.102,474.149,0.048,0.0,0,cpu
inner.model.10,Upsample,"[1, 256, 7, 7]","[1, 256, 14, 14]",0,0.0836,474.102,474.293,0.191,0.0,0,cpu
inner.model.11,Concat,"[1, 256, 14, 14]","[1, 384, 14, 14]",0,0.0394,474.102,474.389,0.287,0.0,0,cpu
inner.model.12.cv1.conv,Conv2d,"[1, 384, 14, 14]","[1, 128, 14, 14]",49152,0.2411,474.102,474.197,0.096,0.0,0,cpu
inner.model.12.cv1.bn,BatchNorm2d,"[1, 128, 14, 14]","[1, 128, 14, 14]",256,0.0393,474.102,474.197,0.096,0.0,0,cpu
inner.model.0.act,SiLU,"[1, 128, 14, 14]","[1, 128, 14, 14]",0,0.0217,474.102,474.197,0.096,0.0,0,cpu
inner.model.12.m.0.cv1.conv,Conv2d,"[1, 64, 14, 14]","[1, 64, 14, 14]",36864,0.173,474.102,474.149,0.048,0.0,0,cpu
inner.model.12.m.0.cv1.bn,BatchNorm2d,"[1, 64, 14, 14]","[1, 64, 14, 14]",128,0.0329,474.102,474.149,0.048,0.0,0,cpu
inner.model.0.act,SiLU,"[1, 64, 14, 14]","[1, 64, 14, 14]",0,0.0148,474.102,474.149,0.048,0.0,0,cpu
inner.model.12.m.0.cv2.conv,Conv2d,"[1, 64, 14, 14]","[1, 64, 14, 14]",36864,0.1625,474.102,474.149,0.048,0.0,0,cpu
inner.model.12.m.0.cv2.bn,BatchNorm2d,"[1, 64, 14, 14]","[1, 64, 14, 14]",128,0.0307,474.102,474.149,0.048,0.0,0,cpu
inner.model.0.act,SiLU,"[1, 64, 14, 14]","[1, 64, 14, 14]",0,0.0139,474.102,474.149,0.048,0.0,0,cpu
inner.model.12.cv2.conv,Conv2d,"[1, 192, 14, 14]","[1, 128, 14, 14]",24576,0.1742,474.102,474.197,0.096,0.0,0,cpu
inner.model.12.cv2.bn,BatchNorm2d,"[1, 128, 14, 14]","[1, 128, 14, 14]",256,0.0377,474.102,474.197,0.096,0.0,0,cpu
inner.model.0.act,SiLU,"[1, 128, 14, 14]","[1, 128, 14, 14]",0,0.021,474.102,474.197,0.096,0.0,0,cpu
inner.model.13,Upsample,"[1, 128, 14, 14]","[1, 128, 28, 28]",0,0.117,474.102,474.484,0.383,0.0,0,cpu
inner.model.14,Concat,"[1, 128, 28, 28]","[1, 192, 28, 28]",0,0.0397,474.102,474.676,0.574,0.0,0,cpu
inner.model.15.cv1.conv,Conv2d,"[1, 192, 28, 28]","[1, 64, 28, 28]",12288,0.2584,474.102,474.293,0.191,0.0,0,cpu
inner.model.15.cv1.bn,BatchNorm2d,"[1, 64, 28, 28]","[1, 64, 28, 28]",128,0.0441,474.102,474.293,0.191,0.0,0,cpu
inner.model.0.act,SiLU,"[1, 64, 28, 28]","[1, 64, 28, 28]",0,0.0218,474.102,474.293,0.191,0.0,0,cpu
inner.model.15.m.0.cv1.conv,Conv2d,"[1, 32, 28, 28]","[1, 32, 28, 28]",9216,0.1886,474.102,474.197,0.096,0.0,0,cpu
inner.model.15.m.0.cv1.bn,BatchNorm2d,"[1, 32, 28, 28]","[1, 32, 28, 28]",64,0.0366,474.102,474.197,0.096,0.0,0,cpu
inner.model.0.act,SiLU,"[1, 32, 28, 28]","[1, 32, 28, 28]",0,0.0206,474.102,474.197,0.096,0.0,0,cpu
inner.model.15.m.0.cv2.conv,Conv2d,"[1, 32, 28, 28]","[1, 32, 28, 28]",9216,0.1725,474.102,474.197,0.096,0.0,0,cpu
inner.model.15.m.0.cv2.bn,BatchNorm2d,"[1, 32, 28, 28]","[1, 32, 28, 28]",64,0.035,474.102,474.197,0.096,0.0,0,cpu
inner.model.0.act,SiLU,"[1, 32, 28, 28]","[1, 32, 28, 28]",0,0.0212,474.102,474.197,0.096,0.0,0,cpu
inner.model.15.cv2.conv,Conv2d,"[1, 96, 28, 28]","[1, 64, 28, 28]",6144,0.1757,474.102,474.293,0.191,0.0,0,cpu
inner.model.15.cv2.bn,BatchNorm2d,"[1, 64, 28, 28]","[1, 64, 28, 28]",128,0.0438,474.102,474.293,0.191,0.0,0,cpu
inner.model.0.act,SiLU,"[1, 64, 28, 28]","[1, 64, 28, 28]",0,0.021,474.102,474.293,0.191,0.0,0,cpu
inner.model.16.conv,Conv2d,"[1, 64, 28, 28]","[1, 64, 14, 14]",36864,0.1934,474.102,474.149,0.048,0.0,0,cpu
inner.model.16.bn,BatchNorm2d,"[1, 64, 14, 14]","[1, 64, 14, 14]",128,0.0335,474.102,474.149,0.048,0.0,0,cpu
inner.model.0.act,SiLU,"[1, 64, 14, 14]","[1, 64, 14, 14]",0,0.0153,474.102,474.149,0.048,0.0,0,cpu
inner.model.17,Concat,"[1, 64, 14, 14]","[1, 192, 14, 14]",0,0.024,474.102,474.245,0.144,0.0,0,cpu
inner.model.18.cv1.conv,Conv2d,"[1, 192, 14, 14]","[1, 128, 14, 14]",24576,0.1674,474.102,474.197,0.096,0.0,0,cpu
inner.model.18.cv1.bn,BatchNorm2d,"[1, 128, 14, 14]","[1, 128, 14, 14]",256,0.038,474.102,474.197,0.096,0.0,0,cpu
inner.model.0.act,SiLU,"[1, 128, 14, 14]","[1, 128, 14, 14]",0,0.0217,474.102,474.197,0.096,0.0,0,cpu
inner.model.18.m.0.cv1.conv,Conv2d,"[1, 64, 14, 14]","[1, 64, 14, 14]",36864,0.1772,474.102,474.149,0.048,0.0,0,cpu
inner.model.18.m.0.cv1.bn,BatchNorm2d,"[1, 64, 14, 14]","[1, 64, 14, 14]",128,0.0322,474.102,474.149,0.048,0.0,0,cpu
inner.model.0.act,SiLU,"[1, 64, 14, 14]","[1, 64, 14, 14]",0,0.0148,474.102,474.149,0.048,0.0,0,cpu
inner.model.18.m.0.cv2.conv,Conv2d,"[1, 64, 14, 14]","[1, 64, 14, 14]",36864,0.6836,474.102,474.149,0.048,0.0,0,cpu
inner.model.18.m.0.cv2.bn,BatchNorm2d,"[1, 64, 14, 14]","[1, 64, 14, 14]",128,0.0935,474.102,474.149,0.048,0.0,0,cpu
inner.model.0.act,SiLU,"[1, 64, 14, 14]","[1, 64, 14, 14]",0,0.0261,474.102,474.149,0.048,0.0,0,cpu
inner.model.18.cv2.conv,Conv2d,"[1, 192, 14, 14]","[1, 128, 14, 14]",24576,0.6595,474.102,474.197,0.096,0.0,0,cpu
inner.model.18.cv2.bn,BatchNorm2d,"[1, 128, 14, 14]","[1, 128, 14, 14]",256,0.0654,474.102,474.197,0.096,0.0,0,cpu
inner.model.0.act,SiLU,"[1, 128, 14, 14]","[1, 128, 14, 14]",0,0.0362,474.102,474.197,0.096,0.0,0,cpu
inner.model.19.conv,Conv2d,"[1, 128, 14, 14]","[1, 128, 7, 7]",147456,0.4187,474.102,474.125,0.024,0.0,0,cpu
inner.model.19.bn,BatchNorm2d,"[1, 128, 7, 7]","[1, 128, 7, 7]",256,0.0569,474.102,474.125,0.024,0.0,0,cpu
inner.model.0.act,SiLU,"[1, 128, 7, 7]","[1, 128, 7, 7]",0,0.0203,474.102,474.125,0.024,0.0,0,cpu
inner.model.20,Concat,"[1, 128, 7, 7]","[1, 384, 7, 7]",0,0.0321,474.102,474.173,0.072,0.0,0,cpu
inner.model.21.cv1.conv,Conv2d,"[1, 384, 7, 7]","[1, 256, 7, 7]",98304,0.1493,474.102,474.149,0.048,0.0,0,cpu
inner.model.21.cv1.bn,BatchNorm2d,"[1, 256, 7, 7]","[1, 256, 7, 7]",512,0.0511,474.102,474.149,0.048,0.0,0,cpu
inner.model.0.act,SiLU,"[1, 256, 7, 7]","[1, 256, 7, 7]",0,0.0237,474.102,474.149,0.048,0.0,0,cpu
inner.model.21.m.0.cv1.conv,Conv2d,"[1, 128, 7, 7]","[1, 128, 7, 7]",147456,0.298,474.102,474.125,0.024,0.0,0,cpu
inner.model.21.m.0.cv1.bn,BatchNorm2d,"[1, 128, 7, 7]","[1, 128, 7, 7]",256,0.0487,474.102,474.125,0.024,0.0,0,cpu
inner.model.0.act,SiLU,"[1, 128, 7, 7]","[1, 128, 7, 7]",0,0.0177,474.102,474.125,0.024,0.0,0,cpu
inner.model.21.m.0.cv2.conv,Conv2d,"[1, 128, 7, 7]","[1, 128, 7, 7]",147456,0.3846,474.102,474.125,0.024,0.0,0,cpu
inner.model.21.m.0.cv2.bn,BatchNorm2d,"[1, 128, 7, 7]","[1, 128, 7, 7]",256,0.1701,474.102,474.125,0.024,0.0,0,cpu
inner.model.0.act,SiLU,"[1, 128, 7, 7]","[1, 128, 7, 7]",0,0.0207,474.102,474.125,0.024,0.0,0,cpu
inner.model.21.cv2.conv,Conv2d,"[1, 384, 7, 7]","[1, 256, 7, 7]",98304,0.1834,474.102,474.149,0.048,0.0,0,cpu
inner.model.21.cv2.bn,BatchNorm2d,"[1, 256, 7, 7]","[1, 256, 7, 7]",512,0.0571,474.102,474.149,0.048,0.0,0,cpu
inner.model.0.act,SiLU,"[1, 256, 7, 7]","[1, 256, 7, 7]",0,0.0202,474.102,474.149,0.048,0.0,0,cpu
inner.model.22.cv2.0.0.conv,Conv2d,"[1, 64, 28, 28]","[1, 64, 28, 28]",36864,0.749,474.102,474.293,0.191,0.0,0,cpu
inner.model.22.cv2.0.0.bn,BatchNorm2d,"[1, 64, 28, 28]","[1, 64, 28, 28]",128,0.0551,474.102,474.293,0.191,0.0,0,cpu
inner.model.0.act,SiLU,"[1, 64, 28, 28]","[1, 64, 28, 28]",0,0.0337,474.102,474.293,0.191,0.0,0,cpu
inner.model.22.cv2.0.1.conv,Conv2d,"[1, 64, 28, 28]","[1, 64, 28, 28]",36864,0.6432,474.102,474.293,0.191,0.0,0,cpu
inner.model.22.cv2.0.1.bn,BatchNorm2d,"[1, 64, 28, 28]","[1, 64, 28, 28]",128,0.0528,474.102,474.293,0.191,0.0,0,cpu
inner.model.0.act,SiLU,"[1, 64, 28, 28]","[1, 64, 28, 28]",0,0.0315,474.102,474.293,0.191,0.0,0,cpu
inner.model.22.cv2.0.2,Conv2d,"[1, 64, 28, 28]","[1, 64, 28, 28]",4160,0.2212,474.102,474.293,0.191,0.0,0,cpu
inner.model.22.cv2.1.0.conv,Conv2d,"[1, 128, 14, 14]","[1, 64, 14, 14]",73728,0.4364,474.102,474.149,0.048,0.0,0,cpu
inner.model.22.cv2.1.0.bn,BatchNorm2d,"[1, 64, 14, 14]","[1, 64, 14, 14]",128,0.0455,474.102,474.149,0.048,0.0,0,cpu
inner.model.0.act,SiLU,"[1, 64, 14, 14]","[1, 64, 14, 14]",0,0.0184,474.102,474.149,0.048,0.0,0,cpu
inner.model.22.cv2.1.1.conv,Conv2d,"[1, 64, 14, 14]","[1, 64, 14, 14]",36864,0.2892,474.102,474.149,0.048,0.0,0,cpu
inner.model.22.cv2.1.1.bn,BatchNorm2d,"[1, 64, 14, 14]","[1, 64, 14, 14]",128,0.0409,474.102,474.149,0.048,0.0,0,cpu
inner.model.0.act,SiLU,"[1, 64, 14, 14]","[1, 64, 14, 14]",0,0.0174,474.102,474.149,0.048,0.0,0,cpu
inner.model.22.cv2.1.2,Conv2d,"[1, 64, 14, 14]","[1, 64, 14, 14]",4160,0.0693,474.102,474.149,0.048,0.0,0,cpu
inner.model.22.cv2.2.0.conv,Conv2d,"[1, 256, 7, 7]","[1, 64, 7, 7]",147456,0.3824,474.102,474.114,0.012,0.0,0,cpu
inner.model.22.cv2.2.0.bn,BatchNorm2d,"[1, 64, 7, 7]","[1, 64, 7, 7]",128,0.0393,474.102,474.114,0.012,0.0,0,cpu
inner.model.0.act,SiLU,"[1, 64, 7, 7]","[1, 64, 7, 7]",0,0.0121,474.102,474.114,0.012,0.0,0,cpu
inner.model.22.cv2.2.1.conv,Conv2d,"[1, 64, 7, 7]","[1, 64, 7, 7]",36864,0.1113,474.102,474.114,0.012,0.0,0,cpu
inner.model.22.cv2.2.1.bn,BatchNorm2d,"[1, 64, 7, 7]","[1, 64, 7, 7]",128,0.0338,474.102,474.114,0.012,0.0,0,cpu
inner.model.0.act,SiLU,"[1, 64, 7, 7]","[1, 64, 7, 7]",0,0.0111,474.102,474.114,0.012,0.0,0,cpu
inner.model.22.cv2.2.2,Conv2d,"[1, 64, 7, 7]","[1, 64, 7, 7]",4160,0.0397,474.102,474.114,0.012,0.0,0,cpu
inner.model.22.cv3.0.0.conv,Conv2d,"[1, 64, 28, 28]","[1, 80, 28, 28]",46080,0.7835,474.102,474.341,0.239,0.0,0,cpu
inner.model.22.cv3.0.0.bn,BatchNorm2d,"[1, 80, 28, 28]","[1, 80, 28, 28]",160,0.0562,474.102,474.341,0.239,0.0,0,cpu
inner.model.0.act,SiLU,"[1, 80, 28, 28]","[1, 80, 28, 28]",0,0.0366,474.102,474.341,0.239,0.0,0,cpu
inner.model.22.cv3.0.1.conv,Conv2d,"[1, 80, 28, 28]","[1, 80, 28, 28]",57600,0.9023,474.102,474.341,0.239,0.0,0,cpu
inner.model.22.cv3.0.1.bn,BatchNorm2d,"[1, 80, 28, 28]","[1, 80, 28, 28]",160,0.0569,474.102,474.341,0.239,0.0,0,cpu
inner.model.0.act,SiLU,"[1, 80, 28, 28]","[1, 80, 28, 28]",0,0.0363,474.102,474.341,0.239,0.0,0,cpu
inner.model.22.cv3.0.2,Conv2d,"[1, 80, 28, 28]","[1, 80, 28, 28]",6480,0.2516,474.102,474.341,0.239,0.0,0,cpu
inner.model.22.cv3.1.0.conv,Conv2d,"[1, 128, 14, 14]","[1, 80, 14, 14]",92160,0.4715,474.102,474.161,0.06,0.0,0,cpu
inner.model.22.cv3.1.0.bn,BatchNorm2d,"[1, 80, 14, 14]","[1, 80, 14, 14]",160,0.0467,474.102,474.161,0.06,0.0,0,cpu
inner.model.0.act,SiLU,"[1, 80, 14, 14]","[1, 80, 14, 14]",0,0.02,474.102,474.161,0.06,0.0,0,cpu
inner.model.22.cv3.1.1.conv,Conv2d,"[1, 80, 14, 14]","[1, 80, 14, 14]",57600,0.3729,474.102,474.161,0.06,0.0,0,cpu
inner.model.22.cv3.1.1.bn,BatchNorm2d,"[1, 80, 14, 14]","[1, 80, 14, 14]",160,0.0445,474.102,474.161,0.06,0.0,0,cpu
inner.model.0.act,SiLU,"[1, 80, 14, 14]","[1, 80, 14, 14]",0,0.0195,474.102,474.161,0.06,0.0,0,cpu
inner.model.22.cv3.1.2,Conv2d,"[1, 80, 14, 14]","[1, 80, 14, 14]",6480,0.076,474.102,474.161,0.06,0.0,0,cpu
inner.model.22.cv3.2.0.conv,Conv2d,"[1, 256, 7, 7]","[1, 80, 7, 7]",184320,0.4406,474.102,474.117,0.015,0.0,0,cpu
inner.model.22.cv3.2.0.bn,BatchNorm2d,"[1, 80, 7, 7]","[1, 80, 7, 7]",160,0.0401,474.102,474.117,0.015,0.0,0,cpu
inner.model.0.act,SiLU,"[1, 80, 7, 7]","[1, 80, 7, 7]",0,0.0137,474.102,474.117,0.015,0.0,0,cpu
inner.model.22.cv3.2.1.conv,Conv2d,"[1, 80, 7, 7]","[1, 80, 7, 7]",57600,0.1383,474.102,474.117,0.015,0.0,0,cpu
inner.model.22.cv3.2.1.bn,BatchNorm2d,"[1, 80, 7, 7]","[1, 80, 7, 7]",160,0.0339,474.102,474.117,0.015,0.0,0,cpu
inner.model.0.act,SiLU,"[1, 80, 7, 7]","[1, 80, 7, 7]",0,0.0115,474.102,474.117,0.015,0.0,0,cpu
inner.model.22.cv3.2.2,Conv2d,"[1, 80, 7, 7]","[1, 80, 7, 7]",6480,0.043,474.102,474.117,0.015,0.0,0,cpu
inner.model.22.dfl.conv,Conv2d,"[1, 16, 4, 1029]","[1, 1, 4, 1029]",16,0.2137,474.102,474.117,0.016,0.0,0,cpu
inner.model.0.conv,Conv2d,"[1, 3, 224, 224]","[1, 16, 112, 112]",432,0.7963,474.102,474.867,0.766,0.0,1,cpu
inner.model.0.bn,BatchNorm2d,"[1, 16, 112, 112]","[1, 16, 112, 112]",32,0.1836,474.102,474.867,0.766,0.0,1,cpu
inner.model.0.act,SiLU,"[1, 16, 112, 112]","[1, 16, 112, 112]",0,0.1123,474.102,474.867,0.766,0.0,1,cpu
inner.model.1.conv,Conv2d,"[1, 16, 112, 112]","[1, 32, 56, 56]",4608,0.4846,474.102,474.484,0.383,0.0,1,cpu
inner.model.1.bn,BatchNorm2d,"[1, 32, 56, 56]","[1, 32, 56, 56]",64,0.0782,474.102,474.484,0.383,0.0,1,cpu
inner.model.0.act,SiLU,"[1, 32, 56, 56]","[1, 32, 56, 56]",0,0.0808,474.102,474.484,0.383,0.0,1,cpu
inner.model.2.cv1.conv,Conv2d,"[1, 32, 56, 56]","[1, 32, 56, 56]",1024,0.1978,474.102,474.484,0.383,0.0,1,cpu
inner.model.2.cv1.bn,BatchNorm2d,"[1, 32, 56, 56]","[1, 32, 56, 56]",64,0.0605,474.102,474.484,0.383,0.0,1,cpu
inner.model.0.act,SiLU,"[1, 32, 56, 56]","[1, 32, 56, 56]",0,0.0339,474.102,474.484,0.383,0.0,1,cpu
inner.model.2.m.0.cv1.conv,Conv2d,"[1, 16, 56, 56]","[1, 16, 56, 56]",2304,0.3602,474.102,474.293,0.191,0.0,1,cpu
inner.model.2.m.0.cv1.bn,BatchNorm2d,"[1, 16, 56, 56]","[1, 16, 56, 56]",32,0.0527,474.102,474.293,0.191,0.0,1,cpu
inner.model.0.act,SiLU,"[1, 16, 56, 56]","[1, 16, 56, 56]",0,0.0238,474.102,474.293,0.191,0.0,1,cpu
inner.model.2.m.0.cv2.conv,Conv2d,"[1, 16, 56, 56]","[1, 16, 56, 56]",2304,0.1885,474.102,474.293,0.191,0.0,1,cpu
inner.model.2.m.0.cv2.bn,BatchNorm2d,"[1, 16, 56, 56]","[1, 16, 56, 56]",32,0.043,474.102,474.293,0.191,0.0,1,cpu
inner.model.0.act,SiLU,"[1, 16, 56, 56]","[1, 16, 56, 56]",0,0.0211,474.102,474.293,0.191,0.0,1,cpu
inner.model.2.cv2.conv,Conv2d,"[1, 48, 56, 56]","[1, 32, 56, 56]",1536,0.2837,474.102,474.484,0.383,0.0,1,cpu
inner.model.2.cv2.bn,BatchNorm2d,"[1, 32, 56, 56]","[1, 32, 56, 56]",64,0.0607,474.102,474.484,0.383,0.0,1,cpu
inner.model.0.act,SiLU,"[1, 32, 56, 56]","[1, 32, 56, 56]",0,0.0327,474.102,474.484,0.383,0.0,1,cpu
inner.model.3.conv,Conv2d,"[1, 32, 56, 56]","[1, 64, 28, 28]",18432,0.2983,474.102,474.293,0.191,0.0,1,cpu
inner.model.3.bn,BatchNorm2d,"[1, 64, 28, 28]","[1, 64, 28, 28]",128,0.0445,474.102,474.293,0.191,0.0,1,cpu
inner.model.0.act,SiLU,"[1, 64, 28, 28]","[1, 64, 28, 28]",0,0.0209,474.102,474.293,0.191,0.0,1,cpu
inner.model.4.cv1.conv,Conv2d,"[1, 64, 28, 28]","[1, 64, 28, 28]",4096,0.1557,474.102,474.293,0.191,0.0,1,cpu
inner.model.4.cv1.bn,BatchNorm2d,"[1, 64, 28, 28]","[1, 64, 28, 28]",128,0.0431,474.102,474.293,0.191,0.0,1,cpu
inner.model.0.act,SiLU,"[1, 64, 28, 28]","[1, 64, 28, 28]",0,0.0205,474.102,474.293,0.191,0.0,1,cpu
inner.model.4.m.0.cv1.conv,Conv2d,"[1, 32, 28, 28]","[1, 32, 28, 28]",9216,0.1902,474.102,474.197,0.096,0.0,1,cpu
inner.model.4.m.0.cv1.bn,BatchNorm2d,"[1, 32, 28, 28]","[1, 32, 28, 28]",64,0.036,474.102,474.197,0.096,0.0,1,cpu
inner.model.0.act,SiLU,"[1, 32, 28, 28]","[1, 32, 28, 28]",0,0.0206,474.102,474.197,0.096,0.0,1,cpu
inner.model.4.m.0.cv2.conv,Conv2d,"[1, 32, 28, 28]","[1, 32, 28, 28]",9216,0.1756,474.102,474.197,0.096,0.0,1,cpu
inner.model.4.m.0.cv2.bn,BatchNorm2d,"[1, 32, 28, 28]","[1, 32, 28, 28]",64,0.0351,474.102,474.197,0.096,0.0,1,cpu
inner.model.0.act,SiLU,"[1, 32, 28, 28]","[1, 32, 28, 28]",0,0.02,474.102,474.197,0.096,0.0,1,cpu
inner.model.4.m.1.cv1.conv,Conv2d,"[1, 32, 28, 28]","[1, 32, 28, 28]",9216,0.1751,474.102,474.197,0.096,0.0,1,cpu
inner.model.4.m.1.cv1.bn,BatchNorm2d,"[1, 32, 28, 28]","[1, 32, 28, 28]",64,0.0359,474.102,474.197,0.096,0.0,1,cpu
inner.model.0.act,SiLU,"[1, 32, 28, 28]","[1, 32, 28, 28]",0,0.0202,474.102,474.197,0.096,0.0,1,cpu
inner.model.4.m.1.cv2.conv,Conv2d,"[1, 32, 28, 28]","[1, 32, 28, 28]",9216,0.1708,474.102,474.197,0.096,0.0,1,cpu
inner.model.4.m.1.cv2.bn,BatchNorm2d,"[1, 32, 28, 28]","[1, 32, 28, 28]",64,0.0352,474.102,474.197,0.096,0.0,1,cpu
inner.model.0.act,SiLU,"[1, 32, 28, 28]","[1, 32, 28, 28]",0,0.0209,474.102,474.197,0.096,0.0,1,cpu
inner.model.4.cv2.conv,Conv2d,"[1, 128, 28, 28]","[1, 64, 28, 28]",8192,0.1951,474.102,474.293,0.191,0.0,1,cpu
inner.model.4.cv2.bn,BatchNorm2d,"[1, 64, 28, 28]","[1, 64, 28, 28]",128,0.0441,474.102,474.293,0.191,0.0,1,cpu
inner.model.0.act,SiLU,"[1, 64, 28, 28]","[1, 64, 28, 28]",0,0.021,474.102,474.293,0.191,0.0,1,cpu
inner.model.5.conv,Conv2d,"[1, 64, 28, 28]","[1, 128, 14, 14]",73728,0.2691,474.102,474.197,0.096,0.0,1,cpu
inner.model.5.bn,BatchNorm2d,"[1, 128, 14, 14]","[1, 128, 14, 14]",256,0.0384,474.102,474.197,0.096,0.0,1,cpu
inner.model.0.act,SiLU,"[1, 128, 14, 14]","[1, 128, 14, 14]",0,0.0213,474.102,474.197,0.096,0.0,1,cpu
inner.model.6.cv1.conv,Conv2d,"[1, 128, 14, 14]","[1, 128, 14, 14]",16384,0.1547,474.102,474.197,0.096,0.0,1,cpu
inner.model.6.cv1.bn,BatchNorm2d,"[1, 128, 14, 14]","[1, 128, 14, 14]",256,0.0366,474.102,474.197,0.096,0.0,1,cpu
inner.model.0.act,SiLU,"[1, 128, 14, 14]","[1, 128, 14, 14]",0,0.0214,474.102,474.197,0.096,0.0,1,cpu
inner.model.6.m.0.cv1.conv,Conv2d,"[1, 64, 14, 14]","[1, 64, 14, 14]",36864,0.2073,474.102,474.149,0.048,0.0,1,cpu
inner.model.6.m.0.cv1.bn,BatchNorm2d,"[1, 64, 14, 14]","[1, 64, 14, 14]",128,0.0341,474.102,474.149,0.048,0.0,1,cpu
inner.model.0.act,SiLU,"[1, 64, 14, 14]","[1, 64, 14, 14]",0,0.0148,474.102,474.149,0.048,0.0,1,cpu
inner.model.6.m.0.cv2.conv,Conv2d,"[1, 64, 14, 14]","[1, 64, 14, 14]",36864,0.1682,474.102,474.149,0.048,0.0,1,cpu
inner.model.6.m.0.cv2.bn,BatchNorm2d,"[1, 64, 14, 14]","[1, 64, 14, 14]",128,0.0318,474.102,474.149,0.048,0.0,1,cpu
inner.model.0.act,SiLU,"[1, 64, 14, 14]","[1, 64, 14, 14]",0,0.0142,474.102,474.149,0.048,0.0,1,cpu
inner.model.6.m.1.cv1.conv,Conv2d,"[1, 64, 14, 14]","[1, 64, 14, 14]",36864,0.1664,474.102,474.149,0.048,0.0,1,cpu
inner.model.6.m.1.cv1.bn,BatchNorm2d,"[1, 64, 14, 14]","[1, 64, 14, 14]",128,0.0308,474.102,474.149,0.048,0.0,1,cpu
inner.model.0.act,SiLU,"[1, 64, 14, 14]","[1, 64, 14, 14]",0,0.0142,474.102,474.149,0.048,0.0,1,cpu
inner.model.6.m.1.cv2.conv,Conv2d,"[1, 64, 14, 14]","[1, 64, 14, 14]",36864,0.1645,474.102,474.149,0.048,0.0,1,cpu
inner.model.6.m.1.cv2.bn,BatchNorm2d,"[1, 64, 14, 14]","[1, 64, 14, 14]",128,0.03,474.102,474.149,0.048,0.0,1,cpu
inner.model.0.act,SiLU,"[1, 64, 14, 14]","[1, 64, 14, 14]",0,0.0139,474.102,474.149,0.048,0.0,1,cpu
inner.model.6.cv2.conv,Conv2d,"[1, 256, 14, 14]","[1, 128, 14, 14]",32768,0.2004,474.102,474.197,0.096,0.0,1,cpu
inner.model.6.cv2.bn,BatchNorm2d,"[1, 128, 14, 14]","[1, 128, 14, 14]",256,0.0385,474.102,474.197,0.096,0.0,1,cpu
inner.model.0.act,SiLU,"[1, 128, 14, 14]","[1, 128, 14, 14]",0,0.021,474.102,474.197,0.096,0.0,1,cpu
inner.model.7.conv,Conv2d,"[1, 128, 14, 14]","[1, 256, 7, 7]",294912,0.4145,474.102,474.149,0.048,0.0,1,cpu
inner.model.7.bn,BatchNorm2d,"[1, 256, 7, 7]","[1, 256, 7, 7]",512,0.0371,474.102,474.149,0.048,0.0,1,cpu
inner.model.0.act,SiLU,"[1, 256, 7, 7]","[1, 256, 7, 7]",0,0.0158,474.102,474.149,0.048,0.0,1,cpu
inner.model.8.cv1.conv,Conv2d,"[1, 256, 7, 7]","[1, 256, 7, 7]",65536,0.1009,474.102,474.149,0.048,0.0,1,cpu
inner.model.8.cv1.bn,BatchNorm2d,"[1, 256, 7, 7]","[1, 256, 7, 7]",512,0.032,474.102,474.149,0.048,0.0,1,cpu
inner.model.0.act,SiLU,"[1, 256, 7, 7]","[1, 256, 7, 7]",0,0.0141,474.102,474.149,0.048,0.0,1,cpu
inner.model.8.m.0.cv1.conv,Conv2d,"[1, 128, 7, 7]","[1, 128, 7, 7]",147456,0.2297,474.102,474.125,0.024,0.0,1,cpu
inner.model.8.m.0.cv1.bn,BatchNorm2d,"[1, 128, 7, 7]","[1, 128, 7, 7]",256,0.0315,474.102,474.125,0.024,0.0,1,cpu
inner.model.0.act,SiLU,"[1, 128, 7, 7]","[1, 128, 7, 7]",0,0.0119,474.102,474.125,0.024,0.0,1,cpu
inner.model.8.m.0.cv2.conv,Conv2d,"[1, 128, 7, 7]","[1, 128, 7, 7]",147456,0.2128,474.102,474.125,0.024,0.0,1,cpu
inner.model.8.m.0.cv2.bn,BatchNorm2d,"[1, 128, 7, 7]","[1, 128, 7, 7]",256,0.0311,474.102,474.125,0.024,0.0,1,cpu
inner.model.0.act,SiLU,"[1, 128, 7, 7]","[1, 128, 7, 7]",0,0.0116,474.102,474.125,0.024,0.0,1,cpu
inner.model.8.cv2.conv,Conv2d,"[1, 384, 7, 7]","[1, 256, 7, 7]",98304,0.1003,474.102,474.149,0.048,0.0,1,cpu
inner.model.8.cv2.bn,BatchNorm2d,"[1, 256, 7, 7]","[1, 256, 7, 7]",512,0.0322,474.102,474.149,0.048,0.0,1,cpu
inner.model.0.act,SiLU,"[1, 256, 7, 7]","[1, 256, 7, 7]",0,0.0141,474.102,474.149,0.048,0.0,1,cpu
inner.model.9.cv1.conv,Conv2d,"[1, 256, 7, 7]","[1, 128, 7, 7]",32768,0.0553,474.102,474.125,0.024,0.0,1,cpu
inner.model.9.cv1.bn,BatchNorm2d,"[1, 128, 7, 7]","[1, 128, 7, 7]",256,0.0285,474.102,474.125,0.024,0.0,1,cpu
inner.model.0.act,SiLU,"[1, 128, 7, 7]","[1, 128, 7, 7]",0,0.0107,474.102,474.125,0.024,0.0,1,cpu
inner.model.9.m,MaxPool2d,"[1, 128, 7, 7]","[1, 128, 7, 7]",0,0.3327,474.102,474.125,0.024,0.0,1,cpu
inner.model.9.m,MaxPool2d,"[1, 128, 7, 7]","[1, 128, 7, 7]",0,0.2317,474.102,474.125,0.024,0.0,1,cpu
inner.model.9.m,MaxPool2d,"[1, 128, 7, 7]","[1, 128, 7, 7]",0,0.1968,474.102,474.125,0.024,0.0,1,cpu
inner.model.9.cv2.conv,Conv2d,"[1, 512, 7, 7]","[1, 256, 7, 7]",131072,0.2797,474.102,474.149,0.048,0.0,1,cpu
inner.model.9.cv2.bn,BatchNorm2d,"[1, 256, 7, 7]","[1, 256, 7, 7]",512,0.0386,474.102,474.149,0.048,0.0,1,cpu
inner.model.0.act,SiLU,"[1, 256, 7, 7]","[1, 256, 7, 7]",0,0.016,474.102,474.149,0.048,0.0,1,cpu
inner.model.10,Upsample,"[1, 256, 7, 7]","[1, 256, 14, 14]",0,0.0846,474.102,474.293,0.191,0.0,1,cpu
inner.model.11,Concat,"[1, 256, 14, 14]","[1, 384, 14, 14]",0,0.0374,474.102,474.389,0.287,0.0,1,cpu
inner.model.12.cv1.conv,Conv2d,"[1, 384, 14, 14]","[1, 128, 14, 14]",49152,0.2412,474.102,474.197,0.096,0.0,1,cpu
inner.model.12.cv1.bn,BatchNorm2d,"[1, 128, 14, 14]","[1, 128, 14, 14]",256,0.0401,474.102,474.197,0.096,0.0,1,cpu
inner.model.0.act,SiLU,"[1, 128, 14, 14]","[1, 128, 14, 14]",0,0.0217,474.102,474.197,0.096,0.0,1,cpu
inner.model.12.m.0.cv1.conv,Conv2d,"[1, 64, 14, 14]","[1, 64, 14, 14]",36864,0.1736,474.102,474.149,0.048,0.0,1,cpu
inner.model.12.m.0.cv1.bn,BatchNorm2d,"[1, 64, 14, 14]","[1, 64, 14, 14]",128,0.0336,474.102,474.149,0.048,0.0,1,cpu
inner.model.0.act,SiLU,"[1, 64, 14, 14]","[1, 64, 14, 14]",0,0.0144,474.102,474.149,0.048,0.0,1,cpu
inner.model.12.m.0.cv2.conv,Conv2d,"[1, 64, 14, 14]","[1, 64, 14, 14]",36864,0.1609,474.102,474.149,0.048,0.0,1,cpu
inner.model.12.m.0.cv2.bn,BatchNorm2d,"[1, 64, 14, 14]","[1, 64, 14, 14]",128,0.0294,474.102,474.149,0.048,0.0,1,cpu
inner.model.0.act,SiLU,"[1, 64, 14, 14]","[1, 64, 14, 14]",0,0.0142,474.102,474.149,0.048,0.0,1,cpu
inner.model.12.cv2.conv,Conv2d,"[1, 192, 14, 14]","[1, 128, 14, 14]",24576,0.4587,474.102,474.197,0.096,0.0,1,cpu
inner.model.12.cv2.bn,BatchNorm2d,"[1, 128, 14, 14]","[1, 128, 14, 14]",256,0.0921,474.102,474.197,0.096,0.0,1,cpu
inner.model.0.act,SiLU,"[1, 128, 14, 14]","[1, 128, 14, 14]",0,0.0449,474.102,474.197,0.096,0.0,1,cpu
inner.model.13,Upsample,"[1, 128, 14, 14]","[1, 128, 28, 28]",0,0.7212,474.102,474.484,0.383,0.0,1,cpu
inner.model.14,Concat,"[1, 128, 28, 28]","[1, 192, 28, 28]",0,0.0781,474.102,474.676,0.574,0.0,1,cpu
inner.model.15.cv1.conv,Conv2d,"[1, 192, 28, 28]","[1, 64, 28, 28]",12288,0.4257,474.102,474.293,0.191,0.0,1,cpu
inner.model.15.cv1.bn,BatchNorm2d,"[1, 64, 28, 28]","[1, 64, 28, 28]",128,0.0653,474.102,474.293,0.191,0.0,1,cpu
inner.model.0.act,SiLU,"[1, 64, 28, 28]","[1, 64, 28, 28]",0,0.0362,474.102,474.293,0.191,0.0,1,cpu
inner.model.15.m.0.cv1.conv,Conv2d,"[1, 32, 28, 28]","[1, 32, 28, 28]",9216,0.2257,474.102,474.197,0.096,0.0,1,cpu
inner.model.15.m.0.cv1.bn,BatchNorm2d,"[1, 32, 28, 28]","[1, 32, 28, 28]",64,0.0442,474.102,474.197,0.096,0.0,1,cpu
inner.model.0.act,SiLU,"[1, 32, 28, 28]","[1, 32, 28, 28]",0,0.0236,474.102,474.197,0.096,0.0,1,cpu
inner.model.15.m.0.cv2.conv,Conv2d,"[1, 32, 28, 28]","[1, 32, 28, 28]",9216,0.1967,474.102,474.197,0.096,0.0,1,cpu
inner.model.15.m.0.cv2.bn,BatchNorm2d,"[1, 32, 28, 28]","[1, 32, 28, 28]",64,0.0396,474.102,474.197,0.096,0.0,1,cpu
inner.model.0.act,SiLU,"[1, 32, 28, 28]","[1, 32, 28, 28]",0,0.0213,474.102,474.197,0.096,0.0,1,cpu
inner.model.15.cv2.conv,Conv2d,"[1, 96, 28, 28]","[1, 64, 28, 28]",6144,0.2894,474.102,474.293,0.191,0.0,1,cpu
inner.model.15.cv2.bn,BatchNorm2d,"[1, 64, 28, 28]","[1, 64, 28, 28]",128,0.0658,474.102,474.293,0.191,0.0,1,cpu
inner.model.0.act,SiLU,"[1, 64, 28, 28]","[1, 64, 28, 28]",0,0.0645,474.102,474.293,0.191,0.0,1,cpu
inner.model.16.conv,Conv2d,"[1, 64, 28, 28]","[1, 64, 14, 14]",36864,0.2416,474.102,474.149,0.048,0.0,1,cpu
inner.model.16.bn,BatchNorm2d,"[1, 64, 14, 14]","[1, 64, 14, 14]",128,0.0422,474.102,474.149,0.048,0.0,1,cpu
inner.model.0.act,SiLU,"[1, 64, 14, 14]","[1, 64, 14, 14]",0,0.0174,474.102,474.149,0.048,0.0,1,cpu
inner.model.17,Concat,"[1, 64, 14, 14]","[1, 192, 14, 14]",0,0.0361,474.102,474.245,0.144,0.0,1,cpu
inner.model.18.cv1.conv,Conv2d,"[1, 192, 14, 14]","[1, 128, 14, 14]",24576,0.1851,474.102,474.197,0.096,0.0,1,cpu
inner.model.18.cv1.bn,BatchNorm2d,"[1, 128, 14, 14]","[1, 128, 14, 14]",256,0.0403,474.102,474.197,0.096,0.0,1,cpu
inner.model.0.act,SiLU,"[1, 128, 14, 14]","[1, 128, 14, 14]",0,0.0211,474.102,474.197,0.096,0.0,1,cpu
inner.model.18.m.0.cv1.conv,Conv2d,"[1, 64, 14, 14]","[1, 64, 14, 14]",36864,0.2054,474.102,474.149,0.048,0.0,1,cpu
inner.model.18.m.0.cv1.bn,BatchNorm2d,"[1, 64, 14, 14]","[1, 64, 14, 14]",128,0.034,474.102,474.149,0.048,0.0,1,cpu
inner.model.0.act,SiLU,"[1, 64, 14, 14]","[1, 64, 14, 14]",0,0.0152,474.102,474.149,0.048,0.0,1,cpu
inner.model.18.m.0.cv2.conv,Conv2d,"[1, 64, 14, 14]","[1, 64, 14, 14]",36864,0.1645,474.102,474.149,0.048,0.0,1,cpu
inner.model.18.m.0.cv2.bn,BatchNorm2d,"[1, 64, 14, 14]","[1, 64, 14, 14]",128,0.0316,474.102,474.149,0.048,0.0,1,cpu
inner.model.0.act,SiLU,"[1, 64, 14, 14]","[1, 64, 14, 14]",0,0.0142,474.102,474.149,0.048,0.0,1,cpu
inner.model.18.cv2.conv,Conv2d,"[1, 192, 14, 14]","[1, 128, 14, 14]",24576,0.1752,474.102,474.197,0.096,0.0,1,cpu
inner.model.18.cv2.bn,BatchNorm2d,"[1, 128, 14, 14]","[1, 128, 14, 14]",256,0.0384,474.102,474.197,0.096,0.0,1,cpu
inner.model.0.act,SiLU,"[1, 128, 14, 14]","[1, 128, 14, 14]",0,0.0209,474.102,474.197,0.096,0.0,1,cpu
inner.model.19.conv,Conv2d,"[1, 128, 14, 14]","[1, 128, 7, 7]",147456,0.261,474.102,474.125,0.024,0.0,1,cpu
inner.model.19.bn,BatchNorm2d,"[1, 128, 7, 7]","[1, 128, 7, 7]",256,0.0335,474.102,474.125,0.024,0.0,1,cpu
inner.model.0.act,SiLU,"[1, 128, 7, 7]","[1, 128, 7, 7]",0,0.0125,474.102,474.125,0.024,0.0,1,cpu
inner.model.20,Concat,"[1, 128, 7, 7]","[1, 384, 7, 7]",0,0.0194,474.102,474.173,0.072,0.0,1,cpu
inner.model.21.cv1.conv,Conv2d,"[1, 384, 7, 7]","[1, 256, 7, 7]",98304,0.1109,474.102,474.149,0.048,0.0,1,cpu
inner.model.21.cv1.bn,BatchNorm2d,"[1, 256, 7, 7]","[1, 256, 7, 7]",512,0.0335,474.102,474.149,0.048,0.0,1,cpu
inner.model.0.act,SiLU,"[1, 256, 7, 7]","[1, 256, 7, 7]",0,0.0144,474.102,474.149,0.048,0.0,1,cpu
inner.model.21.m.0.cv1.conv,Conv2d,"[1, 128, 7, 7]","[1, 128, 7, 7]",147456,0.2473,474.102,474.125,0.024,0.0,1,cpu
inner.model.21.m.0.cv1.bn,BatchNorm2d,"[1, 128, 7, 7]","[1, 128, 7, 7]",256,0.0334,474.102,474.125,0.024,0.0,1,cpu
inner.model.0.act,SiLU,"[1, 128, 7, 7]","[1, 128, 7, 7]",0,0.0117,474.102,474.125,0.024,0.0,1,cpu
inner.model.21.m.0.cv2.conv,Conv2d,"[1, 128, 7, 7]","[1, 128, 7, 7]",147456,0.2197,474.102,474.125,0.024,0.0,1,cpu
inner.model.21.m.0.cv2.bn,BatchNorm2d,"[1, 128, 7, 7]","[1, 128, 7, 7]",256,0.0314,474.102,474.125,0.024,0.0,1,cpu
inner.model.0.act,SiLU,"[1, 128, 7, 7]","[1, 128, 7, 7]",0,0.0115,474.102,474.125,0.024,0.0,1,cpu
inner.model.21.cv2.conv,Conv2d,"[1, 384, 7, 7]","[1, 256, 7, 7]",98304,0.0875,474.102,474.149,0.048,0.0,1,cpu
inner.model.21.cv2.bn,BatchNorm2d,"[1, 256, 7, 7]","[1, 256, 7, 7]",512,0.0335,474.102,474.149,0.048,0.0,1,cpu
inner.model.0.act,SiLU,"[1, 256, 7, 7]","[1, 256, 7, 7]",0,0.0151,474.102,474.149,0.048,0.0,1,cpu
inner.model.22.cv2.0.0.conv,Conv2d,"[1, 64, 28, 28]","[1, 64, 28, 28]",36864,0.3918,474.102,474.293,0.191,0.0,1,cpu
inner.model.22.cv2.0.0.bn,BatchNorm2d,"[1, 64, 28, 28]","[1, 64, 28, 28]",128,0.0439,474.102,474.293,0.191,0.0,1,cpu
inner.model.0.act,SiLU,"[1, 64, 28, 28]","[1, 64, 28, 28]",0,0.0221,474.102,474.293,0.191,0.0,1,cpu
inner.model.22.cv2.0.1.conv,Conv2d,"[1, 64, 28, 28]","[1, 64, 28, 28]",36864,0.3607,474.102,474.293,0.191,0.0,1,cpu
inner.model.22.cv2.0.1.bn,BatchNorm2d,"[1, 64, 28, 28]","[1, 64, 28, 28]",128,0.0423,474.102,474.293,0.191,0.0,1,cpu
inner.model.0.act,SiLU,"[1, 64, 28, 28]","[1, 64, 28, 28]",0,0.021,474.102,474.293,0.191,0.0,1,cpu
inner.model.22.cv2.0.2,Conv2d,"[1, 64, 28, 28]","[1, 64, 28, 28]",4160,0.1553,474.102,474.293,0.191,0.0,1,cpu
inner.model.22.cv2.1.0.conv,Conv2d,"[1, 128, 14, 14]","[1, 64, 14, 14]",73728,0.2611,474.102,474.149,0.048,0.0,1,cpu
inner.model.22.cv2.1.0.bn,BatchNorm2d,"[1, 64, 14, 14]","[1, 64, 14, 14]",128,0.0341,474.102,474.149,0.048,0.0,1,cpu
inner.model.0.act,SiLU,"[1, 64, 14, 14]","[1, 64, 14, 14]",0,0.0158,474.102,474.149,0.048,0.0,1,cpu
inner.model.22.cv2.1.1.conv,Conv2d,"[1, 64, 14, 14]","[1, 64, 14, 14]",36864,0.1721,474.102,474.149,0.048,0.0,1,cpu
inner.model.22.cv2.1.1.bn,BatchNorm2d,"[1, 64, 14, 14]","[1, 64, 14, 14]",128,0.0308,474.102,474.149,0.048,0.0,1,cpu
inner.model.0.act,SiLU,"[1, 64, 14, 14]","[1, 64, 14, 14]",0,0.0141,474.102,474.149,0.048,0.0,1,cpu
inner.model.22.cv2.1.2,Conv2d,"[1, 64, 14, 14]","[1, 64, 14, 14]",4160,0.0506,474.102,474.149,0.048,0.0,1,cpu
inner.model.22.cv2.2.0.conv,Conv2d,"[1, 256, 7, 7]","[1, 64, 7, 7]",147456,0.2557,474.102,474.114,0.012,0.0,1,cpu
inner.model.22.cv2.2.0.bn,BatchNorm2d,"[1, 64, 7, 7]","[1, 64, 7, 7]",128,0.032,474.102,474.114,0.012,0.0,1,cpu
inner.model.0.act,SiLU,"[1, 64, 7, 7]","[1, 64, 7, 7]",0,0.0106,474.102,474.114,0.012,0.0,1,cpu
inner.model.22.cv2.2.1.conv,Conv2d,"[1, 64, 7, 7]","[1, 64, 7, 7]",36864,0.0879,474.102,474.114,0.012,0.0,1,cpu
inner.model.22.cv2.2.1.bn,BatchNorm2d,"[1, 64, 7, 7]","[1, 64, 7, 7]",128,0.0276,474.102,474.114,0.012,0.0,1,cpu
inner.model.0.act,SiLU,"[1, 64, 7, 7]","[1, 64, 7, 7]",0,0.0096,474.102,474.114,0.012,0.0,1,cpu
inner.model.22.cv2.2.2,Conv2d,"[1, 64, 7, 7]","[1, 64, 7, 7]",4160,0.0331,474.102,474.114,0.012,0.0,1,cpu
inner.model.22.cv3.0.0.conv,Conv2d,"[1, 64, 28, 28]","[1, 80, 28, 28]",46080,0.4512,474.102,474.341,0.239,0.0,1,cpu
inner.model.22.cv3.0.0.bn,BatchNorm2d,"[1, 80, 28, 28]","[1, 80, 28, 28]",160,0.0488,474.102,474.341,0.239,0.0,1,cpu
inner.model.0.act,SiLU,"[1, 80, 28, 28]","[1, 80, 28, 28]",0,0.0237,474.102,474.341,0.239,0.0,1,cpu
inner.model.22.cv3.0.1.conv,Conv2d,"[1, 80, 28, 28]","[1, 80, 28, 28]",57600,0.5045,474.102,474.341,0.239,0.0,1,cpu
inner.model.22.cv3.0.1.bn,BatchNorm2d,"[1, 80, 28, 28]","[1, 80, 28, 28]",160,0.0466,474.102,474.341,0.239,0.0,1,cpu
inner.model.0.act,SiLU,"[1, 80, 28, 28]","[1, 80, 28, 28]",0,0.0233,474.102,474.341,0.239,0.0,1,cpu
inner.model.22.cv3.0.2,Conv2d,"[1, 80, 28, 28]","[1, 80, 28, 28]",6480,0.1732,474.102,474.341,0.239,0.0,1,cpu
inner.model.22.cv3.1.0.conv,Conv2d,"[1, 128, 14, 14]","[1, 80, 14, 14]",92160,0.2908,474.102,474.161,0.06,0.0,1,cpu
inner.model.22.cv3.1.0.bn,BatchNorm2d,"[1, 80, 14, 14]","[1, 80, 14, 14]",160,0.0371,474.102,474.161,0.06,0.0,1,cpu
inner.model.0.act,SiLU,"[1, 80, 14, 14]","[1, 80, 14, 14]",0,0.0175,474.102,474.161,0.06,0.0,1,cpu
inner.model.22.cv3.1.1.conv,Conv2d,"[1, 80, 14, 14]","[1, 80, 14, 14]",57600,0.234,474.102,474.161,0.06,0.0,1,cpu
inner.model.22.cv3.1.1.bn,BatchNorm2d,"[1, 80, 14, 14]","[1, 80, 14, 14]",160,0.0331,474.102,474.161,0.06,0.0,1,cpu
inner.model.0.act,SiLU,"[1, 80, 14, 14]","[1, 80, 14, 14]",0,0.0158,474.102,474.161,0.06,0.0,1,cpu
inner.model.22.cv3.1.2,Conv2d,"[1, 80, 14, 14]","[1, 80, 14, 14]",6480,0.0557,474.102,474.161,0.06,0.0,1,cpu
inner.model.22.cv3.2.0.conv,Conv2d,"[1, 256, 7, 7]","[1, 80, 7, 7]",184320,0.2874,474.102,474.117,0.015,0.0,1,cpu
inner.model.22.cv3.2.0.bn,BatchNorm2d,"[1, 80, 7, 7]","[1, 80, 7, 7]",160,0.0308,474.102,474.117,0.015,0.0,1,cpu
inner.model.0.act,SiLU,"[1, 80, 7, 7]","[1, 80, 7, 7]",0,0.0115,474.102,474.117,0.015,0.0,1,cpu
inner.model.22.cv3.2.1.conv,Conv2d,"[1, 80, 7, 7]","[1, 80, 7, 7]",57600,0.1119,474.102,474.117,0.015,0.0,1,cpu
inner.model.22.cv3.2.1.bn,BatchNorm2d,"[1, 80, 7, 7]","[1, 80, 7, 7]",160,0.0287,474.102,474.117,0.015,0.0,1,cpu
inner.model.0.act,SiLU,"[1, 80, 7, 7]","[1, 80, 7, 7]",0,0.0105,474.102,474.117,0.015,0.0,1,cpu
inner.model.22.cv3.2.2,Conv2d,"[1, 80, 7, 7]","[1, 80, 7, 7]",6480,0.0339,474.102,474.117,0.015,0.0,1,cpu
inner.model.22.dfl.conv,Conv2d,"[1, 16, 4, 1029]","[1, 1, 4, 1029]",16,0.1679,474.102,474.117,0.016,0.0,1,cpu
inner.model.0.conv,Conv2d,"[1, 3, 224, 224]","[1, 16, 112, 112]",432,0.788,474.102,474.867,0.766,0.0,2,cpu
inner.model.0.bn,BatchNorm2d,"[1, 16, 112, 112]","[1, 16, 112, 112]",32,0.2069,474.102,474.867,0.766,0.0,2,cpu
inner.model.0.act,SiLU,"[1, 16, 112, 112]","[1, 16, 112, 112]",0,0.1424,474.102,474.867,0.766,0.0,2,cpu
inner.model.1.conv,Conv2d,"[1, 16, 112, 112]","[1, 32, 56, 56]",4608,0.4144,474.102,474.484,0.383,0.0,2,cpu
inner.model.1.bn,BatchNorm2d,"[1, 32, 56, 56]","[1, 32, 56, 56]",64,0.0778,474.102,474.484,0.383,0.0,2,cpu
inner.model.0.act,SiLU,"[1, 32, 56, 56]","[1, 32, 56, 56]",0,0.0809,474.102,474.484,0.383,0.0,2,cpu
inner.model.2.cv1.conv,Conv2d,"[1, 32, 56, 56]","[1, 32, 56, 56]",1024,0.1903,474.102,474.484,0.383,0.0,2,cpu
inner.model.2.cv1.bn,BatchNorm2d,"[1, 32, 56, 56]","[1, 32, 56, 56]",64,0.0605,474.102,474.484,0.383,0.0,2,cpu
inner.model.0.act,SiLU,"[1, 32, 56, 56]","[1, 32, 56, 56]",0,0.0319,474.102,474.484,0.383,0.0,2,cpu
inner.model.2.m.0.cv1.conv,Conv2d,"[1, 16, 56, 56]","[1, 16, 56, 56]",2304,0.2916,474.102,474.293,0.191,0.0,2,cpu
inner.model.2.m.0.cv1.bn,BatchNorm2d,"[1, 16, 56, 56]","[1, 16, 56, 56]",32,0.0483,474.102,474.293,0.191,0.0,2,cpu
inner.model.0.act,SiLU,"[1, 16, 56, 56]","[1, 16, 56, 56]",0,0.0219,474.102,474.293,0.191,0.0,2,cpu
inner.model.2.m.0.cv2.conv,Conv2d,"[1, 16, 56, 56]","[1, 16, 56, 56]",2304,0.1831,474.102,474.293,0.191,0.0,2,cpu
inner.model.2.m.0.cv2.bn,BatchNorm2d,"[1, 16, 56, 56]","[1, 16, 56, 56]",32,0.0421,474.102,474.293,0.191,0.0,2,cpu
inner.model.0.act,SiLU,"[1, 16, 56, 56]","[1, 16, 56, 56]",0,0.0208,474.102,474.293,0.191,0.0,2,cpu
inner.model.2.cv2.conv,Conv2d,"[1, 48, 56, 56]","[1, 32, 56, 56]",1536,0.2746,474.102,474.484,0.383,0.0,2,cpu
inner.model.2.cv2.bn,BatchNorm2d,"[1, 32, 56, 56]","[1, 32, 56, 56]",64,0.0605,474.102,474.484,0.383,0.0,2,cpu
inner.model.0.act,SiLU,"[1, 32, 56, 56]","[1, 32, 56, 56]",0,0.0323,474.102,474.484,0.383,0.0,2,cpu
inner.model.3.conv,Conv2d,"[1, 32, 56, 56]","[1, 64, 28, 28]",18432,0.2969,474.102,474.293,0.191,0.0,2,cpu
inner.model.3.bn,BatchNorm2d,"[1, 64, 28, 28]","[1, 64, 28, 28]",128,0.0457,474.102,474.293,0.191,0.0,2,cpu
inner.model.0.act,SiLU,"[1, 64, 28, 28]","[1, 64, 28, 28]",0,0.021,474.102,474.293,0.191,0.0,2,cpu
inner.model.4.cv1.conv,Conv2d,"[1, 64, 28, 28]","[1, 64, 28, 28]",4096,0.1567,474.102,474.293,0.191,0.0,2,cpu
inner.model.4.cv1.bn,BatchNorm2d,"[1, 64, 28, 28]","[1, 64, 28, 28]",128,0.0439,474.102,474.293,0.191,0.0,2,cpu
inner.model.0.act,SiLU,"[1, 64, 28, 28]","[1, 64, 28, 28]",0,0.021,474.102,474.293,0.191,0.0,2,cpu
inner.model.4.m.0.cv1.conv,Conv2d,"[1, 32, 28, 28]","[1, 32, 28, 28]",9216,0.1903,474.102,474.197,0.096,0.0,2,cpu
inner.model.4.m.0.cv1.bn,BatchNorm2d,"[1, 32, 28, 28]","[1, 32, 28, 28]",64,0.0361,474.102,474.197,0.096,0.0,2,cpu
inner.model.0.act,SiLU,"[1, 32, 28, 28]","[1, 32, 28, 28]",0,0.0212,474.102,474.197,0.096,0.0,2,cpu
inner.model.4.m.0.cv2.conv,Conv2d,"[1, 32, 28, 28]","[1, 32, 28, 28]",9216,0.1741,474.102,474.197,0.096,0.0,2,cpu
inner.model.4.m.0.cv2.bn,BatchNorm2d,"[1, 32, 28, 28]","[1, 32, 28, 28]",64,0.0353,474.102,474.197,0.096,0.0,2,cpu
inner.model.0.act,SiLU,"[1, 32, 28, 28]","[1, 32, 28, 28]",0,0.0214,474.102,474.197,0.096,0.0,2,cpu
inner.model.4.m.1.cv1.conv,Conv2d,"[1, 32, 28, 28]","[1, 32, 28, 28]",9216,0.174,474.102,474.197,0.096,0.0,2,cpu
inner.model.4.m.1.cv1.bn,BatchNorm2d,"[1, 32, 28, 28]","[1, 32, 28, 28]",64,0.035,474.102,474.197,0.096,0.0,2,cpu
inner.model.0.act,SiLU,"[1, 32, 28, 28]","[1, 32, 28, 28]",0,0.0209,474.102,474.197,0.096,0.0,2,cpu
inner.model.4.m.1.cv2.conv,Conv2d,"[1, 32, 28, 28]","[1, 32, 28, 28]",9216,0.1705,474.102,474.197,0.096,0.0,2,cpu
inner.model.4.m.1.cv2.bn,BatchNorm2d,"[1, 32, 28, 28]","[1, 32, 28, 28]",64,0.0356,474.102,474.197,0.096,0.0,2,cpu
inner.model.0.act,SiLU,"[1, 32, 28, 28]","[1, 32, 28, 28]",0,0.0215,474.102,474.197,0.096,0.0,2,cpu
inner.model.4.cv2.conv,Conv2d,"[1, 128, 28, 28]","[1, 64, 28, 28]",8192,0.1956,474.102,474.293,0.191,0.0,2,cpu
inner.model.4.cv2.bn,BatchNorm2d,"[1, 64, 28, 28]","[1, 64, 28, 28]",128,0.0442,474.102,474.293,0.191,0.0,2,cpu
inner.model.0.act,SiLU,"[1, 64, 28, 28]","[1, 64, 28, 28]",0,0.021,474.102,474.293,0.191,0.0,2,cpu
inner.model.5.conv,Conv2d,"[1, 64, 28, 28]","[1, 128, 14, 14]",73728,0.2683,474.102,474.197,0.096,0.0,2,cpu
inner.model.5.bn,BatchNorm2d,"[1, 128, 14, 14]","[1, 128, 14, 14]",256,0.0378,474.102,474.197,0.096,0.0,2,cpu
inner.model.0.act,SiLU,"[1, 128, 14, 14]","[1, 128, 14, 14]",0,0.0212,474.102,474.197,0.096,0.0,2,cpu
inner.model.6.cv1.conv,Conv2d,"[1, 128, 14, 14]","[1, 128, 14, 14]",16384,0.154,474.102,474.197,0.096,0.0,2,cpu
inner.model.6.cv1.bn,BatchNorm2d,"[1, 128, 14, 14]","[1, 128, 14, 14]",256,0.0371,474.102,474.197,0.096,0.0,2,cpu
inner.model.0.act,SiLU,"[1, 128, 14, 14]","[1, 128, 14, 14]",0,0.0211,474.102,474.197,0.096,0.0,2,cpu
inner.model.6.m.0.cv1.conv,Conv2d,"[1, 64, 14, 14]","[1, 64, 14, 14]",36864,0.2042,474.102,474.149,0.048,0.0,2,cpu
inner.model.6.m.0.cv1.bn,BatchNorm2d,"[1, 64, 14, 14]","[1, 64, 14, 14]",128,0.0358,474.102,474.149,0.048,0.0,2,cpu
inner.model.0.act,SiLU,"[1, 64, 14, 14]","[1, 64, 14, 14]",0,0.0152,474.102,474.149,0.048,0.0,2,cpu
inner.model.6.m.0.cv2.conv,Conv2d,"[1, 64, 14, 14]","[1, 64, 14, 14]",36864,0.1686,474.102,474.149,0.048,0.0,2,cpu
inner.model.6.m.0.cv2.bn,BatchNorm2d,"[1, 64, 14, 14]","[1, 64, 14, 14]",128,0.031,474.102,474.149,0.048,0.0,2,cpu
inner.model.0.act,SiLU,"[1, 64, 14, 14]","[1, 64, 14, 14]",0,0.0141,474.102,474.149,0.048,0.0,2,cpu
inner.model.6.m.1.cv1.conv,Conv2d,"[1, 64, 14, 14]","[1, 64, 14, 14]",36864,0.1671,474.102,474.149,0.048,0.0,2,cpu
inner.model.6.m.1.cv1.bn,BatchNorm2d,"[1, 64, 14, 14]","[1, 64, 14, 14]",128,0.0308,474.102,474.149,0.048,0.0,2,cpu
inner.model.0.act,SiLU,"[1, 64, 14, 14]","[1, 64, 14, 14]",0,0.0141,474.102,474.149,0.048,0.0,2,cpu
inner.model.6.m.1.cv2.conv,Conv2d,"[1, 64, 14, 14]","[1, 64, 14, 14]",36864,0.1643,474.102,474.149,0.048,0.0,2,cpu
inner.model.6.m.1.cv2.bn,BatchNorm2d,"[1, 64, 14, 14]","[1, 64, 14, 14]",128,0.0297,474.102,474.149,0.048,0.0,2,cpu
inner.model.0.act,SiLU,"[1, 64, 14, 14]","[1, 64, 14, 14]",0,0.0137,474.102,474.149,0.048,0.0,2,cpu
inner.model.6.cv2.conv,Conv2d,"[1, 256, 14, 14]","[1, 128, 14, 14]",32768,0.2013,474.102,474.197,0.096,0.0,2,cpu
inner.model.6.cv2.bn,BatchNorm2d,"[1, 128, 14, 14]","[1, 128, 14, 14]",256,0.0386,474.102,474.197,0.096,0.0,2,cpu
inner.model.0.act,SiLU,"[1, 128, 14, 14]","[1, 128, 14, 14]",0,0.0215,474.102,474.197,0.096,0.0,2,cpu
inner.model.7.conv,Conv2d,"[1, 128, 14, 14]","[1, 256, 7, 7]",294912,0.4169,474.102,474.149,0.048,0.0,2,cpu
inner.model.7.bn,BatchNorm2d,"[1, 256, 7, 7]","[1, 256, 7, 7]",512,0.038,474.102,474.149,0.048,0.0,2,cpu
inner.model.0.act,SiLU,"[1, 256, 7, 7]","[1, 256, 7, 7]",0,0.0158,474.102,474.149,0.048,0.0,2,cpu
inner.model.8.cv1.conv,Conv2d,"[1, 256, 7, 7]","[1, 256, 7, 7]",65536,0.1022,474.102,474.149,0.048,0.0,2,cpu
inner.model.8.cv1.bn,BatchNorm2d,"[1, 256, 7, 7]","[1, 256, 7, 7]",512,0.0321,474.102,474.149,0.048,0.0,2,cpu
inner.model.0.act,SiLU,"[1, 256, 7, 7]","[1, 256, 7, 7]",0,0.0143,474.102,474.149,0.048,0.0,2,cpu
inner.model.8.m.0.cv1.conv,Conv2d,"[1, 128, 7, 7]","[1, 128, 7, 7]",147456,0.2279,474.102,474.125,0.024,0.0,2,cpu
inner.model.8.m.0.cv1.bn,BatchNorm2d,"[1, 128, 7, 7]","[1, 128, 7, 7]",256,0.0323,474.102,474.125,0.024,0.0,2,cpu
inner.model.0.act,SiLU,"[1, 128, 7, 7]","[1, 128, 7, 7]",0,0.012,474.102,474.125,0.024,0.0,2,cpu
inner.model.8.m.0.cv2.conv,Conv2d,"[1, 128, 7, 7]","[1, 128, 7, 7]",147456,0.2138,474.102,474.125,0.024,0.0,2,cpu
inner.model.8.m.0.cv2.bn,BatchNorm2d,"[1, 128, 7, 7]","[1, 128, 7, 7]",256,0.0307,474.102,474.125,0.024,0.0,2,cpu
inner.model.0.act,SiLU,"[1, 128, 7, 7]","[1, 128, 7, 7]",0,0.0112,474.102,474.125,0.024,0.0,2,cpu
inner.model.8.cv2.conv,Conv2d,"[1, 384, 7, 7]","[1, 256, 7, 7]",98304,0.0997,474.102,474.149,0.048,0.0,2,cpu
inner.model.8.cv2.bn,BatchNorm2d,"[1, 256, 7, 7]","[1, 256, 7, 7]",512,0.0322,474.102,474.149,0.048,0.0,2,cpu
inner.model.0.act,SiLU,"[1, 256, 7, 7]","[1, 256, 7, 7]",0,0.0143,474.102,474.149,0.048,0.0,2,cpu
inner.model.9.cv1.conv,Conv2d,"[1, 256, 7, 7]","[1, 128, 7, 7]",32768,0.0545,474.102,474.125,0.024,0.0,2,cpu
inner.model.9.cv1.bn,BatchNorm2d,"[1, 128, 7, 7]","[1, 128, 7, 7]",256,0.0288,474.102,474.125,0.024,0.0,2,cpu
inner.model.0.act,SiLU,"[1, 128, 7, 7]","[1, 128, 7, 7]",0,0.011,474.102,474.125,0.024,0.0,2,cpu
inner.model.9.m,MaxPool2d,"[1, 128, 7, 7]","[1, 128, 7, 7]",0,0.3335,474.102,474.125,0.024,0.0,2,cpu
inner.model.9.m,MaxPool2d,"[1, 128, 7, 7]","[1, 128, 7, 7]",0,0.2322,474.102,474.125,0.024,0.0,2,cpu
inner.model.9.m,MaxPool2d,"[1, 128, 7, 7]","[1, 128, 7, 7]",0,0.1961,474.102,474.125,0.024,0.0,2,cpu
inner.model.9.cv2.conv,Conv2d,"[1, 512, 7, 7]","[1, 256, 7, 7]",131072,0.27,474.102,474.149,0.048,0.0,2,cpu
inner.model.9.cv2.bn,BatchNorm2d,"[1, 256, 7, 7]","[1, 256, 7, 7]",512,0.0381,474.102,474.149,0.048,0.0,2,cpu
inner.model.0.act,SiLU,"[1, 256, 7, 7]","[1, 256, 7, 7]",0,0.0161,474.102,474.149,0.048,0.0,2,cpu
inner.model.10,Upsample,"[1, 256, 7, 7]","[1, 256, 14, 14]",0,0.0852,474.102,474.293,0.191,0.0,2,cpu
inner.model.11,Concat,"[1, 256, 14, 14]","[1, 384, 14, 14]",0,0.0388,474.102,474.389,0.287,0.0,2,cpu
inner.model.12.cv1.conv,Conv2d,"[1, 384, 14, 14]","[1, 128, 14, 14]",49152,0.2411,474.102,474.197,0.096,0.0,2,cpu
inner.model.12.cv1.bn,BatchNorm2d,"[1, 128, 14, 14]","[1, 128, 14, 14]",256,0.0411,474.102,474.197,0.096,0.0,2,cpu
inner.model.0.act,SiLU,"[1, 128, 14, 14]","[1, 128, 14, 14]",0,0.0215,474.102,474.197,0.096,0.0,2,cpu
inner.model.12.m.0.cv1.conv,Conv2d,"[1, 64, 14, 14]","[1, 64, 14, 14]",36864,0.1711,474.102,474.149,0.048,0.0,2,cpu
inner.model.12.m.0.cv1.bn,BatchNorm2d,"[1, 64, 14, 14]","[1, 64, 14, 14]",128,0.032,474.102,474.149,0.048,0.0,2,cpu
inner.model.0.act,SiLU,"[1, 64, 14, 14]","[1, 64, 14, 14]",0,0.0144,474.102,474.149,0.048,0.0,2,cpu
inner.model.12.m.0.cv2.conv,Conv2d,"[1, 64, 14, 14]","[1, 64, 14, 14]",36864,0.1607,474.102,474.149,0.048,0.0,2,cpu
inner.model.12.m.0.cv2.bn,BatchNorm2d,"[1, 64, 14, 14]","[1, 64, 14, 14]",128,0.03,474.102,474.149,0.048,0.0,2,cpu
inner.model.0.act,SiLU,"[1, 64, 14, 14]","[1, 64, 14, 14]",0,0.0144,474.102,474.149,0.048,0.0,2,cpu
inner.model.12.cv2.conv,Conv2d,"[1, 192, 14, 14]","[1, 128, 14, 14]",24576,0.1739,474.102,474.197,0.096,0.0,2,cpu
inner.model.12.cv2.bn,BatchNorm2d,"[1, 128, 14, 14]","[1, 128, 14, 14]",256,0.0372,474.102,474.197,0.096,0.0,2,cpu
inner.model.0.act,SiLU,"[1, 128, 14, 14]","[1, 128, 14, 14]",0,0.021,474.102,474.197,0.096,0.0,2,cpu
inner.model.13,Upsample,"[1, 128, 14, 14]","[1, 128, 28, 28]",0,0.1199,474.102,474.484,0.383,0.0,2,cpu
inner.model.14,Concat,"[1, 128, 28, 28]","[1, 192, 28, 28]",0,0.0407,474.102,474.676,0.574,0.0,2,cpu
inner.model.15.cv1.conv,Conv2d,"[1, 192, 28, 28]","[1, 64, 28, 28]",12288,0.2565,474.102,474.293,0.191,0.0,2,cpu
inner.model.15.cv1.bn,BatchNorm2d,"[1, 64, 28, 28]","[1, 64, 28, 28]",128,0.0447,474.102,474.293,0.191,0.0,2,cpu
inner.model.0.act,SiLU,"[1, 64, 28, 28]","[1, 64, 28, 28]",0,0.0219,474.102,474.293,0.191,0.0,2,cpu
inner.model.15.m.0.cv1.conv,Conv2d,"[1, 32, 28, 28]","[1, 32, 28, 28]",9216,0.1903,474.102,474.197,0.096,0.0,2,cpu
inner.model.15.m.0.cv1.bn,BatchNorm2d,"[1, 32, 28, 28]","[1, 32, 28, 28]",64,0.0404,474.102,474.197,0.096,0.0,2,cpu
inner.model.0.act,SiLU,"[1, 32, 28, 28]","[1, 32, 28, 28]",0,0.1501,474.102,474.197,0.096,0.0,2,cpu
inner.model.15.m.0.cv2.conv,Conv2d,"[1, 32, 28, 28]","[1, 32, 28, 28]",9216,0.3663,474.102,474.197,0.096,0.0,2,cpu
inner.model.15.m.0.cv2.bn,BatchNorm2d,"[1, 32, 28, 28]","[1, 32, 28, 28]",64,0.0709,474.102,474.197,0.096,0.0,2,cpu
inner.model.0.act,SiLU,"[1, 32, 28, 28]","[1, 32, 28, 28]",0,0.0292,474.102,474.197,0.096,0.0,2,cpu
inner.model.15.cv2.conv,Conv2d,"[1, 96, 28, 28]","[1, 64, 28, 28]",6144,0.7266,474.102,474.293,0.191,0.0,2,cpu
inner.model.15.cv2.bn,BatchNorm2d,"[1, 64, 28, 28]","[1, 64, 28, 28]",128,0.0715,474.102,474.293,0.191,0.0,2,cpu
inner.model.0.act,SiLU,"[1, 64, 28, 28]","[1, 64, 28, 28]",0,0.036,474.102,474.293,0.191,0.0,2,cpu
inner.model.16.conv,Conv2d,"[1, 64, 28, 28]","[1, 64, 14, 14]",36864,0.3,474.102,474.149,0.048,0.0,2,cpu
inner.model.16.bn,BatchNorm2d,"[1, 64, 14, 14]","[1, 64, 14, 14]",128,0.0585,474.102,474.149,0.048,0.0,2,cpu
inner.model.0.act,SiLU,"[1, 64, 14, 14]","[1, 64, 14, 14]",0,0.024,474.102,474.149,0.048,0.0,2,cpu
inner.model.17,Concat,"[1, 64, 14, 14]","[1, 192, 14, 14]",0,0.0522,474.102,474.245,0.144,0.0,2,cpu
inner.model.18.cv1.conv,Conv2d,"[1, 192, 14, 14]","[1, 128, 14, 14]",24576,0.2642,474.102,474.197,0.096,0.0,2,cpu
inner.model.18.cv1.bn,BatchNorm2d,"[1, 128, 14, 14]","[1, 128, 14, 14]",256,0.0544,474.102,474.197,0.096,0.0,2,cpu
inner.model.0.act,SiLU,"[1, 128, 14, 14]","[1, 128, 14, 14]",0,0.0325,474.102,474.197,0.096,0.0,2,cpu
inner.model.18.m.0.cv1.conv,Conv2d,"[1, 64, 14, 14]","[1, 64, 14, 14]",36864,0.2418,474.102,474.149,0.048,0.0,2,cpu
inner.model.18.m.0.cv1.bn,BatchNorm2d,"[1, 64, 14, 14]","[1, 64, 14, 14]",128,0.0478,474.102,474.149,0.048,0.0,2,cpu
inner.model.0.act,SiLU,"[1, 64, 14, 14]","[1, 64, 14, 14]",0,0.0227,474.102,474.149,0.048,0.0,2,cpu
inner.model.18.m.0.cv2.conv,Conv2d,"[1, 64, 14, 14]","[1, 64, 14, 14]",36864,0.2208,474.102,474.149,0.048,0.0,2,cpu
inner.model.18.m.0.cv2.bn,BatchNorm2d,"[1, 64, 14, 14]","[1, 64, 14, 14]",128,0.0493,474.102,474.149,0.048,0.0,2,cpu
inner.model.0.act,SiLU,"[1, 64, 14, 14]","[1, 64, 14, 14]",0,0.0224,474.102,474.149,0.048,0.0,2,cpu
inner.model.18.cv2.conv,Conv2d,"[1, 192, 14, 14]","[1, 128, 14, 14]",24576,0.253,474.102,474.197,0.096,0.0,2,cpu
inner.model.18.cv2.bn,BatchNorm2d,"[1, 128, 14, 14]","[1, 128, 14, 14]",256,0.0415,474.102,474.197,0.096,0.0,2,cpu
inner.model.0.act,SiLU,"[1, 128, 14, 14]","[1, 128, 14, 14]",0,0.022,474.102,474.197,0.096,0.0,2,cpu
inner.model.19.conv,Conv2d,"[1, 128, 14, 14]","[1, 128, 7, 7]",147456,0.2869,474.102,474.125,0.024,0.0,2,cpu
inner.model.19.bn,BatchNorm2d,"[1, 128, 7, 7]","[1, 128, 7, 7]",256,0.0336,474.102,474.125,0.024,0.0,2,cpu
inner.model.0.act,SiLU,"[1, 128, 7, 7]","[1, 128, 7, 7]",0,0.0123,474.102,474.125,0.024,0.0,2,cpu
inner.model.20,Concat,"[1, 128, 7, 7]","[1, 384, 7, 7]",0,0.0217,474.102,474.173,0.072,0.0,2,cpu
inner.model.21.cv1.conv,Conv2d,"[1, 384, 7, 7]","[1, 256, 7, 7]",98304,0.1074,474.102,474.149,0.048,0.0,2,cpu
inner.model.21.cv1.bn,BatchNorm2d,"[1, 256, 7, 7]","[1, 256, 7, 7]",512,0.0328,474.102,474.149,0.048,0.0,2,cpu
inner.model.0.act,SiLU,"[1, 256, 7, 7]","[1, 256, 7, 7]",0,0.0145,474.102,474.149,0.048,0.0,2,cpu
inner.model.21.m.0.cv1.conv,Conv2d,"[1, 128, 7, 7]","[1, 128, 7, 7]",147456,0.2461,474.102,474.125,0.024,0.0,2,cpu
inner.model.21.m.0.cv1.bn,BatchNorm2d,"[1, 128, 7, 7]","[1, 128, 7, 7]",256,0.0323,474.102,474.125,0.024,0.0,2,cpu
inner.model.0.act,SiLU,"[1, 128, 7, 7]","[1, 128, 7, 7]",0,0.0118,474.102,474.125,0.024,0.0,2,cpu
inner.model.21.m.0.cv2.conv,Conv2d,"[1, 128, 7, 7]","[1, 128, 7, 7]",147456,0.2151,474.102,474.125,0.024,0.0,2,cpu
inner.model.21.m.0.cv2.bn,BatchNorm2d,"[1, 128, 7, 7]","[1, 128, 7, 7]",256,0.0302,474.102,474.125,0.024,0.0,2,cpu
inner.model.0.act,SiLU,"[1, 128, 7, 7]","[1, 128, 7, 7]",0,0.0112,474.102,474.125,0.024,0.0,2,cpu
inner.model.21.cv2.conv,Conv2d,"[1, 384, 7, 7]","[1, 256, 7, 7]",98304,0.0878,474.102,474.149,0.048,0.0,2,cpu
inner.model.21.cv2.bn,BatchNorm2d,"[1, 256, 7, 7]","[1, 256, 7, 7]",512,0.0328,474.102,474.149,0.048,0.0,2,cpu
inner.model.0.act,SiLU,"[1, 256, 7, 7]","[1, 256, 7, 7]",0,0.0142,474.102,474.149,0.048,0.0,2,cpu
inner.model.22.cv2.0.0.conv,Conv2d,"[1, 64, 28, 28]","[1, 64, 28, 28]",36864,0.4013,474.102,474.293,0.191,0.0,2,cpu
inner.model.22.cv2.0.0.bn,BatchNorm2d,"[1, 64, 28, 28]","[1, 64, 28, 28]",128,0.0443,474.102,474.293,0.191,0.0,2,cpu
inner.model.0.act,SiLU,"[1, 64, 28, 28]","[1, 64, 28, 28]",0,0.0215,474.102,474.293,0.191,0.0,2,cpu
inner.model.22.cv2.0.1.conv,Conv2d,"[1, 64, 28, 28]","[1, 64, 28, 28]",36864,0.3608,474.102,474.293,0.191,0.0,2,cpu
inner.model.22.cv2.0.1.bn,BatchNorm2d,"[1, 64, 28, 28]","[1, 64, 28, 28]",128,0.0429,474.102,474.293,0.191,0.0,2,cpu
inner.model.0.act,SiLU,"[1, 64, 28, 28]","[1, 64, 28, 28]",0,0.0208,474.102,474.293,0.191,0.0,2,cpu
inner.model.22.cv2.0.2,Conv2d,"[1, 64, 28, 28]","[1, 64, 28, 28]",4160,0.1544,474.102,474.293,0.191,0.0,2,cpu
inner.model.22.cv2.1.0.conv,Conv2d,"[1, 128, 14, 14]","[1, 64, 14, 14]",73728,0.2599,474.102,474.149,0.048,0.0,2,cpu
inner.model.22.cv2.1.0.bn,BatchNorm2d,"[1, 64, 14, 14]","[1, 64, 14, 14]",128,0.0338,474.102,474.149,0.048,0.0,2,cpu
inner.model.0.act,SiLU,"[1, 64, 14, 14]","[1, 64, 14, 14]",0,0.0156,474.102,474.149,0.048,0.0,2,cpu
inner.model.22.cv2.1.1.conv,Conv2d,"[1, 64, 14, 14]","[1, 64, 14, 14]",36864,0.1718,474.102,474.149,0.048,0.0,2,cpu
inner.model.22.cv2.1.1.bn,BatchNorm2d,"[1, 64, 14, 14]","[1, 64, 14, 14]",128,0.0312,474.102,474.149,0.048,0.0,2,cpu
inner.model.0.act,SiLU,"[1, 64, 14, 14]","[1, 64, 14, 14]",0,0.0144,474.102,474.149,0.048,0.0,2,cpu
inner.model.22.cv2.1.2,Conv2d,"[1, 64, 14, 14]","[1, 64, 14, 14]",4160,0.0522,474.102,474.149,0.048,0.0,2,cpu
inner.model.22.cv2.2.0.conv,Conv2d,"[1, 256, 7, 7]","[1, 64, 7, 7]",147456,0.2528,474.102,474.114,0.012,0.0,2,cpu
inner.model.22.cv2.2.0.bn,BatchNorm2d,"[1, 64, 7, 7]","[1, 64, 7, 7]",128,0.031,474.102,474.114,0.012,0.0,2,cpu
inner.model.0.act,SiLU,"[1, 64, 7, 7]","[1, 64, 7, 7]",0,0.0105,474.102,474.114,0.012,0.0,2,cpu
inner.model.22.cv2.2.1.conv,Conv2d,"[1, 64, 7, 7]","[1, 64, 7, 7]",36864,0.0827,474.102,474.114,0.012,0.0,2,cpu
inner.model.22.cv2.2.1.bn,BatchNorm2d,"[1, 64, 7, 7]","[1, 64, 7, 7]",128,0.0269,474.102,474.114,0.012,0.0,2,cpu
inner.model.0.act,SiLU,"[1, 64, 7, 7]","[1, 64, 7, 7]",0,0.0095,474.102,474.114,0.012,0.0,2,cpu
inner.model.22.cv2.2.2,Conv2d,"[1, 64, 7, 7]","[1, 64, 7, 7]",4160,0.0347,474.102,474.114,0.012,0.0,2,cpu
inner.model.22.cv3.0.0.conv,Conv2d,"[1, 64, 28, 28]","[1, 80, 28, 28]",46080,0.4492,474.102,474.341,0.239,0.0,2,cpu
inner.model.22.cv3.0.0.bn,BatchNorm2d,"[1, 80, 28, 28]","[1, 80, 28, 28]",160,0.0474,474.102,474.341,0.239,0.0,2,cpu
inner.model.0.act,SiLU,"[1, 80, 28, 28]","[1, 80, 28, 28]",0,0.024,474.102,474.341,0.239,0.0,2,cpu
inner.model.22.cv3.0.1.conv,Conv2d,"[1, 80, 28, 28]","[1, 80, 28, 28]",57600,0.5061,474.102,474.341,0.239,0.0,2,cpu
inner.model.22.cv3.0.1.bn,BatchNorm2d,"[1, 80, 28, 28]","[1, 80, 28, 28]",160,0.0463,474.102,474.341,0.239,0.0,2,cpu
inner.model.0.act,SiLU,"[1, 80, 28, 28]","[1, 80, 28, 28]",0,0.0236,474.102,474.341,0.239,0.0,2,cpu
inner.model.22.cv3.0.2,Conv2d,"[1, 80, 28, 28]","[1, 80, 28, 28]",6480,0.1741,474.102,474.341,0.239,0.0,2,cpu
inner.model.22.cv3.1.0.conv,Conv2d,"[1, 128, 14, 14]","[1, 80, 14, 14]",92160,0.2899,474.102,474.161,0.06,0.0,2,cpu
inner.model.22.cv3.1.0.bn,BatchNorm2d,"[1, 80, 14, 14]","[1, 80, 14, 14]",160,0.0354,474.102,474.161,0.06,0.0,2,cpu
inner.model.0.act,SiLU,"[1, 80, 14, 14]","[1, 80, 14, 14]",0,0.0172,474.102,474.161,0.06,0.0,2,cpu
inner.model.22.cv3.1.1.conv,Conv2d,"[1, 80, 14, 14]","[1, 80, 14, 14]",57600,0.2304,474.102,474.161,0.06,0.0,2,cpu
inner.model.22.cv3.1.1.bn,BatchNorm2d,"[1, 80, 14, 14]","[1, 80, 14, 14]",160,0.0325,474.102,474.161,0.06,0.0,2,cpu
inner.model.0.act,SiLU,"[1, 80, 14, 14]","[1, 80, 14, 14]",0,0.0158,474.102,474.161,0.06,0.0,2,cpu
inner.model.22.cv3.1.2,Conv2d,"[1, 80, 14, 14]","[1, 80, 14, 14]",6480,0.0562,474.102,474.161,0.06,0.0,2,cpu
inner.model.22.cv3.2.0.conv,Conv2d,"[1, 256, 7, 7]","[1, 80, 7, 7]",184320,0.2841,474.102,474.117,0.015,0.0,2,cpu
inner.model.22.cv3.2.0.bn,BatchNorm2d,"[1, 80, 7, 7]","[1, 80, 7, 7]",160,0.0317,474.102,474.117,0.015,0.0,2,cpu
inner.model.0.act,SiLU,"[1, 80, 7, 7]","[1, 80, 7, 7]",0,0.0112,474.102,474.117,0.015,0.0,2,cpu
inner.model.22.cv3.2.1.conv,Conv2d,"[1, 80, 7, 7]","[1, 80, 7, 7]",57600,0.1054,474.102,474.117,0.015,0.0,2,cpu
inner.model.22.cv3.2.1.bn,BatchNorm2d,"[1, 80, 7, 7]","[1, 80, 7, 7]",160,0.0282,474.102,474.117,0.015,0.0,2,cpu
inner.model.0.act,SiLU,"[1, 80, 7, 7]","[1, 80, 7, 7]",0,0.0105,474.102,474.117,0.015,0.0,2,cpu
inner.model.22.cv3.2.2,Conv2d,"[1, 80, 7, 7]","[1, 80, 7, 7]",6480,0.0352,474.102,474.117,0.015,0.0,2,cpu
inner.model.22.dfl.conv,Conv2d,"[1, 16, 4, 1029]","[1, 1, 4, 1029]",16,0.168,474.102,474.117,0.016,0.0,2,cpu
inner.model.0.conv,Conv2d,"[1, 3, 224, 224]","[1, 16, 112, 112]",432,1.0211,474.102,474.867,0.766,0.0,3,cpu
inner.model.0.bn,BatchNorm2d,"[1, 16, 112, 112]","[1, 16, 112, 112]",32,0.1776,474.102,474.867,0.766,0.0,3,cpu
inner.model.0.act,SiLU,"[1, 16, 112, 112]","[1, 16, 112, 112]",0,0.5219,474.102,474.867,0.766,0.0,3,cpu
inner.model.1.conv,Conv2d,"[1, 16, 112, 112]","[1, 32, 56, 56]",4608,1.1101,474.102,474.484,0.383,0.0,3,cpu
inner.model.1.bn,BatchNorm2d,"[1, 32, 56, 56]","[1, 32, 56, 56]",64,0.0909,474.102,474.484,0.383,0.0,3,cpu
inner.model.0.act,SiLU,"[1, 32, 56, 56]","[1, 32, 56, 56]",0,0.0943,474.102,474.484,0.383,0.0,3,cpu
inner.model.2.cv1.conv,Conv2d,"[1, 32, 56, 56]","[1, 32, 56, 56]",1024,0.2122,474.102,474.484,0.383,0.0,3,cpu
inner.model.2.cv1.bn,BatchNorm2d,"[1, 32, 56, 56]","[1, 32, 56, 56]",64,0.0639,474.102,474.484,0.383,0.0,3,cpu
inner.model.0.act,SiLU,"[1, 32, 56, 56]","[1, 32, 56, 56]",0,0.0433,474.102,474.484,0.383,0.0,3,cpu
inner.model.2.m.0.cv1.conv,Conv2d,"[1, 16, 56, 56]","[1, 16, 56, 56]",2304,0.2263,474.102,474.293,0.191,0.0,3,cpu
inner.model.2.m.0.cv1.bn,BatchNorm2d,"[1, 16, 56, 56]","[1, 16, 56, 56]",32,0.0472,474.102,474.293,0.191,0.0,3,cpu
inner.model.0.act,SiLU,"[1, 16, 56, 56]","[1, 16, 56, 56]",0,0.0262,474.102,474.293,0.191,0.0,3,cpu
inner.model.2.m.0.cv2.conv,Conv2d,"[1, 16, 56, 56]","[1, 16, 56, 56]",2304,0.1876,474.102,474.293,0.191,0.0,3,cpu
inner.model.2.m.0.cv2.bn,BatchNorm2d,"[1, 16, 56, 56]","[1, 16, 56, 56]",32,0.0439,474.102,474.293,0.191,0.0,3,cpu
inner.model.0.act,SiLU,"[1, 16, 56, 56]","[1, 16, 56, 56]",0,0.0251,474.102,474.293,0.191,0.0,3,cpu
inner.model.2.cv2.conv,Conv2d,"[1, 48, 56, 56]","[1, 32, 56, 56]",1536,0.2634,474.102,474.484,0.383,0.0,3,cpu
inner.model.2.cv2.bn,BatchNorm2d,"[1, 32, 56, 56]","[1, 32, 56, 56]",64,0.0647,474.102,474.484,0.383,0.0,3,cpu
inner.model.0.act,SiLU,"[1, 32, 56, 56]","[1, 32, 56, 56]",0,0.0414,474.102,474.484,0.383,0.0,3,cpu
inner.model.3.conv,Conv2d,"[1, 32, 56, 56]","[1, 64, 28, 28]",18432,0.3043,474.102,474.293,0.191,0.0,3,cpu
inner.model.3.bn,BatchNorm2d,"[1, 64, 28, 28]","[1, 64, 28, 28]",128,0.0465,474.102,474.293,0.191,0.0,3,cpu
inner.model.0.act,SiLU,"[1, 64, 28, 28]","[1, 64, 28, 28]",0,0.0267,474.102,474.293,0.191,0.0,3,cpu
inner.model.4.cv1.conv,Conv2d,"[1, 64, 28, 28]","[1, 64, 28, 28]",4096,0.1582,474.102,474.293,0.191,0.0,3,cpu
inner.model.4.cv1.bn,BatchNorm2d,"[1, 64, 28, 28]","[1, 64, 28, 28]",128,0.0437,474.102,474.293,0.191,0.0,3,cpu
inner.model.0.act,SiLU,"[1, 64, 28, 28]","[1, 64, 28, 28]",0,0.0212,474.102,474.293,0.191,0.0,3,cpu
inner.model.4.m.0.cv1.conv,Conv2d,"[1, 32, 28, 28]","[1, 32, 28, 28]",9216,0.1913,474.102,474.197,0.096,0.0,3,cpu
inner.model.4.m.0.cv1.bn,BatchNorm2d,"[1, 32, 28, 28]","[1, 32, 28, 28]",64,0.0369,474.102,474.197,0.096,0.0,3,cpu
inner.model.0.act,SiLU,"[1, 32, 28, 28]","[1, 32, 28, 28]",0,0.0213,474.102,474.197,0.096,0.0,3,cpu
inner.model.4.m.0.cv2.conv,Conv2d,"[1, 32, 28, 28]","[1, 32, 28, 28]",9216,0.1747,474.102,474.197,0.096,0.0,3,cpu
inner.model.4.m.0.cv2.bn,BatchNorm2d,"[1, 32, 28, 28]","[1, 32, 28, 28]",64,0.0352,474.102,474.197,0.096,0.0,3,cpu
inner.model.0.act,SiLU,"[1, 32, 28, 28]","[1, 32, 28, 28]",0,0.0212,474.102,474.197,0.096,0.0,3,cpu
inner.model.4.m.1.cv1.conv,Conv2d,"[1, 32, 28, 28]","[1, 32, 28, 28]",9216,0.1733,474.102,474.197,0.096,0.0,3,cpu
inner.model.4.m.1.cv1.bn,BatchNorm2d,"[1, 32, 28, 28]","[1, 32, 28, 28]",64,0.0369,474.102,474.197,0.096,0.0,3,cpu
inner.model.0.act,SiLU,"[1, 32, 28, 28]","[1, 32, 28, 28]",0,0.0215,474.102,474.197,0.096,0.0,3,cpu
inner.model.4.m.1.cv2.conv,Conv2d,"[1, 32, 28, 28]","[1, 32, 28, 28]",9216,0.1721,474.102,474.197,0.096,0.0,3,cpu
inner.model.4.m.1.cv2.bn,BatchNorm2d,"[1, 32, 28, 28]","[1, 32, 28, 28]",64,0.0352,474.102,474.197,0.096,0.0,3,cpu
inner.model.0.act,SiLU,"[1, 32, 28, 28]","[1, 32, 28, 28]",0,0.0217,474.102,474.197,0.096,0.0,3,cpu
inner.model.4.cv2.conv,Conv2d,"[1, 128, 28, 28]","[1, 64, 28, 28]",8192,0.2016,474.102,474.293,0.191,0.0,3,cpu
inner.model.4.cv2.bn,BatchNorm2d,"[1, 64, 28, 28]","[1, 64, 28, 28]",128,0.0435,474.102,474.293,0.191,0.0,3,cpu
inner.model.0.act,SiLU,"[1, 64, 28, 28]","[1, 64, 28, 28]",0,0.0212,474.102,474.293,0.191,0.0,3,cpu
inner.model.5.conv,Conv2d,"[1, 64, 28, 28]","[1, 128, 14, 14]",73728,0.2703,474.102,474.197,0.096,0.0,3,cpu
inner.model.5.bn,BatchNorm2d,"[1, 128, 14, 14]","[1, 128, 14, 14]",256,0.0385,474.102,474.197,0.096,0.0,3,cpu
inner.model.0.act,SiLU,"[1, 128, 14, 14]","[1, 128, 14, 14]",0,0.0213,474.102,474.197,0.096,0.0,3,cpu
inner.model.6.cv1.conv,Conv2d,"[1, 128, 14, 14]","[1, 128, 14, 14]",16384,0.1554,474.102,474.197,0.096,0.0,3,cpu
inner.model.6.cv1.bn,BatchNorm2d,"[1, 128, 14, 14]","[1, 128, 14, 14]",256,0.037,474.102,474.197,0.096,0.0,3,cpu
inner.model.0.act,SiLU,"[1, 128, 14, 14]","[1, 128, 14, 14]",0,0.0207,474.102,474.197,0.096,0.0,3,cpu
inner.model.6.m.0.cv1.conv,Conv2d,"[1, 64, 14, 14]","[1, 64, 14, 14]",36864,0.2023,474.102,474.149,0.048,0.0,3,cpu
inner.model.6.m.0.cv1.bn,BatchNorm2d,"[1, 64, 14, 14]","[1, 64, 14, 14]",128,0.036,474.102,474.149,0.048,0.0,3,cpu
inner.model.0.act,SiLU,"[1, 64, 14, 14]","[1, 64, 14, 14]",0,0.0151,474.102,474.149,0.048,0.0,3,cpu
inner.model.6.m.0.cv2.conv,Conv2d,"[1, 64, 14, 14]","[1, 64, 14, 14]",36864,0.1677,474.102,474.149,0.048,0.0,3,cpu
inner.model.6.m.0.cv2.bn,BatchNorm2d,"[1, 64, 14, 14]","[1, 64, 14, 14]",128,0.0306,474.102,474.149,0.048,0.0,3,cpu
inner.model.0.act,SiLU,"[1, 64, 14, 14]","[1, 64, 14, 14]",0,0.0144,474.102,474.149,0.048,0.0,3,cpu
inner.model.6.m.1.cv1.conv,Conv2d,"[1, 64, 14, 14]","[1, 64, 14, 14]",36864,0.1664,474.102,474.149,0.048,0.0,3,cpu
inner.model.6.m.1.cv1.bn,BatchNorm2d,"[1, 64, 14, 14]","[1, 64, 14, 14]",128,0.0308,474.102,474.149,0.048,0.0,3,cpu
inner.model.0.act,SiLU,"[1, 64, 14, 14]","[1, 64, 14, 14]",0,0.0143,474.102,474.149,0.048,0.0,3,cpu
inner.model.6.m.1.cv2.conv,Conv2d,"[1, 64, 14, 14]","[1, 64, 14, 14]",36864,0.1643,474.102,474.149,0.048,0.0,3,cpu
inner.model.6.m.1.cv2.bn,BatchNorm2d,"[1, 64, 14, 14]","[1, 64, 14, 14]",128,0.0304,474.102,474.149,0.048,0.0,3,cpu
inner.model.0.act,SiLU,"[1, 64, 14, 14]","[1, 64, 14, 14]",0,0.0139,474.102,474.149,0.048,0.0,3,cpu
inner.model.6.cv2.conv,Conv2d,"[1, 256, 14, 14]","[1, 128, 14, 14]",32768,0.1983,474.102,474.197,0.096,0.0,3,cpu
inner.model.6.cv2.bn,BatchNorm2d,"[1, 128, 14, 14]","[1, 128, 14, 14]",256,0.0393,474.102,474.197,0.096,0.0,3,cpu
inner.model.0.act,SiLU,"[1, 128, 14, 14]","[1, 128, 14, 14]",0,0.0214,474.102,474.197,0.096,0.0,3,cpu
inner.model.7.conv,Conv2d,"[1, 128, 14, 14]","[1, 256, 7, 7]",294912,0.4155,474.102,474.149,0.048,0.0,3,cpu
inner.model.7.bn,BatchNorm2d,"[1, 256, 7, 7]","[1, 256, 7, 7]",512,0.0368,474.102,474.149,0.048,0.0,3,cpu
inner.model.0.act,SiLU,"[1, 256, 7, 7]","[1, 256, 7, 7]",0,0.0159,474.102,474.149,0.048,0.0,3,cpu
inner.model.8.cv1.conv,Conv2d,"[1, 256, 7, 7]","[1, 256, 7, 7]",65536,0.1013,474.102,474.149,0.048,0.0,3,cpu
inner.model.8.cv1.bn,BatchNorm2d,"[1, 256, 7, 7]","[1, 256, 7, 7]",512,0.0327,474.102,474.149,0.048,0.0,3,cpu
inner.model.0.act,SiLU,"[1, 256, 7, 7]","[1, 256, 7, 7]",0,0.014,474.102,474.149,0.048,0.0,3,cpu
inner.model.8.m.0.cv1.conv,Conv2d,"[1, 128, 7, 7]","[1, 128, 7, 7]",147456,0.2284,474.102,474.125,0.024,0.0,3,cpu
inner.model.8.m.0.cv1.bn,BatchNorm2d,"[1, 128, 7, 7]","[1, 128, 7, 7]",256,0.0314,474.102,474.125,0.024,0.0,3,cpu
inner.model.0.act,SiLU,"[1, 128, 7, 7]","[1, 128, 7, 7]",0,0.0118,474.102,474.125,0.024,0.0,3,cpu
inner.model.8.m.0.cv2.conv,Conv2d,"[1, 128, 7, 7]","[1, 128, 7, 7]",147456,0.2121,474.102,474.125,0.024,0.0,3,cpu
inner.model.8.m.0.cv2.bn,BatchNorm2d,"[1, 128, 7, 7]","[1, 128, 7, 7]",256,0.0302,474.102,474.125,0.024,0.0,3,cpu
inner.model.0.act,SiLU,"[1, 128, 7, 7]","[1, 128, 7, 7]",0,0.0114,474.102,474.125,0.024,0.0,3,cpu
inner.model.8.cv2.conv,Conv2d,"[1, 384, 7, 7]","[1, 256, 7, 7]",98304,0.102,474.102,474.149,0.048,0.0,3,cpu
inner.model.8.cv2.bn,BatchNorm2d,"[1, 256, 7, 7]","[1, 256, 7, 7]",512,0.0312,474.102,474.149,0.048,0.0,3,cpu
inner.model.0.act,SiLU,"[1, 256, 7, 7]","[1, 256, 7, 7]",0,0.0141,474.102,474.149,0.048,0.0,3,cpu
inner.model.9.cv1.conv,Conv2d,"[1, 256, 7, 7]","[1, 128, 7, 7]",32768,0.0543,474.102,474.125,0.024,0.0,3,cpu
inner.model.9.cv1.bn,BatchNorm2d,"[1, 128, 7, 7]","[1, 128, 7, 7]",256,0.0291,474.102,474.125,0.024,0.0,3,cpu
inner.model.0.act,SiLU,"[1, 128, 7, 7]","[1, 128, 7, 7]",0,0.0108,474.102,474.125,0.024,0.0,3,cpu
inner.model.9.m,MaxPool2d,"[1, 128, 7, 7]","[1, 128, 7, 7]",0,0.3295,474.102,474.125,0.024,0.0,3,cpu
inner.model.9.m,MaxPool2d,"[1, 128, 7, 7]","[1, 128, 7, 7]",0,0.2323,474.102,474.125,0.024,0.0,3,cpu
inner.model.9.m,MaxPool2d,"[1, 128, 7, 7]","[1, 128, 7, 7]",0,0.2,474.102,474.125,0.024,0.0,3,cpu
inner.model.9.cv2.conv,Conv2d,"[1, 512, 7, 7]","[1, 256, 7, 7]",131072,0.2701,474.102,474.149,0.048,0.0,3,cpu
inner.model.9.cv2.bn,BatchNorm2d,"[1, 256, 7, 7]","[1, 256, 7, 7]",512,0.0363,474.102,474.149,0.048,0.0,3,cpu
inner.model.0.act,SiLU,"[1, 256, 7, 7]","[1, 256, 7, 7]",0,0.0159,474.102,474.149,0.048,0.0,3,cpu
inner.model.10,Upsample,"[1, 256, 7, 7]","[1, 256, 14, 14]",0,0.0859,474.102,474.293,0.191,0.0,3,cpu
inner.model.11,Concat,"[1, 256, 14, 14]","[1, 384, 14, 14]",0,0.0397,474.102,474.389,0.287,0.0,3,cpu
inner.model.12.cv1.conv,Conv2d,"[1, 384, 14, 14]","[1, 128, 14, 14]",49152,0.2419,474.102,474.197,0.096,0.0,3,cpu
inner.model.12.cv1.bn,BatchNorm2d,"[1, 128, 14, 14]","[1, 128, 14, 14]",256,0.0406,474.102,474.197,0.096,0.0,3,cpu
inner.model.0.act,SiLU,"[1, 128, 14, 14]","[1, 128, 14, 14]",0,0.022,474.102,474.197,0.096,0.0,3,cpu
inner.model.12.m.0.cv1.conv,Conv2d,"[1, 64, 14, 14]","[1, 64, 14, 14]",36864,0.1723,474.102,474.149,0.048,0.0,3,cpu
inner.model.12.m.0.cv1.bn,BatchNorm2d,"[1, 64, 14, 14]","[1, 64, 14, 14]",128,0.0336,474.102,474.149,0.048,0.0,3,cpu
inner.model.0.act,SiLU,"[1, 64, 14, 14]","[1, 64, 14, 14]",0,0.0146,474.102,474.149,0.048,0.0,3,cpu
inner.model.12.m.0.cv2.conv,Conv2d,"[1, 64, 14, 14]","[1, 64, 14, 14]",36864,0.1613,474.102,474.149,0.048,0.0,3,cpu
inner.model.12.m.0.cv2.bn,BatchNorm2d,"[1, 64, 14, 14]","[1, 64, 14, 14]",128,0.0306,474.102,474.149,0.048,0.0,3,cpu
inner.model.0.act,SiLU,"[1, 64, 14, 14]","[1, 64, 14, 14]",0,0.0142,474.102,474.149,0.048,0.0,3,cpu
inner.model.12.cv2.conv,Conv2d,"[1, 192, 14, 14]","[1, 128, 14, 14]",24576,0.1749,474.102,474.197,0.096,0.0,3,cpu
inner.model.12.cv2.bn,BatchNorm2d,"[1, 128, 14, 14]","[1, 128, 14, 14]",256,0.0373,474.102,474.197,0.096,0.0,3,cpu
inner.model.0.act,SiLU,"[1, 128, 14, 14]","[1, 128, 14, 14]",0,0.0211,474.102,474.197,0.096,0.0,3,cpu
inner.model.13,Upsample,"[1, 128, 14, 14]","[1, 128, 28, 28]",0,0.1197,474.102,474.484,0.383,0.0,3,cpu
inner.model.14,Concat,"[1, 128, 28, 28]","[1, 192, 28, 28]",0,0.0408,474.102,474.676,0.574,0.0,3,cpu
inner.model.15.cv1.conv,Conv2d,"[1, 192, 28, 28]","[1, 64, 28, 28]",12288,0.2585,474.102,474.293,0.191,0.0,3,cpu
inner.model.15.cv1.bn,BatchNorm2d,"[1, 64, 28, 28]","[1, 64, 28, 28]",128,0.0451,474.102,474.293,0.191,0.0,3,cpu
inner.model.0.act,SiLU,"[1, 64, 28, 28]","[1, 64, 28, 28]",0,0.0216,474.102,474.293,0.191,0.0,3,cpu
inner.model.15.m.0.cv1.conv,Conv2d,"[1, 32, 28, 28]","[1, 32, 28, 28]",9216,0.1891,474.102,474.197,0.096,0.0,3,cpu
inner.model.15.m.0.cv1.bn,BatchNorm2d,"[1, 32, 28, 28]","[1, 32, 28, 28]",64,0.0367,474.102,474.197,0.096,0.0,3,cpu
inner.model.0.act,SiLU,"[1, 32, 28, 28]","[1, 32, 28, 28]",0,0.021,474.102,474.197,0.096,0.0,3,cpu
inner.model.15.m.0.cv2.conv,Conv2d,"[1, 32, 28, 28]","[1, 32, 28, 28]",9216,0.1739,474.102,474.197,0.096,0.0,3,cpu
inner.model.15.m.0.cv2.bn,BatchNorm2d,"[1, 32, 28, 28]","[1, 32, 28, 28]",64,0.0344,474.102,474.197,0.096,0.0,3,cpu
inner.model.0.act,SiLU,"[1, 32, 28, 28]","[1, 32, 28, 28]",0,0.0209,474.102,474.197,0.096,0.0,3,cpu
inner.model.15.cv2.conv,Conv2d,"[1, 96, 28, 28]","[1, 64, 28, 28]",6144,0.1773,474.102,474.293,0.191,0.0,3,cpu
inner.model.15.cv2.bn,BatchNorm2d,"[1, 64, 28, 28]","[1, 64, 28, 28]",128,0.0453,474.102,474.293,0.191,0.0,3,cpu
inner.model.0.act,SiLU,"[1, 64, 28, 28]","[1, 64, 28, 28]",0,0.1839,474.102,474.293,0.191,0.0,3,cpu
inner.model.16.conv,Conv2d,"[1, 64, 28, 28]","[1, 64, 14, 14]",36864,0.5382,474.102,474.149,0.048,0.0,3,cpu
inner.model.16.bn,BatchNorm2d,"[1, 64, 14, 14]","[1, 64, 14, 14]",128,0.102,474.102,474.149,0.048,0.0,3,cpu
inner.model.0.act,SiLU,"[1, 64, 14, 14]","[1, 64, 14, 14]",0,0.0299,474.102,474.149,0.048,0.0,3,cpu
inner.model.17,Concat,"[1, 64, 14, 14]","[1, 192, 14, 14]",0,0.0825,474.102,474.245,0.144,0.0,3,cpu
inner.model.18.cv1.conv,Conv2d,"[1, 192, 14, 14]","[1, 128, 14, 14]",24576,0.5603,474.102,474.197,0.096,0.0,3,cpu
inner.model.18.cv1.bn,BatchNorm2d,"[1, 128, 14, 14]","[1, 128, 14, 14]",256,0.1694,474.102,474.197,0.096,0.0,3,cpu
inner.model.0.act,SiLU,"[1, 128, 14, 14]","[1, 128, 14, 14]",0,0.0419,474.102,474.197,0.096,0.0,3,cpu
inner.model.18.m.0.cv1.conv,Conv2d,"[1, 64, 14, 14]","[1, 64, 14, 14]",36864,0.5361,474.102,474.149,0.048,0.0,3,cpu
inner.model.18.m.0.cv1.bn,BatchNorm2d,"[1, 64, 14, 14]","[1, 64, 14, 14]",128,0.0666,474.102,474.149,0.048,0.0,3,cpu
inner.model.0.act,SiLU,"[1, 64, 14, 14]","[1, 64, 14, 14]",0,0.0268,474.102,474.149,0.048,0.0,3,cpu
inner.model.18.m.0.cv2.conv,Conv2d,"[1, 64, 14, 14]","[1, 64, 14, 14]",36864,0.2062,474.102,474.149,0.048,0.0,3,cpu
inner.model.18.m.0.cv2.bn,BatchNorm2d,"[1, 64, 14, 14]","[1, 64, 14, 14]",128,0.0459,474.102,474.149,0.048,0.0,3,cpu
inner.model.0.act,SiLU,"[1, 64, 14, 14]","[1, 64, 14, 14]",0,0.0228,474.102,474.149,0.048,0.0,3,cpu
inner.model.18.cv2.conv,Conv2d,"[1, 192, 14, 14]","[1, 128, 14, 14]",24576,0.2795,474.102,474.197,0.096,0.0,3,cpu
inner.model.18.cv2.bn,BatchNorm2d,"[1, 128, 14, 14]","[1, 128, 14, 14]",256,0.0577,474.102,474.197,0.096,0.0,3,cpu
inner.model.0.act,SiLU,"[1, 128, 14, 14]","[1, 128, 14, 14]",0,0.0353,474.102,474.197,0.096,0.0,3,cpu
inner.model.19.conv,Conv2d,"[1, 128, 14, 14]","[1, 128, 7, 7]",147456,0.6878,474.102,474.125,0.024,0.0,3,cpu
inner.model.19.bn,BatchNorm2d,"[1, 128, 7, 7]","[1, 128, 7, 7]",256,0.0496,474.102,474.125,0.024,0.0,3,cpu
inner.model.0.act,SiLU,"[1, 128, 7, 7]","[1, 128, 7, 7]",0,0.0172,474.102,474.125,0.024,0.0,3,cpu
inner.model.20,Concat,"[1, 128, 7, 7]","[1, 384, 7, 7]",0,0.0263,474.102,474.173,0.072,0.0,3,cpu
inner.model.21.cv1.conv,Conv2d,"[1, 384, 7, 7]","[1, 256, 7, 7]",98304,0.1349,474.102,474.149,0.048,0.0,3,cpu
inner.model.21.cv1.bn,BatchNorm2d,"[1, 256, 7, 7]","[1, 256, 7, 7]",512,0.0372,474.102,474.149,0.048,0.0,3,cpu
inner.model.0.act,SiLU,"[1, 256, 7, 7]","[1, 256, 7, 7]",0,0.015,474.102,474.149,0.048,0.0,3,cpu
inner.model.21.m.0.cv1.conv,Conv2d,"[1, 128, 7, 7]","[1, 128, 7, 7]",147456,0.2633,474.102,474.125,0.024,0.0,3,cpu
inner.model.21.m.0.cv1.bn,BatchNorm2d,"[1, 128, 7, 7]","[1, 128, 7, 7]",256,0.0353,474.102,474.125,0.024,0.0,3,cpu
inner.model.0.act,SiLU,"[1, 128, 7, 7]","[1, 128, 7, 7]",0,0.0124,474.102,474.125,0.024,0.0,3,cpu
inner.model.21.m.0.cv2.conv,Conv2d,"[1, 128, 7, 7]","[1, 128, 7, 7]",147456,0.2128,474.102,474.125,0.024,0.0,3,cpu
inner.model.21.m.0.cv2.bn,BatchNorm2d,"[1, 128, 7, 7]","[1, 128, 7, 7]",256,0.0309,474.102,474.125,0.024,0.0,3,cpu
inner.model.0.act,SiLU,"[1, 128, 7, 7]","[1, 128, 7, 7]",0,0.0114,474.102,474.125,0.024,0.0,3,cpu
inner.model.21.cv2.conv,Conv2d,"[1, 384, 7, 7]","[1, 256, 7, 7]",98304,0.0903,474.102,474.149,0.048,0.0,3,cpu
inner.model.21.cv2.bn,BatchNorm2d,"[1, 256, 7, 7]","[1, 256, 7, 7]",512,0.0333,474.102,474.149,0.048,0.0,3,cpu
inner.model.0.act,SiLU,"[1, 256, 7, 7]","[1, 256, 7, 7]",0,0.0146,474.102,474.149,0.048,0.0,3,cpu
inner.model.22.cv2.0.0.conv,Conv2d,"[1, 64, 28, 28]","[1, 64, 28, 28]",36864,0.4318,474.102,474.293,0.191,0.0,3,cpu
inner.model.22.cv2.0.0.bn,BatchNorm2d,"[1, 64, 28, 28]","[1, 64, 28, 28]",128,0.0447,474.102,474.293,0.191,0.0,3,cpu
inner.model.0.act,SiLU,"[1, 64, 28, 28]","[1, 64, 28, 28]",0,0.0223,474.102,474.293,0.191,0.0,3,cpu
inner.model.22.cv2.0.1.conv,Conv2d,"[1, 64, 28, 28]","[1, 64, 28, 28]",36864,0.3677,474.102,474.293,0.191,0.0,3,cpu
inner.model.22.cv2.0.1.bn,BatchNorm2d,"[1, 64, 28, 28]","[1, 64, 28, 28]",128,0.0436,474.102,474.293,0.191,0.0,3,cpu
inner.model.0.act,SiLU,"[1, 64, 28, 28]","[1, 64, 28, 28]",0,0.0209,474.102,474.293,0.191,0.0,3,cpu
inner.model.22.cv2.0.2,Conv2d,"[1, 64, 28, 28]","[1, 64, 28, 28]",4160,0.1584,474.102,474.293,0.191,0.0,3,cpu
inner.model.22.cv2.1.0.conv,Conv2d,"[1, 128, 14, 14]","[1, 64, 14, 14]",73728,0.2671,474.102,474.149,0.048,0.0,3,cpu
inner.model.22.cv2.1.0.bn,BatchNorm2d,"[1, 64, 14, 14]","[1, 64, 14, 14]",128,0.0359,474.102,474.149,0.048,0.0,3,cpu
inner.model.0.act,SiLU,"[1, 64, 14, 14]","[1, 64, 14, 14]",0,0.0154,474.102,474.149,0.048,0.0,3,cpu
inner.model.22.cv2.1.1.conv,Conv2d,"[1, 64, 14, 14]","[1, 64, 14, 14]",36864,0.1759,474.102,474.149,0.048,0.0,3,cpu
inner.model.22.cv2.1.1.bn,BatchNorm2d,"[1, 64, 14, 14]","[1, 64, 14, 14]",128,0.0319,474.102,474.149,0.048,0.0,3,cpu
inner.model.0.act,SiLU,"[1, 64, 14, 14]","[1, 64, 14, 14]",0,0.0142,474.102,474.149,0.048,0.0,3,cpu
inner.model.22.cv2.1.2,Conv2d,"[1, 64, 14, 14]","[1, 64, 14, 14]",4160,0.0522,474.102,474.149,0.048,0.0,3,cpu
inner.model.22.cv2.2.0.conv,Conv2d,"[1, 256, 7, 7]","[1, 64, 7, 7]",147456,0.2553,474.102,474.114,0.012,0.0,3,cpu
inner.model.22.cv2.2.0.bn,BatchNorm2d,"[1, 64, 7, 7]","[1, 64, 7, 7]",128,0.0305,474.102,474.114,0.012,0.0,3,cpu
inner.model.0.act,SiLU,"[1, 64, 7, 7]","[1, 64, 7, 7]",0,0.0107,474.102,474.114,0.012,0.0,3,cpu
inner.model.22.cv2.2.1.conv,Conv2d,"[1, 64, 7, 7]","[1, 64, 7, 7]",36864,0.0852,474.102,474.114,0.012,0.0,3,cpu
inner.model.22.cv2.2.1.bn,BatchNorm2d,"[1, 64, 7, 7]","[1, 64, 7, 7]",128,0.0282,474.102,474.114,0.012,0.0,3,cpu
inner.model.0.act,SiLU,"[1, 64, 7, 7]","[1, 64, 7, 7]",0,0.0097,474.102,474.114,0.012,0.0,3,cpu
inner.model.22.cv2.2.2,Conv2d,"[1, 64, 7, 7]","[1, 64, 7, 7]",4160,0.0344,474.102,474.114,0.012,0.0,3,cpu
inner.model.22.cv3.0.0.conv,Conv2d,"[1, 64, 28, 28]","[1, 80, 28, 28]",46080,0.4573,474.102,474.341,0.239,0.0,3,cpu
inner.model.22.cv3.0.0.bn,BatchNorm2d,"[1, 80, 28, 28]","[1, 80, 28, 28]",160,0.0479,474.102,474.341,0.239,0.0,3,cpu
inner.model.0.act,SiLU,"[1, 80, 28, 28]","[1, 80, 28, 28]",0,0.0236,474.102,474.341,0.239,0.0,3,cpu
inner.model.22.cv3.0.1.conv,Conv2d,"[1, 80, 28, 28]","[1, 80, 28, 28]",57600,0.5046,474.102,474.341,0.239,0.0,3,cpu
inner.model.22.cv3.0.1.bn,BatchNorm2d,"[1, 80, 28, 28]","[1, 80, 28, 28]",160,0.047,474.102,474.341,0.239,0.0,3,cpu
inner.model.0.act,SiLU,"[1, 80, 28, 28]","[1, 80, 28, 28]",0,0.0235,474.102,474.341,0.239,0.0,3,cpu
inner.model.22.cv3.0.2,Conv2d,"[1, 80, 28, 28]","[1, 80, 28, 28]",6480,0.1756,474.102,474.341,0.239,0.0,3,cpu
inner.model.22.cv3.1.0.conv,Conv2d,"[1, 128, 14, 14]","[1, 80, 14, 14]",92160,0.2945,474.102,474.161,0.06,0.0,3,cpu
inner.model.22.cv3.1.0.bn,BatchNorm2d,"[1, 80, 14, 14]","[1, 80, 14, 14]",160,0.0359,474.102,474.161,0.06,0.0,3,cpu
inner.model.0.act,SiLU,"[1, 80, 14, 14]","[1, 80, 14, 14]",0,0.0169,474.102,474.161,0.06,0.0,3,cpu
inner.model.22.cv3.1.1.conv,Conv2d,"[1, 80, 14, 14]","[1, 80, 14, 14]",57600,0.2337,474.102,474.161,0.06,0.0,3,cpu
inner.model.22.cv3.1.1.bn,BatchNorm2d,"[1, 80, 14, 14]","[1, 80, 14, 14]",160,0.0321,474.102,474.161,0.06,0.0,3,cpu
inner.model.0.act,SiLU,"[1, 80, 14, 14]","[1, 80, 14, 14]",0,0.0157,474.102,474.161,0.06,0.0,3,cpu
inner.model.22.cv3.1.2,Conv2d,"[1, 80, 14, 14]","[1, 80, 14, 14]",6480,0.0552,474.102,474.161,0.06,0.0,3,cpu
inner.model.22.cv3.2.0.conv,Conv2d,"[1, 256, 7, 7]","[1, 80, 7, 7]",184320,0.2885,474.102,474.117,0.015,0.0,3,cpu
inner.model.22.cv3.2.0.bn,BatchNorm2d,"[1, 80, 7, 7]","[1, 80, 7, 7]",160,0.0327,474.102,474.117,0.015,0.0,3,cpu
inner.model.0.act,SiLU,"[1, 80, 7, 7]","[1, 80, 7, 7]",0,0.0115,474.102,474.117,0.015,0.0,3,cpu
inner.model.22.cv3.2.1.conv,Conv2d,"[1, 80, 7, 7]","[1, 80, 7, 7]",57600,0.1079,474.102,474.117,0.015,0.0,3,cpu
inner.model.22.cv3.2.1.bn,BatchNorm2d,"[1, 80, 7, 7]","[1, 80, 7, 7]",160,0.0282,474.102,474.117,0.015,0.0,3,cpu
inner.model.0.act,SiLU,"[1, 80, 7, 7]","[1, 80, 7, 7]",0,0.0104,474.102,474.117,0.015,0.0,3,cpu
inner.model.22.cv3.2.2,Conv2d,"[1, 80, 7, 7]","[1, 80, 7, 7]",6480,0.0363,474.102,474.117,0.015,0.0,3,cpu
inner.model.22.dfl.conv,Conv2d,"[1, 16, 4, 1029]","[1, 1, 4, 1029]",16,0.1718,474.102,474.117,0.016,0.0,3,cpu
inner.model.0.conv,Conv2d,"[1, 3, 224, 224]","[1, 16, 112, 112]",432,1.1199,474.109,474.875,0.766,0.0,4,cpu
inner.model.0.bn,BatchNorm2d,"[1, 16, 112, 112]","[1, 16, 112, 112]",32,0.2907,474.109,474.875,0.766,0.0,4,cpu
inner.model.0.act,SiLU,"[1, 16, 112, 112]","[1, 16, 112, 112]",0,0.1855,474.109,474.875,0.766,0.0,4,cpu
inner.model.1.conv,Conv2d,"[1, 16, 112, 112]","[1, 32, 56, 56]",4608,1.0052,474.109,474.492,0.383,0.0,4,cpu
inner.model.1.bn,BatchNorm2d,"[1, 32, 56, 56]","[1, 32, 56, 56]",64,0.1387,474.109,474.492,0.383,0.0,4,cpu
inner.model.0.act,SiLU,"[1, 32, 56, 56]","[1, 32, 56, 56]",0,0.1263,474.109,474.492,0.383,0.0,4,cpu
inner.model.2.cv1.conv,Conv2d,"[1, 32, 56, 56]","[1, 32, 56, 56]",1024,0.3078,474.109,474.492,0.383,0.0,4,cpu
inner.model.2.cv1.bn,BatchNorm2d,"[1, 32, 56, 56]","[1, 32, 56, 56]",64,0.08,474.109,474.492,0.383,0.0,4,cpu
inner.model.0.act,SiLU,"[1, 32, 56, 56]","[1, 32, 56, 56]",0,0.056,474.109,474.492,0.383,0.0,4,cpu
inner.model.2.m.0.cv1.conv,Conv2d,"[1, 16, 56, 56]","[1, 16, 56, 56]",2304,0.3485,474.109,474.301,0.191,0.0,4,cpu
inner.model.2.m.0.cv1.bn,BatchNorm2d,"[1, 16, 56, 56]","[1, 16, 56, 56]",32,0.054,474.109,474.301,0.191,0.0,4,cpu
inner.model.0.act,SiLU,"[1, 16, 56, 56]","[1, 16, 56, 56]",0,0.033,474.109,474.301,0.191,0.0,4,cpu
inner.model.2.m.0.cv2.conv,Conv2d,"[1, 16, 56, 56]","[1, 16, 56, 56]",2304,0.2704,474.109,474.301,0.191,0.0,4,cpu
inner.model.2.m.0.cv2.bn,BatchNorm2d,"[1, 16, 56, 56]","[1, 16, 56, 56]",32,0.0499,474.109,474.301,0.191,0.0,4,cpu
inner.model.0.act,SiLU,"[1, 16, 56, 56]","[1, 16, 56, 56]",0,0.0314,474.109,474.301,0.191,0.0,4,cpu
inner.model.2.cv2.conv,Conv2d,"[1, 48, 56, 56]","[1, 32, 56, 56]",1536,0.3614,474.109,474.492,0.383,0.0,4,cpu
inner.model.2.cv2.bn,BatchNorm2d,"[1, 32, 56, 56]","[1, 32, 56, 56]",64,0.087,474.109,474.492,0.383,0.0,4,cpu
inner.model.0.act,SiLU,"[1, 32, 56, 56]","[1, 32, 56, 56]",0,0.0552,474.109,474.492,0.383,0.0,4,cpu
inner.model.3.conv,Conv2d,"[1, 32, 56, 56]","[1, 64, 28, 28]",18432,0.4412,474.109,474.301,0.191,0.0,4,cpu
inner.model.3.bn,BatchNorm2d,"[1, 64, 28, 28]","[1, 64, 28, 28]",128,0.054,474.109,474.301,0.191,0.0,4,cpu
inner.model.0.act,SiLU,"[1, 64, 28, 28]","[1, 64, 28, 28]",0,0.0324,474.109,474.301,0.191,0.0,4,cpu
inner.model.4.cv1.conv,Conv2d,"[1, 64, 28, 28]","[1, 64, 28, 28]",4096,0.2179,474.109,474.301,0.191,0.0,4,cpu
inner.model.4.cv1.bn,BatchNorm2d,"[1, 64, 28, 28]","[1, 64, 28, 28]",128,0.0522,474.109,474.301,0.191,0.0,4,cpu
inner.model.0.act,SiLU,"[1, 64, 28, 28]","[1, 64, 28, 28]",0,0.0316,474.109,474.301,0.191,0.0,4,cpu
inner.model.4.m.0.cv1.conv,Conv2d,"[1, 32, 28, 28]","[1, 32, 28, 28]",9216,0.2869,474.109,474.205,0.096,0.0,4,cpu
inner.model.4.m.0.cv1.bn,BatchNorm2d,"[1, 32, 28, 28]","[1, 32, 28, 28]",64,0.0433,474.109,474.205,0.096,0.0,4,cpu
inner.model.0.act,SiLU,"[1, 32, 28, 28]","[1, 32, 28, 28]",0,0.0255,474.109,474.205,0.096,0.0,4,cpu
inner.model.4.m.0.cv2.conv,Conv2d,"[1, 32, 28, 28]","[1, 32, 28, 28]",9216,0.2591,474.109,474.205,0.096,0.0,4,cpu
inner.model.4.m.0.cv2.bn,BatchNorm2d,"[1, 32, 28, 28]","[1, 32, 28, 28]",64,0.0423,474.109,474.205,0.096,0.0,4,cpu
inner.model.0.act,SiLU,"[1, 32, 28, 28]","[1, 32, 28, 28]",0,0.0249,474.109,474.205,0.096,0.0,4,cpu
inner.model.4.m.1.cv1.conv,Conv2d,"[1, 32, 28, 28]","[1, 32, 28, 28]",9216,0.2546,474.109,474.205,0.096,0.0,4,cpu
inner.model.4.m.1.cv1.bn,BatchNorm2d,"[1, 32, 28, 28]","[1, 32, 28, 28]",64,0.0422,474.109,474.205,0.096,0.0,4,cpu
inner.model.0.act,SiLU,"[1, 32, 28, 28]","[1, 32, 28, 28]",0,0.0249,474.109,474.205,0.096,0.0,4,cpu
inner.model.4.m.1.cv2.conv,Conv2d,"[1, 32, 28, 28]","[1, 32, 28, 28]",9216,0.252,474.109,474.205,0.096,0.0,4,cpu
inner.model.4.m.1.cv2.bn,BatchNorm2d,"[1, 32, 28, 28]","[1, 32, 28, 28]",64,0.0435,474.109,474.205,0.096,0.0,4,cpu
inner.model.0.act,SiLU,"[1, 32, 28, 28]","[1, 32, 28, 28]",0,0.0249,474.109,474.205,0.096,0.0,4,cpu
inner.model.4.cv2.conv,Conv2d,"[1, 128, 28, 28]","[1, 64, 28, 28]",8192,0.2854,474.109,474.301,0.191,0.0,4,cpu
inner.model.4.cv2.bn,BatchNorm2d,"[1, 64, 28, 28]","[1, 64, 28, 28]",128,0.052,474.109,474.301,0.191,0.0,4,cpu
inner.model.0.act,SiLU,"[1, 64, 28, 28]","[1, 64, 28, 28]",0,0.0316,474.109,474.301,0.191,0.0,4,cpu
inner.model.5.conv,Conv2d,"[1, 64, 28, 28]","[1, 128, 14, 14]",73728,0.4346,474.109,474.205,0.096,0.0,4,cpu
inner.model.5.bn,BatchNorm2d,"[1, 128, 14, 14]","[1, 128, 14, 14]",256,0.0452,474.109,474.205,0.096,0.0,4,cpu
inner.model.0.act,SiLU,"[1, 128, 14, 14]","[1, 128, 14, 14]",0,0.0258,474.109,474.205,0.096,0.0,4,cpu
inner.model.6.cv1.conv,Conv2d,"[1, 128, 14, 14]","[1, 128, 14, 14]",16384,0.2157,474.109,474.205,0.096,0.0,4,cpu
inner.model.6.cv1.bn,BatchNorm2d,"[1, 128, 14, 14]","[1, 128, 14, 14]",256,0.0437,474.109,474.205,0.096,0.0,4,cpu
inner.model.0.act,SiLU,"[1, 128, 14, 14]","[1, 128, 14, 14]",0,0.0252,474.109,474.205,0.096,0.0,4,cpu
inner.model.6.m.0.cv1.conv,Conv2d,"[1, 64, 14, 14]","[1, 64, 14, 14]",36864,0.3085,474.109,474.157,0.048,0.0,4,cpu
inner.model.6.m.0.cv1.bn,BatchNorm2d,"[1, 64, 14, 14]","[1, 64, 14, 14]",128,0.0454,474.109,474.157,0.048,0.0,4,cpu
inner.model.0.act,SiLU,"[1, 64, 14, 14]","[1, 64, 14, 14]",0,0.018,474.109,474.157,0.048,0.0,4,cpu
inner.model.6.m.0.cv2.conv,Conv2d,"[1, 64, 14, 14]","[1, 64, 14, 14]",36864,0.2706,474.109,474.157,0.048,0.0,4,cpu
inner.model.6.m.0.cv2.bn,BatchNorm2d,"[1, 64, 14, 14]","[1, 64, 14, 14]",128,0.0421,474.109,474.157,0.048,0.0,4,cpu
inner.model.0.act,SiLU,"[1, 64, 14, 14]","[1, 64, 14, 14]",0,0.0172,474.109,474.157,0.048,0.0,4,cpu
inner.model.6.m.1.cv1.conv,Conv2d,"[1, 64, 14, 14]","[1, 64, 14, 14]",36864,0.2607,474.109,474.157,0.048,0.0,4,cpu
inner.model.6.m.1.cv1.bn,BatchNorm2d,"[1, 64, 14, 14]","[1, 64, 14, 14]",128,0.0421,474.109,474.157,0.048,0.0,4,cpu
inner.model.0.act,SiLU,"[1, 64, 14, 14]","[1, 64, 14, 14]",0,0.0173,474.109,474.157,0.048,0.0,4,cpu
inner.model.6.m.1.cv2.conv,Conv2d,"[1, 64, 14, 14]","[1, 64, 14, 14]",36864,0.259,474.109,474.157,0.048,0.0,4,cpu
inner.model.6.m.1.cv2.bn,BatchNorm2d,"[1, 64, 14, 14]","[1, 64, 14, 14]",128,0.0405,474.109,474.157,0.048,0.0,4,cpu
inner.model.0.act,SiLU,"[1, 64, 14, 14]","[1, 64, 14, 14]",0,0.0172,474.109,474.157,0.048,0.0,4,cpu
inner.model.6.cv2.conv,Conv2d,"[1, 256, 14, 14]","[1, 128, 14, 14]",32768,0.2906,474.109,474.205,0.096,0.0,4,cpu
inner.model.6.cv2.bn,BatchNorm2d,"[1, 128, 14, 14]","[1, 128, 14, 14]",256,0.0463,474.109,474.205,0.096,0.0,4,cpu
inner.model.0.act,SiLU,"[1, 128, 14, 14]","[1, 128, 14, 14]",0,0.0256,474.109,474.205,0.096,0.0,4,cpu
inner.model.7.conv,Conv2d,"[1, 128, 14, 14]","[1, 256, 7, 7]",294912,0.5931,474.109,474.157,0.048,0.0,4,cpu
inner.model.7.bn,BatchNorm2d,"[1, 256, 7, 7]","[1, 256, 7, 7]",512,0.0446,474.109,474.157,0.048,0.0,4,cpu
inner.model.0.act,SiLU,"[1, 256, 7, 7]","[1, 256, 7, 7]",0,0.0183,474.109,474.157,0.048,0.0,4,cpu
inner.model.8.cv1.conv,Conv2d,"[1, 256, 7, 7]","[1, 256, 7, 7]",65536,0.1447,474.109,474.157,0.048,0.0,4,cpu
inner.model.8.cv1.bn,BatchNorm2d,"[1, 256, 7, 7]","[1, 256, 7, 7]",512,0.0407,474.109,474.157,0.048,0.0,4,cpu
inner.model.0.act,SiLU,"[1, 256, 7, 7]","[1, 256, 7, 7]",0,0.0174,474.109,474.157,0.048,0.0,4,cpu
inner.model.8.m.0.cv1.conv,Conv2d,"[1, 128, 7, 7]","[1, 128, 7, 7]",147456,0.3286,474.109,474.133,0.024,0.0,4,cpu
inner.model.8.m.0.cv1.bn,BatchNorm2d,"[1, 128, 7, 7]","[1, 128, 7, 7]",256,0.0413,474.109,474.133,0.024,0.0,4,cpu
inner.model.0.act,SiLU,"[1, 128, 7, 7]","[1, 128, 7, 7]",0,0.0141,474.109,474.133,0.024,0.0,4,cpu
inner.model.8.m.0.cv2.conv,Conv2d,"[1, 128, 7, 7]","[1, 128, 7, 7]",147456,0.3148,474.109,474.133,0.024,0.0,4,cpu
inner.model.8.m.0.cv2.bn,BatchNorm2d,"[1, 128, 7, 7]","[1, 128, 7, 7]",256,0.0402,474.109,474.133,0.024,0.0,4,cpu
inner.model.0.act,SiLU,"[1, 128, 7, 7]","[1, 128, 7, 7]",0,0.014,474.109,474.133,0.024,0.0,4,cpu
inner.model.8.cv2.conv,Conv2d,"[1, 384, 7, 7]","[1, 256, 7, 7]",98304,0.1548,474.109,474.157,0.048,0.0,4,cpu
inner.model.8.cv2.bn,BatchNorm2d,"[1, 256, 7, 7]","[1, 256, 7, 7]",512,0.0404,474.109,474.157,0.048,0.0,4,cpu
inner.model.0.act,SiLU,"[1, 256, 7, 7]","[1, 256, 7, 7]",0,0.0176,474.109,474.157,0.048,0.0,4,cpu
inner.model.9.cv1.conv,Conv2d,"[1, 256, 7, 7]","[1, 128, 7, 7]",32768,0.0828,474.109,474.133,0.024,0.0,4,cpu
inner.model.9.cv1.bn,BatchNorm2d,"[1, 128, 7, 7]","[1, 128, 7, 7]",256,0.0352,474.109,474.133,0.024,0.0,4,cpu
inner.model.0.act,SiLU,"[1, 128, 7, 7]","[1, 128, 7, 7]",0,0.0131,474.109,474.133,0.024,0.0,4,cpu
inner.model.9.m,MaxPool2d,"[1, 128, 7, 7]","[1, 128, 7, 7]",0,0.5108,474.109,474.133,0.024,0.0,4,cpu
inner.model.9.m,MaxPool2d,"[1, 128, 7, 7]","[1, 128, 7, 7]",0,0.4131,474.109,474.133,0.024,0.0,4,cpu
inner.model.9.m,MaxPool2d,"[1, 128, 7, 7]","[1, 128, 7, 7]",0,0.4664,474.109,474.133,0.024,0.0,4,cpu
inner.model.9.cv2.conv,Conv2d,"[1, 512, 7, 7]","[1, 256, 7, 7]",131072,0.629,474.109,474.157,0.048,0.0,4,cpu
inner.model.9.cv2.bn,BatchNorm2d,"[1, 256, 7, 7]","[1, 256, 7, 7]",512,0.0876,474.109,474.157,0.048,0.0,4,cpu
inner.model.0.act,SiLU,"[1, 256, 7, 7]","[1, 256, 7, 7]",0,0.0318,474.109,474.157,0.048,0.0,4,cpu
inner.model.10,Upsample,"[1, 256, 7, 7]","[1, 256, 14, 14]",0,0.347,474.109,474.301,0.191,0.0,4,cpu
inner.model.11,Concat,"[1, 256, 14, 14]","[1, 384, 14, 14]",0,0.0827,474.109,474.396,0.287,0.0,4,cpu
inner.model.12.cv1.conv,Conv2d,"[1, 384, 14, 14]","[1, 128, 14, 14]",49152,0.4354,474.109,474.205,0.096,0.0,4,cpu
inner.model.12.cv1.bn,BatchNorm2d,"[1, 128, 14, 14]","[1, 128, 14, 14]",256,0.0986,474.109,474.205,0.096,0.0,4,cpu
inner.model.0.act,SiLU,"[1, 128, 14, 14]","[1, 128, 14, 14]",0,0.0307,474.109,474.205,0.096,0.0,4,cpu
inner.model.12.m.0.cv1.conv,Conv2d,"[1, 64, 14, 14]","[1, 64, 14, 14]",36864,0.2096,474.109,474.157,0.048,0.0,4,cpu
inner.model.12.m.0.cv1.bn,BatchNorm2d,"[1, 64, 14, 14]","[1, 64, 14, 14]",128,0.0396,474.109,474.157,0.048,0.0,4,cpu
inner.model.0.act,SiLU,"[1, 64, 14, 14]","[1, 64, 14, 14]",0,0.0177,474.109,474.157,0.048,0.0,4,cpu
inner.model.12.m.0.cv2.conv,Conv2d,"[1, 64, 14, 14]","[1, 64, 14, 14]",36864,0.1659,474.109,474.157,0.048,0.0,4,cpu
inner.model.12.m.0.cv2.bn,BatchNorm2d,"[1, 64, 14, 14]","[1, 64, 14, 14]",128,0.0319,474.109,474.157,0.048,0.0,4,cpu
inner.model.0.act,SiLU,"[1, 64, 14, 14]","[1, 64, 14, 14]",0,0.0145,474.109,474.157,0.048,0.0,4,cpu
inner.model.12.cv2.conv,Conv2d,"[1, 192, 14, 14]","[1, 128, 14, 14]",24576,0.2054,474.109,474.205,0.096,0.0,4,cpu
inner.model.12.cv2.bn,BatchNorm2d,"[1, 128, 14, 14]","[1, 128, 14, 14]",256,0.0417,474.109,474.205,0.096,0.0,4,cpu
inner.model.0.act,SiLU,"[1, 128, 14, 14]","[1, 128, 14, 14]",0,0.023,474.109,474.205,0.096,0.0,4,cpu
inner.model.13,Upsample,"[1, 128, 14, 14]","[1, 128, 28, 28]",0,0.1391,474.109,474.492,0.383,0.0,4,cpu
inner.model.14,Concat,"[1, 128, 28, 28]","[1, 192, 28, 28]",0,0.0491,474.109,474.684,0.574,0.0,4,cpu
inner.model.15.cv1.conv,Conv2d,"[1, 192, 28, 28]","[1, 64, 28, 28]",12288,0.2747,474.109,474.301,0.191,0.0,4,cpu
inner.model.15.cv1.bn,BatchNorm2d,"[1, 64, 28, 28]","[1, 64, 28, 28]",128,0.0465,474.109,474.301,0.191,0.0,4,cpu
inner.model.0.act,SiLU,"[1, 64, 28, 28]","[1, 64, 28, 28]",0,0.023,474.109,474.301,0.191,0.0,4,cpu
inner.model.15.m.0.cv1.conv,Conv2d,"[1, 32, 28, 28]","[1, 32, 28, 28]",9216,0.1961,474.109,474.205,0.096,0.0,4,cpu
inner.model.15.m.0.cv1.bn,BatchNorm2d,"[1, 32, 28, 28]","[1, 32, 28, 28]",64,0.0369,474.109,474.205,0.096,0.0,4,cpu
inner.model.0.act,SiLU,"[1, 32, 28, 28]","[1, 32, 28, 28]",0,0.0215,474.109,474.205,0.096,0.0,4,cpu
inner.model.15.m.0.cv2.conv,Conv2d,"[1, 32, 28, 28]","[1, 32, 28, 28]",9216,0.1763,474.109,474.205,0.096,0.0,4,cpu
inner.model.15.m.0.cv2.bn,BatchNorm2d,"[1, 32, 28, 28]","[1, 32, 28, 28]",64,0.0351,474.109,474.205,0.096,0.0,4,cpu
inner.model.0.act,SiLU,"[1, 32, 28, 28]","[1, 32, 28, 28]",0,0.0213,474.109,474.205,0.096,0.0,4,cpu
inner.model.15.cv2.conv,Conv2d,"[1, 96, 28, 28]","[1, 64, 28, 28]",6144,0.1777,474.109,474.301,0.191,0.0,4,cpu
inner.model.15.cv2.bn,BatchNorm2d,"[1, 64, 28, 28]","[1, 64, 28, 28]",128,0.0431,474.109,474.301,0.191,0.0,4,cpu
inner.model.0.act,SiLU,"[1, 64, 28, 28]","[1, 64, 28, 28]",0,0.0209,474.109,474.301,0.191,0.0,4,cpu
inner.model.16.conv,Conv2d,"[1, 64, 28, 28]","[1, 64, 14, 14]",36864,0.194,474.109,474.157,0.048,0.0,4,cpu
inner.model.16.bn,BatchNorm2d,"[1, 64, 14, 14]","[1, 64, 14, 14]",128,0.0343,474.109,474.157,0.048,0.0,4,cpu
inner.model.0.act,SiLU,"[1, 64, 14, 14]","[1, 64, 14, 14]",0,0.0152,474.109,474.157,0.048,0.0,4,cpu
inner.model.17,Concat,"[1, 64, 14, 14]","[1, 192, 14, 14]",0,0.026,474.109,474.253,0.144,0.0,4,cpu
inner.model.18.cv1.conv,Conv2d,"[1, 192, 14, 14]","[1, 128, 14, 14]",24576,0.1682,474.109,474.205,0.096,0.0,4,cpu
inner.model.18.cv1.bn,BatchNorm2d,"[1, 128, 14, 14]","[1, 128, 14, 14]",256,0.0379,474.109,474.205,0.096,0.0,4,cpu
inner.model.0.act,SiLU,"[1, 128, 14, 14]","[1, 128, 14, 14]",0,0.021,474.109,474.205,0.096,0.0,4,cpu
inner.model.18.m.0.cv1.conv,Conv2d,"[1, 64, 14, 14]","[1, 64, 14, 14]",36864,0.1854,474.109,474.157,0.048,0.0,4,cpu
inner.model.18.m.0.cv1.bn,BatchNorm2d,"[1, 64, 14, 14]","[1, 64, 14, 14]",128,0.0323,474.109,474.157,0.048,0.0,4,cpu
inner.model.0.act,SiLU,"[1, 64, 14, 14]","[1, 64, 14, 14]",0,0.0146,474.109,474.157,0.048,0.0,4,cpu
inner.model.18.m.0.cv2.conv,Conv2d,"[1, 64, 14, 14]","[1, 64, 14, 14]",36864,0.1616,474.109,474.157,0.048,0.0,4,cpu
inner.model.18.m.0.cv2.bn,BatchNorm2d,"[1, 64, 14, 14]","[1, 64, 14, 14]",128,0.0305,474.109,474.157,0.048,0.0,4,cpu
inner.model.0.act,SiLU,"[1, 64, 14, 14]","[1, 64, 14, 14]",0,0.0144,474.109,474.157,0.048,0.0,4,cpu
inner.model.18.cv2.conv,Conv2d,"[1, 192, 14, 14]","[1, 128, 14, 14]",24576,0.1719,474.109,474.205,0.096,0.0,4,cpu
inner.model.18.cv2.bn,BatchNorm2d,"[1, 128, 14, 14]","[1, 128, 14, 14]",256,0.0375,474.109,474.205,0.096,0.0,4,cpu
inner.model.0.act,SiLU,"[1, 128, 14, 14]","[1, 128, 14, 14]",0,0.0212,474.109,474.205,0.096,0.0,4,cpu
inner.model.19.conv,Conv2d,"[1, 128, 14, 14]","[1, 128, 7, 7]",147456,0.2411,474.109,474.133,0.024,0.0,4,cpu
inner.model.19.bn,BatchNorm2d,"[1, 128, 7, 7]","[1, 128, 7, 7]",256,0.0338,474.109,474.133,0.024,0.0,4,cpu
inner.model.0.act,SiLU,"[1, 128, 7, 7]","[1, 128, 7, 7]",0,0.012,474.109,474.133,0.024,0.0,4,cpu
inner.model.20,Concat,"[1, 128, 7, 7]","[1, 384, 7, 7]",0,0.0184,474.109,474.181,0.072,0.0,4,cpu
inner.model.21.cv1.conv,Conv2d,"[1, 384, 7, 7]","[1, 256, 7, 7]",98304,0.1028,474.109,474.157,0.048,0.0,4,cpu
inner.model.21.cv1.bn,BatchNorm2d,"[1, 256, 7, 7]","[1, 256, 7, 7]",512,0.0342,474.109,474.157,0.048,0.0,4,cpu
inner.model.0.act,SiLU,"[1, 256, 7, 7]","[1, 256, 7, 7]",0,0.0146,474.109,474.157,0.048,0.0,4,cpu
inner.model.21.m.0.cv1.conv,Conv2d,"[1, 128, 7, 7]","[1, 128, 7, 7]",147456,0.2386,474.109,474.133,0.024,0.0,4,cpu
inner.model.21.m.0.cv1.bn,BatchNorm2d,"[1, 128, 7, 7]","[1, 128, 7, 7]",256,0.0325,474.109,474.133,0.024,0.0,4,cpu
inner.model.0.act,SiLU,"[1, 128, 7, 7]","[1, 128, 7, 7]",0,0.012,474.109,474.133,0.024,0.0,4,cpu
inner.model.21.m.0.cv2.conv,Conv2d,"[1, 128, 7, 7]","[1, 128, 7, 7]",147456,0.2163,474.109,474.133,0.024,0.0,4,cpu
inner.model.21.m.0.cv2.bn,BatchNorm2d,"[1, 128, 7, 7]","[1, 128, 7, 7]",256,0.0303,474.109,474.133,0.024,0.0,4,cpu
inner.model.0.act,SiLU,"[1, 128, 7, 7]","[1, 128, 7, 7]",0,0.0113,474.109,474.133,0.024,0.0,4,cpu
inner.model.21.cv2.conv,Conv2d,"[1, 384, 7, 7]","[1, 256, 7, 7]",98304,0.0894,474.109,474.157,0.048,0.0,4,cpu
inner.model.21.cv2.bn,BatchNorm2d,"[1, 256, 7, 7]","[1, 256, 7, 7]",512,0.0336,474.109,474.157,0.048,0.0,4,cpu
inner.model.0.act,SiLU,"[1, 256, 7, 7]","[1, 256, 7, 7]",0,0.0138,474.109,474.157,0.048,0.0,4,cpu
inner.model.22.cv2.0.0.conv,Conv2d,"[1, 64, 28, 28]","[1, 64, 28, 28]",36864,0.4011,474.109,474.301,0.191,0.0,4,cpu
inner.model.22.cv2.0.0.bn,BatchNorm2d,"[1, 64, 28, 28]","[1, 64, 28, 28]",128,0.0437,474.109,474.301,0.191,0.0,4,cpu
inner.model.0.act,SiLU,"[1, 64, 28, 28]","[1, 64, 28, 28]",0,0.0214,474.109,474.301,0.191,0.0,4,cpu
inner.model.22.cv2.0.1.conv,Conv2d,"[1, 64, 28, 28]","[1, 64, 28, 28]",36864,0.3607,474.109,474.301,0.191,0.0,4,cpu
inner.model.22.cv2.0.1.bn,BatchNorm2d,"[1, 64, 28, 28]","[1, 64, 28, 28]",128,0.0423,474.109,474.301,0.191,0.0,4,cpu
inner.model.0.act,SiLU,"[1, 64, 28, 28]","[1, 64, 28, 28]",0,0.0209,474.109,474.301,0.191,0.0,4,cpu
inner.model.22.cv2.0.2,Conv2d,"[1, 64, 28, 28]","[1, 64, 28, 28]",4160,0.1547,474.109,474.301,0.191,0.0,4,cpu
inner.model.22.cv2.1.0.conv,Conv2d,"[1, 128, 14, 14]","[1, 64, 14, 14]",73728,0.2557,474.109,474.157,0.048,0.0,4,cpu
inner.model.22.cv2.1.0.bn,BatchNorm2d,"[1, 64, 14, 14]","[1, 64, 14, 14]",128,0.0347,474.109,474.157,0.048,0.0,4,cpu
inner.model.0.act,SiLU,"[1, 64, 14, 14]","[1, 64, 14, 14]",0,0.0157,474.109,474.157,0.048,0.0,4,cpu
inner.model.22.cv2.1.1.conv,Conv2d,"[1, 64, 14, 14]","[1, 64, 14, 14]",36864,0.1705,474.109,474.157,0.048,0.0,4,cpu
inner.model.22.cv2.1.1.bn,BatchNorm2d,"[1, 64, 14, 14]","[1, 64, 14, 14]",128,0.0309,474.109,474.157,0.048,0.0,4,cpu
inner.model.0.act,SiLU,"[1, 64, 14, 14]","[1, 64, 14, 14]",0,0.015,474.109,474.157,0.048,0.0,4,cpu
inner.model.22.cv2.1.2,Conv2d,"[1, 64, 14, 14]","[1, 64, 14, 14]",4160,0.0517,474.109,474.157,0.048,0.0,4,cpu
inner.model.22.cv2.2.0.conv,Conv2d,"[1, 256, 7, 7]","[1, 64, 7, 7]",147456,0.2547,474.109,474.121,0.012,0.0,4,cpu
inner.model.22.cv2.2.0.bn,BatchNorm2d,"[1, 64, 7, 7]","[1, 64, 7, 7]",128,0.0318,474.109,474.121,0.012,0.0,4,cpu
inner.model.0.act,SiLU,"[1, 64, 7, 7]","[1, 64, 7, 7]",0,0.0107,474.109,474.121,0.012,0.0,4,cpu
inner.model.22.cv2.2.1.conv,Conv2d,"[1, 64, 7, 7]","[1, 64, 7, 7]",36864,0.0849,474.109,474.121,0.012,0.0,4,cpu
inner.model.22.cv2.2.1.bn,BatchNorm2d,"[1, 64, 7, 7]","[1, 64, 7, 7]",128,0.027,474.109,474.121,0.012,0.0,4,cpu
inner.model.0.act,SiLU,"[1, 64, 7, 7]","[1, 64, 7, 7]",0,0.0091,474.109,474.121,0.012,0.0,4,cpu
inner.model.22.cv2.2.2,Conv2d,"[1, 64, 7, 7]","[1, 64, 7, 7]",4160,0.0333,474.109,474.121,0.012,0.0,4,cpu
inner.model.22.cv3.0.0.conv,Conv2d,"[1, 64, 28, 28]","[1, 80, 28, 28]",46080,0.4451,474.109,474.349,0.239,0.0,4,cpu
inner.model.22.cv3.0.0.bn,BatchNorm2d,"[1, 80, 28, 28]","[1, 80, 28, 28]",160,0.0477,474.109,474.349,0.239,0.0,4,cpu
inner.model.0.act,SiLU,"[1, 80, 28, 28]","[1, 80, 28, 28]",0,0.0236,474.109,474.349,0.239,0.0,4,cpu
inner.model.22.cv3.0.1.conv,Conv2d,"[1, 80, 28, 28]","[1, 80, 28, 28]",57600,0.5047,474.109,474.349,0.239,0.0,4,cpu
inner.model.22.cv3.0.1.bn,BatchNorm2d,"[1, 80, 28, 28]","[1, 80, 28, 28]",160,0.0475,474.109,474.349,0.239,0.0,4,cpu
inner.model.0.act,SiLU,"[1, 80, 28, 28]","[1, 80, 28, 28]",0,0.0236,474.109,474.349,0.239,0.0,4,cpu
inner.model.22.cv3.0.2,Conv2d,"[1, 80, 28, 28]","[1, 80, 28, 28]",6480,0.1734,474.109,474.349,0.239,0.0,4,cpu
inner.model.22.cv3.1.0.conv,Conv2d,"[1, 128, 14, 14]","[1, 80, 14, 14]",92160,0.2941,474.109,474.169,0.06,0.0,4,cpu
inner.model.22.cv3.1.0.bn,BatchNorm2d,"[1, 80, 14, 14]","[1, 80, 14, 14]",160,0.0356,474.109,474.169,0.06,0.0,4,cpu
inner.model.0.act,SiLU,"[1, 80, 14, 14]","[1, 80, 14, 14]",0,0.0174,474.109,474.169,0.06,0.0,4,cpu
inner.model.22.cv3.1.1.conv,Conv2d,"[1, 80, 14, 14]","[1, 80, 14, 14]",57600,0.2315,474.109,474.169,0.06,0.0,4,cpu
inner.model.22.cv3.1.1.bn,BatchNorm2d,"[1, 80, 14, 14]","[1, 80, 14, 14]",160,0.036,474.109,474.169,0.06,0.0,4,cpu
inner.model.0.act,SiLU,"[1, 80, 14, 14]","[1, 80, 14, 14]",0,0.0158,474.109,474.169,0.06,0.0,4,cpu
inner.model.22.cv3.1.2,Conv2d,"[1, 80, 14, 14]","[1, 80, 14, 14]",6480,0.0556,474.109,474.169,0.06,0.0,4,cpu
inner.model.22.cv3.2.0.conv,Conv2d,"[1, 256, 7, 7]","[1, 80, 7, 7]",184320,0.2848,474.109,474.124,0.015,0.0,4,cpu
inner.model.22.cv3.2.0.bn,BatchNorm2d,"[1, 80, 7, 7]","[1, 80, 7, 7]",160,0.0328,474.109,474.124,0.015,0.0,4,cpu
inner.model.0.act,SiLU,"[1, 80, 7, 7]","[1, 80, 7, 7]",0,0.0116,474.109,474.124,0.015,0.0,4,cpu
inner.model.22.cv3.2.1.conv,Conv2d,"[1, 80, 7, 7]","[1, 80, 7, 7]",57600,0.1088,474.109,474.124,0.015,0.0,4,cpu
inner.model.22.cv3.2.1.bn,BatchNorm2d,"[1, 80, 7, 7]","[1, 80, 7, 7]",160,0.0286,474.109,474.124,0.015,0.0,4,cpu
inner.model.0.act,SiLU,"[1, 80, 7, 7]","[1, 80, 7, 7]",0,0.0103,474.109,474.124,0.015,0.0,4,cpu
inner.model.22.cv3.2.2,Conv2d,"[1, 80, 7, 7]","[1, 80, 7, 7]",6480,0.0346,474.109,474.124,0.015,0.0,4,cpu
inner.model.22.dfl.conv,Conv2d,"[1, 16, 4, 1029]","[1, 1, 4, 1029]",16,0.1695,474.109,474.125,0.016,0.0,4,cpu
inner.model.0.conv,Conv2d,"[1, 3, 224, 224]","[1, 16, 112, 112]",432,0.7935,474.156,474.922,0.766,0.0,5,cpu
inner.model.0.bn,BatchNorm2d,"[1, 16, 112, 112]","[1, 16, 112, 112]",32,0.1864,474.156,474.922,0.766,0.0,5,cpu
inner.model.0.act,SiLU,"[1, 16, 112, 112]","[1, 16, 112, 112]",0,0.1156,474.156,474.922,0.766,0.0,5,cpu
inner.model.1.conv,Conv2d,"[1, 16, 112, 112]","[1, 32, 56, 56]",4608,0.4879,474.156,474.539,0.383,0.0,5,cpu
inner.model.1.bn,BatchNorm2d,"[1, 32, 56, 56]","[1, 32, 56, 56]",64,0.0768,474.156,474.539,0.383,0.0,5,cpu
inner.model.0.act,SiLU,"[1, 32, 56, 56]","[1, 32, 56, 56]",0,0.0815,474.156,474.539,0.383,0.0,5,cpu
inner.model.2.cv1.conv,Conv2d,"[1, 32, 56, 56]","[1, 32, 56, 56]",1024,0.2004,474.156,474.539,0.383,0.0,5,cpu
inner.model.2.cv1.bn,BatchNorm2d,"[1, 32, 56, 56]","[1, 32, 56, 56]",64,0.059,474.156,474.539,0.383,0.0,5,cpu
inner.model.0.act,SiLU,"[1, 32, 56, 56]","[1, 32, 56, 56]",0,0.0342,474.156,474.539,0.383,0.0,5,cpu
inner.model.2.m.0.cv1.conv,Conv2d,"[1, 16, 56, 56]","[1, 16, 56, 56]",2304,0.3501,474.156,474.348,0.191,0.0,5,cpu
inner.model.2.m.0.cv1.bn,BatchNorm2d,"[1, 16, 56, 56]","[1, 16, 56, 56]",32,0.0507,474.156,474.348,0.191,0.0,5,cpu
inner.model.0.act,SiLU,"[1, 16, 56, 56]","[1, 16, 56, 56]",0,0.0237,474.156,474.348,0.191,0.0,5,cpu
inner.model.2.m.0.cv2.conv,Conv2d,"[1, 16, 56, 56]","[1, 16, 56, 56]",2304,0.1868,474.156,474.348,0.191,0.0,5,cpu
inner.model.2.m.0.cv2.bn,BatchNorm2d,"[1, 16, 56, 56]","[1, 16, 56, 56]",32,0.0439,474.156,474.348,0.191,0.0,5,cpu
inner.model.0.act,SiLU,"[1, 16, 56, 56]","[1, 16, 56, 56]",0,0.022,474.156,474.348,0.191,0.0,5,cpu
inner.model.2.cv2.conv,Conv2d,"[1, 48, 56, 56]","[1, 32, 56, 56]",1536,0.2856,474.156,474.539,0.383,0.0,5,cpu
inner.model.2.cv2.bn,BatchNorm2d,"[1, 32, 56, 56]","[1, 32, 56, 56]",64,0.0607,474.156,474.539,0.383,0.0,5,cpu
inner.model.0.act,SiLU,"[1, 32, 56, 56]","[1, 32, 56, 56]",0,0.0329,474.156,474.539,0.383,0.0,5,cpu
inner.model.3.conv,Conv2d,"[1, 32, 56, 56]","[1, 64, 28, 28]",18432,0.2997,474.156,474.348,0.191,0.0,5,cpu
inner.model.3.bn,BatchNorm2d,"[1, 64, 28, 28]","[1, 64, 28, 28]",128,0.0455,474.156,474.348,0.191,0.0,5,cpu
inner.model.0.act,SiLU,"[1, 64, 28, 28]","[1, 64, 28, 28]",0,0.0212,474.156,474.348,0.191,0.0,5,cpu
inner.model.4.cv1.conv,Conv2d,"[1, 64, 28, 28]","[1, 64, 28, 28]",4096,0.1575,474.156,474.348,0.191,0.0,5,cpu
inner.model.4.cv1.bn,BatchNorm2d,"[1, 64, 28, 28]","[1, 64, 28, 28]",128,0.0426,474.156,474.348,0.191,0.0,5,cpu
inner.model.0.act,SiLU,"[1, 64, 28, 28]","[1, 64, 28, 28]",0,0.0213,474.156,474.348,0.191,0.0,5,cpu
inner.model.4.m.0.cv1.conv,Conv2d,"[1, 32, 28, 28]","[1, 32, 28, 28]",9216,0.1915,474.156,474.252,0.096,0.0,5,cpu
inner.model.4.m.0.cv1.bn,BatchNorm2d,"[1, 32, 28, 28]","[1, 32, 28, 28]",64,0.037,474.156,474.252,0.096,0.0,5,cpu
inner.model.0.act,SiLU,"[1, 32, 28, 28]","[1, 32, 28, 28]",0,0.0213,474.156,474.252,0.096,0.0,5,cpu
inner.model.4.m.0.cv2.conv,Conv2d,"[1, 32, 28, 28]","[1, 32, 28, 28]",9216,0.175,474.156,474.252,0.096,0.0,5,cpu
inner.model.4.m.0.cv2.bn,BatchNorm2d,"[1, 32, 28, 28]","[1, 32, 28, 28]",64,0.0362,474.156,474.252,0.096,0.0,5,cpu
inner.model.0.act,SiLU,"[1, 32, 28, 28]","[1, 32, 28, 28]",0,0.0211,474.156,474.252,0.096,0.0,5,cpu
inner.model.4.m.1.cv1.conv,Conv2d,"[1, 32, 28, 28]","[1, 32, 28, 28]",9216,0.1733,474.156,474.252,0.096,0.0,5,cpu
inner.model.4.m.1.cv1.bn,BatchNorm2d,"[1, 32, 28, 28]","[1, 32, 28, 28]",64,0.0367,474.156,474.252,0.096,0.0,5,cpu
inner.model.0.act,SiLU,"[1, 32, 28, 28]","[1, 32, 28, 28]",0,0.0212,474.156,474.252,0.096,0.0,5,cpu
inner.model.4.m.1.cv2.conv,Conv2d,"[1, 32, 28, 28]","[1, 32, 28, 28]",9216,0.1709,474.156,474.252,0.096,0.0,5,cpu
inner.model.4.m.1.cv2.bn,BatchNorm2d,"[1, 32, 28, 28]","[1, 32, 28, 28]",64,0.0362,474.156,474.252,0.096,0.0,5,cpu
inner.model.0.act,SiLU,"[1, 32, 28, 28]","[1, 32, 28, 28]",0,0.0209,474.156,474.252,0.096,0.0,5,cpu
inner.model.4.cv2.conv,Conv2d,"[1, 128, 28, 28]","[1, 64, 28, 28]",8192,0.1975,474.156,474.348,0.191,0.0,5,cpu
inner.model.4.cv2.bn,BatchNorm2d,"[1, 64, 28, 28]","[1, 64, 28, 28]",128,0.0439,474.156,474.348,0.191,0.0,5,cpu
inner.model.0.act,SiLU,"[1, 64, 28, 28]","[1, 64, 28, 28]",0,0.021,474.156,474.348,0.191,0.0,5,cpu
inner.model.5.conv,Conv2d,"[1, 64, 28, 28]","[1, 128, 14, 14]",73728,0.2727,474.156,474.252,0.096,0.0,5,cpu
inner.model.5.bn,BatchNorm2d,"[1, 128, 14, 14]","[1, 128, 14, 14]",256,0.0385,474.156,474.252,0.096,0.0,5,cpu
inner.model.0.act,SiLU,"[1, 128, 14, 14]","[1, 128, 14, 14]",0,0.0234,474.156,474.252,0.096,0.0,5,cpu
inner.model.6.cv1.conv,Conv2d,"[1, 128, 14, 14]","[1, 128, 14, 14]",16384,0.1558,474.156,474.252,0.096,0.0,5,cpu
inner.model.6.cv1.bn,BatchNorm2d,"[1, 128, 14, 14]","[1, 128, 14, 14]",256,0.0376,474.156,474.252,0.096,0.0,5,cpu
inner.model.0.act,SiLU,"[1, 128, 14, 14]","[1, 128, 14, 14]",0,0.0214,474.156,474.252,0.096,0.0,5,cpu
inner.model.6.m.0.cv1.conv,Conv2d,"[1, 64, 14, 14]","[1, 64, 14, 14]",36864,0.2061,474.156,474.204,0.048,0.0,5,cpu
inner.model.6.m.0.cv1.bn,BatchNorm2d,"[1, 64, 14, 14]","[1, 64, 14, 14]",128,0.0362,474.156,474.204,0.048,0.0,5,cpu
inner.model.0.act,SiLU,"[1, 64, 14, 14]","[1, 64, 14, 14]",0,0.0154,474.156,474.204,0.048,0.0,5,cpu
inner.model.6.m.0.cv2.conv,Conv2d,"[1, 64, 14, 14]","[1, 64, 14, 14]",36864,0.171,474.156,474.204,0.048,0.0,5,cpu
inner.model.6.m.0.cv2.bn,BatchNorm2d,"[1, 64, 14, 14]","[1, 64, 14, 14]",128,0.0326,474.156,474.204,0.048,0.0,5,cpu
inner.model.0.act,SiLU,"[1, 64, 14, 14]","[1, 64, 14, 14]",0,0.0141,474.156,474.204,0.048,0.0,5,cpu
inner.model.6.m.1.cv1.conv,Conv2d,"[1, 64, 14, 14]","[1, 64, 14, 14]",36864,0.1674,474.156,474.204,0.048,0.0,5,cpu
inner.model.6.m.1.cv1.bn,BatchNorm2d,"[1, 64, 14, 14]","[1, 64, 14, 14]",128,0.0317,474.156,474.204,0.048,0.0,5,cpu
inner.model.0.act,SiLU,"[1, 64, 14, 14]","[1, 64, 14, 14]",0,0.0149,474.156,474.204,0.048,0.0,5,cpu
inner.model.6.m.1.cv2.conv,Conv2d,"[1, 64, 14, 14]","[1, 64, 14, 14]",36864,0.1633,474.156,474.204,0.048,0.0,5,cpu
inner.model.6.m.1.cv2.bn,BatchNorm2d,"[1, 64, 14, 14]","[1, 64, 14, 14]",128,0.0307,474.156,474.204,0.048,0.0,5,cpu
inner.model.0.act,SiLU,"[1, 64, 14, 14]","[1, 64, 14, 14]",0,0.0142,474.156,474.204,0.048,0.0,5,cpu
inner.model.6.cv2.conv,Conv2d,"[1, 256, 14, 14]","[1, 128, 14, 14]",32768,0.2031,474.156,474.252,0.096,0.0,5,cpu
inner.model.6.cv2.bn,BatchNorm2d,"[1, 128, 14, 14]","[1, 128, 14, 14]",256,0.0386,474.156,474.252,0.096,0.0,5,cpu
inner.model.0.act,SiLU,"[1, 128, 14, 14]","[1, 128, 14, 14]",0,0.0212,474.156,474.252,0.096,0.0,5,cpu
inner.model.7.conv,Conv2d,"[1, 128, 14, 14]","[1, 256, 7, 7]",294912,0.4202,474.156,474.204,0.048,0.0,5,cpu
inner.model.7.bn,BatchNorm2d,"[1, 256, 7, 7]","[1, 256, 7, 7]",512,0.0365,474.156,474.204,0.048,0.0,5,cpu
inner.model.0.act,SiLU,"[1, 256, 7, 7]","[1, 256, 7, 7]",0,0.016,474.156,474.204,0.048,0.0,5,cpu
inner.model.8.cv1.conv,Conv2d,"[1, 256, 7, 7]","[1, 256, 7, 7]",65536,0.1002,474.156,474.204,0.048,0.0,5,cpu
inner.model.8.cv1.bn,BatchNorm2d,"[1, 256, 7, 7]","[1, 256, 7, 7]",512,0.0316,474.156,474.204,0.048,0.0,5,cpu
inner.model.0.act,SiLU,"[1, 256, 7, 7]","[1, 256, 7, 7]",0,0.0145,474.156,474.204,0.048,0.0,5,cpu
inner.model.8.m.0.cv1.conv,Conv2d,"[1, 128, 7, 7]","[1, 128, 7, 7]",147456,0.2313,474.156,474.18,0.024,0.0,5,cpu
inner.model.8.m.0.cv1.bn,BatchNorm2d,"[1, 128, 7, 7]","[1, 128, 7, 7]",256,0.0316,474.156,474.18,0.024,0.0,5,cpu
inner.model.0.act,SiLU,"[1, 128, 7, 7]","[1, 128, 7, 7]",0,0.012,474.156,474.18,0.024,0.0,5,cpu
inner.model.8.m.0.cv2.conv,Conv2d,"[1, 128, 7, 7]","[1, 128, 7, 7]",147456,0.2146,474.156,474.18,0.024,0.0,5,cpu
inner.model.8.m.0.cv2.bn,BatchNorm2d,"[1, 128, 7, 7]","[1, 128, 7, 7]",256,0.0299,474.156,474.18,0.024,0.0,5,cpu
inner.model.0.act,SiLU,"[1, 128, 7, 7]","[1, 128, 7, 7]",0,0.0113,474.156,474.18,0.024,0.0,5,cpu
inner.model.8.cv2.conv,Conv2d,"[1, 384, 7, 7]","[1, 256, 7, 7]",98304,0.1001,474.156,474.204,0.048,0.0,5,cpu
inner.model.8.cv2.bn,BatchNorm2d,"[1, 256, 7, 7]","[1, 256, 7, 7]",512,0.0327,474.156,474.204,0.048,0.0,5,cpu
inner.model.0.act,SiLU,"[1, 256, 7, 7]","[1, 256, 7, 7]",0,0.0143,474.156,474.204,0.048,0.0,5,cpu
inner.model.9.cv1.conv,Conv2d,"[1, 256, 7, 7]","[1, 128, 7, 7]",32768,0.0552,474.156,474.18,0.024,0.0,5,cpu
inner.model.9.cv1.bn,BatchNorm2d,"[1, 128, 7, 7]","[1, 128, 7, 7]",256,0.0312,474.156,474.18,0.024,0.0,5,cpu
inner.model.0.act,SiLU,"[1, 128, 7, 7]","[1, 128, 7, 7]",0,0.0112,474.156,474.18,0.024,0.0,5,cpu
inner.model.9.m,MaxPool2d,"[1, 128, 7, 7]","[1, 128, 7, 7]",0,0.3304,474.156,474.18,0.024,0.0,5,cpu
inner.model.9.m,MaxPool2d,"[1, 128, 7, 7]","[1, 128, 7, 7]",0,0.2318,474.156,474.18,0.024,0.0,5,cpu
inner.model.9.m,MaxPool2d,"[1, 128, 7, 7]","[1, 128, 7, 7]",0,0.1947,474.156,474.18,0.024,0.0,5,cpu
inner.model.9.cv2.conv,Conv2d,"[1, 512, 7, 7]","[1, 256, 7, 7]",131072,0.2722,474.156,474.204,0.048,0.0,5,cpu
inner.model.9.cv2.bn,BatchNorm2d,"[1, 256, 7, 7]","[1, 256, 7, 7]",512,0.0376,474.156,474.204,0.048,0.0,5,cpu
inner.model.0.act,SiLU,"[1, 256, 7, 7]","[1, 256, 7, 7]",0,0.0157,474.156,474.204,0.048,0.0,5,cpu
inner.model.10,Upsample,"[1, 256, 7, 7]","[1, 256, 14, 14]",0,0.1654,474.156,474.348,0.191,0.0,5,cpu
inner.model.11,Concat,"[1, 256, 14, 14]","[1, 384, 14, 14]",0,0.1099,474.156,474.443,0.287,0.0,5,cpu
inner.model.12.cv1.conv,Conv2d,"[1, 384, 14, 14]","[1, 128, 14, 14]",49152,0.5926,474.156,474.252,0.096,0.0,5,cpu
inner.model.12.cv1.bn,BatchNorm2d,"[1, 128, 14, 14]","[1, 128, 14, 14]",256,0.2637,474.156,474.252,0.096,0.0,5,cpu
inner.model.0.act,SiLU,"[1, 128, 14, 14]","[1, 128, 14, 14]",0,0.0459,474.156,474.252,0.096,0.0,5,cpu
inner.model.12.m.0.cv1.conv,Conv2d,"[1, 64, 14, 14]","[1, 64, 14, 14]",36864,0.3838,474.156,474.204,0.048,0.0,5,cpu
inner.model.12.m.0.cv1.bn,BatchNorm2d,"[1, 64, 14, 14]","[1, 64, 14, 14]",128,0.063,474.156,474.204,0.048,0.0,5,cpu
inner.model.0.act,SiLU,"[1, 64, 14, 14]","[1, 64, 14, 14]",0,0.0237,474.156,474.204,0.048,0.0,5,cpu
inner.model.12.m.0.cv2.conv,Conv2d,"[1, 64, 14, 14]","[1, 64, 14, 14]",36864,0.2665,474.156,474.204,0.048,0.0,5,cpu
inner.model.12.m.0.cv2.bn,BatchNorm2d,"[1, 64, 14, 14]","[1, 64, 14, 14]",128,0.076,474.156,474.204,0.048,0.0,5,cpu
inner.model.0.act,SiLU,"[1, 64, 14, 14]","[1, 64, 14, 14]",0,0.0204,474.156,474.204,0.048,0.0,5,cpu
inner.model.12.cv2.conv,Conv2d,"[1, 192, 14, 14]","[1, 128, 14, 14]",24576,0.4111,474.156,474.252,0.096,0.0,5,cpu
inner.model.12.cv2.bn,BatchNorm2d,"[1, 128, 14, 14]","[1, 128, 14, 14]",256,0.0749,474.156,474.252,0.096,0.0,5,cpu
inner.model.0.act,SiLU,"[1, 128, 14, 14]","[1, 128, 14, 14]",0,0.0338,474.156,474.252,0.096,0.0,5,cpu
inner.model.13,Upsample,"[1, 128, 14, 14]","[1, 128, 28, 28]",0,0.2271,474.156,474.539,0.383,0.0,5,cpu
inner.model.14,Concat,"[1, 128, 28, 28]","[1, 192, 28, 28]",0,0.0693,474.156,474.73,0.574,0.0,5,cpu
inner.model.15.cv1.conv,Conv2d,"[1, 192, 28, 28]","[1, 64, 28, 28]",12288,0.5189,474.156,474.348,0.191,0.0,5,cpu
inner.model.15.cv1.bn,BatchNorm2d,"[1, 64, 28, 28]","[1, 64, 28, 28]",128,0.0697,474.156,474.348,0.191,0.0,5,cpu
inner.model.0.act,SiLU,"[1, 64, 28, 28]","[1, 64, 28, 28]",0,0.0342,474.156,474.348,0.191,0.0,5,cpu
inner.model.15.m.0.cv1.conv,Conv2d,"[1, 32, 28, 28]","[1, 32, 28, 28]",9216,0.2904,474.156,474.252,0.096,0.0,5,cpu
inner.model.15.m.0.cv1.bn,BatchNorm2d,"[1, 32, 28, 28]","[1, 32, 28, 28]",64,0.0484,474.156,474.252,0.096,0.0,5,cpu
inner.model.0.act,SiLU,"[1, 32, 28, 28]","[1, 32, 28, 28]",0,0.0267,474.156,474.252,0.096,0.0,5,cpu
inner.model.15.m.0.cv2.conv,Conv2d,"[1, 32, 28, 28]","[1, 32, 28, 28]",9216,0.2669,474.156,474.252,0.096,0.0,5,cpu
inner.model.15.m.0.cv2.bn,BatchNorm2d,"[1, 32, 28, 28]","[1, 32, 28, 28]",64,0.0422,474.156,474.252,0.096,0.0,5,cpu
inner.model.0.act,SiLU,"[1, 32, 28, 28]","[1, 32, 28, 28]",0,0.0253,474.156,474.252,0.096,0.0,5,cpu
inner.model.15.cv2.conv,Conv2d,"[1, 96, 28, 28]","[1, 64, 28, 28]",6144,0.2647,474.156,474.348,0.191,0.0,5,cpu
inner.model.15.cv2.bn,BatchNorm2d,"[1, 64, 28, 28]","[1, 64, 28, 28]",128,0.0525,474.156,474.348,0.191,0.0,5,cpu
inner.model.0.act,SiLU,"[1, 64, 28, 28]","[1, 64, 28, 28]",0,0.0327,474.156,474.348,0.191,0.0,5,cpu
inner.model.16.conv,Conv2d,"[1, 64, 28, 28]","[1, 64, 14, 14]",36864,0.2996,474.156,474.204,0.048,0.0,5,cpu
inner.model.16.bn,BatchNorm2d,"[1, 64, 14, 14]","[1, 64, 14, 14]",128,0.0447,474.156,474.204,0.048,0.0,5,cpu
inner.model.0.act,SiLU,"[1, 64, 14, 14]","[1, 64, 14, 14]",0,0.0183,474.156,474.204,0.048,0.0,5,cpu
inner.model.17,Concat,"[1, 64, 14, 14]","[1, 192, 14, 14]",0,0.0316,474.156,474.3,0.144,0.0,5,cpu
inner.model.18.cv1.conv,Conv2d,"[1, 192, 14, 14]","[1, 128, 14, 14]",24576,0.2487,474.156,474.252,0.096,0.0,5,cpu
inner.model.18.cv1.bn,BatchNorm2d,"[1, 128, 14, 14]","[1, 128, 14, 14]",256,0.045,474.156,474.252,0.096,0.0,5,cpu
inner.model.0.act,SiLU,"[1, 128, 14, 14]","[1, 128, 14, 14]",0,0.026,474.156,474.252,0.096,0.0,5,cpu
inner.model.18.m.0.cv1.conv,Conv2d,"[1, 64, 14, 14]","[1, 64, 14, 14]",36864,0.2927,474.156,474.204,0.048,0.0,5,cpu
inner.model.18.m.0.cv1.bn,BatchNorm2d,"[1, 64, 14, 14]","[1, 64, 14, 14]",128,0.0444,474.156,474.204,0.048,0.0,5,cpu
inner.model.0.act,SiLU,"[1, 64, 14, 14]","[1, 64, 14, 14]",0,0.018,474.156,474.204,0.048,0.0,5,cpu
inner.model.18.m.0.cv2.conv,Conv2d,"[1, 64, 14, 14]","[1, 64, 14, 14]",36864,0.2591,474.156,474.204,0.048,0.0,5,cpu
inner.model.18.m.0.cv2.bn,BatchNorm2d,"[1, 64, 14, 14]","[1, 64, 14, 14]",128,0.0383,474.156,474.204,0.048,0.0,5,cpu
inner.model.0.act,SiLU,"[1, 64, 14, 14]","[1, 64, 14, 14]",0,0.0175,474.156,474.204,0.048,0.0,5,cpu
inner.model.18.cv2.conv,Conv2d,"[1, 192, 14, 14]","[1, 128, 14, 14]",24576,0.2443,474.156,474.252,0.096,0.0,5,cpu
inner.model.18.cv2.bn,BatchNorm2d,"[1, 128, 14, 14]","[1, 128, 14, 14]",256,0.0446,474.156,474.252,0.096,0.0,5,cpu
inner.model.0.act,SiLU,"[1, 128, 14, 14]","[1, 128, 14, 14]",0,0.0253,474.156,474.252,0.096,0.0,5,cpu
inner.model.19.conv,Conv2d,"[1, 128, 14, 14]","[1, 128, 7, 7]",147456,0.3439,474.156,474.18,0.024,0.0,5,cpu
inner.model.19.bn,BatchNorm2d,"[1, 128, 7, 7]","[1, 128, 7, 7]",256,0.04,474.156,474.18,0.024,0.0,5,cpu
inner.model.0.act,SiLU,"[1, 128, 7, 7]","[1, 128, 7, 7]",0,0.0142,474.156,474.18,0.024,0.0,5,cpu
inner.model.20,Concat,"[1, 128, 7, 7]","[1, 384, 7, 7]",0,0.0213,474.156,474.228,0.072,0.0,5,cpu
inner.model.21.cv1.conv,Conv2d,"[1, 384, 7, 7]","[1, 256, 7, 7]",98304,0.1581,474.156,474.204,0.048,0.0,5,cpu
inner.model.21.cv1.bn,BatchNorm2d,"[1, 256, 7, 7]","[1, 256, 7, 7]",512,0.044,474.156,474.204,0.048,0.0,5,cpu
inner.model.0.act,SiLU,"[1, 256, 7, 7]","[1, 256, 7, 7]",0,0.0175,474.156,474.204,0.048,0.0,5,cpu
inner.model.21.m.0.cv1.conv,Conv2d,"[1, 128, 7, 7]","[1, 128, 7, 7]",147456,0.3374,474.156,474.18,0.024,0.0,5,cpu
inner.model.21.m.0.cv1.bn,BatchNorm2d,"[1, 128, 7, 7]","[1, 128, 7, 7]",256,0.0406,474.156,474.18,0.024,0.0,5,cpu
inner.model.0.act,SiLU,"[1, 128, 7, 7]","[1, 128, 7, 7]",0,0.0142,474.156,474.18,0.024,0.0,5,cpu
inner.model.21.m.0.cv2.conv,Conv2d,"[1, 128, 7, 7]","[1, 128, 7, 7]",147456,0.3201,474.156,474.18,0.024,0.0,5,cpu
inner.model.21.m.0.cv2.bn,BatchNorm2d,"[1, 128, 7, 7]","[1, 128, 7, 7]",256,0.0396,474.156,474.18,0.024,0.0,5,cpu
inner.model.0.act,SiLU,"[1, 128, 7, 7]","[1, 128, 7, 7]",0,0.0136,474.156,474.18,0.024,0.0,5,cpu
inner.model.21.cv2.conv,Conv2d,"[1, 384, 7, 7]","[1, 256, 7, 7]",98304,0.1463,474.156,474.204,0.048,0.0,5,cpu
inner.model.21.cv2.bn,BatchNorm2d,"[1, 256, 7, 7]","[1, 256, 7, 7]",512,0.0396,474.156,474.204,0.048,0.0,5,cpu
inner.model.0.act,SiLU,"[1, 256, 7, 7]","[1, 256, 7, 7]",0,0.0171,474.156,474.204,0.048,0.0,5,cpu
inner.model.22.cv2.0.0.conv,Conv2d,"[1, 64, 28, 28]","[1, 64, 28, 28]",36864,0.6495,474.156,474.348,0.191,0.0,5,cpu
inner.model.22.cv2.0.0.bn,BatchNorm2d,"[1, 64, 28, 28]","[1, 64, 28, 28]",128,0.0527,474.156,474.348,0.191,0.0,5,cpu
inner.model.0.act,SiLU,"[1, 64, 28, 28]","[1, 64, 28, 28]",0,0.0319,474.156,474.348,0.191,0.0,5,cpu
inner.model.22.cv2.0.1.conv,Conv2d,"[1, 64, 28, 28]","[1, 64, 28, 28]",36864,0.6154,474.156,474.348,0.191,0.0,5,cpu
inner.model.22.cv2.0.1.bn,BatchNorm2d,"[1, 64, 28, 28]","[1, 64, 28, 28]",128,0.0507,474.156,474.348,0.191,0.0,5,cpu
inner.model.0.act,SiLU,"[1, 64, 28, 28]","[1, 64, 28, 28]",0,0.0316,474.156,474.348,0.191,0.0,5,cpu
inner.model.22.cv2.0.2,Conv2d,"[1, 64, 28, 28]","[1, 64, 28, 28]",4160,0.2135,474.156,474.348,0.191,0.0,5,cpu
inner.model.22.cv2.1.0.conv,Conv2d,"[1, 128, 14, 14]","[1, 64, 14, 14]",73728,0.3994,474.156,474.204,0.048,0.0,5,cpu
inner.model.22.cv2.1.0.bn,BatchNorm2d,"[1, 64, 14, 14]","[1, 64, 14, 14]",128,0.0446,474.156,474.204,0.048,0.0,5,cpu
inner.model.0.act,SiLU,"[1, 64, 14, 14]","[1, 64, 14, 14]",0,0.0183,474.156,474.204,0.048,0.0,5,cpu
inner.model.22.cv2.1.1.conv,Conv2d,"[1, 64, 14, 14]","[1, 64, 14, 14]",36864,0.2656,474.156,474.204,0.048,0.0,5,cpu
inner.model.22.cv2.1.1.bn,BatchNorm2d,"[1, 64, 14, 14]","[1, 64, 14, 14]",128,0.0391,474.156,474.204,0.048,0.0,5,cpu
inner.model.0.act,SiLU,"[1, 64, 14, 14]","[1, 64, 14, 14]",0,0.0174,474.156,474.204,0.048,0.0,5,cpu
inner.model.22.cv2.1.2,Conv2d,"[1, 64, 14, 14]","[1, 64, 14, 14]",4160,0.0645,474.156,474.204,0.048,0.0,5,cpu
inner.model.22.cv2.2.0.conv,Conv2d,"[1, 256, 7, 7]","[1, 64, 7, 7]",147456,0.3699,474.156,474.168,0.012,0.0,5,cpu
inner.model.22.cv2.2.0.bn,BatchNorm2d,"[1, 64, 7, 7]","[1, 64, 7, 7]",128,0.0393,474.156,474.168,0.012,0.0,5,cpu
inner.model.0.act,SiLU,"[1, 64, 7, 7]","[1, 64, 7, 7]",0,0.0123,474.156,474.168,0.012,0.0,5,cpu
inner.model.22.cv2.2.1.conv,Conv2d,"[1, 64, 7, 7]","[1, 64, 7, 7]",36864,0.1117,474.156,474.168,0.012,0.0,5,cpu
inner.model.22.cv2.2.1.bn,BatchNorm2d,"[1, 64, 7, 7]","[1, 64, 7, 7]",128,0.0337,474.156,474.168,0.012,0.0,5,cpu
inner.model.0.act,SiLU,"[1, 64, 7, 7]","[1, 64, 7, 7]",0,0.0107,474.156,474.168,0.012,0.0,5,cpu
inner.model.22.cv2.2.2,Conv2d,"[1, 64, 7, 7]","[1, 64, 7, 7]",4160,0.0387,474.156,474.168,0.012,0.0,5,cpu
inner.model.22.cv3.0.0.conv,Conv2d,"[1, 64, 28, 28]","[1, 80, 28, 28]",46080,0.7682,474.156,474.396,0.239,0.0,5,cpu
inner.model.22.cv3.0.0.bn,BatchNorm2d,"[1, 80, 28, 28]","[1, 80, 28, 28]",160,0.0567,474.156,474.396,0.239,0.0,5,cpu
inner.model.0.act,SiLU,"[1, 80, 28, 28]","[1, 80, 28, 28]",0,0.0368,474.156,474.396,0.239,0.0,5,cpu
inner.model.22.cv3.0.1.conv,Conv2d,"[1, 80, 28, 28]","[1, 80, 28, 28]",57600,0.8952,474.156,474.396,0.239,0.0,5,cpu
inner.model.22.cv3.0.1.bn,BatchNorm2d,"[1, 80, 28, 28]","[1, 80, 28, 28]",160,0.0554,474.156,474.396,0.239,0.0,5,cpu
inner.model.0.act,SiLU,"[1, 80, 28, 28]","[1, 80, 28, 28]",0,0.037,474.156,474.396,0.239,0.0,5,cpu
inner.model.22.cv3.0.2,Conv2d,"[1, 80, 28, 28]","[1, 80, 28, 28]",6480,0.253,474.156,474.396,0.239,0.0,5,cpu
inner.model.22.cv3.1.0.conv,Conv2d,"[1, 128, 14, 14]","[1, 80, 14, 14]",92160,0.4689,474.156,474.216,0.06,0.0,5,cpu
inner.model.22.cv3.1.0.bn,BatchNorm2d,"[1, 80, 14, 14]","[1, 80, 14, 14]",160,0.0447,474.156,474.216,0.06,0.0,5,cpu
inner.model.0.act,SiLU,"[1, 80, 14, 14]","[1, 80, 14, 14]",0,0.02,474.156,474.216,0.06,0.0,5,cpu
inner.model.22.cv3.1.1.conv,Conv2d,"[1, 80, 14, 14]","[1, 80, 14, 14]",57600,0.4259,474.156,474.216,0.06,0.0,5,cpu
inner.model.22.cv3.1.1.bn,BatchNorm2d,"[1, 80, 14, 14]","[1, 80, 14, 14]",160,0.1015,474.156,474.216,0.06,0.0,5,cpu
inner.model.0.act,SiLU,"[1, 80, 14, 14]","[1, 80, 14, 14]",0,0.0239,474.156,474.216,0.06,0.0,5,cpu
inner.model.22.cv3.1.2,Conv2d,"[1, 80, 14, 14]","[1, 80, 14, 14]",6480,0.143,474.156,474.216,0.06,0.0,5,cpu
inner.model.22.cv3.2.0.conv,Conv2d,"[1, 256, 7, 7]","[1, 80, 7, 7]",184320,0.6605,474.156,474.171,0.015,0.0,5,cpu
inner.model.22.cv3.2.0.bn,BatchNorm2d,"[1, 80, 7, 7]","[1, 80, 7, 7]",160,0.0484,474.156,474.171,0.015,0.0,5,cpu
inner.model.0.act,SiLU,"[1, 80, 7, 7]","[1, 80, 7, 7]",0,0.0158,474.156,474.171,0.015,0.0,5,cpu
inner.model.22.cv3.2.1.conv,Conv2d,"[1, 80, 7, 7]","[1, 80, 7, 7]",57600,0.1331,474.156,474.171,0.015,0.0,5,cpu
inner.model.22.cv3.2.1.bn,BatchNorm2d,"[1, 80, 7, 7]","[1, 80, 7, 7]",160,0.0355,474.156,474.171,0.015,0.0,5,cpu
inner.model.0.act,SiLU,"[1, 80, 7, 7]","[1, 80, 7, 7]",0,0.0116,474.156,474.171,0.015,0.0,5,cpu
inner.model.22.cv3.2.2,Conv2d,"[1, 80, 7, 7]","[1, 80, 7, 7]",6480,0.0838,474.156,474.171,0.015,0.0,5,cpu
inner.model.22.dfl.conv,Conv2d,"[1, 16, 4, 1029]","[1, 1, 4, 1029]",16,0.3443,474.156,474.172,0.016,0.0,5,cpu
inner.model.0.conv,Conv2d,"[1, 3, 224, 224]","[1, 16, 112, 112]",432,0.7474,474.258,475.023,0.766,0.0,6,cpu
inner.model.0.bn,BatchNorm2d,"[1, 16, 112, 112]","[1, 16, 112, 112]",32,0.1672,474.258,475.023,0.766,0.0,6,cpu
inner.model.0.act,SiLU,"[1, 16, 112, 112]","[1, 16, 112, 112]",0,0.0987,474.258,475.023,0.766,0.0,6,cpu
inner.model.1.conv,Conv2d,"[1, 16, 112, 112]","[1, 32, 56, 56]",4608,0.5304,474.258,474.641,0.383,0.0,6,cpu
inner.model.1.bn,BatchNorm2d,"[1, 32, 56, 56]","[1, 32, 56, 56]",64,0.0784,474.258,474.641,0.383,0.0,6,cpu
inner.model.0.act,SiLU,"[1, 32, 56, 56]","[1, 32, 56, 56]",0,0.0762,474.258,474.641,0.383,0.0,6,cpu
inner.model.2.cv1.conv,Conv2d,"[1, 32, 56, 56]","[1, 32, 56, 56]",1024,0.2007,474.258,474.641,0.383,0.0,6,cpu
inner.model.2.cv1.bn,BatchNorm2d,"[1, 32, 56, 56]","[1, 32, 56, 56]",64,0.0638,474.258,474.641,0.383,0.0,6,cpu
inner.model.0.act,SiLU,"[1, 32, 56, 56]","[1, 32, 56, 56]",0,0.0338,474.258,474.641,0.383,0.0,6,cpu
inner.model.2.m.0.cv1.conv,Conv2d,"[1, 16, 56, 56]","[1, 16, 56, 56]",2304,0.2763,474.258,474.449,0.191,0.0,6,cpu
inner.model.2.m.0.cv1.bn,BatchNorm2d,"[1, 16, 56, 56]","[1, 16, 56, 56]",32,0.0569,474.258,474.449,0.191,0.0,6,cpu
inner.model.0.act,SiLU,"[1, 16, 56, 56]","[1, 16, 56, 56]",0,0.0247,474.258,474.449,0.191,0.0,6,cpu
inner.model.2.m.0.cv2.conv,Conv2d,"[1, 16, 56, 56]","[1, 16, 56, 56]",2304,0.1985,474.258,474.449,0.191,0.0,6,cpu
inner.model.2.m.0.cv2.bn,BatchNorm2d,"[1, 16, 56, 56]","[1, 16, 56, 56]",32,0.0443,474.258,474.449,0.191,0.0,6,cpu
inner.model.0.act,SiLU,"[1, 16, 56, 56]","[1, 16, 56, 56]",0,0.0214,474.258,474.449,0.191,0.0,6,cpu
inner.model.2.cv2.conv,Conv2d,"[1, 48, 56, 56]","[1, 32, 56, 56]",1536,0.3022,474.258,474.641,0.383,0.0,6,cpu
inner.model.2.cv2.bn,BatchNorm2d,"[1, 32, 56, 56]","[1, 32, 56, 56]",64,0.0617,474.258,474.641,0.383,0.0,6,cpu
inner.model.0.act,SiLU,"[1, 32, 56, 56]","[1, 32, 56, 56]",0,0.0318,474.258,474.641,0.383,0.0,6,cpu
inner.model.3.conv,Conv2d,"[1, 32, 56, 56]","[1, 64, 28, 28]",18432,0.3038,474.258,474.449,0.191,0.0,6,cpu
inner.model.3.bn,BatchNorm2d,"[1, 64, 28, 28]","[1, 64, 28, 28]",128,0.0454,474.258,474.449,0.191,0.0,6,cpu
inner.model.0.act,SiLU,"[1, 64, 28, 28]","[1, 64, 28, 28]",0,0.0214,474.258,474.449,0.191,0.0,6,cpu
inner.model.4.cv1.conv,Conv2d,"[1, 64, 28, 28]","[1, 64, 28, 28]",4096,0.1563,474.258,474.449,0.191,0.0,6,cpu
inner.model.4.cv1.bn,BatchNorm2d,"[1, 64, 28, 28]","[1, 64, 28, 28]",128,0.0442,474.258,474.449,0.191,0.0,6,cpu
inner.model.0.act,SiLU,"[1, 64, 28, 28]","[1, 64, 28, 28]",0,0.0208,474.258,474.449,0.191,0.0,6,cpu
inner.model.4.m.0.cv1.conv,Conv2d,"[1, 32, 28, 28]","[1, 32, 28, 28]",9216,0.1914,474.258,474.354,0.096,0.0,6,cpu
inner.model.4.m.0.cv1.bn,BatchNorm2d,"[1, 32, 28, 28]","[1, 32, 28, 28]",64,0.0362,474.258,474.354,0.096,0.0,6,cpu
inner.model.0.act,SiLU,"[1, 32, 28, 28]","[1, 32, 28, 28]",0,0.0214,474.258,474.354,0.096,0.0,6,cpu
inner.model.4.m.0.cv2.conv,Conv2d,"[1, 32, 28, 28]","[1, 32, 28, 28]",9216,0.1764,474.258,474.354,0.096,0.0,6,cpu
inner.model.4.m.0.cv2.bn,BatchNorm2d,"[1, 32, 28, 28]","[1, 32, 28, 28]",64,0.0363,474.258,474.354,0.096,0.0,6,cpu
inner.model.0.act,SiLU,"[1, 32, 28, 28]","[1, 32, 28, 28]",0,0.0208,474.258,474.354,0.096,0.0,6,cpu
inner.model.4.m.1.cv1.conv,Conv2d,"[1, 32, 28, 28]","[1, 32, 28, 28]",9216,0.1714,474.258,474.354,0.096,0.0,6,cpu
inner.model.4.m.1.cv1.bn,BatchNorm2d,"[1, 32, 28, 28]","[1, 32, 28, 28]",64,0.0354,474.258,474.354,0.096,0.0,6,cpu
inner.model.0.act,SiLU,"[1, 32, 28, 28]","[1, 32, 28, 28]",0,0.0211,474.258,474.354,0.096,0.0,6,cpu
inner.model.4.m.1.cv2.conv,Conv2d,"[1, 32, 28, 28]","[1, 32, 28, 28]",9216,0.1695,474.258,474.354,0.096,0.0,6,cpu
inner.model.4.m.1.cv2.bn,BatchNorm2d,"[1, 32, 28, 28]","[1, 32, 28, 28]",64,0.0357,474.258,474.354,0.096,0.0,6,cpu
inner.model.0.act,SiLU,"[1, 32, 28, 28]","[1, 32, 28, 28]",0,0.0221,474.258,474.354,0.096,0.0,6,cpu
inner.model.4.cv2.conv,Conv2d,"[1, 128, 28, 28]","[1, 64, 28, 28]",8192,0.1976,474.258,474.449,0.191,0.0,6,cpu
inner.model.4.cv2.bn,BatchNorm2d,"[1, 64, 28, 28]","[1, 64, 28, 28]",128,0.0443,474.258,474.449,0.191,0.0,6,cpu
inner.model.0.act,SiLU,"[1, 64, 28, 28]","[1, 64, 28, 28]",0,0.0207,474.258,474.449,0.191,0.0,6,cpu
inner.model.5.conv,Conv2d,"[1, 64, 28, 28]","[1, 128, 14, 14]",73728,0.2694,474.258,474.354,0.096,0.0,6,cpu
inner.model.5.bn,BatchNorm2d,"[1, 128, 14, 14]","[1, 128, 14, 14]",256,0.039,474.258,474.354,0.096,0.0,6,cpu
inner.model.0.act,SiLU,"[1, 128, 14, 14]","[1, 128, 14, 14]",0,0.0217,474.258,474.354,0.096,0.0,6,cpu
inner.model.6.cv1.conv,Conv2d,"[1, 128, 14, 14]","[1, 128, 14, 14]",16384,0.1556,474.258,474.354,0.096,0.0,6,cpu
inner.model.6.cv1.bn,BatchNorm2d,"[1, 128, 14, 14]","[1, 128, 14, 14]",256,0.0371,474.258,474.354,0.096,0.0,6,cpu
inner.model.0.act,SiLU,"[1, 128, 14, 14]","[1, 128, 14, 14]",0,0.0208,474.258,474.354,0.096,0.0,6,cpu
inner.model.6.m.0.cv1.conv,Conv2d,"[1, 64, 14, 14]","[1, 64, 14, 14]",36864,0.2068,474.258,474.306,0.048,0.0,6,cpu
inner.model.6.m.0.cv1.bn,BatchNorm2d,"[1, 64, 14, 14]","[1, 64, 14, 14]",128,0.0353,474.258,474.306,0.048,0.0,6,cpu
inner.model.0.act,SiLU,"[1, 64, 14, 14]","[1, 64, 14, 14]",0,0.0151,474.258,474.306,0.048,0.0,6,cpu
inner.model.6.m.0.cv2.conv,Conv2d,"[1, 64, 14, 14]","[1, 64, 14, 14]",36864,0.168,474.258,474.306,0.048,0.0,6,cpu
inner.model.6.m.0.cv2.bn,BatchNorm2d,"[1, 64, 14, 14]","[1, 64, 14, 14]",128,0.0309,474.258,474.306,0.048,0.0,6,cpu
inner.model.0.act,SiLU,"[1, 64, 14, 14]","[1, 64, 14, 14]",0,0.0144,474.258,474.306,0.048,0.0,6,cpu
inner.model.6.m.1.cv1.conv,Conv2d,"[1, 64, 14, 14]","[1, 64, 14, 14]",36864,0.165,474.258,474.306,0.048,0.0,6,cpu
inner.model.6.m.1.cv1.bn,BatchNorm2d,"[1, 64, 14, 14]","[1, 64, 14, 14]",128,0.0306,474.258,474.306,0.048,0.0,6,cpu
inner.model.0.act,SiLU,"[1, 64, 14, 14]","[1, 64, 14, 14]",0,0.0141,474.258,474.306,0.048,0.0,6,cpu
inner.model.6.m.1.cv2.conv,Conv2d,"[1, 64, 14, 14]","[1, 64, 14, 14]",36864,0.1646,474.258,474.306,0.048,0.0,6,cpu
inner.model.6.m.1.cv2.bn,BatchNorm2d,"[1, 64, 14, 14]","[1, 64, 14, 14]",128,0.1818,474.258,474.306,0.048,0.0,6,cpu
inner.model.0.act,SiLU,"[1, 64, 14, 14]","[1, 64, 14, 14]",0,0.0342,474.258,474.306,0.048,0.0,6,cpu
inner.model.6.cv2.conv,Conv2d,"[1, 256, 14, 14]","[1, 128, 14, 14]",32768,0.5492,474.258,474.354,0.096,0.0,6,cpu
inner.model.6.cv2.bn,BatchNorm2d,"[1, 128, 14, 14]","[1, 128, 14, 14]",256,0.21,474.258,474.354,0.096,0.0,6,cpu
inner.model.0.act,SiLU,"[1, 128, 14, 14]","[1, 128, 14, 14]",0,0.0334,474.258,474.354,0.096,0.0,6,cpu
inner.model.7.conv,Conv2d,"[1, 128, 14, 14]","[1, 256, 7, 7]",294912,0.6457,474.258,474.306,0.048,0.0,6,cpu
inner.model.7.bn,BatchNorm2d,"[1, 256, 7, 7]","[1, 256, 7, 7]",512,0.0524,474.258,474.306,0.048,0.0,6,cpu
inner.model.0.act,SiLU,"[1, 256, 7, 7]","[1, 256, 7, 7]",0,0.0198,474.258,474.306,0.048,0.0,6,cpu
inner.model.8.cv1.conv,Conv2d,"[1, 256, 7, 7]","[1, 256, 7, 7]",65536,0.3076,474.258,474.306,0.048,0.0,6,cpu
inner.model.8.cv1.bn,BatchNorm2d,"[1, 256, 7, 7]","[1, 256, 7, 7]",512,0.062,474.258,474.306,0.048,0.0,6,cpu
inner.model.0.act,SiLU,"[1, 256, 7, 7]","[1, 256, 7, 7]",0,0.0205,474.258,474.306,0.048,0.0,6,cpu
inner.model.8.m.0.cv1.conv,Conv2d,"[1, 128, 7, 7]","[1, 128, 7, 7]",147456,0.3554,474.258,474.282,0.024,0.0,6,cpu
inner.model.8.m.0.cv1.bn,BatchNorm2d,"[1, 128, 7, 7]","[1, 128, 7, 7]",256,0.0483,474.258,474.282,0.024,0.0,6,cpu
inner.model.0.act,SiLU,"[1, 128, 7, 7]","[1, 128, 7, 7]",0,0.0165,474.258,474.282,0.024,0.0,6,cpu
inner.model.8.m.0.cv2.conv,Conv2d,"[1, 128, 7, 7]","[1, 128, 7, 7]",147456,0.3102,474.258,474.282,0.024,0.0,6,cpu
inner.model.8.m.0.cv2.bn,BatchNorm2d,"[1, 128, 7, 7]","[1, 128, 7, 7]",256,0.055,474.258,474.282,0.024,0.0,6,cpu
inner.model.0.act,SiLU,"[1, 128, 7, 7]","[1, 128, 7, 7]",0,0.0204,474.258,474.282,0.024,0.0,6,cpu
inner.model.8.cv2.conv,Conv2d,"[1, 384, 7, 7]","[1, 256, 7, 7]",98304,0.1057,474.258,474.306,0.048,0.0,6,cpu
inner.model.8.cv2.bn,BatchNorm2d,"[1, 256, 7, 7]","[1, 256, 7, 7]",512,0.0374,474.258,474.306,0.048,0.0,6,cpu
inner.model.0.act,SiLU,"[1, 256, 7, 7]","[1, 256, 7, 7]",0,0.0149,474.258,474.306,0.048,0.0,6,cpu
inner.model.9.cv1.conv,Conv2d,"[1, 256, 7, 7]","[1, 128, 7, 7]",32768,0.0573,474.258,474.282,0.024,0.0,6,cpu
inner.model.9.cv1.bn,BatchNorm2d,"[1, 128, 7, 7]","[1, 128, 7, 7]",256,0.0302,474.258,474.282,0.024,0.0,6,cpu
inner.model.0.act,SiLU,"[1, 128, 7, 7]","[1, 128, 7, 7]",0,0.0113,474.258,474.282,0.024,0.0,6,cpu
inner.model.9.m,MaxPool2d,"[1, 128, 7, 7]","[1, 128, 7, 7]",0,0.3308,474.258,474.282,0.024,0.0,6,cpu
inner.model.9.m,MaxPool2d,"[1, 128, 7, 7]","[1, 128, 7, 7]",0,0.233,474.258,474.282,0.024,0.0,6,cpu
inner.model.9.m,MaxPool2d,"[1, 128, 7, 7]","[1, 128, 7, 7]",0,0.1974,474.258,474.282,0.024,0.0,6,cpu
inner.model.9.cv2.conv,Conv2d,"[1, 512, 7, 7]","[1, 256, 7, 7]",131072,0.3379,474.258,474.306,0.048,0.0,6,cpu
inner.model.9.cv2.bn,BatchNorm2d,"[1, 256, 7, 7]","[1, 256, 7, 7]",512,0.04,474.258,474.306,0.048,0.0,6,cpu
inner.model.0.act,SiLU,"[1, 256, 7, 7]","[1, 256, 7, 7]",0,0.0159,474.258,474.306,0.048,0.0,6,cpu
inner.model.10,Upsample,"[1, 256, 7, 7]","[1, 256, 14, 14]",0,0.0982,474.258,474.449,0.191,0.0,6,cpu
inner.model.11,Concat,"[1, 256, 14, 14]","[1, 384, 14, 14]",0,0.0513,474.258,474.545,0.287,0.0,6,cpu
inner.model.12.cv1.conv,Conv2d,"[1, 384, 14, 14]","[1, 128, 14, 14]",49152,0.2596,474.258,474.354,0.096,0.0,6,cpu
inner.model.12.cv1.bn,BatchNorm2d,"[1, 128, 14, 14]","[1, 128, 14, 14]",256,0.0411,474.258,474.354,0.096,0.0,6,cpu
inner.model.0.act,SiLU,"[1, 128, 14, 14]","[1, 128, 14, 14]",0,0.0224,474.258,474.354,0.096,0.0,6,cpu
inner.model.12.m.0.cv1.conv,Conv2d,"[1, 64, 14, 14]","[1, 64, 14, 14]",36864,0.1742,474.258,474.306,0.048,0.0,6,cpu
inner.model.12.m.0.cv1.bn,BatchNorm2d,"[1, 64, 14, 14]","[1, 64, 14, 14]",128,0.0329,474.258,474.306,0.048,0.0,6,cpu
inner.model.0.act,SiLU,"[1, 64, 14, 14]","[1, 64, 14, 14]",0,0.0146,474.258,474.306,0.048,0.0,6,cpu
inner.model.12.m.0.cv2.conv,Conv2d,"[1, 64, 14, 14]","[1, 64, 14, 14]",36864,0.1625,474.258,474.306,0.048,0.0,6,cpu
inner.model.12.m.0.cv2.bn,BatchNorm2d,"[1, 64, 14, 14]","[1, 64, 14, 14]",128,0.0303,474.258,474.306,0.048,0.0,6,cpu
inner.model.0.act,SiLU,"[1, 64, 14, 14]","[1, 64, 14, 14]",0,0.014,474.258,474.306,0.048,0.0,6,cpu
inner.model.12.cv2.conv,Conv2d,"[1, 192, 14, 14]","[1, 128, 14, 14]",24576,0.1829,474.258,474.354,0.096,0.0,6,cpu
inner.model.12.cv2.bn,BatchNorm2d,"[1, 128, 14, 14]","[1, 128, 14, 14]",256,0.038,474.258,474.354,0.096,0.0,6,cpu
inner.model.0.act,SiLU,"[1, 128, 14, 14]","[1, 128, 14, 14]",0,0.0216,474.258,474.354,0.096,0.0,6,cpu
inner.model.13,Upsample,"[1, 128, 14, 14]","[1, 128, 28, 28]",0,0.1206,474.258,474.641,0.383,0.0,6,cpu
inner.model.14,Concat,"[1, 128, 28, 28]","[1, 192, 28, 28]",0,0.0442,474.258,474.832,0.574,0.0,6,cpu
inner.model.15.cv1.conv,Conv2d,"[1, 192, 28, 28]","[1, 64, 28, 28]",12288,0.2657,474.258,474.449,0.191,0.0,6,cpu
inner.model.15.cv1.bn,BatchNorm2d,"[1, 64, 28, 28]","[1, 64, 28, 28]",128,0.0451,474.258,474.449,0.191,0.0,6,cpu
inner.model.0.act,SiLU,"[1, 64, 28, 28]","[1, 64, 28, 28]",0,0.0218,474.258,474.449,0.191,0.0,6,cpu
inner.model.15.m.0.cv1.conv,Conv2d,"[1, 32, 28, 28]","[1, 32, 28, 28]",9216,0.1935,474.258,474.354,0.096,0.0,6,cpu
inner.model.15.m.0.cv1.bn,BatchNorm2d,"[1, 32, 28, 28]","[1, 32, 28, 28]",64,0.0382,474.258,474.354,0.096,0.0,6,cpu
inner.model.0.act,SiLU,"[1, 32, 28, 28]","[1, 32, 28, 28]",0,0.0207,474.258,474.354,0.096,0.0,6,cpu
inner.model.15.m.0.cv2.conv,Conv2d,"[1, 32, 28, 28]","[1, 32, 28, 28]",9216,0.174,474.258,474.354,0.096,0.0,6,cpu
inner.model.15.m.0.cv2.bn,BatchNorm2d,"[1, 32, 28, 28]","[1, 32, 28, 28]",64,0.0355,474.258,474.354,0.096,0.0,6,cpu
inner.model.0.act,SiLU,"[1, 32, 28, 28]","[1, 32, 28, 28]",0,0.0212,474.258,474.354,0.096,0.0,6,cpu
inner.model.15.cv2.conv,Conv2d,"[1, 96, 28, 28]","[1, 64, 28, 28]",6144,0.1781,474.258,474.449,0.191,0.0,6,cpu
inner.model.15.cv2.bn,BatchNorm2d,"[1, 64, 28, 28]","[1, 64, 28, 28]",128,0.0432,474.258,474.449,0.191,0.0,6,cpu
inner.model.0.act,SiLU,"[1, 64, 28, 28]","[1, 64, 28, 28]",0,0.0207,474.258,474.449,0.191,0.0,6,cpu
inner.model.16.conv,Conv2d,"[1, 64, 28, 28]","[1, 64, 14, 14]",36864,0.1937,474.258,474.306,0.048,0.0,6,cpu
inner.model.16.bn,BatchNorm2d,"[1, 64, 14, 14]","[1, 64, 14, 14]",128,0.0336,474.258,474.306,0.048,0.0,6,cpu
inner.model.0.act,SiLU,"[1, 64, 14, 14]","[1, 64, 14, 14]",0,0.0153,474.258,474.306,0.048,0.0,6,cpu
inner.model.17,Concat,"[1, 64, 14, 14]","[1, 192, 14, 14]",0,0.0249,474.258,474.401,0.144,0.0,6,cpu
inner.model.18.cv1.conv,Conv2d,"[1, 192, 14, 14]","[1, 128, 14, 14]",24576,0.1679,474.258,474.354,0.096,0.0,6,cpu
inner.model.18.cv1.bn,BatchNorm2d,"[1, 128, 14, 14]","[1, 128, 14, 14]",256,0.0378,474.258,474.354,0.096,0.0,6,cpu
inner.model.0.act,SiLU,"[1, 128, 14, 14]","[1, 128, 14, 14]",0,0.0211,474.258,474.354,0.096,0.0,6,cpu
inner.model.18.m.0.cv1.conv,Conv2d,"[1, 64, 14, 14]","[1, 64, 14, 14]",36864,0.1735,474.258,474.306,0.048,0.0,6,cpu
inner.model.18.m.0.cv1.bn,BatchNorm2d,"[1, 64, 14, 14]","[1, 64, 14, 14]",128,0.0337,474.258,474.306,0.048,0.0,6,cpu
inner.model.0.act,SiLU,"[1, 64, 14, 14]","[1, 64, 14, 14]",0,0.0144,474.258,474.306,0.048,0.0,6,cpu
inner.model.18.m.0.cv2.conv,Conv2d,"[1, 64, 14, 14]","[1, 64, 14, 14]",36864,0.1631,474.258,474.306,0.048,0.0,6,cpu
inner.model.18.m.0.cv2.bn,BatchNorm2d,"[1, 64, 14, 14]","[1, 64, 14, 14]",128,0.031,474.258,474.306,0.048,0.0,6,cpu
inner.model.0.act,SiLU,"[1, 64, 14, 14]","[1, 64, 14, 14]",0,0.0144,474.258,474.306,0.048,0.0,6,cpu
inner.model.18.cv2.conv,Conv2d,"[1, 192, 14, 14]","[1, 128, 14, 14]",24576,0.1697,474.258,474.354,0.096,0.0,6,cpu
inner.model.18.cv2.bn,BatchNorm2d,"[1, 128, 14, 14]","[1, 128, 14, 14]",256,0.0377,474.258,474.354,0.096,0.0,6,cpu
inner.model.0.act,SiLU,"[1, 128, 14, 14]","[1, 128, 14, 14]",0,0.0209,474.258,474.354,0.096,0.0,6,cpu
inner.model.19.conv,Conv2d,"[1, 128, 14, 14]","[1, 128, 7, 7]",147456,0.2379,474.258,474.282,0.024,0.0,6,cpu
inner.model.19.bn,BatchNorm2d,"[1, 128, 7, 7]","[1, 128, 7, 7]",256,0.0331,474.258,474.282,0.024,0.0,6,cpu
inner.model.0.act,SiLU,"[1, 128, 7, 7]","[1, 128, 7, 7]",0,0.0123,474.258,474.282,0.024,0.0,6,cpu
inner.model.20,Concat,"[1, 128, 7, 7]","[1, 384, 7, 7]",0,0.017,474.258,474.33,0.072,0.0,6,cpu
inner.model.21.cv1.conv,Conv2d,"[1, 384, 7, 7]","[1, 256, 7, 7]",98304,0.0986,474.258,474.306,0.048,0.0,6,cpu
inner.model.21.cv1.bn,BatchNorm2d,"[1, 256, 7, 7]","[1, 256, 7, 7]",512,0.0329,474.258,474.306,0.048,0.0,6,cpu
inner.model.0.act,SiLU,"[1, 256, 7, 7]","[1, 256, 7, 7]",0,0.0144,474.258,474.306,0.048,0.0,6,cpu
inner.model.21.m.0.cv1.conv,Conv2d,"[1, 128, 7, 7]","[1, 128, 7, 7]",147456,0.2349,474.258,474.282,0.024,0.0,6,cpu
inner.model.21.m.0.cv1.bn,BatchNorm2d,"[1, 128, 7, 7]","[1, 128, 7, 7]",256,0.0356,474.258,474.282,0.024,0.0,6,cpu
inner.model.0.act,SiLU,"[1, 128, 7, 7]","[1, 128, 7, 7]",0,0.0124,474.258,474.282,0.024,0.0,6,cpu
inner.model.21.m.0.cv2.conv,Conv2d,"[1, 128, 7, 7]","[1, 128, 7, 7]",147456,0.2167,474.258,474.282,0.024,0.0,6,cpu
inner.model.21.m.0.cv2.bn,BatchNorm2d,"[1, 128, 7, 7]","[1, 128, 7, 7]",256,0.0305,474.258,474.282,0.024,0.0,6,cpu
inner.model.0.act,SiLU,"[1, 128, 7, 7]","[1, 128, 7, 7]",0,0.0116,474.258,474.282,0.024,0.0,6,cpu
inner.model.21.cv2.conv,Conv2d,"[1, 384, 7, 7]","[1, 256, 7, 7]",98304,0.0891,474.258,474.306,0.048,0.0,6,cpu
inner.model.21.cv2.bn,BatchNorm2d,"[1, 256, 7, 7]","[1, 256, 7, 7]",512,0.0323,474.258,474.306,0.048,0.0,6,cpu
inner.model.0.act,SiLU,"[1, 256, 7, 7]","[1, 256, 7, 7]",0,0.0143,474.258,474.306,0.048,0.0,6,cpu
inner.model.22.cv2.0.0.conv,Conv2d,"[1, 64, 28, 28]","[1, 64, 28, 28]",36864,0.3935,474.258,474.449,0.191,0.0,6,cpu
inner.model.22.cv2.0.0.bn,BatchNorm2d,"[1, 64, 28, 28]","[1, 64, 28, 28]",128,0.0434,474.258,474.449,0.191,0.0,6,cpu
inner.model.0.act,SiLU,"[1, 64, 28, 28]","[1, 64, 28, 28]",0,0.0211,474.258,474.449,0.191,0.0,6,cpu
inner.model.22.cv2.0.1.conv,Conv2d,"[1, 64, 28, 28]","[1, 64, 28, 28]",36864,0.3606,474.258,474.449,0.191,0.0,6,cpu
inner.model.22.cv2.0.1.bn,BatchNorm2d,"[1, 64, 28, 28]","[1, 64, 28, 28]",128,0.0428,474.258,474.449,0.191,0.0,6,cpu
inner.model.0.act,SiLU,"[1, 64, 28, 28]","[1, 64, 28, 28]",0,0.0206,474.258,474.449,0.191,0.0,6,cpu
inner.model.22.cv2.0.2,Conv2d,"[1, 64, 28, 28]","[1, 64, 28, 28]",4160,0.1537,474.258,474.449,0.191,0.0,6,cpu
inner.model.22.cv2.1.0.conv,Conv2d,"[1, 128, 14, 14]","[1, 64, 14, 14]",73728,0.2542,474.258,474.306,0.048,0.0,6,cpu
inner.model.22.cv2.1.0.bn,BatchNorm2d,"[1, 64, 14, 14]","[1, 64, 14, 14]",128,0.0349,474.258,474.306,0.048,0.0,6,cpu
inner.model.0.act,SiLU,"[1, 64, 14, 14]","[1, 64, 14, 14]",0,0.0157,474.258,474.306,0.048,0.0,6,cpu
inner.model.22.cv2.1.1.conv,Conv2d,"[1, 64, 14, 14]","[1, 64, 14, 14]",36864,0.1698,474.258,474.306,0.048,0.0,6,cpu
inner.model.22.cv2.1.1.bn,BatchNorm2d,"[1, 64, 14, 14]","[1, 64, 14, 14]",128,0.0313,474.258,474.306,0.048,0.0,6,cpu
inner.model.0.act,SiLU,"[1, 64, 14, 14]","[1, 64, 14, 14]",0,0.0146,474.258,474.306,0.048,0.0,6,cpu
inner.model.22.cv2.1.2,Conv2d,"[1, 64, 14, 14]","[1, 64, 14, 14]",4160,0.0491,474.258,474.306,0.048,0.0,6,cpu
inner.model.22.cv2.2.0.conv,Conv2d,"[1, 256, 7, 7]","[1, 64, 7, 7]",147456,0.252,474.258,474.27,0.012,0.0,6,cpu
inner.model.22.cv2.2.0.bn,BatchNorm2d,"[1, 64, 7, 7]","[1, 64, 7, 7]",128,0.0303,474.258,474.27,0.012,0.0,6,cpu
inner.model.0.act,SiLU,"[1, 64, 7, 7]","[1, 64, 7, 7]",0,0.0107,474.258,474.27,0.012,0.0,6,cpu
inner.model.22.cv2.2.1.conv,Conv2d,"[1, 64, 7, 7]","[1, 64, 7, 7]",36864,0.0831,474.258,474.27,0.012,0.0,6,cpu
inner.model.22.cv2.2.1.bn,BatchNorm2d,"[1, 64, 7, 7]","[1, 64, 7, 7]",128,0.0274,474.258,474.27,0.012,0.0,6,cpu
inner.model.0.act,SiLU,"[1, 64, 7, 7]","[1, 64, 7, 7]",0,0.0094,474.258,474.27,0.012,0.0,6,cpu
inner.model.22.cv2.2.2,Conv2d,"[1, 64, 7, 7]","[1, 64, 7, 7]",4160,0.0336,474.258,474.27,0.012,0.0,6,cpu
inner.model.22.cv3.0.0.conv,Conv2d,"[1, 64, 28, 28]","[1, 80, 28, 28]",46080,0.4471,474.258,474.497,0.239,0.0,6,cpu
inner.model.22.cv3.0.0.bn,BatchNorm2d,"[1, 80, 28, 28]","[1, 80, 28, 28]",160,0.0471,474.258,474.497,0.239,0.0,6,cpu
inner.model.0.act,SiLU,"[1, 80, 28, 28]","[1, 80, 28, 28]",0,0.0237,474.258,474.497,0.239,0.0,6,cpu
inner.model.22.cv3.0.1.conv,Conv2d,"[1, 80, 28, 28]","[1, 80, 28, 28]",57600,0.501,474.258,474.497,0.239,0.0,6,cpu
inner.model.22.cv3.0.1.bn,BatchNorm2d,"[1, 80, 28, 28]","[1, 80, 28, 28]",160,0.0462,474.258,474.497,0.239,0.0,6,cpu
inner.model.0.act,SiLU,"[1, 80, 28, 28]","[1, 80, 28, 28]",0,0.0237,474.258,474.497,0.239,0.0,6,cpu
inner.model.22.cv3.0.2,Conv2d,"[1, 80, 28, 28]","[1, 80, 28, 28]",6480,0.1741,474.258,474.497,0.239,0.0,6,cpu
inner.model.22.cv3.1.0.conv,Conv2d,"[1, 128, 14, 14]","[1, 80, 14, 14]",92160,0.2921,474.258,474.318,0.06,0.0,6,cpu
inner.model.22.cv3.1.0.bn,BatchNorm2d,"[1, 80, 14, 14]","[1, 80, 14, 14]",160,0.0385,474.258,474.318,0.06,0.0,6,cpu
inner.model.0.act,SiLU,"[1, 80, 14, 14]","[1, 80, 14, 14]",0,0.017,474.258,474.318,0.06,0.0,6,cpu
inner.model.22.cv3.1.1.conv,Conv2d,"[1, 80, 14, 14]","[1, 80, 14, 14]",57600,0.2318,474.258,474.318,0.06,0.0,6,cpu
inner.model.22.cv3.1.1.bn,BatchNorm2d,"[1, 80, 14, 14]","[1, 80, 14, 14]",160,0.0327,474.258,474.318,0.06,0.0,6,cpu
inner.model.0.act,SiLU,"[1, 80, 14, 14]","[1, 80, 14, 14]",0,0.0158,474.258,474.318,0.06,0.0,6,cpu
inner.model.22.cv3.1.2,Conv2d,"[1, 80, 14, 14]","[1, 80, 14, 14]",6480,0.0565,474.258,474.318,0.06,0.0,6,cpu
inner.model.22.cv3.2.0.conv,Conv2d,"[1, 256, 7, 7]","[1, 80, 7, 7]",184320,0.5028,474.258,474.273,0.015,0.0,6,cpu
inner.model.22.cv3.2.0.bn,BatchNorm2d,"[1, 80, 7, 7]","[1, 80, 7, 7]",160,0.0585,474.258,474.273,0.015,0.0,6,cpu
inner.model.0.act,SiLU,"[1, 80, 7, 7]","[1, 80, 7, 7]",0,0.0191,474.258,474.273,0.015,0.0,6,cpu
inner.model.22.cv3.2.1.conv,Conv2d,"[1, 80, 7, 7]","[1, 80, 7, 7]",57600,0.2791,474.258,474.273,0.015,0.0,6,cpu
inner.model.22.cv3.2.1.bn,BatchNorm2d,"[1, 80, 7, 7]","[1, 80, 7, 7]",160,0.0537,474.258,474.273,0.015,0.0,6,cpu
inner.model.0.act,SiLU,"[1, 80, 7, 7]","[1, 80, 7, 7]",0,0.0218,474.258,474.273,0.015,0.0,6,cpu
inner.model.22.cv3.2.2,Conv2d,"[1, 80, 7, 7]","[1, 80, 7, 7]",6480,0.1006,474.258,474.273,0.015,0.0,6,cpu
inner.model.22.dfl.conv,Conv2d,"[1, 16, 4, 1029]","[1, 1, 4, 1029]",16,0.2542,474.258,474.274,0.016,0.0,6,cpu
inner.model.0.conv,Conv2d,"[1, 3, 224, 224]","[1, 16, 112, 112]",432,0.7433,474.375,475.141,0.766,0.0,7,cpu
inner.model.0.bn,BatchNorm2d,"[1, 16, 112, 112]","[1, 16, 112, 112]",32,0.1756,474.375,475.141,0.766,0.0,7,cpu
inner.model.0.act,SiLU,"[1, 16, 112, 112]","[1, 16, 112, 112]",0,0.0992,474.375,475.141,0.766,0.0,7,cpu
inner.model.1.conv,Conv2d,"[1, 16, 112, 112]","[1, 32, 56, 56]",4608,0.6919,474.375,474.758,0.383,0.0,7,cpu
inner.model.1.bn,BatchNorm2d,"[1, 32, 56, 56]","[1, 32, 56, 56]",64,0.0997,474.375,474.758,0.383,0.0,7,cpu
inner.model.0.act,SiLU,"[1, 32, 56, 56]","[1, 32, 56, 56]",0,0.1015,474.375,474.758,0.383,0.0,7,cpu
inner.model.2.cv1.conv,Conv2d,"[1, 32, 56, 56]","[1, 32, 56, 56]",1024,0.3173,474.375,474.758,0.383,0.0,7,cpu
inner.model.2.cv1.bn,BatchNorm2d,"[1, 32, 56, 56]","[1, 32, 56, 56]",64,0.1665,474.375,474.758,0.383,0.0,7,cpu
inner.model.0.act,SiLU,"[1, 32, 56, 56]","[1, 32, 56, 56]",0,0.0582,474.375,474.758,0.383,0.0,7,cpu
inner.model.2.m.0.cv1.conv,Conv2d,"[1, 16, 56, 56]","[1, 16, 56, 56]",2304,0.3547,474.375,474.566,0.191,0.0,7,cpu
inner.model.2.m.0.cv1.bn,BatchNorm2d,"[1, 16, 56, 56]","[1, 16, 56, 56]",32,0.0547,474.375,474.566,0.191,0.0,7,cpu
inner.model.0.act,SiLU,"[1, 16, 56, 56]","[1, 16, 56, 56]",0,0.0323,474.375,474.566,0.191,0.0,7,cpu
inner.model.2.m.0.cv2.conv,Conv2d,"[1, 16, 56, 56]","[1, 16, 56, 56]",2304,0.2686,474.375,474.566,0.191,0.0,7,cpu
inner.model.2.m.0.cv2.bn,BatchNorm2d,"[1, 16, 56, 56]","[1, 16, 56, 56]",32,0.0502,474.375,474.566,0.191,0.0,7,cpu
inner.model.0.act,SiLU,"[1, 16, 56, 56]","[1, 16, 56, 56]",0,0.0316,474.375,474.566,0.191,0.0,7,cpu
inner.model.2.cv2.conv,Conv2d,"[1, 48, 56, 56]","[1, 32, 56, 56]",1536,0.3825,474.375,474.758,0.383,0.0,7,cpu
inner.model.2.cv2.bn,BatchNorm2d,"[1, 32, 56, 56]","[1, 32, 56, 56]",64,0.0858,474.375,474.758,0.383,0.0,7,cpu
inner.model.0.act,SiLU,"[1, 32, 56, 56]","[1, 32, 56, 56]",0,0.0545,474.375,474.758,0.383,0.0,7,cpu
inner.model.3.conv,Conv2d,"[1, 32, 56, 56]","[1, 64, 28, 28]",18432,0.4694,474.375,474.566,0.191,0.0,7,cpu
inner.model.3.bn,BatchNorm2d,"[1, 64, 28, 28]","[1, 64, 28, 28]",128,0.0537,474.375,474.566,0.191,0.0,7,cpu
inner.model.0.act,SiLU,"[1, 64, 28, 28]","[1, 64, 28, 28]",0,0.0324,474.375,474.566,0.191,0.0,7,cpu
inner.model.4.cv1.conv,Conv2d,"[1, 64, 28, 28]","[1, 64, 28, 28]",4096,0.2261,474.375,474.566,0.191,0.0,7,cpu
inner.model.4.cv1.bn,BatchNorm2d,"[1, 64, 28, 28]","[1, 64, 28, 28]",128,0.0552,474.375,474.566,0.191,0.0,7,cpu
inner.model.0.act,SiLU,"[1, 64, 28, 28]","[1, 64, 28, 28]",0,0.0324,474.375,474.566,0.191,0.0,7,cpu
inner.model.4.m.0.cv1.conv,Conv2d,"[1, 32, 28, 28]","[1, 32, 28, 28]",9216,0.2915,474.375,474.471,0.096,0.0,7,cpu
inner.model.4.m.0.cv1.bn,BatchNorm2d,"[1, 32, 28, 28]","[1, 32, 28, 28]",64,0.0447,474.375,474.471,0.096,0.0,7,cpu
inner.model.0.act,SiLU,"[1, 32, 28, 28]","[1, 32, 28, 28]",0,0.0261,474.375,474.471,0.096,0.0,7,cpu
inner.model.4.m.0.cv2.conv,Conv2d,"[1, 32, 28, 28]","[1, 32, 28, 28]",9216,0.2637,474.375,474.471,0.096,0.0,7,cpu
inner.model.4.m.0.cv2.bn,BatchNorm2d,"[1, 32, 28, 28]","[1, 32, 28, 28]",64,0.0449,474.375,474.471,0.096,0.0,7,cpu
inner.model.0.act,SiLU,"[1, 32, 28, 28]","[1, 32, 28, 28]",0,0.0253,474.375,474.471,0.096,0.0,7,cpu
inner.model.4.m.1.cv1.conv,Conv2d,"[1, 32, 28, 28]","[1, 32, 28, 28]",9216,0.2579,474.375,474.471,0.096,0.0,7,cpu
inner.model.4.m.1.cv1.bn,BatchNorm2d,"[1, 32, 28, 28]","[1, 32, 28, 28]",64,0.0457,474.375,474.471,0.096,0.0,7,cpu
inner.model.0.act,SiLU,"[1, 32, 28, 28]","[1, 32, 28, 28]",0,0.025,474.375,474.471,0.096,0.0,7,cpu
inner.model.4.m.1.cv2.conv,Conv2d,"[1, 32, 28, 28]","[1, 32, 28, 28]",9216,0.2507,474.375,474.471,0.096,0.0,7,cpu
inner.model.4.m.1.cv2.bn,BatchNorm2d,"[1, 32, 28, 28]","[1, 32, 28, 28]",64,0.0425,474.375,474.471,0.096,0.0,7,cpu
inner.model.0.act,SiLU,"[1, 32, 28, 28]","[1, 32, 28, 28]",0,0.025,474.375,474.471,0.096,0.0,7,cpu
inner.model.4.cv2.conv,Conv2d,"[1, 128, 28, 28]","[1, 64, 28, 28]",8192,0.5266,474.375,474.566,0.191,0.0,7,cpu
inner.model.4.cv2.bn,BatchNorm2d,"[1, 64, 28, 28]","[1, 64, 28, 28]",128,0.0755,474.375,474.566,0.191,0.0,7,cpu
inner.model.0.act,SiLU,"[1, 64, 28, 28]","[1, 64, 28, 28]",0,0.0508,474.375,474.566,0.191,0.0,7,cpu
inner.model.5.conv,Conv2d,"[1, 64, 28, 28]","[1, 128, 14, 14]",73728,0.7608,474.375,474.471,0.096,0.0,7,cpu
inner.model.5.bn,BatchNorm2d,"[1, 128, 14, 14]","[1, 128, 14, 14]",256,0.0837,474.375,474.471,0.096,0.0,7,cpu
inner.model.0.act,SiLU,"[1, 128, 14, 14]","[1, 128, 14, 14]",0,0.0327,474.375,474.471,0.096,0.0,7,cpu
inner.model.6.cv1.conv,Conv2d,"[1, 128, 14, 14]","[1, 128, 14, 14]",16384,0.2734,474.375,474.471,0.096,0.0,7,cpu
inner.model.6.cv1.bn,BatchNorm2d,"[1, 128, 14, 14]","[1, 128, 14, 14]",256,0.0532,474.375,474.471,0.096,0.0,7,cpu
inner.model.0.act,SiLU,"[1, 128, 14, 14]","[1, 128, 14, 14]",0,0.0274,474.375,474.471,0.096,0.0,7,cpu
inner.model.6.m.0.cv1.conv,Conv2d,"[1, 64, 14, 14]","[1, 64, 14, 14]",36864,0.4392,474.375,474.423,0.048,0.0,7,cpu
inner.model.6.m.0.cv1.bn,BatchNorm2d,"[1, 64, 14, 14]","[1, 64, 14, 14]",128,0.0598,474.375,474.423,0.048,0.0,7,cpu
inner.model.0.act,SiLU,"[1, 64, 14, 14]","[1, 64, 14, 14]",0,0.0178,474.375,474.423,0.048,0.0,7,cpu
inner.model.6.m.0.cv2.conv,Conv2d,"[1, 64, 14, 14]","[1, 64, 14, 14]",36864,0.238,474.375,474.423,0.048,0.0,7,cpu
inner.model.6.m.0.cv2.bn,BatchNorm2d,"[1, 64, 14, 14]","[1, 64, 14, 14]",128,0.0517,474.375,474.423,0.048,0.0,7,cpu
inner.model.0.act,SiLU,"[1, 64, 14, 14]","[1, 64, 14, 14]",0,0.0234,474.375,474.423,0.048,0.0,7,cpu
inner.model.6.m.1.cv1.conv,Conv2d,"[1, 64, 14, 14]","[1, 64, 14, 14]",36864,0.1764,474.375,474.423,0.048,0.0,7,cpu
inner.model.6.m.1.cv1.bn,BatchNorm2d,"[1, 64, 14, 14]","[1, 64, 14, 14]",128,0.0347,474.375,474.423,0.048,0.0,7,cpu
inner.model.0.act,SiLU,"[1, 64, 14, 14]","[1, 64, 14, 14]",0,0.0149,474.375,474.423,0.048,0.0,7,cpu
inner.model.6.m.1.cv2.conv,Conv2d,"[1, 64, 14, 14]","[1, 64, 14, 14]",36864,0.163,474.375,474.423,0.048,0.0,7,cpu
inner.model.6.m.1.cv2.bn,BatchNorm2d,"[1, 64, 14, 14]","[1, 64, 14, 14]",128,0.0309,474.375,474.423,0.048,0.0,7,cpu
inner.model.0.act,SiLU,"[1, 64, 14, 14]","[1, 64, 14, 14]",0,0.0143,474.375,474.423,0.048,0.0,7,cpu
inner.model.6.cv2.conv,Conv2d,"[1, 256, 14, 14]","[1, 128, 14, 14]",32768,0.2501,474.375,474.471,0.096,0.0,7,cpu
inner.model.6.cv2.bn,BatchNorm2d,"[1, 128, 14, 14]","[1, 128, 14, 14]",256,0.0405,474.375,474.471,0.096,0.0,7,cpu
inner.model.0.act,SiLU,"[1, 128, 14, 14]","[1, 128, 14, 14]",0,0.0211,474.375,474.471,0.096,0.0,7,cpu
inner.model.7.conv,Conv2d,"[1, 128, 14, 14]","[1, 256, 7, 7]",294912,0.4748,474.375,474.423,0.048,0.0,7,cpu
inner.model.7.bn,BatchNorm2d,"[1, 256, 7, 7]","[1, 256, 7, 7]",512,0.0418,474.375,474.423,0.048,0.0,7,cpu
inner.model.0.act,SiLU,"[1, 256, 7, 7]","[1, 256, 7, 7]",0,0.0154,474.375,474.423,0.048,0.0,7,cpu
inner.model.8.cv1.conv,Conv2d,"[1, 256, 7, 7]","[1, 256, 7, 7]",65536,0.0984,474.375,474.423,0.048,0.0,7,cpu
inner.model.8.cv1.bn,BatchNorm2d,"[1, 256, 7, 7]","[1, 256, 7, 7]",512,0.0318,474.375,474.423,0.048,0.0,7,cpu
inner.model.0.act,SiLU,"[1, 256, 7, 7]","[1, 256, 7, 7]",0,0.0146,474.375,474.423,0.048,0.0,7,cpu
inner.model.8.m.0.cv1.conv,Conv2d,"[1, 128, 7, 7]","[1, 128, 7, 7]",147456,0.223,474.375,474.399,0.024,0.0,7,cpu
inner.model.8.m.0.cv1.bn,BatchNorm2d,"[1, 128, 7, 7]","[1, 128, 7, 7]",256,0.0323,474.375,474.399,0.024,0.0,7,cpu
inner.model.0.act,SiLU,"[1, 128, 7, 7]","[1, 128, 7, 7]",0,0.012,474.375,474.399,0.024,0.0,7,cpu
inner.model.8.m.0.cv2.conv,Conv2d,"[1, 128, 7, 7]","[1, 128, 7, 7]",147456,0.2115,474.375,474.399,0.024,0.0,7,cpu
inner.model.8.m.0.cv2.bn,BatchNorm2d,"[1, 128, 7, 7]","[1, 128, 7, 7]",256,0.031,474.375,474.399,0.024,0.0,7,cpu
inner.model.0.act,SiLU,"[1, 128, 7, 7]","[1, 128, 7, 7]",0,0.0116,474.375,474.399,0.024,0.0,7,cpu
inner.model.8.cv2.conv,Conv2d,"[1, 384, 7, 7]","[1, 256, 7, 7]",98304,0.099,474.375,474.423,0.048,0.0,7,cpu
inner.model.8.cv2.bn,BatchNorm2d,"[1, 256, 7, 7]","[1, 256, 7, 7]",512,0.0318,474.375,474.423,0.048,0.0,7,cpu
inner.model.0.act,SiLU,"[1, 256, 7, 7]","[1, 256, 7, 7]",0,0.0143,474.375,474.423,0.048,0.0,7,cpu
inner.model.9.cv1.conv,Conv2d,"[1, 256, 7, 7]","[1, 128, 7, 7]",32768,0.054,474.375,474.399,0.024,0.0,7,cpu
inner.model.9.cv1.bn,BatchNorm2d,"[1, 128, 7, 7]","[1, 128, 7, 7]",256,0.0289,474.375,474.399,0.024,0.0,7,cpu
inner.model.0.act,SiLU,"[1, 128, 7, 7]","[1, 128, 7, 7]",0,0.0111,474.375,474.399,0.024,0.0,7,cpu
inner.model.9.m,MaxPool2d,"[1, 128, 7, 7]","[1, 128, 7, 7]",0,0.3379,474.375,474.399,0.024,0.0,7,cpu
inner.model.9.m,MaxPool2d,"[1, 128, 7, 7]","[1, 128, 7, 7]",0,0.2315,474.375,474.399,0.024,0.0,7,cpu
inner.model.9.m,MaxPool2d,"[1, 128, 7, 7]","[1, 128, 7, 7]",0,0.1958,474.375,474.399,0.024,0.0,7,cpu
inner.model.9.cv2.conv,Conv2d,"[1, 512, 7, 7]","[1, 256, 7, 7]",131072,0.2866,474.375,474.423,0.048,0.0,7,cpu
inner.model.9.cv2.bn,BatchNorm2d,"[1, 256, 7, 7]","[1, 256, 7, 7]",512,0.0401,474.375,474.423,0.048,0.0,7,cpu
inner.model.0.act,SiLU,"[1, 256, 7, 7]","[1, 256, 7, 7]",0,0.0162,474.375,474.423,0.048,0.0,7,cpu
inner.model.10,Upsample,"[1, 256, 7, 7]","[1, 256, 14, 14]",0,0.0901,474.375,474.566,0.191,0.0,7,cpu
inner.model.11,Concat,"[1, 256, 14, 14]","[1, 384, 14, 14]",0,0.0408,474.375,474.662,0.287,0.0,7,cpu
inner.model.12.cv1.conv,Conv2d,"[1, 384, 14, 14]","[1, 128, 14, 14]",49152,0.2486,474.375,474.471,0.096,0.0,7,cpu
inner.model.12.cv1.bn,BatchNorm2d,"[1, 128, 14, 14]","[1, 128, 14, 14]",256,0.0406,474.375,474.471,0.096,0.0,7,cpu
inner.model.0.act,SiLU,"[1, 128, 14, 14]","[1, 128, 14, 14]",0,0.0215,474.375,474.471,0.096,0.0,7,cpu
inner.model.12.m.0.cv1.conv,Conv2d,"[1, 64, 14, 14]","[1, 64, 14, 14]",36864,0.1709,474.375,474.423,0.048,0.0,7,cpu
inner.model.12.m.0.cv1.bn,BatchNorm2d,"[1, 64, 14, 14]","[1, 64, 14, 14]",128,0.0326,474.375,474.423,0.048,0.0,7,cpu
inner.model.0.act,SiLU,"[1, 64, 14, 14]","[1, 64, 14, 14]",0,0.0148,474.375,474.423,0.048,0.0,7,cpu
inner.model.12.m.0.cv2.conv,Conv2d,"[1, 64, 14, 14]","[1, 64, 14, 14]",36864,0.1608,474.375,474.423,0.048,0.0,7,cpu
inner.model.12.m.0.cv2.bn,BatchNorm2d,"[1, 64, 14, 14]","[1, 64, 14, 14]",128,0.0316,474.375,474.423,0.048,0.0,7,cpu
inner.model.0.act,SiLU,"[1, 64, 14, 14]","[1, 64, 14, 14]",0,0.0144,474.375,474.423,0.048,0.0,7,cpu
inner.model.12.cv2.conv,Conv2d,"[1, 192, 14, 14]","[1, 128, 14, 14]",24576,0.1764,474.375,474.471,0.096,0.0,7,cpu
inner.model.12.cv2.bn,BatchNorm2d,"[1, 128, 14, 14]","[1, 128, 14, 14]",256,0.0381,474.375,474.471,0.096,0.0,7,cpu
inner.model.0.act,SiLU,"[1, 128, 14, 14]","[1, 128, 14, 14]",0,0.0215,474.375,474.471,0.096,0.0,7,cpu
inner.model.13,Upsample,"[1, 128, 14, 14]","[1, 128, 28, 28]",0,0.1197,474.375,474.758,0.383,0.0,7,cpu
inner.model.14,Concat,"[1, 128, 28, 28]","[1, 192, 28, 28]",0,0.0436,474.375,474.949,0.574,0.0,7,cpu
inner.model.15.cv1.conv,Conv2d,"[1, 192, 28, 28]","[1, 64, 28, 28]",12288,0.2606,474.375,474.566,0.191,0.0,7,cpu
inner.model.15.cv1.bn,BatchNorm2d,"[1, 64, 28, 28]","[1, 64, 28, 28]",128,0.0453,474.375,474.566,0.191,0.0,7,cpu
inner.model.0.act,SiLU,"[1, 64, 28, 28]","[1, 64, 28, 28]",0,0.0217,474.375,474.566,0.191,0.0,7,cpu
inner.model.15.m.0.cv1.conv,Conv2d,"[1, 32, 28, 28]","[1, 32, 28, 28]",9216,0.1922,474.375,474.471,0.096,0.0,7,cpu
inner.model.15.m.0.cv1.bn,BatchNorm2d,"[1, 32, 28, 28]","[1, 32, 28, 28]",64,0.0372,474.375,474.471,0.096,0.0,7,cpu
inner.model.0.act,SiLU,"[1, 32, 28, 28]","[1, 32, 28, 28]",0,0.0213,474.375,474.471,0.096,0.0,7,cpu
inner.model.15.m.0.cv2.conv,Conv2d,"[1, 32, 28, 28]","[1, 32, 28, 28]",9216,0.1734,474.375,474.471,0.096,0.0,7,cpu
inner.model.15.m.0.cv2.bn,BatchNorm2d,"[1, 32, 28, 28]","[1, 32, 28, 28]",64,0.0351,474.375,474.471,0.096,0.0,7,cpu
inner.model.0.act,SiLU,"[1, 32, 28, 28]","[1, 32, 28, 28]",0,0.0239,474.375,474.471,0.096,0.0,7,cpu
inner.model.15.cv2.conv,Conv2d,"[1, 96, 28, 28]","[1, 64, 28, 28]",6144,0.1755,474.375,474.566,0.191,0.0,7,cpu
inner.model.15.cv2.bn,BatchNorm2d,"[1, 64, 28, 28]","[1, 64, 28, 28]",128,0.0436,474.375,474.566,0.191,0.0,7,cpu
inner.model.0.act,SiLU,"[1, 64, 28, 28]","[1, 64, 28, 28]",0,0.0209,474.375,474.566,0.191,0.0,7,cpu
inner.model.16.conv,Conv2d,"[1, 64, 28, 28]","[1, 64, 14, 14]",36864,0.1938,474.375,474.423,0.048,0.0,7,cpu
inner.model.16.bn,BatchNorm2d,"[1, 64, 14, 14]","[1, 64, 14, 14]",128,0.033,474.375,474.423,0.048,0.0,7,cpu
inner.model.0.act,SiLU,"[1, 64, 14, 14]","[1, 64, 14, 14]",0,0.0154,474.375,474.423,0.048,0.0,7,cpu
inner.model.17,Concat,"[1, 64, 14, 14]","[1, 192, 14, 14]",0,0.0248,474.375,474.519,0.144,0.0,7,cpu
inner.model.18.cv1.conv,Conv2d,"[1, 192, 14, 14]","[1, 128, 14, 14]",24576,0.1669,474.375,474.471,0.096,0.0,7,cpu
inner.model.18.cv1.bn,BatchNorm2d,"[1, 128, 14, 14]","[1, 128, 14, 14]",256,0.038,474.375,474.471,0.096,0.0,7,cpu
inner.model.0.act,SiLU,"[1, 128, 14, 14]","[1, 128, 14, 14]",0,0.0211,474.375,474.471,0.096,0.0,7,cpu
inner.model.18.m.0.cv1.conv,Conv2d,"[1, 64, 14, 14]","[1, 64, 14, 14]",36864,0.1757,474.375,474.423,0.048,0.0,7,cpu
inner.model.18.m.0.cv1.bn,BatchNorm2d,"[1, 64, 14, 14]","[1, 64, 14, 14]",128,0.0321,474.375,474.423,0.048,0.0,7,cpu
inner.model.0.act,SiLU,"[1, 64, 14, 14]","[1, 64, 14, 14]",0,0.0147,474.375,474.423,0.048,0.0,7,cpu
inner.model.18.m.0.cv2.conv,Conv2d,"[1, 64, 14, 14]","[1, 64, 14, 14]",36864,0.1614,474.375,474.423,0.048,0.0,7,cpu
inner.model.18.m.0.cv2.bn,BatchNorm2d,"[1, 64, 14, 14]","[1, 64, 14, 14]",128,0.0302,474.375,474.423,0.048,0.0,7,cpu
inner.model.0.act,SiLU,"[1, 64, 14, 14]","[1, 64, 14, 14]",0,0.0167,474.375,474.423,0.048,0.0,7,cpu
inner.model.18.cv2.conv,Conv2d,"[1, 192, 14, 14]","[1, 128, 14, 14]",24576,0.17,474.375,474.471,0.096,0.0,7,cpu
inner.model.18.cv2.bn,BatchNorm2d,"[1, 128, 14, 14]","[1, 128, 14, 14]",256,0.0376,474.375,474.471,0.096,0.0,7,cpu
inner.model.0.act,SiLU,"[1, 128, 14, 14]","[1, 128, 14, 14]",0,0.0211,474.375,474.471,0.096,0.0,7,cpu
inner.model.19.conv,Conv2d,"[1, 128, 14, 14]","[1, 128, 7, 7]",147456,0.2353,474.375,474.399,0.024,0.0,7,cpu
inner.model.19.bn,BatchNorm2d,"[1, 128, 7, 7]","[1, 128, 7, 7]",256,0.0335,474.375,474.399,0.024,0.0,7,cpu
inner.model.0.act,SiLU,"[1, 128, 7, 7]","[1, 128, 7, 7]",0,0.0126,474.375,474.399,0.024,0.0,7,cpu
inner.model.20,Concat,"[1, 128, 7, 7]","[1, 384, 7, 7]",0,0.0165,474.375,474.447,0.072,0.0,7,cpu
inner.model.21.cv1.conv,Conv2d,"[1, 384, 7, 7]","[1, 256, 7, 7]",98304,0.0984,474.375,474.423,0.048,0.0,7,cpu
inner.model.21.cv1.bn,BatchNorm2d,"[1, 256, 7, 7]","[1, 256, 7, 7]",512,0.0328,474.375,474.423,0.048,0.0,7,cpu
inner.model.0.act,SiLU,"[1, 256, 7, 7]","[1, 256, 7, 7]",0,0.0147,474.375,474.423,0.048,0.0,7,cpu
inner.model.21.m.0.cv1.conv,Conv2d,"[1, 128, 7, 7]","[1, 128, 7, 7]",147456,0.2352,474.375,474.399,0.024,0.0,7,cpu
inner.model.21.m.0.cv1.bn,BatchNorm2d,"[1, 128, 7, 7]","[1, 128, 7, 7]",256,0.0329,474.375,474.399,0.024,0.0,7,cpu
inner.model.0.act,SiLU,"[1, 128, 7, 7]","[1, 128, 7, 7]",0,0.0119,474.375,474.399,0.024,0.0,7,cpu
inner.model.21.m.0.cv2.conv,Conv2d,"[1, 128, 7, 7]","[1, 128, 7, 7]",147456,0.214,474.375,474.399,0.024,0.0,7,cpu
inner.model.21.m.0.cv2.bn,BatchNorm2d,"[1, 128, 7, 7]","[1, 128, 7, 7]",256,0.0306,474.375,474.399,0.024,0.0,7,cpu
inner.model.0.act,SiLU,"[1, 128, 7, 7]","[1, 128, 7, 7]",0,0.0112,474.375,474.399,0.024,0.0,7,cpu
inner.model.21.cv2.conv,Conv2d,"[1, 384, 7, 7]","[1, 256, 7, 7]",98304,0.0886,474.375,474.423,0.048,0.0,7,cpu
inner.model.21.cv2.bn,BatchNorm2d,"[1, 256, 7, 7]","[1, 256, 7, 7]",512,0.0324,474.375,474.423,0.048,0.0,7,cpu
inner.model.0.act,SiLU,"[1, 256, 7, 7]","[1, 256, 7, 7]",0,0.0147,474.375,474.423,0.048,0.0,7,cpu
inner.model.22.cv2.0.0.conv,Conv2d,"[1, 64, 28, 28]","[1, 64, 28, 28]",36864,0.3918,474.375,474.566,0.191,0.0,7,cpu
inner.model.22.cv2.0.0.bn,BatchNorm2d,"[1, 64, 28, 28]","[1, 64, 28, 28]",128,0.0433,474.375,474.566,0.191,0.0,7,cpu
inner.model.0.act,SiLU,"[1, 64, 28, 28]","[1, 64, 28, 28]",0,0.0215,474.375,474.566,0.191,0.0,7,cpu
inner.model.22.cv2.0.1.conv,Conv2d,"[1, 64, 28, 28]","[1, 64, 28, 28]",36864,0.3589,474.375,474.566,0.191,0.0,7,cpu
inner.model.22.cv2.0.1.bn,BatchNorm2d,"[1, 64, 28, 28]","[1, 64, 28, 28]",128,0.0416,474.375,474.566,0.191,0.0,7,cpu
inner.model.0.act,SiLU,"[1, 64, 28, 28]","[1, 64, 28, 28]",0,0.0209,474.375,474.566,0.191,0.0,7,cpu
inner.model.22.cv2.0.2,Conv2d,"[1, 64, 28, 28]","[1, 64, 28, 28]",4160,0.1541,474.375,474.566,0.191,0.0,7,cpu
inner.model.22.cv2.1.0.conv,Conv2d,"[1, 128, 14, 14]","[1, 64, 14, 14]",73728,0.2589,474.375,474.423,0.048,0.0,7,cpu
inner.model.22.cv2.1.0.bn,BatchNorm2d,"[1, 64, 14, 14]","[1, 64, 14, 14]",128,0.0349,474.375,474.423,0.048,0.0,7,cpu
inner.model.0.act,SiLU,"[1, 64, 14, 14]","[1, 64, 14, 14]",0,0.0154,474.375,474.423,0.048,0.0,7,cpu
inner.model.22.cv2.1.1.conv,Conv2d,"[1, 64, 14, 14]","[1, 64, 14, 14]",36864,0.1686,474.375,474.423,0.048,0.0,7,cpu
inner.model.22.cv2.1.1.bn,BatchNorm2d,"[1, 64, 14, 14]","[1, 64, 14, 14]",128,0.0306,474.375,474.423,0.048,0.0,7,cpu
inner.model.0.act,SiLU,"[1, 64, 14, 14]","[1, 64, 14, 14]",0,0.0144,474.375,474.423,0.048,0.0,7,cpu
inner.model.22.cv2.1.2,Conv2d,"[1, 64, 14, 14]","[1, 64, 14, 14]",4160,0.0498,474.375,474.423,0.048,0.0,7,cpu
inner.model.22.cv2.2.0.conv,Conv2d,"[1, 256, 7, 7]","[1, 64, 7, 7]",147456,0.2521,474.375,474.387,0.012,0.0,7,cpu
inner.model.22.cv2.2.0.bn,BatchNorm2d,"[1, 64, 7, 7]","[1, 64, 7, 7]",128,0.03,474.375,474.387,0.012,0.0,7,cpu
inner.model.0.act,SiLU,"[1, 64, 7, 7]","[1, 64, 7, 7]",0,0.0108,474.375,474.387,0.012,0.0,7,cpu
inner.model.22.cv2.2.1.conv,Conv2d,"[1, 64, 7, 7]","[1, 64, 7, 7]",36864,0.0838,474.375,474.387,0.012,0.0,7,cpu
inner.model.22.cv2.2.1.bn,BatchNorm2d,"[1, 64, 7, 7]","[1, 64, 7, 7]",128,0.0281,474.375,474.387,0.012,0.0,7,cpu
inner.model.0.act,SiLU,"[1, 64, 7, 7]","[1, 64, 7, 7]",0,0.0096,474.375,474.387,0.012,0.0,7,cpu
inner.model.22.cv2.2.2,Conv2d,"[1, 64, 7, 7]","[1, 64, 7, 7]",4160,0.0328,474.375,474.387,0.012,0.0,7,cpu
inner.model.22.cv3.0.0.conv,Conv2d,"[1, 64, 28, 28]","[1, 80, 28, 28]",46080,0.4434,474.375,474.614,0.239,0.0,7,cpu
inner.model.22.cv3.0.0.bn,BatchNorm2d,"[1, 80, 28, 28]","[1, 80, 28, 28]",160,0.0475,474.375,474.614,0.239,0.0,7,cpu
inner.model.0.act,SiLU,"[1, 80, 28, 28]","[1, 80, 28, 28]",0,0.0969,474.375,474.614,0.239,0.0,7,cpu
inner.model.22.cv3.0.1.conv,Conv2d,"[1, 80, 28, 28]","[1, 80, 28, 28]",57600,1.2448,474.375,474.614,0.239,0.0,7,cpu
inner.model.22.cv3.0.1.bn,BatchNorm2d,"[1, 80, 28, 28]","[1, 80, 28, 28]",160,0.1444,474.375,474.614,0.239,0.0,7,cpu
inner.model.0.act,SiLU,"[1, 80, 28, 28]","[1, 80, 28, 28]",0,0.0812,474.375,474.614,0.239,0.0,7,cpu
inner.model.22.cv3.0.2,Conv2d,"[1, 80, 28, 28]","[1, 80, 28, 28]",6480,0.4738,474.375,474.614,0.239,0.0,7,cpu
inner.model.22.cv3.1.0.conv,Conv2d,"[1, 128, 14, 14]","[1, 80, 14, 14]",92160,0.8274,474.375,474.435,0.06,0.0,7,cpu
inner.model.22.cv3.1.0.bn,BatchNorm2d,"[1, 80, 14, 14]","[1, 80, 14, 14]",160,0.1557,474.375,474.435,0.06,0.0,7,cpu
inner.model.0.act,SiLU,"[1, 80, 14, 14]","[1, 80, 14, 14]",0,0.0577,474.375,474.435,0.06,0.0,7,cpu
inner.model.22.cv3.1.1.conv,Conv2d,"[1, 80, 14, 14]","[1, 80, 14, 14]",57600,0.4346,474.375,474.435,0.06,0.0,7,cpu
inner.model.22.cv3.1.1.bn,BatchNorm2d,"[1, 80, 14, 14]","[1, 80, 14, 14]",160,0.06,474.375,474.435,0.06,0.0,7,cpu
inner.model.0.act,SiLU,"[1, 80, 14, 14]","[1, 80, 14, 14]",0,0.0225,474.375,474.435,0.06,0.0,7,cpu
inner.model.22.cv3.1.2,Conv2d,"[1, 80, 14, 14]","[1, 80, 14, 14]",6480,0.0784,474.375,474.435,0.06,0.0,7,cpu
inner.model.22.cv3.2.0.conv,Conv2d,"[1, 256, 7, 7]","[1, 80, 7, 7]",184320,0.3295,474.375,474.39,0.015,0.0,7,cpu
inner.model.22.cv3.2.0.bn,BatchNorm2d,"[1, 80, 7, 7]","[1, 80, 7, 7]",160,0.0613,474.375,474.39,0.015,0.0,7,cpu
inner.model.0.act,SiLU,"[1, 80, 7, 7]","[1, 80, 7, 7]",0,0.02,474.375,474.39,0.015,0.0,7,cpu
inner.model.22.cv3.2.1.conv,Conv2d,"[1, 80, 7, 7]","[1, 80, 7, 7]",57600,0.1394,474.375,474.39,0.015,0.0,7,cpu
inner.model.22.cv3.2.1.bn,BatchNorm2d,"[1, 80, 7, 7]","[1, 80, 7, 7]",160,0.0363,474.375,474.39,0.015,0.0,7,cpu
inner.model.0.act,SiLU,"[1, 80, 7, 7]","[1, 80, 7, 7]",0,0.0127,474.375,474.39,0.015,0.0,7,cpu
inner.model.22.cv3.2.2,Conv2d,"[1, 80, 7, 7]","[1, 80, 7, 7]",6480,0.0414,474.375,474.39,0.015,0.0,7,cpu
inner.model.22.dfl.conv,Conv2d,"[1, 16, 4, 1029]","[1, 1, 4, 1029]",16,0.2381,474.375,474.391,0.016,0.0,7,cpu
