iteration,layer_name,layer_type,time_ms,activation_mb,flops,params,call_index,exec_order,raw_time_ms,flops_source,input_shape,output_shape,process_rss_mb,gpu_mem_before_mb,gpu_mem_after_mb,timing_backend,device
0,conv_proj,Conv2d,0.18842,0.574219,231211008.0,590592,0,0,0.18842,counter,"[1, 3, 224, 224]","[1, 768, 14, 14]",1316.4,0.0,0.574,cuda_event,cuda
0,encoder.layers.encoder_layer_0.ln_1,LayerNorm,0.00954,0.577148,756480.0,1536,0,1,0.00954,analytic,"[1, 197, 768]","[1, 197, 768]",1316.4,0.0,0.577,cuda_event,cuda
0,encoder.layers.encoder_layer_0.self_attention,MultiheadAttention,0.32026,0.577148,1048783872.0,2362368,0,2,0.32026,counter,"[1, 197, 768]","[1, 197, 768]",1316.4,0.0,0.577,cuda_event,cuda
0,encoder.layers.encoder_layer_0.ln_2,LayerNorm,0.00851,0.577148,756480.0,1536,0,3,0.00851,analytic,"[1, 197, 768]","[1, 197, 768]",1316.4,0.0,0.577,cuda_event,cuda
0,encoder.layers.encoder_layer_0.mlp.0,Linear,0.23891,2.308594,929562624.0,2362368,0,4,0.23891,counter,"[1, 197, 768]","[1, 197, 3072]",1316.4,0.0,2.309,cuda_event,cuda
0,encoder.layers.encoder_layer_0.mlp.1,GELU,0.01306,2.308594,4841472.0,0,0,5,0.01306,analytic,"[1, 197, 3072]","[1, 197, 3072]",1316.4,0.0,2.309,cuda_event,cuda
0,encoder.layers.encoder_layer_0.mlp.3,Linear,0.22323,0.577148,929562624.0,2360064,0,6,0.22323,counter,"[1, 197, 3072]","[1, 197, 768]",1316.4,0.0,0.577,cuda_event,cuda
0,encoder.layers.encoder_layer_1.ln_1,LayerNorm,0.00858,0.577148,756480.0,1536,0,7,0.00858,analytic,"[1, 197, 768]","[1, 197, 768]",1316.4,0.0,0.577,cuda_event,cuda
0,encoder.layers.encoder_layer_1.self_attention,MultiheadAttention,0.3192,0.577148,1048783872.0,2362368,0,8,0.3192,counter,"[1, 197, 768]","[1, 197, 768]",1316.4,0.0,0.577,cuda_event,cuda
0,encoder.layers.encoder_layer_1.ln_2,LayerNorm,0.00982,0.577148,756480.0,1536,0,9,0.00982,analytic,"[1, 197, 768]","[1, 197, 768]",1316.4,0.0,0.577,cuda_event,cuda
0,encoder.layers.encoder_layer_1.mlp.0,Linear,0.23754,2.308594,929562624.0,2362368,0,10,0.23754,counter,"[1, 197, 768]","[1, 197, 3072]",1316.4,0.0,2.309,cuda_event,cuda
0,encoder.layers.encoder_layer_1.mlp.1,GELU,0.01286,2.308594,4841472.0,0,0,11,0.01286,analytic,"[1, 197, 3072]","[1, 197, 3072]",1316.4,0.0,2.309,cuda_event,cuda
0,encoder.layers.encoder_layer_1.mlp.3,Linear,0.22448,0.577148,929562624.0,2360064,0,12,0.22448,counter,"[1, 197, 3072]","[1, 197, 768]",1316.4,0.0,0.577,cuda_event,cuda
0,encoder.layers.encoder_layer_2.ln_1,LayerNorm,0.00864,0.577148,756480.0,1536,0,13,0.00864,analytic,"[1, 197, 768]","[1, 197, 768]",1316.4,0.0,0.577,cuda_event,cuda
0,encoder.layers.encoder_layer_2.self_attention,MultiheadAttention,0.3209,0.577148,1048783872.0,2362368,0,14,0.3209,counter,"[1, 197, 768]","[1, 197, 768]",1316.4,0.0,0.577,cuda_event,cuda
0,encoder.layers.encoder_layer_2.ln_2,LayerNorm,0.00918,0.577148,756480.0,1536,0,15,0.00918,analytic,"[1, 197, 768]","[1, 197, 768]",1316.4,0.0,0.577,cuda_event,cuda
0,encoder.layers.encoder_layer_2.mlp.0,Linear,0.23878,2.308594,929562624.0,2362368,0,16,0.23878,counter,"[1, 197, 768]","[1, 197, 3072]",1316.4,0.0,2.309,cuda_event,cuda
0,encoder.layers.encoder_layer_2.mlp.1,GELU,0.01299,2.308594,4841472.0,0,0,17,0.01299,analytic,"[1, 197, 3072]","[1, 197, 3072]",1316.4,0.0,2.309,cuda_event,cuda
0,encoder.layers.encoder_layer_2.mlp.3,Linear,0.22653,0.577148,929562624.0,2360064,0,18,0.22653,counter,"[1, 197, 3072]","[1, 197, 768]",1316.4,0.0,0.577,cuda_event,cuda
0,encoder.layers.encoder_layer_3.ln_1,LayerNorm,0.0095,0.577148,756480.0,1536,0,19,0.0095,analytic,"[1, 197, 768]","[1, 197, 768]",1316.4,0.0,0.577,cuda_event,cuda
0,encoder.layers.encoder_layer_3.self_attention,MultiheadAttention,0.31811,0.577148,1048783872.0,2362368,0,20,0.31811,counter,"[1, 197, 768]","[1, 197, 768]",1316.4,0.0,0.577,cuda_event,cuda
0,encoder.layers.encoder_layer_3.ln_2,LayerNorm,0.01008,0.577148,756480.0,1536,0,21,0.01008,analytic,"[1, 197, 768]","[1, 197, 768]",1316.4,0.0,0.577,cuda_event,cuda
0,encoder.layers.encoder_layer_3.mlp.0,Linear,0.23693,2.308594,929562624.0,2362368,0,22,0.23693,counter,"[1, 197, 768]","[1, 197, 3072]",1316.4,0.0,2.309,cuda_event,cuda
0,encoder.layers.encoder_layer_3.mlp.1,GELU,0.01325,2.308594,4841472.0,0,0,23,0.01325,analytic,"[1, 197, 3072]","[1, 197, 3072]",1316.4,0.0,2.309,cuda_event,cuda
0,encoder.layers.encoder_layer_3.mlp.3,Linear,0.22528,0.577148,929562624.0,2360064,0,24,0.22528,counter,"[1, 197, 3072]","[1, 197, 768]",1316.4,0.0,0.577,cuda_event,cuda
0,encoder.layers.encoder_layer_4.ln_1,LayerNorm,0.00912,0.577148,756480.0,1536,0,25,0.00912,analytic,"[1, 197, 768]","[1, 197, 768]",1316.4,0.0,0.577,cuda_event,cuda
0,encoder.layers.encoder_layer_4.self_attention,MultiheadAttention,0.31949,0.577148,1048783872.0,2362368,0,26,0.31949,counter,"[1, 197, 768]","[1, 197, 768]",1316.4,0.0,0.577,cuda_event,cuda
0,encoder.layers.encoder_layer_4.ln_2,LayerNorm,0.00998,0.577148,756480.0,1536,0,27,0.00998,analytic,"[1, 197, 768]","[1, 197, 768]",1316.4,0.0,0.577,cuda_event,cuda
0,encoder.layers.encoder_layer_4.mlp.0,Linear,0.23731,2.308594,929562624.0,2362368,0,28,0.23731,counter,"[1, 197, 768]","[1, 197, 3072]",1316.4,0.0,2.309,cuda_event,cuda
0,encoder.layers.encoder_layer_4.mlp.1,GELU,0.01395,2.308594,4841472.0,0,0,29,0.01395,analytic,"[1, 197, 3072]","[1, 197, 3072]",1316.4,0.0,2.309,cuda_event,cuda
0,encoder.layers.encoder_layer_4.mlp.3,Linear,0.22528,0.577148,929562624.0,2360064,0,30,0.22528,counter,"[1, 197, 3072]","[1, 197, 768]",1316.4,0.0,0.577,cuda_event,cuda
0,encoder.layers.encoder_layer_5.ln_1,LayerNorm,0.00854,0.577148,756480.0,1536,0,31,0.00854,analytic,"[1, 197, 768]","[1, 197, 768]",1316.4,0.0,0.577,cuda_event,cuda
0,encoder.layers.encoder_layer_5.self_attention,MultiheadAttention,0.32086,0.577148,1048783872.0,2362368,0,32,0.32086,counter,"[1, 197, 768]","[1, 197, 768]",1316.4,0.0,0.577,cuda_event,cuda
0,encoder.layers.encoder_layer_5.ln_2,LayerNorm,0.01024,0.577148,756480.0,1536,0,33,0.01024,analytic,"[1, 197, 768]","[1, 197, 768]",1316.4,0.0,0.577,cuda_event,cuda
0,encoder.layers.encoder_layer_5.mlp.0,Linear,0.23757,2.308594,929562624.0,2362368,0,34,0.23757,counter,"[1, 197, 768]","[1, 197, 3072]",1316.4,0.0,2.309,cuda_event,cuda
0,encoder.layers.encoder_layer_5.mlp.1,GELU,0.01325,2.308594,4841472.0,0,0,35,0.01325,analytic,"[1, 197, 3072]","[1, 197, 3072]",1316.4,0.0,2.309,cuda_event,cuda
0,encoder.layers.encoder_layer_5.mlp.3,Linear,0.22528,0.577148,929562624.0,2360064,0,36,0.22528,counter,"[1, 197, 3072]","[1, 197, 768]",1316.4,0.0,0.577,cuda_event,cuda
0,encoder.layers.encoder_layer_6.ln_1,LayerNorm,0.00922,0.577148,756480.0,1536,0,37,0.00922,analytic,"[1, 197, 768]","[1, 197, 768]",1316.4,0.0,0.577,cuda_event,cuda
0,encoder.layers.encoder_layer_6.self_attention,MultiheadAttention,0.31949,0.577148,1048783872.0,2362368,0,38,0.31949,counter,"[1, 197, 768]","[1, 197, 768]",1316.4,0.0,0.577,cuda_event,cuda
0,encoder.layers.encoder_layer_6.ln_2,LayerNorm,0.00976,0.577148,756480.0,1536,0,39,0.00976,analytic,"[1, 197, 768]","[1, 197, 768]",1316.4,0.0,0.577,cuda_event,cuda
0,encoder.layers.encoder_layer_6.mlp.0,Linear,0.23587,2.308594,929562624.0,2362368,0,40,0.23587,counter,"[1, 197, 768]","[1, 197, 3072]",1316.4,0.0,2.309,cuda_event,cuda
0,encoder.layers.encoder_layer_6.mlp.1,GELU,0.01434,2.308594,4841472.0,0,0,41,0.01434,analytic,"[1, 197, 3072]","[1, 197, 3072]",1316.4,0.0,2.309,cuda_event,cuda
0,encoder.layers.encoder_layer_6.mlp.3,Linear,0.22499,0.577148,929562624.0,2360064,0,42,0.22499,counter,"[1, 197, 3072]","[1, 197, 768]",1316.4,0.0,0.577,cuda_event,cuda
0,encoder.layers.encoder_layer_7.ln_1,LayerNorm,0.00822,0.577148,756480.0,1536,0,43,0.00822,analytic,"[1, 197, 768]","[1, 197, 768]",1316.4,0.0,0.577,cuda_event,cuda
0,encoder.layers.encoder_layer_7.self_attention,MultiheadAttention,0.31949,0.577148,1048783872.0,2362368,0,44,0.31949,counter,"[1, 197, 768]","[1, 197, 768]",1316.4,0.0,0.577,cuda_event,cuda
0,encoder.layers.encoder_layer_7.ln_2,LayerNorm,0.00944,0.577148,756480.0,1536,0,45,0.00944,analytic,"[1, 197, 768]","[1, 197, 768]",1316.4,0.0,0.577,cuda_event,cuda
0,encoder.layers.encoder_layer_7.mlp.0,Linear,0.23827,2.308594,929562624.0,2362368,0,46,0.23827,counter,"[1, 197, 768]","[1, 197, 3072]",1316.4,0.0,2.309,cuda_event,cuda
0,encoder.layers.encoder_layer_7.mlp.1,GELU,0.01434,2.308594,4841472.0,0,0,47,0.01434,analytic,"[1, 197, 3072]","[1, 197, 3072]",1316.4,0.0,2.309,cuda_event,cuda
0,encoder.layers.encoder_layer_7.mlp.3,Linear,0.22467,0.577148,929562624.0,2360064,0,48,0.22467,counter,"[1, 197, 3072]","[1, 197, 768]",1316.4,0.0,0.577,cuda_event,cuda
0,encoder.layers.encoder_layer_8.ln_1,LayerNorm,0.00947,0.577148,756480.0,1536,0,49,0.00947,analytic,"[1, 197, 768]","[1, 197, 768]",1316.4,0.0,0.577,cuda_event,cuda
0,encoder.layers.encoder_layer_8.self_attention,MultiheadAttention,0.31827,0.577148,1048783872.0,2362368,0,50,0.31827,counter,"[1, 197, 768]","[1, 197, 768]",1316.4,0.0,0.577,cuda_event,cuda
0,encoder.layers.encoder_layer_8.ln_2,LayerNorm,0.01014,0.577148,756480.0,1536,0,51,0.01014,analytic,"[1, 197, 768]","[1, 197, 768]",1316.4,0.0,0.577,cuda_event,cuda
0,encoder.layers.encoder_layer_8.mlp.0,Linear,0.23568,2.308594,929562624.0,2362368,0,52,0.23568,counter,"[1, 197, 768]","[1, 197, 3072]",1316.4,0.0,2.309,cuda_event,cuda
0,encoder.layers.encoder_layer_8.mlp.1,GELU,0.01373,2.308594,4841472.0,0,0,53,0.01373,analytic,"[1, 197, 3072]","[1, 197, 3072]",1316.4,0.0,2.309,cuda_event,cuda
0,encoder.layers.encoder_layer_8.mlp.3,Linear,0.22557,0.577148,929562624.0,2360064,0,54,0.22557,counter,"[1, 197, 3072]","[1, 197, 768]",1316.4,0.0,0.577,cuda_event,cuda
0,encoder.layers.encoder_layer_9.ln_1,LayerNorm,0.00989,0.577148,756480.0,1536,0,55,0.00989,analytic,"[1, 197, 768]","[1, 197, 768]",1316.4,0.0,0.577,cuda_event,cuda
0,encoder.layers.encoder_layer_9.self_attention,MultiheadAttention,0.31904,0.577148,1048783872.0,2362368,0,56,0.31904,counter,"[1, 197, 768]","[1, 197, 768]",1316.4,0.0,0.577,cuda_event,cuda
0,encoder.layers.encoder_layer_9.ln_2,LayerNorm,0.00906,0.577148,756480.0,1536,0,57,0.00906,analytic,"[1, 197, 768]","[1, 197, 768]",1316.4,0.0,0.577,cuda_event,cuda
0,encoder.layers.encoder_layer_9.mlp.0,Linear,0.23757,2.308594,929562624.0,2362368,0,58,0.23757,counter,"[1, 197, 768]","[1, 197, 3072]",1316.4,0.0,2.309,cuda_event,cuda
0,encoder.layers.encoder_layer_9.mlp.1,GELU,0.01434,2.308594,4841472.0,0,0,59,0.01434,analytic,"[1, 197, 3072]","[1, 197, 3072]",1316.4,0.0,2.309,cuda_event,cuda
0,encoder.layers.encoder_layer_9.mlp.3,Linear,0.22634,0.577148,929562624.0,2360064,0,60,0.22634,counter,"[1, 197, 3072]","[1, 197, 768]",1316.4,0.0,0.577,cuda_event,cuda
0,encoder.layers.encoder_layer_10.ln_1,LayerNorm,0.00976,0.577148,756480.0,1536,0,61,0.00976,analytic,"[1, 197, 768]","[1, 197, 768]",1316.4,0.0,0.577,cuda_event,cuda
0,encoder.layers.encoder_layer_10.self_attention,MultiheadAttention,0.3184,0.577148,1048783872.0,2362368,0,62,0.3184,counter,"[1, 197, 768]","[1, 197, 768]",1316.4,0.0,0.577,cuda_event,cuda
0,encoder.layers.encoder_layer_10.ln_2,LayerNorm,0.00954,0.577148,756480.0,1536,0,63,0.00954,analytic,"[1, 197, 768]","[1, 197, 768]",1316.4,0.0,0.577,cuda_event,cuda
0,encoder.layers.encoder_layer_10.mlp.0,Linear,0.23738,2.308594,929562624.0,2362368,0,64,0.23738,counter,"[1, 197, 768]","[1, 197, 3072]",1316.4,0.0,2.309,cuda_event,cuda
0,encoder.layers.encoder_layer_10.mlp.1,GELU,0.01325,2.308594,4841472.0,0,0,65,0.01325,analytic,"[1, 197, 3072]","[1, 197, 3072]",1316.4,0.0,2.309,cuda_event,cuda
0,encoder.layers.encoder_layer_10.mlp.3,Linear,0.22518,0.577148,929562624.0,2360064,0,66,0.22518,counter,"[1, 197, 3072]","[1, 197, 768]",1316.4,0.0,0.577,cuda_event,cuda
0,encoder.layers.encoder_layer_11.ln_1,LayerNorm,0.01005,0.577148,756480.0,1536,0,67,0.01005,analytic,"[1, 197, 768]","[1, 197, 768]",1316.4,0.0,0.577,cuda_event,cuda
0,encoder.layers.encoder_layer_11.self_attention,MultiheadAttention,0.31971,0.577148,1048783872.0,2362368,0,68,0.31971,counter,"[1, 197, 768]","[1, 197, 768]",1316.4,0.0,0.577,cuda_event,cuda
0,encoder.layers.encoder_layer_11.ln_2,LayerNorm,0.00989,0.577148,756480.0,1536,0,69,0.00989,analytic,"[1, 197, 768]","[1, 197, 768]",1316.4,0.0,0.577,cuda_event,cuda
0,encoder.layers.encoder_layer_11.mlp.0,Linear,0.23782,2.308594,929562624.0,2362368,0,70,0.23782,counter,"[1, 197, 768]","[1, 197, 3072]",1316.4,0.0,2.309,cuda_event,cuda
0,encoder.layers.encoder_layer_11.mlp.1,GELU,0.01437,2.308594,4841472.0,0,0,71,0.01437,analytic,"[1, 197, 3072]","[1, 197, 3072]",1316.4,0.0,2.309,cuda_event,cuda
0,encoder.layers.encoder_layer_11.mlp.3,Linear,0.22733,0.577148,929562624.0,2360064,0,72,0.22733,counter,"[1, 197, 3072]","[1, 197, 768]",1316.4,0.0,0.577,cuda_event,cuda
0,encoder.ln,LayerNorm,0.01011,0.577148,756480.0,1536,0,73,0.01011,analytic,"[1, 197, 768]","[1, 197, 768]",1316.4,0.0,0.577,cuda_event,cuda
0,heads.head,Linear,0.01658,0.003815,1536000.0,769000,0,74,0.01658,counter,"[1, 768]","[1, 1000]",1316.4,0.0,0.004,cuda_event,cuda
1,conv_proj,Conv2d,0.17869,0.574219,231211008.0,590592,0,0,0.17869,counter,"[1, 3, 224, 224]","[1, 768, 14, 14]",1316.48,0.0,0.574,cuda_event,cuda
1,encoder.layers.encoder_layer_0.ln_1,LayerNorm,0.00938,0.577148,756480.0,1536,0,1,0.00938,analytic,"[1, 197, 768]","[1, 197, 768]",1316.48,0.0,0.577,cuda_event,cuda
1,encoder.layers.encoder_layer_0.self_attention,MultiheadAttention,0.3041,0.577148,1048783872.0,2362368,0,2,0.3041,counter,"[1, 197, 768]","[1, 197, 768]",1316.48,0.0,0.577,cuda_event,cuda
1,encoder.layers.encoder_layer_0.ln_2,LayerNorm,0.00934,0.577148,756480.0,1536,0,3,0.00934,analytic,"[1, 197, 768]","[1, 197, 768]",1316.48,0.0,0.577,cuda_event,cuda
1,encoder.layers.encoder_layer_0.mlp.0,Linear,0.22749,2.308594,929562624.0,2362368,0,4,0.22749,counter,"[1, 197, 768]","[1, 197, 3072]",1316.48,0.0,2.309,cuda_event,cuda
1,encoder.layers.encoder_layer_0.mlp.1,GELU,0.01318,2.308594,4841472.0,0,0,5,0.01318,analytic,"[1, 197, 3072]","[1, 197, 3072]",1316.48,0.0,2.309,cuda_event,cuda
1,encoder.layers.encoder_layer_0.mlp.3,Linear,0.21498,0.577148,929562624.0,2360064,0,6,0.21498,counter,"[1, 197, 3072]","[1, 197, 768]",1316.48,0.0,0.577,cuda_event,cuda
1,encoder.layers.encoder_layer_1.ln_1,LayerNorm,0.00819,0.577148,756480.0,1536,0,7,0.00819,analytic,"[1, 197, 768]","[1, 197, 768]",1316.48,0.0,0.577,cuda_event,cuda
1,encoder.layers.encoder_layer_1.self_attention,MultiheadAttention,0.3031,0.577148,1048783872.0,2362368,0,8,0.3031,counter,"[1, 197, 768]","[1, 197, 768]",1316.48,0.0,0.577,cuda_event,cuda
1,encoder.layers.encoder_layer_1.ln_2,LayerNorm,0.0097,0.577148,756480.0,1536,0,9,0.0097,analytic,"[1, 197, 768]","[1, 197, 768]",1316.48,0.0,0.577,cuda_event,cuda
1,encoder.layers.encoder_layer_1.mlp.0,Linear,0.22758,2.308594,929562624.0,2362368,0,10,0.22758,counter,"[1, 197, 768]","[1, 197, 3072]",1316.48,0.0,2.309,cuda_event,cuda
1,encoder.layers.encoder_layer_1.mlp.1,GELU,0.01421,2.308594,4841472.0,0,0,11,0.01421,analytic,"[1, 197, 3072]","[1, 197, 3072]",1316.48,0.0,2.309,cuda_event,cuda
1,encoder.layers.encoder_layer_1.mlp.3,Linear,0.21363,0.577148,929562624.0,2360064,0,12,0.21363,counter,"[1, 197, 3072]","[1, 197, 768]",1316.48,0.0,0.577,cuda_event,cuda
1,encoder.layers.encoder_layer_2.ln_1,LayerNorm,0.00912,0.577148,756480.0,1536,0,13,0.00912,analytic,"[1, 197, 768]","[1, 197, 768]",1316.48,0.0,0.577,cuda_event,cuda
1,encoder.layers.encoder_layer_2.self_attention,MultiheadAttention,0.3048,0.577148,1048783872.0,2362368,0,14,0.3048,counter,"[1, 197, 768]","[1, 197, 768]",1316.48,0.0,0.577,cuda_event,cuda
1,encoder.layers.encoder_layer_2.ln_2,LayerNorm,0.00976,0.577148,756480.0,1536,0,15,0.00976,analytic,"[1, 197, 768]","[1, 197, 768]",1316.48,0.0,0.577,cuda_event,cuda
1,encoder.layers.encoder_layer_2.mlp.0,Linear,0.22736,2.308594,929562624.0,2362368,0,16,0.22736,counter,"[1, 197, 768]","[1, 197, 3072]",1316.48,0.0,2.309,cuda_event,cuda
1,encoder.layers.encoder_layer_2.mlp.1,GELU,0.01478,2.308594,4841472.0,0,0,17,0.01478,analytic,"[1, 197, 3072]","[1, 197, 3072]",1316.48,0.0,2.309,cuda_event,cuda
1,encoder.layers.encoder_layer_2.mlp.3,Linear,0.21523,0.577148,929562624.0,2360064,0,18,0.21523,counter,"[1, 197, 3072]","[1, 197, 768]",1316.48,0.0,0.577,cuda_event,cuda
1,encoder.layers.encoder_layer_3.ln_1,LayerNorm,0.00854,0.577148,756480.0,1536,0,19,0.00854,analytic,"[1, 197, 768]","[1, 197, 768]",1316.48,0.0,0.577,cuda_event,cuda
1,encoder.layers.encoder_layer_3.self_attention,MultiheadAttention,0.30515,0.577148,1048783872.0,2362368,0,20,0.30515,counter,"[1, 197, 768]","[1, 197, 768]",1316.48,0.0,0.577,cuda_event,cuda
1,encoder.layers.encoder_layer_3.ln_2,LayerNorm,0.00947,0.577148,756480.0,1536,0,21,0.00947,analytic,"[1, 197, 768]","[1, 197, 768]",1316.48,0.0,0.577,cuda_event,cuda
1,encoder.layers.encoder_layer_3.mlp.0,Linear,0.22813,2.308594,929562624.0,2362368,0,22,0.22813,counter,"[1, 197, 768]","[1, 197, 3072]",1316.48,0.0,2.309,cuda_event,cuda
1,encoder.layers.encoder_layer_3.mlp.1,GELU,0.01434,2.308594,4841472.0,0,0,23,0.01434,analytic,"[1, 197, 3072]","[1, 197, 3072]",1316.48,0.0,2.309,cuda_event,cuda
1,encoder.layers.encoder_layer_3.mlp.3,Linear,0.21504,0.577148,929562624.0,2360064,0,24,0.21504,counter,"[1, 197, 3072]","[1, 197, 768]",1316.48,0.0,0.577,cuda_event,cuda
1,encoder.layers.encoder_layer_4.ln_1,LayerNorm,0.01008,0.577148,756480.0,1536,0,25,0.01008,analytic,"[1, 197, 768]","[1, 197, 768]",1316.48,0.0,0.577,cuda_event,cuda
1,encoder.layers.encoder_layer_4.self_attention,MultiheadAttention,0.30333,0.577148,1048783872.0,2362368,0,26,0.30333,counter,"[1, 197, 768]","[1, 197, 768]",1316.48,0.0,0.577,cuda_event,cuda
1,encoder.layers.encoder_layer_4.ln_2,LayerNorm,0.00819,0.577148,756480.0,1536,0,27,0.00819,analytic,"[1, 197, 768]","[1, 197, 768]",1316.48,0.0,0.577,cuda_event,cuda
1,encoder.layers.encoder_layer_4.mlp.0,Linear,0.22838,2.308594,929562624.0,2362368,0,28,0.22838,counter,"[1, 197, 768]","[1, 197, 3072]",1316.48,0.0,2.309,cuda_event,cuda
1,encoder.layers.encoder_layer_4.mlp.1,GELU,0.01434,2.308594,4841472.0,0,0,29,0.01434,analytic,"[1, 197, 3072]","[1, 197, 3072]",1316.48,0.0,2.309,cuda_event,cuda
1,encoder.layers.encoder_layer_4.mlp.3,Linear,0.21504,0.577148,929562624.0,2360064,0,30,0.21504,counter,"[1, 197, 3072]","[1, 197, 768]",1316.48,0.0,0.577,cuda_event,cuda
1,encoder.layers.encoder_layer_5.ln_1,LayerNorm,0.00858,0.577148,756480.0,1536,0,31,0.00858,analytic,"[1, 197, 768]","[1, 197, 768]",1316.48,0.0,0.577,cuda_event,cuda
1,encoder.layers.encoder_layer_5.self_attention,MultiheadAttention,0.30445,0.577148,1048783872.0,2362368,0,32,0.30445,counter,"[1, 197, 768]","[1, 197, 768]",1316.48,0.0,0.577,cuda_event,cuda
1,encoder.layers.encoder_layer_5.ln_2,LayerNorm,0.00976,0.577148,756480.0,1536,0,33,0.00976,analytic,"[1, 197, 768]","[1, 197, 768]",1316.48,0.0,0.577,cuda_event,cuda
1,encoder.layers.encoder_layer_5.mlp.0,Linear,0.2279,2.308594,929562624.0,2362368,0,34,0.2279,counter,"[1, 197, 768]","[1, 197, 3072]",1316.48,0.0,2.309,cuda_event,cuda
1,encoder.layers.encoder_layer_5.mlp.1,GELU,0.01434,2.308594,4841472.0,0,0,35,0.01434,analytic,"[1, 197, 3072]","[1, 197, 3072]",1316.48,0.0,2.309,cuda_event,cuda
1,encoder.layers.encoder_layer_5.mlp.3,Linear,0.21504,0.577148,929562624.0,2360064,0,36,0.21504,counter,"[1, 197, 3072]","[1, 197, 768]",1316.48,0.0,0.577,cuda_event,cuda
1,encoder.layers.encoder_layer_6.ln_1,LayerNorm,0.00941,0.577148,756480.0,1536,0,37,0.00941,analytic,"[1, 197, 768]","[1, 197, 768]",1316.48,0.0,0.577,cuda_event,cuda
1,encoder.layers.encoder_layer_6.self_attention,MultiheadAttention,0.30317,0.577148,1048783872.0,2362368,0,38,0.30317,counter,"[1, 197, 768]","[1, 197, 768]",1316.48,0.0,0.577,cuda_event,cuda
1,encoder.layers.encoder_layer_6.ln_2,LayerNorm,0.00982,0.577148,756480.0,1536,0,39,0.00982,analytic,"[1, 197, 768]","[1, 197, 768]",1316.48,0.0,0.577,cuda_event,cuda
1,encoder.layers.encoder_layer_6.mlp.0,Linear,0.22714,2.308594,929562624.0,2362368,0,40,0.22714,counter,"[1, 197, 768]","[1, 197, 3072]",1316.48,0.0,2.309,cuda_event,cuda
1,encoder.layers.encoder_layer_6.mlp.1,GELU,0.01309,2.308594,4841472.0,0,0,41,0.01309,analytic,"[1, 197, 3072]","[1, 197, 3072]",1316.48,0.0,2.309,cuda_event,cuda
1,encoder.layers.encoder_layer_6.mlp.3,Linear,0.21632,0.577148,929562624.0,2360064,0,42,0.21632,counter,"[1, 197, 3072]","[1, 197, 768]",1316.48,0.0,0.577,cuda_event,cuda
1,encoder.layers.encoder_layer_7.ln_1,LayerNorm,0.00922,0.577148,756480.0,1536,0,43,0.00922,analytic,"[1, 197, 768]","[1, 197, 768]",1316.48,0.0,0.577,cuda_event,cuda
1,encoder.layers.encoder_layer_7.self_attention,MultiheadAttention,0.3031,0.577148,1048783872.0,2362368,0,44,0.3031,counter,"[1, 197, 768]","[1, 197, 768]",1316.48,0.0,0.577,cuda_event,cuda
1,encoder.layers.encoder_layer_7.ln_2,LayerNorm,0.00819,0.577148,756480.0,1536,0,45,0.00819,analytic,"[1, 197, 768]","[1, 197, 768]",1316.48,0.0,0.577,cuda_event,cuda
1,encoder.layers.encoder_layer_7.mlp.0,Linear,0.22733,2.308594,929562624.0,2362368,0,46,0.22733,counter,"[1, 197, 768]","[1, 197, 3072]",1316.48,0.0,2.309,cuda_event,cuda
1,encoder.layers.encoder_layer_7.mlp.1,GELU,0.01434,2.308594,4841472.0,0,0,47,0.01434,analytic,"[1, 197, 3072]","[1, 197, 3072]",1316.48,0.0,2.309,cuda_event,cuda
1,encoder.layers.encoder_layer_7.mlp.3,Linear,0.21507,0.577148,929562624.0,2360064,0,48,0.21507,counter,"[1, 197, 3072]","[1, 197, 768]",1316.48,0.0,0.577,cuda_event,cuda
1,encoder.layers.encoder_layer_8.ln_1,LayerNorm,0.00896,0.577148,756480.0,1536,0,49,0.00896,analytic,"[1, 197, 768]","[1, 197, 768]",1316.48,0.0,0.577,cuda_event,cuda
1,encoder.layers.encoder_layer_8.self_attention,MultiheadAttention,0.30304,0.577148,1048783872.0,2362368,0,50,0.30304,counter,"[1, 197, 768]","[1, 197, 768]",1316.48,0.0,0.577,cuda_event,cuda
1,encoder.layers.encoder_layer_8.ln_2,LayerNorm,0.00883,0.577148,756480.0,1536,0,51,0.00883,analytic,"[1, 197, 768]","[1, 197, 768]",1316.48,0.0,0.577,cuda_event,cuda
1,encoder.layers.encoder_layer_8.mlp.0,Linear,0.22749,2.308594,929562624.0,2362368,0,52,0.22749,counter,"[1, 197, 768]","[1, 197, 3072]",1316.48,0.0,2.309,cuda_event,cuda
1,encoder.layers.encoder_layer_8.mlp.1,GELU,0.01421,2.308594,4841472.0,0,0,53,0.01421,analytic,"[1, 197, 3072]","[1, 197, 3072]",1316.48,0.0,2.309,cuda_event,cuda
1,encoder.layers.encoder_layer_8.mlp.3,Linear,0.2153,0.577148,929562624.0,2360064,0,54,0.2153,counter,"[1, 197, 3072]","[1, 197, 768]",1316.48,0.0,0.577,cuda_event,cuda
1,encoder.layers.encoder_layer_9.ln_1,LayerNorm,0.01002,0.577148,756480.0,1536,0,55,0.01002,analytic,"[1, 197, 768]","[1, 197, 768]",1316.48,0.0,0.577,cuda_event,cuda
1,encoder.layers.encoder_layer_9.self_attention,MultiheadAttention,0.30448,0.577148,1048783872.0,2362368,0,56,0.30448,counter,"[1, 197, 768]","[1, 197, 768]",1316.48,0.0,0.577,cuda_event,cuda
1,encoder.layers.encoder_layer_9.ln_2,LayerNorm,0.0089,0.577148,756480.0,1536,0,57,0.0089,analytic,"[1, 197, 768]","[1, 197, 768]",1316.48,0.0,0.577,cuda_event,cuda
1,encoder.layers.encoder_layer_9.mlp.0,Linear,0.22752,2.308594,929562624.0,2362368,0,58,0.22752,counter,"[1, 197, 768]","[1, 197, 3072]",1316.48,0.0,2.309,cuda_event,cuda
1,encoder.layers.encoder_layer_9.mlp.1,GELU,0.01446,2.308594,4841472.0,0,0,59,0.01446,analytic,"[1, 197, 3072]","[1, 197, 3072]",1316.48,0.0,2.309,cuda_event,cuda
1,encoder.layers.encoder_layer_9.mlp.3,Linear,0.21514,0.577148,929562624.0,2360064,0,60,0.21514,counter,"[1, 197, 3072]","[1, 197, 768]",1316.48,0.0,0.577,cuda_event,cuda
1,encoder.layers.encoder_layer_10.ln_1,LayerNorm,0.00957,0.577148,756480.0,1536,0,61,0.00957,analytic,"[1, 197, 768]","[1, 197, 768]",1316.48,0.0,0.577,cuda_event,cuda
1,encoder.layers.encoder_layer_10.self_attention,MultiheadAttention,0.3017,0.577148,1048783872.0,2362368,0,62,0.3017,counter,"[1, 197, 768]","[1, 197, 768]",1316.48,0.0,0.577,cuda_event,cuda
1,encoder.layers.encoder_layer_10.ln_2,LayerNorm,0.00838,0.577148,756480.0,1536,0,63,0.00838,analytic,"[1, 197, 768]","[1, 197, 768]",1316.48,0.0,0.577,cuda_event,cuda
1,encoder.layers.encoder_layer_10.mlp.0,Linear,0.22864,2.308594,929562624.0,2362368,0,64,0.22864,counter,"[1, 197, 768]","[1, 197, 3072]",1316.48,0.0,2.309,cuda_event,cuda
1,encoder.layers.encoder_layer_10.mlp.1,GELU,0.01312,2.308594,4841472.0,0,0,65,0.01312,analytic,"[1, 197, 3072]","[1, 197, 3072]",1316.48,0.0,2.309,cuda_event,cuda
1,encoder.layers.encoder_layer_10.mlp.3,Linear,0.21664,0.577148,929562624.0,2360064,0,66,0.21664,counter,"[1, 197, 3072]","[1, 197, 768]",1316.48,0.0,0.577,cuda_event,cuda
1,encoder.layers.encoder_layer_11.ln_1,LayerNorm,0.00944,0.577148,756480.0,1536,0,67,0.00944,analytic,"[1, 197, 768]","[1, 197, 768]",1316.48,0.0,0.577,cuda_event,cuda
1,encoder.layers.encoder_layer_11.self_attention,MultiheadAttention,0.30387,0.577148,1048783872.0,2362368,0,68,0.30387,counter,"[1, 197, 768]","[1, 197, 768]",1316.48,0.0,0.577,cuda_event,cuda
1,encoder.layers.encoder_layer_11.ln_2,LayerNorm,0.00861,0.577148,756480.0,1536,0,69,0.00861,analytic,"[1, 197, 768]","[1, 197, 768]",1316.48,0.0,0.577,cuda_event,cuda
1,encoder.layers.encoder_layer_11.mlp.0,Linear,0.22717,2.308594,929562624.0,2362368,0,70,0.22717,counter,"[1, 197, 768]","[1, 197, 3072]",1316.48,0.0,2.309,cuda_event,cuda
1,encoder.layers.encoder_layer_11.mlp.1,GELU,0.01376,2.308594,4841472.0,0,0,71,0.01376,analytic,"[1, 197, 3072]","[1, 197, 3072]",1316.48,0.0,2.309,cuda_event,cuda
1,encoder.layers.encoder_layer_11.mlp.3,Linear,0.21392,0.577148,929562624.0,2360064,0,72,0.21392,counter,"[1, 197, 3072]","[1, 197, 768]",1316.48,0.0,0.577,cuda_event,cuda
1,encoder.ln,LayerNorm,0.00982,0.577148,756480.0,1536,0,73,0.00982,analytic,"[1, 197, 768]","[1, 197, 768]",1316.48,0.0,0.577,cuda_event,cuda
1,heads.head,Linear,0.01674,0.003815,1536000.0,769000,0,74,0.01674,counter,"[1, 768]","[1, 1000]",1316.48,0.0,0.004,cuda_event,cuda
2,conv_proj,Conv2d,0.19046,0.574219,231211008.0,590592,0,0,0.19046,counter,"[1, 3, 224, 224]","[1, 768, 14, 14]",1316.5,0.0,0.574,cuda_event,cuda
2,encoder.layers.encoder_layer_0.ln_1,LayerNorm,0.01021,0.577148,756480.0,1536,0,1,0.01021,analytic,"[1, 197, 768]","[1, 197, 768]",1316.5,0.0,0.577,cuda_event,cuda
2,encoder.layers.encoder_layer_0.self_attention,MultiheadAttention,0.32358,0.577148,1048783872.0,2362368,0,2,0.32358,counter,"[1, 197, 768]","[1, 197, 768]",1316.5,0.0,0.577,cuda_event,cuda
2,encoder.layers.encoder_layer_0.ln_2,LayerNorm,0.00992,0.577148,756480.0,1536,0,3,0.00992,analytic,"[1, 197, 768]","[1, 197, 768]",1316.5,0.0,0.577,cuda_event,cuda
2,encoder.layers.encoder_layer_0.mlp.0,Linear,0.23898,2.308594,929562624.0,2362368,0,4,0.23898,counter,"[1, 197, 768]","[1, 197, 3072]",1316.5,0.0,2.309,cuda_event,cuda
2,encoder.layers.encoder_layer_0.mlp.1,GELU,0.01434,2.308594,4841472.0,0,0,5,0.01434,analytic,"[1, 197, 3072]","[1, 197, 3072]",1316.5,0.0,2.309,cuda_event,cuda
2,encoder.layers.encoder_layer_0.mlp.3,Linear,0.22733,0.577148,929562624.0,2360064,0,6,0.22733,counter,"[1, 197, 3072]","[1, 197, 768]",1316.5,0.0,0.577,cuda_event,cuda
2,encoder.layers.encoder_layer_1.ln_1,LayerNorm,0.01021,0.577148,756480.0,1536,0,7,0.01021,analytic,"[1, 197, 768]","[1, 197, 768]",1316.5,0.0,0.577,cuda_event,cuda
2,encoder.layers.encoder_layer_1.self_attention,MultiheadAttention,0.32301,0.577148,1048783872.0,2362368,0,8,0.32301,counter,"[1, 197, 768]","[1, 197, 768]",1316.5,0.0,0.577,cuda_event,cuda
2,encoder.layers.encoder_layer_1.ln_2,LayerNorm,0.00896,0.577148,756480.0,1536,0,9,0.00896,analytic,"[1, 197, 768]","[1, 197, 768]",1316.5,0.0,0.577,cuda_event,cuda
2,encoder.layers.encoder_layer_1.mlp.0,Linear,0.23875,2.308594,929562624.0,2362368,0,10,0.23875,counter,"[1, 197, 768]","[1, 197, 3072]",1316.5,0.0,2.309,cuda_event,cuda
2,encoder.layers.encoder_layer_1.mlp.1,GELU,0.01322,2.308594,4841472.0,0,0,11,0.01322,analytic,"[1, 197, 3072]","[1, 197, 3072]",1316.5,0.0,2.309,cuda_event,cuda
2,encoder.layers.encoder_layer_1.mlp.3,Linear,0.22733,0.577148,929562624.0,2360064,0,12,0.22733,counter,"[1, 197, 3072]","[1, 197, 768]",1316.5,0.0,0.577,cuda_event,cuda
2,encoder.layers.encoder_layer_2.ln_1,LayerNorm,0.00902,0.577148,756480.0,1536,0,13,0.00902,analytic,"[1, 197, 768]","[1, 197, 768]",1316.5,0.0,0.577,cuda_event,cuda
2,encoder.layers.encoder_layer_2.self_attention,MultiheadAttention,0.32304,0.577148,1048783872.0,2362368,0,14,0.32304,counter,"[1, 197, 768]","[1, 197, 768]",1316.5,0.0,0.577,cuda_event,cuda
2,encoder.layers.encoder_layer_2.ln_2,LayerNorm,0.00922,0.577148,756480.0,1536,0,15,0.00922,analytic,"[1, 197, 768]","[1, 197, 768]",1316.5,0.0,0.577,cuda_event,cuda
2,encoder.layers.encoder_layer_2.mlp.0,Linear,0.23962,2.308594,929562624.0,2362368,0,16,0.23962,counter,"[1, 197, 768]","[1, 197, 3072]",1316.5,0.0,2.309,cuda_event,cuda
2,encoder.layers.encoder_layer_2.mlp.1,GELU,0.01546,2.308594,4841472.0,0,0,17,0.01546,analytic,"[1, 197, 3072]","[1, 197, 3072]",1316.5,0.0,2.309,cuda_event,cuda
2,encoder.layers.encoder_layer_2.mlp.3,Linear,0.22608,0.577148,929562624.0,2360064,0,18,0.22608,counter,"[1, 197, 3072]","[1, 197, 768]",1316.5,0.0,0.577,cuda_event,cuda
2,encoder.layers.encoder_layer_3.ln_1,LayerNorm,0.00986,0.577148,756480.0,1536,0,19,0.00986,analytic,"[1, 197, 768]","[1, 197, 768]",1316.5,0.0,0.577,cuda_event,cuda
2,encoder.layers.encoder_layer_3.self_attention,MultiheadAttention,0.32317,0.577148,1048783872.0,2362368,0,20,0.32317,counter,"[1, 197, 768]","[1, 197, 768]",1316.5,0.0,0.577,cuda_event,cuda
2,encoder.layers.encoder_layer_3.ln_2,LayerNorm,0.01024,0.577148,756480.0,1536,0,21,0.01024,analytic,"[1, 197, 768]","[1, 197, 768]",1316.5,0.0,0.577,cuda_event,cuda
2,encoder.layers.encoder_layer_3.mlp.0,Linear,0.23962,2.308594,929562624.0,2362368,0,22,0.23962,counter,"[1, 197, 768]","[1, 197, 3072]",1316.5,0.0,2.309,cuda_event,cuda
2,encoder.layers.encoder_layer_3.mlp.1,GELU,0.01421,2.308594,4841472.0,0,0,23,0.01421,analytic,"[1, 197, 3072]","[1, 197, 3072]",1316.5,0.0,2.309,cuda_event,cuda
2,encoder.layers.encoder_layer_3.mlp.3,Linear,0.22714,0.577148,929562624.0,2360064,0,24,0.22714,counter,"[1, 197, 3072]","[1, 197, 768]",1316.5,0.0,0.577,cuda_event,cuda
2,encoder.layers.encoder_layer_4.ln_1,LayerNorm,0.00957,0.577148,756480.0,1536,0,25,0.00957,analytic,"[1, 197, 768]","[1, 197, 768]",1316.5,0.0,0.577,cuda_event,cuda
2,encoder.layers.encoder_layer_4.self_attention,MultiheadAttention,0.32202,0.577148,1048783872.0,2362368,0,26,0.32202,counter,"[1, 197, 768]","[1, 197, 768]",1316.5,0.0,0.577,cuda_event,cuda
2,encoder.layers.encoder_layer_4.ln_2,LayerNorm,0.01024,0.577148,756480.0,1536,0,27,0.01024,analytic,"[1, 197, 768]","[1, 197, 768]",1316.5,0.0,0.577,cuda_event,cuda
2,encoder.layers.encoder_layer_4.mlp.0,Linear,0.23914,2.308594,929562624.0,2362368,0,28,0.23914,counter,"[1, 197, 768]","[1, 197, 3072]",1316.5,0.0,2.309,cuda_event,cuda
2,encoder.layers.encoder_layer_4.mlp.1,GELU,0.01424,2.308594,4841472.0,0,0,29,0.01424,analytic,"[1, 197, 3072]","[1, 197, 3072]",1316.5,0.0,2.309,cuda_event,cuda
2,encoder.layers.encoder_layer_4.mlp.3,Linear,0.22794,0.577148,929562624.0,2360064,0,30,0.22794,counter,"[1, 197, 3072]","[1, 197, 768]",1316.5,0.0,0.577,cuda_event,cuda
2,encoder.layers.encoder_layer_5.ln_1,LayerNorm,0.01024,0.577148,756480.0,1536,0,31,0.01024,analytic,"[1, 197, 768]","[1, 197, 768]",1316.5,0.0,0.577,cuda_event,cuda
2,encoder.layers.encoder_layer_5.self_attention,MultiheadAttention,0.32326,0.577148,1048783872.0,2362368,0,32,0.32326,counter,"[1, 197, 768]","[1, 197, 768]",1316.5,0.0,0.577,cuda_event,cuda
2,encoder.layers.encoder_layer_5.ln_2,LayerNorm,0.00957,0.577148,756480.0,1536,0,33,0.00957,analytic,"[1, 197, 768]","[1, 197, 768]",1316.5,0.0,0.577,cuda_event,cuda
2,encoder.layers.encoder_layer_5.mlp.0,Linear,0.23856,2.308594,929562624.0,2362368,0,34,0.23856,counter,"[1, 197, 768]","[1, 197, 3072]",1316.5,0.0,2.309,cuda_event,cuda
2,encoder.layers.encoder_layer_5.mlp.1,GELU,0.01434,2.308594,4841472.0,0,0,35,0.01434,analytic,"[1, 197, 3072]","[1, 197, 3072]",1316.5,0.0,2.309,cuda_event,cuda
2,encoder.layers.encoder_layer_5.mlp.3,Linear,0.22733,0.577148,929562624.0,2360064,0,36,0.22733,counter,"[1, 197, 3072]","[1, 197, 768]",1316.5,0.0,0.577,cuda_event,cuda
2,encoder.layers.encoder_layer_6.ln_1,LayerNorm,0.00858,0.577148,756480.0,1536,0,37,0.00858,analytic,"[1, 197, 768]","[1, 197, 768]",1316.5,0.0,0.577,cuda_event,cuda
2,encoder.layers.encoder_layer_6.self_attention,MultiheadAttention,0.32358,0.577148,1048783872.0,2362368,0,38,0.32358,counter,"[1, 197, 768]","[1, 197, 768]",1316.5,0.0,0.577,cuda_event,cuda
2,encoder.layers.encoder_layer_6.ln_2,LayerNorm,0.00992,0.577148,756480.0,1536,0,39,0.00992,analytic,"[1, 197, 768]","[1, 197, 768]",1316.5,0.0,0.577,cuda_event,cuda
2,encoder.layers.encoder_layer_6.mlp.0,Linear,0.23949,2.308594,929562624.0,2362368,0,40,0.23949,counter,"[1, 197, 768]","[1, 197, 3072]",1316.5,0.0,2.309,cuda_event,cuda
2,encoder.layers.encoder_layer_6.mlp.1,GELU,0.01354,2.308594,4841472.0,0,0,41,0.01354,analytic,"[1, 197, 3072]","[1, 197, 3072]",1316.5,0.0,2.309,cuda_event,cuda
2,encoder.layers.encoder_layer_6.mlp.3,Linear,0.22563,0.577148,929562624.0,2360064,0,42,0.22563,counter,"[1, 197, 3072]","[1, 197, 768]",1316.5,0.0,0.577,cuda_event,cuda
2,encoder.layers.encoder_layer_7.ln_1,LayerNorm,0.01021,0.577148,756480.0,1536,0,43,0.01021,analytic,"[1, 197, 768]","[1, 197, 768]",1316.5,0.0,0.577,cuda_event,cuda
2,encoder.layers.encoder_layer_7.self_attention,MultiheadAttention,0.3216,0.577148,1048783872.0,2362368,0,44,0.3216,counter,"[1, 197, 768]","[1, 197, 768]",1316.5,0.0,0.577,cuda_event,cuda
2,encoder.layers.encoder_layer_7.ln_2,LayerNorm,0.00979,0.577148,756480.0,1536,0,45,0.00979,analytic,"[1, 197, 768]","[1, 197, 768]",1316.5,0.0,0.577,cuda_event,cuda
2,encoder.layers.encoder_layer_7.mlp.0,Linear,0.2401,2.308594,929562624.0,2362368,0,46,0.2401,counter,"[1, 197, 768]","[1, 197, 3072]",1316.5,0.0,2.309,cuda_event,cuda
2,encoder.layers.encoder_layer_7.mlp.1,GELU,0.01424,2.308594,4841472.0,0,0,47,0.01424,analytic,"[1, 197, 3072]","[1, 197, 3072]",1316.5,0.0,2.309,cuda_event,cuda
2,encoder.layers.encoder_layer_7.mlp.3,Linear,0.22666,0.577148,929562624.0,2360064,0,48,0.22666,counter,"[1, 197, 3072]","[1, 197, 768]",1316.5,0.0,0.577,cuda_event,cuda
2,encoder.layers.encoder_layer_8.ln_1,LayerNorm,0.0096,0.577148,756480.0,1536,0,49,0.0096,analytic,"[1, 197, 768]","[1, 197, 768]",1316.5,0.0,0.577,cuda_event,cuda
2,encoder.layers.encoder_layer_8.self_attention,MultiheadAttention,0.32214,0.577148,1048783872.0,2362368,0,50,0.32214,counter,"[1, 197, 768]","[1, 197, 768]",1316.5,0.0,0.577,cuda_event,cuda
2,encoder.layers.encoder_layer_8.ln_2,LayerNorm,0.00989,0.577148,756480.0,1536,0,51,0.00989,analytic,"[1, 197, 768]","[1, 197, 768]",1316.5,0.0,0.577,cuda_event,cuda
2,encoder.layers.encoder_layer_8.mlp.0,Linear,0.23843,2.308594,929562624.0,2362368,0,52,0.23843,counter,"[1, 197, 768]","[1, 197, 3072]",1316.5,0.0,2.309,cuda_event,cuda
2,encoder.layers.encoder_layer_8.mlp.1,GELU,0.01398,2.308594,4841472.0,0,0,53,0.01398,analytic,"[1, 197, 3072]","[1, 197, 3072]",1316.5,0.0,2.309,cuda_event,cuda
2,encoder.layers.encoder_layer_8.mlp.3,Linear,0.22694,0.577148,929562624.0,2360064,0,54,0.22694,counter,"[1, 197, 3072]","[1, 197, 768]",1316.5,0.0,0.577,cuda_event,cuda
2,encoder.layers.encoder_layer_9.ln_1,LayerNorm,0.00947,0.577148,756480.0,1536,0,55,0.00947,analytic,"[1, 197, 768]","[1, 197, 768]",1316.5,0.0,0.577,cuda_event,cuda
2,encoder.layers.encoder_layer_9.self_attention,MultiheadAttention,0.3241,0.577148,1048783872.0,2362368,0,56,0.3241,counter,"[1, 197, 768]","[1, 197, 768]",1316.5,0.0,0.577,cuda_event,cuda
2,encoder.layers.encoder_layer_9.ln_2,LayerNorm,0.00918,0.577148,756480.0,1536,0,57,0.00918,analytic,"[1, 197, 768]","[1, 197, 768]",1316.5,0.0,0.577,cuda_event,cuda
2,encoder.layers.encoder_layer_9.mlp.0,Linear,0.23962,2.308594,929562624.0,2362368,0,58,0.23962,counter,"[1, 197, 768]","[1, 197, 3072]",1316.5,0.0,2.309,cuda_event,cuda
2,encoder.layers.encoder_layer_9.mlp.1,GELU,0.01434,2.308594,4841472.0,0,0,59,0.01434,analytic,"[1, 197, 3072]","[1, 197, 3072]",1316.5,0.0,2.309,cuda_event,cuda
2,encoder.layers.encoder_layer_9.mlp.3,Linear,0.22643,0.577148,929562624.0,2360064,0,60,0.22643,counter,"[1, 197, 3072]","[1, 197, 768]",1316.5,0.0,0.577,cuda_event,cuda
2,encoder.layers.encoder_layer_10.ln_1,LayerNorm,0.00966,0.577148,756480.0,1536,0,61,0.00966,analytic,"[1, 197, 768]","[1, 197, 768]",1316.5,0.0,0.577,cuda_event,cuda
2,encoder.layers.encoder_layer_10.self_attention,MultiheadAttention,0.32259,0.577148,1048783872.0,2362368,0,62,0.32259,counter,"[1, 197, 768]","[1, 197, 768]",1316.5,0.0,0.577,cuda_event,cuda
2,encoder.layers.encoder_layer_10.ln_2,LayerNorm,0.00902,0.577148,756480.0,1536,0,63,0.00902,analytic,"[1, 197, 768]","[1, 197, 768]",1316.5,0.0,0.577,cuda_event,cuda
2,encoder.layers.encoder_layer_10.mlp.0,Linear,0.23907,2.308594,929562624.0,2362368,0,64,0.23907,counter,"[1, 197, 768]","[1, 197, 3072]",1316.5,0.0,2.309,cuda_event,cuda
2,encoder.layers.encoder_layer_10.mlp.1,GELU,0.01424,2.308594,4841472.0,0,0,65,0.01424,analytic,"[1, 197, 3072]","[1, 197, 3072]",1316.5,0.0,2.309,cuda_event,cuda
2,encoder.layers.encoder_layer_10.mlp.3,Linear,0.22595,0.577148,929562624.0,2360064,0,66,0.22595,counter,"[1, 197, 3072]","[1, 197, 768]",1316.5,0.0,0.577,cuda_event,cuda
2,encoder.layers.encoder_layer_11.ln_1,LayerNorm,0.0095,0.577148,756480.0,1536,0,67,0.0095,analytic,"[1, 197, 768]","[1, 197, 768]",1316.5,0.0,0.577,cuda_event,cuda
2,encoder.layers.encoder_layer_11.self_attention,MultiheadAttention,0.32246,0.577148,1048783872.0,2362368,0,68,0.32246,counter,"[1, 197, 768]","[1, 197, 768]",1316.5,0.0,0.577,cuda_event,cuda
2,encoder.layers.encoder_layer_11.ln_2,LayerNorm,0.0097,0.577148,756480.0,1536,0,69,0.0097,analytic,"[1, 197, 768]","[1, 197, 768]",1316.5,0.0,0.577,cuda_event,cuda
2,encoder.layers.encoder_layer_11.mlp.0,Linear,0.2415,2.308594,929562624.0,2362368,0,70,0.2415,counter,"[1, 197, 768]","[1, 197, 3072]",1316.5,0.0,2.309,cuda_event,cuda
2,encoder.layers.encoder_layer_11.mlp.1,GELU,0.0144,2.308594,4841472.0,0,0,71,0.0144,analytic,"[1, 197, 3072]","[1, 197, 3072]",1316.5,0.0,2.309,cuda_event,cuda
2,encoder.layers.encoder_layer_11.mlp.3,Linear,0.22778,0.577148,929562624.0,2360064,0,72,0.22778,counter,"[1, 197, 3072]","[1, 197, 768]",1316.5,0.0,0.577,cuda_event,cuda
2,encoder.ln,LayerNorm,0.01002,0.577148,756480.0,1536,0,73,0.01002,analytic,"[1, 197, 768]","[1, 197, 768]",1316.5,0.0,0.577,cuda_event,cuda
2,heads.head,Linear,0.01795,0.003815,1536000.0,769000,0,74,0.01795,counter,"[1, 768]","[1, 1000]",1316.5,0.0,0.004,cuda_event,cuda
3,conv_proj,Conv2d,0.21328,0.574219,231211008.0,590592,0,0,0.21328,counter,"[1, 3, 224, 224]","[1, 768, 14, 14]",1316.5,0.0,0.574,cuda_event,cuda
3,encoder.layers.encoder_layer_0.ln_1,LayerNorm,0.01162,0.577148,756480.0,1536,0,1,0.01162,analytic,"[1, 197, 768]","[1, 197, 768]",1316.5,0.0,0.577,cuda_event,cuda
3,encoder.layers.encoder_layer_0.self_attention,MultiheadAttention,0.36314,0.577148,1048783872.0,2362368,0,2,0.36314,counter,"[1, 197, 768]","[1, 197, 768]",1316.5,0.0,0.577,cuda_event,cuda
3,encoder.layers.encoder_layer_0.ln_2,LayerNorm,0.01024,0.577148,756480.0,1536,0,3,0.01024,analytic,"[1, 197, 768]","[1, 197, 768]",1316.5,0.0,0.577,cuda_event,cuda
3,encoder.layers.encoder_layer_0.mlp.0,Linear,0.26944,2.308594,929562624.0,2362368,0,4,0.26944,counter,"[1, 197, 768]","[1, 197, 3072]",1316.5,0.0,2.309,cuda_event,cuda
3,encoder.layers.encoder_layer_0.mlp.1,GELU,0.0143,2.308594,4841472.0,0,0,5,0.0143,analytic,"[1, 197, 3072]","[1, 197, 3072]",1316.5,0.0,2.309,cuda_event,cuda
3,encoder.layers.encoder_layer_0.mlp.3,Linear,0.25277,0.577148,929562624.0,2360064,0,6,0.25277,counter,"[1, 197, 3072]","[1, 197, 768]",1316.5,0.0,0.577,cuda_event,cuda
3,encoder.layers.encoder_layer_1.ln_1,LayerNorm,0.01024,0.577148,756480.0,1536,0,7,0.01024,analytic,"[1, 197, 768]","[1, 197, 768]",1316.5,0.0,0.577,cuda_event,cuda
3,encoder.layers.encoder_layer_1.self_attention,MultiheadAttention,0.36394,0.577148,1048783872.0,2362368,0,8,0.36394,counter,"[1, 197, 768]","[1, 197, 768]",1316.5,0.0,0.577,cuda_event,cuda
3,encoder.layers.encoder_layer_1.ln_2,LayerNorm,0.0105,0.577148,756480.0,1536,0,9,0.0105,analytic,"[1, 197, 768]","[1, 197, 768]",1316.5,0.0,0.577,cuda_event,cuda
3,encoder.layers.encoder_layer_1.mlp.0,Linear,0.26829,2.308594,929562624.0,2362368,0,10,0.26829,counter,"[1, 197, 768]","[1, 197, 3072]",1316.5,0.0,2.309,cuda_event,cuda
3,encoder.layers.encoder_layer_1.mlp.1,GELU,0.01434,2.308594,4841472.0,0,0,11,0.01434,analytic,"[1, 197, 3072]","[1, 197, 3072]",1316.5,0.0,2.309,cuda_event,cuda
3,encoder.layers.encoder_layer_1.mlp.3,Linear,0.25392,0.577148,929562624.0,2360064,0,12,0.25392,counter,"[1, 197, 3072]","[1, 197, 768]",1316.5,0.0,0.577,cuda_event,cuda
3,encoder.layers.encoder_layer_2.ln_1,LayerNorm,0.01059,0.577148,756480.0,1536,0,13,0.01059,analytic,"[1, 197, 768]","[1, 197, 768]",1316.5,0.0,0.577,cuda_event,cuda
3,encoder.layers.encoder_layer_2.self_attention,MultiheadAttention,0.3631,0.577148,1048783872.0,2362368,0,14,0.3631,counter,"[1, 197, 768]","[1, 197, 768]",1316.5,0.0,0.577,cuda_event,cuda
3,encoder.layers.encoder_layer_2.ln_2,LayerNorm,0.01024,0.577148,756480.0,1536,0,15,0.01024,analytic,"[1, 197, 768]","[1, 197, 768]",1316.5,0.0,0.577,cuda_event,cuda
3,encoder.layers.encoder_layer_2.mlp.0,Linear,0.27034,2.308594,929562624.0,2362368,0,16,0.27034,counter,"[1, 197, 768]","[1, 197, 3072]",1316.5,0.0,2.309,cuda_event,cuda
3,encoder.layers.encoder_layer_2.mlp.1,GELU,0.01434,2.308594,4841472.0,0,0,17,0.01434,analytic,"[1, 197, 3072]","[1, 197, 3072]",1316.5,0.0,2.309,cuda_event,cuda
3,encoder.layers.encoder_layer_2.mlp.3,Linear,0.2536,0.577148,929562624.0,2360064,0,18,0.2536,counter,"[1, 197, 3072]","[1, 197, 768]",1316.5,0.0,0.577,cuda_event,cuda
3,encoder.layers.encoder_layer_3.ln_1,LayerNorm,0.01024,0.577148,756480.0,1536,0,19,0.01024,analytic,"[1, 197, 768]","[1, 197, 768]",1316.5,0.0,0.577,cuda_event,cuda
3,encoder.layers.encoder_layer_3.self_attention,MultiheadAttention,0.36339,0.577148,1048783872.0,2362368,0,20,0.36339,counter,"[1, 197, 768]","[1, 197, 768]",1316.5,0.0,0.577,cuda_event,cuda
3,encoder.layers.encoder_layer_3.ln_2,LayerNorm,0.01024,0.577148,756480.0,1536,0,21,0.01024,analytic,"[1, 197, 768]","[1, 197, 768]",1316.5,0.0,0.577,cuda_event,cuda
3,encoder.layers.encoder_layer_3.mlp.0,Linear,0.27005,2.308594,929562624.0,2362368,0,22,0.27005,counter,"[1, 197, 768]","[1, 197, 3072]",1316.5,0.0,2.309,cuda_event,cuda
3,encoder.layers.encoder_layer_3.mlp.1,GELU,0.01424,2.308594,4841472.0,0,0,23,0.01424,analytic,"[1, 197, 3072]","[1, 197, 3072]",1316.5,0.0,2.309,cuda_event,cuda
3,encoder.layers.encoder_layer_3.mlp.3,Linear,0.25219,0.577148,929562624.0,2360064,0,24,0.25219,counter,"[1, 197, 3072]","[1, 197, 768]",1316.5,0.0,0.577,cuda_event,cuda
3,encoder.layers.encoder_layer_4.ln_1,LayerNorm,0.01027,0.577148,756480.0,1536,0,25,0.01027,analytic,"[1, 197, 768]","[1, 197, 768]",1316.5,0.0,0.577,cuda_event,cuda
3,encoder.layers.encoder_layer_4.self_attention,MultiheadAttention,0.3641,0.577148,1048783872.0,2362368,0,26,0.3641,counter,"[1, 197, 768]","[1, 197, 768]",1316.5,0.0,0.577,cuda_event,cuda
3,encoder.layers.encoder_layer_4.ln_2,LayerNorm,0.01024,0.577148,756480.0,1536,0,27,0.01024,analytic,"[1, 197, 768]","[1, 197, 768]",1316.5,0.0,0.577,cuda_event,cuda
3,encoder.layers.encoder_layer_4.mlp.0,Linear,0.2695,2.308594,929562624.0,2362368,0,28,0.2695,counter,"[1, 197, 768]","[1, 197, 3072]",1316.5,0.0,2.309,cuda_event,cuda
3,encoder.layers.encoder_layer_4.mlp.1,GELU,0.01309,2.308594,4841472.0,0,0,29,0.01309,analytic,"[1, 197, 3072]","[1, 197, 3072]",1316.5,0.0,2.309,cuda_event,cuda
3,encoder.layers.encoder_layer_4.mlp.3,Linear,0.25293,0.577148,929562624.0,2360064,0,30,0.25293,counter,"[1, 197, 3072]","[1, 197, 768]",1316.5,0.0,0.577,cuda_event,cuda
3,encoder.layers.encoder_layer_5.ln_1,LayerNorm,0.01066,0.577148,756480.0,1536,0,31,0.01066,analytic,"[1, 197, 768]","[1, 197, 768]",1316.5,0.0,0.577,cuda_event,cuda
3,encoder.layers.encoder_layer_5.self_attention,MultiheadAttention,0.36291,0.577148,1048783872.0,2362368,0,32,0.36291,counter,"[1, 197, 768]","[1, 197, 768]",1316.5,0.0,0.577,cuda_event,cuda
3,encoder.layers.encoder_layer_5.ln_2,LayerNorm,0.01024,0.577148,756480.0,1536,0,33,0.01024,analytic,"[1, 197, 768]","[1, 197, 768]",1316.5,0.0,0.577,cuda_event,cuda
3,encoder.layers.encoder_layer_5.mlp.0,Linear,0.26829,2.308594,929562624.0,2362368,0,34,0.26829,counter,"[1, 197, 768]","[1, 197, 3072]",1316.5,0.0,2.309,cuda_event,cuda
3,encoder.layers.encoder_layer_5.mlp.1,GELU,0.01542,2.308594,4841472.0,0,0,35,0.01542,analytic,"[1, 197, 3072]","[1, 197, 3072]",1316.5,0.0,2.309,cuda_event,cuda
3,encoder.layers.encoder_layer_5.mlp.3,Linear,0.25283,0.577148,929562624.0,2360064,0,36,0.25283,counter,"[1, 197, 3072]","[1, 197, 768]",1316.5,0.0,0.577,cuda_event,cuda
3,encoder.layers.encoder_layer_6.ln_1,LayerNorm,0.01059,0.577148,756480.0,1536,0,37,0.01059,analytic,"[1, 197, 768]","[1, 197, 768]",1316.5,0.0,0.577,cuda_event,cuda
3,encoder.layers.encoder_layer_6.self_attention,MultiheadAttention,0.36272,0.577148,1048783872.0,2362368,0,38,0.36272,counter,"[1, 197, 768]","[1, 197, 768]",1316.5,0.0,0.577,cuda_event,cuda
3,encoder.layers.encoder_layer_6.ln_2,LayerNorm,0.01021,0.577148,756480.0,1536,0,39,0.01021,analytic,"[1, 197, 768]","[1, 197, 768]",1316.5,0.0,0.577,cuda_event,cuda
3,encoder.layers.encoder_layer_6.mlp.0,Linear,0.26816,2.308594,929562624.0,2362368,0,40,0.26816,counter,"[1, 197, 768]","[1, 197, 3072]",1316.5,0.0,2.309,cuda_event,cuda
3,encoder.layers.encoder_layer_6.mlp.1,GELU,0.01443,2.308594,4841472.0,0,0,41,0.01443,analytic,"[1, 197, 3072]","[1, 197, 3072]",1316.5,0.0,2.309,cuda_event,cuda
3,encoder.layers.encoder_layer_6.mlp.3,Linear,0.25395,0.577148,929562624.0,2360064,0,42,0.25395,counter,"[1, 197, 3072]","[1, 197, 768]",1316.5,0.0,0.577,cuda_event,cuda
3,encoder.layers.encoder_layer_7.ln_1,LayerNorm,0.01046,0.577148,756480.0,1536,0,43,0.01046,analytic,"[1, 197, 768]","[1, 197, 768]",1316.5,0.0,0.577,cuda_event,cuda
3,encoder.layers.encoder_layer_7.self_attention,MultiheadAttention,0.36362,0.577148,1048783872.0,2362368,0,44,0.36362,counter,"[1, 197, 768]","[1, 197, 768]",1316.5,0.0,0.577,cuda_event,cuda
3,encoder.layers.encoder_layer_7.ln_2,LayerNorm,0.01059,0.577148,756480.0,1536,0,45,0.01059,analytic,"[1, 197, 768]","[1, 197, 768]",1316.5,0.0,0.577,cuda_event,cuda
3,encoder.layers.encoder_layer_7.mlp.0,Linear,0.26845,2.308594,929562624.0,2362368,0,46,0.26845,counter,"[1, 197, 768]","[1, 197, 3072]",1316.5,0.0,2.309,cuda_event,cuda
3,encoder.layers.encoder_layer_7.mlp.1,GELU,0.01434,2.308594,4841472.0,0,0,47,0.01434,analytic,"[1, 197, 3072]","[1, 197, 3072]",1316.5,0.0,2.309,cuda_event,cuda
3,encoder.layers.encoder_layer_7.mlp.3,Linear,0.256,0.577148,929562624.0,2360064,0,48,0.256,counter,"[1, 197, 3072]","[1, 197, 768]",1316.5,0.0,0.577,cuda_event,cuda
3,encoder.layers.encoder_layer_8.ln_1,LayerNorm,0.01062,0.577148,756480.0,1536,0,49,0.01062,analytic,"[1, 197, 768]","[1, 197, 768]",1316.5,0.0,0.577,cuda_event,cuda
3,encoder.layers.encoder_layer_8.self_attention,MultiheadAttention,0.36445,0.577148,1048783872.0,2362368,0,50,0.36445,counter,"[1, 197, 768]","[1, 197, 768]",1316.5,0.0,0.577,cuda_event,cuda
3,encoder.layers.encoder_layer_8.ln_2,LayerNorm,0.01046,0.577148,756480.0,1536,0,51,0.01046,analytic,"[1, 197, 768]","[1, 197, 768]",1316.5,0.0,0.577,cuda_event,cuda
3,encoder.layers.encoder_layer_8.mlp.0,Linear,0.26739,2.308594,929562624.0,2362368,0,52,0.26739,counter,"[1, 197, 768]","[1, 197, 3072]",1316.5,0.0,2.309,cuda_event,cuda
3,encoder.layers.encoder_layer_8.mlp.1,GELU,0.01434,2.308594,4841472.0,0,0,53,0.01434,analytic,"[1, 197, 3072]","[1, 197, 3072]",1316.5,0.0,2.309,cuda_event,cuda
3,encoder.layers.encoder_layer_8.mlp.3,Linear,0.25363,0.577148,929562624.0,2360064,0,54,0.25363,counter,"[1, 197, 3072]","[1, 197, 768]",1316.5,0.0,0.577,cuda_event,cuda
3,encoder.layers.encoder_layer_9.ln_1,LayerNorm,0.01126,0.577148,756480.0,1536,0,55,0.01126,analytic,"[1, 197, 768]","[1, 197, 768]",1316.5,0.0,0.577,cuda_event,cuda
3,encoder.layers.encoder_layer_9.self_attention,MultiheadAttention,0.36349,0.577148,1048783872.0,2362368,0,56,0.36349,counter,"[1, 197, 768]","[1, 197, 768]",1316.5,0.0,0.577,cuda_event,cuda
3,encoder.layers.encoder_layer_9.ln_2,LayerNorm,0.01037,0.577148,756480.0,1536,0,57,0.01037,analytic,"[1, 197, 768]","[1, 197, 768]",1316.5,0.0,0.577,cuda_event,cuda
3,encoder.layers.encoder_layer_9.mlp.0,Linear,0.26701,2.308594,929562624.0,2362368,0,58,0.26701,counter,"[1, 197, 768]","[1, 197, 3072]",1316.5,0.0,2.309,cuda_event,cuda
3,encoder.layers.encoder_layer_9.mlp.1,GELU,0.01434,2.308594,4841472.0,0,0,59,0.01434,analytic,"[1, 197, 3072]","[1, 197, 3072]",1316.5,0.0,2.309,cuda_event,cuda
3,encoder.layers.encoder_layer_9.mlp.3,Linear,0.25395,0.577148,929562624.0,2360064,0,60,0.25395,counter,"[1, 197, 3072]","[1, 197, 768]",1316.5,0.0,0.577,cuda_event,cuda
3,encoder.layers.encoder_layer_10.ln_1,LayerNorm,0.01082,0.577148,756480.0,1536,0,61,0.01082,analytic,"[1, 197, 768]","[1, 197, 768]",1316.5,0.0,0.577,cuda_event,cuda
3,encoder.layers.encoder_layer_10.self_attention,MultiheadAttention,0.36253,0.577148,1048783872.0,2362368,0,62,0.36253,counter,"[1, 197, 768]","[1, 197, 768]",1316.5,0.0,0.577,cuda_event,cuda
3,encoder.layers.encoder_layer_10.ln_2,LayerNorm,0.01024,0.577148,756480.0,1536,0,63,0.01024,analytic,"[1, 197, 768]","[1, 197, 768]",1316.5,0.0,0.577,cuda_event,cuda
3,encoder.layers.encoder_layer_10.mlp.0,Linear,0.26726,2.308594,929562624.0,2362368,0,64,0.26726,counter,"[1, 197, 768]","[1, 197, 3072]",1316.5,0.0,2.309,cuda_event,cuda
3,encoder.layers.encoder_layer_10.mlp.1,GELU,0.01434,2.308594,4841472.0,0,0,65,0.01434,analytic,"[1, 197, 3072]","[1, 197, 3072]",1316.5,0.0,2.309,cuda_event,cuda
3,encoder.layers.encoder_layer_10.mlp.3,Linear,0.25395,0.577148,929562624.0,2360064,0,66,0.25395,counter,"[1, 197, 3072]","[1, 197, 768]",1316.5,0.0,0.577,cuda_event,cuda
3,encoder.layers.encoder_layer_11.ln_1,LayerNorm,0.01059,0.577148,756480.0,1536,0,67,0.01059,analytic,"[1, 197, 768]","[1, 197, 768]",1316.5,0.0,0.577,cuda_event,cuda
3,encoder.layers.encoder_layer_11.self_attention,MultiheadAttention,0.36413,0.577148,1048783872.0,2362368,0,68,0.36413,counter,"[1, 197, 768]","[1, 197, 768]",1316.5,0.0,0.577,cuda_event,cuda
3,encoder.layers.encoder_layer_11.ln_2,LayerNorm,0.01069,0.577148,756480.0,1536,0,69,0.01069,analytic,"[1, 197, 768]","[1, 197, 768]",1316.5,0.0,0.577,cuda_event,cuda
3,encoder.layers.encoder_layer_11.mlp.0,Linear,0.2688,2.308594,929562624.0,2362368,0,70,0.2688,counter,"[1, 197, 768]","[1, 197, 3072]",1316.5,0.0,2.309,cuda_event,cuda
3,encoder.layers.encoder_layer_11.mlp.1,GELU,0.01533,2.308594,4841472.0,0,0,71,0.01533,analytic,"[1, 197, 3072]","[1, 197, 3072]",1316.5,0.0,2.309,cuda_event,cuda
3,encoder.layers.encoder_layer_11.mlp.3,Linear,0.2544,0.577148,929562624.0,2360064,0,72,0.2544,counter,"[1, 197, 3072]","[1, 197, 768]",1316.5,0.0,0.577,cuda_event,cuda
3,encoder.ln,LayerNorm,0.01024,0.577148,756480.0,1536,0,73,0.01024,analytic,"[1, 197, 768]","[1, 197, 768]",1316.5,0.0,0.577,cuda_event,cuda
3,heads.head,Linear,0.01843,0.003815,1536000.0,769000,0,74,0.01843,counter,"[1, 768]","[1, 1000]",1316.5,0.0,0.004,cuda_event,cuda
4,conv_proj,Conv2d,0.22675,0.574219,231211008.0,590592,0,0,0.22675,counter,"[1, 3, 224, 224]","[1, 768, 14, 14]",1316.5,0.0,0.574,cuda_event,cuda
4,encoder.layers.encoder_layer_0.ln_1,LayerNorm,0.01046,0.577148,756480.0,1536,0,1,0.01046,analytic,"[1, 197, 768]","[1, 197, 768]",1316.5,0.0,0.577,cuda_event,cuda
4,encoder.layers.encoder_layer_0.self_attention,MultiheadAttention,0.38019,0.577148,1048783872.0,2362368,0,2,0.38019,counter,"[1, 197, 768]","[1, 197, 768]",1316.5,0.0,0.577,cuda_event,cuda
4,encoder.layers.encoder_layer_0.ln_2,LayerNorm,0.01059,0.577148,756480.0,1536,0,3,0.01059,analytic,"[1, 197, 768]","[1, 197, 768]",1316.5,0.0,0.577,cuda_event,cuda
4,encoder.layers.encoder_layer_0.mlp.0,Linear,0.28058,2.308594,929562624.0,2362368,0,4,0.28058,counter,"[1, 197, 768]","[1, 197, 3072]",1316.5,0.0,2.309,cuda_event,cuda
4,encoder.layers.encoder_layer_0.mlp.1,GELU,0.01539,2.308594,4841472.0,0,0,5,0.01539,analytic,"[1, 197, 3072]","[1, 197, 3072]",1316.5,0.0,2.309,cuda_event,cuda
4,encoder.layers.encoder_layer_0.mlp.3,Linear,0.26509,0.577148,929562624.0,2360064,0,6,0.26509,counter,"[1, 197, 3072]","[1, 197, 768]",1316.5,0.0,0.577,cuda_event,cuda
4,encoder.layers.encoder_layer_1.ln_1,LayerNorm,0.01117,0.577148,756480.0,1536,0,7,0.01117,analytic,"[1, 197, 768]","[1, 197, 768]",1316.5,0.0,0.577,cuda_event,cuda
4,encoder.layers.encoder_layer_1.self_attention,MultiheadAttention,0.38093,0.577148,1048783872.0,2362368,0,8,0.38093,counter,"[1, 197, 768]","[1, 197, 768]",1316.5,0.0,0.577,cuda_event,cuda
4,encoder.layers.encoder_layer_1.ln_2,LayerNorm,0.01171,0.577148,756480.0,1536,0,9,0.01171,analytic,"[1, 197, 768]","[1, 197, 768]",1316.5,0.0,0.577,cuda_event,cuda
4,encoder.layers.encoder_layer_1.mlp.0,Linear,0.27866,2.308594,929562624.0,2362368,0,10,0.27866,counter,"[1, 197, 768]","[1, 197, 3072]",1316.5,0.0,2.309,cuda_event,cuda
4,encoder.layers.encoder_layer_1.mlp.1,GELU,0.01453,2.308594,4841472.0,0,0,11,0.01453,analytic,"[1, 197, 3072]","[1, 197, 3072]",1316.5,0.0,2.309,cuda_event,cuda
4,encoder.layers.encoder_layer_1.mlp.3,Linear,0.26419,0.577148,929562624.0,2360064,0,12,0.26419,counter,"[1, 197, 3072]","[1, 197, 768]",1316.5,0.0,0.577,cuda_event,cuda
4,encoder.layers.encoder_layer_2.ln_1,LayerNorm,0.01056,0.577148,756480.0,1536,0,13,0.01056,analytic,"[1, 197, 768]","[1, 197, 768]",1316.5,0.0,0.577,cuda_event,cuda
4,encoder.layers.encoder_layer_2.self_attention,MultiheadAttention,0.38211,0.577148,1048783872.0,2362368,0,14,0.38211,counter,"[1, 197, 768]","[1, 197, 768]",1316.5,0.0,0.577,cuda_event,cuda
4,encoder.layers.encoder_layer_2.ln_2,LayerNorm,0.01107,0.577148,756480.0,1536,0,15,0.01107,analytic,"[1, 197, 768]","[1, 197, 768]",1316.5,0.0,0.577,cuda_event,cuda
4,encoder.layers.encoder_layer_2.mlp.0,Linear,0.27853,2.308594,929562624.0,2362368,0,16,0.27853,counter,"[1, 197, 768]","[1, 197, 3072]",1316.5,0.0,2.309,cuda_event,cuda
4,encoder.layers.encoder_layer_2.mlp.1,GELU,0.01312,2.308594,4841472.0,0,0,17,0.01312,analytic,"[1, 197, 3072]","[1, 197, 3072]",1316.5,0.0,2.309,cuda_event,cuda
4,encoder.layers.encoder_layer_2.mlp.3,Linear,0.26262,0.577148,929562624.0,2360064,0,18,0.26262,counter,"[1, 197, 3072]","[1, 197, 768]",1316.5,0.0,0.577,cuda_event,cuda
4,encoder.layers.encoder_layer_3.ln_1,LayerNorm,0.01181,0.577148,756480.0,1536,0,19,0.01181,analytic,"[1, 197, 768]","[1, 197, 768]",1316.5,0.0,0.577,cuda_event,cuda
4,encoder.layers.encoder_layer_3.self_attention,MultiheadAttention,0.37917,0.577148,1048783872.0,2362368,0,20,0.37917,counter,"[1, 197, 768]","[1, 197, 768]",1316.5,0.0,0.577,cuda_event,cuda
4,encoder.layers.encoder_layer_3.ln_2,LayerNorm,0.01107,0.577148,756480.0,1536,0,21,0.01107,analytic,"[1, 197, 768]","[1, 197, 768]",1316.5,0.0,0.577,cuda_event,cuda
4,encoder.layers.encoder_layer_3.mlp.0,Linear,0.27994,2.308594,929562624.0,2362368,0,22,0.27994,counter,"[1, 197, 768]","[1, 197, 3072]",1316.5,0.0,2.309,cuda_event,cuda
4,encoder.layers.encoder_layer_3.mlp.1,GELU,0.01469,2.308594,4841472.0,0,0,23,0.01469,analytic,"[1, 197, 3072]","[1, 197, 3072]",1316.5,0.0,2.309,cuda_event,cuda
4,encoder.layers.encoder_layer_3.mlp.3,Linear,0.26419,0.577148,929562624.0,2360064,0,24,0.26419,counter,"[1, 197, 3072]","[1, 197, 768]",1316.5,0.0,0.577,cuda_event,cuda
4,encoder.layers.encoder_layer_4.ln_1,LayerNorm,0.01085,0.577148,756480.0,1536,0,25,0.01085,analytic,"[1, 197, 768]","[1, 197, 768]",1316.5,0.0,0.577,cuda_event,cuda
4,encoder.layers.encoder_layer_4.self_attention,MultiheadAttention,0.38102,0.577148,1048783872.0,2362368,0,26,0.38102,counter,"[1, 197, 768]","[1, 197, 768]",1316.5,0.0,0.577,cuda_event,cuda
4,encoder.layers.encoder_layer_4.ln_2,LayerNorm,0.01174,0.577148,756480.0,1536,0,27,0.01174,analytic,"[1, 197, 768]","[1, 197, 768]",1316.5,0.0,0.577,cuda_event,cuda
4,encoder.layers.encoder_layer_4.mlp.0,Linear,0.27885,2.308594,929562624.0,2362368,0,28,0.27885,counter,"[1, 197, 768]","[1, 197, 3072]",1316.5,0.0,2.309,cuda_event,cuda
4,encoder.layers.encoder_layer_4.mlp.1,GELU,0.01434,2.308594,4841472.0,0,0,29,0.01434,analytic,"[1, 197, 3072]","[1, 197, 3072]",1316.5,0.0,2.309,cuda_event,cuda
4,encoder.layers.encoder_layer_4.mlp.3,Linear,0.26528,0.577148,929562624.0,2360064,0,30,0.26528,counter,"[1, 197, 3072]","[1, 197, 768]",1316.5,0.0,0.577,cuda_event,cuda
4,encoder.layers.encoder_layer_5.ln_1,LayerNorm,0.01024,0.577148,756480.0,1536,0,31,0.01024,analytic,"[1, 197, 768]","[1, 197, 768]",1316.5,0.0,0.577,cuda_event,cuda
4,encoder.layers.encoder_layer_5.self_attention,MultiheadAttention,0.37994,0.577148,1048783872.0,2362368,0,32,0.37994,counter,"[1, 197, 768]","[1, 197, 768]",1316.5,0.0,0.577,cuda_event,cuda
4,encoder.layers.encoder_layer_5.ln_2,LayerNorm,0.01194,0.577148,756480.0,1536,0,33,0.01194,analytic,"[1, 197, 768]","[1, 197, 768]",1316.5,0.0,0.577,cuda_event,cuda
4,encoder.layers.encoder_layer_5.mlp.0,Linear,0.28083,2.308594,929562624.0,2362368,0,34,0.28083,counter,"[1, 197, 768]","[1, 197, 3072]",1316.5,0.0,2.309,cuda_event,cuda
4,encoder.layers.encoder_layer_5.mlp.1,GELU,0.01437,2.308594,4841472.0,0,0,35,0.01437,analytic,"[1, 197, 3072]","[1, 197, 3072]",1316.5,0.0,2.309,cuda_event,cuda
4,encoder.layers.encoder_layer_5.mlp.3,Linear,0.26432,0.577148,929562624.0,2360064,0,36,0.26432,counter,"[1, 197, 3072]","[1, 197, 768]",1316.5,0.0,0.577,cuda_event,cuda
4,encoder.layers.encoder_layer_6.ln_1,LayerNorm,0.01024,0.577148,756480.0,1536,0,37,0.01024,analytic,"[1, 197, 768]","[1, 197, 768]",1316.5,0.0,0.577,cuda_event,cuda
4,encoder.layers.encoder_layer_6.self_attention,MultiheadAttention,0.38122,0.577148,1048783872.0,2362368,0,38,0.38122,counter,"[1, 197, 768]","[1, 197, 768]",1316.5,0.0,0.577,cuda_event,cuda
4,encoder.layers.encoder_layer_6.ln_2,LayerNorm,0.01101,0.577148,756480.0,1536,0,39,0.01101,analytic,"[1, 197, 768]","[1, 197, 768]",1316.5,0.0,0.577,cuda_event,cuda
4,encoder.layers.encoder_layer_6.mlp.0,Linear,0.28061,2.308594,929562624.0,2362368,0,40,0.28061,counter,"[1, 197, 768]","[1, 197, 3072]",1316.5,0.0,2.309,cuda_event,cuda
4,encoder.layers.encoder_layer_6.mlp.1,GELU,0.01434,2.308594,4841472.0,0,0,41,0.01434,analytic,"[1, 197, 3072]","[1, 197, 3072]",1316.5,0.0,2.309,cuda_event,cuda
4,encoder.layers.encoder_layer_6.mlp.3,Linear,0.26419,0.577148,929562624.0,2360064,0,42,0.26419,counter,"[1, 197, 3072]","[1, 197, 768]",1316.5,0.0,0.577,cuda_event,cuda
4,encoder.layers.encoder_layer_7.ln_1,LayerNorm,0.01062,0.577148,756480.0,1536,0,43,0.01062,analytic,"[1, 197, 768]","[1, 197, 768]",1316.5,0.0,0.577,cuda_event,cuda
4,encoder.layers.encoder_layer_7.self_attention,MultiheadAttention,0.38058,0.577148,1048783872.0,2362368,0,44,0.38058,counter,"[1, 197, 768]","[1, 197, 768]",1316.5,0.0,0.577,cuda_event,cuda
4,encoder.layers.encoder_layer_7.ln_2,LayerNorm,0.01069,0.577148,756480.0,1536,0,45,0.01069,analytic,"[1, 197, 768]","[1, 197, 768]",1316.5,0.0,0.577,cuda_event,cuda
4,encoder.layers.encoder_layer_7.mlp.0,Linear,0.28058,2.308594,929562624.0,2362368,0,46,0.28058,counter,"[1, 197, 768]","[1, 197, 3072]",1316.5,0.0,2.309,cuda_event,cuda
4,encoder.layers.encoder_layer_7.mlp.1,GELU,0.01434,2.308594,4841472.0,0,0,47,0.01434,analytic,"[1, 197, 3072]","[1, 197, 3072]",1316.5,0.0,2.309,cuda_event,cuda
4,encoder.layers.encoder_layer_7.mlp.3,Linear,0.26566,0.577148,929562624.0,2360064,0,48,0.26566,counter,"[1, 197, 3072]","[1, 197, 768]",1316.5,0.0,0.577,cuda_event,cuda
4,encoder.layers.encoder_layer_8.ln_1,LayerNorm,0.0113,0.577148,756480.0,1536,0,49,0.0113,analytic,"[1, 197, 768]","[1, 197, 768]",1316.5,0.0,0.577,cuda_event,cuda
4,encoder.layers.encoder_layer_8.self_attention,MultiheadAttention,0.3817,0.577148,1048783872.0,2362368,0,50,0.3817,counter,"[1, 197, 768]","[1, 197, 768]",1316.5,0.0,0.577,cuda_event,cuda
4,encoder.layers.encoder_layer_8.ln_2,LayerNorm,0.0103,0.577148,756480.0,1536,0,51,0.0103,analytic,"[1, 197, 768]","[1, 197, 768]",1316.5,0.0,0.577,cuda_event,cuda
4,encoder.layers.encoder_layer_8.mlp.0,Linear,0.27747,2.308594,929562624.0,2362368,0,52,0.27747,counter,"[1, 197, 768]","[1, 197, 3072]",1316.5,0.0,2.309,cuda_event,cuda
4,encoder.layers.encoder_layer_8.mlp.1,GELU,0.01434,2.308594,4841472.0,0,0,53,0.01434,analytic,"[1, 197, 3072]","[1, 197, 3072]",1316.5,0.0,2.309,cuda_event,cuda
4,encoder.layers.encoder_layer_8.mlp.3,Linear,0.26314,0.577148,929562624.0,2360064,0,54,0.26314,counter,"[1, 197, 3072]","[1, 197, 768]",1316.5,0.0,0.577,cuda_event,cuda
4,encoder.layers.encoder_layer_9.ln_1,LayerNorm,0.01149,0.577148,756480.0,1536,0,55,0.01149,analytic,"[1, 197, 768]","[1, 197, 768]",1316.5,0.0,0.577,cuda_event,cuda
4,encoder.layers.encoder_layer_9.self_attention,MultiheadAttention,0.38067,0.577148,1048783872.0,2362368,0,56,0.38067,counter,"[1, 197, 768]","[1, 197, 768]",1316.5,0.0,0.577,cuda_event,cuda
4,encoder.layers.encoder_layer_9.ln_2,LayerNorm,0.01085,0.577148,756480.0,1536,0,57,0.01085,analytic,"[1, 197, 768]","[1, 197, 768]",1316.5,0.0,0.577,cuda_event,cuda
4,encoder.layers.encoder_layer_9.mlp.0,Linear,0.28045,2.308594,929562624.0,2362368,0,58,0.28045,counter,"[1, 197, 768]","[1, 197, 3072]",1316.5,0.0,2.309,cuda_event,cuda
4,encoder.layers.encoder_layer_9.mlp.1,GELU,0.0144,2.308594,4841472.0,0,0,59,0.0144,analytic,"[1, 197, 3072]","[1, 197, 3072]",1316.5,0.0,2.309,cuda_event,cuda
4,encoder.layers.encoder_layer_9.mlp.3,Linear,0.26381,0.577148,929562624.0,2360064,0,60,0.26381,counter,"[1, 197, 3072]","[1, 197, 768]",1316.5,0.0,0.577,cuda_event,cuda
4,encoder.layers.encoder_layer_10.ln_1,LayerNorm,0.01219,0.577148,756480.0,1536,0,61,0.01219,analytic,"[1, 197, 768]","[1, 197, 768]",1316.5,0.0,0.577,cuda_event,cuda
4,encoder.layers.encoder_layer_10.self_attention,MultiheadAttention,0.37888,0.577148,1048783872.0,2362368,0,62,0.37888,counter,"[1, 197, 768]","[1, 197, 768]",1316.5,0.0,0.577,cuda_event,cuda
4,encoder.layers.encoder_layer_10.ln_2,LayerNorm,0.01152,0.577148,756480.0,1536,0,63,0.01152,analytic,"[1, 197, 768]","[1, 197, 768]",1316.5,0.0,0.577,cuda_event,cuda
4,encoder.layers.encoder_layer_10.mlp.0,Linear,0.2792,2.308594,929562624.0,2362368,0,64,0.2792,counter,"[1, 197, 768]","[1, 197, 3072]",1316.5,0.0,2.309,cuda_event,cuda
4,encoder.layers.encoder_layer_10.mlp.1,GELU,0.01434,2.308594,4841472.0,0,0,65,0.01434,analytic,"[1, 197, 3072]","[1, 197, 3072]",1316.5,0.0,2.309,cuda_event,cuda
4,encoder.layers.encoder_layer_10.mlp.3,Linear,0.26538,0.577148,929562624.0,2360064,0,66,0.26538,counter,"[1, 197, 3072]","[1, 197, 768]",1316.5,0.0,0.577,cuda_event,cuda
4,encoder.layers.encoder_layer_11.ln_1,LayerNorm,0.0113,0.577148,756480.0,1536,0,67,0.0113,analytic,"[1, 197, 768]","[1, 197, 768]",1316.5,0.0,0.577,cuda_event,cuda
4,encoder.layers.encoder_layer_11.self_attention,MultiheadAttention,0.38173,0.577148,1048783872.0,2362368,0,68,0.38173,counter,"[1, 197, 768]","[1, 197, 768]",1316.5,0.0,0.577,cuda_event,cuda
4,encoder.layers.encoder_layer_11.ln_2,LayerNorm,0.01133,0.577148,756480.0,1536,0,69,0.01133,analytic,"[1, 197, 768]","[1, 197, 768]",1316.5,0.0,0.577,cuda_event,cuda
4,encoder.layers.encoder_layer_11.mlp.0,Linear,0.27898,2.308594,929562624.0,2362368,0,70,0.27898,counter,"[1, 197, 768]","[1, 197, 3072]",1316.5,0.0,2.309,cuda_event,cuda
4,encoder.layers.encoder_layer_11.mlp.1,GELU,0.01376,2.308594,4841472.0,0,0,71,0.01376,analytic,"[1, 197, 3072]","[1, 197, 3072]",1316.5,0.0,2.309,cuda_event,cuda
4,encoder.layers.encoder_layer_11.mlp.3,Linear,0.26474,0.577148,929562624.0,2360064,0,72,0.26474,counter,"[1, 197, 3072]","[1, 197, 768]",1316.5,0.0,0.577,cuda_event,cuda
4,encoder.ln,LayerNorm,0.01187,0.577148,756480.0,1536,0,73,0.01187,analytic,"[1, 197, 768]","[1, 197, 768]",1316.5,0.0,0.577,cuda_event,cuda
4,heads.head,Linear,0.01821,0.003815,1536000.0,769000,0,74,0.01821,counter,"[1, 768]","[1, 1000]",1316.5,0.0,0.004,cuda_event,cuda
5,conv_proj,Conv2d,0.22144,0.574219,231211008.0,590592,0,0,0.22144,counter,"[1, 3, 224, 224]","[1, 768, 14, 14]",1316.5,0.0,0.574,cuda_event,cuda
5,encoder.layers.encoder_layer_0.ln_1,LayerNorm,0.01024,0.577148,756480.0,1536,0,1,0.01024,analytic,"[1, 197, 768]","[1, 197, 768]",1316.5,0.0,0.577,cuda_event,cuda
5,encoder.layers.encoder_layer_0.self_attention,MultiheadAttention,0.37373,0.577148,1048783872.0,2362368,0,2,0.37373,counter,"[1, 197, 768]","[1, 197, 768]",1316.5,0.0,0.577,cuda_event,cuda
5,encoder.layers.encoder_layer_0.ln_2,LayerNorm,0.01024,0.577148,756480.0,1536,0,3,0.01024,analytic,"[1, 197, 768]","[1, 197, 768]",1316.5,0.0,0.577,cuda_event,cuda
5,encoder.layers.encoder_layer_0.mlp.0,Linear,0.27648,2.308594,929562624.0,2362368,0,4,0.27648,counter,"[1, 197, 768]","[1, 197, 3072]",1316.5,0.0,2.309,cuda_event,cuda
5,encoder.layers.encoder_layer_0.mlp.1,GELU,0.01434,2.308594,4841472.0,0,0,5,0.01434,analytic,"[1, 197, 3072]","[1, 197, 3072]",1316.5,0.0,2.309,cuda_event,cuda
5,encoder.layers.encoder_layer_0.mlp.3,Linear,0.2601,0.577148,929562624.0,2360064,0,6,0.2601,counter,"[1, 197, 3072]","[1, 197, 768]",1316.5,0.0,0.577,cuda_event,cuda
5,encoder.layers.encoder_layer_1.ln_1,LayerNorm,0.01024,0.577148,756480.0,1536,0,7,0.01024,analytic,"[1, 197, 768]","[1, 197, 768]",1316.5,0.0,0.577,cuda_event,cuda
5,encoder.layers.encoder_layer_1.self_attention,MultiheadAttention,0.37478,0.577148,1048783872.0,2362368,0,8,0.37478,counter,"[1, 197, 768]","[1, 197, 768]",1316.5,0.0,0.577,cuda_event,cuda
5,encoder.layers.encoder_layer_1.ln_2,LayerNorm,0.01024,0.577148,756480.0,1536,0,9,0.01024,analytic,"[1, 197, 768]","[1, 197, 768]",1316.5,0.0,0.577,cuda_event,cuda
5,encoder.layers.encoder_layer_1.mlp.0,Linear,0.2744,2.308594,929562624.0,2362368,0,10,0.2744,counter,"[1, 197, 768]","[1, 197, 3072]",1316.5,0.0,2.309,cuda_event,cuda
5,encoder.layers.encoder_layer_1.mlp.1,GELU,0.01434,2.308594,4841472.0,0,0,11,0.01434,analytic,"[1, 197, 3072]","[1, 197, 3072]",1316.5,0.0,2.309,cuda_event,cuda
5,encoder.layers.encoder_layer_1.mlp.3,Linear,0.2601,0.577148,929562624.0,2360064,0,12,0.2601,counter,"[1, 197, 3072]","[1, 197, 768]",1316.5,0.0,0.577,cuda_event,cuda
5,encoder.layers.encoder_layer_2.ln_1,LayerNorm,0.01043,0.577148,756480.0,1536,0,13,0.01043,analytic,"[1, 197, 768]","[1, 197, 768]",1316.5,0.0,0.577,cuda_event,cuda
5,encoder.layers.encoder_layer_2.self_attention,MultiheadAttention,0.37379,0.577148,1048783872.0,2362368,0,14,0.37379,counter,"[1, 197, 768]","[1, 197, 768]",1316.5,0.0,0.577,cuda_event,cuda
5,encoder.layers.encoder_layer_2.ln_2,LayerNorm,0.01155,0.577148,756480.0,1536,0,15,0.01155,analytic,"[1, 197, 768]","[1, 197, 768]",1316.5,0.0,0.577,cuda_event,cuda
5,encoder.layers.encoder_layer_2.mlp.0,Linear,0.27478,2.308594,929562624.0,2362368,0,16,0.27478,counter,"[1, 197, 768]","[1, 197, 3072]",1316.5,0.0,2.309,cuda_event,cuda
5,encoder.layers.encoder_layer_2.mlp.1,GELU,0.01462,2.308594,4841472.0,0,0,17,0.01462,analytic,"[1, 197, 3072]","[1, 197, 3072]",1316.5,0.0,2.309,cuda_event,cuda
5,encoder.layers.encoder_layer_2.mlp.3,Linear,0.2601,0.577148,929562624.0,2360064,0,18,0.2601,counter,"[1, 197, 3072]","[1, 197, 768]",1316.5,0.0,0.577,cuda_event,cuda
5,encoder.layers.encoder_layer_3.ln_1,LayerNorm,0.01069,0.577148,756480.0,1536,0,19,0.01069,analytic,"[1, 197, 768]","[1, 197, 768]",1316.5,0.0,0.577,cuda_event,cuda
5,encoder.layers.encoder_layer_3.self_attention,MultiheadAttention,0.37274,0.577148,1048783872.0,2362368,0,20,0.37274,counter,"[1, 197, 768]","[1, 197, 768]",1316.5,0.0,0.577,cuda_event,cuda
5,encoder.layers.encoder_layer_3.ln_2,LayerNorm,0.01152,0.577148,756480.0,1536,0,21,0.01152,analytic,"[1, 197, 768]","[1, 197, 768]",1316.5,0.0,0.577,cuda_event,cuda
5,encoder.layers.encoder_layer_3.mlp.0,Linear,0.27517,2.308594,929562624.0,2362368,0,22,0.27517,counter,"[1, 197, 768]","[1, 197, 3072]",1316.5,0.0,2.309,cuda_event,cuda
5,encoder.layers.encoder_layer_3.mlp.1,GELU,0.01434,2.308594,4841472.0,0,0,23,0.01434,analytic,"[1, 197, 3072]","[1, 197, 3072]",1316.5,0.0,2.309,cuda_event,cuda
5,encoder.layers.encoder_layer_3.mlp.3,Linear,0.2601,0.577148,929562624.0,2360064,0,24,0.2601,counter,"[1, 197, 3072]","[1, 197, 768]",1316.5,0.0,0.577,cuda_event,cuda
5,encoder.layers.encoder_layer_4.ln_1,LayerNorm,0.01059,0.577148,756480.0,1536,0,25,0.01059,analytic,"[1, 197, 768]","[1, 197, 768]",1316.5,0.0,0.577,cuda_event,cuda
5,encoder.layers.encoder_layer_4.self_attention,MultiheadAttention,0.37226,0.577148,1048783872.0,2362368,0,26,0.37226,counter,"[1, 197, 768]","[1, 197, 768]",1316.5,0.0,0.577,cuda_event,cuda
5,encoder.layers.encoder_layer_4.ln_2,LayerNorm,0.01024,0.577148,756480.0,1536,0,27,0.01024,analytic,"[1, 197, 768]","[1, 197, 768]",1316.5,0.0,0.577,cuda_event,cuda
5,encoder.layers.encoder_layer_4.mlp.0,Linear,0.27443,2.308594,929562624.0,2362368,0,28,0.27443,counter,"[1, 197, 768]","[1, 197, 3072]",1316.5,0.0,2.309,cuda_event,cuda
5,encoder.layers.encoder_layer_4.mlp.1,GELU,0.01539,2.308594,4841472.0,0,0,29,0.01539,analytic,"[1, 197, 3072]","[1, 197, 3072]",1316.5,0.0,2.309,cuda_event,cuda
5,encoder.layers.encoder_layer_4.mlp.3,Linear,0.2601,0.577148,929562624.0,2360064,0,30,0.2601,counter,"[1, 197, 3072]","[1, 197, 768]",1316.5,0.0,0.577,cuda_event,cuda
5,encoder.layers.encoder_layer_5.ln_1,LayerNorm,0.01024,0.577148,756480.0,1536,0,31,0.01024,analytic,"[1, 197, 768]","[1, 197, 768]",1316.5,0.0,0.577,cuda_event,cuda
5,encoder.layers.encoder_layer_5.self_attention,MultiheadAttention,0.37478,0.577148,1048783872.0,2362368,0,32,0.37478,counter,"[1, 197, 768]","[1, 197, 768]",1316.5,0.0,0.577,cuda_event,cuda
5,encoder.layers.encoder_layer_5.ln_2,LayerNorm,0.01024,0.577148,756480.0,1536,0,33,0.01024,analytic,"[1, 197, 768]","[1, 197, 768]",1316.5,0.0,0.577,cuda_event,cuda
5,encoder.layers.encoder_layer_5.mlp.0,Linear,0.27443,2.308594,929562624.0,2362368,0,34,0.27443,counter,"[1, 197, 768]","[1, 197, 3072]",1316.5,0.0,2.309,cuda_event,cuda
5,encoder.layers.encoder_layer_5.mlp.1,GELU,0.01613,2.308594,4841472.0,0,0,35,0.01613,analytic,"[1, 197, 3072]","[1, 197, 3072]",1316.5,0.0,2.309,cuda_event,cuda
5,encoder.layers.encoder_layer_5.mlp.3,Linear,0.26006,0.577148,929562624.0,2360064,0,36,0.26006,counter,"[1, 197, 3072]","[1, 197, 768]",1316.5,0.0,0.577,cuda_event,cuda
5,encoder.layers.encoder_layer_6.ln_1,LayerNorm,0.01187,0.577148,756480.0,1536,0,37,0.01187,analytic,"[1, 197, 768]","[1, 197, 768]",1316.5,0.0,0.577,cuda_event,cuda
5,encoder.layers.encoder_layer_6.self_attention,MultiheadAttention,0.37312,0.577148,1048783872.0,2362368,0,38,0.37312,counter,"[1, 197, 768]","[1, 197, 768]",1316.5,0.0,0.577,cuda_event,cuda
5,encoder.layers.encoder_layer_6.ln_2,LayerNorm,0.01158,0.577148,756480.0,1536,0,39,0.01158,analytic,"[1, 197, 768]","[1, 197, 768]",1316.5,0.0,0.577,cuda_event,cuda
5,encoder.layers.encoder_layer_6.mlp.0,Linear,0.27408,2.308594,929562624.0,2362368,0,40,0.27408,counter,"[1, 197, 768]","[1, 197, 3072]",1316.5,0.0,2.309,cuda_event,cuda
5,encoder.layers.encoder_layer_6.mlp.1,GELU,0.01482,2.308594,4841472.0,0,0,41,0.01482,analytic,"[1, 197, 3072]","[1, 197, 3072]",1316.5,0.0,2.309,cuda_event,cuda
5,encoder.layers.encoder_layer_6.mlp.3,Linear,0.25846,0.577148,929562624.0,2360064,0,42,0.25846,counter,"[1, 197, 3072]","[1, 197, 768]",1316.5,0.0,0.577,cuda_event,cuda
5,encoder.layers.encoder_layer_7.ln_1,LayerNorm,0.01043,0.577148,756480.0,1536,0,43,0.01043,analytic,"[1, 197, 768]","[1, 197, 768]",1316.5,0.0,0.577,cuda_event,cuda
5,encoder.layers.encoder_layer_7.self_attention,MultiheadAttention,0.37405,0.577148,1048783872.0,2362368,0,44,0.37405,counter,"[1, 197, 768]","[1, 197, 768]",1316.5,0.0,0.577,cuda_event,cuda
5,encoder.layers.encoder_layer_7.ln_2,LayerNorm,0.01082,0.577148,756480.0,1536,0,45,0.01082,analytic,"[1, 197, 768]","[1, 197, 768]",1316.5,0.0,0.577,cuda_event,cuda
5,encoder.layers.encoder_layer_7.mlp.0,Linear,0.2743,2.308594,929562624.0,2362368,0,46,0.2743,counter,"[1, 197, 768]","[1, 197, 3072]",1316.5,0.0,2.309,cuda_event,cuda
5,encoder.layers.encoder_layer_7.mlp.1,GELU,0.01434,2.308594,4841472.0,0,0,47,0.01434,analytic,"[1, 197, 3072]","[1, 197, 3072]",1316.5,0.0,2.309,cuda_event,cuda
5,encoder.layers.encoder_layer_7.mlp.3,Linear,0.25974,0.577148,929562624.0,2360064,0,48,0.25974,counter,"[1, 197, 3072]","[1, 197, 768]",1316.5,0.0,0.577,cuda_event,cuda
5,encoder.layers.encoder_layer_8.ln_1,LayerNorm,0.01174,0.577148,756480.0,1536,0,49,0.01174,analytic,"[1, 197, 768]","[1, 197, 768]",1316.5,0.0,0.577,cuda_event,cuda
5,encoder.layers.encoder_layer_8.self_attention,MultiheadAttention,0.37322,0.577148,1048783872.0,2362368,0,50,0.37322,counter,"[1, 197, 768]","[1, 197, 768]",1316.5,0.0,0.577,cuda_event,cuda
5,encoder.layers.encoder_layer_8.ln_2,LayerNorm,0.01174,0.577148,756480.0,1536,0,51,0.01174,analytic,"[1, 197, 768]","[1, 197, 768]",1316.5,0.0,0.577,cuda_event,cuda
5,encoder.layers.encoder_layer_8.mlp.0,Linear,0.27472,2.308594,929562624.0,2362368,0,52,0.27472,counter,"[1, 197, 768]","[1, 197, 3072]",1316.5,0.0,2.309,cuda_event,cuda
5,encoder.layers.encoder_layer_8.mlp.1,GELU,0.01443,2.308594,4841472.0,0,0,53,0.01443,analytic,"[1, 197, 3072]","[1, 197, 3072]",1316.5,0.0,2.309,cuda_event,cuda
5,encoder.layers.encoder_layer_8.mlp.3,Linear,0.2601,0.577148,929562624.0,2360064,0,54,0.2601,counter,"[1, 197, 3072]","[1, 197, 768]",1316.5,0.0,0.577,cuda_event,cuda
5,encoder.layers.encoder_layer_9.ln_1,LayerNorm,0.01037,0.577148,756480.0,1536,0,55,0.01037,analytic,"[1, 197, 768]","[1, 197, 768]",1316.5,0.0,0.577,cuda_event,cuda
5,encoder.layers.encoder_layer_9.self_attention,MultiheadAttention,0.37443,0.577148,1048783872.0,2362368,0,56,0.37443,counter,"[1, 197, 768]","[1, 197, 768]",1316.5,0.0,0.577,cuda_event,cuda
5,encoder.layers.encoder_layer_9.ln_2,LayerNorm,0.01059,0.577148,756480.0,1536,0,57,0.01059,analytic,"[1, 197, 768]","[1, 197, 768]",1316.5,0.0,0.577,cuda_event,cuda
5,encoder.layers.encoder_layer_9.mlp.0,Linear,0.27446,2.308594,929562624.0,2362368,0,58,0.27446,counter,"[1, 197, 768]","[1, 197, 3072]",1316.5,0.0,2.309,cuda_event,cuda
5,encoder.layers.encoder_layer_9.mlp.1,GELU,0.01434,2.308594,4841472.0,0,0,59,0.01434,analytic,"[1, 197, 3072]","[1, 197, 3072]",1316.5,0.0,2.309,cuda_event,cuda
5,encoder.layers.encoder_layer_9.mlp.3,Linear,0.2601,0.577148,929562624.0,2360064,0,60,0.2601,counter,"[1, 197, 3072]","[1, 197, 768]",1316.5,0.0,0.577,cuda_event,cuda
5,encoder.layers.encoder_layer_10.ln_1,LayerNorm,0.01149,0.577148,756480.0,1536,0,61,0.01149,analytic,"[1, 197, 768]","[1, 197, 768]",1316.5,0.0,0.577,cuda_event,cuda
5,encoder.layers.encoder_layer_10.self_attention,MultiheadAttention,0.37142,0.577148,1048783872.0,2362368,0,62,0.37142,counter,"[1, 197, 768]","[1, 197, 768]",1316.5,0.0,0.577,cuda_event,cuda
5,encoder.layers.encoder_layer_10.ln_2,LayerNorm,0.01066,0.577148,756480.0,1536,0,63,0.01066,analytic,"[1, 197, 768]","[1, 197, 768]",1316.5,0.0,0.577,cuda_event,cuda
5,encoder.layers.encoder_layer_10.mlp.0,Linear,0.27459,2.308594,929562624.0,2362368,0,64,0.27459,counter,"[1, 197, 768]","[1, 197, 3072]",1316.5,0.0,2.309,cuda_event,cuda
5,encoder.layers.encoder_layer_10.mlp.1,GELU,0.01434,2.308594,4841472.0,0,0,65,0.01434,analytic,"[1, 197, 3072]","[1, 197, 3072]",1316.5,0.0,2.309,cuda_event,cuda
5,encoder.layers.encoder_layer_10.mlp.3,Linear,0.2601,0.577148,929562624.0,2360064,0,66,0.2601,counter,"[1, 197, 3072]","[1, 197, 768]",1316.5,0.0,0.577,cuda_event,cuda
5,encoder.layers.encoder_layer_11.ln_1,LayerNorm,0.01085,0.577148,756480.0,1536,0,67,0.01085,analytic,"[1, 197, 768]","[1, 197, 768]",1316.5,0.0,0.577,cuda_event,cuda
5,encoder.layers.encoder_layer_11.self_attention,MultiheadAttention,0.37274,0.577148,1048783872.0,2362368,0,68,0.37274,counter,"[1, 197, 768]","[1, 197, 768]",1316.5,0.0,0.577,cuda_event,cuda
5,encoder.layers.encoder_layer_11.ln_2,LayerNorm,0.01152,0.577148,756480.0,1536,0,69,0.01152,analytic,"[1, 197, 768]","[1, 197, 768]",1316.5,0.0,0.577,cuda_event,cuda
5,encoder.layers.encoder_layer_11.mlp.0,Linear,0.27514,2.308594,929562624.0,2362368,0,70,0.27514,counter,"[1, 197, 768]","[1, 197, 3072]",1316.5,0.0,2.309,cuda_event,cuda
5,encoder.layers.encoder_layer_11.mlp.1,GELU,0.01434,2.308594,4841472.0,0,0,71,0.01434,analytic,"[1, 197, 3072]","[1, 197, 3072]",1316.5,0.0,2.309,cuda_event,cuda
5,encoder.layers.encoder_layer_11.mlp.3,Linear,0.25939,0.577148,929562624.0,2360064,0,72,0.25939,counter,"[1, 197, 3072]","[1, 197, 768]",1316.5,0.0,0.577,cuda_event,cuda
5,encoder.ln,LayerNorm,0.01024,0.577148,756480.0,1536,0,73,0.01024,analytic,"[1, 197, 768]","[1, 197, 768]",1316.5,0.0,0.577,cuda_event,cuda
5,heads.head,Linear,0.01741,0.003815,1536000.0,769000,0,74,0.01741,counter,"[1, 768]","[1, 1000]",1316.5,0.0,0.004,cuda_event,cuda
6,conv_proj,Conv2d,0.21469,0.574219,231211008.0,590592,0,0,0.21469,counter,"[1, 3, 224, 224]","[1, 768, 14, 14]",1316.5,0.0,0.574,cuda_event,cuda
6,encoder.layers.encoder_layer_0.ln_1,LayerNorm,0.0105,0.577148,756480.0,1536,0,1,0.0105,analytic,"[1, 197, 768]","[1, 197, 768]",1316.5,0.0,0.577,cuda_event,cuda
6,encoder.layers.encoder_layer_0.self_attention,MultiheadAttention,0.36486,0.577148,1048783872.0,2362368,0,2,0.36486,counter,"[1, 197, 768]","[1, 197, 768]",1316.5,0.0,0.577,cuda_event,cuda
6,encoder.layers.encoder_layer_0.ln_2,LayerNorm,0.01126,0.577148,756480.0,1536,0,3,0.01126,analytic,"[1, 197, 768]","[1, 197, 768]",1316.5,0.0,0.577,cuda_event,cuda
6,encoder.layers.encoder_layer_0.mlp.0,Linear,0.26928,2.308594,929562624.0,2362368,0,4,0.26928,counter,"[1, 197, 768]","[1, 197, 3072]",1316.5,0.0,2.309,cuda_event,cuda
6,encoder.layers.encoder_layer_0.mlp.1,GELU,0.01434,2.308594,4841472.0,0,0,5,0.01434,analytic,"[1, 197, 3072]","[1, 197, 3072]",1316.5,0.0,2.309,cuda_event,cuda
6,encoder.layers.encoder_layer_0.mlp.3,Linear,0.25395,0.577148,929562624.0,2360064,0,6,0.25395,counter,"[1, 197, 3072]","[1, 197, 768]",1316.5,0.0,0.577,cuda_event,cuda
6,encoder.layers.encoder_layer_1.ln_1,LayerNorm,0.01024,0.577148,756480.0,1536,0,7,0.01024,analytic,"[1, 197, 768]","[1, 197, 768]",1316.5,0.0,0.577,cuda_event,cuda
6,encoder.layers.encoder_layer_1.self_attention,MultiheadAttention,0.36454,0.577148,1048783872.0,2362368,0,8,0.36454,counter,"[1, 197, 768]","[1, 197, 768]",1316.5,0.0,0.577,cuda_event,cuda
6,encoder.layers.encoder_layer_1.ln_2,LayerNorm,0.01091,0.577148,756480.0,1536,0,9,0.01091,analytic,"[1, 197, 768]","[1, 197, 768]",1316.5,0.0,0.577,cuda_event,cuda
6,encoder.layers.encoder_layer_1.mlp.0,Linear,0.26941,2.308594,929562624.0,2362368,0,10,0.26941,counter,"[1, 197, 768]","[1, 197, 3072]",1316.5,0.0,2.309,cuda_event,cuda
6,encoder.layers.encoder_layer_1.mlp.1,GELU,0.01325,2.308594,4841472.0,0,0,11,0.01325,analytic,"[1, 197, 3072]","[1, 197, 3072]",1316.5,0.0,2.309,cuda_event,cuda
6,encoder.layers.encoder_layer_1.mlp.3,Linear,0.25293,0.577148,929562624.0,2360064,0,12,0.25293,counter,"[1, 197, 3072]","[1, 197, 768]",1316.5,0.0,0.577,cuda_event,cuda
6,encoder.layers.encoder_layer_2.ln_1,LayerNorm,0.01034,0.577148,756480.0,1536,0,13,0.01034,analytic,"[1, 197, 768]","[1, 197, 768]",1316.5,0.0,0.577,cuda_event,cuda
6,encoder.layers.encoder_layer_2.self_attention,MultiheadAttention,0.3625,0.577148,1048783872.0,2362368,0,14,0.3625,counter,"[1, 197, 768]","[1, 197, 768]",1316.5,0.0,0.577,cuda_event,cuda
6,encoder.layers.encoder_layer_2.ln_2,LayerNorm,0.0113,0.577148,756480.0,1536,0,15,0.0113,analytic,"[1, 197, 768]","[1, 197, 768]",1316.5,0.0,0.577,cuda_event,cuda
6,encoder.layers.encoder_layer_2.mlp.0,Linear,0.26848,2.308594,929562624.0,2362368,0,16,0.26848,counter,"[1, 197, 768]","[1, 197, 3072]",1316.5,0.0,2.309,cuda_event,cuda
6,encoder.layers.encoder_layer_2.mlp.1,GELU,0.01462,2.308594,4841472.0,0,0,17,0.01462,analytic,"[1, 197, 3072]","[1, 197, 3072]",1316.5,0.0,2.309,cuda_event,cuda
6,encoder.layers.encoder_layer_2.mlp.3,Linear,0.25354,0.577148,929562624.0,2360064,0,18,0.25354,counter,"[1, 197, 3072]","[1, 197, 768]",1316.5,0.0,0.577,cuda_event,cuda
6,encoder.layers.encoder_layer_3.ln_1,LayerNorm,0.01024,0.577148,756480.0,1536,0,19,0.01024,analytic,"[1, 197, 768]","[1, 197, 768]",1316.5,0.0,0.577,cuda_event,cuda
6,encoder.layers.encoder_layer_3.self_attention,MultiheadAttention,0.36454,0.577148,1048783872.0,2362368,0,20,0.36454,counter,"[1, 197, 768]","[1, 197, 768]",1316.5,0.0,0.577,cuda_event,cuda
6,encoder.layers.encoder_layer_3.ln_2,LayerNorm,0.01024,0.577148,756480.0,1536,0,21,0.01024,analytic,"[1, 197, 768]","[1, 197, 768]",1316.5,0.0,0.577,cuda_event,cuda
6,encoder.layers.encoder_layer_3.mlp.0,Linear,0.26838,2.308594,929562624.0,2362368,0,22,0.26838,counter,"[1, 197, 768]","[1, 197, 3072]",1316.5,0.0,2.309,cuda_event,cuda
6,encoder.layers.encoder_layer_3.mlp.1,GELU,0.01318,2.308594,4841472.0,0,0,23,0.01318,analytic,"[1, 197, 3072]","[1, 197, 3072]",1316.5,0.0,2.309,cuda_event,cuda
6,encoder.layers.encoder_layer_3.mlp.3,Linear,0.2537,0.577148,929562624.0,2360064,0,24,0.2537,counter,"[1, 197, 3072]","[1, 197, 768]",1316.5,0.0,0.577,cuda_event,cuda
6,encoder.layers.encoder_layer_4.ln_1,LayerNorm,0.01133,0.577148,756480.0,1536,0,25,0.01133,analytic,"[1, 197, 768]","[1, 197, 768]",1316.5,0.0,0.577,cuda_event,cuda
6,encoder.layers.encoder_layer_4.self_attention,MultiheadAttention,0.36445,0.577148,1048783872.0,2362368,0,26,0.36445,counter,"[1, 197, 768]","[1, 197, 768]",1316.5,0.0,0.577,cuda_event,cuda
6,encoder.layers.encoder_layer_4.ln_2,LayerNorm,0.01056,0.577148,756480.0,1536,0,27,0.01056,analytic,"[1, 197, 768]","[1, 197, 768]",1316.5,0.0,0.577,cuda_event,cuda
6,encoder.layers.encoder_layer_4.mlp.0,Linear,0.26787,2.308594,929562624.0,2362368,0,28,0.26787,counter,"[1, 197, 768]","[1, 197, 3072]",1316.5,0.0,2.309,cuda_event,cuda
6,encoder.layers.encoder_layer_4.mlp.1,GELU,0.01437,2.308594,4841472.0,0,0,29,0.01437,analytic,"[1, 197, 3072]","[1, 197, 3072]",1316.5,0.0,2.309,cuda_event,cuda
6,encoder.layers.encoder_layer_4.mlp.3,Linear,0.25245,0.577148,929562624.0,2360064,0,30,0.25245,counter,"[1, 197, 3072]","[1, 197, 768]",1316.5,0.0,0.577,cuda_event,cuda
6,encoder.layers.encoder_layer_5.ln_1,LayerNorm,0.01024,0.577148,756480.0,1536,0,31,0.01024,analytic,"[1, 197, 768]","[1, 197, 768]",1316.5,0.0,0.577,cuda_event,cuda
6,encoder.layers.encoder_layer_5.self_attention,MultiheadAttention,0.3641,0.577148,1048783872.0,2362368,0,32,0.3641,counter,"[1, 197, 768]","[1, 197, 768]",1316.5,0.0,0.577,cuda_event,cuda
6,encoder.layers.encoder_layer_5.ln_2,LayerNorm,0.01059,0.577148,756480.0,1536,0,33,0.01059,analytic,"[1, 197, 768]","[1, 197, 768]",1316.5,0.0,0.577,cuda_event,cuda
6,encoder.layers.encoder_layer_5.mlp.0,Linear,0.27062,2.308594,929562624.0,2362368,0,34,0.27062,counter,"[1, 197, 768]","[1, 197, 3072]",1316.5,0.0,2.309,cuda_event,cuda
6,encoder.layers.encoder_layer_5.mlp.1,GELU,0.01434,2.308594,4841472.0,0,0,35,0.01434,analytic,"[1, 197, 3072]","[1, 197, 3072]",1316.5,0.0,2.309,cuda_event,cuda
6,encoder.layers.encoder_layer_5.mlp.3,Linear,0.25395,0.577148,929562624.0,2360064,0,36,0.25395,counter,"[1, 197, 3072]","[1, 197, 768]",1316.5,0.0,0.577,cuda_event,cuda
6,encoder.layers.encoder_layer_6.ln_1,LayerNorm,0.0104,0.577148,756480.0,1536,0,37,0.0104,analytic,"[1, 197, 768]","[1, 197, 768]",1316.5,0.0,0.577,cuda_event,cuda
6,encoder.layers.encoder_layer_6.self_attention,MultiheadAttention,0.36435,0.577148,1048783872.0,2362368,0,38,0.36435,counter,"[1, 197, 768]","[1, 197, 768]",1316.5,0.0,0.577,cuda_event,cuda
6,encoder.layers.encoder_layer_6.ln_2,LayerNorm,0.01024,0.577148,756480.0,1536,0,39,0.01024,analytic,"[1, 197, 768]","[1, 197, 768]",1316.5,0.0,0.577,cuda_event,cuda
6,encoder.layers.encoder_layer_6.mlp.0,Linear,0.26765,2.308594,929562624.0,2362368,0,40,0.26765,counter,"[1, 197, 768]","[1, 197, 3072]",1316.5,0.0,2.309,cuda_event,cuda
6,encoder.layers.encoder_layer_6.mlp.1,GELU,0.01434,2.308594,4841472.0,0,0,41,0.01434,analytic,"[1, 197, 3072]","[1, 197, 3072]",1316.5,0.0,2.309,cuda_event,cuda
6,encoder.layers.encoder_layer_6.mlp.3,Linear,0.25398,0.577148,929562624.0,2360064,0,42,0.25398,counter,"[1, 197, 3072]","[1, 197, 768]",1316.5,0.0,0.577,cuda_event,cuda
6,encoder.layers.encoder_layer_7.ln_1,LayerNorm,0.01024,0.577148,756480.0,1536,0,43,0.01024,analytic,"[1, 197, 768]","[1, 197, 768]",1316.5,0.0,0.577,cuda_event,cuda
6,encoder.layers.encoder_layer_7.self_attention,MultiheadAttention,0.36458,0.577148,1048783872.0,2362368,0,44,0.36458,counter,"[1, 197, 768]","[1, 197, 768]",1316.5,0.0,0.577,cuda_event,cuda
6,encoder.layers.encoder_layer_7.ln_2,LayerNorm,0.01024,0.577148,756480.0,1536,0,45,0.01024,analytic,"[1, 197, 768]","[1, 197, 768]",1316.5,0.0,0.577,cuda_event,cuda
6,encoder.layers.encoder_layer_7.mlp.0,Linear,0.26829,2.308594,929562624.0,2362368,0,46,0.26829,counter,"[1, 197, 768]","[1, 197, 3072]",1316.5,0.0,2.309,cuda_event,cuda
6,encoder.layers.encoder_layer_7.mlp.1,GELU,0.01434,2.308594,4841472.0,0,0,47,0.01434,analytic,"[1, 197, 3072]","[1, 197, 3072]",1316.5,0.0,2.309,cuda_event,cuda
6,encoder.layers.encoder_layer_7.mlp.3,Linear,0.25386,0.577148,929562624.0,2360064,0,48,0.25386,counter,"[1, 197, 3072]","[1, 197, 768]",1316.5,0.0,0.577,cuda_event,cuda
6,encoder.layers.encoder_layer_8.ln_1,LayerNorm,0.0104,0.577148,756480.0,1536,0,49,0.0104,analytic,"[1, 197, 768]","[1, 197, 768]",1316.5,0.0,0.577,cuda_event,cuda
6,encoder.layers.encoder_layer_8.self_attention,MultiheadAttention,0.36518,0.577148,1048783872.0,2362368,0,50,0.36518,counter,"[1, 197, 768]","[1, 197, 768]",1316.5,0.0,0.577,cuda_event,cuda
6,encoder.layers.encoder_layer_8.ln_2,LayerNorm,0.01024,0.577148,756480.0,1536,0,51,0.01024,analytic,"[1, 197, 768]","[1, 197, 768]",1316.5,0.0,0.577,cuda_event,cuda
6,encoder.layers.encoder_layer_8.mlp.0,Linear,0.26778,2.308594,929562624.0,2362368,0,52,0.26778,counter,"[1, 197, 768]","[1, 197, 3072]",1316.5,0.0,2.309,cuda_event,cuda
6,encoder.layers.encoder_layer_8.mlp.1,GELU,0.01478,2.308594,4841472.0,0,0,53,0.01478,analytic,"[1, 197, 3072]","[1, 197, 3072]",1316.5,0.0,2.309,cuda_event,cuda
6,encoder.layers.encoder_layer_8.mlp.3,Linear,0.25395,0.577148,929562624.0,2360064,0,54,0.25395,counter,"[1, 197, 3072]","[1, 197, 768]",1316.5,0.0,0.577,cuda_event,cuda
6,encoder.layers.encoder_layer_9.ln_1,LayerNorm,0.01053,0.577148,756480.0,1536,0,55,0.01053,analytic,"[1, 197, 768]","[1, 197, 768]",1316.5,0.0,0.577,cuda_event,cuda
6,encoder.layers.encoder_layer_9.self_attention,MultiheadAttention,0.36496,0.577148,1048783872.0,2362368,0,56,0.36496,counter,"[1, 197, 768]","[1, 197, 768]",1316.5,0.0,0.577,cuda_event,cuda
6,encoder.layers.encoder_layer_9.ln_2,LayerNorm,0.0103,0.577148,756480.0,1536,0,57,0.0103,analytic,"[1, 197, 768]","[1, 197, 768]",1316.5,0.0,0.577,cuda_event,cuda
6,encoder.layers.encoder_layer_9.mlp.0,Linear,0.26931,2.308594,929562624.0,2362368,0,58,0.26931,counter,"[1, 197, 768]","[1, 197, 3072]",1316.5,0.0,2.309,cuda_event,cuda
6,encoder.layers.encoder_layer_9.mlp.1,GELU,0.01434,2.308594,4841472.0,0,0,59,0.01434,analytic,"[1, 197, 3072]","[1, 197, 3072]",1316.5,0.0,2.309,cuda_event,cuda
6,encoder.layers.encoder_layer_9.mlp.3,Linear,0.25395,0.577148,929562624.0,2360064,0,60,0.25395,counter,"[1, 197, 3072]","[1, 197, 768]",1316.5,0.0,0.577,cuda_event,cuda
6,encoder.layers.encoder_layer_10.ln_1,LayerNorm,0.01043,0.577148,756480.0,1536,0,61,0.01043,analytic,"[1, 197, 768]","[1, 197, 768]",1316.5,0.0,0.577,cuda_event,cuda
6,encoder.layers.encoder_layer_10.self_attention,MultiheadAttention,0.3625,0.577148,1048783872.0,2362368,0,62,0.3625,counter,"[1, 197, 768]","[1, 197, 768]",1316.5,0.0,0.577,cuda_event,cuda
6,encoder.layers.encoder_layer_10.ln_2,LayerNorm,0.01062,0.577148,756480.0,1536,0,63,0.01062,analytic,"[1, 197, 768]","[1, 197, 768]",1316.5,0.0,0.577,cuda_event,cuda
6,encoder.layers.encoder_layer_10.mlp.0,Linear,0.2665,2.308594,929562624.0,2362368,0,64,0.2665,counter,"[1, 197, 768]","[1, 197, 3072]",1316.5,0.0,2.309,cuda_event,cuda
6,encoder.layers.encoder_layer_10.mlp.1,GELU,0.01434,2.308594,4841472.0,0,0,65,0.01434,analytic,"[1, 197, 3072]","[1, 197, 3072]",1316.5,0.0,2.309,cuda_event,cuda
6,encoder.layers.encoder_layer_10.mlp.3,Linear,0.25325,0.577148,929562624.0,2360064,0,66,0.25325,counter,"[1, 197, 3072]","[1, 197, 768]",1316.5,0.0,0.577,cuda_event,cuda
6,encoder.layers.encoder_layer_11.ln_1,LayerNorm,0.01021,0.577148,756480.0,1536,0,67,0.01021,analytic,"[1, 197, 768]","[1, 197, 768]",1316.5,0.0,0.577,cuda_event,cuda
6,encoder.layers.encoder_layer_11.self_attention,MultiheadAttention,0.36573,0.577148,1048783872.0,2362368,0,68,0.36573,counter,"[1, 197, 768]","[1, 197, 768]",1316.5,0.0,0.577,cuda_event,cuda
6,encoder.layers.encoder_layer_11.ln_2,LayerNorm,0.0104,0.577148,756480.0,1536,0,69,0.0104,analytic,"[1, 197, 768]","[1, 197, 768]",1316.5,0.0,0.577,cuda_event,cuda
6,encoder.layers.encoder_layer_11.mlp.0,Linear,0.26829,2.308594,929562624.0,2362368,0,70,0.26829,counter,"[1, 197, 768]","[1, 197, 3072]",1316.5,0.0,2.309,cuda_event,cuda
6,encoder.layers.encoder_layer_11.mlp.1,GELU,0.0145,2.308594,4841472.0,0,0,71,0.0145,analytic,"[1, 197, 3072]","[1, 197, 3072]",1316.5,0.0,2.309,cuda_event,cuda
6,encoder.layers.encoder_layer_11.mlp.3,Linear,0.25235,0.577148,929562624.0,2360064,0,72,0.25235,counter,"[1, 197, 3072]","[1, 197, 768]",1316.5,0.0,0.577,cuda_event,cuda
6,encoder.ln,LayerNorm,0.01062,0.577148,756480.0,1536,0,73,0.01062,analytic,"[1, 197, 768]","[1, 197, 768]",1316.5,0.0,0.577,cuda_event,cuda
6,heads.head,Linear,0.01824,0.003815,1536000.0,769000,0,74,0.01824,counter,"[1, 768]","[1, 1000]",1316.5,0.0,0.004,cuda_event,cuda
7,conv_proj,Conv2d,0.20944,0.574219,231211008.0,590592,0,0,0.20944,counter,"[1, 3, 224, 224]","[1, 768, 14, 14]",1316.5,0.0,0.574,cuda_event,cuda
7,encoder.layers.encoder_layer_0.ln_1,LayerNorm,0.01053,0.577148,756480.0,1536,0,1,0.01053,analytic,"[1, 197, 768]","[1, 197, 768]",1316.5,0.0,0.577,cuda_event,cuda
7,encoder.layers.encoder_layer_0.self_attention,MultiheadAttention,0.35776,0.577148,1048783872.0,2362368,0,2,0.35776,counter,"[1, 197, 768]","[1, 197, 768]",1316.5,0.0,0.577,cuda_event,cuda
7,encoder.layers.encoder_layer_0.ln_2,LayerNorm,0.01046,0.577148,756480.0,1536,0,3,0.01046,analytic,"[1, 197, 768]","[1, 197, 768]",1316.5,0.0,0.577,cuda_event,cuda
7,encoder.layers.encoder_layer_0.mlp.0,Linear,0.26275,2.308594,929562624.0,2362368,0,4,0.26275,counter,"[1, 197, 768]","[1, 197, 3072]",1316.5,0.0,2.309,cuda_event,cuda
7,encoder.layers.encoder_layer_0.mlp.1,GELU,0.01434,2.308594,4841472.0,0,0,5,0.01434,analytic,"[1, 197, 3072]","[1, 197, 3072]",1316.5,0.0,2.309,cuda_event,cuda
7,encoder.layers.encoder_layer_0.mlp.3,Linear,0.24781,0.577148,929562624.0,2360064,0,6,0.24781,counter,"[1, 197, 3072]","[1, 197, 768]",1316.5,0.0,0.577,cuda_event,cuda
7,encoder.layers.encoder_layer_1.ln_1,LayerNorm,0.01046,0.577148,756480.0,1536,0,7,0.01046,analytic,"[1, 197, 768]","[1, 197, 768]",1316.5,0.0,0.577,cuda_event,cuda
7,encoder.layers.encoder_layer_1.self_attention,MultiheadAttention,0.35667,0.577148,1048783872.0,2362368,0,8,0.35667,counter,"[1, 197, 768]","[1, 197, 768]",1316.5,0.0,0.577,cuda_event,cuda
7,encoder.layers.encoder_layer_1.ln_2,LayerNorm,0.01024,0.577148,756480.0,1536,0,9,0.01024,analytic,"[1, 197, 768]","[1, 197, 768]",1316.5,0.0,0.577,cuda_event,cuda
7,encoder.layers.encoder_layer_1.mlp.0,Linear,0.26336,2.308594,929562624.0,2362368,0,10,0.26336,counter,"[1, 197, 768]","[1, 197, 3072]",1316.5,0.0,2.309,cuda_event,cuda
7,encoder.layers.encoder_layer_1.mlp.1,GELU,0.01306,2.308594,4841472.0,0,0,11,0.01306,analytic,"[1, 197, 3072]","[1, 197, 3072]",1316.5,0.0,2.309,cuda_event,cuda
7,encoder.layers.encoder_layer_1.mlp.3,Linear,0.24781,0.577148,929562624.0,2360064,0,12,0.24781,counter,"[1, 197, 3072]","[1, 197, 768]",1316.5,0.0,0.577,cuda_event,cuda
7,encoder.layers.encoder_layer_2.ln_1,LayerNorm,0.01046,0.577148,756480.0,1536,0,13,0.01046,analytic,"[1, 197, 768]","[1, 197, 768]",1316.5,0.0,0.577,cuda_event,cuda
7,encoder.layers.encoder_layer_2.self_attention,MultiheadAttention,0.3561,0.577148,1048783872.0,2362368,0,14,0.3561,counter,"[1, 197, 768]","[1, 197, 768]",1316.5,0.0,0.577,cuda_event,cuda
7,encoder.layers.encoder_layer_2.ln_2,LayerNorm,0.01024,0.577148,756480.0,1536,0,15,0.01024,analytic,"[1, 197, 768]","[1, 197, 768]",1316.5,0.0,0.577,cuda_event,cuda
7,encoder.layers.encoder_layer_2.mlp.0,Linear,0.26195,2.308594,929562624.0,2362368,0,16,0.26195,counter,"[1, 197, 768]","[1, 197, 3072]",1316.5,0.0,2.309,cuda_event,cuda
7,encoder.layers.encoder_layer_2.mlp.1,GELU,0.01306,2.308594,4841472.0,0,0,17,0.01306,analytic,"[1, 197, 3072]","[1, 197, 3072]",1316.5,0.0,2.309,cuda_event,cuda
7,encoder.layers.encoder_layer_2.mlp.3,Linear,0.24886,0.577148,929562624.0,2360064,0,18,0.24886,counter,"[1, 197, 3072]","[1, 197, 768]",1316.5,0.0,0.577,cuda_event,cuda
7,encoder.layers.encoder_layer_3.ln_1,LayerNorm,0.0103,0.577148,756480.0,1536,0,19,0.0103,analytic,"[1, 197, 768]","[1, 197, 768]",1316.5,0.0,0.577,cuda_event,cuda
7,encoder.layers.encoder_layer_3.self_attention,MultiheadAttention,0.35555,0.577148,1048783872.0,2362368,0,20,0.35555,counter,"[1, 197, 768]","[1, 197, 768]",1316.5,0.0,0.577,cuda_event,cuda
7,encoder.layers.encoder_layer_3.ln_2,LayerNorm,0.0112,0.577148,756480.0,1536,0,21,0.0112,analytic,"[1, 197, 768]","[1, 197, 768]",1316.5,0.0,0.577,cuda_event,cuda
7,encoder.layers.encoder_layer_3.mlp.0,Linear,0.26214,2.308594,929562624.0,2362368,0,22,0.26214,counter,"[1, 197, 768]","[1, 197, 3072]",1316.5,0.0,2.309,cuda_event,cuda
7,encoder.layers.encoder_layer_3.mlp.1,GELU,0.01411,2.308594,4841472.0,0,0,23,0.01411,analytic,"[1, 197, 3072]","[1, 197, 3072]",1316.5,0.0,2.309,cuda_event,cuda
7,encoder.layers.encoder_layer_3.mlp.3,Linear,0.248,0.577148,929562624.0,2360064,0,24,0.248,counter,"[1, 197, 3072]","[1, 197, 768]",1316.5,0.0,0.577,cuda_event,cuda
7,encoder.layers.encoder_layer_4.ln_1,LayerNorm,0.0104,0.577148,756480.0,1536,0,25,0.0104,analytic,"[1, 197, 768]","[1, 197, 768]",1316.5,0.0,0.577,cuda_event,cuda
7,encoder.layers.encoder_layer_4.self_attention,MultiheadAttention,0.35699,0.577148,1048783872.0,2362368,0,26,0.35699,counter,"[1, 197, 768]","[1, 197, 768]",1316.5,0.0,0.577,cuda_event,cuda
7,encoder.layers.encoder_layer_4.ln_2,LayerNorm,0.01024,0.577148,756480.0,1536,0,27,0.01024,analytic,"[1, 197, 768]","[1, 197, 768]",1316.5,0.0,0.577,cuda_event,cuda
7,encoder.layers.encoder_layer_4.mlp.0,Linear,0.26214,2.308594,929562624.0,2362368,0,28,0.26214,counter,"[1, 197, 768]","[1, 197, 3072]",1316.5,0.0,2.309,cuda_event,cuda
7,encoder.layers.encoder_layer_4.mlp.1,GELU,0.01434,2.308594,4841472.0,0,0,29,0.01434,analytic,"[1, 197, 3072]","[1, 197, 3072]",1316.5,0.0,2.309,cuda_event,cuda
7,encoder.layers.encoder_layer_4.mlp.3,Linear,0.2519,0.577148,929562624.0,2360064,0,30,0.2519,counter,"[1, 197, 3072]","[1, 197, 768]",1316.5,0.0,0.577,cuda_event,cuda
7,encoder.layers.encoder_layer_5.ln_1,LayerNorm,0.0105,0.577148,756480.0,1536,0,31,0.0105,analytic,"[1, 197, 768]","[1, 197, 768]",1316.5,0.0,0.577,cuda_event,cuda
7,encoder.layers.encoder_layer_5.self_attention,MultiheadAttention,0.35651,0.577148,1048783872.0,2362368,0,32,0.35651,counter,"[1, 197, 768]","[1, 197, 768]",1316.5,0.0,0.577,cuda_event,cuda
7,encoder.layers.encoder_layer_5.ln_2,LayerNorm,0.01027,0.577148,756480.0,1536,0,33,0.01027,analytic,"[1, 197, 768]","[1, 197, 768]",1316.5,0.0,0.577,cuda_event,cuda
7,encoder.layers.encoder_layer_5.mlp.0,Linear,0.26269,2.308594,929562624.0,2362368,0,34,0.26269,counter,"[1, 197, 768]","[1, 197, 3072]",1316.5,0.0,2.309,cuda_event,cuda
7,encoder.layers.encoder_layer_5.mlp.1,GELU,0.01437,2.308594,4841472.0,0,0,35,0.01437,analytic,"[1, 197, 3072]","[1, 197, 3072]",1316.5,0.0,2.309,cuda_event,cuda
7,encoder.layers.encoder_layer_5.mlp.3,Linear,0.2472,0.577148,929562624.0,2360064,0,36,0.2472,counter,"[1, 197, 3072]","[1, 197, 768]",1316.5,0.0,0.577,cuda_event,cuda
7,encoder.layers.encoder_layer_6.ln_1,LayerNorm,0.01024,0.577148,756480.0,1536,0,37,0.01024,analytic,"[1, 197, 768]","[1, 197, 768]",1316.5,0.0,0.577,cuda_event,cuda
7,encoder.layers.encoder_layer_6.self_attention,MultiheadAttention,0.3584,0.577148,1048783872.0,2362368,0,38,0.3584,counter,"[1, 197, 768]","[1, 197, 768]",1316.5,0.0,0.577,cuda_event,cuda
7,encoder.layers.encoder_layer_6.ln_2,LayerNorm,0.01024,0.577148,756480.0,1536,0,39,0.01024,analytic,"[1, 197, 768]","[1, 197, 768]",1316.5,0.0,0.577,cuda_event,cuda
7,encoder.layers.encoder_layer_6.mlp.0,Linear,0.2632,2.308594,929562624.0,2362368,0,40,0.2632,counter,"[1, 197, 768]","[1, 197, 3072]",1316.5,0.0,2.309,cuda_event,cuda
7,encoder.layers.encoder_layer_6.mlp.1,GELU,0.01325,2.308594,4841472.0,0,0,41,0.01325,analytic,"[1, 197, 3072]","[1, 197, 3072]",1316.5,0.0,2.309,cuda_event,cuda
7,encoder.layers.encoder_layer_6.mlp.3,Linear,0.24957,0.577148,929562624.0,2360064,0,42,0.24957,counter,"[1, 197, 3072]","[1, 197, 768]",1316.5,0.0,0.577,cuda_event,cuda
7,encoder.layers.encoder_layer_7.ln_1,LayerNorm,0.01024,0.577148,756480.0,1536,0,43,0.01024,analytic,"[1, 197, 768]","[1, 197, 768]",1316.5,0.0,0.577,cuda_event,cuda
7,encoder.layers.encoder_layer_7.self_attention,MultiheadAttention,0.35635,0.577148,1048783872.0,2362368,0,44,0.35635,counter,"[1, 197, 768]","[1, 197, 768]",1316.5,0.0,0.577,cuda_event,cuda
7,encoder.layers.encoder_layer_7.ln_2,LayerNorm,0.01024,0.577148,756480.0,1536,0,45,0.01024,analytic,"[1, 197, 768]","[1, 197, 768]",1316.5,0.0,0.577,cuda_event,cuda
7,encoder.layers.encoder_layer_7.mlp.0,Linear,0.26419,2.308594,929562624.0,2362368,0,46,0.26419,counter,"[1, 197, 768]","[1, 197, 3072]",1316.5,0.0,2.309,cuda_event,cuda
7,encoder.layers.encoder_layer_7.mlp.1,GELU,0.01434,2.308594,4841472.0,0,0,47,0.01434,analytic,"[1, 197, 3072]","[1, 197, 3072]",1316.5,0.0,2.309,cuda_event,cuda
7,encoder.layers.encoder_layer_7.mlp.3,Linear,0.24733,0.577148,929562624.0,2360064,0,48,0.24733,counter,"[1, 197, 3072]","[1, 197, 768]",1316.5,0.0,0.577,cuda_event,cuda
7,encoder.layers.encoder_layer_8.ln_1,LayerNorm,0.01136,0.577148,756480.0,1536,0,49,0.01136,analytic,"[1, 197, 768]","[1, 197, 768]",1316.5,0.0,0.577,cuda_event,cuda
7,encoder.layers.encoder_layer_8.self_attention,MultiheadAttention,0.35722,0.577148,1048783872.0,2362368,0,50,0.35722,counter,"[1, 197, 768]","[1, 197, 768]",1316.5,0.0,0.577,cuda_event,cuda
7,encoder.layers.encoder_layer_8.ln_2,LayerNorm,0.01024,0.577148,756480.0,1536,0,51,0.01024,analytic,"[1, 197, 768]","[1, 197, 768]",1316.5,0.0,0.577,cuda_event,cuda
7,encoder.layers.encoder_layer_8.mlp.0,Linear,0.26096,2.308594,929562624.0,2362368,0,52,0.26096,counter,"[1, 197, 768]","[1, 197, 3072]",1316.5,0.0,2.309,cuda_event,cuda
7,encoder.layers.encoder_layer_8.mlp.1,GELU,0.01434,2.308594,4841472.0,0,0,53,0.01434,analytic,"[1, 197, 3072]","[1, 197, 3072]",1316.5,0.0,2.309,cuda_event,cuda
7,encoder.layers.encoder_layer_8.mlp.3,Linear,0.24746,0.577148,929562624.0,2360064,0,54,0.24746,counter,"[1, 197, 3072]","[1, 197, 768]",1316.5,0.0,0.577,cuda_event,cuda
7,encoder.layers.encoder_layer_9.ln_1,LayerNorm,0.01024,0.577148,756480.0,1536,0,55,0.01024,analytic,"[1, 197, 768]","[1, 197, 768]",1316.5,0.0,0.577,cuda_event,cuda
7,encoder.layers.encoder_layer_9.self_attention,MultiheadAttention,0.35757,0.577148,1048783872.0,2362368,0,56,0.35757,counter,"[1, 197, 768]","[1, 197, 768]",1316.5,0.0,0.577,cuda_event,cuda
7,encoder.layers.encoder_layer_9.ln_2,LayerNorm,0.01024,0.577148,756480.0,1536,0,57,0.01024,analytic,"[1, 197, 768]","[1, 197, 768]",1316.5,0.0,0.577,cuda_event,cuda
7,encoder.layers.encoder_layer_9.mlp.0,Linear,0.25792,2.308594,929562624.0,2362368,0,58,0.25792,counter,"[1, 197, 768]","[1, 197, 3072]",1316.5,0.0,2.309,cuda_event,cuda
7,encoder.layers.encoder_layer_9.mlp.1,GELU,0.01411,2.308594,4841472.0,0,0,59,0.01411,analytic,"[1, 197, 3072]","[1, 197, 3072]",1316.5,0.0,2.309,cuda_event,cuda
7,encoder.layers.encoder_layer_9.mlp.3,Linear,0.23379,0.577148,929562624.0,2360064,0,60,0.23379,counter,"[1, 197, 3072]","[1, 197, 768]",1316.5,0.0,0.577,cuda_event,cuda
7,encoder.layers.encoder_layer_10.ln_1,LayerNorm,0.01024,0.577148,756480.0,1536,0,61,0.01024,analytic,"[1, 197, 768]","[1, 197, 768]",1316.5,0.0,0.577,cuda_event,cuda
7,encoder.layers.encoder_layer_10.self_attention,MultiheadAttention,0.33251,0.577148,1048783872.0,2362368,0,62,0.33251,counter,"[1, 197, 768]","[1, 197, 768]",1316.5,0.0,0.577,cuda_event,cuda
7,encoder.layers.encoder_layer_10.ln_2,LayerNorm,0.0096,0.577148,756480.0,1536,0,63,0.0096,analytic,"[1, 197, 768]","[1, 197, 768]",1316.5,0.0,0.577,cuda_event,cuda
7,encoder.layers.encoder_layer_10.mlp.0,Linear,0.2456,2.308594,929562624.0,2362368,0,64,0.2456,counter,"[1, 197, 768]","[1, 197, 3072]",1316.5,0.0,2.309,cuda_event,cuda
7,encoder.layers.encoder_layer_10.mlp.1,GELU,0.01446,2.308594,4841472.0,0,0,65,0.01446,analytic,"[1, 197, 3072]","[1, 197, 3072]",1316.5,0.0,2.309,cuda_event,cuda
7,encoder.layers.encoder_layer_10.mlp.3,Linear,0.23226,0.577148,929562624.0,2360064,0,66,0.23226,counter,"[1, 197, 3072]","[1, 197, 768]",1316.5,0.0,0.577,cuda_event,cuda
7,encoder.layers.encoder_layer_11.ln_1,LayerNorm,0.01011,0.577148,756480.0,1536,0,67,0.01011,analytic,"[1, 197, 768]","[1, 197, 768]",1316.5,0.0,0.577,cuda_event,cuda
7,encoder.layers.encoder_layer_11.self_attention,MultiheadAttention,0.33322,0.577148,1048783872.0,2362368,0,68,0.33322,counter,"[1, 197, 768]","[1, 197, 768]",1316.5,0.0,0.577,cuda_event,cuda
7,encoder.layers.encoder_layer_11.ln_2,LayerNorm,0.01024,0.577148,756480.0,1536,0,69,0.01024,analytic,"[1, 197, 768]","[1, 197, 768]",1316.5,0.0,0.577,cuda_event,cuda
7,encoder.layers.encoder_layer_11.mlp.0,Linear,0.24768,2.308594,929562624.0,2362368,0,70,0.24768,counter,"[1, 197, 768]","[1, 197, 3072]",1316.5,0.0,2.309,cuda_event,cuda
7,encoder.layers.encoder_layer_11.mlp.1,GELU,0.01392,2.308594,4841472.0,0,0,71,0.01392,analytic,"[1, 197, 3072]","[1, 197, 3072]",1316.5,0.0,2.309,cuda_event,cuda
7,encoder.layers.encoder_layer_11.mlp.3,Linear,0.23363,0.577148,929562624.0,2360064,0,72,0.23363,counter,"[1, 197, 3072]","[1, 197, 768]",1316.5,0.0,0.577,cuda_event,cuda
7,encoder.ln,LayerNorm,0.01024,0.577148,756480.0,1536,0,73,0.01024,analytic,"[1, 197, 768]","[1, 197, 768]",1316.5,0.0,0.577,cuda_event,cuda
7,heads.head,Linear,0.01795,0.003815,1536000.0,769000,0,74,0.01795,counter,"[1, 768]","[1, 1000]",1316.5,0.0,0.004,cuda_event,cuda
8,conv_proj,Conv2d,0.19779,0.574219,231211008.0,590592,0,0,0.19779,counter,"[1, 3, 224, 224]","[1, 768, 14, 14]",1316.5,0.0,0.574,cuda_event,cuda
8,encoder.layers.encoder_layer_0.ln_1,LayerNorm,0.00976,0.577148,756480.0,1536,0,1,0.00976,analytic,"[1, 197, 768]","[1, 197, 768]",1316.5,0.0,0.577,cuda_event,cuda
8,encoder.layers.encoder_layer_0.self_attention,MultiheadAttention,0.33261,0.577148,1048783872.0,2362368,0,2,0.33261,counter,"[1, 197, 768]","[1, 197, 768]",1316.5,0.0,0.577,cuda_event,cuda
8,encoder.layers.encoder_layer_0.ln_2,LayerNorm,0.01024,0.577148,756480.0,1536,0,3,0.01024,analytic,"[1, 197, 768]","[1, 197, 768]",1316.5,0.0,0.577,cuda_event,cuda
8,encoder.layers.encoder_layer_0.mlp.0,Linear,0.24541,2.308594,929562624.0,2362368,0,4,0.24541,counter,"[1, 197, 768]","[1, 197, 3072]",1316.5,0.0,2.309,cuda_event,cuda
8,encoder.layers.encoder_layer_0.mlp.1,GELU,0.01267,2.308594,4841472.0,0,0,5,0.01267,analytic,"[1, 197, 3072]","[1, 197, 3072]",1316.5,0.0,2.309,cuda_event,cuda
8,encoder.layers.encoder_layer_0.mlp.3,Linear,0.23347,0.577148,929562624.0,2360064,0,6,0.23347,counter,"[1, 197, 3072]","[1, 197, 768]",1316.5,0.0,0.577,cuda_event,cuda
8,encoder.layers.encoder_layer_1.ln_1,LayerNorm,0.00992,0.577148,756480.0,1536,0,7,0.00992,analytic,"[1, 197, 768]","[1, 197, 768]",1316.5,0.0,0.577,cuda_event,cuda
8,encoder.layers.encoder_layer_1.self_attention,MultiheadAttention,0.33274,0.577148,1048783872.0,2362368,0,8,0.33274,counter,"[1, 197, 768]","[1, 197, 768]",1316.5,0.0,0.577,cuda_event,cuda
8,encoder.layers.encoder_layer_1.ln_2,LayerNorm,0.01024,0.577148,756480.0,1536,0,9,0.01024,analytic,"[1, 197, 768]","[1, 197, 768]",1316.5,0.0,0.577,cuda_event,cuda
8,encoder.layers.encoder_layer_1.mlp.0,Linear,0.24506,2.308594,929562624.0,2362368,0,10,0.24506,counter,"[1, 197, 768]","[1, 197, 3072]",1316.5,0.0,2.309,cuda_event,cuda
8,encoder.layers.encoder_layer_1.mlp.1,GELU,0.01507,2.308594,4841472.0,0,0,11,0.01507,analytic,"[1, 197, 3072]","[1, 197, 3072]",1316.5,0.0,2.309,cuda_event,cuda
8,encoder.layers.encoder_layer_1.mlp.3,Linear,0.23142,0.577148,929562624.0,2360064,0,12,0.23142,counter,"[1, 197, 3072]","[1, 197, 768]",1316.5,0.0,0.577,cuda_event,cuda
8,encoder.layers.encoder_layer_2.ln_1,LayerNorm,0.00912,0.577148,756480.0,1536,0,13,0.00912,analytic,"[1, 197, 768]","[1, 197, 768]",1316.5,0.0,0.577,cuda_event,cuda
8,encoder.layers.encoder_layer_2.self_attention,MultiheadAttention,0.33373,0.577148,1048783872.0,2362368,0,14,0.33373,counter,"[1, 197, 768]","[1, 197, 768]",1316.5,0.0,0.577,cuda_event,cuda
8,encoder.layers.encoder_layer_2.ln_2,LayerNorm,0.00995,0.577148,756480.0,1536,0,15,0.00995,analytic,"[1, 197, 768]","[1, 197, 768]",1316.5,0.0,0.577,cuda_event,cuda
8,encoder.layers.encoder_layer_2.mlp.0,Linear,0.24589,2.308594,929562624.0,2362368,0,16,0.24589,counter,"[1, 197, 768]","[1, 197, 3072]",1316.5,0.0,2.309,cuda_event,cuda
8,encoder.layers.encoder_layer_2.mlp.1,GELU,0.01475,2.308594,4841472.0,0,0,17,0.01475,analytic,"[1, 197, 3072]","[1, 197, 3072]",1316.5,0.0,2.309,cuda_event,cuda
8,encoder.layers.encoder_layer_2.mlp.3,Linear,0.23354,0.577148,929562624.0,2360064,0,18,0.23354,counter,"[1, 197, 3072]","[1, 197, 768]",1316.5,0.0,0.577,cuda_event,cuda
8,encoder.layers.encoder_layer_3.ln_1,LayerNorm,0.01024,0.577148,756480.0,1536,0,19,0.01024,analytic,"[1, 197, 768]","[1, 197, 768]",1316.5,0.0,0.577,cuda_event,cuda
8,encoder.layers.encoder_layer_3.self_attention,MultiheadAttention,0.33299,0.577148,1048783872.0,2362368,0,20,0.33299,counter,"[1, 197, 768]","[1, 197, 768]",1316.5,0.0,0.577,cuda_event,cuda
8,encoder.layers.encoder_layer_3.ln_2,LayerNorm,0.00918,0.577148,756480.0,1536,0,21,0.00918,analytic,"[1, 197, 768]","[1, 197, 768]",1316.5,0.0,0.577,cuda_event,cuda
8,encoder.layers.encoder_layer_3.mlp.0,Linear,0.24576,2.308594,929562624.0,2362368,0,22,0.24576,counter,"[1, 197, 768]","[1, 197, 3072]",1316.5,0.0,2.309,cuda_event,cuda
8,encoder.layers.encoder_layer_3.mlp.1,GELU,0.01331,2.308594,4841472.0,0,0,23,0.01331,analytic,"[1, 197, 3072]","[1, 197, 3072]",1316.5,0.0,2.309,cuda_event,cuda
8,encoder.layers.encoder_layer_3.mlp.3,Linear,0.23306,0.577148,929562624.0,2360064,0,24,0.23306,counter,"[1, 197, 3072]","[1, 197, 768]",1316.5,0.0,0.577,cuda_event,cuda
8,encoder.layers.encoder_layer_4.ln_1,LayerNorm,0.01024,0.577148,756480.0,1536,0,25,0.01024,analytic,"[1, 197, 768]","[1, 197, 768]",1316.5,0.0,0.577,cuda_event,cuda
8,encoder.layers.encoder_layer_4.self_attention,MultiheadAttention,0.33341,0.577148,1048783872.0,2362368,0,26,0.33341,counter,"[1, 197, 768]","[1, 197, 768]",1316.5,0.0,0.577,cuda_event,cuda
8,encoder.layers.encoder_layer_4.ln_2,LayerNorm,0.01018,0.577148,756480.0,1536,0,27,0.01018,analytic,"[1, 197, 768]","[1, 197, 768]",1316.5,0.0,0.577,cuda_event,cuda
8,encoder.layers.encoder_layer_4.mlp.0,Linear,0.24643,2.308594,929562624.0,2362368,0,28,0.24643,counter,"[1, 197, 768]","[1, 197, 3072]",1316.5,0.0,2.309,cuda_event,cuda
8,encoder.layers.encoder_layer_4.mlp.1,GELU,0.01434,2.308594,4841472.0,0,0,29,0.01434,analytic,"[1, 197, 3072]","[1, 197, 3072]",1316.5,0.0,2.309,cuda_event,cuda
8,encoder.layers.encoder_layer_4.mlp.3,Linear,0.23302,0.577148,929562624.0,2360064,0,30,0.23302,counter,"[1, 197, 3072]","[1, 197, 768]",1316.5,0.0,0.577,cuda_event,cuda
8,encoder.layers.encoder_layer_5.ln_1,LayerNorm,0.01014,0.577148,756480.0,1536,0,31,0.01014,analytic,"[1, 197, 768]","[1, 197, 768]",1316.5,0.0,0.577,cuda_event,cuda
8,encoder.layers.encoder_layer_5.self_attention,MultiheadAttention,0.33299,0.577148,1048783872.0,2362368,0,32,0.33299,counter,"[1, 197, 768]","[1, 197, 768]",1316.5,0.0,0.577,cuda_event,cuda
8,encoder.layers.encoder_layer_5.ln_2,LayerNorm,0.01024,0.577148,756480.0,1536,0,33,0.01024,analytic,"[1, 197, 768]","[1, 197, 768]",1316.5,0.0,0.577,cuda_event,cuda
8,encoder.layers.encoder_layer_5.mlp.0,Linear,0.24781,2.308594,929562624.0,2362368,0,34,0.24781,counter,"[1, 197, 768]","[1, 197, 3072]",1316.5,0.0,2.309,cuda_event,cuda
8,encoder.layers.encoder_layer_5.mlp.1,GELU,0.01434,2.308594,4841472.0,0,0,35,0.01434,analytic,"[1, 197, 3072]","[1, 197, 3072]",1316.5,0.0,2.309,cuda_event,cuda
8,encoder.layers.encoder_layer_5.mlp.3,Linear,0.23142,0.577148,929562624.0,2360064,0,36,0.23142,counter,"[1, 197, 3072]","[1, 197, 768]",1316.5,0.0,0.577,cuda_event,cuda
8,encoder.layers.encoder_layer_6.ln_1,LayerNorm,0.00941,0.577148,756480.0,1536,0,37,0.00941,analytic,"[1, 197, 768]","[1, 197, 768]",1316.5,0.0,0.577,cuda_event,cuda
8,encoder.layers.encoder_layer_6.self_attention,MultiheadAttention,0.30403,0.577148,1048783872.0,2362368,0,38,0.30403,counter,"[1, 197, 768]","[1, 197, 768]",1316.5,0.0,0.577,cuda_event,cuda
8,encoder.layers.encoder_layer_6.ln_2,LayerNorm,0.00854,0.577148,756480.0,1536,0,39,0.00854,analytic,"[1, 197, 768]","[1, 197, 768]",1316.5,0.0,0.577,cuda_event,cuda
8,encoder.layers.encoder_layer_6.mlp.0,Linear,0.2265,2.308594,929562624.0,2362368,0,40,0.2265,counter,"[1, 197, 768]","[1, 197, 3072]",1316.5,0.0,2.309,cuda_event,cuda
8,encoder.layers.encoder_layer_6.mlp.1,GELU,0.01306,2.308594,4841472.0,0,0,41,0.01306,analytic,"[1, 197, 3072]","[1, 197, 3072]",1316.5,0.0,2.309,cuda_event,cuda
8,encoder.layers.encoder_layer_6.mlp.3,Linear,0.21661,0.577148,929562624.0,2360064,0,42,0.21661,counter,"[1, 197, 3072]","[1, 197, 768]",1316.5,0.0,0.577,cuda_event,cuda
8,encoder.layers.encoder_layer_7.ln_1,LayerNorm,0.00925,0.577148,756480.0,1536,0,43,0.00925,analytic,"[1, 197, 768]","[1, 197, 768]",1316.5,0.0,0.577,cuda_event,cuda
8,encoder.layers.encoder_layer_7.self_attention,MultiheadAttention,0.3031,0.577148,1048783872.0,2362368,0,44,0.3031,counter,"[1, 197, 768]","[1, 197, 768]",1316.5,0.0,0.577,cuda_event,cuda
8,encoder.layers.encoder_layer_7.ln_2,LayerNorm,0.00957,0.577148,756480.0,1536,0,45,0.00957,analytic,"[1, 197, 768]","[1, 197, 768]",1316.5,0.0,0.577,cuda_event,cuda
8,encoder.layers.encoder_layer_7.mlp.0,Linear,0.2281,2.308594,929562624.0,2362368,0,46,0.2281,counter,"[1, 197, 768]","[1, 197, 3072]",1316.5,0.0,2.309,cuda_event,cuda
8,encoder.layers.encoder_layer_7.mlp.1,GELU,0.01414,2.308594,4841472.0,0,0,47,0.01414,analytic,"[1, 197, 3072]","[1, 197, 3072]",1316.5,0.0,2.309,cuda_event,cuda
8,encoder.layers.encoder_layer_7.mlp.3,Linear,0.21485,0.577148,929562624.0,2360064,0,48,0.21485,counter,"[1, 197, 3072]","[1, 197, 768]",1316.5,0.0,0.577,cuda_event,cuda
8,encoder.layers.encoder_layer_8.ln_1,LayerNorm,0.00822,0.577148,756480.0,1536,0,49,0.00822,analytic,"[1, 197, 768]","[1, 197, 768]",1316.5,0.0,0.577,cuda_event,cuda
8,encoder.layers.encoder_layer_8.self_attention,MultiheadAttention,0.3048,0.577148,1048783872.0,2362368,0,50,0.3048,counter,"[1, 197, 768]","[1, 197, 768]",1316.5,0.0,0.577,cuda_event,cuda
8,encoder.layers.encoder_layer_8.ln_2,LayerNorm,0.00861,0.577148,756480.0,1536,0,51,0.00861,analytic,"[1, 197, 768]","[1, 197, 768]",1316.5,0.0,0.577,cuda_event,cuda
8,encoder.layers.encoder_layer_8.mlp.0,Linear,0.22688,2.308594,929562624.0,2362368,0,52,0.22688,counter,"[1, 197, 768]","[1, 197, 3072]",1316.5,0.0,2.309,cuda_event,cuda
8,encoder.layers.encoder_layer_8.mlp.1,GELU,0.01446,2.308594,4841472.0,0,0,53,0.01446,analytic,"[1, 197, 3072]","[1, 197, 3072]",1316.5,0.0,2.309,cuda_event,cuda
8,encoder.layers.encoder_layer_8.mlp.3,Linear,0.21507,0.577148,929562624.0,2360064,0,54,0.21507,counter,"[1, 197, 3072]","[1, 197, 768]",1316.5,0.0,0.577,cuda_event,cuda
8,encoder.layers.encoder_layer_9.ln_1,LayerNorm,0.00922,0.577148,756480.0,1536,0,55,0.00922,analytic,"[1, 197, 768]","[1, 197, 768]",1316.5,0.0,0.577,cuda_event,cuda
8,encoder.layers.encoder_layer_9.self_attention,MultiheadAttention,0.30528,0.577148,1048783872.0,2362368,0,56,0.30528,counter,"[1, 197, 768]","[1, 197, 768]",1316.5,0.0,0.577,cuda_event,cuda
8,encoder.layers.encoder_layer_9.ln_2,LayerNorm,0.00957,0.577148,756480.0,1536,0,57,0.00957,analytic,"[1, 197, 768]","[1, 197, 768]",1316.5,0.0,0.577,cuda_event,cuda
8,encoder.layers.encoder_layer_9.mlp.0,Linear,0.22787,2.308594,929562624.0,2362368,0,58,0.22787,counter,"[1, 197, 768]","[1, 197, 3072]",1316.5,0.0,2.309,cuda_event,cuda
8,encoder.layers.encoder_layer_9.mlp.1,GELU,0.01376,2.308594,4841472.0,0,0,59,0.01376,analytic,"[1, 197, 3072]","[1, 197, 3072]",1316.5,0.0,2.309,cuda_event,cuda
8,encoder.layers.encoder_layer_9.mlp.3,Linear,0.21574,0.577148,929562624.0,2360064,0,60,0.21574,counter,"[1, 197, 3072]","[1, 197, 768]",1316.5,0.0,0.577,cuda_event,cuda
8,encoder.layers.encoder_layer_10.ln_1,LayerNorm,0.01024,0.577148,756480.0,1536,0,61,0.01024,analytic,"[1, 197, 768]","[1, 197, 768]",1316.5,0.0,0.577,cuda_event,cuda
8,encoder.layers.encoder_layer_10.self_attention,MultiheadAttention,0.30317,0.577148,1048783872.0,2362368,0,62,0.30317,counter,"[1, 197, 768]","[1, 197, 768]",1316.5,0.0,0.577,cuda_event,cuda
8,encoder.layers.encoder_layer_10.ln_2,LayerNorm,0.00877,0.577148,756480.0,1536,0,63,0.00877,analytic,"[1, 197, 768]","[1, 197, 768]",1316.5,0.0,0.577,cuda_event,cuda
8,encoder.layers.encoder_layer_10.mlp.0,Linear,0.2289,2.308594,929562624.0,2362368,0,64,0.2289,counter,"[1, 197, 768]","[1, 197, 3072]",1316.5,0.0,2.309,cuda_event,cuda
8,encoder.layers.encoder_layer_10.mlp.1,GELU,0.01437,2.308594,4841472.0,0,0,65,0.01437,analytic,"[1, 197, 3072]","[1, 197, 3072]",1316.5,0.0,2.309,cuda_event,cuda
8,encoder.layers.encoder_layer_10.mlp.3,Linear,0.2153,0.577148,929562624.0,2360064,0,66,0.2153,counter,"[1, 197, 3072]","[1, 197, 768]",1316.5,0.0,0.577,cuda_event,cuda
8,encoder.layers.encoder_layer_11.ln_1,LayerNorm,0.00976,0.577148,756480.0,1536,0,67,0.00976,analytic,"[1, 197, 768]","[1, 197, 768]",1316.5,0.0,0.577,cuda_event,cuda
8,encoder.layers.encoder_layer_11.self_attention,MultiheadAttention,0.30358,0.577148,1048783872.0,2362368,0,68,0.30358,counter,"[1, 197, 768]","[1, 197, 768]",1316.5,0.0,0.577,cuda_event,cuda
8,encoder.layers.encoder_layer_11.ln_2,LayerNorm,0.00819,0.577148,756480.0,1536,0,69,0.00819,analytic,"[1, 197, 768]","[1, 197, 768]",1316.5,0.0,0.577,cuda_event,cuda
8,encoder.layers.encoder_layer_11.mlp.0,Linear,0.22851,2.308594,929562624.0,2362368,0,70,0.22851,counter,"[1, 197, 768]","[1, 197, 3072]",1316.5,0.0,2.309,cuda_event,cuda
8,encoder.layers.encoder_layer_11.mlp.1,GELU,0.01482,2.308594,4841472.0,0,0,71,0.01482,analytic,"[1, 197, 3072]","[1, 197, 3072]",1316.5,0.0,2.309,cuda_event,cuda
8,encoder.layers.encoder_layer_11.mlp.3,Linear,0.21539,0.577148,929562624.0,2360064,0,72,0.21539,counter,"[1, 197, 3072]","[1, 197, 768]",1316.5,0.0,0.577,cuda_event,cuda
8,encoder.ln,LayerNorm,0.00826,0.577148,756480.0,1536,0,73,0.00826,analytic,"[1, 197, 768]","[1, 197, 768]",1316.5,0.0,0.577,cuda_event,cuda
8,heads.head,Linear,0.01798,0.003815,1536000.0,769000,0,74,0.01798,counter,"[1, 768]","[1, 1000]",1316.5,0.0,0.004,cuda_event,cuda
9,conv_proj,Conv2d,0.17936,0.574219,231211008.0,590592,0,0,0.17936,counter,"[1, 3, 224, 224]","[1, 768, 14, 14]",1316.5,0.0,0.574,cuda_event,cuda
9,encoder.layers.encoder_layer_0.ln_1,LayerNorm,0.00954,0.577148,756480.0,1536,0,1,0.00954,analytic,"[1, 197, 768]","[1, 197, 768]",1316.5,0.0,0.577,cuda_event,cuda
9,encoder.layers.encoder_layer_0.self_attention,MultiheadAttention,0.3032,0.577148,1048783872.0,2362368,0,2,0.3032,counter,"[1, 197, 768]","[1, 197, 768]",1316.5,0.0,0.577,cuda_event,cuda
9,encoder.layers.encoder_layer_0.ln_2,LayerNorm,0.00883,0.577148,756480.0,1536,0,3,0.00883,analytic,"[1, 197, 768]","[1, 197, 768]",1316.5,0.0,0.577,cuda_event,cuda
9,encoder.layers.encoder_layer_0.mlp.0,Linear,0.22707,2.308594,929562624.0,2362368,0,4,0.22707,counter,"[1, 197, 768]","[1, 197, 3072]",1316.5,0.0,2.309,cuda_event,cuda
9,encoder.layers.encoder_layer_0.mlp.1,GELU,0.01309,2.308594,4841472.0,0,0,5,0.01309,analytic,"[1, 197, 3072]","[1, 197, 3072]",1316.5,0.0,2.309,cuda_event,cuda
9,encoder.layers.encoder_layer_0.mlp.3,Linear,0.21709,0.577148,929562624.0,2360064,0,6,0.21709,counter,"[1, 197, 3072]","[1, 197, 768]",1316.5,0.0,0.577,cuda_event,cuda
9,encoder.layers.encoder_layer_1.ln_1,LayerNorm,0.00976,0.577148,756480.0,1536,0,7,0.00976,analytic,"[1, 197, 768]","[1, 197, 768]",1316.5,0.0,0.577,cuda_event,cuda
9,encoder.layers.encoder_layer_1.self_attention,MultiheadAttention,0.30278,0.577148,1048783872.0,2362368,0,8,0.30278,counter,"[1, 197, 768]","[1, 197, 768]",1316.5,0.0,0.577,cuda_event,cuda
9,encoder.layers.encoder_layer_1.ln_2,LayerNorm,0.00957,0.577148,756480.0,1536,0,9,0.00957,analytic,"[1, 197, 768]","[1, 197, 768]",1316.5,0.0,0.577,cuda_event,cuda
9,encoder.layers.encoder_layer_1.mlp.0,Linear,0.2273,2.308594,929562624.0,2362368,0,10,0.2273,counter,"[1, 197, 768]","[1, 197, 3072]",1316.5,0.0,2.309,cuda_event,cuda
9,encoder.layers.encoder_layer_1.mlp.1,GELU,0.01318,2.308594,4841472.0,0,0,11,0.01318,analytic,"[1, 197, 3072]","[1, 197, 3072]",1316.5,0.0,2.309,cuda_event,cuda
9,encoder.layers.encoder_layer_1.mlp.3,Linear,0.21709,0.577148,929562624.0,2360064,0,12,0.21709,counter,"[1, 197, 3072]","[1, 197, 768]",1316.5,0.0,0.577,cuda_event,cuda
9,encoder.layers.encoder_layer_2.ln_1,LayerNorm,0.01011,0.577148,756480.0,1536,0,13,0.01011,analytic,"[1, 197, 768]","[1, 197, 768]",1316.5,0.0,0.577,cuda_event,cuda
9,encoder.layers.encoder_layer_2.self_attention,MultiheadAttention,0.30272,0.577148,1048783872.0,2362368,0,14,0.30272,counter,"[1, 197, 768]","[1, 197, 768]",1316.5,0.0,0.577,cuda_event,cuda
9,encoder.layers.encoder_layer_2.ln_2,LayerNorm,0.00986,0.577148,756480.0,1536,0,15,0.00986,analytic,"[1, 197, 768]","[1, 197, 768]",1316.5,0.0,0.577,cuda_event,cuda
9,encoder.layers.encoder_layer_2.mlp.0,Linear,0.22576,2.308594,929562624.0,2362368,0,16,0.22576,counter,"[1, 197, 768]","[1, 197, 3072]",1316.5,0.0,2.309,cuda_event,cuda
9,encoder.layers.encoder_layer_2.mlp.1,GELU,0.01392,2.308594,4841472.0,0,0,17,0.01392,analytic,"[1, 197, 3072]","[1, 197, 3072]",1316.5,0.0,2.309,cuda_event,cuda
9,encoder.layers.encoder_layer_2.mlp.3,Linear,0.21533,0.577148,929562624.0,2360064,0,18,0.21533,counter,"[1, 197, 3072]","[1, 197, 768]",1316.5,0.0,0.577,cuda_event,cuda
9,encoder.layers.encoder_layer_3.ln_1,LayerNorm,0.01024,0.577148,756480.0,1536,0,19,0.01024,analytic,"[1, 197, 768]","[1, 197, 768]",1316.5,0.0,0.577,cuda_event,cuda
9,encoder.layers.encoder_layer_3.self_attention,MultiheadAttention,0.30448,0.577148,1048783872.0,2362368,0,20,0.30448,counter,"[1, 197, 768]","[1, 197, 768]",1316.5,0.0,0.577,cuda_event,cuda
9,encoder.layers.encoder_layer_3.ln_2,LayerNorm,0.01024,0.577148,756480.0,1536,0,21,0.01024,analytic,"[1, 197, 768]","[1, 197, 768]",1316.5,0.0,0.577,cuda_event,cuda
9,encoder.layers.encoder_layer_3.mlp.0,Linear,0.22528,2.308594,929562624.0,2362368,0,22,0.22528,counter,"[1, 197, 768]","[1, 197, 3072]",1316.5,0.0,2.309,cuda_event,cuda
9,encoder.layers.encoder_layer_3.mlp.1,GELU,0.01434,2.308594,4841472.0,0,0,23,0.01434,analytic,"[1, 197, 3072]","[1, 197, 3072]",1316.5,0.0,2.309,cuda_event,cuda
9,encoder.layers.encoder_layer_3.mlp.3,Linear,0.21504,0.577148,929562624.0,2360064,0,24,0.21504,counter,"[1, 197, 3072]","[1, 197, 768]",1316.5,0.0,0.577,cuda_event,cuda
9,encoder.layers.encoder_layer_4.ln_1,LayerNorm,0.00989,0.577148,756480.0,1536,0,25,0.00989,analytic,"[1, 197, 768]","[1, 197, 768]",1316.5,0.0,0.577,cuda_event,cuda
9,encoder.layers.encoder_layer_4.self_attention,MultiheadAttention,0.30518,0.577148,1048783872.0,2362368,0,26,0.30518,counter,"[1, 197, 768]","[1, 197, 768]",1316.5,0.0,0.577,cuda_event,cuda
9,encoder.layers.encoder_layer_4.ln_2,LayerNorm,0.00992,0.577148,756480.0,1536,0,27,0.00992,analytic,"[1, 197, 768]","[1, 197, 768]",1316.5,0.0,0.577,cuda_event,cuda
9,encoder.layers.encoder_layer_4.mlp.0,Linear,0.22771,2.308594,929562624.0,2362368,0,28,0.22771,counter,"[1, 197, 768]","[1, 197, 3072]",1316.5,0.0,2.309,cuda_event,cuda
9,encoder.layers.encoder_layer_4.mlp.1,GELU,0.01402,2.308594,4841472.0,0,0,29,0.01402,analytic,"[1, 197, 3072]","[1, 197, 3072]",1316.5,0.0,2.309,cuda_event,cuda
9,encoder.layers.encoder_layer_4.mlp.3,Linear,0.21341,0.577148,929562624.0,2360064,0,30,0.21341,counter,"[1, 197, 3072]","[1, 197, 768]",1316.5,0.0,0.577,cuda_event,cuda
9,encoder.layers.encoder_layer_5.ln_1,LayerNorm,0.0089,0.577148,756480.0,1536,0,31,0.0089,analytic,"[1, 197, 768]","[1, 197, 768]",1316.5,0.0,0.577,cuda_event,cuda
9,encoder.layers.encoder_layer_5.self_attention,MultiheadAttention,0.3031,0.577148,1048783872.0,2362368,0,32,0.3031,counter,"[1, 197, 768]","[1, 197, 768]",1316.5,0.0,0.577,cuda_event,cuda
9,encoder.layers.encoder_layer_5.ln_2,LayerNorm,0.00858,0.577148,756480.0,1536,0,33,0.00858,analytic,"[1, 197, 768]","[1, 197, 768]",1316.5,0.0,0.577,cuda_event,cuda
9,encoder.layers.encoder_layer_5.mlp.0,Linear,0.22835,2.308594,929562624.0,2362368,0,34,0.22835,counter,"[1, 197, 768]","[1, 197, 3072]",1316.5,0.0,2.309,cuda_event,cuda
9,encoder.layers.encoder_layer_5.mlp.1,GELU,0.01434,2.308594,4841472.0,0,0,35,0.01434,analytic,"[1, 197, 3072]","[1, 197, 3072]",1316.5,0.0,2.309,cuda_event,cuda
9,encoder.layers.encoder_layer_5.mlp.3,Linear,0.21504,0.577148,929562624.0,2360064,0,36,0.21504,counter,"[1, 197, 3072]","[1, 197, 768]",1316.5,0.0,0.577,cuda_event,cuda
9,encoder.layers.encoder_layer_6.ln_1,LayerNorm,0.00893,0.577148,756480.0,1536,0,37,0.00893,analytic,"[1, 197, 768]","[1, 197, 768]",1316.5,0.0,0.577,cuda_event,cuda
9,encoder.layers.encoder_layer_6.self_attention,MultiheadAttention,0.30317,0.577148,1048783872.0,2362368,0,38,0.30317,counter,"[1, 197, 768]","[1, 197, 768]",1316.5,0.0,0.577,cuda_event,cuda
9,encoder.layers.encoder_layer_6.ln_2,LayerNorm,0.00925,0.577148,756480.0,1536,0,39,0.00925,analytic,"[1, 197, 768]","[1, 197, 768]",1316.5,0.0,0.577,cuda_event,cuda
9,encoder.layers.encoder_layer_6.mlp.0,Linear,0.22938,2.308594,929562624.0,2362368,0,40,0.22938,counter,"[1, 197, 768]","[1, 197, 3072]",1316.5,0.0,2.309,cuda_event,cuda
9,encoder.layers.encoder_layer_6.mlp.1,GELU,0.01395,2.308594,4841472.0,0,0,41,0.01395,analytic,"[1, 197, 3072]","[1, 197, 3072]",1316.5,0.0,2.309,cuda_event,cuda
9,encoder.layers.encoder_layer_6.mlp.3,Linear,0.21504,0.577148,929562624.0,2360064,0,42,0.21504,counter,"[1, 197, 3072]","[1, 197, 768]",1316.5,0.0,0.577,cuda_event,cuda
9,encoder.layers.encoder_layer_7.ln_1,LayerNorm,0.00819,0.577148,756480.0,1536,0,43,0.00819,analytic,"[1, 197, 768]","[1, 197, 768]",1316.5,0.0,0.577,cuda_event,cuda
9,encoder.layers.encoder_layer_7.self_attention,MultiheadAttention,0.30317,0.577148,1048783872.0,2362368,0,44,0.30317,counter,"[1, 197, 768]","[1, 197, 768]",1316.5,0.0,0.577,cuda_event,cuda
9,encoder.layers.encoder_layer_7.ln_2,LayerNorm,0.00954,0.577148,756480.0,1536,0,45,0.00954,analytic,"[1, 197, 768]","[1, 197, 768]",1316.5,0.0,0.577,cuda_event,cuda
9,encoder.layers.encoder_layer_7.mlp.0,Linear,0.22739,2.308594,929562624.0,2362368,0,46,0.22739,counter,"[1, 197, 768]","[1, 197, 3072]",1316.5,0.0,2.309,cuda_event,cuda
9,encoder.layers.encoder_layer_7.mlp.1,GELU,0.01283,2.308594,4841472.0,0,0,47,0.01283,analytic,"[1, 197, 3072]","[1, 197, 3072]",1316.5,0.0,2.309,cuda_event,cuda
9,encoder.layers.encoder_layer_7.mlp.3,Linear,0.21504,0.577148,929562624.0,2360064,0,48,0.21504,counter,"[1, 197, 3072]","[1, 197, 768]",1316.5,0.0,0.577,cuda_event,cuda
9,encoder.layers.encoder_layer_8.ln_1,LayerNorm,0.00874,0.577148,756480.0,1536,0,49,0.00874,analytic,"[1, 197, 768]","[1, 197, 768]",1316.5,0.0,0.577,cuda_event,cuda
9,encoder.layers.encoder_layer_8.self_attention,MultiheadAttention,0.30509,0.577148,1048783872.0,2362368,0,50,0.30509,counter,"[1, 197, 768]","[1, 197, 768]",1316.5,0.0,0.577,cuda_event,cuda
9,encoder.layers.encoder_layer_8.ln_2,LayerNorm,0.00893,0.577148,756480.0,1536,0,51,0.00893,analytic,"[1, 197, 768]","[1, 197, 768]",1316.5,0.0,0.577,cuda_event,cuda
9,encoder.layers.encoder_layer_8.mlp.0,Linear,0.2265,2.308594,929562624.0,2362368,0,52,0.2265,counter,"[1, 197, 768]","[1, 197, 3072]",1316.5,0.0,2.309,cuda_event,cuda
9,encoder.layers.encoder_layer_8.mlp.1,GELU,0.0145,2.308594,4841472.0,0,0,53,0.0145,analytic,"[1, 197, 3072]","[1, 197, 3072]",1316.5,0.0,2.309,cuda_event,cuda
9,encoder.layers.encoder_layer_8.mlp.3,Linear,0.21386,0.577148,929562624.0,2360064,0,54,0.21386,counter,"[1, 197, 3072]","[1, 197, 768]",1316.5,0.0,0.577,cuda_event,cuda
9,encoder.layers.encoder_layer_9.ln_1,LayerNorm,0.00963,0.577148,756480.0,1536,0,55,0.00963,analytic,"[1, 197, 768]","[1, 197, 768]",1316.5,0.0,0.577,cuda_event,cuda
9,encoder.layers.encoder_layer_9.self_attention,MultiheadAttention,0.30384,0.577148,1048783872.0,2362368,0,56,0.30384,counter,"[1, 197, 768]","[1, 197, 768]",1316.5,0.0,0.577,cuda_event,cuda
9,encoder.layers.encoder_layer_9.ln_2,LayerNorm,0.00867,0.577148,756480.0,1536,0,57,0.00867,analytic,"[1, 197, 768]","[1, 197, 768]",1316.5,0.0,0.577,cuda_event,cuda
9,encoder.layers.encoder_layer_9.mlp.0,Linear,0.22733,2.308594,929562624.0,2362368,0,58,0.22733,counter,"[1, 197, 768]","[1, 197, 3072]",1316.5,0.0,2.309,cuda_event,cuda
9,encoder.layers.encoder_layer_9.mlp.1,GELU,0.01424,2.308594,4841472.0,0,0,59,0.01424,analytic,"[1, 197, 3072]","[1, 197, 3072]",1316.5,0.0,2.309,cuda_event,cuda
9,encoder.layers.encoder_layer_9.mlp.3,Linear,0.21507,0.577148,929562624.0,2360064,0,60,0.21507,counter,"[1, 197, 3072]","[1, 197, 768]",1316.5,0.0,0.577,cuda_event,cuda
9,encoder.layers.encoder_layer_10.ln_1,LayerNorm,0.00986,0.577148,756480.0,1536,0,61,0.00986,analytic,"[1, 197, 768]","[1, 197, 768]",1316.5,0.0,0.577,cuda_event,cuda
9,encoder.layers.encoder_layer_10.self_attention,MultiheadAttention,0.30298,0.577148,1048783872.0,2362368,0,62,0.30298,counter,"[1, 197, 768]","[1, 197, 768]",1316.5,0.0,0.577,cuda_event,cuda
9,encoder.layers.encoder_layer_10.ln_2,LayerNorm,0.01008,0.577148,756480.0,1536,0,63,0.01008,analytic,"[1, 197, 768]","[1, 197, 768]",1316.5,0.0,0.577,cuda_event,cuda
9,encoder.layers.encoder_layer_10.mlp.0,Linear,0.2271,2.308594,929562624.0,2362368,0,64,0.2271,counter,"[1, 197, 768]","[1, 197, 3072]",1316.5,0.0,2.309,cuda_event,cuda
9,encoder.layers.encoder_layer_10.mlp.1,GELU,0.0143,2.308594,4841472.0,0,0,65,0.0143,analytic,"[1, 197, 3072]","[1, 197, 3072]",1316.5,0.0,2.309,cuda_event,cuda
9,encoder.layers.encoder_layer_10.mlp.3,Linear,0.2151,0.577148,929562624.0,2360064,0,66,0.2151,counter,"[1, 197, 3072]","[1, 197, 768]",1316.5,0.0,0.577,cuda_event,cuda
9,encoder.layers.encoder_layer_11.ln_1,LayerNorm,0.00966,0.577148,756480.0,1536,0,67,0.00966,analytic,"[1, 197, 768]","[1, 197, 768]",1316.5,0.0,0.577,cuda_event,cuda
9,encoder.layers.encoder_layer_11.self_attention,MultiheadAttention,0.30582,0.577148,1048783872.0,2362368,0,68,0.30582,counter,"[1, 197, 768]","[1, 197, 768]",1316.5,0.0,0.577,cuda_event,cuda
9,encoder.layers.encoder_layer_11.ln_2,LayerNorm,0.00944,0.577148,756480.0,1536,0,69,0.00944,analytic,"[1, 197, 768]","[1, 197, 768]",1316.5,0.0,0.577,cuda_event,cuda
9,encoder.layers.encoder_layer_11.mlp.0,Linear,0.23114,2.308594,929562624.0,2362368,0,70,0.23114,counter,"[1, 197, 768]","[1, 197, 3072]",1316.5,0.0,2.309,cuda_event,cuda
9,encoder.layers.encoder_layer_11.mlp.1,GELU,0.01434,2.308594,4841472.0,0,0,71,0.01434,analytic,"[1, 197, 3072]","[1, 197, 3072]",1316.5,0.0,2.309,cuda_event,cuda
9,encoder.layers.encoder_layer_11.mlp.3,Linear,0.21709,0.577148,929562624.0,2360064,0,72,0.21709,counter,"[1, 197, 3072]","[1, 197, 768]",1316.5,0.0,0.577,cuda_event,cuda
9,encoder.ln,LayerNorm,0.00861,0.577148,756480.0,1536,0,73,0.00861,analytic,"[1, 197, 768]","[1, 197, 768]",1316.5,0.0,0.577,cuda_event,cuda
9,heads.head,Linear,0.01763,0.003815,1536000.0,769000,0,74,0.01763,counter,"[1, 768]","[1, 1000]",1316.5,0.0,0.004,cuda_event,cuda
10,conv_proj,Conv2d,0.18227,0.574219,231211008.0,590592,0,0,0.18227,counter,"[1, 3, 224, 224]","[1, 768, 14, 14]",1316.5,0.0,0.574,cuda_event,cuda
10,encoder.layers.encoder_layer_0.ln_1,LayerNorm,0.00925,0.577148,756480.0,1536,0,1,0.00925,analytic,"[1, 197, 768]","[1, 197, 768]",1316.5,0.0,0.577,cuda_event,cuda
10,encoder.layers.encoder_layer_0.self_attention,MultiheadAttention,0.3113,0.577148,1048783872.0,2362368,0,2,0.3113,counter,"[1, 197, 768]","[1, 197, 768]",1316.5,0.0,0.577,cuda_event,cuda
10,encoder.layers.encoder_layer_0.ln_2,LayerNorm,0.00957,0.577148,756480.0,1536,0,3,0.00957,analytic,"[1, 197, 768]","[1, 197, 768]",1316.5,0.0,0.577,cuda_event,cuda
10,encoder.layers.encoder_layer_0.mlp.0,Linear,0.23149,2.308594,929562624.0,2362368,0,4,0.23149,counter,"[1, 197, 768]","[1, 197, 3072]",1316.5,0.0,2.309,cuda_event,cuda
10,encoder.layers.encoder_layer_0.mlp.1,GELU,0.01466,2.308594,4841472.0,0,0,5,0.01466,analytic,"[1, 197, 3072]","[1, 197, 3072]",1316.5,0.0,2.309,cuda_event,cuda
10,encoder.layers.encoder_layer_0.mlp.3,Linear,0.2192,0.577148,929562624.0,2360064,0,6,0.2192,counter,"[1, 197, 3072]","[1, 197, 768]",1316.5,0.0,0.577,cuda_event,cuda
10,encoder.layers.encoder_layer_1.ln_1,LayerNorm,0.00934,0.577148,756480.0,1536,0,7,0.00934,analytic,"[1, 197, 768]","[1, 197, 768]",1316.5,0.0,0.577,cuda_event,cuda
10,encoder.layers.encoder_layer_1.self_attention,MultiheadAttention,0.30986,0.577148,1048783872.0,2362368,0,8,0.30986,counter,"[1, 197, 768]","[1, 197, 768]",1316.5,0.0,0.577,cuda_event,cuda
10,encoder.layers.encoder_layer_1.ln_2,LayerNorm,0.00906,0.577148,756480.0,1536,0,9,0.00906,analytic,"[1, 197, 768]","[1, 197, 768]",1316.5,0.0,0.577,cuda_event,cuda
10,encoder.layers.encoder_layer_1.mlp.0,Linear,0.23142,2.308594,929562624.0,2362368,0,10,0.23142,counter,"[1, 197, 768]","[1, 197, 3072]",1316.5,0.0,2.309,cuda_event,cuda
10,encoder.layers.encoder_layer_1.mlp.1,GELU,0.01229,2.308594,4841472.0,0,0,11,0.01229,analytic,"[1, 197, 3072]","[1, 197, 3072]",1316.5,0.0,2.309,cuda_event,cuda
10,encoder.layers.encoder_layer_1.mlp.3,Linear,0.22026,0.577148,929562624.0,2360064,0,12,0.22026,counter,"[1, 197, 3072]","[1, 197, 768]",1316.5,0.0,0.577,cuda_event,cuda
10,encoder.layers.encoder_layer_2.ln_1,LayerNorm,0.00848,0.577148,756480.0,1536,0,13,0.00848,analytic,"[1, 197, 768]","[1, 197, 768]",1316.5,0.0,0.577,cuda_event,cuda
10,encoder.layers.encoder_layer_2.self_attention,MultiheadAttention,0.31043,0.577148,1048783872.0,2362368,0,14,0.31043,counter,"[1, 197, 768]","[1, 197, 768]",1316.5,0.0,0.577,cuda_event,cuda
10,encoder.layers.encoder_layer_2.ln_2,LayerNorm,0.00979,0.577148,756480.0,1536,0,15,0.00979,analytic,"[1, 197, 768]","[1, 197, 768]",1316.5,0.0,0.577,cuda_event,cuda
10,encoder.layers.encoder_layer_2.mlp.0,Linear,0.23094,2.308594,929562624.0,2362368,0,16,0.23094,counter,"[1, 197, 768]","[1, 197, 3072]",1316.5,0.0,2.309,cuda_event,cuda
10,encoder.layers.encoder_layer_2.mlp.1,GELU,0.01408,2.308594,4841472.0,0,0,17,0.01408,analytic,"[1, 197, 3072]","[1, 197, 3072]",1316.5,0.0,2.309,cuda_event,cuda
10,encoder.layers.encoder_layer_2.mlp.3,Linear,0.21741,0.577148,929562624.0,2360064,0,18,0.21741,counter,"[1, 197, 3072]","[1, 197, 768]",1316.5,0.0,0.577,cuda_event,cuda
10,encoder.layers.encoder_layer_3.ln_1,LayerNorm,0.00906,0.577148,756480.0,1536,0,19,0.00906,analytic,"[1, 197, 768]","[1, 197, 768]",1316.5,0.0,0.577,cuda_event,cuda
10,encoder.layers.encoder_layer_3.self_attention,MultiheadAttention,0.30941,0.577148,1048783872.0,2362368,0,20,0.30941,counter,"[1, 197, 768]","[1, 197, 768]",1316.5,0.0,0.577,cuda_event,cuda
10,encoder.layers.encoder_layer_3.ln_2,LayerNorm,0.0096,0.577148,756480.0,1536,0,21,0.0096,analytic,"[1, 197, 768]","[1, 197, 768]",1316.5,0.0,0.577,cuda_event,cuda
10,encoder.layers.encoder_layer_3.mlp.0,Linear,0.2304,2.308594,929562624.0,2362368,0,22,0.2304,counter,"[1, 197, 768]","[1, 197, 3072]",1316.5,0.0,2.309,cuda_event,cuda
10,encoder.layers.encoder_layer_3.mlp.1,GELU,0.01414,2.308594,4841472.0,0,0,23,0.01414,analytic,"[1, 197, 3072]","[1, 197, 3072]",1316.5,0.0,2.309,cuda_event,cuda
10,encoder.layers.encoder_layer_3.mlp.3,Linear,0.21914,0.577148,929562624.0,2360064,0,24,0.21914,counter,"[1, 197, 3072]","[1, 197, 768]",1316.5,0.0,0.577,cuda_event,cuda
10,encoder.layers.encoder_layer_4.ln_1,LayerNorm,0.00941,0.577148,756480.0,1536,0,25,0.00941,analytic,"[1, 197, 768]","[1, 197, 768]",1316.5,0.0,0.577,cuda_event,cuda
10,encoder.layers.encoder_layer_4.self_attention,MultiheadAttention,0.31018,0.577148,1048783872.0,2362368,0,26,0.31018,counter,"[1, 197, 768]","[1, 197, 768]",1316.5,0.0,0.577,cuda_event,cuda
10,encoder.layers.encoder_layer_4.ln_2,LayerNorm,0.00941,0.577148,756480.0,1536,0,27,0.00941,analytic,"[1, 197, 768]","[1, 197, 768]",1316.5,0.0,0.577,cuda_event,cuda
10,encoder.layers.encoder_layer_4.mlp.0,Linear,0.2303,2.308594,929562624.0,2362368,0,28,0.2303,counter,"[1, 197, 768]","[1, 197, 3072]",1316.5,0.0,2.309,cuda_event,cuda
10,encoder.layers.encoder_layer_4.mlp.1,GELU,0.01434,2.308594,4841472.0,0,0,29,0.01434,analytic,"[1, 197, 3072]","[1, 197, 3072]",1316.5,0.0,2.309,cuda_event,cuda
10,encoder.layers.encoder_layer_4.mlp.3,Linear,0.2191,0.577148,929562624.0,2360064,0,30,0.2191,counter,"[1, 197, 3072]","[1, 197, 768]",1316.5,0.0,0.577,cuda_event,cuda
10,encoder.layers.encoder_layer_5.ln_1,LayerNorm,0.00938,0.577148,756480.0,1536,0,31,0.00938,analytic,"[1, 197, 768]","[1, 197, 768]",1316.5,0.0,0.577,cuda_event,cuda
10,encoder.layers.encoder_layer_5.self_attention,MultiheadAttention,0.31018,0.577148,1048783872.0,2362368,0,32,0.31018,counter,"[1, 197, 768]","[1, 197, 768]",1316.5,0.0,0.577,cuda_event,cuda
10,encoder.layers.encoder_layer_5.ln_2,LayerNorm,0.00832,0.577148,756480.0,1536,0,33,0.00832,analytic,"[1, 197, 768]","[1, 197, 768]",1316.5,0.0,0.577,cuda_event,cuda
10,encoder.layers.encoder_layer_5.mlp.0,Linear,0.23142,2.308594,929562624.0,2362368,0,34,0.23142,counter,"[1, 197, 768]","[1, 197, 3072]",1316.5,0.0,2.309,cuda_event,cuda
10,encoder.layers.encoder_layer_5.mlp.1,GELU,0.01434,2.308594,4841472.0,0,0,35,0.01434,analytic,"[1, 197, 3072]","[1, 197, 3072]",1316.5,0.0,2.309,cuda_event,cuda
10,encoder.layers.encoder_layer_5.mlp.3,Linear,0.21914,0.577148,929562624.0,2360064,0,36,0.21914,counter,"[1, 197, 3072]","[1, 197, 768]",1316.5,0.0,0.577,cuda_event,cuda
10,encoder.layers.encoder_layer_6.ln_1,LayerNorm,0.00986,0.577148,756480.0,1536,0,37,0.00986,analytic,"[1, 197, 768]","[1, 197, 768]",1316.5,0.0,0.577,cuda_event,cuda
10,encoder.layers.encoder_layer_6.self_attention,MultiheadAttention,0.30954,0.577148,1048783872.0,2362368,0,38,0.30954,counter,"[1, 197, 768]","[1, 197, 768]",1316.5,0.0,0.577,cuda_event,cuda
10,encoder.layers.encoder_layer_6.ln_2,LayerNorm,0.00845,0.577148,756480.0,1536,0,39,0.00845,analytic,"[1, 197, 768]","[1, 197, 768]",1316.5,0.0,0.577,cuda_event,cuda
10,encoder.layers.encoder_layer_6.mlp.0,Linear,0.23142,2.308594,929562624.0,2362368,0,40,0.23142,counter,"[1, 197, 768]","[1, 197, 3072]",1316.5,0.0,2.309,cuda_event,cuda
10,encoder.layers.encoder_layer_6.mlp.1,GELU,0.01421,2.308594,4841472.0,0,0,41,0.01421,analytic,"[1, 197, 3072]","[1, 197, 3072]",1316.5,0.0,2.309,cuda_event,cuda
10,encoder.layers.encoder_layer_6.mlp.3,Linear,0.21933,0.577148,929562624.0,2360064,0,42,0.21933,counter,"[1, 197, 3072]","[1, 197, 768]",1316.5,0.0,0.577,cuda_event,cuda
10,encoder.layers.encoder_layer_7.ln_1,LayerNorm,0.00995,0.577148,756480.0,1536,0,43,0.00995,analytic,"[1, 197, 768]","[1, 197, 768]",1316.5,0.0,0.577,cuda_event,cuda
10,encoder.layers.encoder_layer_7.self_attention,MultiheadAttention,0.30944,0.577148,1048783872.0,2362368,0,44,0.30944,counter,"[1, 197, 768]","[1, 197, 768]",1316.5,0.0,0.577,cuda_event,cuda
10,encoder.layers.encoder_layer_7.ln_2,LayerNorm,0.00922,0.577148,756480.0,1536,0,45,0.00922,analytic,"[1, 197, 768]","[1, 197, 768]",1316.5,0.0,0.577,cuda_event,cuda
10,encoder.layers.encoder_layer_7.mlp.0,Linear,0.23261,2.308594,929562624.0,2362368,0,46,0.23261,counter,"[1, 197, 768]","[1, 197, 3072]",1316.5,0.0,2.309,cuda_event,cuda
10,encoder.layers.encoder_layer_7.mlp.1,GELU,0.01302,2.308594,4841472.0,0,0,47,0.01302,analytic,"[1, 197, 3072]","[1, 197, 3072]",1316.5,0.0,2.309,cuda_event,cuda
10,encoder.layers.encoder_layer_7.mlp.3,Linear,0.21914,0.577148,929562624.0,2360064,0,48,0.21914,counter,"[1, 197, 3072]","[1, 197, 768]",1316.5,0.0,0.577,cuda_event,cuda
10,encoder.layers.encoder_layer_8.ln_1,LayerNorm,0.00995,0.577148,756480.0,1536,0,49,0.00995,analytic,"[1, 197, 768]","[1, 197, 768]",1316.5,0.0,0.577,cuda_event,cuda
10,encoder.layers.encoder_layer_8.self_attention,MultiheadAttention,0.30944,0.577148,1048783872.0,2362368,0,50,0.30944,counter,"[1, 197, 768]","[1, 197, 768]",1316.5,0.0,0.577,cuda_event,cuda
10,encoder.layers.encoder_layer_8.ln_2,LayerNorm,0.00883,0.577148,756480.0,1536,0,51,0.00883,analytic,"[1, 197, 768]","[1, 197, 768]",1316.5,0.0,0.577,cuda_event,cuda
10,encoder.layers.encoder_layer_8.mlp.0,Linear,0.23091,2.308594,929562624.0,2362368,0,52,0.23091,counter,"[1, 197, 768]","[1, 197, 3072]",1316.5,0.0,2.309,cuda_event,cuda
10,encoder.layers.encoder_layer_8.mlp.1,GELU,0.01286,2.308594,4841472.0,0,0,53,0.01286,analytic,"[1, 197, 3072]","[1, 197, 3072]",1316.5,0.0,2.309,cuda_event,cuda
10,encoder.layers.encoder_layer_8.mlp.3,Linear,0.2232,0.577148,929562624.0,2360064,0,54,0.2232,counter,"[1, 197, 3072]","[1, 197, 768]",1316.5,0.0,0.577,cuda_event,cuda
10,encoder.layers.encoder_layer_9.ln_1,LayerNorm,0.01008,0.577148,756480.0,1536,0,55,0.01008,analytic,"[1, 197, 768]","[1, 197, 768]",1316.5,0.0,0.577,cuda_event,cuda
10,encoder.layers.encoder_layer_9.self_attention,MultiheadAttention,0.30941,0.577148,1048783872.0,2362368,0,56,0.30941,counter,"[1, 197, 768]","[1, 197, 768]",1316.5,0.0,0.577,cuda_event,cuda
10,encoder.layers.encoder_layer_9.ln_2,LayerNorm,0.00982,0.577148,756480.0,1536,0,57,0.00982,analytic,"[1, 197, 768]","[1, 197, 768]",1316.5,0.0,0.577,cuda_event,cuda
10,encoder.layers.encoder_layer_9.mlp.0,Linear,0.2312,2.308594,929562624.0,2362368,0,58,0.2312,counter,"[1, 197, 768]","[1, 197, 3072]",1316.5,0.0,2.309,cuda_event,cuda
10,encoder.layers.encoder_layer_9.mlp.1,GELU,0.01418,2.308594,4841472.0,0,0,59,0.01418,analytic,"[1, 197, 3072]","[1, 197, 3072]",1316.5,0.0,2.309,cuda_event,cuda
10,encoder.layers.encoder_layer_9.mlp.3,Linear,0.2191,0.577148,929562624.0,2360064,0,60,0.2191,counter,"[1, 197, 3072]","[1, 197, 768]",1316.5,0.0,0.577,cuda_event,cuda
10,encoder.layers.encoder_layer_10.ln_1,LayerNorm,0.0089,0.577148,756480.0,1536,0,61,0.0089,analytic,"[1, 197, 768]","[1, 197, 768]",1316.5,0.0,0.577,cuda_event,cuda
10,encoder.layers.encoder_layer_10.self_attention,MultiheadAttention,0.30925,0.577148,1048783872.0,2362368,0,62,0.30925,counter,"[1, 197, 768]","[1, 197, 768]",1316.5,0.0,0.577,cuda_event,cuda
10,encoder.layers.encoder_layer_10.ln_2,LayerNorm,0.01008,0.577148,756480.0,1536,0,63,0.01008,analytic,"[1, 197, 768]","[1, 197, 768]",1316.5,0.0,0.577,cuda_event,cuda
10,encoder.layers.encoder_layer_10.mlp.0,Linear,0.23152,2.308594,929562624.0,2362368,0,64,0.23152,counter,"[1, 197, 768]","[1, 197, 3072]",1316.5,0.0,2.309,cuda_event,cuda
10,encoder.layers.encoder_layer_10.mlp.1,GELU,0.01398,2.308594,4841472.0,0,0,65,0.01398,analytic,"[1, 197, 3072]","[1, 197, 3072]",1316.5,0.0,2.309,cuda_event,cuda
10,encoder.layers.encoder_layer_10.mlp.3,Linear,0.21955,0.577148,929562624.0,2360064,0,66,0.21955,counter,"[1, 197, 3072]","[1, 197, 768]",1316.5,0.0,0.577,cuda_event,cuda
10,encoder.layers.encoder_layer_11.ln_1,LayerNorm,0.00992,0.577148,756480.0,1536,0,67,0.00992,analytic,"[1, 197, 768]","[1, 197, 768]",1316.5,0.0,0.577,cuda_event,cuda
10,encoder.layers.encoder_layer_11.self_attention,MultiheadAttention,0.30966,0.577148,1048783872.0,2362368,0,68,0.30966,counter,"[1, 197, 768]","[1, 197, 768]",1316.5,0.0,0.577,cuda_event,cuda
10,encoder.layers.encoder_layer_11.ln_2,LayerNorm,0.00931,0.577148,756480.0,1536,0,69,0.00931,analytic,"[1, 197, 768]","[1, 197, 768]",1316.5,0.0,0.577,cuda_event,cuda
10,encoder.layers.encoder_layer_11.mlp.0,Linear,0.23226,2.308594,929562624.0,2362368,0,70,0.23226,counter,"[1, 197, 768]","[1, 197, 3072]",1316.5,0.0,2.309,cuda_event,cuda
10,encoder.layers.encoder_layer_11.mlp.1,GELU,0.01254,2.308594,4841472.0,0,0,71,0.01254,analytic,"[1, 197, 3072]","[1, 197, 3072]",1316.5,0.0,2.309,cuda_event,cuda
10,encoder.layers.encoder_layer_11.mlp.3,Linear,0.21872,0.577148,929562624.0,2360064,0,72,0.21872,counter,"[1, 197, 3072]","[1, 197, 768]",1316.5,0.0,0.577,cuda_event,cuda
10,encoder.ln,LayerNorm,0.00829,0.577148,756480.0,1536,0,73,0.00829,analytic,"[1, 197, 768]","[1, 197, 768]",1316.5,0.0,0.577,cuda_event,cuda
10,heads.head,Linear,0.01792,0.003815,1536000.0,769000,0,74,0.01792,counter,"[1, 768]","[1, 1000]",1316.5,0.0,0.004,cuda_event,cuda
11,conv_proj,Conv2d,0.19645,0.574219,231211008.0,590592,0,0,0.19645,counter,"[1, 3, 224, 224]","[1, 768, 14, 14]",1316.5,0.0,0.574,cuda_event,cuda
11,encoder.layers.encoder_layer_0.ln_1,LayerNorm,0.01024,0.577148,756480.0,1536,0,1,0.01024,analytic,"[1, 197, 768]","[1, 197, 768]",1316.5,0.0,0.577,cuda_event,cuda
11,encoder.layers.encoder_layer_0.self_attention,MultiheadAttention,0.33325,0.577148,1048783872.0,2362368,0,2,0.33325,counter,"[1, 197, 768]","[1, 197, 768]",1316.5,0.0,0.577,cuda_event,cuda
11,encoder.layers.encoder_layer_0.ln_2,LayerNorm,0.00886,0.577148,756480.0,1536,0,3,0.00886,analytic,"[1, 197, 768]","[1, 197, 768]",1316.5,0.0,0.577,cuda_event,cuda
11,encoder.layers.encoder_layer_0.mlp.0,Linear,0.24698,2.308594,929562624.0,2362368,0,4,0.24698,counter,"[1, 197, 768]","[1, 197, 3072]",1316.5,0.0,2.309,cuda_event,cuda
11,encoder.layers.encoder_layer_0.mlp.1,GELU,0.01312,2.308594,4841472.0,0,0,5,0.01312,analytic,"[1, 197, 3072]","[1, 197, 3072]",1316.5,0.0,2.309,cuda_event,cuda
11,encoder.layers.encoder_layer_0.mlp.3,Linear,0.23552,0.577148,929562624.0,2360064,0,6,0.23552,counter,"[1, 197, 3072]","[1, 197, 768]",1316.5,0.0,0.577,cuda_event,cuda
11,encoder.layers.encoder_layer_1.ln_1,LayerNorm,0.01027,0.577148,756480.0,1536,0,7,0.01027,analytic,"[1, 197, 768]","[1, 197, 768]",1316.5,0.0,0.577,cuda_event,cuda
11,encoder.layers.encoder_layer_1.self_attention,MultiheadAttention,0.33203,0.577148,1048783872.0,2362368,0,8,0.33203,counter,"[1, 197, 768]","[1, 197, 768]",1316.5,0.0,0.577,cuda_event,cuda
11,encoder.layers.encoder_layer_1.ln_2,LayerNorm,0.00989,0.577148,756480.0,1536,0,9,0.00989,analytic,"[1, 197, 768]","[1, 197, 768]",1316.5,0.0,0.577,cuda_event,cuda
11,encoder.layers.encoder_layer_1.mlp.0,Linear,0.24611,2.308594,929562624.0,2362368,0,10,0.24611,counter,"[1, 197, 768]","[1, 197, 3072]",1316.5,0.0,2.309,cuda_event,cuda
11,encoder.layers.encoder_layer_1.mlp.1,GELU,0.01571,2.308594,4841472.0,0,0,11,0.01571,analytic,"[1, 197, 3072]","[1, 197, 3072]",1316.5,0.0,2.309,cuda_event,cuda
11,encoder.layers.encoder_layer_1.mlp.3,Linear,0.23213,0.577148,929562624.0,2360064,0,12,0.23213,counter,"[1, 197, 3072]","[1, 197, 768]",1316.5,0.0,0.577,cuda_event,cuda
11,encoder.layers.encoder_layer_2.ln_1,LayerNorm,0.0089,0.577148,756480.0,1536,0,13,0.0089,analytic,"[1, 197, 768]","[1, 197, 768]",1316.5,0.0,0.577,cuda_event,cuda
11,encoder.layers.encoder_layer_2.self_attention,MultiheadAttention,0.33382,0.577148,1048783872.0,2362368,0,14,0.33382,counter,"[1, 197, 768]","[1, 197, 768]",1316.5,0.0,0.577,cuda_event,cuda
11,encoder.layers.encoder_layer_2.ln_2,LayerNorm,0.00986,0.577148,756480.0,1536,0,15,0.00986,analytic,"[1, 197, 768]","[1, 197, 768]",1316.5,0.0,0.577,cuda_event,cuda
11,encoder.layers.encoder_layer_2.mlp.0,Linear,0.24605,2.308594,929562624.0,2362368,0,16,0.24605,counter,"[1, 197, 768]","[1, 197, 3072]",1316.5,0.0,2.309,cuda_event,cuda
11,encoder.layers.encoder_layer_2.mlp.1,GELU,0.01434,2.308594,4841472.0,0,0,17,0.01434,analytic,"[1, 197, 3072]","[1, 197, 3072]",1316.5,0.0,2.309,cuda_event,cuda
11,encoder.layers.encoder_layer_2.mlp.3,Linear,0.23472,0.577148,929562624.0,2360064,0,18,0.23472,counter,"[1, 197, 3072]","[1, 197, 768]",1316.5,0.0,0.577,cuda_event,cuda
11,encoder.layers.encoder_layer_3.ln_1,LayerNorm,0.01018,0.577148,756480.0,1536,0,19,0.01018,analytic,"[1, 197, 768]","[1, 197, 768]",1316.5,0.0,0.577,cuda_event,cuda
11,encoder.layers.encoder_layer_3.self_attention,MultiheadAttention,0.33187,0.577148,1048783872.0,2362368,0,20,0.33187,counter,"[1, 197, 768]","[1, 197, 768]",1316.5,0.0,0.577,cuda_event,cuda
11,encoder.layers.encoder_layer_3.ln_2,LayerNorm,0.01024,0.577148,756480.0,1536,0,21,0.01024,analytic,"[1, 197, 768]","[1, 197, 768]",1316.5,0.0,0.577,cuda_event,cuda
11,encoder.layers.encoder_layer_3.mlp.0,Linear,0.24576,2.308594,929562624.0,2362368,0,22,0.24576,counter,"[1, 197, 768]","[1, 197, 3072]",1316.5,0.0,2.309,cuda_event,cuda
11,encoder.layers.encoder_layer_3.mlp.1,GELU,0.01434,2.308594,4841472.0,0,0,23,0.01434,analytic,"[1, 197, 3072]","[1, 197, 3072]",1316.5,0.0,2.309,cuda_event,cuda
11,encoder.layers.encoder_layer_3.mlp.3,Linear,0.23142,0.577148,929562624.0,2360064,0,24,0.23142,counter,"[1, 197, 3072]","[1, 197, 768]",1316.5,0.0,0.577,cuda_event,cuda
11,encoder.layers.encoder_layer_4.ln_1,LayerNorm,0.00982,0.577148,756480.0,1536,0,25,0.00982,analytic,"[1, 197, 768]","[1, 197, 768]",1316.5,0.0,0.577,cuda_event,cuda
11,encoder.layers.encoder_layer_4.self_attention,MultiheadAttention,0.33251,0.577148,1048783872.0,2362368,0,26,0.33251,counter,"[1, 197, 768]","[1, 197, 768]",1316.5,0.0,0.577,cuda_event,cuda
11,encoder.layers.encoder_layer_4.ln_2,LayerNorm,0.00906,0.577148,756480.0,1536,0,27,0.00906,analytic,"[1, 197, 768]","[1, 197, 768]",1316.5,0.0,0.577,cuda_event,cuda
11,encoder.layers.encoder_layer_4.mlp.0,Linear,0.24576,2.308594,929562624.0,2362368,0,28,0.24576,counter,"[1, 197, 768]","[1, 197, 3072]",1316.5,0.0,2.309,cuda_event,cuda
11,encoder.layers.encoder_layer_4.mlp.1,GELU,0.01434,2.308594,4841472.0,0,0,29,0.01434,analytic,"[1, 197, 3072]","[1, 197, 3072]",1316.5,0.0,2.309,cuda_event,cuda
11,encoder.layers.encoder_layer_4.mlp.3,Linear,0.23485,0.577148,929562624.0,2360064,0,30,0.23485,counter,"[1, 197, 3072]","[1, 197, 768]",1316.5,0.0,0.577,cuda_event,cuda
11,encoder.layers.encoder_layer_5.ln_1,LayerNorm,0.01024,0.577148,756480.0,1536,0,31,0.01024,analytic,"[1, 197, 768]","[1, 197, 768]",1316.5,0.0,0.577,cuda_event,cuda
11,encoder.layers.encoder_layer_5.self_attention,MultiheadAttention,0.33382,0.577148,1048783872.0,2362368,0,32,0.33382,counter,"[1, 197, 768]","[1, 197, 768]",1316.5,0.0,0.577,cuda_event,cuda
11,encoder.layers.encoder_layer_5.ln_2,LayerNorm,0.00979,0.577148,756480.0,1536,0,33,0.00979,analytic,"[1, 197, 768]","[1, 197, 768]",1316.5,0.0,0.577,cuda_event,cuda
11,encoder.layers.encoder_layer_5.mlp.0,Linear,0.24643,2.308594,929562624.0,2362368,0,34,0.24643,counter,"[1, 197, 768]","[1, 197, 3072]",1316.5,0.0,2.309,cuda_event,cuda
11,encoder.layers.encoder_layer_5.mlp.1,GELU,0.01434,2.308594,4841472.0,0,0,35,0.01434,analytic,"[1, 197, 3072]","[1, 197, 3072]",1316.5,0.0,2.309,cuda_event,cuda
11,encoder.layers.encoder_layer_5.mlp.3,Linear,0.23347,0.577148,929562624.0,2360064,0,36,0.23347,counter,"[1, 197, 3072]","[1, 197, 768]",1316.5,0.0,0.577,cuda_event,cuda
11,encoder.layers.encoder_layer_6.ln_1,LayerNorm,0.00982,0.577148,756480.0,1536,0,37,0.00982,analytic,"[1, 197, 768]","[1, 197, 768]",1316.5,0.0,0.577,cuda_event,cuda
11,encoder.layers.encoder_layer_6.self_attention,MultiheadAttention,0.33248,0.577148,1048783872.0,2362368,0,38,0.33248,counter,"[1, 197, 768]","[1, 197, 768]",1316.5,0.0,0.577,cuda_event,cuda
11,encoder.layers.encoder_layer_6.ln_2,LayerNorm,0.01024,0.577148,756480.0,1536,0,39,0.01024,analytic,"[1, 197, 768]","[1, 197, 768]",1316.5,0.0,0.577,cuda_event,cuda
11,encoder.layers.encoder_layer_6.mlp.0,Linear,0.24774,2.308594,929562624.0,2362368,0,40,0.24774,counter,"[1, 197, 768]","[1, 197, 3072]",1316.5,0.0,2.309,cuda_event,cuda
11,encoder.layers.encoder_layer_6.mlp.1,GELU,0.01421,2.308594,4841472.0,0,0,41,0.01421,analytic,"[1, 197, 3072]","[1, 197, 3072]",1316.5,0.0,2.309,cuda_event,cuda
11,encoder.layers.encoder_layer_6.mlp.3,Linear,0.23331,0.577148,929562624.0,2360064,0,42,0.23331,counter,"[1, 197, 3072]","[1, 197, 768]",1316.5,0.0,0.577,cuda_event,cuda
11,encoder.layers.encoder_layer_7.ln_1,LayerNorm,0.01024,0.577148,756480.0,1536,0,43,0.01024,analytic,"[1, 197, 768]","[1, 197, 768]",1316.5,0.0,0.577,cuda_event,cuda
11,encoder.layers.encoder_layer_7.self_attention,MultiheadAttention,0.33382,0.577148,1048783872.0,2362368,0,44,0.33382,counter,"[1, 197, 768]","[1, 197, 768]",1316.5,0.0,0.577,cuda_event,cuda
11,encoder.layers.encoder_layer_7.ln_2,LayerNorm,0.00963,0.577148,756480.0,1536,0,45,0.00963,analytic,"[1, 197, 768]","[1, 197, 768]",1316.5,0.0,0.577,cuda_event,cuda
11,encoder.layers.encoder_layer_7.mlp.0,Linear,0.24627,2.308594,929562624.0,2362368,0,46,0.24627,counter,"[1, 197, 768]","[1, 197, 3072]",1316.5,0.0,2.309,cuda_event,cuda
11,encoder.layers.encoder_layer_7.mlp.1,GELU,0.01434,2.308594,4841472.0,0,0,47,0.01434,analytic,"[1, 197, 3072]","[1, 197, 3072]",1316.5,0.0,2.309,cuda_event,cuda
11,encoder.layers.encoder_layer_7.mlp.3,Linear,0.23347,0.577148,929562624.0,2360064,0,48,0.23347,counter,"[1, 197, 3072]","[1, 197, 768]",1316.5,0.0,0.577,cuda_event,cuda
11,encoder.layers.encoder_layer_8.ln_1,LayerNorm,0.01024,0.577148,756480.0,1536,0,49,0.01024,analytic,"[1, 197, 768]","[1, 197, 768]",1316.5,0.0,0.577,cuda_event,cuda
11,encoder.layers.encoder_layer_8.self_attention,MultiheadAttention,0.33178,0.577148,1048783872.0,2362368,0,50,0.33178,counter,"[1, 197, 768]","[1, 197, 768]",1316.5,0.0,0.577,cuda_event,cuda
11,encoder.layers.encoder_layer_8.ln_2,LayerNorm,0.00992,0.577148,756480.0,1536,0,51,0.00992,analytic,"[1, 197, 768]","[1, 197, 768]",1316.5,0.0,0.577,cuda_event,cuda
11,encoder.layers.encoder_layer_8.mlp.0,Linear,0.24608,2.308594,929562624.0,2362368,0,52,0.24608,counter,"[1, 197, 768]","[1, 197, 3072]",1316.5,0.0,2.309,cuda_event,cuda
11,encoder.layers.encoder_layer_8.mlp.1,GELU,0.01434,2.308594,4841472.0,0,0,53,0.01434,analytic,"[1, 197, 3072]","[1, 197, 3072]",1316.5,0.0,2.309,cuda_event,cuda
11,encoder.layers.encoder_layer_8.mlp.3,Linear,0.23347,0.577148,929562624.0,2360064,0,54,0.23347,counter,"[1, 197, 3072]","[1, 197, 768]",1316.5,0.0,0.577,cuda_event,cuda
11,encoder.layers.encoder_layer_9.ln_1,LayerNorm,0.01024,0.577148,756480.0,1536,0,55,0.01024,analytic,"[1, 197, 768]","[1, 197, 768]",1316.5,0.0,0.577,cuda_event,cuda
11,encoder.layers.encoder_layer_9.self_attention,MultiheadAttention,0.33382,0.577148,1048783872.0,2362368,0,56,0.33382,counter,"[1, 197, 768]","[1, 197, 768]",1316.5,0.0,0.577,cuda_event,cuda
11,encoder.layers.encoder_layer_9.ln_2,LayerNorm,0.00963,0.577148,756480.0,1536,0,57,0.00963,analytic,"[1, 197, 768]","[1, 197, 768]",1316.5,0.0,0.577,cuda_event,cuda
11,encoder.layers.encoder_layer_9.mlp.0,Linear,0.24621,2.308594,929562624.0,2362368,0,58,0.24621,counter,"[1, 197, 768]","[1, 197, 3072]",1316.5,0.0,2.309,cuda_event,cuda
11,encoder.layers.encoder_layer_9.mlp.1,GELU,0.01584,2.308594,4841472.0,0,0,59,0.01584,analytic,"[1, 197, 3072]","[1, 197, 3072]",1316.5,0.0,2.309,cuda_event,cuda
11,encoder.layers.encoder_layer_9.mlp.3,Linear,0.23322,0.577148,929562624.0,2360064,0,60,0.23322,counter,"[1, 197, 3072]","[1, 197, 768]",1316.5,0.0,0.577,cuda_event,cuda
11,encoder.layers.encoder_layer_10.ln_1,LayerNorm,0.01021,0.577148,756480.0,1536,0,61,0.01021,analytic,"[1, 197, 768]","[1, 197, 768]",1316.5,0.0,0.577,cuda_event,cuda
11,encoder.layers.encoder_layer_10.self_attention,MultiheadAttention,0.33299,0.577148,1048783872.0,2362368,0,62,0.33299,counter,"[1, 197, 768]","[1, 197, 768]",1316.5,0.0,0.577,cuda_event,cuda
11,encoder.layers.encoder_layer_10.ln_2,LayerNorm,0.01024,0.577148,756480.0,1536,0,63,0.01024,analytic,"[1, 197, 768]","[1, 197, 768]",1316.5,0.0,0.577,cuda_event,cuda
11,encoder.layers.encoder_layer_10.mlp.0,Linear,0.24576,2.308594,929562624.0,2362368,0,64,0.24576,counter,"[1, 197, 768]","[1, 197, 3072]",1316.5,0.0,2.309,cuda_event,cuda
11,encoder.layers.encoder_layer_10.mlp.1,GELU,0.01542,2.308594,4841472.0,0,0,65,0.01542,analytic,"[1, 197, 3072]","[1, 197, 3072]",1316.5,0.0,2.309,cuda_event,cuda
11,encoder.layers.encoder_layer_10.mlp.3,Linear,0.23178,0.577148,929562624.0,2360064,0,66,0.23178,counter,"[1, 197, 3072]","[1, 197, 768]",1316.5,0.0,0.577,cuda_event,cuda
11,encoder.layers.encoder_layer_11.ln_1,LayerNorm,0.00992,0.577148,756480.0,1536,0,67,0.00992,analytic,"[1, 197, 768]","[1, 197, 768]",1316.5,0.0,0.577,cuda_event,cuda
11,encoder.layers.encoder_layer_11.self_attention,MultiheadAttention,0.33418,0.577148,1048783872.0,2362368,0,68,0.33418,counter,"[1, 197, 768]","[1, 197, 768]",1316.5,0.0,0.577,cuda_event,cuda
11,encoder.layers.encoder_layer_11.ln_2,LayerNorm,0.00957,0.577148,756480.0,1536,0,69,0.00957,analytic,"[1, 197, 768]","[1, 197, 768]",1316.5,0.0,0.577,cuda_event,cuda
11,encoder.layers.encoder_layer_11.mlp.0,Linear,0.24675,2.308594,929562624.0,2362368,0,70,0.24675,counter,"[1, 197, 768]","[1, 197, 3072]",1316.5,0.0,2.309,cuda_event,cuda
11,encoder.layers.encoder_layer_11.mlp.1,GELU,0.01434,2.308594,4841472.0,0,0,71,0.01434,analytic,"[1, 197, 3072]","[1, 197, 3072]",1316.5,0.0,2.309,cuda_event,cuda
11,encoder.layers.encoder_layer_11.mlp.3,Linear,0.23347,0.577148,929562624.0,2360064,0,72,0.23347,counter,"[1, 197, 3072]","[1, 197, 768]",1316.5,0.0,0.577,cuda_event,cuda
11,encoder.ln,LayerNorm,0.00902,0.577148,756480.0,1536,0,73,0.00902,analytic,"[1, 197, 768]","[1, 197, 768]",1316.5,0.0,0.577,cuda_event,cuda
11,heads.head,Linear,0.01843,0.003815,1536000.0,769000,0,74,0.01843,counter,"[1, 768]","[1, 1000]",1316.5,0.0,0.004,cuda_event,cuda
12,conv_proj,Conv2d,0.20438,0.574219,231211008.0,590592,0,0,0.20438,counter,"[1, 3, 224, 224]","[1, 768, 14, 14]",1316.51,0.0,0.574,cuda_event,cuda
12,encoder.layers.encoder_layer_0.ln_1,LayerNorm,0.01024,0.577148,756480.0,1536,0,1,0.01024,analytic,"[1, 197, 768]","[1, 197, 768]",1316.51,0.0,0.577,cuda_event,cuda
12,encoder.layers.encoder_layer_0.self_attention,MultiheadAttention,0.3456,0.577148,1048783872.0,2362368,0,2,0.3456,counter,"[1, 197, 768]","[1, 197, 768]",1316.51,0.0,0.577,cuda_event,cuda
12,encoder.layers.encoder_layer_0.ln_2,LayerNorm,0.01011,0.577148,756480.0,1536,0,3,0.01011,analytic,"[1, 197, 768]","[1, 197, 768]",1316.51,0.0,0.577,cuda_event,cuda
12,encoder.layers.encoder_layer_0.mlp.0,Linear,0.2543,2.308594,929562624.0,2362368,0,4,0.2543,counter,"[1, 197, 768]","[1, 197, 3072]",1316.51,0.0,2.309,cuda_event,cuda
12,encoder.layers.encoder_layer_0.mlp.1,GELU,0.01418,2.308594,4841472.0,0,0,5,0.01418,analytic,"[1, 197, 3072]","[1, 197, 3072]",1316.51,0.0,2.309,cuda_event,cuda
12,encoder.layers.encoder_layer_0.mlp.3,Linear,0.23965,0.577148,929562624.0,2360064,0,6,0.23965,counter,"[1, 197, 3072]","[1, 197, 768]",1316.51,0.0,0.577,cuda_event,cuda
12,encoder.layers.encoder_layer_1.ln_1,LayerNorm,0.01024,0.577148,756480.0,1536,0,7,0.01024,analytic,"[1, 197, 768]","[1, 197, 768]",1316.51,0.0,0.577,cuda_event,cuda
12,encoder.layers.encoder_layer_1.self_attention,MultiheadAttention,0.34394,0.577148,1048783872.0,2362368,0,8,0.34394,counter,"[1, 197, 768]","[1, 197, 768]",1316.51,0.0,0.577,cuda_event,cuda
12,encoder.layers.encoder_layer_1.ln_2,LayerNorm,0.01024,0.577148,756480.0,1536,0,9,0.01024,analytic,"[1, 197, 768]","[1, 197, 768]",1316.51,0.0,0.577,cuda_event,cuda
12,encoder.layers.encoder_layer_1.mlp.0,Linear,0.25363,2.308594,929562624.0,2362368,0,10,0.25363,counter,"[1, 197, 768]","[1, 197, 3072]",1316.51,0.0,2.309,cuda_event,cuda
12,encoder.layers.encoder_layer_1.mlp.1,GELU,0.01421,2.308594,4841472.0,0,0,11,0.01421,analytic,"[1, 197, 3072]","[1, 197, 3072]",1316.51,0.0,2.309,cuda_event,cuda
12,encoder.layers.encoder_layer_1.mlp.3,Linear,0.23974,0.577148,929562624.0,2360064,0,12,0.23974,counter,"[1, 197, 3072]","[1, 197, 768]",1316.51,0.0,0.577,cuda_event,cuda
12,encoder.layers.encoder_layer_2.ln_1,LayerNorm,0.00909,0.577148,756480.0,1536,0,13,0.00909,analytic,"[1, 197, 768]","[1, 197, 768]",1316.51,0.0,0.577,cuda_event,cuda
12,encoder.layers.encoder_layer_2.self_attention,MultiheadAttention,0.34541,0.577148,1048783872.0,2362368,0,14,0.34541,counter,"[1, 197, 768]","[1, 197, 768]",1316.51,0.0,0.577,cuda_event,cuda
12,encoder.layers.encoder_layer_2.ln_2,LayerNorm,0.00912,0.577148,756480.0,1536,0,15,0.00912,analytic,"[1, 197, 768]","[1, 197, 768]",1316.51,0.0,0.577,cuda_event,cuda
12,encoder.layers.encoder_layer_2.mlp.0,Linear,0.256,2.308594,929562624.0,2362368,0,16,0.256,counter,"[1, 197, 768]","[1, 197, 3072]",1316.51,0.0,2.309,cuda_event,cuda
12,encoder.layers.encoder_layer_2.mlp.1,GELU,0.01434,2.308594,4841472.0,0,0,17,0.01434,analytic,"[1, 197, 3072]","[1, 197, 3072]",1316.51,0.0,2.309,cuda_event,cuda
12,encoder.layers.encoder_layer_2.mlp.3,Linear,0.24077,0.577148,929562624.0,2360064,0,18,0.24077,counter,"[1, 197, 3072]","[1, 197, 768]",1316.51,0.0,0.577,cuda_event,cuda
12,encoder.layers.encoder_layer_3.ln_1,LayerNorm,0.01011,0.577148,756480.0,1536,0,19,0.01011,analytic,"[1, 197, 768]","[1, 197, 768]",1316.51,0.0,0.577,cuda_event,cuda
12,encoder.layers.encoder_layer_3.self_attention,MultiheadAttention,0.34403,0.577148,1048783872.0,2362368,0,20,0.34403,counter,"[1, 197, 768]","[1, 197, 768]",1316.51,0.0,0.577,cuda_event,cuda
12,encoder.layers.encoder_layer_3.ln_2,LayerNorm,0.01043,0.577148,756480.0,1536,0,21,0.01043,analytic,"[1, 197, 768]","[1, 197, 768]",1316.51,0.0,0.577,cuda_event,cuda
12,encoder.layers.encoder_layer_3.mlp.0,Linear,0.25402,2.308594,929562624.0,2362368,0,22,0.25402,counter,"[1, 197, 768]","[1, 197, 3072]",1316.51,0.0,2.309,cuda_event,cuda
12,encoder.layers.encoder_layer_3.mlp.1,GELU,0.0135,2.308594,4841472.0,0,0,23,0.0135,analytic,"[1, 197, 3072]","[1, 197, 3072]",1316.51,0.0,2.309,cuda_event,cuda
12,encoder.layers.encoder_layer_3.mlp.3,Linear,0.23965,0.577148,929562624.0,2360064,0,24,0.23965,counter,"[1, 197, 3072]","[1, 197, 768]",1316.51,0.0,0.577,cuda_event,cuda
12,encoder.layers.encoder_layer_4.ln_1,LayerNorm,0.01024,0.577148,756480.0,1536,0,25,0.01024,analytic,"[1, 197, 768]","[1, 197, 768]",1316.51,0.0,0.577,cuda_event,cuda
12,encoder.layers.encoder_layer_4.self_attention,MultiheadAttention,0.34406,0.577148,1048783872.0,2362368,0,26,0.34406,counter,"[1, 197, 768]","[1, 197, 768]",1316.51,0.0,0.577,cuda_event,cuda
12,encoder.layers.encoder_layer_4.ln_2,LayerNorm,0.01024,0.577148,756480.0,1536,0,27,0.01024,analytic,"[1, 197, 768]","[1, 197, 768]",1316.51,0.0,0.577,cuda_event,cuda
12,encoder.layers.encoder_layer_4.mlp.0,Linear,0.25597,2.308594,929562624.0,2362368,0,28,0.25597,counter,"[1, 197, 768]","[1, 197, 3072]",1316.51,0.0,2.309,cuda_event,cuda
12,encoder.layers.encoder_layer_4.mlp.1,GELU,0.01386,2.308594,4841472.0,0,0,29,0.01386,analytic,"[1, 197, 3072]","[1, 197, 3072]",1316.51,0.0,2.309,cuda_event,cuda
12,encoder.layers.encoder_layer_4.mlp.3,Linear,0.24006,0.577148,929562624.0,2360064,0,30,0.24006,counter,"[1, 197, 3072]","[1, 197, 768]",1316.51,0.0,0.577,cuda_event,cuda
12,encoder.layers.encoder_layer_5.ln_1,LayerNorm,0.00906,0.577148,756480.0,1536,0,31,0.00906,analytic,"[1, 197, 768]","[1, 197, 768]",1316.51,0.0,0.577,cuda_event,cuda
12,encoder.layers.encoder_layer_5.self_attention,MultiheadAttention,0.3455,0.577148,1048783872.0,2362368,0,32,0.3455,counter,"[1, 197, 768]","[1, 197, 768]",1316.51,0.0,0.577,cuda_event,cuda
12,encoder.layers.encoder_layer_5.ln_2,LayerNorm,0.01011,0.577148,756480.0,1536,0,33,0.01011,analytic,"[1, 197, 768]","[1, 197, 768]",1316.51,0.0,0.577,cuda_event,cuda
12,encoder.layers.encoder_layer_5.mlp.0,Linear,0.25462,2.308594,929562624.0,2362368,0,34,0.25462,counter,"[1, 197, 768]","[1, 197, 3072]",1316.51,0.0,2.309,cuda_event,cuda
12,encoder.layers.encoder_layer_5.mlp.1,GELU,0.01408,2.308594,4841472.0,0,0,35,0.01408,analytic,"[1, 197, 3072]","[1, 197, 3072]",1316.51,0.0,2.309,cuda_event,cuda
12,encoder.layers.encoder_layer_5.mlp.3,Linear,0.23987,0.577148,929562624.0,2360064,0,36,0.23987,counter,"[1, 197, 3072]","[1, 197, 768]",1316.51,0.0,0.577,cuda_event,cuda
12,encoder.layers.encoder_layer_6.ln_1,LayerNorm,0.01011,0.577148,756480.0,1536,0,37,0.01011,analytic,"[1, 197, 768]","[1, 197, 768]",1316.51,0.0,0.577,cuda_event,cuda
12,encoder.layers.encoder_layer_6.self_attention,MultiheadAttention,0.34416,0.577148,1048783872.0,2362368,0,38,0.34416,counter,"[1, 197, 768]","[1, 197, 768]",1316.51,0.0,0.577,cuda_event,cuda
12,encoder.layers.encoder_layer_6.ln_2,LayerNorm,0.01053,0.577148,756480.0,1536,0,39,0.01053,analytic,"[1, 197, 768]","[1, 197, 768]",1316.51,0.0,0.577,cuda_event,cuda
12,encoder.layers.encoder_layer_6.mlp.0,Linear,0.25373,2.308594,929562624.0,2362368,0,40,0.25373,counter,"[1, 197, 768]","[1, 197, 3072]",1316.51,0.0,2.309,cuda_event,cuda
12,encoder.layers.encoder_layer_6.mlp.1,GELU,0.01453,2.308594,4841472.0,0,0,41,0.01453,analytic,"[1, 197, 3072]","[1, 197, 3072]",1316.51,0.0,2.309,cuda_event,cuda
12,encoder.layers.encoder_layer_6.mlp.3,Linear,0.23987,0.577148,929562624.0,2360064,0,42,0.23987,counter,"[1, 197, 3072]","[1, 197, 768]",1316.51,0.0,0.577,cuda_event,cuda
12,encoder.layers.encoder_layer_7.ln_1,LayerNorm,0.00992,0.577148,756480.0,1536,0,43,0.00992,analytic,"[1, 197, 768]","[1, 197, 768]",1316.51,0.0,0.577,cuda_event,cuda
12,encoder.layers.encoder_layer_7.self_attention,MultiheadAttention,0.34234,0.577148,1048783872.0,2362368,0,44,0.34234,counter,"[1, 197, 768]","[1, 197, 768]",1316.51,0.0,0.577,cuda_event,cuda
12,encoder.layers.encoder_layer_7.ln_2,LayerNorm,0.01024,0.577148,756480.0,1536,0,45,0.01024,analytic,"[1, 197, 768]","[1, 197, 768]",1316.51,0.0,0.577,cuda_event,cuda
12,encoder.layers.encoder_layer_7.mlp.0,Linear,0.25395,2.308594,929562624.0,2362368,0,46,0.25395,counter,"[1, 197, 768]","[1, 197, 3072]",1316.51,0.0,2.309,cuda_event,cuda
12,encoder.layers.encoder_layer_7.mlp.1,GELU,0.01434,2.308594,4841472.0,0,0,47,0.01434,analytic,"[1, 197, 3072]","[1, 197, 3072]",1316.51,0.0,2.309,cuda_event,cuda
12,encoder.layers.encoder_layer_7.mlp.3,Linear,0.23962,0.577148,929562624.0,2360064,0,48,0.23962,counter,"[1, 197, 3072]","[1, 197, 768]",1316.51,0.0,0.577,cuda_event,cuda
12,encoder.layers.encoder_layer_8.ln_1,LayerNorm,0.01024,0.577148,756480.0,1536,0,49,0.01024,analytic,"[1, 197, 768]","[1, 197, 768]",1316.51,0.0,0.577,cuda_event,cuda
12,encoder.layers.encoder_layer_8.self_attention,MultiheadAttention,0.34406,0.577148,1048783872.0,2362368,0,50,0.34406,counter,"[1, 197, 768]","[1, 197, 768]",1316.51,0.0,0.577,cuda_event,cuda
12,encoder.layers.encoder_layer_8.ln_2,LayerNorm,0.01024,0.577148,756480.0,1536,0,51,0.01024,analytic,"[1, 197, 768]","[1, 197, 768]",1316.51,0.0,0.577,cuda_event,cuda
12,encoder.layers.encoder_layer_8.mlp.0,Linear,0.25523,2.308594,929562624.0,2362368,0,52,0.25523,counter,"[1, 197, 768]","[1, 197, 3072]",1316.51,0.0,2.309,cuda_event,cuda
12,encoder.layers.encoder_layer_8.mlp.1,GELU,0.0144,2.308594,4841472.0,0,0,53,0.0144,analytic,"[1, 197, 3072]","[1, 197, 3072]",1316.51,0.0,2.309,cuda_event,cuda
12,encoder.layers.encoder_layer_8.mlp.3,Linear,0.23939,0.577148,929562624.0,2360064,0,54,0.23939,counter,"[1, 197, 3072]","[1, 197, 768]",1316.51,0.0,0.577,cuda_event,cuda
12,encoder.layers.encoder_layer_9.ln_1,LayerNorm,0.01024,0.577148,756480.0,1536,0,55,0.01024,analytic,"[1, 197, 768]","[1, 197, 768]",1316.51,0.0,0.577,cuda_event,cuda
12,encoder.layers.encoder_layer_9.self_attention,MultiheadAttention,0.34406,0.577148,1048783872.0,2362368,0,56,0.34406,counter,"[1, 197, 768]","[1, 197, 768]",1316.51,0.0,0.577,cuda_event,cuda
12,encoder.layers.encoder_layer_9.ln_2,LayerNorm,0.01024,0.577148,756480.0,1536,0,57,0.01024,analytic,"[1, 197, 768]","[1, 197, 768]",1316.51,0.0,0.577,cuda_event,cuda
12,encoder.layers.encoder_layer_9.mlp.0,Linear,0.25549,2.308594,929562624.0,2362368,0,58,0.25549,counter,"[1, 197, 768]","[1, 197, 3072]",1316.51,0.0,2.309,cuda_event,cuda
12,encoder.layers.encoder_layer_9.mlp.1,GELU,0.01386,2.308594,4841472.0,0,0,59,0.01386,analytic,"[1, 197, 3072]","[1, 197, 3072]",1316.51,0.0,2.309,cuda_event,cuda
12,encoder.layers.encoder_layer_9.mlp.3,Linear,0.24179,0.577148,929562624.0,2360064,0,60,0.24179,counter,"[1, 197, 3072]","[1, 197, 768]",1316.51,0.0,0.577,cuda_event,cuda
12,encoder.layers.encoder_layer_10.ln_1,LayerNorm,0.01024,0.577148,756480.0,1536,0,61,0.01024,analytic,"[1, 197, 768]","[1, 197, 768]",1316.51,0.0,0.577,cuda_event,cuda
12,encoder.layers.encoder_layer_10.self_attention,MultiheadAttention,0.34342,0.577148,1048783872.0,2362368,0,62,0.34342,counter,"[1, 197, 768]","[1, 197, 768]",1316.51,0.0,0.577,cuda_event,cuda
12,encoder.layers.encoder_layer_10.ln_2,LayerNorm,0.01011,0.577148,756480.0,1536,0,63,0.01011,analytic,"[1, 197, 768]","[1, 197, 768]",1316.51,0.0,0.577,cuda_event,cuda
12,encoder.layers.encoder_layer_10.mlp.0,Linear,0.25261,2.308594,929562624.0,2362368,0,64,0.25261,counter,"[1, 197, 768]","[1, 197, 3072]",1316.51,0.0,2.309,cuda_event,cuda
12,encoder.layers.encoder_layer_10.mlp.1,GELU,0.01434,2.308594,4841472.0,0,0,65,0.01434,analytic,"[1, 197, 3072]","[1, 197, 3072]",1316.51,0.0,2.309,cuda_event,cuda
12,encoder.layers.encoder_layer_10.mlp.3,Linear,0.24323,0.577148,929562624.0,2360064,0,66,0.24323,counter,"[1, 197, 3072]","[1, 197, 768]",1316.51,0.0,0.577,cuda_event,cuda
12,encoder.layers.encoder_layer_11.ln_1,LayerNorm,0.01024,0.577148,756480.0,1536,0,67,0.01024,analytic,"[1, 197, 768]","[1, 197, 768]",1316.51,0.0,0.577,cuda_event,cuda
12,encoder.layers.encoder_layer_11.self_attention,MultiheadAttention,0.34406,0.577148,1048783872.0,2362368,0,68,0.34406,counter,"[1, 197, 768]","[1, 197, 768]",1316.51,0.0,0.577,cuda_event,cuda
12,encoder.layers.encoder_layer_11.ln_2,LayerNorm,0.01024,0.577148,756480.0,1536,0,69,0.01024,analytic,"[1, 197, 768]","[1, 197, 768]",1316.51,0.0,0.577,cuda_event,cuda
12,encoder.layers.encoder_layer_11.mlp.0,Linear,0.25395,2.308594,929562624.0,2362368,0,70,0.25395,counter,"[1, 197, 768]","[1, 197, 3072]",1316.51,0.0,2.309,cuda_event,cuda
12,encoder.layers.encoder_layer_11.mlp.1,GELU,0.01469,2.308594,4841472.0,0,0,71,0.01469,analytic,"[1, 197, 3072]","[1, 197, 3072]",1316.51,0.0,2.309,cuda_event,cuda
12,encoder.layers.encoder_layer_11.mlp.3,Linear,0.2401,0.577148,929562624.0,2360064,0,72,0.2401,counter,"[1, 197, 3072]","[1, 197, 768]",1316.51,0.0,0.577,cuda_event,cuda
12,encoder.ln,LayerNorm,0.01005,0.577148,756480.0,1536,0,73,0.01005,analytic,"[1, 197, 768]","[1, 197, 768]",1316.51,0.0,0.577,cuda_event,cuda
12,heads.head,Linear,0.01725,0.003815,1536000.0,769000,0,74,0.01725,counter,"[1, 768]","[1, 1000]",1316.51,0.0,0.004,cuda_event,cuda
13,conv_proj,Conv2d,0.2088,0.574219,231211008.0,590592,0,0,0.2088,counter,"[1, 3, 224, 224]","[1, 768, 14, 14]",1316.51,0.0,0.574,cuda_event,cuda
13,encoder.layers.encoder_layer_0.ln_1,LayerNorm,0.01024,0.577148,756480.0,1536,0,1,0.01024,analytic,"[1, 197, 768]","[1, 197, 768]",1316.51,0.0,0.577,cuda_event,cuda
13,encoder.layers.encoder_layer_0.self_attention,MultiheadAttention,0.35226,0.577148,1048783872.0,2362368,0,2,0.35226,counter,"[1, 197, 768]","[1, 197, 768]",1316.51,0.0,0.577,cuda_event,cuda
13,encoder.layers.encoder_layer_0.ln_2,LayerNorm,0.01024,0.577148,756480.0,1536,0,3,0.01024,analytic,"[1, 197, 768]","[1, 197, 768]",1316.51,0.0,0.577,cuda_event,cuda
13,encoder.layers.encoder_layer_0.mlp.0,Linear,0.2592,2.308594,929562624.0,2362368,0,4,0.2592,counter,"[1, 197, 768]","[1, 197, 3072]",1316.51,0.0,2.309,cuda_event,cuda
13,encoder.layers.encoder_layer_0.mlp.1,GELU,0.01315,2.308594,4841472.0,0,0,5,0.01315,analytic,"[1, 197, 3072]","[1, 197, 3072]",1316.51,0.0,2.309,cuda_event,cuda
13,encoder.layers.encoder_layer_0.mlp.3,Linear,0.24576,0.577148,929562624.0,2360064,0,6,0.24576,counter,"[1, 197, 3072]","[1, 197, 768]",1316.51,0.0,0.577,cuda_event,cuda
13,encoder.layers.encoder_layer_1.ln_1,LayerNorm,0.01062,0.577148,756480.0,1536,0,7,0.01062,analytic,"[1, 197, 768]","[1, 197, 768]",1316.51,0.0,0.577,cuda_event,cuda
13,encoder.layers.encoder_layer_1.self_attention,MultiheadAttention,0.35078,0.577148,1048783872.0,2362368,0,8,0.35078,counter,"[1, 197, 768]","[1, 197, 768]",1316.51,0.0,0.577,cuda_event,cuda
13,encoder.layers.encoder_layer_1.ln_2,LayerNorm,0.01024,0.577148,756480.0,1536,0,9,0.01024,analytic,"[1, 197, 768]","[1, 197, 768]",1316.51,0.0,0.577,cuda_event,cuda
13,encoder.layers.encoder_layer_1.mlp.0,Linear,0.26128,2.308594,929562624.0,2362368,0,10,0.26128,counter,"[1, 197, 768]","[1, 197, 3072]",1316.51,0.0,2.309,cuda_event,cuda
13,encoder.layers.encoder_layer_1.mlp.1,GELU,0.01494,2.308594,4841472.0,0,0,11,0.01494,analytic,"[1, 197, 3072]","[1, 197, 3072]",1316.51,0.0,2.309,cuda_event,cuda
13,encoder.layers.encoder_layer_1.mlp.3,Linear,0.24512,0.577148,929562624.0,2360064,0,12,0.24512,counter,"[1, 197, 3072]","[1, 197, 768]",1316.51,0.0,0.577,cuda_event,cuda
13,encoder.layers.encoder_layer_2.ln_1,LayerNorm,0.01024,0.577148,756480.0,1536,0,13,0.01024,analytic,"[1, 197, 768]","[1, 197, 768]",1316.51,0.0,0.577,cuda_event,cuda
13,encoder.layers.encoder_layer_2.self_attention,MultiheadAttention,0.35213,0.577148,1048783872.0,2362368,0,14,0.35213,counter,"[1, 197, 768]","[1, 197, 768]",1316.51,0.0,0.577,cuda_event,cuda
13,encoder.layers.encoder_layer_2.ln_2,LayerNorm,0.01027,0.577148,756480.0,1536,0,15,0.01027,analytic,"[1, 197, 768]","[1, 197, 768]",1316.51,0.0,0.577,cuda_event,cuda
13,encoder.layers.encoder_layer_2.mlp.0,Linear,0.25978,2.308594,929562624.0,2362368,0,16,0.25978,counter,"[1, 197, 768]","[1, 197, 3072]",1316.51,0.0,2.309,cuda_event,cuda
13,encoder.layers.encoder_layer_2.mlp.1,GELU,0.01453,2.308594,4841472.0,0,0,17,0.01453,analytic,"[1, 197, 3072]","[1, 197, 3072]",1316.51,0.0,2.309,cuda_event,cuda
13,encoder.layers.encoder_layer_2.mlp.3,Linear,0.24486,0.577148,929562624.0,2360064,0,18,0.24486,counter,"[1, 197, 3072]","[1, 197, 768]",1316.51,0.0,0.577,cuda_event,cuda
13,encoder.layers.encoder_layer_3.ln_1,LayerNorm,0.01024,0.577148,756480.0,1536,0,19,0.01024,analytic,"[1, 197, 768]","[1, 197, 768]",1316.51,0.0,0.577,cuda_event,cuda
13,encoder.layers.encoder_layer_3.self_attention,MultiheadAttention,0.35226,0.577148,1048783872.0,2362368,0,20,0.35226,counter,"[1, 197, 768]","[1, 197, 768]",1316.51,0.0,0.577,cuda_event,cuda
13,encoder.layers.encoder_layer_3.ln_2,LayerNorm,0.0113,0.577148,756480.0,1536,0,21,0.0113,analytic,"[1, 197, 768]","[1, 197, 768]",1316.51,0.0,0.577,cuda_event,cuda
13,encoder.layers.encoder_layer_3.mlp.0,Linear,0.25901,2.308594,929562624.0,2362368,0,22,0.25901,counter,"[1, 197, 768]","[1, 197, 3072]",1316.51,0.0,2.309,cuda_event,cuda
13,encoder.layers.encoder_layer_3.mlp.1,GELU,0.01587,2.308594,4841472.0,0,0,23,0.01587,analytic,"[1, 197, 3072]","[1, 197, 3072]",1316.51,0.0,2.309,cuda_event,cuda
13,encoder.layers.encoder_layer_3.mlp.3,Linear,0.24627,0.577148,929562624.0,2360064,0,24,0.24627,counter,"[1, 197, 3072]","[1, 197, 768]",1316.51,0.0,0.577,cuda_event,cuda
13,encoder.layers.encoder_layer_4.ln_1,LayerNorm,0.01053,0.577148,756480.0,1536,0,25,0.01053,analytic,"[1, 197, 768]","[1, 197, 768]",1316.51,0.0,0.577,cuda_event,cuda
13,encoder.layers.encoder_layer_4.self_attention,MultiheadAttention,0.35238,0.577148,1048783872.0,2362368,0,26,0.35238,counter,"[1, 197, 768]","[1, 197, 768]",1316.51,0.0,0.577,cuda_event,cuda
13,encoder.layers.encoder_layer_4.ln_2,LayerNorm,0.01024,0.577148,756480.0,1536,0,27,0.01024,analytic,"[1, 197, 768]","[1, 197, 768]",1316.51,0.0,0.577,cuda_event,cuda
13,encoder.layers.encoder_layer_4.mlp.0,Linear,0.2601,2.308594,929562624.0,2362368,0,28,0.2601,counter,"[1, 197, 768]","[1, 197, 3072]",1316.51,0.0,2.309,cuda_event,cuda
13,encoder.layers.encoder_layer_4.mlp.1,GELU,0.01552,2.308594,4841472.0,0,0,29,0.01552,analytic,"[1, 197, 3072]","[1, 197, 3072]",1316.51,0.0,2.309,cuda_event,cuda
13,encoder.layers.encoder_layer_4.mlp.3,Linear,0.24454,0.577148,929562624.0,2360064,0,30,0.24454,counter,"[1, 197, 3072]","[1, 197, 768]",1316.51,0.0,0.577,cuda_event,cuda
13,encoder.layers.encoder_layer_5.ln_1,LayerNorm,0.01056,0.577148,756480.0,1536,0,31,0.01056,analytic,"[1, 197, 768]","[1, 197, 768]",1316.51,0.0,0.577,cuda_event,cuda
13,encoder.layers.encoder_layer_5.self_attention,MultiheadAttention,0.35206,0.577148,1048783872.0,2362368,0,32,0.35206,counter,"[1, 197, 768]","[1, 197, 768]",1316.51,0.0,0.577,cuda_event,cuda
13,encoder.layers.encoder_layer_5.ln_2,LayerNorm,0.0105,0.577148,756480.0,1536,0,33,0.0105,analytic,"[1, 197, 768]","[1, 197, 768]",1316.51,0.0,0.577,cuda_event,cuda
13,encoder.layers.encoder_layer_5.mlp.0,Linear,0.26026,2.308594,929562624.0,2362368,0,34,0.26026,counter,"[1, 197, 768]","[1, 197, 3072]",1316.51,0.0,2.309,cuda_event,cuda
13,encoder.layers.encoder_layer_5.mlp.1,GELU,0.01424,2.308594,4841472.0,0,0,35,0.01424,analytic,"[1, 197, 3072]","[1, 197, 3072]",1316.51,0.0,2.309,cuda_event,cuda
13,encoder.layers.encoder_layer_5.mlp.3,Linear,0.24685,0.577148,929562624.0,2360064,0,36,0.24685,counter,"[1, 197, 3072]","[1, 197, 768]",1316.51,0.0,0.577,cuda_event,cuda
13,encoder.layers.encoder_layer_6.ln_1,LayerNorm,0.01046,0.577148,756480.0,1536,0,37,0.01046,analytic,"[1, 197, 768]","[1, 197, 768]",1316.51,0.0,0.577,cuda_event,cuda
13,encoder.layers.encoder_layer_6.self_attention,MultiheadAttention,0.35229,0.577148,1048783872.0,2362368,0,38,0.35229,counter,"[1, 197, 768]","[1, 197, 768]",1316.51,0.0,0.577,cuda_event,cuda
13,encoder.layers.encoder_layer_6.ln_2,LayerNorm,0.01139,0.577148,756480.0,1536,0,39,0.01139,analytic,"[1, 197, 768]","[1, 197, 768]",1316.51,0.0,0.577,cuda_event,cuda
13,encoder.layers.encoder_layer_6.mlp.0,Linear,0.25798,2.308594,929562624.0,2362368,0,40,0.25798,counter,"[1, 197, 768]","[1, 197, 3072]",1316.51,0.0,2.309,cuda_event,cuda
13,encoder.layers.encoder_layer_6.mlp.1,GELU,0.01453,2.308594,4841472.0,0,0,41,0.01453,analytic,"[1, 197, 3072]","[1, 197, 3072]",1316.51,0.0,2.309,cuda_event,cuda
13,encoder.layers.encoder_layer_6.mlp.3,Linear,0.24445,0.577148,929562624.0,2360064,0,42,0.24445,counter,"[1, 197, 3072]","[1, 197, 768]",1316.51,0.0,0.577,cuda_event,cuda
13,encoder.layers.encoder_layer_7.ln_1,LayerNorm,0.01053,0.577148,756480.0,1536,0,43,0.01053,analytic,"[1, 197, 768]","[1, 197, 768]",1316.51,0.0,0.577,cuda_event,cuda
13,encoder.layers.encoder_layer_7.self_attention,MultiheadAttention,0.3521,0.577148,1048783872.0,2362368,0,44,0.3521,counter,"[1, 197, 768]","[1, 197, 768]",1316.51,0.0,0.577,cuda_event,cuda
13,encoder.layers.encoder_layer_7.ln_2,LayerNorm,0.0103,0.577148,756480.0,1536,0,45,0.0103,analytic,"[1, 197, 768]","[1, 197, 768]",1316.51,0.0,0.577,cuda_event,cuda
13,encoder.layers.encoder_layer_7.mlp.0,Linear,0.2591,2.308594,929562624.0,2362368,0,46,0.2591,counter,"[1, 197, 768]","[1, 197, 3072]",1316.51,0.0,2.309,cuda_event,cuda
13,encoder.layers.encoder_layer_7.mlp.1,GELU,0.01325,2.308594,4841472.0,0,0,47,0.01325,analytic,"[1, 197, 3072]","[1, 197, 3072]",1316.51,0.0,2.309,cuda_event,cuda
13,encoder.layers.encoder_layer_7.mlp.3,Linear,0.24678,0.577148,929562624.0,2360064,0,48,0.24678,counter,"[1, 197, 3072]","[1, 197, 768]",1316.51,0.0,0.577,cuda_event,cuda
13,encoder.layers.encoder_layer_8.ln_1,LayerNorm,0.01034,0.577148,756480.0,1536,0,49,0.01034,analytic,"[1, 197, 768]","[1, 197, 768]",1316.51,0.0,0.577,cuda_event,cuda
13,encoder.layers.encoder_layer_8.self_attention,MultiheadAttention,0.35226,0.577148,1048783872.0,2362368,0,50,0.35226,counter,"[1, 197, 768]","[1, 197, 768]",1316.51,0.0,0.577,cuda_event,cuda
13,encoder.layers.encoder_layer_8.ln_2,LayerNorm,0.01024,0.577148,756480.0,1536,0,51,0.01024,analytic,"[1, 197, 768]","[1, 197, 768]",1316.51,0.0,0.577,cuda_event,cuda
13,encoder.layers.encoder_layer_8.mlp.0,Linear,0.25917,2.308594,929562624.0,2362368,0,52,0.25917,counter,"[1, 197, 768]","[1, 197, 3072]",1316.51,0.0,2.309,cuda_event,cuda
13,encoder.layers.encoder_layer_8.mlp.1,GELU,0.0144,2.308594,4841472.0,0,0,53,0.0144,analytic,"[1, 197, 3072]","[1, 197, 3072]",1316.51,0.0,2.309,cuda_event,cuda
13,encoder.layers.encoder_layer_8.mlp.3,Linear,0.24611,0.577148,929562624.0,2360064,0,54,0.24611,counter,"[1, 197, 3072]","[1, 197, 768]",1316.51,0.0,0.577,cuda_event,cuda
13,encoder.layers.encoder_layer_9.ln_1,LayerNorm,0.01024,0.577148,756480.0,1536,0,55,0.01024,analytic,"[1, 197, 768]","[1, 197, 768]",1316.51,0.0,0.577,cuda_event,cuda
13,encoder.layers.encoder_layer_9.self_attention,MultiheadAttention,0.35254,0.577148,1048783872.0,2362368,0,56,0.35254,counter,"[1, 197, 768]","[1, 197, 768]",1316.51,0.0,0.577,cuda_event,cuda
13,encoder.layers.encoder_layer_9.ln_2,LayerNorm,0.01024,0.577148,756480.0,1536,0,57,0.01024,analytic,"[1, 197, 768]","[1, 197, 768]",1316.51,0.0,0.577,cuda_event,cuda
13,encoder.layers.encoder_layer_9.mlp.0,Linear,0.2601,2.308594,929562624.0,2362368,0,58,0.2601,counter,"[1, 197, 768]","[1, 197, 3072]",1316.51,0.0,2.309,cuda_event,cuda
13,encoder.layers.encoder_layer_9.mlp.1,GELU,0.01574,2.308594,4841472.0,0,0,59,0.01574,analytic,"[1, 197, 3072]","[1, 197, 3072]",1316.51,0.0,2.309,cuda_event,cuda
13,encoder.layers.encoder_layer_9.mlp.3,Linear,0.24634,0.577148,929562624.0,2360064,0,60,0.24634,counter,"[1, 197, 3072]","[1, 197, 768]",1316.51,0.0,0.577,cuda_event,cuda
13,encoder.layers.encoder_layer_10.ln_1,LayerNorm,0.01075,0.577148,756480.0,1536,0,61,0.01075,analytic,"[1, 197, 768]","[1, 197, 768]",1316.51,0.0,0.577,cuda_event,cuda
13,encoder.layers.encoder_layer_10.self_attention,MultiheadAttention,0.35043,0.577148,1048783872.0,2362368,0,62,0.35043,counter,"[1, 197, 768]","[1, 197, 768]",1316.51,0.0,0.577,cuda_event,cuda
13,encoder.layers.encoder_layer_10.ln_2,LayerNorm,0.01024,0.577148,756480.0,1536,0,63,0.01024,analytic,"[1, 197, 768]","[1, 197, 768]",1316.51,0.0,0.577,cuda_event,cuda
13,encoder.layers.encoder_layer_10.mlp.0,Linear,0.25907,2.308594,929562624.0,2362368,0,64,0.25907,counter,"[1, 197, 768]","[1, 197, 3072]",1316.51,0.0,2.309,cuda_event,cuda
13,encoder.layers.encoder_layer_10.mlp.1,GELU,0.01555,2.308594,4841472.0,0,0,65,0.01555,analytic,"[1, 197, 3072]","[1, 197, 3072]",1316.51,0.0,2.309,cuda_event,cuda
13,encoder.layers.encoder_layer_10.mlp.3,Linear,0.24592,0.577148,929562624.0,2360064,0,66,0.24592,counter,"[1, 197, 3072]","[1, 197, 768]",1316.51,0.0,0.577,cuda_event,cuda
13,encoder.layers.encoder_layer_11.ln_1,LayerNorm,0.01024,0.577148,756480.0,1536,0,67,0.01024,analytic,"[1, 197, 768]","[1, 197, 768]",1316.51,0.0,0.577,cuda_event,cuda
13,encoder.layers.encoder_layer_11.self_attention,MultiheadAttention,0.35126,0.577148,1048783872.0,2362368,0,68,0.35126,counter,"[1, 197, 768]","[1, 197, 768]",1316.51,0.0,0.577,cuda_event,cuda
13,encoder.layers.encoder_layer_11.ln_2,LayerNorm,0.01126,0.577148,756480.0,1536,0,69,0.01126,analytic,"[1, 197, 768]","[1, 197, 768]",1316.51,0.0,0.577,cuda_event,cuda
13,encoder.layers.encoder_layer_11.mlp.0,Linear,0.26058,2.308594,929562624.0,2362368,0,70,0.26058,counter,"[1, 197, 768]","[1, 197, 3072]",1316.51,0.0,2.309,cuda_event,cuda
13,encoder.layers.encoder_layer_11.mlp.1,GELU,0.01408,2.308594,4841472.0,0,0,71,0.01408,analytic,"[1, 197, 3072]","[1, 197, 3072]",1316.51,0.0,2.309,cuda_event,cuda
13,encoder.layers.encoder_layer_11.mlp.3,Linear,0.24522,0.577148,929562624.0,2360064,0,72,0.24522,counter,"[1, 197, 3072]","[1, 197, 768]",1316.51,0.0,0.577,cuda_event,cuda
13,encoder.ln,LayerNorm,0.01024,0.577148,756480.0,1536,0,73,0.01024,analytic,"[1, 197, 768]","[1, 197, 768]",1316.51,0.0,0.577,cuda_event,cuda
13,heads.head,Linear,0.01798,0.003815,1536000.0,769000,0,74,0.01798,counter,"[1, 768]","[1, 1000]",1316.51,0.0,0.004,cuda_event,cuda
14,conv_proj,Conv2d,0.20077,0.574219,231211008.0,590592,0,0,0.20077,counter,"[1, 3, 224, 224]","[1, 768, 14, 14]",1316.51,0.0,0.574,cuda_event,cuda
14,encoder.layers.encoder_layer_0.ln_1,LayerNorm,0.00992,0.577148,756480.0,1536,0,1,0.00992,analytic,"[1, 197, 768]","[1, 197, 768]",1316.51,0.0,0.577,cuda_event,cuda
14,encoder.layers.encoder_layer_0.self_attention,MultiheadAttention,0.3423,0.577148,1048783872.0,2362368,0,2,0.3423,counter,"[1, 197, 768]","[1, 197, 768]",1316.51,0.0,0.577,cuda_event,cuda
14,encoder.layers.encoder_layer_0.ln_2,LayerNorm,0.01005,0.577148,756480.0,1536,0,3,0.01005,analytic,"[1, 197, 768]","[1, 197, 768]",1316.51,0.0,0.577,cuda_event,cuda
14,encoder.layers.encoder_layer_0.mlp.0,Linear,0.25075,2.308594,929562624.0,2362368,0,4,0.25075,counter,"[1, 197, 768]","[1, 197, 3072]",1316.51,0.0,2.309,cuda_event,cuda
14,encoder.layers.encoder_layer_0.mlp.1,GELU,0.01587,2.308594,4841472.0,0,0,5,0.01587,analytic,"[1, 197, 3072]","[1, 197, 3072]",1316.51,0.0,2.309,cuda_event,cuda
14,encoder.layers.encoder_layer_0.mlp.3,Linear,0.2417,0.577148,929562624.0,2360064,0,6,0.2417,counter,"[1, 197, 3072]","[1, 197, 768]",1316.51,0.0,0.577,cuda_event,cuda
14,encoder.layers.encoder_layer_1.ln_1,LayerNorm,0.01024,0.577148,756480.0,1536,0,7,0.01024,analytic,"[1, 197, 768]","[1, 197, 768]",1316.51,0.0,0.577,cuda_event,cuda
14,encoder.layers.encoder_layer_1.self_attention,MultiheadAttention,0.34131,0.577148,1048783872.0,2362368,0,8,0.34131,counter,"[1, 197, 768]","[1, 197, 768]",1316.51,0.0,0.577,cuda_event,cuda
14,encoder.layers.encoder_layer_1.ln_2,LayerNorm,0.00998,0.577148,756480.0,1536,0,9,0.00998,analytic,"[1, 197, 768]","[1, 197, 768]",1316.51,0.0,0.577,cuda_event,cuda
14,encoder.layers.encoder_layer_1.mlp.0,Linear,0.25088,2.308594,929562624.0,2362368,0,10,0.25088,counter,"[1, 197, 768]","[1, 197, 3072]",1316.51,0.0,2.309,cuda_event,cuda
14,encoder.layers.encoder_layer_1.mlp.1,GELU,0.01434,2.308594,4841472.0,0,0,11,0.01434,analytic,"[1, 197, 3072]","[1, 197, 3072]",1316.51,0.0,2.309,cuda_event,cuda
14,encoder.layers.encoder_layer_1.mlp.3,Linear,0.23757,0.577148,929562624.0,2360064,0,12,0.23757,counter,"[1, 197, 3072]","[1, 197, 768]",1316.51,0.0,0.577,cuda_event,cuda
14,encoder.layers.encoder_layer_2.ln_1,LayerNorm,0.00998,0.577148,756480.0,1536,0,13,0.00998,analytic,"[1, 197, 768]","[1, 197, 768]",1316.51,0.0,0.577,cuda_event,cuda
14,encoder.layers.encoder_layer_2.self_attention,MultiheadAttention,0.34051,0.577148,1048783872.0,2362368,0,14,0.34051,counter,"[1, 197, 768]","[1, 197, 768]",1316.51,0.0,0.577,cuda_event,cuda
14,encoder.layers.encoder_layer_2.ln_2,LayerNorm,0.01008,0.577148,756480.0,1536,0,15,0.01008,analytic,"[1, 197, 768]","[1, 197, 768]",1316.51,0.0,0.577,cuda_event,cuda
14,encoder.layers.encoder_layer_2.mlp.0,Linear,0.24986,2.308594,929562624.0,2362368,0,16,0.24986,counter,"[1, 197, 768]","[1, 197, 3072]",1316.51,0.0,2.309,cuda_event,cuda
14,encoder.layers.encoder_layer_2.mlp.1,GELU,0.01434,2.308594,4841472.0,0,0,17,0.01434,analytic,"[1, 197, 3072]","[1, 197, 3072]",1316.51,0.0,2.309,cuda_event,cuda
14,encoder.layers.encoder_layer_2.mlp.3,Linear,0.23757,0.577148,929562624.0,2360064,0,18,0.23757,counter,"[1, 197, 3072]","[1, 197, 768]",1316.51,0.0,0.577,cuda_event,cuda
14,encoder.layers.encoder_layer_3.ln_1,LayerNorm,0.00998,0.577148,756480.0,1536,0,19,0.00998,analytic,"[1, 197, 768]","[1, 197, 768]",1316.51,0.0,0.577,cuda_event,cuda
14,encoder.layers.encoder_layer_3.self_attention,MultiheadAttention,0.34022,0.577148,1048783872.0,2362368,0,20,0.34022,counter,"[1, 197, 768]","[1, 197, 768]",1316.51,0.0,0.577,cuda_event,cuda
14,encoder.layers.encoder_layer_3.ln_2,LayerNorm,0.01024,0.577148,756480.0,1536,0,21,0.01024,analytic,"[1, 197, 768]","[1, 197, 768]",1316.51,0.0,0.577,cuda_event,cuda
14,encoder.layers.encoder_layer_3.mlp.0,Linear,0.2519,2.308594,929562624.0,2362368,0,22,0.2519,counter,"[1, 197, 768]","[1, 197, 3072]",1316.51,0.0,2.309,cuda_event,cuda
14,encoder.layers.encoder_layer_3.mlp.1,GELU,0.01434,2.308594,4841472.0,0,0,23,0.01434,analytic,"[1, 197, 3072]","[1, 197, 3072]",1316.51,0.0,2.309,cuda_event,cuda
14,encoder.layers.encoder_layer_3.mlp.3,Linear,0.23901,0.577148,929562624.0,2360064,0,24,0.23901,counter,"[1, 197, 3072]","[1, 197, 768]",1316.51,0.0,0.577,cuda_event,cuda
14,encoder.layers.encoder_layer_4.ln_1,LayerNorm,0.01018,0.577148,756480.0,1536,0,25,0.01018,analytic,"[1, 197, 768]","[1, 197, 768]",1316.51,0.0,0.577,cuda_event,cuda
14,encoder.layers.encoder_layer_4.self_attention,MultiheadAttention,0.34112,0.577148,1048783872.0,2362368,0,26,0.34112,counter,"[1, 197, 768]","[1, 197, 768]",1316.51,0.0,0.577,cuda_event,cuda
14,encoder.layers.encoder_layer_4.ln_2,LayerNorm,0.01024,0.577148,756480.0,1536,0,27,0.01024,analytic,"[1, 197, 768]","[1, 197, 768]",1316.51,0.0,0.577,cuda_event,cuda
14,encoder.layers.encoder_layer_4.mlp.0,Linear,0.25155,2.308594,929562624.0,2362368,0,28,0.25155,counter,"[1, 197, 768]","[1, 197, 3072]",1316.51,0.0,2.309,cuda_event,cuda
14,encoder.layers.encoder_layer_4.mlp.1,GELU,0.0144,2.308594,4841472.0,0,0,29,0.0144,analytic,"[1, 197, 3072]","[1, 197, 3072]",1316.51,0.0,2.309,cuda_event,cuda
14,encoder.layers.encoder_layer_4.mlp.3,Linear,0.23782,0.577148,929562624.0,2360064,0,30,0.23782,counter,"[1, 197, 3072]","[1, 197, 768]",1316.51,0.0,0.577,cuda_event,cuda
14,encoder.layers.encoder_layer_5.ln_1,LayerNorm,0.01024,0.577148,756480.0,1536,0,31,0.01024,analytic,"[1, 197, 768]","[1, 197, 768]",1316.51,0.0,0.577,cuda_event,cuda
14,encoder.layers.encoder_layer_5.self_attention,MultiheadAttention,0.33997,0.577148,1048783872.0,2362368,0,32,0.33997,counter,"[1, 197, 768]","[1, 197, 768]",1316.51,0.0,0.577,cuda_event,cuda
14,encoder.layers.encoder_layer_5.ln_2,LayerNorm,0.01024,0.577148,756480.0,1536,0,33,0.01024,analytic,"[1, 197, 768]","[1, 197, 768]",1316.51,0.0,0.577,cuda_event,cuda
14,encoder.layers.encoder_layer_5.mlp.0,Linear,0.2519,2.308594,929562624.0,2362368,0,34,0.2519,counter,"[1, 197, 768]","[1, 197, 3072]",1316.51,0.0,2.309,cuda_event,cuda
14,encoder.layers.encoder_layer_5.mlp.1,GELU,0.01325,2.308594,4841472.0,0,0,35,0.01325,analytic,"[1, 197, 3072]","[1, 197, 3072]",1316.51,0.0,2.309,cuda_event,cuda
14,encoder.layers.encoder_layer_5.mlp.3,Linear,0.23962,0.577148,929562624.0,2360064,0,36,0.23962,counter,"[1, 197, 3072]","[1, 197, 768]",1316.51,0.0,0.577,cuda_event,cuda
14,encoder.layers.encoder_layer_6.ln_1,LayerNorm,0.00995,0.577148,756480.0,1536,0,37,0.00995,analytic,"[1, 197, 768]","[1, 197, 768]",1316.51,0.0,0.577,cuda_event,cuda
14,encoder.layers.encoder_layer_6.self_attention,MultiheadAttention,0.34074,0.577148,1048783872.0,2362368,0,38,0.34074,counter,"[1, 197, 768]","[1, 197, 768]",1316.51,0.0,0.577,cuda_event,cuda
14,encoder.layers.encoder_layer_6.ln_2,LayerNorm,0.01005,0.577148,756480.0,1536,0,39,0.01005,analytic,"[1, 197, 768]","[1, 197, 768]",1316.51,0.0,0.577,cuda_event,cuda
14,encoder.layers.encoder_layer_6.mlp.0,Linear,0.25014,2.308594,929562624.0,2362368,0,40,0.25014,counter,"[1, 197, 768]","[1, 197, 3072]",1316.51,0.0,2.309,cuda_event,cuda
14,encoder.layers.encoder_layer_6.mlp.1,GELU,0.01434,2.308594,4841472.0,0,0,41,0.01434,analytic,"[1, 197, 3072]","[1, 197, 3072]",1316.51,0.0,2.309,cuda_event,cuda
14,encoder.layers.encoder_layer_6.mlp.3,Linear,0.23757,0.577148,929562624.0,2360064,0,42,0.23757,counter,"[1, 197, 3072]","[1, 197, 768]",1316.51,0.0,0.577,cuda_event,cuda
14,encoder.layers.encoder_layer_7.ln_1,LayerNorm,0.00979,0.577148,756480.0,1536,0,43,0.00979,analytic,"[1, 197, 768]","[1, 197, 768]",1316.51,0.0,0.577,cuda_event,cuda
14,encoder.layers.encoder_layer_7.self_attention,MultiheadAttention,0.34035,0.577148,1048783872.0,2362368,0,44,0.34035,counter,"[1, 197, 768]","[1, 197, 768]",1316.51,0.0,0.577,cuda_event,cuda
14,encoder.layers.encoder_layer_7.ln_2,LayerNorm,0.01002,0.577148,756480.0,1536,0,45,0.01002,analytic,"[1, 197, 768]","[1, 197, 768]",1316.51,0.0,0.577,cuda_event,cuda
14,encoder.layers.encoder_layer_7.mlp.0,Linear,0.25178,2.308594,929562624.0,2362368,0,46,0.25178,counter,"[1, 197, 768]","[1, 197, 3072]",1316.51,0.0,2.309,cuda_event,cuda
14,encoder.layers.encoder_layer_7.mlp.1,GELU,0.0144,2.308594,4841472.0,0,0,47,0.0144,analytic,"[1, 197, 3072]","[1, 197, 3072]",1316.51,0.0,2.309,cuda_event,cuda
14,encoder.layers.encoder_layer_7.mlp.3,Linear,0.23731,0.577148,929562624.0,2360064,0,48,0.23731,counter,"[1, 197, 3072]","[1, 197, 768]",1316.51,0.0,0.577,cuda_event,cuda
14,encoder.layers.encoder_layer_8.ln_1,LayerNorm,0.01024,0.577148,756480.0,1536,0,49,0.01024,analytic,"[1, 197, 768]","[1, 197, 768]",1316.51,0.0,0.577,cuda_event,cuda
14,encoder.layers.encoder_layer_8.self_attention,MultiheadAttention,0.34202,0.577148,1048783872.0,2362368,0,50,0.34202,counter,"[1, 197, 768]","[1, 197, 768]",1316.51,0.0,0.577,cuda_event,cuda
14,encoder.layers.encoder_layer_8.ln_2,LayerNorm,0.01005,0.577148,756480.0,1536,0,51,0.01005,analytic,"[1, 197, 768]","[1, 197, 768]",1316.51,0.0,0.577,cuda_event,cuda
14,encoder.layers.encoder_layer_8.mlp.0,Linear,0.24995,2.308594,929562624.0,2362368,0,52,0.24995,counter,"[1, 197, 768]","[1, 197, 3072]",1316.51,0.0,2.309,cuda_event,cuda
14,encoder.layers.encoder_layer_8.mlp.1,GELU,0.01366,2.308594,4841472.0,0,0,53,0.01366,analytic,"[1, 197, 3072]","[1, 197, 3072]",1316.51,0.0,2.309,cuda_event,cuda
14,encoder.layers.encoder_layer_8.mlp.3,Linear,0.23766,0.577148,929562624.0,2360064,0,54,0.23766,counter,"[1, 197, 3072]","[1, 197, 768]",1316.51,0.0,0.577,cuda_event,cuda
14,encoder.layers.encoder_layer_9.ln_1,LayerNorm,0.01011,0.577148,756480.0,1536,0,55,0.01011,analytic,"[1, 197, 768]","[1, 197, 768]",1316.51,0.0,0.577,cuda_event,cuda
14,encoder.layers.encoder_layer_9.self_attention,MultiheadAttention,0.3401,0.577148,1048783872.0,2362368,0,56,0.3401,counter,"[1, 197, 768]","[1, 197, 768]",1316.51,0.0,0.577,cuda_event,cuda
14,encoder.layers.encoder_layer_9.ln_2,LayerNorm,0.01008,0.577148,756480.0,1536,0,57,0.01008,analytic,"[1, 197, 768]","[1, 197, 768]",1316.51,0.0,0.577,cuda_event,cuda
14,encoder.layers.encoder_layer_9.mlp.0,Linear,0.2377,2.308594,929562624.0,2362368,0,58,0.2377,counter,"[1, 197, 768]","[1, 197, 3072]",1316.51,0.0,2.309,cuda_event,cuda
14,encoder.layers.encoder_layer_9.mlp.1,GELU,0.01242,2.308594,4841472.0,0,0,59,0.01242,analytic,"[1, 197, 3072]","[1, 197, 3072]",1316.51,0.0,2.309,cuda_event,cuda
14,encoder.layers.encoder_layer_9.mlp.3,Linear,0.22323,0.577148,929562624.0,2360064,0,60,0.22323,counter,"[1, 197, 3072]","[1, 197, 768]",1316.51,0.0,0.577,cuda_event,cuda
14,encoder.layers.encoder_layer_10.ln_1,LayerNorm,0.0087,0.577148,756480.0,1536,0,61,0.0087,analytic,"[1, 197, 768]","[1, 197, 768]",1316.51,0.0,0.577,cuda_event,cuda
14,encoder.layers.encoder_layer_10.self_attention,MultiheadAttention,0.31715,0.577148,1048783872.0,2362368,0,62,0.31715,counter,"[1, 197, 768]","[1, 197, 768]",1316.51,0.0,0.577,cuda_event,cuda
14,encoder.layers.encoder_layer_10.ln_2,LayerNorm,0.00938,0.577148,756480.0,1536,0,63,0.00938,analytic,"[1, 197, 768]","[1, 197, 768]",1316.51,0.0,0.577,cuda_event,cuda
14,encoder.layers.encoder_layer_10.mlp.0,Linear,0.23398,2.308594,929562624.0,2362368,0,64,0.23398,counter,"[1, 197, 768]","[1, 197, 3072]",1316.51,0.0,2.309,cuda_event,cuda
14,encoder.layers.encoder_layer_10.mlp.1,GELU,0.01466,2.308594,4841472.0,0,0,65,0.01466,analytic,"[1, 197, 3072]","[1, 197, 3072]",1316.51,0.0,2.309,cuda_event,cuda
14,encoder.layers.encoder_layer_10.mlp.3,Linear,0.22461,0.577148,929562624.0,2360064,0,66,0.22461,counter,"[1, 197, 3072]","[1, 197, 768]",1316.51,0.0,0.577,cuda_event,cuda
14,encoder.layers.encoder_layer_11.ln_1,LayerNorm,0.00835,0.577148,756480.0,1536,0,67,0.00835,analytic,"[1, 197, 768]","[1, 197, 768]",1316.51,0.0,0.577,cuda_event,cuda
14,encoder.layers.encoder_layer_11.self_attention,MultiheadAttention,0.31626,0.577148,1048783872.0,2362368,0,68,0.31626,counter,"[1, 197, 768]","[1, 197, 768]",1316.51,0.0,0.577,cuda_event,cuda
14,encoder.layers.encoder_layer_11.ln_2,LayerNorm,0.00842,0.577148,756480.0,1536,0,69,0.00842,analytic,"[1, 197, 768]","[1, 197, 768]",1316.51,0.0,0.577,cuda_event,cuda
14,encoder.layers.encoder_layer_11.mlp.0,Linear,0.23728,2.308594,929562624.0,2362368,0,70,0.23728,counter,"[1, 197, 768]","[1, 197, 3072]",1316.51,0.0,2.309,cuda_event,cuda
14,encoder.layers.encoder_layer_11.mlp.1,GELU,0.01248,2.308594,4841472.0,0,0,71,0.01248,analytic,"[1, 197, 3072]","[1, 197, 3072]",1316.51,0.0,2.309,cuda_event,cuda
14,encoder.layers.encoder_layer_11.mlp.3,Linear,0.22323,0.577148,929562624.0,2360064,0,72,0.22323,counter,"[1, 197, 3072]","[1, 197, 768]",1316.51,0.0,0.577,cuda_event,cuda
14,encoder.ln,LayerNorm,0.01024,0.577148,756480.0,1536,0,73,0.01024,analytic,"[1, 197, 768]","[1, 197, 768]",1316.51,0.0,0.577,cuda_event,cuda
14,heads.head,Linear,0.01638,0.003815,1536000.0,769000,0,74,0.01638,counter,"[1, 768]","[1, 1000]",1316.51,0.0,0.004,cuda_event,cuda
15,conv_proj,Conv2d,0.18592,0.574219,231211008.0,590592,0,0,0.18592,counter,"[1, 3, 224, 224]","[1, 768, 14, 14]",1316.51,0.0,0.574,cuda_event,cuda
15,encoder.layers.encoder_layer_0.ln_1,LayerNorm,0.00893,0.577148,756480.0,1536,0,1,0.00893,analytic,"[1, 197, 768]","[1, 197, 768]",1316.51,0.0,0.577,cuda_event,cuda
15,encoder.layers.encoder_layer_0.self_attention,MultiheadAttention,0.31706,0.577148,1048783872.0,2362368,0,2,0.31706,counter,"[1, 197, 768]","[1, 197, 768]",1316.51,0.0,0.577,cuda_event,cuda
15,encoder.layers.encoder_layer_0.ln_2,LayerNorm,0.00867,0.577148,756480.0,1536,0,3,0.00867,analytic,"[1, 197, 768]","[1, 197, 768]",1316.51,0.0,0.577,cuda_event,cuda
15,encoder.layers.encoder_layer_0.mlp.0,Linear,0.23539,2.308594,929562624.0,2362368,0,4,0.23539,counter,"[1, 197, 768]","[1, 197, 3072]",1316.51,0.0,2.309,cuda_event,cuda
15,encoder.layers.encoder_layer_0.mlp.1,GELU,0.01373,2.308594,4841472.0,0,0,5,0.01373,analytic,"[1, 197, 3072]","[1, 197, 3072]",1316.51,0.0,2.309,cuda_event,cuda
15,encoder.layers.encoder_layer_0.mlp.3,Linear,0.22205,0.577148,929562624.0,2360064,0,6,0.22205,counter,"[1, 197, 3072]","[1, 197, 768]",1316.51,0.0,0.577,cuda_event,cuda
15,encoder.layers.encoder_layer_1.ln_1,LayerNorm,0.00877,0.577148,756480.0,1536,0,7,0.00877,analytic,"[1, 197, 768]","[1, 197, 768]",1316.51,0.0,0.577,cuda_event,cuda
15,encoder.layers.encoder_layer_1.self_attention,MultiheadAttention,0.31667,0.577148,1048783872.0,2362368,0,8,0.31667,counter,"[1, 197, 768]","[1, 197, 768]",1316.51,0.0,0.577,cuda_event,cuda
15,encoder.layers.encoder_layer_1.ln_2,LayerNorm,0.00918,0.577148,756480.0,1536,0,9,0.00918,analytic,"[1, 197, 768]","[1, 197, 768]",1316.51,0.0,0.577,cuda_event,cuda
15,encoder.layers.encoder_layer_1.mlp.0,Linear,0.23347,2.308594,929562624.0,2362368,0,10,0.23347,counter,"[1, 197, 768]","[1, 197, 3072]",1316.51,0.0,2.309,cuda_event,cuda
15,encoder.layers.encoder_layer_1.mlp.1,GELU,0.01434,2.308594,4841472.0,0,0,11,0.01434,analytic,"[1, 197, 3072]","[1, 197, 3072]",1316.51,0.0,2.309,cuda_event,cuda
15,encoder.layers.encoder_layer_1.mlp.3,Linear,0.22118,0.577148,929562624.0,2360064,0,12,0.22118,counter,"[1, 197, 3072]","[1, 197, 768]",1316.51,0.0,0.577,cuda_event,cuda
15,encoder.layers.encoder_layer_2.ln_1,LayerNorm,0.00893,0.577148,756480.0,1536,0,13,0.00893,analytic,"[1, 197, 768]","[1, 197, 768]",1316.51,0.0,0.577,cuda_event,cuda
15,encoder.layers.encoder_layer_2.self_attention,MultiheadAttention,0.31734,0.577148,1048783872.0,2362368,0,14,0.31734,counter,"[1, 197, 768]","[1, 197, 768]",1316.51,0.0,0.577,cuda_event,cuda
15,encoder.layers.encoder_layer_2.ln_2,LayerNorm,0.00896,0.577148,756480.0,1536,0,15,0.00896,analytic,"[1, 197, 768]","[1, 197, 768]",1316.51,0.0,0.577,cuda_event,cuda
15,encoder.layers.encoder_layer_2.mlp.0,Linear,0.23514,2.308594,929562624.0,2362368,0,16,0.23514,counter,"[1, 197, 768]","[1, 197, 3072]",1316.51,0.0,2.309,cuda_event,cuda
15,encoder.layers.encoder_layer_2.mlp.1,GELU,0.01402,2.308594,4841472.0,0,0,17,0.01402,analytic,"[1, 197, 3072]","[1, 197, 3072]",1316.51,0.0,2.309,cuda_event,cuda
15,encoder.layers.encoder_layer_2.mlp.3,Linear,0.22182,0.577148,929562624.0,2360064,0,18,0.22182,counter,"[1, 197, 3072]","[1, 197, 768]",1316.51,0.0,0.577,cuda_event,cuda
15,encoder.layers.encoder_layer_3.ln_1,LayerNorm,0.00979,0.577148,756480.0,1536,0,19,0.00979,analytic,"[1, 197, 768]","[1, 197, 768]",1316.51,0.0,0.577,cuda_event,cuda
15,encoder.layers.encoder_layer_3.self_attention,MultiheadAttention,0.31386,0.577148,1048783872.0,2362368,0,20,0.31386,counter,"[1, 197, 768]","[1, 197, 768]",1316.51,0.0,0.577,cuda_event,cuda
15,encoder.layers.encoder_layer_3.ln_2,LayerNorm,0.00982,0.577148,756480.0,1536,0,21,0.00982,analytic,"[1, 197, 768]","[1, 197, 768]",1316.51,0.0,0.577,cuda_event,cuda
15,encoder.layers.encoder_layer_3.mlp.0,Linear,0.23565,2.308594,929562624.0,2362368,0,22,0.23565,counter,"[1, 197, 768]","[1, 197, 3072]",1316.51,0.0,2.309,cuda_event,cuda
15,encoder.layers.encoder_layer_3.mlp.1,GELU,0.01306,2.308594,4841472.0,0,0,23,0.01306,analytic,"[1, 197, 3072]","[1, 197, 3072]",1316.51,0.0,2.309,cuda_event,cuda
15,encoder.layers.encoder_layer_3.mlp.3,Linear,0.22323,0.577148,929562624.0,2360064,0,24,0.22323,counter,"[1, 197, 3072]","[1, 197, 768]",1316.51,0.0,0.577,cuda_event,cuda
15,encoder.layers.encoder_layer_4.ln_1,LayerNorm,0.00848,0.577148,756480.0,1536,0,25,0.00848,analytic,"[1, 197, 768]","[1, 197, 768]",1316.51,0.0,0.577,cuda_event,cuda
15,encoder.layers.encoder_layer_4.self_attention,MultiheadAttention,0.31744,0.577148,1048783872.0,2362368,0,26,0.31744,counter,"[1, 197, 768]","[1, 197, 768]",1316.51,0.0,0.577,cuda_event,cuda
15,encoder.layers.encoder_layer_4.ln_2,LayerNorm,0.01002,0.577148,756480.0,1536,0,27,0.01002,analytic,"[1, 197, 768]","[1, 197, 768]",1316.51,0.0,0.577,cuda_event,cuda
15,encoder.layers.encoder_layer_4.mlp.0,Linear,0.2336,2.308594,929562624.0,2362368,0,28,0.2336,counter,"[1, 197, 768]","[1, 197, 3072]",1316.51,0.0,2.309,cuda_event,cuda
15,encoder.layers.encoder_layer_4.mlp.1,GELU,0.0136,2.308594,4841472.0,0,0,29,0.0136,analytic,"[1, 197, 3072]","[1, 197, 3072]",1316.51,0.0,2.309,cuda_event,cuda
15,encoder.layers.encoder_layer_4.mlp.3,Linear,0.22413,0.577148,929562624.0,2360064,0,30,0.22413,counter,"[1, 197, 3072]","[1, 197, 768]",1316.51,0.0,0.577,cuda_event,cuda
15,encoder.layers.encoder_layer_5.ln_1,LayerNorm,0.00998,0.577148,756480.0,1536,0,31,0.00998,analytic,"[1, 197, 768]","[1, 197, 768]",1316.51,0.0,0.577,cuda_event,cuda
15,encoder.layers.encoder_layer_5.self_attention,MultiheadAttention,0.31366,0.577148,1048783872.0,2362368,0,32,0.31366,counter,"[1, 197, 768]","[1, 197, 768]",1316.51,0.0,0.577,cuda_event,cuda
15,encoder.layers.encoder_layer_5.ln_2,LayerNorm,0.00826,0.577148,756480.0,1536,0,33,0.00826,analytic,"[1, 197, 768]","[1, 197, 768]",1316.51,0.0,0.577,cuda_event,cuda
15,encoder.layers.encoder_layer_5.mlp.0,Linear,0.2247,2.308594,929562624.0,2362368,0,34,0.2247,counter,"[1, 197, 768]","[1, 197, 3072]",1316.51,0.0,2.309,cuda_event,cuda
15,encoder.layers.encoder_layer_5.mlp.1,GELU,0.01475,2.308594,4841472.0,0,0,35,0.01475,analytic,"[1, 197, 3072]","[1, 197, 3072]",1316.51,0.0,2.309,cuda_event,cuda
15,encoder.layers.encoder_layer_5.mlp.3,Linear,0.21126,0.577148,929562624.0,2360064,0,36,0.21126,counter,"[1, 197, 3072]","[1, 197, 768]",1316.51,0.0,0.577,cuda_event,cuda
15,encoder.layers.encoder_layer_6.ln_1,LayerNorm,0.00861,0.577148,756480.0,1536,0,37,0.00861,analytic,"[1, 197, 768]","[1, 197, 768]",1316.51,0.0,0.577,cuda_event,cuda
15,encoder.layers.encoder_layer_6.self_attention,MultiheadAttention,0.29696,0.577148,1048783872.0,2362368,0,38,0.29696,counter,"[1, 197, 768]","[1, 197, 768]",1316.51,0.0,0.577,cuda_event,cuda
15,encoder.layers.encoder_layer_6.ln_2,LayerNorm,0.00934,0.577148,756480.0,1536,0,39,0.00934,analytic,"[1, 197, 768]","[1, 197, 768]",1316.51,0.0,0.577,cuda_event,cuda
15,encoder.layers.encoder_layer_6.mlp.0,Linear,0.22419,2.308594,929562624.0,2362368,0,40,0.22419,counter,"[1, 197, 768]","[1, 197, 3072]",1316.51,0.0,2.309,cuda_event,cuda
15,encoder.layers.encoder_layer_6.mlp.1,GELU,0.01427,2.308594,4841472.0,0,0,41,0.01427,analytic,"[1, 197, 3072]","[1, 197, 3072]",1316.51,0.0,2.309,cuda_event,cuda
15,encoder.layers.encoder_layer_6.mlp.3,Linear,0.2112,0.577148,929562624.0,2360064,0,42,0.2112,counter,"[1, 197, 3072]","[1, 197, 768]",1316.51,0.0,0.577,cuda_event,cuda
15,encoder.layers.encoder_layer_7.ln_1,LayerNorm,0.00992,0.577148,756480.0,1536,0,43,0.00992,analytic,"[1, 197, 768]","[1, 197, 768]",1316.51,0.0,0.577,cuda_event,cuda
15,encoder.layers.encoder_layer_7.self_attention,MultiheadAttention,0.29738,0.577148,1048783872.0,2362368,0,44,0.29738,counter,"[1, 197, 768]","[1, 197, 768]",1316.51,0.0,0.577,cuda_event,cuda
15,encoder.layers.encoder_layer_7.ln_2,LayerNorm,0.00854,0.577148,756480.0,1536,0,45,0.00854,analytic,"[1, 197, 768]","[1, 197, 768]",1316.51,0.0,0.577,cuda_event,cuda
15,encoder.layers.encoder_layer_7.mlp.0,Linear,0.22323,2.308594,929562624.0,2362368,0,46,0.22323,counter,"[1, 197, 768]","[1, 197, 3072]",1316.51,0.0,2.309,cuda_event,cuda
15,encoder.layers.encoder_layer_7.mlp.1,GELU,0.01434,2.308594,4841472.0,0,0,47,0.01434,analytic,"[1, 197, 3072]","[1, 197, 3072]",1316.51,0.0,2.309,cuda_event,cuda
15,encoder.layers.encoder_layer_7.mlp.3,Linear,0.21299,0.577148,929562624.0,2360064,0,48,0.21299,counter,"[1, 197, 3072]","[1, 197, 768]",1316.51,0.0,0.577,cuda_event,cuda
15,encoder.layers.encoder_layer_8.ln_1,LayerNorm,0.00896,0.577148,756480.0,1536,0,49,0.00896,analytic,"[1, 197, 768]","[1, 197, 768]",1316.51,0.0,0.577,cuda_event,cuda
15,encoder.layers.encoder_layer_8.self_attention,MultiheadAttention,0.29715,0.577148,1048783872.0,2362368,0,50,0.29715,counter,"[1, 197, 768]","[1, 197, 768]",1316.51,0.0,0.577,cuda_event,cuda
15,encoder.layers.encoder_layer_8.ln_2,LayerNorm,0.0096,0.577148,756480.0,1536,0,51,0.0096,analytic,"[1, 197, 768]","[1, 197, 768]",1316.51,0.0,0.577,cuda_event,cuda
15,encoder.layers.encoder_layer_8.mlp.0,Linear,0.224,2.308594,929562624.0,2362368,0,52,0.224,counter,"[1, 197, 768]","[1, 197, 3072]",1316.51,0.0,2.309,cuda_event,cuda
15,encoder.layers.encoder_layer_8.mlp.1,GELU,0.01434,2.308594,4841472.0,0,0,53,0.01434,analytic,"[1, 197, 3072]","[1, 197, 3072]",1316.51,0.0,2.309,cuda_event,cuda
15,encoder.layers.encoder_layer_8.mlp.3,Linear,0.21299,0.577148,929562624.0,2360064,0,54,0.21299,counter,"[1, 197, 3072]","[1, 197, 768]",1316.51,0.0,0.577,cuda_event,cuda
15,encoder.layers.encoder_layer_9.ln_1,LayerNorm,0.00989,0.577148,756480.0,1536,0,55,0.00989,analytic,"[1, 197, 768]","[1, 197, 768]",1316.51,0.0,0.577,cuda_event,cuda
15,encoder.layers.encoder_layer_9.self_attention,MultiheadAttention,0.29862,0.577148,1048783872.0,2362368,0,56,0.29862,counter,"[1, 197, 768]","[1, 197, 768]",1316.51,0.0,0.577,cuda_event,cuda
15,encoder.layers.encoder_layer_9.ln_2,LayerNorm,0.00954,0.577148,756480.0,1536,0,57,0.00954,analytic,"[1, 197, 768]","[1, 197, 768]",1316.51,0.0,0.577,cuda_event,cuda
15,encoder.layers.encoder_layer_9.mlp.0,Linear,0.22198,2.308594,929562624.0,2362368,0,58,0.22198,counter,"[1, 197, 768]","[1, 197, 3072]",1316.51,0.0,2.309,cuda_event,cuda
15,encoder.layers.encoder_layer_9.mlp.1,GELU,0.01434,2.308594,4841472.0,0,0,59,0.01434,analytic,"[1, 197, 3072]","[1, 197, 3072]",1316.51,0.0,2.309,cuda_event,cuda
15,encoder.layers.encoder_layer_9.mlp.3,Linear,0.21094,0.577148,929562624.0,2360064,0,60,0.21094,counter,"[1, 197, 3072]","[1, 197, 768]",1316.51,0.0,0.577,cuda_event,cuda
15,encoder.layers.encoder_layer_10.ln_1,LayerNorm,0.00915,0.577148,756480.0,1536,0,61,0.00915,analytic,"[1, 197, 768]","[1, 197, 768]",1316.51,0.0,0.577,cuda_event,cuda
15,encoder.layers.encoder_layer_10.self_attention,MultiheadAttention,0.29629,0.577148,1048783872.0,2362368,0,62,0.29629,counter,"[1, 197, 768]","[1, 197, 768]",1316.51,0.0,0.577,cuda_event,cuda
15,encoder.layers.encoder_layer_10.ln_2,LayerNorm,0.00963,0.577148,756480.0,1536,0,63,0.00963,analytic,"[1, 197, 768]","[1, 197, 768]",1316.51,0.0,0.577,cuda_event,cuda
15,encoder.layers.encoder_layer_10.mlp.0,Linear,0.2233,2.308594,929562624.0,2362368,0,64,0.2233,counter,"[1, 197, 768]","[1, 197, 3072]",1316.51,0.0,2.309,cuda_event,cuda
15,encoder.layers.encoder_layer_10.mlp.1,GELU,0.01309,2.308594,4841472.0,0,0,65,0.01309,analytic,"[1, 197, 3072]","[1, 197, 3072]",1316.51,0.0,2.309,cuda_event,cuda
15,encoder.layers.encoder_layer_10.mlp.3,Linear,0.21238,0.577148,929562624.0,2360064,0,66,0.21238,counter,"[1, 197, 3072]","[1, 197, 768]",1316.51,0.0,0.577,cuda_event,cuda
15,encoder.layers.encoder_layer_11.ln_1,LayerNorm,0.01248,0.577148,756480.0,1536,0,67,0.01248,analytic,"[1, 197, 768]","[1, 197, 768]",1316.51,0.0,0.577,cuda_event,cuda
15,encoder.layers.encoder_layer_11.self_attention,MultiheadAttention,0.29827,0.577148,1048783872.0,2362368,0,68,0.29827,counter,"[1, 197, 768]","[1, 197, 768]",1316.51,0.0,0.577,cuda_event,cuda
15,encoder.layers.encoder_layer_11.ln_2,LayerNorm,0.00941,0.577148,756480.0,1536,0,69,0.00941,analytic,"[1, 197, 768]","[1, 197, 768]",1316.51,0.0,0.577,cuda_event,cuda
15,encoder.layers.encoder_layer_11.mlp.0,Linear,0.2256,2.308594,929562624.0,2362368,0,70,0.2256,counter,"[1, 197, 768]","[1, 197, 3072]",1316.51,0.0,2.309,cuda_event,cuda
15,encoder.layers.encoder_layer_11.mlp.1,GELU,0.01408,2.308594,4841472.0,0,0,71,0.01408,analytic,"[1, 197, 3072]","[1, 197, 3072]",1316.51,0.0,2.309,cuda_event,cuda
15,encoder.layers.encoder_layer_11.mlp.3,Linear,0.21184,0.577148,929562624.0,2360064,0,72,0.21184,counter,"[1, 197, 3072]","[1, 197, 768]",1316.51,0.0,0.577,cuda_event,cuda
15,encoder.ln,LayerNorm,0.00893,0.577148,756480.0,1536,0,73,0.00893,analytic,"[1, 197, 768]","[1, 197, 768]",1316.51,0.0,0.577,cuda_event,cuda
15,heads.head,Linear,0.01654,0.003815,1536000.0,769000,0,74,0.01654,counter,"[1, 768]","[1, 1000]",1316.51,0.0,0.004,cuda_event,cuda
16,conv_proj,Conv2d,0.17574,0.574219,231211008.0,590592,0,0,0.17574,counter,"[1, 3, 224, 224]","[1, 768, 14, 14]",1316.51,0.0,0.574,cuda_event,cuda
16,encoder.layers.encoder_layer_0.ln_1,LayerNorm,0.00819,0.577148,756480.0,1536,0,1,0.00819,analytic,"[1, 197, 768]","[1, 197, 768]",1316.51,0.0,0.577,cuda_event,cuda
16,encoder.layers.encoder_layer_0.self_attention,MultiheadAttention,0.29082,0.577148,1048783872.0,2362368,0,2,0.29082,counter,"[1, 197, 768]","[1, 197, 768]",1316.51,0.0,0.577,cuda_event,cuda
16,encoder.layers.encoder_layer_0.ln_2,LayerNorm,0.0088,0.577148,756480.0,1536,0,3,0.0088,analytic,"[1, 197, 768]","[1, 197, 768]",1316.51,0.0,0.577,cuda_event,cuda
16,encoder.layers.encoder_layer_0.mlp.0,Linear,0.21898,2.308594,929562624.0,2362368,0,4,0.21898,counter,"[1, 197, 768]","[1, 197, 3072]",1316.51,0.0,2.309,cuda_event,cuda
16,encoder.layers.encoder_layer_0.mlp.1,GELU,0.01389,2.308594,4841472.0,0,0,5,0.01389,analytic,"[1, 197, 3072]","[1, 197, 3072]",1316.51,0.0,2.309,cuda_event,cuda
16,encoder.layers.encoder_layer_0.mlp.3,Linear,0.20899,0.577148,929562624.0,2360064,0,6,0.20899,counter,"[1, 197, 3072]","[1, 197, 768]",1316.51,0.0,0.577,cuda_event,cuda
16,encoder.layers.encoder_layer_1.ln_1,LayerNorm,0.00842,0.577148,756480.0,1536,0,7,0.00842,analytic,"[1, 197, 768]","[1, 197, 768]",1316.51,0.0,0.577,cuda_event,cuda
16,encoder.layers.encoder_layer_1.self_attention,MultiheadAttention,0.28877,0.577148,1048783872.0,2362368,0,8,0.28877,counter,"[1, 197, 768]","[1, 197, 768]",1316.51,0.0,0.577,cuda_event,cuda
16,encoder.layers.encoder_layer_1.ln_2,LayerNorm,0.00819,0.577148,756480.0,1536,0,9,0.00819,analytic,"[1, 197, 768]","[1, 197, 768]",1316.51,0.0,0.577,cuda_event,cuda
16,encoder.layers.encoder_layer_1.mlp.0,Linear,0.22016,2.308594,929562624.0,2362368,0,10,0.22016,counter,"[1, 197, 768]","[1, 197, 3072]",1316.51,0.0,2.309,cuda_event,cuda
16,encoder.layers.encoder_layer_1.mlp.1,GELU,0.01434,2.308594,4841472.0,0,0,11,0.01434,analytic,"[1, 197, 3072]","[1, 197, 3072]",1316.51,0.0,2.309,cuda_event,cuda
16,encoder.layers.encoder_layer_1.mlp.3,Linear,0.2089,0.577148,929562624.0,2360064,0,12,0.2089,counter,"[1, 197, 3072]","[1, 197, 768]",1316.51,0.0,0.577,cuda_event,cuda
16,encoder.layers.encoder_layer_2.ln_1,LayerNorm,0.00963,0.577148,756480.0,1536,0,13,0.00963,analytic,"[1, 197, 768]","[1, 197, 768]",1316.51,0.0,0.577,cuda_event,cuda
16,encoder.layers.encoder_layer_2.self_attention,MultiheadAttention,0.2895,0.577148,1048783872.0,2362368,0,14,0.2895,counter,"[1, 197, 768]","[1, 197, 768]",1316.51,0.0,0.577,cuda_event,cuda
16,encoder.layers.encoder_layer_2.ln_2,LayerNorm,0.00819,0.577148,756480.0,1536,0,15,0.00819,analytic,"[1, 197, 768]","[1, 197, 768]",1316.51,0.0,0.577,cuda_event,cuda
16,encoder.layers.encoder_layer_2.mlp.0,Linear,0.22077,2.308594,929562624.0,2362368,0,16,0.22077,counter,"[1, 197, 768]","[1, 197, 3072]",1316.51,0.0,2.309,cuda_event,cuda
16,encoder.layers.encoder_layer_2.mlp.1,GELU,0.01424,2.308594,4841472.0,0,0,17,0.01424,analytic,"[1, 197, 3072]","[1, 197, 3072]",1316.51,0.0,2.309,cuda_event,cuda
16,encoder.layers.encoder_layer_2.mlp.3,Linear,0.20755,0.577148,929562624.0,2360064,0,18,0.20755,counter,"[1, 197, 3072]","[1, 197, 768]",1316.51,0.0,0.577,cuda_event,cuda
16,encoder.layers.encoder_layer_3.ln_1,LayerNorm,0.00874,0.577148,756480.0,1536,0,19,0.00874,analytic,"[1, 197, 768]","[1, 197, 768]",1316.51,0.0,0.577,cuda_event,cuda
16,encoder.layers.encoder_layer_3.self_attention,MultiheadAttention,0.2887,0.577148,1048783872.0,2362368,0,20,0.2887,counter,"[1, 197, 768]","[1, 197, 768]",1316.51,0.0,0.577,cuda_event,cuda
16,encoder.layers.encoder_layer_3.ln_2,LayerNorm,0.00906,0.577148,756480.0,1536,0,21,0.00906,analytic,"[1, 197, 768]","[1, 197, 768]",1316.51,0.0,0.577,cuda_event,cuda
16,encoder.layers.encoder_layer_3.mlp.0,Linear,0.2193,2.308594,929562624.0,2362368,0,22,0.2193,counter,"[1, 197, 768]","[1, 197, 3072]",1316.51,0.0,2.309,cuda_event,cuda
16,encoder.layers.encoder_layer_3.mlp.1,GELU,0.01386,2.308594,4841472.0,0,0,23,0.01386,analytic,"[1, 197, 3072]","[1, 197, 3072]",1316.51,0.0,2.309,cuda_event,cuda
16,encoder.layers.encoder_layer_3.mlp.3,Linear,0.2089,0.577148,929562624.0,2360064,0,24,0.2089,counter,"[1, 197, 3072]","[1, 197, 768]",1316.51,0.0,0.577,cuda_event,cuda
16,encoder.layers.encoder_layer_4.ln_1,LayerNorm,0.00829,0.577148,756480.0,1536,0,25,0.00829,analytic,"[1, 197, 768]","[1, 197, 768]",1316.51,0.0,0.577,cuda_event,cuda
16,encoder.layers.encoder_layer_4.self_attention,MultiheadAttention,0.29082,0.577148,1048783872.0,2362368,0,26,0.29082,counter,"[1, 197, 768]","[1, 197, 768]",1316.51,0.0,0.577,cuda_event,cuda
16,encoder.layers.encoder_layer_4.ln_2,LayerNorm,0.00838,0.577148,756480.0,1536,0,27,0.00838,analytic,"[1, 197, 768]","[1, 197, 768]",1316.51,0.0,0.577,cuda_event,cuda
16,encoder.layers.encoder_layer_4.mlp.0,Linear,0.2207,2.308594,929562624.0,2362368,0,28,0.2207,counter,"[1, 197, 768]","[1, 197, 3072]",1316.51,0.0,2.309,cuda_event,cuda
16,encoder.layers.encoder_layer_4.mlp.1,GELU,0.01488,2.308594,4841472.0,0,0,29,0.01488,analytic,"[1, 197, 3072]","[1, 197, 3072]",1316.51,0.0,2.309,cuda_event,cuda
16,encoder.layers.encoder_layer_4.mlp.3,Linear,0.20902,0.577148,929562624.0,2360064,0,30,0.20902,counter,"[1, 197, 3072]","[1, 197, 768]",1316.51,0.0,0.577,cuda_event,cuda
16,encoder.layers.encoder_layer_5.ln_1,LayerNorm,0.00883,0.577148,756480.0,1536,0,31,0.00883,analytic,"[1, 197, 768]","[1, 197, 768]",1316.51,0.0,0.577,cuda_event,cuda
16,encoder.layers.encoder_layer_5.self_attention,MultiheadAttention,0.29078,0.577148,1048783872.0,2362368,0,32,0.29078,counter,"[1, 197, 768]","[1, 197, 768]",1316.51,0.0,0.577,cuda_event,cuda
16,encoder.layers.encoder_layer_5.ln_2,LayerNorm,0.00858,0.577148,756480.0,1536,0,33,0.00858,analytic,"[1, 197, 768]","[1, 197, 768]",1316.51,0.0,0.577,cuda_event,cuda
16,encoder.layers.encoder_layer_5.mlp.0,Linear,0.21958,2.308594,929562624.0,2362368,0,34,0.21958,counter,"[1, 197, 768]","[1, 197, 3072]",1316.51,0.0,2.309,cuda_event,cuda
16,encoder.layers.encoder_layer_5.mlp.1,GELU,0.01382,2.308594,4841472.0,0,0,35,0.01382,analytic,"[1, 197, 3072]","[1, 197, 3072]",1316.51,0.0,2.309,cuda_event,cuda
16,encoder.layers.encoder_layer_5.mlp.3,Linear,0.20864,0.577148,929562624.0,2360064,0,36,0.20864,counter,"[1, 197, 3072]","[1, 197, 768]",1316.51,0.0,0.577,cuda_event,cuda
16,encoder.layers.encoder_layer_6.ln_1,LayerNorm,0.0088,0.577148,756480.0,1536,0,37,0.0088,analytic,"[1, 197, 768]","[1, 197, 768]",1316.51,0.0,0.577,cuda_event,cuda
16,encoder.layers.encoder_layer_6.self_attention,MultiheadAttention,0.29082,0.577148,1048783872.0,2362368,0,38,0.29082,counter,"[1, 197, 768]","[1, 197, 768]",1316.51,0.0,0.577,cuda_event,cuda
16,encoder.layers.encoder_layer_6.ln_2,LayerNorm,0.00845,0.577148,756480.0,1536,0,39,0.00845,analytic,"[1, 197, 768]","[1, 197, 768]",1316.51,0.0,0.577,cuda_event,cuda
16,encoder.layers.encoder_layer_6.mlp.0,Linear,0.21914,2.308594,929562624.0,2362368,0,40,0.21914,counter,"[1, 197, 768]","[1, 197, 3072]",1316.51,0.0,2.309,cuda_event,cuda
16,encoder.layers.encoder_layer_6.mlp.1,GELU,0.01536,2.308594,4841472.0,0,0,41,0.01536,analytic,"[1, 197, 3072]","[1, 197, 3072]",1316.51,0.0,2.309,cuda_event,cuda
16,encoder.layers.encoder_layer_6.mlp.3,Linear,0.2089,0.577148,929562624.0,2360064,0,42,0.2089,counter,"[1, 197, 3072]","[1, 197, 768]",1316.51,0.0,0.577,cuda_event,cuda
16,encoder.layers.encoder_layer_7.ln_1,LayerNorm,0.0088,0.577148,756480.0,1536,0,43,0.0088,analytic,"[1, 197, 768]","[1, 197, 768]",1316.51,0.0,0.577,cuda_event,cuda
16,encoder.layers.encoder_layer_7.self_attention,MultiheadAttention,0.28931,0.577148,1048783872.0,2362368,0,44,0.28931,counter,"[1, 197, 768]","[1, 197, 768]",1316.51,0.0,0.577,cuda_event,cuda
16,encoder.layers.encoder_layer_7.ln_2,LayerNorm,0.00835,0.577148,756480.0,1536,0,45,0.00835,analytic,"[1, 197, 768]","[1, 197, 768]",1316.51,0.0,0.577,cuda_event,cuda
16,encoder.layers.encoder_layer_7.mlp.0,Linear,0.22118,2.308594,929562624.0,2362368,0,46,0.22118,counter,"[1, 197, 768]","[1, 197, 3072]",1316.51,0.0,2.309,cuda_event,cuda
16,encoder.layers.encoder_layer_7.mlp.1,GELU,0.01434,2.308594,4841472.0,0,0,47,0.01434,analytic,"[1, 197, 3072]","[1, 197, 3072]",1316.51,0.0,2.309,cuda_event,cuda
16,encoder.layers.encoder_layer_7.mlp.3,Linear,0.20685,0.577148,929562624.0,2360064,0,48,0.20685,counter,"[1, 197, 3072]","[1, 197, 768]",1316.51,0.0,0.577,cuda_event,cuda
16,encoder.layers.encoder_layer_8.ln_1,LayerNorm,0.00954,0.577148,756480.0,1536,0,49,0.00954,analytic,"[1, 197, 768]","[1, 197, 768]",1316.51,0.0,0.577,cuda_event,cuda
16,encoder.layers.encoder_layer_8.self_attention,MultiheadAttention,0.29101,0.577148,1048783872.0,2362368,0,50,0.29101,counter,"[1, 197, 768]","[1, 197, 768]",1316.51,0.0,0.577,cuda_event,cuda
16,encoder.layers.encoder_layer_8.ln_2,LayerNorm,0.0096,0.577148,756480.0,1536,0,51,0.0096,analytic,"[1, 197, 768]","[1, 197, 768]",1316.51,0.0,0.577,cuda_event,cuda
16,encoder.layers.encoder_layer_8.mlp.0,Linear,0.21894,2.308594,929562624.0,2362368,0,52,0.21894,counter,"[1, 197, 768]","[1, 197, 3072]",1316.51,0.0,2.309,cuda_event,cuda
16,encoder.layers.encoder_layer_8.mlp.1,GELU,0.01434,2.308594,4841472.0,0,0,53,0.01434,analytic,"[1, 197, 3072]","[1, 197, 3072]",1316.51,0.0,2.309,cuda_event,cuda
16,encoder.layers.encoder_layer_8.mlp.3,Linear,0.20858,0.577148,929562624.0,2360064,0,54,0.20858,counter,"[1, 197, 3072]","[1, 197, 768]",1316.51,0.0,0.577,cuda_event,cuda
16,encoder.layers.encoder_layer_9.ln_1,LayerNorm,0.00819,0.577148,756480.0,1536,0,55,0.00819,analytic,"[1, 197, 768]","[1, 197, 768]",1316.51,0.0,0.577,cuda_event,cuda
16,encoder.layers.encoder_layer_9.self_attention,MultiheadAttention,0.28877,0.577148,1048783872.0,2362368,0,56,0.28877,counter,"[1, 197, 768]","[1, 197, 768]",1316.51,0.0,0.577,cuda_event,cuda
16,encoder.layers.encoder_layer_9.ln_2,LayerNorm,0.00819,0.577148,756480.0,1536,0,57,0.00819,analytic,"[1, 197, 768]","[1, 197, 768]",1316.51,0.0,0.577,cuda_event,cuda
16,encoder.layers.encoder_layer_9.mlp.0,Linear,0.22118,2.308594,929562624.0,2362368,0,58,0.22118,counter,"[1, 197, 768]","[1, 197, 3072]",1316.51,0.0,2.309,cuda_event,cuda
16,encoder.layers.encoder_layer_9.mlp.1,GELU,0.01392,2.308594,4841472.0,0,0,59,0.01392,analytic,"[1, 197, 3072]","[1, 197, 3072]",1316.51,0.0,2.309,cuda_event,cuda
16,encoder.layers.encoder_layer_9.mlp.3,Linear,0.20915,0.577148,929562624.0,2360064,0,60,0.20915,counter,"[1, 197, 3072]","[1, 197, 768]",1316.51,0.0,0.577,cuda_event,cuda
16,encoder.layers.encoder_layer_10.ln_1,LayerNorm,0.00883,0.577148,756480.0,1536,0,61,0.00883,analytic,"[1, 197, 768]","[1, 197, 768]",1316.51,0.0,0.577,cuda_event,cuda
16,encoder.layers.encoder_layer_10.self_attention,MultiheadAttention,0.28672,0.577148,1048783872.0,2362368,0,62,0.28672,counter,"[1, 197, 768]","[1, 197, 768]",1316.51,0.0,0.577,cuda_event,cuda
16,encoder.layers.encoder_layer_10.ln_2,LayerNorm,0.00819,0.577148,756480.0,1536,0,63,0.00819,analytic,"[1, 197, 768]","[1, 197, 768]",1316.51,0.0,0.577,cuda_event,cuda
16,encoder.layers.encoder_layer_10.mlp.0,Linear,0.21907,2.308594,929562624.0,2362368,0,64,0.21907,counter,"[1, 197, 768]","[1, 197, 3072]",1316.51,0.0,2.309,cuda_event,cuda
16,encoder.layers.encoder_layer_10.mlp.1,GELU,0.01411,2.308594,4841472.0,0,0,65,0.01411,analytic,"[1, 197, 3072]","[1, 197, 3072]",1316.51,0.0,2.309,cuda_event,cuda
16,encoder.layers.encoder_layer_10.mlp.3,Linear,0.20928,0.577148,929562624.0,2360064,0,66,0.20928,counter,"[1, 197, 3072]","[1, 197, 768]",1316.51,0.0,0.577,cuda_event,cuda
16,encoder.layers.encoder_layer_11.ln_1,LayerNorm,0.0095,0.577148,756480.0,1536,0,67,0.0095,analytic,"[1, 197, 768]","[1, 197, 768]",1316.51,0.0,0.577,cuda_event,cuda
16,encoder.layers.encoder_layer_11.self_attention,MultiheadAttention,0.28931,0.577148,1048783872.0,2362368,0,68,0.28931,counter,"[1, 197, 768]","[1, 197, 768]",1316.51,0.0,0.577,cuda_event,cuda
16,encoder.layers.encoder_layer_11.ln_2,LayerNorm,0.00906,0.577148,756480.0,1536,0,69,0.00906,analytic,"[1, 197, 768]","[1, 197, 768]",1316.51,0.0,0.577,cuda_event,cuda
16,encoder.layers.encoder_layer_11.mlp.0,Linear,0.21907,2.308594,929562624.0,2362368,0,70,0.21907,counter,"[1, 197, 768]","[1, 197, 3072]",1316.51,0.0,2.309,cuda_event,cuda
16,encoder.layers.encoder_layer_11.mlp.1,GELU,0.0127,2.308594,4841472.0,0,0,71,0.0127,analytic,"[1, 197, 3072]","[1, 197, 3072]",1316.51,0.0,2.309,cuda_event,cuda
16,encoder.layers.encoder_layer_11.mlp.3,Linear,0.2089,0.577148,929562624.0,2360064,0,72,0.2089,counter,"[1, 197, 3072]","[1, 197, 768]",1316.51,0.0,0.577,cuda_event,cuda
16,encoder.ln,LayerNorm,0.00957,0.577148,756480.0,1536,0,73,0.00957,analytic,"[1, 197, 768]","[1, 197, 768]",1316.51,0.0,0.577,cuda_event,cuda
16,heads.head,Linear,0.01712,0.003815,1536000.0,769000,0,74,0.01712,counter,"[1, 768]","[1, 1000]",1316.51,0.0,0.004,cuda_event,cuda
17,conv_proj,Conv2d,0.17091,0.574219,231211008.0,590592,0,0,0.17091,counter,"[1, 3, 224, 224]","[1, 768, 14, 14]",1316.51,0.0,0.574,cuda_event,cuda
17,encoder.layers.encoder_layer_0.ln_1,LayerNorm,0.0089,0.577148,756480.0,1536,0,1,0.0089,analytic,"[1, 197, 768]","[1, 197, 768]",1316.51,0.0,0.577,cuda_event,cuda
17,encoder.layers.encoder_layer_0.self_attention,MultiheadAttention,0.28899,0.577148,1048783872.0,2362368,0,2,0.28899,counter,"[1, 197, 768]","[1, 197, 768]",1316.51,0.0,0.577,cuda_event,cuda
17,encoder.layers.encoder_layer_0.ln_2,LayerNorm,0.00819,0.577148,756480.0,1536,0,3,0.00819,analytic,"[1, 197, 768]","[1, 197, 768]",1316.51,0.0,0.577,cuda_event,cuda
17,encoder.layers.encoder_layer_0.mlp.0,Linear,0.22051,2.308594,929562624.0,2362368,0,4,0.22051,counter,"[1, 197, 768]","[1, 197, 3072]",1316.51,0.0,2.309,cuda_event,cuda
17,encoder.layers.encoder_layer_0.mlp.1,GELU,0.0145,2.308594,4841472.0,0,0,5,0.0145,analytic,"[1, 197, 3072]","[1, 197, 3072]",1316.51,0.0,2.309,cuda_event,cuda
17,encoder.layers.encoder_layer_0.mlp.3,Linear,0.20746,0.577148,929562624.0,2360064,0,6,0.20746,counter,"[1, 197, 3072]","[1, 197, 768]",1316.51,0.0,0.577,cuda_event,cuda
17,encoder.layers.encoder_layer_1.ln_1,LayerNorm,0.00874,0.577148,756480.0,1536,0,7,0.00874,analytic,"[1, 197, 768]","[1, 197, 768]",1316.51,0.0,0.577,cuda_event,cuda
17,encoder.layers.encoder_layer_1.self_attention,MultiheadAttention,0.28877,0.577148,1048783872.0,2362368,0,8,0.28877,counter,"[1, 197, 768]","[1, 197, 768]",1316.51,0.0,0.577,cuda_event,cuda
17,encoder.layers.encoder_layer_1.ln_2,LayerNorm,0.00819,0.577148,756480.0,1536,0,9,0.00819,analytic,"[1, 197, 768]","[1, 197, 768]",1316.51,0.0,0.577,cuda_event,cuda
17,encoder.layers.encoder_layer_1.mlp.0,Linear,0.22022,2.308594,929562624.0,2362368,0,10,0.22022,counter,"[1, 197, 768]","[1, 197, 3072]",1316.51,0.0,2.309,cuda_event,cuda
17,encoder.layers.encoder_layer_1.mlp.1,GELU,0.01434,2.308594,4841472.0,0,0,11,0.01434,analytic,"[1, 197, 3072]","[1, 197, 3072]",1316.51,0.0,2.309,cuda_event,cuda
17,encoder.layers.encoder_layer_1.mlp.3,Linear,0.20797,0.577148,929562624.0,2360064,0,12,0.20797,counter,"[1, 197, 3072]","[1, 197, 768]",1316.51,0.0,0.577,cuda_event,cuda
17,encoder.layers.encoder_layer_2.ln_1,LayerNorm,0.00877,0.577148,756480.0,1536,0,13,0.00877,analytic,"[1, 197, 768]","[1, 197, 768]",1316.51,0.0,0.577,cuda_event,cuda
17,encoder.layers.encoder_layer_2.self_attention,MultiheadAttention,0.2888,0.577148,1048783872.0,2362368,0,14,0.2888,counter,"[1, 197, 768]","[1, 197, 768]",1316.51,0.0,0.577,cuda_event,cuda
17,encoder.layers.encoder_layer_2.ln_2,LayerNorm,0.00819,0.577148,756480.0,1536,0,15,0.00819,analytic,"[1, 197, 768]","[1, 197, 768]",1316.51,0.0,0.577,cuda_event,cuda
17,encoder.layers.encoder_layer_2.mlp.0,Linear,0.22026,2.308594,929562624.0,2362368,0,16,0.22026,counter,"[1, 197, 768]","[1, 197, 3072]",1316.51,0.0,2.309,cuda_event,cuda
17,encoder.layers.encoder_layer_2.mlp.1,GELU,0.01331,2.308594,4841472.0,0,0,17,0.01331,analytic,"[1, 197, 3072]","[1, 197, 3072]",1316.51,0.0,2.309,cuda_event,cuda
17,encoder.layers.encoder_layer_2.mlp.3,Linear,0.2089,0.577148,929562624.0,2360064,0,18,0.2089,counter,"[1, 197, 3072]","[1, 197, 768]",1316.51,0.0,0.577,cuda_event,cuda
17,encoder.layers.encoder_layer_3.ln_1,LayerNorm,0.00909,0.577148,756480.0,1536,0,19,0.00909,analytic,"[1, 197, 768]","[1, 197, 768]",1316.51,0.0,0.577,cuda_event,cuda
17,encoder.layers.encoder_layer_3.self_attention,MultiheadAttention,0.29034,0.577148,1048783872.0,2362368,0,20,0.29034,counter,"[1, 197, 768]","[1, 197, 768]",1316.51,0.0,0.577,cuda_event,cuda
17,encoder.layers.encoder_layer_3.ln_2,LayerNorm,0.00909,0.577148,756480.0,1536,0,21,0.00909,analytic,"[1, 197, 768]","[1, 197, 768]",1316.51,0.0,0.577,cuda_event,cuda
17,encoder.layers.encoder_layer_3.mlp.0,Linear,0.22051,2.308594,929562624.0,2362368,0,22,0.22051,counter,"[1, 197, 768]","[1, 197, 3072]",1316.51,0.0,2.309,cuda_event,cuda
17,encoder.layers.encoder_layer_3.mlp.1,GELU,0.01472,2.308594,4841472.0,0,0,23,0.01472,analytic,"[1, 197, 3072]","[1, 197, 3072]",1316.51,0.0,2.309,cuda_event,cuda
17,encoder.layers.encoder_layer_3.mlp.3,Linear,0.20861,0.577148,929562624.0,2360064,0,24,0.20861,counter,"[1, 197, 3072]","[1, 197, 768]",1316.51,0.0,0.577,cuda_event,cuda
17,encoder.layers.encoder_layer_4.ln_1,LayerNorm,0.00838,0.577148,756480.0,1536,0,25,0.00838,analytic,"[1, 197, 768]","[1, 197, 768]",1316.51,0.0,0.577,cuda_event,cuda
17,encoder.layers.encoder_layer_4.self_attention,MultiheadAttention,0.29069,0.577148,1048783872.0,2362368,0,26,0.29069,counter,"[1, 197, 768]","[1, 197, 768]",1316.51,0.0,0.577,cuda_event,cuda
17,encoder.layers.encoder_layer_4.ln_2,LayerNorm,0.00877,0.577148,756480.0,1536,0,27,0.00877,analytic,"[1, 197, 768]","[1, 197, 768]",1316.51,0.0,0.577,cuda_event,cuda
17,encoder.layers.encoder_layer_4.mlp.0,Linear,0.21939,2.308594,929562624.0,2362368,0,28,0.21939,counter,"[1, 197, 768]","[1, 197, 3072]",1316.51,0.0,2.309,cuda_event,cuda
17,encoder.layers.encoder_layer_4.mlp.1,GELU,0.01242,2.308594,4841472.0,0,0,29,0.01242,analytic,"[1, 197, 3072]","[1, 197, 3072]",1316.51,0.0,2.309,cuda_event,cuda
17,encoder.layers.encoder_layer_4.mlp.3,Linear,0.2089,0.577148,929562624.0,2360064,0,30,0.2089,counter,"[1, 197, 3072]","[1, 197, 768]",1316.51,0.0,0.577,cuda_event,cuda
17,encoder.layers.encoder_layer_5.ln_1,LayerNorm,0.00906,0.577148,756480.0,1536,0,31,0.00906,analytic,"[1, 197, 768]","[1, 197, 768]",1316.51,0.0,0.577,cuda_event,cuda
17,encoder.layers.encoder_layer_5.self_attention,MultiheadAttention,0.29085,0.577148,1048783872.0,2362368,0,32,0.29085,counter,"[1, 197, 768]","[1, 197, 768]",1316.51,0.0,0.577,cuda_event,cuda
17,encoder.layers.encoder_layer_5.ln_2,LayerNorm,0.00822,0.577148,756480.0,1536,0,33,0.00822,analytic,"[1, 197, 768]","[1, 197, 768]",1316.51,0.0,0.577,cuda_event,cuda
17,encoder.layers.encoder_layer_5.mlp.0,Linear,0.22109,2.308594,929562624.0,2362368,0,34,0.22109,counter,"[1, 197, 768]","[1, 197, 3072]",1316.51,0.0,2.309,cuda_event,cuda
17,encoder.layers.encoder_layer_5.mlp.1,GELU,0.01437,2.308594,4841472.0,0,0,35,0.01437,analytic,"[1, 197, 3072]","[1, 197, 3072]",1316.51,0.0,2.309,cuda_event,cuda
17,encoder.layers.encoder_layer_5.mlp.3,Linear,0.20918,0.577148,929562624.0,2360064,0,36,0.20918,counter,"[1, 197, 3072]","[1, 197, 768]",1316.51,0.0,0.577,cuda_event,cuda
17,encoder.layers.encoder_layer_6.ln_1,LayerNorm,0.0096,0.577148,756480.0,1536,0,37,0.0096,analytic,"[1, 197, 768]","[1, 197, 768]",1316.51,0.0,0.577,cuda_event,cuda
17,encoder.layers.encoder_layer_6.self_attention,MultiheadAttention,0.28954,0.577148,1048783872.0,2362368,0,38,0.28954,counter,"[1, 197, 768]","[1, 197, 768]",1316.51,0.0,0.577,cuda_event,cuda
17,encoder.layers.encoder_layer_6.ln_2,LayerNorm,0.00864,0.577148,756480.0,1536,0,39,0.00864,analytic,"[1, 197, 768]","[1, 197, 768]",1316.51,0.0,0.577,cuda_event,cuda
17,encoder.layers.encoder_layer_6.mlp.0,Linear,0.22045,2.308594,929562624.0,2362368,0,40,0.22045,counter,"[1, 197, 768]","[1, 197, 3072]",1316.51,0.0,2.309,cuda_event,cuda
17,encoder.layers.encoder_layer_6.mlp.1,GELU,0.01328,2.308594,4841472.0,0,0,41,0.01328,analytic,"[1, 197, 3072]","[1, 197, 3072]",1316.51,0.0,2.309,cuda_event,cuda
17,encoder.layers.encoder_layer_6.mlp.3,Linear,0.20845,0.577148,929562624.0,2360064,0,42,0.20845,counter,"[1, 197, 3072]","[1, 197, 768]",1316.51,0.0,0.577,cuda_event,cuda
17,encoder.layers.encoder_layer_7.ln_1,LayerNorm,0.00832,0.577148,756480.0,1536,0,43,0.00832,analytic,"[1, 197, 768]","[1, 197, 768]",1316.51,0.0,0.577,cuda_event,cuda
17,encoder.layers.encoder_layer_7.self_attention,MultiheadAttention,0.29059,0.577148,1048783872.0,2362368,0,44,0.29059,counter,"[1, 197, 768]","[1, 197, 768]",1316.51,0.0,0.577,cuda_event,cuda
17,encoder.layers.encoder_layer_7.ln_2,LayerNorm,0.00858,0.577148,756480.0,1536,0,45,0.00858,analytic,"[1, 197, 768]","[1, 197, 768]",1316.51,0.0,0.577,cuda_event,cuda
17,encoder.layers.encoder_layer_7.mlp.0,Linear,0.22134,2.308594,929562624.0,2362368,0,46,0.22134,counter,"[1, 197, 768]","[1, 197, 3072]",1316.51,0.0,2.309,cuda_event,cuda
17,encoder.layers.encoder_layer_7.mlp.1,GELU,0.01286,2.308594,4841472.0,0,0,47,0.01286,analytic,"[1, 197, 3072]","[1, 197, 3072]",1316.51,0.0,2.309,cuda_event,cuda
17,encoder.layers.encoder_layer_7.mlp.3,Linear,0.20886,0.577148,929562624.0,2360064,0,48,0.20886,counter,"[1, 197, 3072]","[1, 197, 768]",1316.51,0.0,0.577,cuda_event,cuda
17,encoder.layers.encoder_layer_8.ln_1,LayerNorm,0.00819,0.577148,756480.0,1536,0,49,0.00819,analytic,"[1, 197, 768]","[1, 197, 768]",1316.51,0.0,0.577,cuda_event,cuda
17,encoder.layers.encoder_layer_8.self_attention,MultiheadAttention,0.29187,0.577148,1048783872.0,2362368,0,50,0.29187,counter,"[1, 197, 768]","[1, 197, 768]",1316.51,0.0,0.577,cuda_event,cuda
17,encoder.layers.encoder_layer_8.ln_2,LayerNorm,0.00819,0.577148,756480.0,1536,0,51,0.00819,analytic,"[1, 197, 768]","[1, 197, 768]",1316.51,0.0,0.577,cuda_event,cuda
17,encoder.layers.encoder_layer_8.mlp.0,Linear,0.22067,2.308594,929562624.0,2362368,0,52,0.22067,counter,"[1, 197, 768]","[1, 197, 3072]",1316.51,0.0,2.309,cuda_event,cuda
17,encoder.layers.encoder_layer_8.mlp.1,GELU,0.01293,2.308594,4841472.0,0,0,53,0.01293,analytic,"[1, 197, 3072]","[1, 197, 3072]",1316.51,0.0,2.309,cuda_event,cuda
17,encoder.layers.encoder_layer_8.mlp.3,Linear,0.20842,0.577148,929562624.0,2360064,0,54,0.20842,counter,"[1, 197, 3072]","[1, 197, 768]",1316.51,0.0,0.577,cuda_event,cuda
17,encoder.layers.encoder_layer_9.ln_1,LayerNorm,0.00835,0.577148,756480.0,1536,0,55,0.00835,analytic,"[1, 197, 768]","[1, 197, 768]",1316.51,0.0,0.577,cuda_event,cuda
17,encoder.layers.encoder_layer_9.self_attention,MultiheadAttention,0.29082,0.577148,1048783872.0,2362368,0,56,0.29082,counter,"[1, 197, 768]","[1, 197, 768]",1316.51,0.0,0.577,cuda_event,cuda
17,encoder.layers.encoder_layer_9.ln_2,LayerNorm,0.00819,0.577148,756480.0,1536,0,57,0.00819,analytic,"[1, 197, 768]","[1, 197, 768]",1316.51,0.0,0.577,cuda_event,cuda
17,encoder.layers.encoder_layer_9.mlp.0,Linear,0.22298,2.308594,929562624.0,2362368,0,58,0.22298,counter,"[1, 197, 768]","[1, 197, 3072]",1316.51,0.0,2.309,cuda_event,cuda
17,encoder.layers.encoder_layer_9.mlp.1,GELU,0.01453,2.308594,4841472.0,0,0,59,0.01453,analytic,"[1, 197, 3072]","[1, 197, 3072]",1316.51,0.0,2.309,cuda_event,cuda
17,encoder.layers.encoder_layer_9.mlp.3,Linear,0.2089,0.577148,929562624.0,2360064,0,60,0.2089,counter,"[1, 197, 3072]","[1, 197, 768]",1316.51,0.0,0.577,cuda_event,cuda
17,encoder.layers.encoder_layer_10.ln_1,LayerNorm,0.01005,0.577148,756480.0,1536,0,61,0.01005,analytic,"[1, 197, 768]","[1, 197, 768]",1316.51,0.0,0.577,cuda_event,cuda
17,encoder.layers.encoder_layer_10.self_attention,MultiheadAttention,0.29101,0.577148,1048783872.0,2362368,0,62,0.29101,counter,"[1, 197, 768]","[1, 197, 768]",1316.51,0.0,0.577,cuda_event,cuda
17,encoder.layers.encoder_layer_10.ln_2,LayerNorm,0.00864,0.577148,756480.0,1536,0,63,0.00864,analytic,"[1, 197, 768]","[1, 197, 768]",1316.51,0.0,0.577,cuda_event,cuda
17,encoder.layers.encoder_layer_10.mlp.0,Linear,0.2215,2.308594,929562624.0,2362368,0,64,0.2215,counter,"[1, 197, 768]","[1, 197, 3072]",1316.51,0.0,2.309,cuda_event,cuda
17,encoder.layers.encoder_layer_10.mlp.1,GELU,0.01427,2.308594,4841472.0,0,0,65,0.01427,analytic,"[1, 197, 3072]","[1, 197, 3072]",1316.51,0.0,2.309,cuda_event,cuda
17,encoder.layers.encoder_layer_10.mlp.3,Linear,0.20704,0.577148,929562624.0,2360064,0,66,0.20704,counter,"[1, 197, 3072]","[1, 197, 768]",1316.51,0.0,0.577,cuda_event,cuda
17,encoder.layers.encoder_layer_11.ln_1,LayerNorm,0.00874,0.577148,756480.0,1536,0,67,0.00874,analytic,"[1, 197, 768]","[1, 197, 768]",1316.51,0.0,0.577,cuda_event,cuda
17,encoder.layers.encoder_layer_11.self_attention,MultiheadAttention,0.29069,0.577148,1048783872.0,2362368,0,68,0.29069,counter,"[1, 197, 768]","[1, 197, 768]",1316.51,0.0,0.577,cuda_event,cuda
17,encoder.layers.encoder_layer_11.ln_2,LayerNorm,0.00861,0.577148,756480.0,1536,0,69,0.00861,analytic,"[1, 197, 768]","[1, 197, 768]",1316.51,0.0,0.577,cuda_event,cuda
17,encoder.layers.encoder_layer_11.mlp.0,Linear,0.22138,2.308594,929562624.0,2362368,0,70,0.22138,counter,"[1, 197, 768]","[1, 197, 3072]",1316.51,0.0,2.309,cuda_event,cuda
17,encoder.layers.encoder_layer_11.mlp.1,GELU,0.01437,2.308594,4841472.0,0,0,71,0.01437,analytic,"[1, 197, 3072]","[1, 197, 3072]",1316.51,0.0,2.309,cuda_event,cuda
17,encoder.layers.encoder_layer_11.mlp.3,Linear,0.20758,0.577148,929562624.0,2360064,0,72,0.20758,counter,"[1, 197, 3072]","[1, 197, 768]",1316.51,0.0,0.577,cuda_event,cuda
17,encoder.ln,LayerNorm,0.00954,0.577148,756480.0,1536,0,73,0.00954,analytic,"[1, 197, 768]","[1, 197, 768]",1316.51,0.0,0.577,cuda_event,cuda
17,heads.head,Linear,0.0169,0.003815,1536000.0,769000,0,74,0.0169,counter,"[1, 768]","[1, 1000]",1316.51,0.0,0.004,cuda_event,cuda
18,conv_proj,Conv2d,0.17107,0.574219,231211008.0,590592,0,0,0.17107,counter,"[1, 3, 224, 224]","[1, 768, 14, 14]",1316.51,0.0,0.574,cuda_event,cuda
18,encoder.layers.encoder_layer_0.ln_1,LayerNorm,0.00842,0.577148,756480.0,1536,0,1,0.00842,analytic,"[1, 197, 768]","[1, 197, 768]",1316.51,0.0,0.577,cuda_event,cuda
18,encoder.layers.encoder_layer_0.self_attention,MultiheadAttention,0.29082,0.577148,1048783872.0,2362368,0,2,0.29082,counter,"[1, 197, 768]","[1, 197, 768]",1316.51,0.0,0.577,cuda_event,cuda
18,encoder.layers.encoder_layer_0.ln_2,LayerNorm,0.00819,0.577148,756480.0,1536,0,3,0.00819,analytic,"[1, 197, 768]","[1, 197, 768]",1316.51,0.0,0.577,cuda_event,cuda
18,encoder.layers.encoder_layer_0.mlp.0,Linear,0.22323,2.308594,929562624.0,2362368,0,4,0.22323,counter,"[1, 197, 768]","[1, 197, 3072]",1316.51,0.0,2.309,cuda_event,cuda
18,encoder.layers.encoder_layer_0.mlp.1,GELU,0.01341,2.308594,4841472.0,0,0,5,0.01341,analytic,"[1, 197, 3072]","[1, 197, 3072]",1316.51,0.0,2.309,cuda_event,cuda
18,encoder.layers.encoder_layer_0.mlp.3,Linear,0.21347,0.577148,929562624.0,2360064,0,6,0.21347,counter,"[1, 197, 3072]","[1, 197, 768]",1316.51,0.0,0.577,cuda_event,cuda
18,encoder.layers.encoder_layer_1.ln_1,LayerNorm,0.00864,0.577148,756480.0,1536,0,7,0.00864,analytic,"[1, 197, 768]","[1, 197, 768]",1316.51,0.0,0.577,cuda_event,cuda
18,encoder.layers.encoder_layer_1.self_attention,MultiheadAttention,0.29901,0.577148,1048783872.0,2362368,0,8,0.29901,counter,"[1, 197, 768]","[1, 197, 768]",1316.51,0.0,0.577,cuda_event,cuda
18,encoder.layers.encoder_layer_1.ln_2,LayerNorm,0.00819,0.577148,756480.0,1536,0,9,0.00819,analytic,"[1, 197, 768]","[1, 197, 768]",1316.51,0.0,0.577,cuda_event,cuda
18,encoder.layers.encoder_layer_1.mlp.0,Linear,0.22698,2.308594,929562624.0,2362368,0,10,0.22698,counter,"[1, 197, 768]","[1, 197, 3072]",1316.51,0.0,2.309,cuda_event,cuda
18,encoder.layers.encoder_layer_1.mlp.1,GELU,0.01398,2.308594,4841472.0,0,0,11,0.01398,analytic,"[1, 197, 3072]","[1, 197, 3072]",1316.51,0.0,2.309,cuda_event,cuda
18,encoder.layers.encoder_layer_1.mlp.3,Linear,0.21187,0.577148,929562624.0,2360064,0,12,0.21187,counter,"[1, 197, 3072]","[1, 197, 768]",1316.51,0.0,0.577,cuda_event,cuda
18,encoder.layers.encoder_layer_2.ln_1,LayerNorm,0.00938,0.577148,756480.0,1536,0,13,0.00938,analytic,"[1, 197, 768]","[1, 197, 768]",1316.51,0.0,0.577,cuda_event,cuda
18,encoder.layers.encoder_layer_2.self_attention,MultiheadAttention,0.30205,0.577148,1048783872.0,2362368,0,14,0.30205,counter,"[1, 197, 768]","[1, 197, 768]",1316.51,0.0,0.577,cuda_event,cuda
18,encoder.layers.encoder_layer_2.ln_2,LayerNorm,0.00848,0.577148,756480.0,1536,0,15,0.00848,analytic,"[1, 197, 768]","[1, 197, 768]",1316.51,0.0,0.577,cuda_event,cuda
18,encoder.layers.encoder_layer_2.mlp.0,Linear,0.22531,2.308594,929562624.0,2362368,0,16,0.22531,counter,"[1, 197, 768]","[1, 197, 3072]",1316.51,0.0,2.309,cuda_event,cuda
18,encoder.layers.encoder_layer_2.mlp.1,GELU,0.01434,2.308594,4841472.0,0,0,17,0.01434,analytic,"[1, 197, 3072]","[1, 197, 3072]",1316.51,0.0,2.309,cuda_event,cuda
18,encoder.layers.encoder_layer_2.mlp.3,Linear,0.21501,0.577148,929562624.0,2360064,0,18,0.21501,counter,"[1, 197, 3072]","[1, 197, 768]",1316.51,0.0,0.577,cuda_event,cuda
18,encoder.layers.encoder_layer_3.ln_1,LayerNorm,0.0096,0.577148,756480.0,1536,0,19,0.0096,analytic,"[1, 197, 768]","[1, 197, 768]",1316.51,0.0,0.577,cuda_event,cuda
18,encoder.layers.encoder_layer_3.self_attention,MultiheadAttention,0.30182,0.577148,1048783872.0,2362368,0,20,0.30182,counter,"[1, 197, 768]","[1, 197, 768]",1316.51,0.0,0.577,cuda_event,cuda
18,encoder.layers.encoder_layer_3.ln_2,LayerNorm,0.00934,0.577148,756480.0,1536,0,21,0.00934,analytic,"[1, 197, 768]","[1, 197, 768]",1316.51,0.0,0.577,cuda_event,cuda
18,encoder.layers.encoder_layer_3.mlp.0,Linear,0.22666,2.308594,929562624.0,2362368,0,22,0.22666,counter,"[1, 197, 768]","[1, 197, 3072]",1316.51,0.0,2.309,cuda_event,cuda
18,encoder.layers.encoder_layer_3.mlp.1,GELU,0.01309,2.308594,4841472.0,0,0,23,0.01309,analytic,"[1, 197, 3072]","[1, 197, 3072]",1316.51,0.0,2.309,cuda_event,cuda
18,encoder.layers.encoder_layer_3.mlp.3,Linear,0.21629,0.577148,929562624.0,2360064,0,24,0.21629,counter,"[1, 197, 3072]","[1, 197, 768]",1316.51,0.0,0.577,cuda_event,cuda
18,encoder.layers.encoder_layer_4.ln_1,LayerNorm,0.00835,0.577148,756480.0,1536,0,25,0.00835,analytic,"[1, 197, 768]","[1, 197, 768]",1316.51,0.0,0.577,cuda_event,cuda
18,encoder.layers.encoder_layer_4.self_attention,MultiheadAttention,0.30106,0.577148,1048783872.0,2362368,0,26,0.30106,counter,"[1, 197, 768]","[1, 197, 768]",1316.51,0.0,0.577,cuda_event,cuda
18,encoder.layers.encoder_layer_4.ln_2,LayerNorm,0.00963,0.577148,756480.0,1536,0,27,0.00963,analytic,"[1, 197, 768]","[1, 197, 768]",1316.51,0.0,0.577,cuda_event,cuda
18,encoder.layers.encoder_layer_4.mlp.0,Linear,0.22397,2.308594,929562624.0,2362368,0,28,0.22397,counter,"[1, 197, 768]","[1, 197, 3072]",1316.51,0.0,2.309,cuda_event,cuda
18,encoder.layers.encoder_layer_4.mlp.1,GELU,0.01434,2.308594,4841472.0,0,0,29,0.01434,analytic,"[1, 197, 3072]","[1, 197, 3072]",1316.51,0.0,2.309,cuda_event,cuda
18,encoder.layers.encoder_layer_4.mlp.3,Linear,0.21619,0.577148,929562624.0,2360064,0,30,0.21619,counter,"[1, 197, 3072]","[1, 197, 768]",1316.51,0.0,0.577,cuda_event,cuda
18,encoder.layers.encoder_layer_5.ln_1,LayerNorm,0.00835,0.577148,756480.0,1536,0,31,0.00835,analytic,"[1, 197, 768]","[1, 197, 768]",1316.51,0.0,0.577,cuda_event,cuda
18,encoder.layers.encoder_layer_5.self_attention,MultiheadAttention,0.30106,0.577148,1048783872.0,2362368,0,32,0.30106,counter,"[1, 197, 768]","[1, 197, 768]",1316.51,0.0,0.577,cuda_event,cuda
18,encoder.layers.encoder_layer_5.ln_2,LayerNorm,0.00867,0.577148,756480.0,1536,0,33,0.00867,analytic,"[1, 197, 768]","[1, 197, 768]",1316.51,0.0,0.577,cuda_event,cuda
18,encoder.layers.encoder_layer_5.mlp.0,Linear,0.22707,2.308594,929562624.0,2362368,0,34,0.22707,counter,"[1, 197, 768]","[1, 197, 3072]",1316.51,0.0,2.309,cuda_event,cuda
18,encoder.layers.encoder_layer_5.mlp.1,GELU,0.01264,2.308594,4841472.0,0,0,35,0.01264,analytic,"[1, 197, 3072]","[1, 197, 3072]",1316.51,0.0,2.309,cuda_event,cuda
18,encoder.layers.encoder_layer_5.mlp.3,Linear,0.21411,0.577148,929562624.0,2360064,0,36,0.21411,counter,"[1, 197, 3072]","[1, 197, 768]",1316.51,0.0,0.577,cuda_event,cuda
18,encoder.layers.encoder_layer_6.ln_1,LayerNorm,0.00874,0.577148,756480.0,1536,0,37,0.00874,analytic,"[1, 197, 768]","[1, 197, 768]",1316.51,0.0,0.577,cuda_event,cuda
18,encoder.layers.encoder_layer_6.self_attention,MultiheadAttention,0.30106,0.577148,1048783872.0,2362368,0,38,0.30106,counter,"[1, 197, 768]","[1, 197, 768]",1316.51,0.0,0.577,cuda_event,cuda
18,encoder.layers.encoder_layer_6.ln_2,LayerNorm,0.00845,0.577148,756480.0,1536,0,39,0.00845,analytic,"[1, 197, 768]","[1, 197, 768]",1316.51,0.0,0.577,cuda_event,cuda
18,encoder.layers.encoder_layer_6.mlp.0,Linear,0.22528,2.308594,929562624.0,2362368,0,40,0.22528,counter,"[1, 197, 768]","[1, 197, 3072]",1316.51,0.0,2.309,cuda_event,cuda
18,encoder.layers.encoder_layer_6.mlp.1,GELU,0.01392,2.308594,4841472.0,0,0,41,0.01392,analytic,"[1, 197, 3072]","[1, 197, 3072]",1316.51,0.0,2.309,cuda_event,cuda
18,encoder.layers.encoder_layer_6.mlp.3,Linear,0.2127,0.577148,929562624.0,2360064,0,42,0.2127,counter,"[1, 197, 3072]","[1, 197, 768]",1316.51,0.0,0.577,cuda_event,cuda
18,encoder.layers.encoder_layer_7.ln_1,LayerNorm,0.0087,0.577148,756480.0,1536,0,43,0.0087,analytic,"[1, 197, 768]","[1, 197, 768]",1316.51,0.0,0.577,cuda_event,cuda
18,encoder.layers.encoder_layer_7.self_attention,MultiheadAttention,0.30106,0.577148,1048783872.0,2362368,0,44,0.30106,counter,"[1, 197, 768]","[1, 197, 768]",1316.51,0.0,0.577,cuda_event,cuda
18,encoder.layers.encoder_layer_7.ln_2,LayerNorm,0.00819,0.577148,756480.0,1536,0,45,0.00819,analytic,"[1, 197, 768]","[1, 197, 768]",1316.51,0.0,0.577,cuda_event,cuda
18,encoder.layers.encoder_layer_7.mlp.0,Linear,0.22733,2.308594,929562624.0,2362368,0,46,0.22733,counter,"[1, 197, 768]","[1, 197, 3072]",1316.51,0.0,2.309,cuda_event,cuda
18,encoder.layers.encoder_layer_7.mlp.1,GELU,0.01434,2.308594,4841472.0,0,0,47,0.01434,analytic,"[1, 197, 3072]","[1, 197, 3072]",1316.51,0.0,2.309,cuda_event,cuda
18,encoder.layers.encoder_layer_7.mlp.3,Linear,0.21418,0.577148,929562624.0,2360064,0,48,0.21418,counter,"[1, 197, 3072]","[1, 197, 768]",1316.51,0.0,0.577,cuda_event,cuda
18,encoder.layers.encoder_layer_8.ln_1,LayerNorm,0.00867,0.577148,756480.0,1536,0,49,0.00867,analytic,"[1, 197, 768]","[1, 197, 768]",1316.51,0.0,0.577,cuda_event,cuda
18,encoder.layers.encoder_layer_8.self_attention,MultiheadAttention,0.30106,0.577148,1048783872.0,2362368,0,50,0.30106,counter,"[1, 197, 768]","[1, 197, 768]",1316.51,0.0,0.577,cuda_event,cuda
18,encoder.layers.encoder_layer_8.ln_2,LayerNorm,0.00854,0.577148,756480.0,1536,0,51,0.00854,analytic,"[1, 197, 768]","[1, 197, 768]",1316.51,0.0,0.577,cuda_event,cuda
18,encoder.layers.encoder_layer_8.mlp.0,Linear,0.22512,2.308594,929562624.0,2362368,0,52,0.22512,counter,"[1, 197, 768]","[1, 197, 3072]",1316.51,0.0,2.309,cuda_event,cuda
18,encoder.layers.encoder_layer_8.mlp.1,GELU,0.01456,2.308594,4841472.0,0,0,53,0.01456,analytic,"[1, 197, 3072]","[1, 197, 3072]",1316.51,0.0,2.309,cuda_event,cuda
18,encoder.layers.encoder_layer_8.mlp.3,Linear,0.21507,0.577148,929562624.0,2360064,0,54,0.21507,counter,"[1, 197, 3072]","[1, 197, 768]",1316.51,0.0,0.577,cuda_event,cuda
18,encoder.layers.encoder_layer_9.ln_1,LayerNorm,0.00886,0.577148,756480.0,1536,0,55,0.00886,analytic,"[1, 197, 768]","[1, 197, 768]",1316.51,0.0,0.577,cuda_event,cuda
18,encoder.layers.encoder_layer_9.self_attention,MultiheadAttention,0.30112,0.577148,1048783872.0,2362368,0,56,0.30112,counter,"[1, 197, 768]","[1, 197, 768]",1316.51,0.0,0.577,cuda_event,cuda
18,encoder.layers.encoder_layer_9.ln_2,LayerNorm,0.0097,0.577148,756480.0,1536,0,57,0.0097,analytic,"[1, 197, 768]","[1, 197, 768]",1316.51,0.0,0.577,cuda_event,cuda
18,encoder.layers.encoder_layer_9.mlp.0,Linear,0.22544,2.308594,929562624.0,2362368,0,58,0.22544,counter,"[1, 197, 768]","[1, 197, 3072]",1316.51,0.0,2.309,cuda_event,cuda
18,encoder.layers.encoder_layer_9.mlp.1,GELU,0.01427,2.308594,4841472.0,0,0,59,0.01427,analytic,"[1, 197, 3072]","[1, 197, 3072]",1316.51,0.0,2.309,cuda_event,cuda
18,encoder.layers.encoder_layer_9.mlp.3,Linear,0.21344,0.577148,929562624.0,2360064,0,60,0.21344,counter,"[1, 197, 3072]","[1, 197, 768]",1316.51,0.0,0.577,cuda_event,cuda
18,encoder.layers.encoder_layer_10.ln_1,LayerNorm,0.00976,0.577148,756480.0,1536,0,61,0.00976,analytic,"[1, 197, 768]","[1, 197, 768]",1316.51,0.0,0.577,cuda_event,cuda
18,encoder.layers.encoder_layer_10.self_attention,MultiheadAttention,0.29958,0.577148,1048783872.0,2362368,0,62,0.29958,counter,"[1, 197, 768]","[1, 197, 768]",1316.51,0.0,0.577,cuda_event,cuda
18,encoder.layers.encoder_layer_10.ln_2,LayerNorm,0.00963,0.577148,756480.0,1536,0,63,0.00963,analytic,"[1, 197, 768]","[1, 197, 768]",1316.51,0.0,0.577,cuda_event,cuda
18,encoder.layers.encoder_layer_10.mlp.0,Linear,0.22528,2.308594,929562624.0,2362368,0,64,0.22528,counter,"[1, 197, 768]","[1, 197, 3072]",1316.51,0.0,2.309,cuda_event,cuda
18,encoder.layers.encoder_layer_10.mlp.1,GELU,0.01309,2.308594,4841472.0,0,0,65,0.01309,analytic,"[1, 197, 3072]","[1, 197, 3072]",1316.51,0.0,2.309,cuda_event,cuda
18,encoder.layers.encoder_layer_10.mlp.3,Linear,0.21632,0.577148,929562624.0,2360064,0,66,0.21632,counter,"[1, 197, 3072]","[1, 197, 768]",1316.51,0.0,0.577,cuda_event,cuda
18,encoder.layers.encoder_layer_11.ln_1,LayerNorm,0.00819,0.577148,756480.0,1536,0,67,0.00819,analytic,"[1, 197, 768]","[1, 197, 768]",1316.51,0.0,0.577,cuda_event,cuda
18,encoder.layers.encoder_layer_11.self_attention,MultiheadAttention,0.3031,0.577148,1048783872.0,2362368,0,68,0.3031,counter,"[1, 197, 768]","[1, 197, 768]",1316.51,0.0,0.577,cuda_event,cuda
18,encoder.layers.encoder_layer_11.ln_2,LayerNorm,0.00848,0.577148,756480.0,1536,0,69,0.00848,analytic,"[1, 197, 768]","[1, 197, 768]",1316.51,0.0,0.577,cuda_event,cuda
18,encoder.layers.encoder_layer_11.mlp.0,Linear,0.22528,2.308594,929562624.0,2362368,0,70,0.22528,counter,"[1, 197, 768]","[1, 197, 3072]",1316.51,0.0,2.309,cuda_event,cuda
18,encoder.layers.encoder_layer_11.mlp.1,GELU,0.01434,2.308594,4841472.0,0,0,71,0.01434,analytic,"[1, 197, 3072]","[1, 197, 3072]",1316.51,0.0,2.309,cuda_event,cuda
18,encoder.layers.encoder_layer_11.mlp.3,Linear,0.21299,0.577148,929562624.0,2360064,0,72,0.21299,counter,"[1, 197, 3072]","[1, 197, 768]",1316.51,0.0,0.577,cuda_event,cuda
18,encoder.ln,LayerNorm,0.00886,0.577148,756480.0,1536,0,73,0.00886,analytic,"[1, 197, 768]","[1, 197, 768]",1316.51,0.0,0.577,cuda_event,cuda
18,heads.head,Linear,0.01658,0.003815,1536000.0,769000,0,74,0.01658,counter,"[1, 768]","[1, 1000]",1316.51,0.0,0.004,cuda_event,cuda
19,conv_proj,Conv2d,0.17642,0.574219,231211008.0,590592,0,0,0.17642,counter,"[1, 3, 224, 224]","[1, 768, 14, 14]",1316.51,0.0,0.574,cuda_event,cuda
19,encoder.layers.encoder_layer_0.ln_1,LayerNorm,0.00838,0.577148,756480.0,1536,0,1,0.00838,analytic,"[1, 197, 768]","[1, 197, 768]",1316.51,0.0,0.577,cuda_event,cuda
19,encoder.layers.encoder_layer_0.self_attention,MultiheadAttention,0.30106,0.577148,1048783872.0,2362368,0,2,0.30106,counter,"[1, 197, 768]","[1, 197, 768]",1316.51,0.0,0.577,cuda_event,cuda
19,encoder.layers.encoder_layer_0.ln_2,LayerNorm,0.00944,0.577148,756480.0,1536,0,3,0.00944,analytic,"[1, 197, 768]","[1, 197, 768]",1316.51,0.0,0.577,cuda_event,cuda
19,encoder.layers.encoder_layer_0.mlp.0,Linear,0.22576,2.308594,929562624.0,2362368,0,4,0.22576,counter,"[1, 197, 768]","[1, 197, 3072]",1316.51,0.0,2.309,cuda_event,cuda
19,encoder.layers.encoder_layer_0.mlp.1,GELU,0.01395,2.308594,4841472.0,0,0,5,0.01395,analytic,"[1, 197, 3072]","[1, 197, 3072]",1316.51,0.0,2.309,cuda_event,cuda
19,encoder.layers.encoder_layer_0.mlp.3,Linear,0.21398,0.577148,929562624.0,2360064,0,6,0.21398,counter,"[1, 197, 3072]","[1, 197, 768]",1316.51,0.0,0.577,cuda_event,cuda
19,encoder.layers.encoder_layer_1.ln_1,LayerNorm,0.00838,0.577148,756480.0,1536,0,7,0.00838,analytic,"[1, 197, 768]","[1, 197, 768]",1316.51,0.0,0.577,cuda_event,cuda
19,encoder.layers.encoder_layer_1.self_attention,MultiheadAttention,0.30106,0.577148,1048783872.0,2362368,0,8,0.30106,counter,"[1, 197, 768]","[1, 197, 768]",1316.51,0.0,0.577,cuda_event,cuda
19,encoder.layers.encoder_layer_1.ln_2,LayerNorm,0.00922,0.577148,756480.0,1536,0,9,0.00922,analytic,"[1, 197, 768]","[1, 197, 768]",1316.51,0.0,0.577,cuda_event,cuda
19,encoder.layers.encoder_layer_1.mlp.0,Linear,0.22685,2.308594,929562624.0,2362368,0,10,0.22685,counter,"[1, 197, 768]","[1, 197, 3072]",1316.51,0.0,2.309,cuda_event,cuda
19,encoder.layers.encoder_layer_1.mlp.1,GELU,0.0129,2.308594,4841472.0,0,0,11,0.0129,analytic,"[1, 197, 3072]","[1, 197, 3072]",1316.51,0.0,2.309,cuda_event,cuda
19,encoder.layers.encoder_layer_1.mlp.3,Linear,0.21424,0.577148,929562624.0,2360064,0,12,0.21424,counter,"[1, 197, 3072]","[1, 197, 768]",1316.51,0.0,0.577,cuda_event,cuda
19,encoder.layers.encoder_layer_2.ln_1,LayerNorm,0.00845,0.577148,756480.0,1536,0,13,0.00845,analytic,"[1, 197, 768]","[1, 197, 768]",1316.51,0.0,0.577,cuda_event,cuda
19,encoder.layers.encoder_layer_2.self_attention,MultiheadAttention,0.30106,0.577148,1048783872.0,2362368,0,14,0.30106,counter,"[1, 197, 768]","[1, 197, 768]",1316.51,0.0,0.577,cuda_event,cuda
19,encoder.layers.encoder_layer_2.ln_2,LayerNorm,0.00848,0.577148,756480.0,1536,0,15,0.00848,analytic,"[1, 197, 768]","[1, 197, 768]",1316.51,0.0,0.577,cuda_event,cuda
19,encoder.layers.encoder_layer_2.mlp.0,Linear,0.22653,2.308594,929562624.0,2362368,0,16,0.22653,counter,"[1, 197, 768]","[1, 197, 3072]",1316.51,0.0,2.309,cuda_event,cuda
19,encoder.layers.encoder_layer_2.mlp.1,GELU,0.01318,2.308594,4841472.0,0,0,17,0.01318,analytic,"[1, 197, 3072]","[1, 197, 3072]",1316.51,0.0,2.309,cuda_event,cuda
19,encoder.layers.encoder_layer_2.mlp.3,Linear,0.21267,0.577148,929562624.0,2360064,0,18,0.21267,counter,"[1, 197, 3072]","[1, 197, 768]",1316.51,0.0,0.577,cuda_event,cuda
19,encoder.layers.encoder_layer_3.ln_1,LayerNorm,0.00822,0.577148,756480.0,1536,0,19,0.00822,analytic,"[1, 197, 768]","[1, 197, 768]",1316.51,0.0,0.577,cuda_event,cuda
19,encoder.layers.encoder_layer_3.self_attention,MultiheadAttention,0.30106,0.577148,1048783872.0,2362368,0,20,0.30106,counter,"[1, 197, 768]","[1, 197, 768]",1316.51,0.0,0.577,cuda_event,cuda
19,encoder.layers.encoder_layer_3.ln_2,LayerNorm,0.00842,0.577148,756480.0,1536,0,21,0.00842,analytic,"[1, 197, 768]","[1, 197, 768]",1316.51,0.0,0.577,cuda_event,cuda
19,encoder.layers.encoder_layer_3.mlp.0,Linear,0.22691,2.308594,929562624.0,2362368,0,22,0.22691,counter,"[1, 197, 768]","[1, 197, 3072]",1316.51,0.0,2.309,cuda_event,cuda
19,encoder.layers.encoder_layer_3.mlp.1,GELU,0.01462,2.308594,4841472.0,0,0,23,0.01462,analytic,"[1, 197, 3072]","[1, 197, 3072]",1316.51,0.0,2.309,cuda_event,cuda
19,encoder.layers.encoder_layer_3.mlp.3,Linear,0.21264,0.577148,929562624.0,2360064,0,24,0.21264,counter,"[1, 197, 3072]","[1, 197, 768]",1316.51,0.0,0.577,cuda_event,cuda
19,encoder.layers.encoder_layer_4.ln_1,LayerNorm,0.00826,0.577148,756480.0,1536,0,25,0.00826,analytic,"[1, 197, 768]","[1, 197, 768]",1316.51,0.0,0.577,cuda_event,cuda
19,encoder.layers.encoder_layer_4.self_attention,MultiheadAttention,0.30042,0.577148,1048783872.0,2362368,0,26,0.30042,counter,"[1, 197, 768]","[1, 197, 768]",1316.51,0.0,0.577,cuda_event,cuda
19,encoder.layers.encoder_layer_4.ln_2,LayerNorm,0.00966,0.577148,756480.0,1536,0,27,0.00966,analytic,"[1, 197, 768]","[1, 197, 768]",1316.51,0.0,0.577,cuda_event,cuda
19,encoder.layers.encoder_layer_4.mlp.0,Linear,0.22355,2.308594,929562624.0,2362368,0,28,0.22355,counter,"[1, 197, 768]","[1, 197, 3072]",1316.51,0.0,2.309,cuda_event,cuda
19,encoder.layers.encoder_layer_4.mlp.1,GELU,0.0128,2.308594,4841472.0,0,0,29,0.0128,analytic,"[1, 197, 3072]","[1, 197, 3072]",1316.51,0.0,2.309,cuda_event,cuda
19,encoder.layers.encoder_layer_4.mlp.3,Linear,0.21504,0.577148,929562624.0,2360064,0,30,0.21504,counter,"[1, 197, 3072]","[1, 197, 768]",1316.51,0.0,0.577,cuda_event,cuda
19,encoder.layers.encoder_layer_5.ln_1,LayerNorm,0.00899,0.577148,756480.0,1536,0,31,0.00899,analytic,"[1, 197, 768]","[1, 197, 768]",1316.51,0.0,0.577,cuda_event,cuda
19,encoder.layers.encoder_layer_5.self_attention,MultiheadAttention,0.30106,0.577148,1048783872.0,2362368,0,32,0.30106,counter,"[1, 197, 768]","[1, 197, 768]",1316.51,0.0,0.577,cuda_event,cuda
19,encoder.layers.encoder_layer_5.ln_2,LayerNorm,0.00934,0.577148,756480.0,1536,0,33,0.00934,analytic,"[1, 197, 768]","[1, 197, 768]",1316.51,0.0,0.577,cuda_event,cuda
19,encoder.layers.encoder_layer_5.mlp.0,Linear,0.22627,2.308594,929562624.0,2362368,0,34,0.22627,counter,"[1, 197, 768]","[1, 197, 3072]",1316.51,0.0,2.309,cuda_event,cuda
19,encoder.layers.encoder_layer_5.mlp.1,GELU,0.01389,2.308594,4841472.0,0,0,35,0.01389,analytic,"[1, 197, 3072]","[1, 197, 3072]",1316.51,0.0,2.309,cuda_event,cuda
19,encoder.layers.encoder_layer_5.mlp.3,Linear,0.2151,0.577148,929562624.0,2360064,0,36,0.2151,counter,"[1, 197, 3072]","[1, 197, 768]",1316.51,0.0,0.577,cuda_event,cuda
19,encoder.layers.encoder_layer_6.ln_1,LayerNorm,0.00838,0.577148,756480.0,1536,0,37,0.00838,analytic,"[1, 197, 768]","[1, 197, 768]",1316.51,0.0,0.577,cuda_event,cuda
19,encoder.layers.encoder_layer_6.self_attention,MultiheadAttention,0.3024,0.577148,1048783872.0,2362368,0,38,0.3024,counter,"[1, 197, 768]","[1, 197, 768]",1316.51,0.0,0.577,cuda_event,cuda
19,encoder.layers.encoder_layer_6.ln_2,LayerNorm,0.0089,0.577148,756480.0,1536,0,39,0.0089,analytic,"[1, 197, 768]","[1, 197, 768]",1316.51,0.0,0.577,cuda_event,cuda
19,encoder.layers.encoder_layer_6.mlp.0,Linear,0.22336,2.308594,929562624.0,2362368,0,40,0.22336,counter,"[1, 197, 768]","[1, 197, 3072]",1316.51,0.0,2.309,cuda_event,cuda
19,encoder.layers.encoder_layer_6.mlp.1,GELU,0.01539,2.308594,4841472.0,0,0,41,0.01539,analytic,"[1, 197, 3072]","[1, 197, 3072]",1316.51,0.0,2.309,cuda_event,cuda
19,encoder.layers.encoder_layer_6.mlp.3,Linear,0.21434,0.577148,929562624.0,2360064,0,42,0.21434,counter,"[1, 197, 3072]","[1, 197, 768]",1316.51,0.0,0.577,cuda_event,cuda
19,encoder.layers.encoder_layer_7.ln_1,LayerNorm,0.00938,0.577148,756480.0,1536,0,43,0.00938,analytic,"[1, 197, 768]","[1, 197, 768]",1316.51,0.0,0.577,cuda_event,cuda
19,encoder.layers.encoder_layer_7.self_attention,MultiheadAttention,0.30112,0.577148,1048783872.0,2362368,0,44,0.30112,counter,"[1, 197, 768]","[1, 197, 768]",1316.51,0.0,0.577,cuda_event,cuda
19,encoder.layers.encoder_layer_7.ln_2,LayerNorm,0.00938,0.577148,756480.0,1536,0,45,0.00938,analytic,"[1, 197, 768]","[1, 197, 768]",1316.51,0.0,0.577,cuda_event,cuda
19,encoder.layers.encoder_layer_7.mlp.0,Linear,0.22592,2.308594,929562624.0,2362368,0,46,0.22592,counter,"[1, 197, 768]","[1, 197, 3072]",1316.51,0.0,2.309,cuda_event,cuda
19,encoder.layers.encoder_layer_7.mlp.1,GELU,0.01424,2.308594,4841472.0,0,0,47,0.01424,analytic,"[1, 197, 3072]","[1, 197, 3072]",1316.51,0.0,2.309,cuda_event,cuda
19,encoder.layers.encoder_layer_7.mlp.3,Linear,0.21459,0.577148,929562624.0,2360064,0,48,0.21459,counter,"[1, 197, 3072]","[1, 197, 768]",1316.51,0.0,0.577,cuda_event,cuda
19,encoder.layers.encoder_layer_8.ln_1,LayerNorm,0.00858,0.577148,756480.0,1536,0,49,0.00858,analytic,"[1, 197, 768]","[1, 197, 768]",1316.51,0.0,0.577,cuda_event,cuda
19,encoder.layers.encoder_layer_8.self_attention,MultiheadAttention,0.30106,0.577148,1048783872.0,2362368,0,50,0.30106,counter,"[1, 197, 768]","[1, 197, 768]",1316.51,0.0,0.577,cuda_event,cuda
19,encoder.layers.encoder_layer_8.ln_2,LayerNorm,0.00947,0.577148,756480.0,1536,0,51,0.00947,analytic,"[1, 197, 768]","[1, 197, 768]",1316.51,0.0,0.577,cuda_event,cuda
19,encoder.layers.encoder_layer_8.mlp.0,Linear,0.22394,2.308594,929562624.0,2362368,0,52,0.22394,counter,"[1, 197, 768]","[1, 197, 3072]",1316.51,0.0,2.309,cuda_event,cuda
19,encoder.layers.encoder_layer_8.mlp.1,GELU,0.01382,2.308594,4841472.0,0,0,53,0.01382,analytic,"[1, 197, 3072]","[1, 197, 3072]",1316.51,0.0,2.309,cuda_event,cuda
19,encoder.layers.encoder_layer_8.mlp.3,Linear,0.21338,0.577148,929562624.0,2360064,0,54,0.21338,counter,"[1, 197, 3072]","[1, 197, 768]",1316.51,0.0,0.577,cuda_event,cuda
19,encoder.layers.encoder_layer_9.ln_1,LayerNorm,0.00938,0.577148,756480.0,1536,0,55,0.00938,analytic,"[1, 197, 768]","[1, 197, 768]",1316.51,0.0,0.577,cuda_event,cuda
19,encoder.layers.encoder_layer_9.self_attention,MultiheadAttention,0.30163,0.577148,1048783872.0,2362368,0,56,0.30163,counter,"[1, 197, 768]","[1, 197, 768]",1316.51,0.0,0.577,cuda_event,cuda
19,encoder.layers.encoder_layer_9.ln_2,LayerNorm,0.00893,0.577148,756480.0,1536,0,57,0.00893,analytic,"[1, 197, 768]","[1, 197, 768]",1316.51,0.0,0.577,cuda_event,cuda
19,encoder.layers.encoder_layer_9.mlp.0,Linear,0.22547,2.308594,929562624.0,2362368,0,58,0.22547,counter,"[1, 197, 768]","[1, 197, 3072]",1316.51,0.0,2.309,cuda_event,cuda
19,encoder.layers.encoder_layer_9.mlp.1,GELU,0.01434,2.308594,4841472.0,0,0,59,0.01434,analytic,"[1, 197, 3072]","[1, 197, 3072]",1316.51,0.0,2.309,cuda_event,cuda
19,encoder.layers.encoder_layer_9.mlp.3,Linear,0.21462,0.577148,929562624.0,2360064,0,60,0.21462,counter,"[1, 197, 3072]","[1, 197, 768]",1316.51,0.0,0.577,cuda_event,cuda
19,encoder.layers.encoder_layer_10.ln_1,LayerNorm,0.00979,0.577148,756480.0,1536,0,61,0.00979,analytic,"[1, 197, 768]","[1, 197, 768]",1316.51,0.0,0.577,cuda_event,cuda
19,encoder.layers.encoder_layer_10.self_attention,MultiheadAttention,0.29901,0.577148,1048783872.0,2362368,0,62,0.29901,counter,"[1, 197, 768]","[1, 197, 768]",1316.51,0.0,0.577,cuda_event,cuda
19,encoder.layers.encoder_layer_10.ln_2,LayerNorm,0.00902,0.577148,756480.0,1536,0,63,0.00902,analytic,"[1, 197, 768]","[1, 197, 768]",1316.51,0.0,0.577,cuda_event,cuda
19,encoder.layers.encoder_layer_10.mlp.0,Linear,0.22342,2.308594,929562624.0,2362368,0,64,0.22342,counter,"[1, 197, 768]","[1, 197, 3072]",1316.51,0.0,2.309,cuda_event,cuda
19,encoder.layers.encoder_layer_10.mlp.1,GELU,0.01434,2.308594,4841472.0,0,0,65,0.01434,analytic,"[1, 197, 3072]","[1, 197, 3072]",1316.51,0.0,2.309,cuda_event,cuda
19,encoder.layers.encoder_layer_10.mlp.3,Linear,0.21504,0.577148,929562624.0,2360064,0,66,0.21504,counter,"[1, 197, 3072]","[1, 197, 768]",1316.51,0.0,0.577,cuda_event,cuda
19,encoder.layers.encoder_layer_11.ln_1,LayerNorm,0.00966,0.577148,756480.0,1536,0,67,0.00966,analytic,"[1, 197, 768]","[1, 197, 768]",1316.51,0.0,0.577,cuda_event,cuda
19,encoder.layers.encoder_layer_11.self_attention,MultiheadAttention,0.29949,0.577148,1048783872.0,2362368,0,68,0.29949,counter,"[1, 197, 768]","[1, 197, 768]",1316.51,0.0,0.577,cuda_event,cuda
19,encoder.layers.encoder_layer_11.ln_2,LayerNorm,0.00934,0.577148,756480.0,1536,0,69,0.00934,analytic,"[1, 197, 768]","[1, 197, 768]",1316.51,0.0,0.577,cuda_event,cuda
19,encoder.layers.encoder_layer_11.mlp.0,Linear,0.22627,2.308594,929562624.0,2362368,0,70,0.22627,counter,"[1, 197, 768]","[1, 197, 3072]",1316.51,0.0,2.309,cuda_event,cuda
19,encoder.layers.encoder_layer_11.mlp.1,GELU,0.01437,2.308594,4841472.0,0,0,71,0.01437,analytic,"[1, 197, 3072]","[1, 197, 3072]",1316.51,0.0,2.309,cuda_event,cuda
19,encoder.layers.encoder_layer_11.mlp.3,Linear,0.2121,0.577148,929562624.0,2360064,0,72,0.2121,counter,"[1, 197, 3072]","[1, 197, 768]",1316.51,0.0,0.577,cuda_event,cuda
19,encoder.ln,LayerNorm,0.00861,0.577148,756480.0,1536,0,73,0.00861,analytic,"[1, 197, 768]","[1, 197, 768]",1316.51,0.0,0.577,cuda_event,cuda
19,heads.head,Linear,0.01638,0.003815,1536000.0,769000,0,74,0.01638,counter,"[1, 768]","[1, 1000]",1316.51,0.0,0.004,cuda_event,cuda
20,conv_proj,Conv2d,0.17715,0.574219,231211008.0,590592,0,0,0.17715,counter,"[1, 3, 224, 224]","[1, 768, 14, 14]",1316.51,0.0,0.574,cuda_event,cuda
20,encoder.layers.encoder_layer_0.ln_1,LayerNorm,0.00835,0.577148,756480.0,1536,0,1,0.00835,analytic,"[1, 197, 768]","[1, 197, 768]",1316.51,0.0,0.577,cuda_event,cuda
20,encoder.layers.encoder_layer_0.self_attention,MultiheadAttention,0.30106,0.577148,1048783872.0,2362368,0,2,0.30106,counter,"[1, 197, 768]","[1, 197, 768]",1316.51,0.0,0.577,cuda_event,cuda
20,encoder.layers.encoder_layer_0.ln_2,LayerNorm,0.00992,0.577148,756480.0,1536,0,3,0.00992,analytic,"[1, 197, 768]","[1, 197, 768]",1316.51,0.0,0.577,cuda_event,cuda
20,encoder.layers.encoder_layer_0.mlp.0,Linear,0.22365,2.308594,929562624.0,2362368,0,4,0.22365,counter,"[1, 197, 768]","[1, 197, 3072]",1316.51,0.0,2.309,cuda_event,cuda
20,encoder.layers.encoder_layer_0.mlp.1,GELU,0.01434,2.308594,4841472.0,0,0,5,0.01434,analytic,"[1, 197, 3072]","[1, 197, 3072]",1316.51,0.0,2.309,cuda_event,cuda
20,encoder.layers.encoder_layer_0.mlp.3,Linear,0.21504,0.577148,929562624.0,2360064,0,6,0.21504,counter,"[1, 197, 3072]","[1, 197, 768]",1316.51,0.0,0.577,cuda_event,cuda
20,encoder.layers.encoder_layer_1.ln_1,LayerNorm,0.00947,0.577148,756480.0,1536,0,7,0.00947,analytic,"[1, 197, 768]","[1, 197, 768]",1316.51,0.0,0.577,cuda_event,cuda
20,encoder.layers.encoder_layer_1.self_attention,MultiheadAttention,0.29987,0.577148,1048783872.0,2362368,0,8,0.29987,counter,"[1, 197, 768]","[1, 197, 768]",1316.51,0.0,0.577,cuda_event,cuda
20,encoder.layers.encoder_layer_1.ln_2,LayerNorm,0.00829,0.577148,756480.0,1536,0,9,0.00829,analytic,"[1, 197, 768]","[1, 197, 768]",1316.51,0.0,0.577,cuda_event,cuda
20,encoder.layers.encoder_layer_1.mlp.0,Linear,0.22474,2.308594,929562624.0,2362368,0,10,0.22474,counter,"[1, 197, 768]","[1, 197, 3072]",1316.51,0.0,2.309,cuda_event,cuda
20,encoder.layers.encoder_layer_1.mlp.1,GELU,0.01296,2.308594,4841472.0,0,0,11,0.01296,analytic,"[1, 197, 3072]","[1, 197, 3072]",1316.51,0.0,2.309,cuda_event,cuda
20,encoder.layers.encoder_layer_1.mlp.3,Linear,0.21504,0.577148,929562624.0,2360064,0,12,0.21504,counter,"[1, 197, 3072]","[1, 197, 768]",1316.51,0.0,0.577,cuda_event,cuda
20,encoder.layers.encoder_layer_2.ln_1,LayerNorm,0.0088,0.577148,756480.0,1536,0,13,0.0088,analytic,"[1, 197, 768]","[1, 197, 768]",1316.51,0.0,0.577,cuda_event,cuda
20,encoder.layers.encoder_layer_2.self_attention,MultiheadAttention,0.30054,0.577148,1048783872.0,2362368,0,14,0.30054,counter,"[1, 197, 768]","[1, 197, 768]",1316.51,0.0,0.577,cuda_event,cuda
20,encoder.layers.encoder_layer_2.ln_2,LayerNorm,0.00989,0.577148,756480.0,1536,0,15,0.00989,analytic,"[1, 197, 768]","[1, 197, 768]",1316.51,0.0,0.577,cuda_event,cuda
20,encoder.layers.encoder_layer_2.mlp.0,Linear,0.22717,2.308594,929562624.0,2362368,0,16,0.22717,counter,"[1, 197, 768]","[1, 197, 3072]",1316.51,0.0,2.309,cuda_event,cuda
20,encoder.layers.encoder_layer_2.mlp.1,GELU,0.01453,2.308594,4841472.0,0,0,17,0.01453,analytic,"[1, 197, 3072]","[1, 197, 3072]",1316.51,0.0,2.309,cuda_event,cuda
20,encoder.layers.encoder_layer_2.mlp.3,Linear,0.21357,0.577148,929562624.0,2360064,0,18,0.21357,counter,"[1, 197, 3072]","[1, 197, 768]",1316.51,0.0,0.577,cuda_event,cuda
20,encoder.layers.encoder_layer_3.ln_1,LayerNorm,0.00979,0.577148,756480.0,1536,0,19,0.00979,analytic,"[1, 197, 768]","[1, 197, 768]",1316.51,0.0,0.577,cuda_event,cuda
20,encoder.layers.encoder_layer_3.self_attention,MultiheadAttention,0.30365,0.577148,1048783872.0,2362368,0,20,0.30365,counter,"[1, 197, 768]","[1, 197, 768]",1316.51,0.0,0.577,cuda_event,cuda
20,encoder.layers.encoder_layer_3.ln_2,LayerNorm,0.0097,0.577148,756480.0,1536,0,21,0.0097,analytic,"[1, 197, 768]","[1, 197, 768]",1316.51,0.0,0.577,cuda_event,cuda
20,encoder.layers.encoder_layer_3.mlp.0,Linear,0.22749,2.308594,929562624.0,2362368,0,22,0.22749,counter,"[1, 197, 768]","[1, 197, 3072]",1316.51,0.0,2.309,cuda_event,cuda
20,encoder.layers.encoder_layer_3.mlp.1,GELU,0.01286,2.308594,4841472.0,0,0,23,0.01286,analytic,"[1, 197, 3072]","[1, 197, 3072]",1316.51,0.0,2.309,cuda_event,cuda
20,encoder.layers.encoder_layer_3.mlp.3,Linear,0.21504,0.577148,929562624.0,2360064,0,24,0.21504,counter,"[1, 197, 3072]","[1, 197, 768]",1316.51,0.0,0.577,cuda_event,cuda
20,encoder.layers.encoder_layer_4.ln_1,LayerNorm,0.00957,0.577148,756480.0,1536,0,25,0.00957,analytic,"[1, 197, 768]","[1, 197, 768]",1316.51,0.0,0.577,cuda_event,cuda
20,encoder.layers.encoder_layer_4.self_attention,MultiheadAttention,0.30387,0.577148,1048783872.0,2362368,0,26,0.30387,counter,"[1, 197, 768]","[1, 197, 768]",1316.51,0.0,0.577,cuda_event,cuda
20,encoder.layers.encoder_layer_4.ln_2,LayerNorm,0.00931,0.577148,756480.0,1536,0,27,0.00931,analytic,"[1, 197, 768]","[1, 197, 768]",1316.51,0.0,0.577,cuda_event,cuda
20,encoder.layers.encoder_layer_4.mlp.0,Linear,0.22547,2.308594,929562624.0,2362368,0,28,0.22547,counter,"[1, 197, 768]","[1, 197, 3072]",1316.51,0.0,2.309,cuda_event,cuda
20,encoder.layers.encoder_layer_4.mlp.1,GELU,0.01424,2.308594,4841472.0,0,0,29,0.01424,analytic,"[1, 197, 3072]","[1, 197, 3072]",1316.51,0.0,2.309,cuda_event,cuda
20,encoder.layers.encoder_layer_4.mlp.3,Linear,0.21504,0.577148,929562624.0,2360064,0,30,0.21504,counter,"[1, 197, 3072]","[1, 197, 768]",1316.51,0.0,0.577,cuda_event,cuda
20,encoder.layers.encoder_layer_5.ln_1,LayerNorm,0.00874,0.577148,756480.0,1536,0,31,0.00874,analytic,"[1, 197, 768]","[1, 197, 768]",1316.51,0.0,0.577,cuda_event,cuda
20,encoder.layers.encoder_layer_5.self_attention,MultiheadAttention,0.30458,0.577148,1048783872.0,2362368,0,32,0.30458,counter,"[1, 197, 768]","[1, 197, 768]",1316.51,0.0,0.577,cuda_event,cuda
20,encoder.layers.encoder_layer_5.ln_2,LayerNorm,0.00979,0.577148,756480.0,1536,0,33,0.00979,analytic,"[1, 197, 768]","[1, 197, 768]",1316.51,0.0,0.577,cuda_event,cuda
20,encoder.layers.encoder_layer_5.mlp.0,Linear,0.22787,2.308594,929562624.0,2362368,0,34,0.22787,counter,"[1, 197, 768]","[1, 197, 3072]",1316.51,0.0,2.309,cuda_event,cuda
20,encoder.layers.encoder_layer_5.mlp.1,GELU,0.01392,2.308594,4841472.0,0,0,35,0.01392,analytic,"[1, 197, 3072]","[1, 197, 3072]",1316.51,0.0,2.309,cuda_event,cuda
20,encoder.layers.encoder_layer_5.mlp.3,Linear,0.21338,0.577148,929562624.0,2360064,0,36,0.21338,counter,"[1, 197, 3072]","[1, 197, 768]",1316.51,0.0,0.577,cuda_event,cuda
20,encoder.layers.encoder_layer_6.ln_1,LayerNorm,0.0087,0.577148,756480.0,1536,0,37,0.0087,analytic,"[1, 197, 768]","[1, 197, 768]",1316.51,0.0,0.577,cuda_event,cuda
20,encoder.layers.encoder_layer_6.self_attention,MultiheadAttention,0.3031,0.577148,1048783872.0,2362368,0,38,0.3031,counter,"[1, 197, 768]","[1, 197, 768]",1316.51,0.0,0.577,cuda_event,cuda
20,encoder.layers.encoder_layer_6.ln_2,LayerNorm,0.00998,0.577148,756480.0,1536,0,39,0.00998,analytic,"[1, 197, 768]","[1, 197, 768]",1316.51,0.0,0.577,cuda_event,cuda
20,encoder.layers.encoder_layer_6.mlp.0,Linear,0.22701,2.308594,929562624.0,2362368,0,40,0.22701,counter,"[1, 197, 768]","[1, 197, 3072]",1316.51,0.0,2.309,cuda_event,cuda
20,encoder.layers.encoder_layer_6.mlp.1,GELU,0.01306,2.308594,4841472.0,0,0,41,0.01306,analytic,"[1, 197, 3072]","[1, 197, 3072]",1316.51,0.0,2.309,cuda_event,cuda
20,encoder.layers.encoder_layer_6.mlp.3,Linear,0.21504,0.577148,929562624.0,2360064,0,42,0.21504,counter,"[1, 197, 3072]","[1, 197, 768]",1316.51,0.0,0.577,cuda_event,cuda
20,encoder.layers.encoder_layer_7.ln_1,LayerNorm,0.00982,0.577148,756480.0,1536,0,43,0.00982,analytic,"[1, 197, 768]","[1, 197, 768]",1316.51,0.0,0.577,cuda_event,cuda
20,encoder.layers.encoder_layer_7.self_attention,MultiheadAttention,0.30157,0.577148,1048783872.0,2362368,0,44,0.30157,counter,"[1, 197, 768]","[1, 197, 768]",1316.51,0.0,0.577,cuda_event,cuda
20,encoder.layers.encoder_layer_7.ln_2,LayerNorm,0.00976,0.577148,756480.0,1536,0,45,0.00976,analytic,"[1, 197, 768]","[1, 197, 768]",1316.51,0.0,0.577,cuda_event,cuda
20,encoder.layers.encoder_layer_7.mlp.0,Linear,0.22589,2.308594,929562624.0,2362368,0,46,0.22589,counter,"[1, 197, 768]","[1, 197, 3072]",1316.51,0.0,2.309,cuda_event,cuda
20,encoder.layers.encoder_layer_7.mlp.1,GELU,0.01434,2.308594,4841472.0,0,0,47,0.01434,analytic,"[1, 197, 3072]","[1, 197, 3072]",1316.51,0.0,2.309,cuda_event,cuda
20,encoder.layers.encoder_layer_7.mlp.3,Linear,0.21504,0.577148,929562624.0,2360064,0,48,0.21504,counter,"[1, 197, 3072]","[1, 197, 768]",1316.51,0.0,0.577,cuda_event,cuda
20,encoder.layers.encoder_layer_8.ln_1,LayerNorm,0.00896,0.577148,756480.0,1536,0,49,0.00896,analytic,"[1, 197, 768]","[1, 197, 768]",1316.51,0.0,0.577,cuda_event,cuda
20,encoder.layers.encoder_layer_8.self_attention,MultiheadAttention,0.30451,0.577148,1048783872.0,2362368,0,50,0.30451,counter,"[1, 197, 768]","[1, 197, 768]",1316.51,0.0,0.577,cuda_event,cuda
20,encoder.layers.encoder_layer_8.ln_2,LayerNorm,0.00957,0.577148,756480.0,1536,0,51,0.00957,analytic,"[1, 197, 768]","[1, 197, 768]",1316.51,0.0,0.577,cuda_event,cuda
20,encoder.layers.encoder_layer_8.mlp.0,Linear,0.22605,2.308594,929562624.0,2362368,0,52,0.22605,counter,"[1, 197, 768]","[1, 197, 3072]",1316.51,0.0,2.309,cuda_event,cuda
20,encoder.layers.encoder_layer_8.mlp.1,GELU,0.01414,2.308594,4841472.0,0,0,53,0.01414,analytic,"[1, 197, 3072]","[1, 197, 3072]",1316.51,0.0,2.309,cuda_event,cuda
20,encoder.layers.encoder_layer_8.mlp.3,Linear,0.21488,0.577148,929562624.0,2360064,0,54,0.21488,counter,"[1, 197, 3072]","[1, 197, 768]",1316.51,0.0,0.577,cuda_event,cuda
20,encoder.layers.encoder_layer_9.ln_1,LayerNorm,0.00819,0.577148,756480.0,1536,0,55,0.00819,analytic,"[1, 197, 768]","[1, 197, 768]",1316.51,0.0,0.577,cuda_event,cuda
20,encoder.layers.encoder_layer_9.self_attention,MultiheadAttention,0.30554,0.577148,1048783872.0,2362368,0,56,0.30554,counter,"[1, 197, 768]","[1, 197, 768]",1316.51,0.0,0.577,cuda_event,cuda
20,encoder.layers.encoder_layer_9.ln_2,LayerNorm,0.00966,0.577148,756480.0,1536,0,57,0.00966,analytic,"[1, 197, 768]","[1, 197, 768]",1316.51,0.0,0.577,cuda_event,cuda
20,encoder.layers.encoder_layer_9.mlp.0,Linear,0.22762,2.308594,929562624.0,2362368,0,58,0.22762,counter,"[1, 197, 768]","[1, 197, 3072]",1316.51,0.0,2.309,cuda_event,cuda
20,encoder.layers.encoder_layer_9.mlp.1,GELU,0.01414,2.308594,4841472.0,0,0,59,0.01414,analytic,"[1, 197, 3072]","[1, 197, 3072]",1316.51,0.0,2.309,cuda_event,cuda
20,encoder.layers.encoder_layer_9.mlp.3,Linear,0.21488,0.577148,929562624.0,2360064,0,60,0.21488,counter,"[1, 197, 3072]","[1, 197, 768]",1316.51,0.0,0.577,cuda_event,cuda
20,encoder.layers.encoder_layer_10.ln_1,LayerNorm,0.00867,0.577148,756480.0,1536,0,61,0.00867,analytic,"[1, 197, 768]","[1, 197, 768]",1316.51,0.0,0.577,cuda_event,cuda
20,encoder.layers.encoder_layer_10.self_attention,MultiheadAttention,0.30486,0.577148,1048783872.0,2362368,0,62,0.30486,counter,"[1, 197, 768]","[1, 197, 768]",1316.51,0.0,0.577,cuda_event,cuda
20,encoder.layers.encoder_layer_10.ln_2,LayerNorm,0.00896,0.577148,756480.0,1536,0,63,0.00896,analytic,"[1, 197, 768]","[1, 197, 768]",1316.51,0.0,0.577,cuda_event,cuda
20,encoder.layers.encoder_layer_10.mlp.0,Linear,0.2271,2.308594,929562624.0,2362368,0,64,0.2271,counter,"[1, 197, 768]","[1, 197, 3072]",1316.51,0.0,2.309,cuda_event,cuda
20,encoder.layers.encoder_layer_10.mlp.1,GELU,0.01392,2.308594,4841472.0,0,0,65,0.01392,analytic,"[1, 197, 3072]","[1, 197, 3072]",1316.51,0.0,2.309,cuda_event,cuda
20,encoder.layers.encoder_layer_10.mlp.3,Linear,0.21779,0.577148,929562624.0,2360064,0,66,0.21779,counter,"[1, 197, 3072]","[1, 197, 768]",1316.51,0.0,0.577,cuda_event,cuda
20,encoder.layers.encoder_layer_11.ln_1,LayerNorm,0.00947,0.577148,756480.0,1536,0,67,0.00947,analytic,"[1, 197, 768]","[1, 197, 768]",1316.51,0.0,0.577,cuda_event,cuda
20,encoder.layers.encoder_layer_11.self_attention,MultiheadAttention,0.30397,0.577148,1048783872.0,2362368,0,68,0.30397,counter,"[1, 197, 768]","[1, 197, 768]",1316.51,0.0,0.577,cuda_event,cuda
20,encoder.layers.encoder_layer_11.ln_2,LayerNorm,0.00845,0.577148,756480.0,1536,0,69,0.00845,analytic,"[1, 197, 768]","[1, 197, 768]",1316.51,0.0,0.577,cuda_event,cuda
20,encoder.layers.encoder_layer_11.mlp.0,Linear,0.22733,2.308594,929562624.0,2362368,0,70,0.22733,counter,"[1, 197, 768]","[1, 197, 3072]",1316.51,0.0,2.309,cuda_event,cuda
20,encoder.layers.encoder_layer_11.mlp.1,GELU,0.01443,2.308594,4841472.0,0,0,71,0.01443,analytic,"[1, 197, 3072]","[1, 197, 3072]",1316.51,0.0,2.309,cuda_event,cuda
20,encoder.layers.encoder_layer_11.mlp.3,Linear,0.21504,0.577148,929562624.0,2360064,0,72,0.21504,counter,"[1, 197, 3072]","[1, 197, 768]",1316.51,0.0,0.577,cuda_event,cuda
20,encoder.ln,LayerNorm,0.0097,0.577148,756480.0,1536,0,73,0.0097,analytic,"[1, 197, 768]","[1, 197, 768]",1316.51,0.0,0.577,cuda_event,cuda
20,heads.head,Linear,0.01706,0.003815,1536000.0,769000,0,74,0.01706,counter,"[1, 768]","[1, 1000]",1316.51,0.0,0.004,cuda_event,cuda
21,conv_proj,Conv2d,0.17974,0.574219,231211008.0,590592,0,0,0.17974,counter,"[1, 3, 224, 224]","[1, 768, 14, 14]",1316.51,0.0,0.574,cuda_event,cuda
21,encoder.layers.encoder_layer_0.ln_1,LayerNorm,0.01011,0.577148,756480.0,1536,0,1,0.01011,analytic,"[1, 197, 768]","[1, 197, 768]",1316.51,0.0,0.577,cuda_event,cuda
21,encoder.layers.encoder_layer_0.self_attention,MultiheadAttention,0.30253,0.577148,1048783872.0,2362368,0,2,0.30253,counter,"[1, 197, 768]","[1, 197, 768]",1316.51,0.0,0.577,cuda_event,cuda
21,encoder.layers.encoder_layer_0.ln_2,LayerNorm,0.01002,0.577148,756480.0,1536,0,3,0.01002,analytic,"[1, 197, 768]","[1, 197, 768]",1316.51,0.0,0.577,cuda_event,cuda
21,encoder.layers.encoder_layer_0.mlp.0,Linear,0.2272,2.308594,929562624.0,2362368,0,4,0.2272,counter,"[1, 197, 768]","[1, 197, 3072]",1316.51,0.0,2.309,cuda_event,cuda
21,encoder.layers.encoder_layer_0.mlp.1,GELU,0.0145,2.308594,4841472.0,0,0,5,0.0145,analytic,"[1, 197, 3072]","[1, 197, 3072]",1316.51,0.0,2.309,cuda_event,cuda
21,encoder.layers.encoder_layer_0.mlp.3,Linear,0.21552,0.577148,929562624.0,2360064,0,6,0.21552,counter,"[1, 197, 3072]","[1, 197, 768]",1316.51,0.0,0.577,cuda_event,cuda
21,encoder.layers.encoder_layer_1.ln_1,LayerNorm,0.01024,0.577148,756480.0,1536,0,7,0.01024,analytic,"[1, 197, 768]","[1, 197, 768]",1316.51,0.0,0.577,cuda_event,cuda
21,encoder.layers.encoder_layer_1.self_attention,MultiheadAttention,0.30278,0.577148,1048783872.0,2362368,0,8,0.30278,counter,"[1, 197, 768]","[1, 197, 768]",1316.51,0.0,0.577,cuda_event,cuda
21,encoder.layers.encoder_layer_1.ln_2,LayerNorm,0.0089,0.577148,756480.0,1536,0,9,0.0089,analytic,"[1, 197, 768]","[1, 197, 768]",1316.51,0.0,0.577,cuda_event,cuda
21,encoder.layers.encoder_layer_1.mlp.0,Linear,0.22739,2.308594,929562624.0,2362368,0,10,0.22739,counter,"[1, 197, 768]","[1, 197, 3072]",1316.51,0.0,2.309,cuda_event,cuda
21,encoder.layers.encoder_layer_1.mlp.1,GELU,0.01434,2.308594,4841472.0,0,0,11,0.01434,analytic,"[1, 197, 3072]","[1, 197, 3072]",1316.51,0.0,2.309,cuda_event,cuda
21,encoder.layers.encoder_layer_1.mlp.3,Linear,0.21702,0.577148,929562624.0,2360064,0,12,0.21702,counter,"[1, 197, 3072]","[1, 197, 768]",1316.51,0.0,0.577,cuda_event,cuda
21,encoder.layers.encoder_layer_2.ln_1,LayerNorm,0.00922,0.577148,756480.0,1536,0,13,0.00922,analytic,"[1, 197, 768]","[1, 197, 768]",1316.51,0.0,0.577,cuda_event,cuda
21,encoder.layers.encoder_layer_2.self_attention,MultiheadAttention,0.30512,0.577148,1048783872.0,2362368,0,14,0.30512,counter,"[1, 197, 768]","[1, 197, 768]",1316.51,0.0,0.577,cuda_event,cuda
21,encoder.layers.encoder_layer_2.ln_2,LayerNorm,0.00883,0.577148,756480.0,1536,0,15,0.00883,analytic,"[1, 197, 768]","[1, 197, 768]",1316.51,0.0,0.577,cuda_event,cuda
21,encoder.layers.encoder_layer_2.mlp.0,Linear,0.22717,2.308594,929562624.0,2362368,0,16,0.22717,counter,"[1, 197, 768]","[1, 197, 3072]",1316.51,0.0,2.309,cuda_event,cuda
21,encoder.layers.encoder_layer_2.mlp.1,GELU,0.0145,2.308594,4841472.0,0,0,17,0.0145,analytic,"[1, 197, 3072]","[1, 197, 3072]",1316.51,0.0,2.309,cuda_event,cuda
21,encoder.layers.encoder_layer_2.mlp.3,Linear,0.21523,0.577148,929562624.0,2360064,0,18,0.21523,counter,"[1, 197, 3072]","[1, 197, 768]",1316.51,0.0,0.577,cuda_event,cuda
21,encoder.layers.encoder_layer_3.ln_1,LayerNorm,0.00906,0.577148,756480.0,1536,0,19,0.00906,analytic,"[1, 197, 768]","[1, 197, 768]",1316.51,0.0,0.577,cuda_event,cuda
21,encoder.layers.encoder_layer_3.self_attention,MultiheadAttention,0.30106,0.577148,1048783872.0,2362368,0,20,0.30106,counter,"[1, 197, 768]","[1, 197, 768]",1316.51,0.0,0.577,cuda_event,cuda
21,encoder.layers.encoder_layer_3.ln_2,LayerNorm,0.00938,0.577148,756480.0,1536,0,21,0.00938,analytic,"[1, 197, 768]","[1, 197, 768]",1316.51,0.0,0.577,cuda_event,cuda
21,encoder.layers.encoder_layer_3.mlp.0,Linear,0.22592,2.308594,929562624.0,2362368,0,22,0.22592,counter,"[1, 197, 768]","[1, 197, 3072]",1316.51,0.0,2.309,cuda_event,cuda
21,encoder.layers.encoder_layer_3.mlp.1,GELU,0.01472,2.308594,4841472.0,0,0,23,0.01472,analytic,"[1, 197, 3072]","[1, 197, 3072]",1316.51,0.0,2.309,cuda_event,cuda
21,encoder.layers.encoder_layer_3.mlp.3,Linear,0.21421,0.577148,929562624.0,2360064,0,24,0.21421,counter,"[1, 197, 3072]","[1, 197, 768]",1316.51,0.0,0.577,cuda_event,cuda
21,encoder.layers.encoder_layer_4.ln_1,LayerNorm,0.00874,0.577148,756480.0,1536,0,25,0.00874,analytic,"[1, 197, 768]","[1, 197, 768]",1316.51,0.0,0.577,cuda_event,cuda
21,encoder.layers.encoder_layer_4.self_attention,MultiheadAttention,0.3023,0.577148,1048783872.0,2362368,0,26,0.3023,counter,"[1, 197, 768]","[1, 197, 768]",1316.51,0.0,0.577,cuda_event,cuda
21,encoder.layers.encoder_layer_4.ln_2,LayerNorm,0.00963,0.577148,756480.0,1536,0,27,0.00963,analytic,"[1, 197, 768]","[1, 197, 768]",1316.51,0.0,0.577,cuda_event,cuda
21,encoder.layers.encoder_layer_4.mlp.0,Linear,0.22531,2.308594,929562624.0,2362368,0,28,0.22531,counter,"[1, 197, 768]","[1, 197, 3072]",1316.51,0.0,2.309,cuda_event,cuda
21,encoder.layers.encoder_layer_4.mlp.1,GELU,0.01286,2.308594,4841472.0,0,0,29,0.01286,analytic,"[1, 197, 3072]","[1, 197, 3072]",1316.51,0.0,2.309,cuda_event,cuda
21,encoder.layers.encoder_layer_4.mlp.3,Linear,0.21299,0.577148,929562624.0,2360064,0,30,0.21299,counter,"[1, 197, 3072]","[1, 197, 768]",1316.51,0.0,0.577,cuda_event,cuda
21,encoder.layers.encoder_layer_5.ln_1,LayerNorm,0.00851,0.577148,756480.0,1536,0,31,0.00851,analytic,"[1, 197, 768]","[1, 197, 768]",1316.51,0.0,0.577,cuda_event,cuda
21,encoder.layers.encoder_layer_5.self_attention,MultiheadAttention,0.30061,0.577148,1048783872.0,2362368,0,32,0.30061,counter,"[1, 197, 768]","[1, 197, 768]",1316.51,0.0,0.577,cuda_event,cuda
21,encoder.layers.encoder_layer_5.ln_2,LayerNorm,0.00867,0.577148,756480.0,1536,0,33,0.00867,analytic,"[1, 197, 768]","[1, 197, 768]",1316.51,0.0,0.577,cuda_event,cuda
21,encoder.layers.encoder_layer_5.mlp.0,Linear,0.2249,2.308594,929562624.0,2362368,0,34,0.2249,counter,"[1, 197, 768]","[1, 197, 3072]",1316.51,0.0,2.309,cuda_event,cuda
21,encoder.layers.encoder_layer_5.mlp.1,GELU,0.01466,2.308594,4841472.0,0,0,35,0.01466,analytic,"[1, 197, 3072]","[1, 197, 3072]",1316.51,0.0,2.309,cuda_event,cuda
21,encoder.layers.encoder_layer_5.mlp.3,Linear,0.21334,0.577148,929562624.0,2360064,0,36,0.21334,counter,"[1, 197, 3072]","[1, 197, 768]",1316.51,0.0,0.577,cuda_event,cuda
21,encoder.layers.encoder_layer_6.ln_1,LayerNorm,0.0087,0.577148,756480.0,1536,0,37,0.0087,analytic,"[1, 197, 768]","[1, 197, 768]",1316.51,0.0,0.577,cuda_event,cuda
21,encoder.layers.encoder_layer_6.self_attention,MultiheadAttention,0.30083,0.577148,1048783872.0,2362368,0,38,0.30083,counter,"[1, 197, 768]","[1, 197, 768]",1316.51,0.0,0.577,cuda_event,cuda
21,encoder.layers.encoder_layer_6.ln_2,LayerNorm,0.00874,0.577148,756480.0,1536,0,39,0.00874,analytic,"[1, 197, 768]","[1, 197, 768]",1316.51,0.0,0.577,cuda_event,cuda
21,encoder.layers.encoder_layer_6.mlp.0,Linear,0.22528,2.308594,929562624.0,2362368,0,40,0.22528,counter,"[1, 197, 768]","[1, 197, 3072]",1316.51,0.0,2.309,cuda_event,cuda
21,encoder.layers.encoder_layer_6.mlp.1,GELU,0.01434,2.308594,4841472.0,0,0,41,0.01434,analytic,"[1, 197, 3072]","[1, 197, 3072]",1316.51,0.0,2.309,cuda_event,cuda
21,encoder.layers.encoder_layer_6.mlp.3,Linear,0.21283,0.577148,929562624.0,2360064,0,42,0.21283,counter,"[1, 197, 3072]","[1, 197, 768]",1316.51,0.0,0.577,cuda_event,cuda
21,encoder.layers.encoder_layer_7.ln_1,LayerNorm,0.00819,0.577148,756480.0,1536,0,43,0.00819,analytic,"[1, 197, 768]","[1, 197, 768]",1316.51,0.0,0.577,cuda_event,cuda
21,encoder.layers.encoder_layer_7.self_attention,MultiheadAttention,0.30106,0.577148,1048783872.0,2362368,0,44,0.30106,counter,"[1, 197, 768]","[1, 197, 768]",1316.51,0.0,0.577,cuda_event,cuda
21,encoder.layers.encoder_layer_7.ln_2,LayerNorm,0.00957,0.577148,756480.0,1536,0,45,0.00957,analytic,"[1, 197, 768]","[1, 197, 768]",1316.51,0.0,0.577,cuda_event,cuda
21,encoder.layers.encoder_layer_7.mlp.0,Linear,0.22586,2.308594,929562624.0,2362368,0,46,0.22586,counter,"[1, 197, 768]","[1, 197, 3072]",1316.51,0.0,2.309,cuda_event,cuda
21,encoder.layers.encoder_layer_7.mlp.1,GELU,0.01408,2.308594,4841472.0,0,0,47,0.01408,analytic,"[1, 197, 3072]","[1, 197, 3072]",1316.51,0.0,2.309,cuda_event,cuda
21,encoder.layers.encoder_layer_7.mlp.3,Linear,0.21293,0.577148,929562624.0,2360064,0,48,0.21293,counter,"[1, 197, 3072]","[1, 197, 768]",1316.51,0.0,0.577,cuda_event,cuda
21,encoder.layers.encoder_layer_8.ln_1,LayerNorm,0.00838,0.577148,756480.0,1536,0,49,0.00838,analytic,"[1, 197, 768]","[1, 197, 768]",1316.51,0.0,0.577,cuda_event,cuda
21,encoder.layers.encoder_layer_8.self_attention,MultiheadAttention,0.30106,0.577148,1048783872.0,2362368,0,50,0.30106,counter,"[1, 197, 768]","[1, 197, 768]",1316.51,0.0,0.577,cuda_event,cuda
21,encoder.layers.encoder_layer_8.ln_2,LayerNorm,0.00819,0.577148,756480.0,1536,0,51,0.00819,analytic,"[1, 197, 768]","[1, 197, 768]",1316.51,0.0,0.577,cuda_event,cuda
21,encoder.layers.encoder_layer_8.mlp.0,Linear,0.22502,2.308594,929562624.0,2362368,0,52,0.22502,counter,"[1, 197, 768]","[1, 197, 3072]",1316.51,0.0,2.309,cuda_event,cuda
21,encoder.layers.encoder_layer_8.mlp.1,GELU,0.0144,2.308594,4841472.0,0,0,53,0.0144,analytic,"[1, 197, 3072]","[1, 197, 3072]",1316.51,0.0,2.309,cuda_event,cuda
21,encoder.layers.encoder_layer_8.mlp.3,Linear,0.21542,0.577148,929562624.0,2360064,0,54,0.21542,counter,"[1, 197, 3072]","[1, 197, 768]",1316.51,0.0,0.577,cuda_event,cuda
21,encoder.layers.encoder_layer_9.ln_1,LayerNorm,0.00832,0.577148,756480.0,1536,0,55,0.00832,analytic,"[1, 197, 768]","[1, 197, 768]",1316.51,0.0,0.577,cuda_event,cuda
21,encoder.layers.encoder_layer_9.self_attention,MultiheadAttention,0.30234,0.577148,1048783872.0,2362368,0,56,0.30234,counter,"[1, 197, 768]","[1, 197, 768]",1316.51,0.0,0.577,cuda_event,cuda
21,encoder.layers.encoder_layer_9.ln_2,LayerNorm,0.00954,0.577148,756480.0,1536,0,57,0.00954,analytic,"[1, 197, 768]","[1, 197, 768]",1316.51,0.0,0.577,cuda_event,cuda
21,encoder.layers.encoder_layer_9.mlp.0,Linear,0.22608,2.308594,929562624.0,2362368,0,58,0.22608,counter,"[1, 197, 768]","[1, 197, 3072]",1316.51,0.0,2.309,cuda_event,cuda
21,encoder.layers.encoder_layer_9.mlp.1,GELU,0.01437,2.308594,4841472.0,0,0,59,0.01437,analytic,"[1, 197, 3072]","[1, 197, 3072]",1316.51,0.0,2.309,cuda_event,cuda
21,encoder.layers.encoder_layer_9.mlp.3,Linear,0.21504,0.577148,929562624.0,2360064,0,60,0.21504,counter,"[1, 197, 3072]","[1, 197, 768]",1316.51,0.0,0.577,cuda_event,cuda
21,encoder.layers.encoder_layer_10.ln_1,LayerNorm,0.01021,0.577148,756480.0,1536,0,61,0.01021,analytic,"[1, 197, 768]","[1, 197, 768]",1316.51,0.0,0.577,cuda_event,cuda
21,encoder.layers.encoder_layer_10.self_attention,MultiheadAttention,0.30006,0.577148,1048783872.0,2362368,0,62,0.30006,counter,"[1, 197, 768]","[1, 197, 768]",1316.51,0.0,0.577,cuda_event,cuda
21,encoder.layers.encoder_layer_10.ln_2,LayerNorm,0.00979,0.577148,756480.0,1536,0,63,0.00979,analytic,"[1, 197, 768]","[1, 197, 768]",1316.51,0.0,0.577,cuda_event,cuda
21,encoder.layers.encoder_layer_10.mlp.0,Linear,0.22547,2.308594,929562624.0,2362368,0,64,0.22547,counter,"[1, 197, 768]","[1, 197, 3072]",1316.51,0.0,2.309,cuda_event,cuda
21,encoder.layers.encoder_layer_10.mlp.1,GELU,0.01424,2.308594,4841472.0,0,0,65,0.01424,analytic,"[1, 197, 3072]","[1, 197, 3072]",1316.51,0.0,2.309,cuda_event,cuda
21,encoder.layers.encoder_layer_10.mlp.3,Linear,0.21331,0.577148,929562624.0,2360064,0,66,0.21331,counter,"[1, 197, 3072]","[1, 197, 768]",1316.51,0.0,0.577,cuda_event,cuda
21,encoder.layers.encoder_layer_11.ln_1,LayerNorm,0.0088,0.577148,756480.0,1536,0,67,0.0088,analytic,"[1, 197, 768]","[1, 197, 768]",1316.51,0.0,0.577,cuda_event,cuda
21,encoder.layers.encoder_layer_11.self_attention,MultiheadAttention,0.30106,0.577148,1048783872.0,2362368,0,68,0.30106,counter,"[1, 197, 768]","[1, 197, 768]",1316.51,0.0,0.577,cuda_event,cuda
21,encoder.layers.encoder_layer_11.ln_2,LayerNorm,0.00835,0.577148,756480.0,1536,0,69,0.00835,analytic,"[1, 197, 768]","[1, 197, 768]",1316.51,0.0,0.577,cuda_event,cuda
21,encoder.layers.encoder_layer_11.mlp.0,Linear,0.2271,2.308594,929562624.0,2362368,0,70,0.2271,counter,"[1, 197, 768]","[1, 197, 3072]",1316.51,0.0,2.309,cuda_event,cuda
21,encoder.layers.encoder_layer_11.mlp.1,GELU,0.01382,2.308594,4841472.0,0,0,71,0.01382,analytic,"[1, 197, 3072]","[1, 197, 3072]",1316.51,0.0,2.309,cuda_event,cuda
21,encoder.layers.encoder_layer_11.mlp.3,Linear,0.21395,0.577148,929562624.0,2360064,0,72,0.21395,counter,"[1, 197, 3072]","[1, 197, 768]",1316.51,0.0,0.577,cuda_event,cuda
21,encoder.ln,LayerNorm,0.00995,0.577148,756480.0,1536,0,73,0.00995,analytic,"[1, 197, 768]","[1, 197, 768]",1316.51,0.0,0.577,cuda_event,cuda
21,heads.head,Linear,0.01677,0.003815,1536000.0,769000,0,74,0.01677,counter,"[1, 768]","[1, 1000]",1316.51,0.0,0.004,cuda_event,cuda
22,conv_proj,Conv2d,0.17645,0.574219,231211008.0,590592,0,0,0.17645,counter,"[1, 3, 224, 224]","[1, 768, 14, 14]",1316.52,0.0,0.574,cuda_event,cuda
22,encoder.layers.encoder_layer_0.ln_1,LayerNorm,0.00819,0.577148,756480.0,1536,0,1,0.00819,analytic,"[1, 197, 768]","[1, 197, 768]",1316.52,0.0,0.577,cuda_event,cuda
22,encoder.layers.encoder_layer_0.self_attention,MultiheadAttention,0.30218,0.577148,1048783872.0,2362368,0,2,0.30218,counter,"[1, 197, 768]","[1, 197, 768]",1316.52,0.0,0.577,cuda_event,cuda
22,encoder.layers.encoder_layer_0.ln_2,LayerNorm,0.00957,0.577148,756480.0,1536,0,3,0.00957,analytic,"[1, 197, 768]","[1, 197, 768]",1316.52,0.0,0.577,cuda_event,cuda
22,encoder.layers.encoder_layer_0.mlp.0,Linear,0.22483,2.308594,929562624.0,2362368,0,4,0.22483,counter,"[1, 197, 768]","[1, 197, 3072]",1316.52,0.0,2.309,cuda_event,cuda
22,encoder.layers.encoder_layer_0.mlp.1,GELU,0.01552,2.308594,4841472.0,0,0,5,0.01552,analytic,"[1, 197, 3072]","[1, 197, 3072]",1316.52,0.0,2.309,cuda_event,cuda
22,encoder.layers.encoder_layer_0.mlp.3,Linear,0.21395,0.577148,929562624.0,2360064,0,6,0.21395,counter,"[1, 197, 3072]","[1, 197, 768]",1316.52,0.0,0.577,cuda_event,cuda
22,encoder.layers.encoder_layer_1.ln_1,LayerNorm,0.00893,0.577148,756480.0,1536,0,7,0.00893,analytic,"[1, 197, 768]","[1, 197, 768]",1316.52,0.0,0.577,cuda_event,cuda
22,encoder.layers.encoder_layer_1.self_attention,MultiheadAttention,0.29901,0.577148,1048783872.0,2362368,0,8,0.29901,counter,"[1, 197, 768]","[1, 197, 768]",1316.52,0.0,0.577,cuda_event,cuda
22,encoder.layers.encoder_layer_1.ln_2,LayerNorm,0.00934,0.577148,756480.0,1536,0,9,0.00934,analytic,"[1, 197, 768]","[1, 197, 768]",1316.52,0.0,0.577,cuda_event,cuda
22,encoder.layers.encoder_layer_1.mlp.0,Linear,0.22627,2.308594,929562624.0,2362368,0,10,0.22627,counter,"[1, 197, 768]","[1, 197, 3072]",1316.52,0.0,2.309,cuda_event,cuda
22,encoder.layers.encoder_layer_1.mlp.1,GELU,0.01414,2.308594,4841472.0,0,0,11,0.01414,analytic,"[1, 197, 3072]","[1, 197, 3072]",1316.52,0.0,2.309,cuda_event,cuda
22,encoder.layers.encoder_layer_1.mlp.3,Linear,0.21331,0.577148,929562624.0,2360064,0,12,0.21331,counter,"[1, 197, 3072]","[1, 197, 768]",1316.52,0.0,0.577,cuda_event,cuda
22,encoder.layers.encoder_layer_2.ln_1,LayerNorm,0.0088,0.577148,756480.0,1536,0,13,0.0088,analytic,"[1, 197, 768]","[1, 197, 768]",1316.52,0.0,0.577,cuda_event,cuda
22,encoder.layers.encoder_layer_2.self_attention,MultiheadAttention,0.30106,0.577148,1048783872.0,2362368,0,14,0.30106,counter,"[1, 197, 768]","[1, 197, 768]",1316.52,0.0,0.577,cuda_event,cuda
22,encoder.layers.encoder_layer_2.ln_2,LayerNorm,0.00896,0.577148,756480.0,1536,0,15,0.00896,analytic,"[1, 197, 768]","[1, 197, 768]",1316.52,0.0,0.577,cuda_event,cuda
22,encoder.layers.encoder_layer_2.mlp.0,Linear,0.22522,2.308594,929562624.0,2362368,0,16,0.22522,counter,"[1, 197, 768]","[1, 197, 3072]",1316.52,0.0,2.309,cuda_event,cuda
22,encoder.layers.encoder_layer_2.mlp.1,GELU,0.01261,2.308594,4841472.0,0,0,17,0.01261,analytic,"[1, 197, 3072]","[1, 197, 3072]",1316.52,0.0,2.309,cuda_event,cuda
22,encoder.layers.encoder_layer_2.mlp.3,Linear,0.21299,0.577148,929562624.0,2360064,0,18,0.21299,counter,"[1, 197, 3072]","[1, 197, 768]",1316.52,0.0,0.577,cuda_event,cuda
22,encoder.layers.encoder_layer_3.ln_1,LayerNorm,0.0089,0.577148,756480.0,1536,0,19,0.0089,analytic,"[1, 197, 768]","[1, 197, 768]",1316.52,0.0,0.577,cuda_event,cuda
22,encoder.layers.encoder_layer_3.self_attention,MultiheadAttention,0.30074,0.577148,1048783872.0,2362368,0,20,0.30074,counter,"[1, 197, 768]","[1, 197, 768]",1316.52,0.0,0.577,cuda_event,cuda
22,encoder.layers.encoder_layer_3.ln_2,LayerNorm,0.00922,0.577148,756480.0,1536,0,21,0.00922,analytic,"[1, 197, 768]","[1, 197, 768]",1316.52,0.0,0.577,cuda_event,cuda
22,encoder.layers.encoder_layer_3.mlp.0,Linear,0.2264,2.308594,929562624.0,2362368,0,22,0.2264,counter,"[1, 197, 768]","[1, 197, 3072]",1316.52,0.0,2.309,cuda_event,cuda
22,encoder.layers.encoder_layer_3.mlp.1,GELU,0.01434,2.308594,4841472.0,0,0,23,0.01434,analytic,"[1, 197, 3072]","[1, 197, 3072]",1316.52,0.0,2.309,cuda_event,cuda
22,encoder.layers.encoder_layer_3.mlp.3,Linear,0.21424,0.577148,929562624.0,2360064,0,24,0.21424,counter,"[1, 197, 3072]","[1, 197, 768]",1316.52,0.0,0.577,cuda_event,cuda
22,encoder.layers.encoder_layer_4.ln_1,LayerNorm,0.00877,0.577148,756480.0,1536,0,25,0.00877,analytic,"[1, 197, 768]","[1, 197, 768]",1316.52,0.0,0.577,cuda_event,cuda
22,encoder.layers.encoder_layer_4.self_attention,MultiheadAttention,0.30106,0.577148,1048783872.0,2362368,0,26,0.30106,counter,"[1, 197, 768]","[1, 197, 768]",1316.52,0.0,0.577,cuda_event,cuda
22,encoder.layers.encoder_layer_4.ln_2,LayerNorm,0.00842,0.577148,756480.0,1536,0,27,0.00842,analytic,"[1, 197, 768]","[1, 197, 768]",1316.52,0.0,0.577,cuda_event,cuda
22,encoder.layers.encoder_layer_4.mlp.0,Linear,0.22666,2.308594,929562624.0,2362368,0,28,0.22666,counter,"[1, 197, 768]","[1, 197, 3072]",1316.52,0.0,2.309,cuda_event,cuda
22,encoder.layers.encoder_layer_4.mlp.1,GELU,0.01434,2.308594,4841472.0,0,0,29,0.01434,analytic,"[1, 197, 3072]","[1, 197, 3072]",1316.52,0.0,2.309,cuda_event,cuda
22,encoder.layers.encoder_layer_4.mlp.3,Linear,0.21382,0.577148,929562624.0,2360064,0,30,0.21382,counter,"[1, 197, 3072]","[1, 197, 768]",1316.52,0.0,0.577,cuda_event,cuda
22,encoder.layers.encoder_layer_5.ln_1,LayerNorm,0.00909,0.577148,756480.0,1536,0,31,0.00909,analytic,"[1, 197, 768]","[1, 197, 768]",1316.52,0.0,0.577,cuda_event,cuda
22,encoder.layers.encoder_layer_5.self_attention,MultiheadAttention,0.30246,0.577148,1048783872.0,2362368,0,32,0.30246,counter,"[1, 197, 768]","[1, 197, 768]",1316.52,0.0,0.577,cuda_event,cuda
22,encoder.layers.encoder_layer_5.ln_2,LayerNorm,0.00976,0.577148,756480.0,1536,0,33,0.00976,analytic,"[1, 197, 768]","[1, 197, 768]",1316.52,0.0,0.577,cuda_event,cuda
22,encoder.layers.encoder_layer_5.mlp.0,Linear,0.22589,2.308594,929562624.0,2362368,0,34,0.22589,counter,"[1, 197, 768]","[1, 197, 3072]",1316.52,0.0,2.309,cuda_event,cuda
22,encoder.layers.encoder_layer_5.mlp.1,GELU,0.01405,2.308594,4841472.0,0,0,35,0.01405,analytic,"[1, 197, 3072]","[1, 197, 3072]",1316.52,0.0,2.309,cuda_event,cuda
22,encoder.layers.encoder_layer_5.mlp.3,Linear,0.21453,0.577148,929562624.0,2360064,0,36,0.21453,counter,"[1, 197, 3072]","[1, 197, 768]",1316.52,0.0,0.577,cuda_event,cuda
22,encoder.layers.encoder_layer_6.ln_1,LayerNorm,0.00851,0.577148,756480.0,1536,0,37,0.00851,analytic,"[1, 197, 768]","[1, 197, 768]",1316.52,0.0,0.577,cuda_event,cuda
22,encoder.layers.encoder_layer_6.self_attention,MultiheadAttention,0.30106,0.577148,1048783872.0,2362368,0,38,0.30106,counter,"[1, 197, 768]","[1, 197, 768]",1316.52,0.0,0.577,cuda_event,cuda
22,encoder.layers.encoder_layer_6.ln_2,LayerNorm,0.00966,0.577148,756480.0,1536,0,39,0.00966,analytic,"[1, 197, 768]","[1, 197, 768]",1316.52,0.0,0.577,cuda_event,cuda
22,encoder.layers.encoder_layer_6.mlp.0,Linear,0.22394,2.308594,929562624.0,2362368,0,40,0.22394,counter,"[1, 197, 768]","[1, 197, 3072]",1316.52,0.0,2.309,cuda_event,cuda
22,encoder.layers.encoder_layer_6.mlp.1,GELU,0.01434,2.308594,4841472.0,0,0,41,0.01434,analytic,"[1, 197, 3072]","[1, 197, 3072]",1316.52,0.0,2.309,cuda_event,cuda
22,encoder.layers.encoder_layer_6.mlp.3,Linear,0.21434,0.577148,929562624.0,2360064,0,42,0.21434,counter,"[1, 197, 3072]","[1, 197, 768]",1316.52,0.0,0.577,cuda_event,cuda
22,encoder.layers.encoder_layer_7.ln_1,LayerNorm,0.00819,0.577148,756480.0,1536,0,43,0.00819,analytic,"[1, 197, 768]","[1, 197, 768]",1316.52,0.0,0.577,cuda_event,cuda
22,encoder.layers.encoder_layer_7.self_attention,MultiheadAttention,0.30106,0.577148,1048783872.0,2362368,0,44,0.30106,counter,"[1, 197, 768]","[1, 197, 768]",1316.52,0.0,0.577,cuda_event,cuda
22,encoder.layers.encoder_layer_7.ln_2,LayerNorm,0.00928,0.577148,756480.0,1536,0,45,0.00928,analytic,"[1, 197, 768]","[1, 197, 768]",1316.52,0.0,0.577,cuda_event,cuda
22,encoder.layers.encoder_layer_7.mlp.0,Linear,0.22733,2.308594,929562624.0,2362368,0,46,0.22733,counter,"[1, 197, 768]","[1, 197, 3072]",1316.52,0.0,2.309,cuda_event,cuda
22,encoder.layers.encoder_layer_7.mlp.1,GELU,0.01424,2.308594,4841472.0,0,0,47,0.01424,analytic,"[1, 197, 3072]","[1, 197, 3072]",1316.52,0.0,2.309,cuda_event,cuda
22,encoder.layers.encoder_layer_7.mlp.3,Linear,0.21453,0.577148,929562624.0,2360064,0,48,0.21453,counter,"[1, 197, 3072]","[1, 197, 768]",1316.52,0.0,0.577,cuda_event,cuda
22,encoder.layers.encoder_layer_8.ln_1,LayerNorm,0.00851,0.577148,756480.0,1536,0,49,0.00851,analytic,"[1, 197, 768]","[1, 197, 768]",1316.52,0.0,0.577,cuda_event,cuda
22,encoder.layers.encoder_layer_8.self_attention,MultiheadAttention,0.30106,0.577148,1048783872.0,2362368,0,50,0.30106,counter,"[1, 197, 768]","[1, 197, 768]",1316.52,0.0,0.577,cuda_event,cuda
22,encoder.layers.encoder_layer_8.ln_2,LayerNorm,0.00925,0.577148,756480.0,1536,0,51,0.00925,analytic,"[1, 197, 768]","[1, 197, 768]",1316.52,0.0,0.577,cuda_event,cuda
22,encoder.layers.encoder_layer_8.mlp.0,Linear,0.22528,2.308594,929562624.0,2362368,0,52,0.22528,counter,"[1, 197, 768]","[1, 197, 3072]",1316.52,0.0,2.309,cuda_event,cuda
22,encoder.layers.encoder_layer_8.mlp.1,GELU,0.01421,2.308594,4841472.0,0,0,53,0.01421,analytic,"[1, 197, 3072]","[1, 197, 3072]",1316.52,0.0,2.309,cuda_event,cuda
22,encoder.layers.encoder_layer_8.mlp.3,Linear,0.21117,0.577148,929562624.0,2360064,0,54,0.21117,counter,"[1, 197, 3072]","[1, 197, 768]",1316.52,0.0,0.577,cuda_event,cuda
22,encoder.layers.encoder_layer_9.ln_1,LayerNorm,0.00845,0.577148,756480.0,1536,0,55,0.00845,analytic,"[1, 197, 768]","[1, 197, 768]",1316.52,0.0,0.577,cuda_event,cuda
22,encoder.layers.encoder_layer_9.self_attention,MultiheadAttention,0.3031,0.577148,1048783872.0,2362368,0,56,0.3031,counter,"[1, 197, 768]","[1, 197, 768]",1316.52,0.0,0.577,cuda_event,cuda
22,encoder.layers.encoder_layer_9.ln_2,LayerNorm,0.0087,0.577148,756480.0,1536,0,57,0.0087,analytic,"[1, 197, 768]","[1, 197, 768]",1316.52,0.0,0.577,cuda_event,cuda
22,encoder.layers.encoder_layer_9.mlp.0,Linear,0.22528,2.308594,929562624.0,2362368,0,58,0.22528,counter,"[1, 197, 768]","[1, 197, 3072]",1316.52,0.0,2.309,cuda_event,cuda
22,encoder.layers.encoder_layer_9.mlp.1,GELU,0.01434,2.308594,4841472.0,0,0,59,0.01434,analytic,"[1, 197, 3072]","[1, 197, 3072]",1316.52,0.0,2.309,cuda_event,cuda
22,encoder.layers.encoder_layer_9.mlp.3,Linear,0.21494,0.577148,929562624.0,2360064,0,60,0.21494,counter,"[1, 197, 3072]","[1, 197, 768]",1316.52,0.0,0.577,cuda_event,cuda
22,encoder.layers.encoder_layer_10.ln_1,LayerNorm,0.00982,0.577148,756480.0,1536,0,61,0.00982,analytic,"[1, 197, 768]","[1, 197, 768]",1316.52,0.0,0.577,cuda_event,cuda
22,encoder.layers.encoder_layer_10.self_attention,MultiheadAttention,0.3007,0.577148,1048783872.0,2362368,0,62,0.3007,counter,"[1, 197, 768]","[1, 197, 768]",1316.52,0.0,0.577,cuda_event,cuda
22,encoder.layers.encoder_layer_10.ln_2,LayerNorm,0.00938,0.577148,756480.0,1536,0,63,0.00938,analytic,"[1, 197, 768]","[1, 197, 768]",1316.52,0.0,0.577,cuda_event,cuda
22,encoder.layers.encoder_layer_10.mlp.0,Linear,0.22419,2.308594,929562624.0,2362368,0,64,0.22419,counter,"[1, 197, 768]","[1, 197, 3072]",1316.52,0.0,2.309,cuda_event,cuda
22,encoder.layers.encoder_layer_10.mlp.1,GELU,0.01434,2.308594,4841472.0,0,0,65,0.01434,analytic,"[1, 197, 3072]","[1, 197, 3072]",1316.52,0.0,2.309,cuda_event,cuda
22,encoder.layers.encoder_layer_10.mlp.3,Linear,0.21638,0.577148,929562624.0,2360064,0,66,0.21638,counter,"[1, 197, 3072]","[1, 197, 768]",1316.52,0.0,0.577,cuda_event,cuda
22,encoder.layers.encoder_layer_11.ln_1,LayerNorm,0.00819,0.577148,756480.0,1536,0,67,0.00819,analytic,"[1, 197, 768]","[1, 197, 768]",1316.52,0.0,0.577,cuda_event,cuda
22,encoder.layers.encoder_layer_11.self_attention,MultiheadAttention,0.30227,0.577148,1048783872.0,2362368,0,68,0.30227,counter,"[1, 197, 768]","[1, 197, 768]",1316.52,0.0,0.577,cuda_event,cuda
22,encoder.layers.encoder_layer_11.ln_2,LayerNorm,0.00954,0.577148,756480.0,1536,0,69,0.00954,analytic,"[1, 197, 768]","[1, 197, 768]",1316.52,0.0,0.577,cuda_event,cuda
22,encoder.layers.encoder_layer_11.mlp.0,Linear,0.22403,2.308594,929562624.0,2362368,0,70,0.22403,counter,"[1, 197, 768]","[1, 197, 3072]",1316.52,0.0,2.309,cuda_event,cuda
22,encoder.layers.encoder_layer_11.mlp.1,GELU,0.01434,2.308594,4841472.0,0,0,71,0.01434,analytic,"[1, 197, 3072]","[1, 197, 3072]",1316.52,0.0,2.309,cuda_event,cuda
22,encoder.layers.encoder_layer_11.mlp.3,Linear,0.21299,0.577148,929562624.0,2360064,0,72,0.21299,counter,"[1, 197, 3072]","[1, 197, 768]",1316.52,0.0,0.577,cuda_event,cuda
22,encoder.ln,LayerNorm,0.00886,0.577148,756480.0,1536,0,73,0.00886,analytic,"[1, 197, 768]","[1, 197, 768]",1316.52,0.0,0.577,cuda_event,cuda
22,heads.head,Linear,0.01664,0.003815,1536000.0,769000,0,74,0.01664,counter,"[1, 768]","[1, 1000]",1316.52,0.0,0.004,cuda_event,cuda
23,conv_proj,Conv2d,0.17696,0.574219,231211008.0,590592,0,0,0.17696,counter,"[1, 3, 224, 224]","[1, 768, 14, 14]",1316.52,0.0,0.574,cuda_event,cuda
23,encoder.layers.encoder_layer_0.ln_1,LayerNorm,0.00883,0.577148,756480.0,1536,0,1,0.00883,analytic,"[1, 197, 768]","[1, 197, 768]",1316.52,0.0,0.577,cuda_event,cuda
23,encoder.layers.encoder_layer_0.self_attention,MultiheadAttention,0.30106,0.577148,1048783872.0,2362368,0,2,0.30106,counter,"[1, 197, 768]","[1, 197, 768]",1316.52,0.0,0.577,cuda_event,cuda
23,encoder.layers.encoder_layer_0.ln_2,LayerNorm,0.00934,0.577148,756480.0,1536,0,3,0.00934,analytic,"[1, 197, 768]","[1, 197, 768]",1316.52,0.0,0.577,cuda_event,cuda
23,encoder.layers.encoder_layer_0.mlp.0,Linear,0.22403,2.308594,929562624.0,2362368,0,4,0.22403,counter,"[1, 197, 768]","[1, 197, 3072]",1316.52,0.0,2.309,cuda_event,cuda
23,encoder.layers.encoder_layer_0.mlp.1,GELU,0.0143,2.308594,4841472.0,0,0,5,0.0143,analytic,"[1, 197, 3072]","[1, 197, 3072]",1316.52,0.0,2.309,cuda_event,cuda
23,encoder.layers.encoder_layer_0.mlp.3,Linear,0.21424,0.577148,929562624.0,2360064,0,6,0.21424,counter,"[1, 197, 3072]","[1, 197, 768]",1316.52,0.0,0.577,cuda_event,cuda
23,encoder.layers.encoder_layer_1.ln_1,LayerNorm,0.00819,0.577148,756480.0,1536,0,7,0.00819,analytic,"[1, 197, 768]","[1, 197, 768]",1316.52,0.0,0.577,cuda_event,cuda
23,encoder.layers.encoder_layer_1.self_attention,MultiheadAttention,0.30109,0.577148,1048783872.0,2362368,0,8,0.30109,counter,"[1, 197, 768]","[1, 197, 768]",1316.52,0.0,0.577,cuda_event,cuda
23,encoder.layers.encoder_layer_1.ln_2,LayerNorm,0.0096,0.577148,756480.0,1536,0,9,0.0096,analytic,"[1, 197, 768]","[1, 197, 768]",1316.52,0.0,0.577,cuda_event,cuda
23,encoder.layers.encoder_layer_1.mlp.0,Linear,0.22397,2.308594,929562624.0,2362368,0,10,0.22397,counter,"[1, 197, 768]","[1, 197, 3072]",1316.52,0.0,2.309,cuda_event,cuda
23,encoder.layers.encoder_layer_1.mlp.1,GELU,0.01322,2.308594,4841472.0,0,0,11,0.01322,analytic,"[1, 197, 3072]","[1, 197, 3072]",1316.52,0.0,2.309,cuda_event,cuda
23,encoder.layers.encoder_layer_1.mlp.3,Linear,0.21494,0.577148,929562624.0,2360064,0,12,0.21494,counter,"[1, 197, 3072]","[1, 197, 768]",1316.52,0.0,0.577,cuda_event,cuda
23,encoder.layers.encoder_layer_2.ln_1,LayerNorm,0.00941,0.577148,756480.0,1536,0,13,0.00941,analytic,"[1, 197, 768]","[1, 197, 768]",1316.52,0.0,0.577,cuda_event,cuda
23,encoder.layers.encoder_layer_2.self_attention,MultiheadAttention,0.30102,0.577148,1048783872.0,2362368,0,14,0.30102,counter,"[1, 197, 768]","[1, 197, 768]",1316.52,0.0,0.577,cuda_event,cuda
23,encoder.layers.encoder_layer_2.ln_2,LayerNorm,0.00963,0.577148,756480.0,1536,0,15,0.00963,analytic,"[1, 197, 768]","[1, 197, 768]",1316.52,0.0,0.577,cuda_event,cuda
23,encoder.layers.encoder_layer_2.mlp.0,Linear,0.22598,2.308594,929562624.0,2362368,0,16,0.22598,counter,"[1, 197, 768]","[1, 197, 3072]",1316.52,0.0,2.309,cuda_event,cuda
23,encoder.layers.encoder_layer_2.mlp.1,GELU,0.01568,2.308594,4841472.0,0,0,17,0.01568,analytic,"[1, 197, 3072]","[1, 197, 3072]",1316.52,0.0,2.309,cuda_event,cuda
23,encoder.layers.encoder_layer_2.mlp.3,Linear,0.21379,0.577148,929562624.0,2360064,0,18,0.21379,counter,"[1, 197, 3072]","[1, 197, 768]",1316.52,0.0,0.577,cuda_event,cuda
23,encoder.layers.encoder_layer_3.ln_1,LayerNorm,0.00886,0.577148,756480.0,1536,0,19,0.00886,analytic,"[1, 197, 768]","[1, 197, 768]",1316.52,0.0,0.577,cuda_event,cuda
23,encoder.layers.encoder_layer_3.self_attention,MultiheadAttention,0.29917,0.577148,1048783872.0,2362368,0,20,0.29917,counter,"[1, 197, 768]","[1, 197, 768]",1316.52,0.0,0.577,cuda_event,cuda
23,encoder.layers.encoder_layer_3.ln_2,LayerNorm,0.00861,0.577148,756480.0,1536,0,21,0.00861,analytic,"[1, 197, 768]","[1, 197, 768]",1316.52,0.0,0.577,cuda_event,cuda
23,encoder.layers.encoder_layer_3.mlp.0,Linear,0.22528,2.308594,929562624.0,2362368,0,22,0.22528,counter,"[1, 197, 768]","[1, 197, 3072]",1316.52,0.0,2.309,cuda_event,cuda
23,encoder.layers.encoder_layer_3.mlp.1,GELU,0.01328,2.308594,4841472.0,0,0,23,0.01328,analytic,"[1, 197, 3072]","[1, 197, 3072]",1316.52,0.0,2.309,cuda_event,cuda
23,encoder.layers.encoder_layer_3.mlp.3,Linear,0.21504,0.577148,929562624.0,2360064,0,24,0.21504,counter,"[1, 197, 3072]","[1, 197, 768]",1316.52,0.0,0.577,cuda_event,cuda
23,encoder.layers.encoder_layer_4.ln_1,LayerNorm,0.00976,0.577148,756480.0,1536,0,25,0.00976,analytic,"[1, 197, 768]","[1, 197, 768]",1316.52,0.0,0.577,cuda_event,cuda
23,encoder.layers.encoder_layer_4.self_attention,MultiheadAttention,0.29958,0.577148,1048783872.0,2362368,0,26,0.29958,counter,"[1, 197, 768]","[1, 197, 768]",1316.52,0.0,0.577,cuda_event,cuda
23,encoder.layers.encoder_layer_4.ln_2,LayerNorm,0.00822,0.577148,756480.0,1536,0,27,0.00822,analytic,"[1, 197, 768]","[1, 197, 768]",1316.52,0.0,0.577,cuda_event,cuda
23,encoder.layers.encoder_layer_4.mlp.0,Linear,0.22694,2.308594,929562624.0,2362368,0,28,0.22694,counter,"[1, 197, 768]","[1, 197, 3072]",1316.52,0.0,2.309,cuda_event,cuda
23,encoder.layers.encoder_layer_4.mlp.1,GELU,0.0128,2.308594,4841472.0,0,0,29,0.0128,analytic,"[1, 197, 3072]","[1, 197, 3072]",1316.52,0.0,2.309,cuda_event,cuda
23,encoder.layers.encoder_layer_4.mlp.3,Linear,0.21094,0.577148,929562624.0,2360064,0,30,0.21094,counter,"[1, 197, 3072]","[1, 197, 768]",1316.52,0.0,0.577,cuda_event,cuda
23,encoder.layers.encoder_layer_5.ln_1,LayerNorm,0.00976,0.577148,756480.0,1536,0,31,0.00976,analytic,"[1, 197, 768]","[1, 197, 768]",1316.52,0.0,0.577,cuda_event,cuda
23,encoder.layers.encoder_layer_5.self_attention,MultiheadAttention,0.3031,0.577148,1048783872.0,2362368,0,32,0.3031,counter,"[1, 197, 768]","[1, 197, 768]",1316.52,0.0,0.577,cuda_event,cuda
23,encoder.layers.encoder_layer_5.ln_2,LayerNorm,0.00851,0.577148,756480.0,1536,0,33,0.00851,analytic,"[1, 197, 768]","[1, 197, 768]",1316.52,0.0,0.577,cuda_event,cuda
23,encoder.layers.encoder_layer_5.mlp.0,Linear,0.22192,2.308594,929562624.0,2362368,0,34,0.22192,counter,"[1, 197, 768]","[1, 197, 3072]",1316.52,0.0,2.309,cuda_event,cuda
23,encoder.layers.encoder_layer_5.mlp.1,GELU,0.01418,2.308594,4841472.0,0,0,35,0.01418,analytic,"[1, 197, 3072]","[1, 197, 3072]",1316.52,0.0,2.309,cuda_event,cuda
23,encoder.layers.encoder_layer_5.mlp.3,Linear,0.20826,0.577148,929562624.0,2360064,0,36,0.20826,counter,"[1, 197, 3072]","[1, 197, 768]",1316.52,0.0,0.577,cuda_event,cuda
23,encoder.layers.encoder_layer_6.ln_1,LayerNorm,0.00835,0.577148,756480.0,1536,0,37,0.00835,analytic,"[1, 197, 768]","[1, 197, 768]",1316.52,0.0,0.577,cuda_event,cuda
23,encoder.layers.encoder_layer_6.self_attention,MultiheadAttention,0.29286,0.577148,1048783872.0,2362368,0,38,0.29286,counter,"[1, 197, 768]","[1, 197, 768]",1316.52,0.0,0.577,cuda_event,cuda
23,encoder.layers.encoder_layer_6.ln_2,LayerNorm,0.00832,0.577148,756480.0,1536,0,39,0.00832,analytic,"[1, 197, 768]","[1, 197, 768]",1316.52,0.0,0.577,cuda_event,cuda
23,encoder.layers.encoder_layer_6.mlp.0,Linear,0.22051,2.308594,929562624.0,2362368,0,40,0.22051,counter,"[1, 197, 768]","[1, 197, 3072]",1316.52,0.0,2.309,cuda_event,cuda
23,encoder.layers.encoder_layer_6.mlp.1,GELU,0.01309,2.308594,4841472.0,0,0,41,0.01309,analytic,"[1, 197, 3072]","[1, 197, 3072]",1316.52,0.0,2.309,cuda_event,cuda
23,encoder.layers.encoder_layer_6.mlp.3,Linear,0.21005,0.577148,929562624.0,2360064,0,42,0.21005,counter,"[1, 197, 3072]","[1, 197, 768]",1316.52,0.0,0.577,cuda_event,cuda
23,encoder.layers.encoder_layer_7.ln_1,LayerNorm,0.00864,0.577148,756480.0,1536,0,43,0.00864,analytic,"[1, 197, 768]","[1, 197, 768]",1316.52,0.0,0.577,cuda_event,cuda
23,encoder.layers.encoder_layer_7.self_attention,MultiheadAttention,0.28998,0.577148,1048783872.0,2362368,0,44,0.28998,counter,"[1, 197, 768]","[1, 197, 768]",1316.52,0.0,0.577,cuda_event,cuda
23,encoder.layers.encoder_layer_7.ln_2,LayerNorm,0.00829,0.577148,756480.0,1536,0,45,0.00829,analytic,"[1, 197, 768]","[1, 197, 768]",1316.52,0.0,0.577,cuda_event,cuda
23,encoder.layers.encoder_layer_7.mlp.0,Linear,0.22262,2.308594,929562624.0,2362368,0,46,0.22262,counter,"[1, 197, 768]","[1, 197, 3072]",1316.52,0.0,2.309,cuda_event,cuda
23,encoder.layers.encoder_layer_7.mlp.1,GELU,0.01421,2.308594,4841472.0,0,0,47,0.01421,analytic,"[1, 197, 3072]","[1, 197, 3072]",1316.52,0.0,2.309,cuda_event,cuda
23,encoder.layers.encoder_layer_7.mlp.3,Linear,0.20758,0.577148,929562624.0,2360064,0,48,0.20758,counter,"[1, 197, 3072]","[1, 197, 768]",1316.52,0.0,0.577,cuda_event,cuda
23,encoder.layers.encoder_layer_8.ln_1,LayerNorm,0.01002,0.577148,756480.0,1536,0,49,0.01002,analytic,"[1, 197, 768]","[1, 197, 768]",1316.52,0.0,0.577,cuda_event,cuda
23,encoder.layers.encoder_layer_8.self_attention,MultiheadAttention,0.29082,0.577148,1048783872.0,2362368,0,50,0.29082,counter,"[1, 197, 768]","[1, 197, 768]",1316.52,0.0,0.577,cuda_event,cuda
23,encoder.layers.encoder_layer_8.ln_2,LayerNorm,0.00819,0.577148,756480.0,1536,0,51,0.00819,analytic,"[1, 197, 768]","[1, 197, 768]",1316.52,0.0,0.577,cuda_event,cuda
23,encoder.layers.encoder_layer_8.mlp.0,Linear,0.22019,2.308594,929562624.0,2362368,0,52,0.22019,counter,"[1, 197, 768]","[1, 197, 3072]",1316.52,0.0,2.309,cuda_event,cuda
23,encoder.layers.encoder_layer_8.mlp.1,GELU,0.01638,2.308594,4841472.0,0,0,53,0.01638,analytic,"[1, 197, 3072]","[1, 197, 3072]",1316.52,0.0,2.309,cuda_event,cuda
23,encoder.layers.encoder_layer_8.mlp.3,Linear,0.20995,0.577148,929562624.0,2360064,0,54,0.20995,counter,"[1, 197, 3072]","[1, 197, 768]",1316.52,0.0,0.577,cuda_event,cuda
23,encoder.layers.encoder_layer_9.ln_1,LayerNorm,0.00896,0.577148,756480.0,1536,0,55,0.00896,analytic,"[1, 197, 768]","[1, 197, 768]",1316.52,0.0,0.577,cuda_event,cuda
23,encoder.layers.encoder_layer_9.self_attention,MultiheadAttention,0.29299,0.577148,1048783872.0,2362368,0,56,0.29299,counter,"[1, 197, 768]","[1, 197, 768]",1316.52,0.0,0.577,cuda_event,cuda
23,encoder.layers.encoder_layer_9.ln_2,LayerNorm,0.00829,0.577148,756480.0,1536,0,57,0.00829,analytic,"[1, 197, 768]","[1, 197, 768]",1316.52,0.0,0.577,cuda_event,cuda
23,encoder.layers.encoder_layer_9.mlp.0,Linear,0.22118,2.308594,929562624.0,2362368,0,58,0.22118,counter,"[1, 197, 768]","[1, 197, 3072]",1316.52,0.0,2.309,cuda_event,cuda
23,encoder.layers.encoder_layer_9.mlp.1,GELU,0.01434,2.308594,4841472.0,0,0,59,0.01434,analytic,"[1, 197, 3072]","[1, 197, 3072]",1316.52,0.0,2.309,cuda_event,cuda
23,encoder.layers.encoder_layer_9.mlp.3,Linear,0.21027,0.577148,929562624.0,2360064,0,60,0.21027,counter,"[1, 197, 3072]","[1, 197, 768]",1316.52,0.0,0.577,cuda_event,cuda
23,encoder.layers.encoder_layer_10.ln_1,LayerNorm,0.00963,0.577148,756480.0,1536,0,61,0.00963,analytic,"[1, 197, 768]","[1, 197, 768]",1316.52,0.0,0.577,cuda_event,cuda
23,encoder.layers.encoder_layer_10.self_attention,MultiheadAttention,0.28957,0.577148,1048783872.0,2362368,0,62,0.28957,counter,"[1, 197, 768]","[1, 197, 768]",1316.52,0.0,0.577,cuda_event,cuda
23,encoder.layers.encoder_layer_10.ln_2,LayerNorm,0.00819,0.577148,756480.0,1536,0,63,0.00819,analytic,"[1, 197, 768]","[1, 197, 768]",1316.52,0.0,0.577,cuda_event,cuda
23,encoder.layers.encoder_layer_10.mlp.0,Linear,0.22035,2.308594,929562624.0,2362368,0,64,0.22035,counter,"[1, 197, 768]","[1, 197, 3072]",1316.52,0.0,2.309,cuda_event,cuda
23,encoder.layers.encoder_layer_10.mlp.1,GELU,0.01325,2.308594,4841472.0,0,0,65,0.01325,analytic,"[1, 197, 3072]","[1, 197, 3072]",1316.52,0.0,2.309,cuda_event,cuda
23,encoder.layers.encoder_layer_10.mlp.3,Linear,0.21046,0.577148,929562624.0,2360064,0,66,0.21046,counter,"[1, 197, 3072]","[1, 197, 768]",1316.52,0.0,0.577,cuda_event,cuda
23,encoder.layers.encoder_layer_11.ln_1,LayerNorm,0.00835,0.577148,756480.0,1536,0,67,0.00835,analytic,"[1, 197, 768]","[1, 197, 768]",1316.52,0.0,0.577,cuda_event,cuda
23,encoder.layers.encoder_layer_11.self_attention,MultiheadAttention,0.2927,0.577148,1048783872.0,2362368,0,68,0.2927,counter,"[1, 197, 768]","[1, 197, 768]",1316.52,0.0,0.577,cuda_event,cuda
23,encoder.layers.encoder_layer_11.ln_2,LayerNorm,0.00899,0.577148,756480.0,1536,0,69,0.00899,analytic,"[1, 197, 768]","[1, 197, 768]",1316.52,0.0,0.577,cuda_event,cuda
23,encoder.layers.encoder_layer_11.mlp.0,Linear,0.2209,2.308594,929562624.0,2362368,0,70,0.2209,counter,"[1, 197, 768]","[1, 197, 3072]",1316.52,0.0,2.309,cuda_event,cuda
23,encoder.layers.encoder_layer_11.mlp.1,GELU,0.01382,2.308594,4841472.0,0,0,71,0.01382,analytic,"[1, 197, 3072]","[1, 197, 3072]",1316.52,0.0,2.309,cuda_event,cuda
23,encoder.layers.encoder_layer_11.mlp.3,Linear,0.2088,0.577148,929562624.0,2360064,0,72,0.2088,counter,"[1, 197, 3072]","[1, 197, 768]",1316.52,0.0,0.577,cuda_event,cuda
23,encoder.ln,LayerNorm,0.00941,0.577148,756480.0,1536,0,73,0.00941,analytic,"[1, 197, 768]","[1, 197, 768]",1316.52,0.0,0.577,cuda_event,cuda
23,heads.head,Linear,0.01706,0.003815,1536000.0,769000,0,74,0.01706,counter,"[1, 768]","[1, 1000]",1316.52,0.0,0.004,cuda_event,cuda
24,conv_proj,Conv2d,0.17203,0.574219,231211008.0,590592,0,0,0.17203,counter,"[1, 3, 224, 224]","[1, 768, 14, 14]",1316.53,0.0,0.574,cuda_event,cuda
24,encoder.layers.encoder_layer_0.ln_1,LayerNorm,0.00851,0.577148,756480.0,1536,0,1,0.00851,analytic,"[1, 197, 768]","[1, 197, 768]",1316.53,0.0,0.577,cuda_event,cuda
24,encoder.layers.encoder_layer_0.self_attention,MultiheadAttention,0.29286,0.577148,1048783872.0,2362368,0,2,0.29286,counter,"[1, 197, 768]","[1, 197, 768]",1316.53,0.0,0.577,cuda_event,cuda
24,encoder.layers.encoder_layer_0.ln_2,LayerNorm,0.00867,0.577148,756480.0,1536,0,3,0.00867,analytic,"[1, 197, 768]","[1, 197, 768]",1316.53,0.0,0.577,cuda_event,cuda
24,encoder.layers.encoder_layer_0.mlp.0,Linear,0.22083,2.308594,929562624.0,2362368,0,4,0.22083,counter,"[1, 197, 768]","[1, 197, 3072]",1316.53,0.0,2.309,cuda_event,cuda
24,encoder.layers.encoder_layer_0.mlp.1,GELU,0.01283,2.308594,4841472.0,0,0,5,0.01283,analytic,"[1, 197, 3072]","[1, 197, 3072]",1316.53,0.0,2.309,cuda_event,cuda
24,encoder.layers.encoder_layer_0.mlp.3,Linear,0.21085,0.577148,929562624.0,2360064,0,6,0.21085,counter,"[1, 197, 3072]","[1, 197, 768]",1316.53,0.0,0.577,cuda_event,cuda
24,encoder.layers.encoder_layer_1.ln_1,LayerNorm,0.00941,0.577148,756480.0,1536,0,7,0.00941,analytic,"[1, 197, 768]","[1, 197, 768]",1316.53,0.0,0.577,cuda_event,cuda
24,encoder.layers.encoder_layer_1.self_attention,MultiheadAttention,0.29174,0.577148,1048783872.0,2362368,0,8,0.29174,counter,"[1, 197, 768]","[1, 197, 768]",1316.53,0.0,0.577,cuda_event,cuda
24,encoder.layers.encoder_layer_1.ln_2,LayerNorm,0.00925,0.577148,756480.0,1536,0,9,0.00925,analytic,"[1, 197, 768]","[1, 197, 768]",1316.53,0.0,0.577,cuda_event,cuda
24,encoder.layers.encoder_layer_1.mlp.0,Linear,0.22045,2.308594,929562624.0,2362368,0,10,0.22045,counter,"[1, 197, 768]","[1, 197, 3072]",1316.53,0.0,2.309,cuda_event,cuda
24,encoder.layers.encoder_layer_1.mlp.1,GELU,0.01315,2.308594,4841472.0,0,0,11,0.01315,analytic,"[1, 197, 3072]","[1, 197, 3072]",1316.53,0.0,2.309,cuda_event,cuda
24,encoder.layers.encoder_layer_1.mlp.3,Linear,0.20835,0.577148,929562624.0,2360064,0,12,0.20835,counter,"[1, 197, 3072]","[1, 197, 768]",1316.53,0.0,0.577,cuda_event,cuda
24,encoder.layers.encoder_layer_2.ln_1,LayerNorm,0.00842,0.577148,756480.0,1536,0,13,0.00842,analytic,"[1, 197, 768]","[1, 197, 768]",1316.53,0.0,0.577,cuda_event,cuda
24,encoder.layers.encoder_layer_2.self_attention,MultiheadAttention,0.29286,0.577148,1048783872.0,2362368,0,14,0.29286,counter,"[1, 197, 768]","[1, 197, 768]",1316.53,0.0,0.577,cuda_event,cuda
24,encoder.layers.encoder_layer_2.ln_2,LayerNorm,0.00851,0.577148,756480.0,1536,0,15,0.00851,analytic,"[1, 197, 768]","[1, 197, 768]",1316.53,0.0,0.577,cuda_event,cuda
24,encoder.layers.encoder_layer_2.mlp.0,Linear,0.21914,2.308594,929562624.0,2362368,0,16,0.21914,counter,"[1, 197, 768]","[1, 197, 3072]",1316.53,0.0,2.309,cuda_event,cuda
24,encoder.layers.encoder_layer_2.mlp.1,GELU,0.01434,2.308594,4841472.0,0,0,17,0.01434,analytic,"[1, 197, 3072]","[1, 197, 3072]",1316.53,0.0,2.309,cuda_event,cuda
24,encoder.layers.encoder_layer_2.mlp.3,Linear,0.21094,0.577148,929562624.0,2360064,0,18,0.21094,counter,"[1, 197, 3072]","[1, 197, 768]",1316.53,0.0,0.577,cuda_event,cuda
24,encoder.layers.encoder_layer_3.ln_1,LayerNorm,0.0087,0.577148,756480.0,1536,0,19,0.0087,analytic,"[1, 197, 768]","[1, 197, 768]",1316.53,0.0,0.577,cuda_event,cuda
24,encoder.layers.encoder_layer_3.self_attention,MultiheadAttention,0.29085,0.577148,1048783872.0,2362368,0,20,0.29085,counter,"[1, 197, 768]","[1, 197, 768]",1316.53,0.0,0.577,cuda_event,cuda
24,encoder.layers.encoder_layer_3.ln_2,LayerNorm,0.0087,0.577148,756480.0,1536,0,21,0.0087,analytic,"[1, 197, 768]","[1, 197, 768]",1316.53,0.0,0.577,cuda_event,cuda
24,encoder.layers.encoder_layer_3.mlp.0,Linear,0.22093,2.308594,929562624.0,2362368,0,22,0.22093,counter,"[1, 197, 768]","[1, 197, 3072]",1316.53,0.0,2.309,cuda_event,cuda
24,encoder.layers.encoder_layer_3.mlp.1,GELU,0.01421,2.308594,4841472.0,0,0,23,0.01421,analytic,"[1, 197, 3072]","[1, 197, 3072]",1316.53,0.0,2.309,cuda_event,cuda
24,encoder.layers.encoder_layer_3.mlp.3,Linear,0.2095,0.577148,929562624.0,2360064,0,24,0.2095,counter,"[1, 197, 3072]","[1, 197, 768]",1316.53,0.0,0.577,cuda_event,cuda
24,encoder.layers.encoder_layer_4.ln_1,LayerNorm,0.00982,0.577148,756480.0,1536,0,25,0.00982,analytic,"[1, 197, 768]","[1, 197, 768]",1316.53,0.0,0.577,cuda_event,cuda
24,encoder.layers.encoder_layer_4.self_attention,MultiheadAttention,0.29312,0.577148,1048783872.0,2362368,0,26,0.29312,counter,"[1, 197, 768]","[1, 197, 768]",1316.53,0.0,0.577,cuda_event,cuda
24,encoder.layers.encoder_layer_4.ln_2,LayerNorm,0.00877,0.577148,756480.0,1536,0,27,0.00877,analytic,"[1, 197, 768]","[1, 197, 768]",1316.53,0.0,0.577,cuda_event,cuda
24,encoder.layers.encoder_layer_4.mlp.0,Linear,0.2175,2.308594,929562624.0,2362368,0,28,0.2175,counter,"[1, 197, 768]","[1, 197, 3072]",1316.53,0.0,2.309,cuda_event,cuda
24,encoder.layers.encoder_layer_4.mlp.1,GELU,0.01434,2.308594,4841472.0,0,0,29,0.01434,analytic,"[1, 197, 3072]","[1, 197, 3072]",1316.53,0.0,2.309,cuda_event,cuda
24,encoder.layers.encoder_layer_4.mlp.3,Linear,0.21043,0.577148,929562624.0,2360064,0,30,0.21043,counter,"[1, 197, 3072]","[1, 197, 768]",1316.53,0.0,0.577,cuda_event,cuda
24,encoder.layers.encoder_layer_5.ln_1,LayerNorm,0.00845,0.577148,756480.0,1536,0,31,0.00845,analytic,"[1, 197, 768]","[1, 197, 768]",1316.53,0.0,0.577,cuda_event,cuda
24,encoder.layers.encoder_layer_5.self_attention,MultiheadAttention,0.29082,0.577148,1048783872.0,2362368,0,32,0.29082,counter,"[1, 197, 768]","[1, 197, 768]",1316.53,0.0,0.577,cuda_event,cuda
24,encoder.layers.encoder_layer_5.ln_2,LayerNorm,0.00819,0.577148,756480.0,1536,0,33,0.00819,analytic,"[1, 197, 768]","[1, 197, 768]",1316.53,0.0,0.577,cuda_event,cuda
24,encoder.layers.encoder_layer_5.mlp.0,Linear,0.2232,2.308594,929562624.0,2362368,0,34,0.2232,counter,"[1, 197, 768]","[1, 197, 3072]",1316.53,0.0,2.309,cuda_event,cuda
24,encoder.layers.encoder_layer_5.mlp.1,GELU,0.01347,2.308594,4841472.0,0,0,35,0.01347,analytic,"[1, 197, 3072]","[1, 197, 3072]",1316.53,0.0,2.309,cuda_event,cuda
24,encoder.layers.encoder_layer_5.mlp.3,Linear,0.21027,0.577148,929562624.0,2360064,0,36,0.21027,counter,"[1, 197, 3072]","[1, 197, 768]",1316.53,0.0,0.577,cuda_event,cuda
24,encoder.layers.encoder_layer_6.ln_1,LayerNorm,0.00858,0.577148,756480.0,1536,0,37,0.00858,analytic,"[1, 197, 768]","[1, 197, 768]",1316.53,0.0,0.577,cuda_event,cuda
24,encoder.layers.encoder_layer_6.self_attention,MultiheadAttention,0.28874,0.577148,1048783872.0,2362368,0,38,0.28874,counter,"[1, 197, 768]","[1, 197, 768]",1316.53,0.0,0.577,cuda_event,cuda
24,encoder.layers.encoder_layer_6.ln_2,LayerNorm,0.00877,0.577148,756480.0,1536,0,39,0.00877,analytic,"[1, 197, 768]","[1, 197, 768]",1316.53,0.0,0.577,cuda_event,cuda
24,encoder.layers.encoder_layer_6.mlp.0,Linear,0.2191,2.308594,929562624.0,2362368,0,40,0.2191,counter,"[1, 197, 768]","[1, 197, 3072]",1316.53,0.0,2.309,cuda_event,cuda
24,encoder.layers.encoder_layer_6.mlp.1,GELU,0.01408,2.308594,4841472.0,0,0,41,0.01408,analytic,"[1, 197, 3072]","[1, 197, 3072]",1316.53,0.0,2.309,cuda_event,cuda
24,encoder.layers.encoder_layer_6.mlp.3,Linear,0.20736,0.577148,929562624.0,2360064,0,42,0.20736,counter,"[1, 197, 3072]","[1, 197, 768]",1316.53,0.0,0.577,cuda_event,cuda
24,encoder.layers.encoder_layer_7.ln_1,LayerNorm,0.00858,0.577148,756480.0,1536,0,43,0.00858,analytic,"[1, 197, 768]","[1, 197, 768]",1316.53,0.0,0.577,cuda_event,cuda
24,encoder.layers.encoder_layer_7.self_attention,MultiheadAttention,0.28739,0.577148,1048783872.0,2362368,0,44,0.28739,counter,"[1, 197, 768]","[1, 197, 768]",1316.53,0.0,0.577,cuda_event,cuda
24,encoder.layers.encoder_layer_7.ln_2,LayerNorm,0.00874,0.577148,756480.0,1536,0,45,0.00874,analytic,"[1, 197, 768]","[1, 197, 768]",1316.53,0.0,0.577,cuda_event,cuda
24,encoder.layers.encoder_layer_7.mlp.0,Linear,0.2207,2.308594,929562624.0,2362368,0,46,0.2207,counter,"[1, 197, 768]","[1, 197, 3072]",1316.53,0.0,2.309,cuda_event,cuda
24,encoder.layers.encoder_layer_7.mlp.1,GELU,0.01434,2.308594,4841472.0,0,0,47,0.01434,analytic,"[1, 197, 3072]","[1, 197, 3072]",1316.53,0.0,2.309,cuda_event,cuda
24,encoder.layers.encoder_layer_7.mlp.3,Linear,0.20883,0.577148,929562624.0,2360064,0,48,0.20883,counter,"[1, 197, 3072]","[1, 197, 768]",1316.53,0.0,0.577,cuda_event,cuda
24,encoder.layers.encoder_layer_8.ln_1,LayerNorm,0.00819,0.577148,756480.0,1536,0,49,0.00819,analytic,"[1, 197, 768]","[1, 197, 768]",1316.53,0.0,0.577,cuda_event,cuda
24,encoder.layers.encoder_layer_8.self_attention,MultiheadAttention,0.28877,0.577148,1048783872.0,2362368,0,50,0.28877,counter,"[1, 197, 768]","[1, 197, 768]",1316.53,0.0,0.577,cuda_event,cuda
24,encoder.layers.encoder_layer_8.ln_2,LayerNorm,0.00819,0.577148,756480.0,1536,0,51,0.00819,analytic,"[1, 197, 768]","[1, 197, 768]",1316.53,0.0,0.577,cuda_event,cuda
24,encoder.layers.encoder_layer_8.mlp.0,Linear,0.21853,2.308594,929562624.0,2362368,0,52,0.21853,counter,"[1, 197, 768]","[1, 197, 3072]",1316.53,0.0,2.309,cuda_event,cuda
24,encoder.layers.encoder_layer_8.mlp.1,GELU,0.01302,2.308594,4841472.0,0,0,53,0.01302,analytic,"[1, 197, 3072]","[1, 197, 3072]",1316.53,0.0,2.309,cuda_event,cuda
24,encoder.layers.encoder_layer_8.mlp.3,Linear,0.2089,0.577148,929562624.0,2360064,0,54,0.2089,counter,"[1, 197, 3072]","[1, 197, 768]",1316.53,0.0,0.577,cuda_event,cuda
24,encoder.layers.encoder_layer_9.ln_1,LayerNorm,0.0089,0.577148,756480.0,1536,0,55,0.0089,analytic,"[1, 197, 768]","[1, 197, 768]",1316.53,0.0,0.577,cuda_event,cuda
24,encoder.layers.encoder_layer_9.self_attention,MultiheadAttention,0.28883,0.577148,1048783872.0,2362368,0,56,0.28883,counter,"[1, 197, 768]","[1, 197, 768]",1316.53,0.0,0.577,cuda_event,cuda
24,encoder.layers.encoder_layer_9.ln_2,LayerNorm,0.00851,0.577148,756480.0,1536,0,57,0.00851,analytic,"[1, 197, 768]","[1, 197, 768]",1316.53,0.0,0.577,cuda_event,cuda
24,encoder.layers.encoder_layer_9.mlp.0,Linear,0.22112,2.308594,929562624.0,2362368,0,58,0.22112,counter,"[1, 197, 768]","[1, 197, 3072]",1316.53,0.0,2.309,cuda_event,cuda
24,encoder.layers.encoder_layer_9.mlp.1,GELU,0.0143,2.308594,4841472.0,0,0,59,0.0143,analytic,"[1, 197, 3072]","[1, 197, 3072]",1316.53,0.0,2.309,cuda_event,cuda
24,encoder.layers.encoder_layer_9.mlp.3,Linear,0.2097,0.577148,929562624.0,2360064,0,60,0.2097,counter,"[1, 197, 3072]","[1, 197, 768]",1316.53,0.0,0.577,cuda_event,cuda
24,encoder.layers.encoder_layer_10.ln_1,LayerNorm,0.0089,0.577148,756480.0,1536,0,61,0.0089,analytic,"[1, 197, 768]","[1, 197, 768]",1316.53,0.0,0.577,cuda_event,cuda
24,encoder.layers.encoder_layer_10.self_attention,MultiheadAttention,0.28672,0.577148,1048783872.0,2362368,0,62,0.28672,counter,"[1, 197, 768]","[1, 197, 768]",1316.53,0.0,0.577,cuda_event,cuda
24,encoder.layers.encoder_layer_10.ln_2,LayerNorm,0.00864,0.577148,756480.0,1536,0,63,0.00864,analytic,"[1, 197, 768]","[1, 197, 768]",1316.53,0.0,0.577,cuda_event,cuda
24,encoder.layers.encoder_layer_10.mlp.0,Linear,0.21882,2.308594,929562624.0,2362368,0,64,0.21882,counter,"[1, 197, 768]","[1, 197, 3072]",1316.53,0.0,2.309,cuda_event,cuda
24,encoder.layers.encoder_layer_10.mlp.1,GELU,0.01434,2.308594,4841472.0,0,0,65,0.01434,analytic,"[1, 197, 3072]","[1, 197, 3072]",1316.53,0.0,2.309,cuda_event,cuda
24,encoder.layers.encoder_layer_10.mlp.3,Linear,0.20835,0.577148,929562624.0,2360064,0,66,0.20835,counter,"[1, 197, 3072]","[1, 197, 768]",1316.53,0.0,0.577,cuda_event,cuda
24,encoder.layers.encoder_layer_11.ln_1,LayerNorm,0.00819,0.577148,756480.0,1536,0,67,0.00819,analytic,"[1, 197, 768]","[1, 197, 768]",1316.53,0.0,0.577,cuda_event,cuda
24,encoder.layers.encoder_layer_11.self_attention,MultiheadAttention,0.28845,0.577148,1048783872.0,2362368,0,68,0.28845,counter,"[1, 197, 768]","[1, 197, 768]",1316.53,0.0,0.577,cuda_event,cuda
24,encoder.layers.encoder_layer_11.ln_2,LayerNorm,0.00851,0.577148,756480.0,1536,0,69,0.00851,analytic,"[1, 197, 768]","[1, 197, 768]",1316.53,0.0,0.577,cuda_event,cuda
24,encoder.layers.encoder_layer_11.mlp.0,Linear,0.21882,2.308594,929562624.0,2362368,0,70,0.21882,counter,"[1, 197, 768]","[1, 197, 3072]",1316.53,0.0,2.309,cuda_event,cuda
24,encoder.layers.encoder_layer_11.mlp.1,GELU,0.01562,2.308594,4841472.0,0,0,71,0.01562,analytic,"[1, 197, 3072]","[1, 197, 3072]",1316.53,0.0,2.309,cuda_event,cuda
24,encoder.layers.encoder_layer_11.mlp.3,Linear,0.20877,0.577148,929562624.0,2360064,0,72,0.20877,counter,"[1, 197, 3072]","[1, 197, 768]",1316.53,0.0,0.577,cuda_event,cuda
24,encoder.ln,LayerNorm,0.00867,0.577148,756480.0,1536,0,73,0.00867,analytic,"[1, 197, 768]","[1, 197, 768]",1316.53,0.0,0.577,cuda_event,cuda
24,heads.head,Linear,0.01638,0.003815,1536000.0,769000,0,74,0.01638,counter,"[1, 768]","[1, 1000]",1316.53,0.0,0.004,cuda_event,cuda
25,conv_proj,Conv2d,0.16928,0.574219,231211008.0,590592,0,0,0.16928,counter,"[1, 3, 224, 224]","[1, 768, 14, 14]",1316.53,0.0,0.574,cuda_event,cuda
25,encoder.layers.encoder_layer_0.ln_1,LayerNorm,0.00819,0.577148,756480.0,1536,0,1,0.00819,analytic,"[1, 197, 768]","[1, 197, 768]",1316.53,0.0,0.577,cuda_event,cuda
25,encoder.layers.encoder_layer_0.self_attention,MultiheadAttention,0.28819,0.577148,1048783872.0,2362368,0,2,0.28819,counter,"[1, 197, 768]","[1, 197, 768]",1316.53,0.0,0.577,cuda_event,cuda
25,encoder.layers.encoder_layer_0.ln_2,LayerNorm,0.00854,0.577148,756480.0,1536,0,3,0.00854,analytic,"[1, 197, 768]","[1, 197, 768]",1316.53,0.0,0.577,cuda_event,cuda
25,encoder.layers.encoder_layer_0.mlp.0,Linear,0.21763,2.308594,929562624.0,2362368,0,4,0.21763,counter,"[1, 197, 768]","[1, 197, 3072]",1316.53,0.0,2.309,cuda_event,cuda
25,encoder.layers.encoder_layer_0.mlp.1,GELU,0.01434,2.308594,4841472.0,0,0,5,0.01434,analytic,"[1, 197, 3072]","[1, 197, 3072]",1316.53,0.0,2.309,cuda_event,cuda
25,encoder.layers.encoder_layer_0.mlp.3,Linear,0.20893,0.577148,929562624.0,2360064,0,6,0.20893,counter,"[1, 197, 3072]","[1, 197, 768]",1316.53,0.0,0.577,cuda_event,cuda
25,encoder.layers.encoder_layer_1.ln_1,LayerNorm,0.0088,0.577148,756480.0,1536,0,7,0.0088,analytic,"[1, 197, 768]","[1, 197, 768]",1316.53,0.0,0.577,cuda_event,cuda
25,encoder.layers.encoder_layer_1.self_attention,MultiheadAttention,0.28682,0.577148,1048783872.0,2362368,0,8,0.28682,counter,"[1, 197, 768]","[1, 197, 768]",1316.53,0.0,0.577,cuda_event,cuda
25,encoder.layers.encoder_layer_1.ln_2,LayerNorm,0.00848,0.577148,756480.0,1536,0,9,0.00848,analytic,"[1, 197, 768]","[1, 197, 768]",1316.53,0.0,0.577,cuda_event,cuda
25,encoder.layers.encoder_layer_1.mlp.0,Linear,0.21914,2.308594,929562624.0,2362368,0,10,0.21914,counter,"[1, 197, 768]","[1, 197, 3072]",1316.53,0.0,2.309,cuda_event,cuda
25,encoder.layers.encoder_layer_1.mlp.1,GELU,0.01434,2.308594,4841472.0,0,0,11,0.01434,analytic,"[1, 197, 3072]","[1, 197, 3072]",1316.53,0.0,2.309,cuda_event,cuda
25,encoder.layers.encoder_layer_1.mlp.3,Linear,0.2089,0.577148,929562624.0,2360064,0,12,0.2089,counter,"[1, 197, 3072]","[1, 197, 768]",1316.53,0.0,0.577,cuda_event,cuda
25,encoder.layers.encoder_layer_2.ln_1,LayerNorm,0.00886,0.577148,756480.0,1536,0,13,0.00886,analytic,"[1, 197, 768]","[1, 197, 768]",1316.53,0.0,0.577,cuda_event,cuda
25,encoder.layers.encoder_layer_2.self_attention,MultiheadAttention,0.2888,0.577148,1048783872.0,2362368,0,14,0.2888,counter,"[1, 197, 768]","[1, 197, 768]",1316.53,0.0,0.577,cuda_event,cuda
25,encoder.layers.encoder_layer_2.ln_2,LayerNorm,0.00832,0.577148,756480.0,1536,0,15,0.00832,analytic,"[1, 197, 768]","[1, 197, 768]",1316.53,0.0,0.577,cuda_event,cuda
25,encoder.layers.encoder_layer_2.mlp.0,Linear,0.21914,2.308594,929562624.0,2362368,0,16,0.21914,counter,"[1, 197, 768]","[1, 197, 3072]",1316.53,0.0,2.309,cuda_event,cuda
25,encoder.layers.encoder_layer_2.mlp.1,GELU,0.01539,2.308594,4841472.0,0,0,17,0.01539,analytic,"[1, 197, 3072]","[1, 197, 3072]",1316.53,0.0,2.309,cuda_event,cuda
25,encoder.layers.encoder_layer_2.mlp.3,Linear,0.20768,0.577148,929562624.0,2360064,0,18,0.20768,counter,"[1, 197, 3072]","[1, 197, 768]",1316.53,0.0,0.577,cuda_event,cuda
25,encoder.layers.encoder_layer_3.ln_1,LayerNorm,0.00922,0.577148,756480.0,1536,0,19,0.00922,analytic,"[1, 197, 768]","[1, 197, 768]",1316.53,0.0,0.577,cuda_event,cuda
25,encoder.layers.encoder_layer_3.self_attention,MultiheadAttention,0.28938,0.577148,1048783872.0,2362368,0,20,0.28938,counter,"[1, 197, 768]","[1, 197, 768]",1316.53,0.0,0.577,cuda_event,cuda
25,encoder.layers.encoder_layer_3.ln_2,LayerNorm,0.00874,0.577148,756480.0,1536,0,21,0.00874,analytic,"[1, 197, 768]","[1, 197, 768]",1316.53,0.0,0.577,cuda_event,cuda
25,encoder.layers.encoder_layer_3.mlp.0,Linear,0.21965,2.308594,929562624.0,2362368,0,22,0.21965,counter,"[1, 197, 768]","[1, 197, 3072]",1316.53,0.0,2.309,cuda_event,cuda
25,encoder.layers.encoder_layer_3.mlp.1,GELU,0.01453,2.308594,4841472.0,0,0,23,0.01453,analytic,"[1, 197, 3072]","[1, 197, 3072]",1316.53,0.0,2.309,cuda_event,cuda
25,encoder.layers.encoder_layer_3.mlp.3,Linear,0.20742,0.577148,929562624.0,2360064,0,24,0.20742,counter,"[1, 197, 3072]","[1, 197, 768]",1316.53,0.0,0.577,cuda_event,cuda
25,encoder.layers.encoder_layer_4.ln_1,LayerNorm,0.00819,0.577148,756480.0,1536,0,25,0.00819,analytic,"[1, 197, 768]","[1, 197, 768]",1316.53,0.0,0.577,cuda_event,cuda
25,encoder.layers.encoder_layer_4.self_attention,MultiheadAttention,0.2903,0.577148,1048783872.0,2362368,0,26,0.2903,counter,"[1, 197, 768]","[1, 197, 768]",1316.53,0.0,0.577,cuda_event,cuda
25,encoder.layers.encoder_layer_4.ln_2,LayerNorm,0.00944,0.577148,756480.0,1536,0,27,0.00944,analytic,"[1, 197, 768]","[1, 197, 768]",1316.53,0.0,0.577,cuda_event,cuda
25,encoder.layers.encoder_layer_4.mlp.0,Linear,0.2201,2.308594,929562624.0,2362368,0,28,0.2201,counter,"[1, 197, 768]","[1, 197, 3072]",1316.53,0.0,2.309,cuda_event,cuda
25,encoder.layers.encoder_layer_4.mlp.1,GELU,0.01418,2.308594,4841472.0,0,0,29,0.01418,analytic,"[1, 197, 3072]","[1, 197, 3072]",1316.53,0.0,2.309,cuda_event,cuda
25,encoder.layers.encoder_layer_4.mlp.3,Linear,0.20931,0.577148,929562624.0,2360064,0,30,0.20931,counter,"[1, 197, 3072]","[1, 197, 768]",1316.53,0.0,0.577,cuda_event,cuda
25,encoder.layers.encoder_layer_5.ln_1,LayerNorm,0.00954,0.577148,756480.0,1536,0,31,0.00954,analytic,"[1, 197, 768]","[1, 197, 768]",1316.53,0.0,0.577,cuda_event,cuda
25,encoder.layers.encoder_layer_5.self_attention,MultiheadAttention,0.29059,0.577148,1048783872.0,2362368,0,32,0.29059,counter,"[1, 197, 768]","[1, 197, 768]",1316.53,0.0,0.577,cuda_event,cuda
25,encoder.layers.encoder_layer_5.ln_2,LayerNorm,0.00826,0.577148,756480.0,1536,0,33,0.00826,analytic,"[1, 197, 768]","[1, 197, 768]",1316.53,0.0,0.577,cuda_event,cuda
25,encoder.layers.encoder_layer_5.mlp.0,Linear,0.22118,2.308594,929562624.0,2362368,0,34,0.22118,counter,"[1, 197, 768]","[1, 197, 3072]",1316.53,0.0,2.309,cuda_event,cuda
25,encoder.layers.encoder_layer_5.mlp.1,GELU,0.01434,2.308594,4841472.0,0,0,35,0.01434,analytic,"[1, 197, 3072]","[1, 197, 3072]",1316.53,0.0,2.309,cuda_event,cuda
25,encoder.layers.encoder_layer_5.mlp.3,Linear,0.20874,0.577148,929562624.0,2360064,0,36,0.20874,counter,"[1, 197, 3072]","[1, 197, 768]",1316.53,0.0,0.577,cuda_event,cuda
25,encoder.layers.encoder_layer_6.ln_1,LayerNorm,0.00822,0.577148,756480.0,1536,0,37,0.00822,analytic,"[1, 197, 768]","[1, 197, 768]",1316.53,0.0,0.577,cuda_event,cuda
25,encoder.layers.encoder_layer_6.self_attention,MultiheadAttention,0.29046,0.577148,1048783872.0,2362368,0,38,0.29046,counter,"[1, 197, 768]","[1, 197, 768]",1316.53,0.0,0.577,cuda_event,cuda
25,encoder.layers.encoder_layer_6.ln_2,LayerNorm,0.00877,0.577148,756480.0,1536,0,39,0.00877,analytic,"[1, 197, 768]","[1, 197, 768]",1316.53,0.0,0.577,cuda_event,cuda
25,encoder.layers.encoder_layer_6.mlp.0,Linear,0.21914,2.308594,929562624.0,2362368,0,40,0.21914,counter,"[1, 197, 768]","[1, 197, 3072]",1316.53,0.0,2.309,cuda_event,cuda
25,encoder.layers.encoder_layer_6.mlp.1,GELU,0.01434,2.308594,4841472.0,0,0,41,0.01434,analytic,"[1, 197, 3072]","[1, 197, 3072]",1316.53,0.0,2.309,cuda_event,cuda
25,encoder.layers.encoder_layer_6.mlp.3,Linear,0.20637,0.577148,929562624.0,2360064,0,42,0.20637,counter,"[1, 197, 3072]","[1, 197, 768]",1316.53,0.0,0.577,cuda_event,cuda
25,encoder.layers.encoder_layer_7.ln_1,LayerNorm,0.00819,0.577148,756480.0,1536,0,43,0.00819,analytic,"[1, 197, 768]","[1, 197, 768]",1316.53,0.0,0.577,cuda_event,cuda
25,encoder.layers.encoder_layer_7.self_attention,MultiheadAttention,0.29082,0.577148,1048783872.0,2362368,0,44,0.29082,counter,"[1, 197, 768]","[1, 197, 768]",1316.53,0.0,0.577,cuda_event,cuda
25,encoder.layers.encoder_layer_7.ln_2,LayerNorm,0.00838,0.577148,756480.0,1536,0,45,0.00838,analytic,"[1, 197, 768]","[1, 197, 768]",1316.53,0.0,0.577,cuda_event,cuda
25,encoder.layers.encoder_layer_7.mlp.0,Linear,0.22083,2.308594,929562624.0,2362368,0,46,0.22083,counter,"[1, 197, 768]","[1, 197, 3072]",1316.53,0.0,2.309,cuda_event,cuda
25,encoder.layers.encoder_layer_7.mlp.1,GELU,0.01402,2.308594,4841472.0,0,0,47,0.01402,analytic,"[1, 197, 3072]","[1, 197, 3072]",1316.53,0.0,2.309,cuda_event,cuda
25,encoder.layers.encoder_layer_7.mlp.3,Linear,0.2097,0.577148,929562624.0,2360064,0,48,0.2097,counter,"[1, 197, 3072]","[1, 197, 768]",1316.53,0.0,0.577,cuda_event,cuda
25,encoder.layers.encoder_layer_8.ln_1,LayerNorm,0.00819,0.577148,756480.0,1536,0,49,0.00819,analytic,"[1, 197, 768]","[1, 197, 768]",1316.53,0.0,0.577,cuda_event,cuda
25,encoder.layers.encoder_layer_8.self_attention,MultiheadAttention,0.2945,0.577148,1048783872.0,2362368,0,50,0.2945,counter,"[1, 197, 768]","[1, 197, 768]",1316.53,0.0,0.577,cuda_event,cuda
25,encoder.layers.encoder_layer_8.ln_2,LayerNorm,0.00851,0.577148,756480.0,1536,0,51,0.00851,analytic,"[1, 197, 768]","[1, 197, 768]",1316.53,0.0,0.577,cuda_event,cuda
25,encoder.layers.encoder_layer_8.mlp.0,Linear,0.21981,2.308594,929562624.0,2362368,0,52,0.21981,counter,"[1, 197, 768]","[1, 197, 3072]",1316.53,0.0,2.309,cuda_event,cuda
25,encoder.layers.encoder_layer_8.mlp.1,GELU,0.01434,2.308594,4841472.0,0,0,53,0.01434,analytic,"[1, 197, 3072]","[1, 197, 3072]",1316.53,0.0,2.309,cuda_event,cuda
25,encoder.layers.encoder_layer_8.mlp.3,Linear,0.2104,0.577148,929562624.0,2360064,0,54,0.2104,counter,"[1, 197, 3072]","[1, 197, 768]",1316.53,0.0,0.577,cuda_event,cuda
25,encoder.layers.encoder_layer_9.ln_1,LayerNorm,0.00829,0.577148,756480.0,1536,0,55,0.00829,analytic,"[1, 197, 768]","[1, 197, 768]",1316.53,0.0,0.577,cuda_event,cuda
25,encoder.layers.encoder_layer_9.self_attention,MultiheadAttention,0.29267,0.577148,1048783872.0,2362368,0,56,0.29267,counter,"[1, 197, 768]","[1, 197, 768]",1316.53,0.0,0.577,cuda_event,cuda
25,encoder.layers.encoder_layer_9.ln_2,LayerNorm,0.00851,0.577148,756480.0,1536,0,57,0.00851,analytic,"[1, 197, 768]","[1, 197, 768]",1316.53,0.0,0.577,cuda_event,cuda
25,encoder.layers.encoder_layer_9.mlp.0,Linear,0.22118,2.308594,929562624.0,2362368,0,58,0.22118,counter,"[1, 197, 768]","[1, 197, 3072]",1316.53,0.0,2.309,cuda_event,cuda
25,encoder.layers.encoder_layer_9.mlp.1,GELU,0.01555,2.308594,4841472.0,0,0,59,0.01555,analytic,"[1, 197, 3072]","[1, 197, 3072]",1316.53,0.0,2.309,cuda_event,cuda
25,encoder.layers.encoder_layer_9.mlp.3,Linear,0.21104,0.577148,929562624.0,2360064,0,60,0.21104,counter,"[1, 197, 3072]","[1, 197, 768]",1316.53,0.0,0.577,cuda_event,cuda
25,encoder.layers.encoder_layer_10.ln_1,LayerNorm,0.00848,0.577148,756480.0,1536,0,61,0.00848,analytic,"[1, 197, 768]","[1, 197, 768]",1316.53,0.0,0.577,cuda_event,cuda
25,encoder.layers.encoder_layer_10.self_attention,MultiheadAttention,0.29184,0.577148,1048783872.0,2362368,0,62,0.29184,counter,"[1, 197, 768]","[1, 197, 768]",1316.53,0.0,0.577,cuda_event,cuda
25,encoder.layers.encoder_layer_10.ln_2,LayerNorm,0.00938,0.577148,756480.0,1536,0,63,0.00938,analytic,"[1, 197, 768]","[1, 197, 768]",1316.53,0.0,0.577,cuda_event,cuda
25,encoder.layers.encoder_layer_10.mlp.0,Linear,0.22134,2.308594,929562624.0,2362368,0,64,0.22134,counter,"[1, 197, 768]","[1, 197, 3072]",1316.53,0.0,2.309,cuda_event,cuda
25,encoder.layers.encoder_layer_10.mlp.1,GELU,0.01325,2.308594,4841472.0,0,0,65,0.01325,analytic,"[1, 197, 3072]","[1, 197, 3072]",1316.53,0.0,2.309,cuda_event,cuda
25,encoder.layers.encoder_layer_10.mlp.3,Linear,0.2104,0.577148,929562624.0,2360064,0,66,0.2104,counter,"[1, 197, 3072]","[1, 197, 768]",1316.53,0.0,0.577,cuda_event,cuda
25,encoder.layers.encoder_layer_11.ln_1,LayerNorm,0.00822,0.577148,756480.0,1536,0,67,0.00822,analytic,"[1, 197, 768]","[1, 197, 768]",1316.53,0.0,0.577,cuda_event,cuda
25,encoder.layers.encoder_layer_11.self_attention,MultiheadAttention,0.29082,0.577148,1048783872.0,2362368,0,68,0.29082,counter,"[1, 197, 768]","[1, 197, 768]",1316.53,0.0,0.577,cuda_event,cuda
25,encoder.layers.encoder_layer_11.ln_2,LayerNorm,0.00848,0.577148,756480.0,1536,0,69,0.00848,analytic,"[1, 197, 768]","[1, 197, 768]",1316.53,0.0,0.577,cuda_event,cuda
25,encoder.layers.encoder_layer_11.mlp.0,Linear,0.22118,2.308594,929562624.0,2362368,0,70,0.22118,counter,"[1, 197, 768]","[1, 197, 3072]",1316.53,0.0,2.309,cuda_event,cuda
25,encoder.layers.encoder_layer_11.mlp.1,GELU,0.01434,2.308594,4841472.0,0,0,71,0.01434,analytic,"[1, 197, 3072]","[1, 197, 3072]",1316.53,0.0,2.309,cuda_event,cuda
25,encoder.layers.encoder_layer_11.mlp.3,Linear,0.21226,0.577148,929562624.0,2360064,0,72,0.21226,counter,"[1, 197, 3072]","[1, 197, 768]",1316.53,0.0,0.577,cuda_event,cuda
25,encoder.ln,LayerNorm,0.00842,0.577148,756480.0,1536,0,73,0.00842,analytic,"[1, 197, 768]","[1, 197, 768]",1316.53,0.0,0.577,cuda_event,cuda
25,heads.head,Linear,0.01638,0.003815,1536000.0,769000,0,74,0.01638,counter,"[1, 768]","[1, 1000]",1316.53,0.0,0.004,cuda_event,cuda
26,conv_proj,Conv2d,0.17206,0.574219,231211008.0,590592,0,0,0.17206,counter,"[1, 3, 224, 224]","[1, 768, 14, 14]",1316.53,0.0,0.574,cuda_event,cuda
26,encoder.layers.encoder_layer_0.ln_1,LayerNorm,0.00854,0.577148,756480.0,1536,0,1,0.00854,analytic,"[1, 197, 768]","[1, 197, 768]",1316.53,0.0,0.577,cuda_event,cuda
26,encoder.layers.encoder_layer_0.self_attention,MultiheadAttention,0.29264,0.577148,1048783872.0,2362368,0,2,0.29264,counter,"[1, 197, 768]","[1, 197, 768]",1316.53,0.0,0.577,cuda_event,cuda
26,encoder.layers.encoder_layer_0.ln_2,LayerNorm,0.00938,0.577148,756480.0,1536,0,3,0.00938,analytic,"[1, 197, 768]","[1, 197, 768]",1316.53,0.0,0.577,cuda_event,cuda
26,encoder.layers.encoder_layer_0.mlp.0,Linear,0.22013,2.308594,929562624.0,2362368,0,4,0.22013,counter,"[1, 197, 768]","[1, 197, 3072]",1316.53,0.0,2.309,cuda_event,cuda
26,encoder.layers.encoder_layer_0.mlp.1,GELU,0.01434,2.308594,4841472.0,0,0,5,0.01434,analytic,"[1, 197, 3072]","[1, 197, 3072]",1316.53,0.0,2.309,cuda_event,cuda
26,encoder.layers.encoder_layer_0.mlp.3,Linear,0.21094,0.577148,929562624.0,2360064,0,6,0.21094,counter,"[1, 197, 3072]","[1, 197, 768]",1316.53,0.0,0.577,cuda_event,cuda
26,encoder.layers.encoder_layer_1.ln_1,LayerNorm,0.00954,0.577148,756480.0,1536,0,7,0.00954,analytic,"[1, 197, 768]","[1, 197, 768]",1316.53,0.0,0.577,cuda_event,cuda
26,encoder.layers.encoder_layer_1.self_attention,MultiheadAttention,0.2913,0.577148,1048783872.0,2362368,0,8,0.2913,counter,"[1, 197, 768]","[1, 197, 768]",1316.53,0.0,0.577,cuda_event,cuda
26,encoder.layers.encoder_layer_1.ln_2,LayerNorm,0.00874,0.577148,756480.0,1536,0,9,0.00874,analytic,"[1, 197, 768]","[1, 197, 768]",1316.53,0.0,0.577,cuda_event,cuda
26,encoder.layers.encoder_layer_1.mlp.0,Linear,0.22147,2.308594,929562624.0,2362368,0,10,0.22147,counter,"[1, 197, 768]","[1, 197, 3072]",1316.53,0.0,2.309,cuda_event,cuda
26,encoder.layers.encoder_layer_1.mlp.1,GELU,0.01376,2.308594,4841472.0,0,0,11,0.01376,analytic,"[1, 197, 3072]","[1, 197, 3072]",1316.53,0.0,2.309,cuda_event,cuda
26,encoder.layers.encoder_layer_1.mlp.3,Linear,0.21133,0.577148,929562624.0,2360064,0,12,0.21133,counter,"[1, 197, 3072]","[1, 197, 768]",1316.53,0.0,0.577,cuda_event,cuda
26,encoder.layers.encoder_layer_2.ln_1,LayerNorm,0.00819,0.577148,756480.0,1536,0,13,0.00819,analytic,"[1, 197, 768]","[1, 197, 768]",1316.53,0.0,0.577,cuda_event,cuda
26,encoder.layers.encoder_layer_2.self_attention,MultiheadAttention,0.29286,0.577148,1048783872.0,2362368,0,14,0.29286,counter,"[1, 197, 768]","[1, 197, 768]",1316.53,0.0,0.577,cuda_event,cuda
26,encoder.layers.encoder_layer_2.ln_2,LayerNorm,0.00845,0.577148,756480.0,1536,0,15,0.00845,analytic,"[1, 197, 768]","[1, 197, 768]",1316.53,0.0,0.577,cuda_event,cuda
26,encoder.layers.encoder_layer_2.mlp.0,Linear,0.2207,2.308594,929562624.0,2362368,0,16,0.2207,counter,"[1, 197, 768]","[1, 197, 3072]",1316.53,0.0,2.309,cuda_event,cuda
26,encoder.layers.encoder_layer_2.mlp.1,GELU,0.0127,2.308594,4841472.0,0,0,17,0.0127,analytic,"[1, 197, 3072]","[1, 197, 3072]",1316.53,0.0,2.309,cuda_event,cuda
26,encoder.layers.encoder_layer_2.mlp.3,Linear,0.20685,0.577148,929562624.0,2360064,0,18,0.20685,counter,"[1, 197, 3072]","[1, 197, 768]",1316.53,0.0,0.577,cuda_event,cuda
26,encoder.layers.encoder_layer_3.ln_1,LayerNorm,0.00877,0.577148,756480.0,1536,0,19,0.00877,analytic,"[1, 197, 768]","[1, 197, 768]",1316.53,0.0,0.577,cuda_event,cuda
26,encoder.layers.encoder_layer_3.self_attention,MultiheadAttention,0.28989,0.577148,1048783872.0,2362368,0,20,0.28989,counter,"[1, 197, 768]","[1, 197, 768]",1316.53,0.0,0.577,cuda_event,cuda
26,encoder.layers.encoder_layer_3.ln_2,LayerNorm,0.00976,0.577148,756480.0,1536,0,21,0.00976,analytic,"[1, 197, 768]","[1, 197, 768]",1316.53,0.0,0.577,cuda_event,cuda
26,encoder.layers.encoder_layer_3.mlp.0,Linear,0.22176,2.308594,929562624.0,2362368,0,22,0.22176,counter,"[1, 197, 768]","[1, 197, 3072]",1316.53,0.0,2.309,cuda_event,cuda
26,encoder.layers.encoder_layer_3.mlp.1,GELU,0.01398,2.308594,4841472.0,0,0,23,0.01398,analytic,"[1, 197, 3072]","[1, 197, 3072]",1316.53,0.0,2.309,cuda_event,cuda
26,encoder.layers.encoder_layer_3.mlp.3,Linear,0.21091,0.577148,929562624.0,2360064,0,24,0.21091,counter,"[1, 197, 3072]","[1, 197, 768]",1316.53,0.0,0.577,cuda_event,cuda
26,encoder.layers.encoder_layer_4.ln_1,LayerNorm,0.00819,0.577148,756480.0,1536,0,25,0.00819,analytic,"[1, 197, 768]","[1, 197, 768]",1316.53,0.0,0.577,cuda_event,cuda
26,encoder.layers.encoder_layer_4.self_attention,MultiheadAttention,0.29286,0.577148,1048783872.0,2362368,0,26,0.29286,counter,"[1, 197, 768]","[1, 197, 768]",1316.53,0.0,0.577,cuda_event,cuda
26,encoder.layers.encoder_layer_4.ln_2,LayerNorm,0.00864,0.577148,756480.0,1536,0,27,0.00864,analytic,"[1, 197, 768]","[1, 197, 768]",1316.53,0.0,0.577,cuda_event,cuda
26,encoder.layers.encoder_layer_4.mlp.0,Linear,0.21914,2.308594,929562624.0,2362368,0,28,0.21914,counter,"[1, 197, 768]","[1, 197, 3072]",1316.53,0.0,2.309,cuda_event,cuda
26,encoder.layers.encoder_layer_4.mlp.1,GELU,0.01366,2.308594,4841472.0,0,0,29,0.01366,analytic,"[1, 197, 3072]","[1, 197, 3072]",1316.53,0.0,2.309,cuda_event,cuda
26,encoder.layers.encoder_layer_4.mlp.3,Linear,0.20762,0.577148,929562624.0,2360064,0,30,0.20762,counter,"[1, 197, 3072]","[1, 197, 768]",1316.53,0.0,0.577,cuda_event,cuda
26,encoder.layers.encoder_layer_5.ln_1,LayerNorm,0.00819,0.577148,756480.0,1536,0,31,0.00819,analytic,"[1, 197, 768]","[1, 197, 768]",1316.53,0.0,0.577,cuda_event,cuda
26,encoder.layers.encoder_layer_5.self_attention,MultiheadAttention,0.29286,0.577148,1048783872.0,2362368,0,32,0.29286,counter,"[1, 197, 768]","[1, 197, 768]",1316.53,0.0,0.577,cuda_event,cuda
26,encoder.layers.encoder_layer_5.ln_2,LayerNorm,0.00819,0.577148,756480.0,1536,0,33,0.00819,analytic,"[1, 197, 768]","[1, 197, 768]",1316.53,0.0,0.577,cuda_event,cuda
26,encoder.layers.encoder_layer_5.mlp.0,Linear,0.22118,2.308594,929562624.0,2362368,0,34,0.22118,counter,"[1, 197, 768]","[1, 197, 3072]",1316.53,0.0,2.309,cuda_event,cuda
26,encoder.layers.encoder_layer_5.mlp.1,GELU,0.01334,2.308594,4841472.0,0,0,35,0.01334,analytic,"[1, 197, 3072]","[1, 197, 3072]",1316.53,0.0,2.309,cuda_event,cuda
26,encoder.layers.encoder_layer_5.mlp.3,Linear,0.21046,0.577148,929562624.0,2360064,0,36,0.21046,counter,"[1, 197, 3072]","[1, 197, 768]",1316.53,0.0,0.577,cuda_event,cuda
26,encoder.layers.encoder_layer_6.ln_1,LayerNorm,0.00826,0.577148,756480.0,1536,0,37,0.00826,analytic,"[1, 197, 768]","[1, 197, 768]",1316.53,0.0,0.577,cuda_event,cuda
26,encoder.layers.encoder_layer_6.self_attention,MultiheadAttention,0.29082,0.577148,1048783872.0,2362368,0,38,0.29082,counter,"[1, 197, 768]","[1, 197, 768]",1316.53,0.0,0.577,cuda_event,cuda
26,encoder.layers.encoder_layer_6.ln_2,LayerNorm,0.00819,0.577148,756480.0,1536,0,39,0.00819,analytic,"[1, 197, 768]","[1, 197, 768]",1316.53,0.0,0.577,cuda_event,cuda
26,encoder.layers.encoder_layer_6.mlp.0,Linear,0.22026,2.308594,929562624.0,2362368,0,40,0.22026,counter,"[1, 197, 768]","[1, 197, 3072]",1316.53,0.0,2.309,cuda_event,cuda
26,encoder.layers.encoder_layer_6.mlp.1,GELU,0.01434,2.308594,4841472.0,0,0,41,0.01434,analytic,"[1, 197, 3072]","[1, 197, 3072]",1316.53,0.0,2.309,cuda_event,cuda
26,encoder.layers.encoder_layer_6.mlp.3,Linear,0.21094,0.577148,929562624.0,2360064,0,42,0.21094,counter,"[1, 197, 3072]","[1, 197, 768]",1316.53,0.0,0.577,cuda_event,cuda
26,encoder.layers.encoder_layer_7.ln_1,LayerNorm,0.00966,0.577148,756480.0,1536,0,43,0.00966,analytic,"[1, 197, 768]","[1, 197, 768]",1316.53,0.0,0.577,cuda_event,cuda
26,encoder.layers.encoder_layer_7.self_attention,MultiheadAttention,0.30147,0.577148,1048783872.0,2362368,0,44,0.30147,counter,"[1, 197, 768]","[1, 197, 768]",1316.53,0.0,0.577,cuda_event,cuda
26,encoder.layers.encoder_layer_7.ln_2,LayerNorm,0.00877,0.577148,756480.0,1536,0,45,0.00877,analytic,"[1, 197, 768]","[1, 197, 768]",1316.53,0.0,0.577,cuda_event,cuda
26,encoder.layers.encoder_layer_7.mlp.0,Linear,0.22109,2.308594,929562624.0,2362368,0,46,0.22109,counter,"[1, 197, 768]","[1, 197, 3072]",1316.53,0.0,2.309,cuda_event,cuda
26,encoder.layers.encoder_layer_7.mlp.1,GELU,0.0143,2.308594,4841472.0,0,0,47,0.0143,analytic,"[1, 197, 3072]","[1, 197, 3072]",1316.53,0.0,2.309,cuda_event,cuda
26,encoder.layers.encoder_layer_7.mlp.3,Linear,0.20896,0.577148,929562624.0,2360064,0,48,0.20896,counter,"[1, 197, 3072]","[1, 197, 768]",1316.53,0.0,0.577,cuda_event,cuda
26,encoder.layers.encoder_layer_8.ln_1,LayerNorm,0.00819,0.577148,756480.0,1536,0,49,0.00819,analytic,"[1, 197, 768]","[1, 197, 768]",1316.53,0.0,0.577,cuda_event,cuda
26,encoder.layers.encoder_layer_8.self_attention,MultiheadAttention,0.29491,0.577148,1048783872.0,2362368,0,50,0.29491,counter,"[1, 197, 768]","[1, 197, 768]",1316.53,0.0,0.577,cuda_event,cuda
26,encoder.layers.encoder_layer_8.ln_2,LayerNorm,0.00874,0.577148,756480.0,1536,0,51,0.00874,analytic,"[1, 197, 768]","[1, 197, 768]",1316.53,0.0,0.577,cuda_event,cuda
26,encoder.layers.encoder_layer_8.mlp.0,Linear,0.22528,2.308594,929562624.0,2362368,0,52,0.22528,counter,"[1, 197, 768]","[1, 197, 3072]",1316.53,0.0,2.309,cuda_event,cuda
26,encoder.layers.encoder_layer_8.mlp.1,GELU,0.01434,2.308594,4841472.0,0,0,53,0.01434,analytic,"[1, 197, 3072]","[1, 197, 3072]",1316.53,0.0,2.309,cuda_event,cuda
26,encoder.layers.encoder_layer_8.mlp.3,Linear,0.21456,0.577148,929562624.0,2360064,0,54,0.21456,counter,"[1, 197, 3072]","[1, 197, 768]",1316.53,0.0,0.577,cuda_event,cuda
26,encoder.layers.encoder_layer_9.ln_1,LayerNorm,0.00819,0.577148,756480.0,1536,0,55,0.00819,analytic,"[1, 197, 768]","[1, 197, 768]",1316.53,0.0,0.577,cuda_event,cuda
26,encoder.layers.encoder_layer_9.self_attention,MultiheadAttention,0.30208,0.577148,1048783872.0,2362368,0,56,0.30208,counter,"[1, 197, 768]","[1, 197, 768]",1316.53,0.0,0.577,cuda_event,cuda
26,encoder.layers.encoder_layer_9.ln_2,LayerNorm,0.00934,0.577148,756480.0,1536,0,57,0.00934,analytic,"[1, 197, 768]","[1, 197, 768]",1316.53,0.0,0.577,cuda_event,cuda
26,encoder.layers.encoder_layer_9.mlp.0,Linear,0.2256,2.308594,929562624.0,2362368,0,58,0.2256,counter,"[1, 197, 768]","[1, 197, 3072]",1316.53,0.0,2.309,cuda_event,cuda
26,encoder.layers.encoder_layer_9.mlp.1,GELU,0.01453,2.308594,4841472.0,0,0,59,0.01453,analytic,"[1, 197, 3072]","[1, 197, 3072]",1316.53,0.0,2.309,cuda_event,cuda
26,encoder.layers.encoder_layer_9.mlp.3,Linear,0.21523,0.577148,929562624.0,2360064,0,60,0.21523,counter,"[1, 197, 3072]","[1, 197, 768]",1316.53,0.0,0.577,cuda_event,cuda
26,encoder.layers.encoder_layer_10.ln_1,LayerNorm,0.00925,0.577148,756480.0,1536,0,61,0.00925,analytic,"[1, 197, 768]","[1, 197, 768]",1316.53,0.0,0.577,cuda_event,cuda
26,encoder.layers.encoder_layer_10.self_attention,MultiheadAttention,0.30074,0.577148,1048783872.0,2362368,0,62,0.30074,counter,"[1, 197, 768]","[1, 197, 768]",1316.53,0.0,0.577,cuda_event,cuda
26,encoder.layers.encoder_layer_10.ln_2,LayerNorm,0.0088,0.577148,756480.0,1536,0,63,0.0088,analytic,"[1, 197, 768]","[1, 197, 768]",1316.53,0.0,0.577,cuda_event,cuda
26,encoder.layers.encoder_layer_10.mlp.0,Linear,0.22483,2.308594,929562624.0,2362368,0,64,0.22483,counter,"[1, 197, 768]","[1, 197, 3072]",1316.53,0.0,2.309,cuda_event,cuda
26,encoder.layers.encoder_layer_10.mlp.1,GELU,0.01386,2.308594,4841472.0,0,0,65,0.01386,analytic,"[1, 197, 3072]","[1, 197, 3072]",1316.53,0.0,2.309,cuda_event,cuda
26,encoder.layers.encoder_layer_10.mlp.3,Linear,0.21389,0.577148,929562624.0,2360064,0,66,0.21389,counter,"[1, 197, 3072]","[1, 197, 768]",1316.53,0.0,0.577,cuda_event,cuda
26,encoder.layers.encoder_layer_11.ln_1,LayerNorm,0.00886,0.577148,756480.0,1536,0,67,0.00886,analytic,"[1, 197, 768]","[1, 197, 768]",1316.53,0.0,0.577,cuda_event,cuda
26,encoder.layers.encoder_layer_11.self_attention,MultiheadAttention,0.30122,0.577148,1048783872.0,2362368,0,68,0.30122,counter,"[1, 197, 768]","[1, 197, 768]",1316.53,0.0,0.577,cuda_event,cuda
26,encoder.layers.encoder_layer_11.ln_2,LayerNorm,0.00886,0.577148,756480.0,1536,0,69,0.00886,analytic,"[1, 197, 768]","[1, 197, 768]",1316.53,0.0,0.577,cuda_event,cuda
26,encoder.layers.encoder_layer_11.mlp.0,Linear,0.22528,2.308594,929562624.0,2362368,0,70,0.22528,counter,"[1, 197, 768]","[1, 197, 3072]",1316.53,0.0,2.309,cuda_event,cuda
26,encoder.layers.encoder_layer_11.mlp.1,GELU,0.01434,2.308594,4841472.0,0,0,71,0.01434,analytic,"[1, 197, 3072]","[1, 197, 3072]",1316.53,0.0,2.309,cuda_event,cuda
26,encoder.layers.encoder_layer_11.mlp.3,Linear,0.21302,0.577148,929562624.0,2360064,0,72,0.21302,counter,"[1, 197, 3072]","[1, 197, 768]",1316.53,0.0,0.577,cuda_event,cuda
26,encoder.ln,LayerNorm,0.0089,0.577148,756480.0,1536,0,73,0.0089,analytic,"[1, 197, 768]","[1, 197, 768]",1316.53,0.0,0.577,cuda_event,cuda
26,heads.head,Linear,0.01683,0.003815,1536000.0,769000,0,74,0.01683,counter,"[1, 768]","[1, 1000]",1316.53,0.0,0.004,cuda_event,cuda
27,conv_proj,Conv2d,0.17818,0.574219,231211008.0,590592,0,0,0.17818,counter,"[1, 3, 224, 224]","[1, 768, 14, 14]",1316.53,0.0,0.574,cuda_event,cuda
27,encoder.layers.encoder_layer_0.ln_1,LayerNorm,0.00858,0.577148,756480.0,1536,0,1,0.00858,analytic,"[1, 197, 768]","[1, 197, 768]",1316.53,0.0,0.577,cuda_event,cuda
27,encoder.layers.encoder_layer_0.self_attention,MultiheadAttention,0.30106,0.577148,1048783872.0,2362368,0,2,0.30106,counter,"[1, 197, 768]","[1, 197, 768]",1316.53,0.0,0.577,cuda_event,cuda
27,encoder.layers.encoder_layer_0.ln_2,LayerNorm,0.00819,0.577148,756480.0,1536,0,3,0.00819,analytic,"[1, 197, 768]","[1, 197, 768]",1316.53,0.0,0.577,cuda_event,cuda
27,encoder.layers.encoder_layer_0.mlp.0,Linear,0.2265,2.308594,929562624.0,2362368,0,4,0.2265,counter,"[1, 197, 768]","[1, 197, 3072]",1316.53,0.0,2.309,cuda_event,cuda
27,encoder.layers.encoder_layer_0.mlp.1,GELU,0.01322,2.308594,4841472.0,0,0,5,0.01322,analytic,"[1, 197, 3072]","[1, 197, 3072]",1316.53,0.0,2.309,cuda_event,cuda
27,encoder.layers.encoder_layer_0.mlp.3,Linear,0.21299,0.577148,929562624.0,2360064,0,6,0.21299,counter,"[1, 197, 3072]","[1, 197, 768]",1316.53,0.0,0.577,cuda_event,cuda
27,encoder.layers.encoder_layer_1.ln_1,LayerNorm,0.00845,0.577148,756480.0,1536,0,7,0.00845,analytic,"[1, 197, 768]","[1, 197, 768]",1316.53,0.0,0.577,cuda_event,cuda
27,encoder.layers.encoder_layer_1.self_attention,MultiheadAttention,0.30106,0.577148,1048783872.0,2362368,0,8,0.30106,counter,"[1, 197, 768]","[1, 197, 768]",1316.53,0.0,0.577,cuda_event,cuda
27,encoder.layers.encoder_layer_1.ln_2,LayerNorm,0.00835,0.577148,756480.0,1536,0,9,0.00835,analytic,"[1, 197, 768]","[1, 197, 768]",1316.53,0.0,0.577,cuda_event,cuda
27,encoder.layers.encoder_layer_1.mlp.0,Linear,0.22528,2.308594,929562624.0,2362368,0,10,0.22528,counter,"[1, 197, 768]","[1, 197, 3072]",1316.53,0.0,2.309,cuda_event,cuda
27,encoder.layers.encoder_layer_1.mlp.1,GELU,0.01434,2.308594,4841472.0,0,0,11,0.01434,analytic,"[1, 197, 3072]","[1, 197, 3072]",1316.53,0.0,2.309,cuda_event,cuda
27,encoder.layers.encoder_layer_1.mlp.3,Linear,0.21299,0.577148,929562624.0,2360064,0,12,0.21299,counter,"[1, 197, 3072]","[1, 197, 768]",1316.53,0.0,0.577,cuda_event,cuda
27,encoder.layers.encoder_layer_2.ln_1,LayerNorm,0.00989,0.577148,756480.0,1536,0,13,0.00989,analytic,"[1, 197, 768]","[1, 197, 768]",1316.53,0.0,0.577,cuda_event,cuda
27,encoder.layers.encoder_layer_2.self_attention,MultiheadAttention,0.3015,0.577148,1048783872.0,2362368,0,14,0.3015,counter,"[1, 197, 768]","[1, 197, 768]",1316.53,0.0,0.577,cuda_event,cuda
27,encoder.layers.encoder_layer_2.ln_2,LayerNorm,0.00877,0.577148,756480.0,1536,0,15,0.00877,analytic,"[1, 197, 768]","[1, 197, 768]",1316.53,0.0,0.577,cuda_event,cuda
27,encoder.layers.encoder_layer_2.mlp.0,Linear,0.2255,2.308594,929562624.0,2362368,0,16,0.2255,counter,"[1, 197, 768]","[1, 197, 3072]",1316.53,0.0,2.309,cuda_event,cuda
27,encoder.layers.encoder_layer_2.mlp.1,GELU,0.01411,2.308594,4841472.0,0,0,17,0.01411,analytic,"[1, 197, 3072]","[1, 197, 3072]",1316.53,0.0,2.309,cuda_event,cuda
27,encoder.layers.encoder_layer_2.mlp.3,Linear,0.21341,0.577148,929562624.0,2360064,0,18,0.21341,counter,"[1, 197, 3072]","[1, 197, 768]",1316.53,0.0,0.577,cuda_event,cuda
27,encoder.layers.encoder_layer_3.ln_1,LayerNorm,0.00995,0.577148,756480.0,1536,0,19,0.00995,analytic,"[1, 197, 768]","[1, 197, 768]",1316.53,0.0,0.577,cuda_event,cuda
27,encoder.layers.encoder_layer_3.self_attention,MultiheadAttention,0.30054,0.577148,1048783872.0,2362368,0,20,0.30054,counter,"[1, 197, 768]","[1, 197, 768]",1316.53,0.0,0.577,cuda_event,cuda
27,encoder.layers.encoder_layer_3.ln_2,LayerNorm,0.0096,0.577148,756480.0,1536,0,21,0.0096,analytic,"[1, 197, 768]","[1, 197, 768]",1316.53,0.0,0.577,cuda_event,cuda
27,encoder.layers.encoder_layer_3.mlp.0,Linear,0.22589,2.308594,929562624.0,2362368,0,22,0.22589,counter,"[1, 197, 768]","[1, 197, 3072]",1316.53,0.0,2.309,cuda_event,cuda
27,encoder.layers.encoder_layer_3.mlp.1,GELU,0.01363,2.308594,4841472.0,0,0,23,0.01363,analytic,"[1, 197, 3072]","[1, 197, 3072]",1316.53,0.0,2.309,cuda_event,cuda
27,encoder.layers.encoder_layer_3.mlp.3,Linear,0.21197,0.577148,929562624.0,2360064,0,24,0.21197,counter,"[1, 197, 3072]","[1, 197, 768]",1316.53,0.0,0.577,cuda_event,cuda
27,encoder.layers.encoder_layer_4.ln_1,LayerNorm,0.00998,0.577148,756480.0,1536,0,25,0.00998,analytic,"[1, 197, 768]","[1, 197, 768]",1316.53,0.0,0.577,cuda_event,cuda
27,encoder.layers.encoder_layer_4.self_attention,MultiheadAttention,0.30141,0.577148,1048783872.0,2362368,0,26,0.30141,counter,"[1, 197, 768]","[1, 197, 768]",1316.53,0.0,0.577,cuda_event,cuda
27,encoder.layers.encoder_layer_4.ln_2,LayerNorm,0.00848,0.577148,756480.0,1536,0,27,0.00848,analytic,"[1, 197, 768]","[1, 197, 768]",1316.53,0.0,0.577,cuda_event,cuda
27,encoder.layers.encoder_layer_4.mlp.0,Linear,0.22506,2.308594,929562624.0,2362368,0,28,0.22506,counter,"[1, 197, 768]","[1, 197, 3072]",1316.53,0.0,2.309,cuda_event,cuda
27,encoder.layers.encoder_layer_4.mlp.1,GELU,0.01398,2.308594,4841472.0,0,0,29,0.01398,analytic,"[1, 197, 3072]","[1, 197, 3072]",1316.53,0.0,2.309,cuda_event,cuda
27,encoder.layers.encoder_layer_4.mlp.3,Linear,0.21357,0.577148,929562624.0,2360064,0,30,0.21357,counter,"[1, 197, 3072]","[1, 197, 768]",1316.53,0.0,0.577,cuda_event,cuda
27,encoder.layers.encoder_layer_5.ln_1,LayerNorm,0.00938,0.577148,756480.0,1536,0,31,0.00938,analytic,"[1, 197, 768]","[1, 197, 768]",1316.53,0.0,0.577,cuda_event,cuda
27,encoder.layers.encoder_layer_5.self_attention,MultiheadAttention,0.3,0.577148,1048783872.0,2362368,0,32,0.3,counter,"[1, 197, 768]","[1, 197, 768]",1316.53,0.0,0.577,cuda_event,cuda
27,encoder.layers.encoder_layer_5.ln_2,LayerNorm,0.00819,0.577148,756480.0,1536,0,33,0.00819,analytic,"[1, 197, 768]","[1, 197, 768]",1316.53,0.0,0.577,cuda_event,cuda
27,encoder.layers.encoder_layer_5.mlp.0,Linear,0.22733,2.308594,929562624.0,2362368,0,34,0.22733,counter,"[1, 197, 768]","[1, 197, 3072]",1316.53,0.0,2.309,cuda_event,cuda
27,encoder.layers.encoder_layer_5.mlp.1,GELU,0.01434,2.308594,4841472.0,0,0,35,0.01434,analytic,"[1, 197, 3072]","[1, 197, 3072]",1316.53,0.0,2.309,cuda_event,cuda
27,encoder.layers.encoder_layer_5.mlp.3,Linear,0.21299,0.577148,929562624.0,2360064,0,36,0.21299,counter,"[1, 197, 3072]","[1, 197, 768]",1316.53,0.0,0.577,cuda_event,cuda
27,encoder.layers.encoder_layer_6.ln_1,LayerNorm,0.00998,0.577148,756480.0,1536,0,37,0.00998,analytic,"[1, 197, 768]","[1, 197, 768]",1316.53,0.0,0.577,cuda_event,cuda
27,encoder.layers.encoder_layer_6.self_attention,MultiheadAttention,0.30026,0.577148,1048783872.0,2362368,0,38,0.30026,counter,"[1, 197, 768]","[1, 197, 768]",1316.53,0.0,0.577,cuda_event,cuda
27,encoder.layers.encoder_layer_6.ln_2,LayerNorm,0.00986,0.577148,756480.0,1536,0,39,0.00986,analytic,"[1, 197, 768]","[1, 197, 768]",1316.53,0.0,0.577,cuda_event,cuda
27,encoder.layers.encoder_layer_6.mlp.0,Linear,0.22525,2.308594,929562624.0,2362368,0,40,0.22525,counter,"[1, 197, 768]","[1, 197, 3072]",1316.53,0.0,2.309,cuda_event,cuda
27,encoder.layers.encoder_layer_6.mlp.1,GELU,0.01446,2.308594,4841472.0,0,0,41,0.01446,analytic,"[1, 197, 3072]","[1, 197, 3072]",1316.53,0.0,2.309,cuda_event,cuda
27,encoder.layers.encoder_layer_6.mlp.3,Linear,0.21309,0.577148,929562624.0,2360064,0,42,0.21309,counter,"[1, 197, 3072]","[1, 197, 768]",1316.53,0.0,0.577,cuda_event,cuda
27,encoder.layers.encoder_layer_7.ln_1,LayerNorm,0.00842,0.577148,756480.0,1536,0,43,0.00842,analytic,"[1, 197, 768]","[1, 197, 768]",1316.53,0.0,0.577,cuda_event,cuda
27,encoder.layers.encoder_layer_7.self_attention,MultiheadAttention,0.30106,0.577148,1048783872.0,2362368,0,44,0.30106,counter,"[1, 197, 768]","[1, 197, 768]",1316.53,0.0,0.577,cuda_event,cuda
27,encoder.layers.encoder_layer_7.ln_2,LayerNorm,0.00835,0.577148,756480.0,1536,0,45,0.00835,analytic,"[1, 197, 768]","[1, 197, 768]",1316.53,0.0,0.577,cuda_event,cuda
27,encoder.layers.encoder_layer_7.mlp.0,Linear,0.22118,2.308594,929562624.0,2362368,0,46,0.22118,counter,"[1, 197, 768]","[1, 197, 3072]",1316.53,0.0,2.309,cuda_event,cuda
27,encoder.layers.encoder_layer_7.mlp.1,GELU,0.01434,2.308594,4841472.0,0,0,47,0.01434,analytic,"[1, 197, 3072]","[1, 197, 3072]",1316.53,0.0,2.309,cuda_event,cuda
27,encoder.layers.encoder_layer_7.mlp.3,Linear,0.20861,0.577148,929562624.0,2360064,0,48,0.20861,counter,"[1, 197, 3072]","[1, 197, 768]",1316.53,0.0,0.577,cuda_event,cuda
27,encoder.layers.encoder_layer_8.ln_1,LayerNorm,0.00819,0.577148,756480.0,1536,0,49,0.00819,analytic,"[1, 197, 768]","[1, 197, 768]",1316.53,0.0,0.577,cuda_event,cuda
27,encoder.layers.encoder_layer_8.self_attention,MultiheadAttention,0.29082,0.577148,1048783872.0,2362368,0,50,0.29082,counter,"[1, 197, 768]","[1, 197, 768]",1316.53,0.0,0.577,cuda_event,cuda
27,encoder.layers.encoder_layer_8.ln_2,LayerNorm,0.00864,0.577148,756480.0,1536,0,51,0.00864,analytic,"[1, 197, 768]","[1, 197, 768]",1316.53,0.0,0.577,cuda_event,cuda
27,encoder.layers.encoder_layer_8.mlp.0,Linear,0.21891,2.308594,929562624.0,2362368,0,52,0.21891,counter,"[1, 197, 768]","[1, 197, 3072]",1316.53,0.0,2.309,cuda_event,cuda
27,encoder.layers.encoder_layer_8.mlp.1,GELU,0.01382,2.308594,4841472.0,0,0,53,0.01382,analytic,"[1, 197, 3072]","[1, 197, 3072]",1316.53,0.0,2.309,cuda_event,cuda
27,encoder.layers.encoder_layer_8.mlp.3,Linear,0.21072,0.577148,929562624.0,2360064,0,54,0.21072,counter,"[1, 197, 3072]","[1, 197, 768]",1316.53,0.0,0.577,cuda_event,cuda
27,encoder.layers.encoder_layer_9.ln_1,LayerNorm,0.00819,0.577148,756480.0,1536,0,55,0.00819,analytic,"[1, 197, 768]","[1, 197, 768]",1316.53,0.0,0.577,cuda_event,cuda
27,encoder.layers.encoder_layer_9.self_attention,MultiheadAttention,0.28989,0.577148,1048783872.0,2362368,0,56,0.28989,counter,"[1, 197, 768]","[1, 197, 768]",1316.53,0.0,0.577,cuda_event,cuda
27,encoder.layers.encoder_layer_9.ln_2,LayerNorm,0.0095,0.577148,756480.0,1536,0,57,0.0095,analytic,"[1, 197, 768]","[1, 197, 768]",1316.53,0.0,0.577,cuda_event,cuda
27,encoder.layers.encoder_layer_9.mlp.0,Linear,0.22125,2.308594,929562624.0,2362368,0,58,0.22125,counter,"[1, 197, 768]","[1, 197, 3072]",1316.53,0.0,2.309,cuda_event,cuda
27,encoder.layers.encoder_layer_9.mlp.1,GELU,0.01322,2.308594,4841472.0,0,0,59,0.01322,analytic,"[1, 197, 3072]","[1, 197, 3072]",1316.53,0.0,2.309,cuda_event,cuda
27,encoder.layers.encoder_layer_9.mlp.3,Linear,0.2087,0.577148,929562624.0,2360064,0,60,0.2087,counter,"[1, 197, 3072]","[1, 197, 768]",1316.53,0.0,0.577,cuda_event,cuda
27,encoder.layers.encoder_layer_10.ln_1,LayerNorm,0.00934,0.577148,756480.0,1536,0,61,0.00934,analytic,"[1, 197, 768]","[1, 197, 768]",1316.53,0.0,0.577,cuda_event,cuda
27,encoder.layers.encoder_layer_10.self_attention,MultiheadAttention,0.28774,0.577148,1048783872.0,2362368,0,62,0.28774,counter,"[1, 197, 768]","[1, 197, 768]",1316.53,0.0,0.577,cuda_event,cuda
27,encoder.layers.encoder_layer_10.ln_2,LayerNorm,0.00819,0.577148,756480.0,1536,0,63,0.00819,analytic,"[1, 197, 768]","[1, 197, 768]",1316.53,0.0,0.577,cuda_event,cuda
27,encoder.layers.encoder_layer_10.mlp.0,Linear,0.22035,2.308594,929562624.0,2362368,0,64,0.22035,counter,"[1, 197, 768]","[1, 197, 3072]",1316.53,0.0,2.309,cuda_event,cuda
27,encoder.layers.encoder_layer_10.mlp.1,GELU,0.01443,2.308594,4841472.0,0,0,65,0.01443,analytic,"[1, 197, 3072]","[1, 197, 3072]",1316.53,0.0,2.309,cuda_event,cuda
27,encoder.layers.encoder_layer_10.mlp.3,Linear,0.20986,0.577148,929562624.0,2360064,0,66,0.20986,counter,"[1, 197, 3072]","[1, 197, 768]",1316.53,0.0,0.577,cuda_event,cuda
27,encoder.layers.encoder_layer_11.ln_1,LayerNorm,0.00944,0.577148,756480.0,1536,0,67,0.00944,analytic,"[1, 197, 768]","[1, 197, 768]",1316.53,0.0,0.577,cuda_event,cuda
27,encoder.layers.encoder_layer_11.self_attention,MultiheadAttention,0.2895,0.577148,1048783872.0,2362368,0,68,0.2895,counter,"[1, 197, 768]","[1, 197, 768]",1316.53,0.0,0.577,cuda_event,cuda
27,encoder.layers.encoder_layer_11.ln_2,LayerNorm,0.00819,0.577148,756480.0,1536,0,69,0.00819,analytic,"[1, 197, 768]","[1, 197, 768]",1316.53,0.0,0.577,cuda_event,cuda
27,encoder.layers.encoder_layer_11.mlp.0,Linear,0.22118,2.308594,929562624.0,2362368,0,70,0.22118,counter,"[1, 197, 768]","[1, 197, 3072]",1316.53,0.0,2.309,cuda_event,cuda
27,encoder.layers.encoder_layer_11.mlp.1,GELU,0.01427,2.308594,4841472.0,0,0,71,0.01427,analytic,"[1, 197, 3072]","[1, 197, 3072]",1316.53,0.0,2.309,cuda_event,cuda
27,encoder.layers.encoder_layer_11.mlp.3,Linear,0.20893,0.577148,929562624.0,2360064,0,72,0.20893,counter,"[1, 197, 3072]","[1, 197, 768]",1316.53,0.0,0.577,cuda_event,cuda
27,encoder.ln,LayerNorm,0.0089,0.577148,756480.0,1536,0,73,0.0089,analytic,"[1, 197, 768]","[1, 197, 768]",1316.53,0.0,0.577,cuda_event,cuda
27,heads.head,Linear,0.01683,0.003815,1536000.0,769000,0,74,0.01683,counter,"[1, 768]","[1, 1000]",1316.53,0.0,0.004,cuda_event,cuda
28,conv_proj,Conv2d,0.17165,0.574219,231211008.0,590592,0,0,0.17165,counter,"[1, 3, 224, 224]","[1, 768, 14, 14]",1316.53,0.0,0.574,cuda_event,cuda
28,encoder.layers.encoder_layer_0.ln_1,LayerNorm,0.00928,0.577148,756480.0,1536,0,1,0.00928,analytic,"[1, 197, 768]","[1, 197, 768]",1316.53,0.0,0.577,cuda_event,cuda
28,encoder.layers.encoder_layer_0.self_attention,MultiheadAttention,0.29082,0.577148,1048783872.0,2362368,0,2,0.29082,counter,"[1, 197, 768]","[1, 197, 768]",1316.53,0.0,0.577,cuda_event,cuda
28,encoder.layers.encoder_layer_0.ln_2,LayerNorm,0.00858,0.577148,756480.0,1536,0,3,0.00858,analytic,"[1, 197, 768]","[1, 197, 768]",1316.53,0.0,0.577,cuda_event,cuda
28,encoder.layers.encoder_layer_0.mlp.0,Linear,0.22045,2.308594,929562624.0,2362368,0,4,0.22045,counter,"[1, 197, 768]","[1, 197, 3072]",1316.53,0.0,2.309,cuda_event,cuda
28,encoder.layers.encoder_layer_0.mlp.1,GELU,0.01315,2.308594,4841472.0,0,0,5,0.01315,analytic,"[1, 197, 3072]","[1, 197, 3072]",1316.53,0.0,2.309,cuda_event,cuda
28,encoder.layers.encoder_layer_0.mlp.3,Linear,0.20803,0.577148,929562624.0,2360064,0,6,0.20803,counter,"[1, 197, 3072]","[1, 197, 768]",1316.53,0.0,0.577,cuda_event,cuda
28,encoder.layers.encoder_layer_1.ln_1,LayerNorm,0.00861,0.577148,756480.0,1536,0,7,0.00861,analytic,"[1, 197, 768]","[1, 197, 768]",1316.53,0.0,0.577,cuda_event,cuda
28,encoder.layers.encoder_layer_1.self_attention,MultiheadAttention,0.29222,0.577148,1048783872.0,2362368,0,8,0.29222,counter,"[1, 197, 768]","[1, 197, 768]",1316.53,0.0,0.577,cuda_event,cuda
28,encoder.layers.encoder_layer_1.ln_2,LayerNorm,0.00934,0.577148,756480.0,1536,0,9,0.00934,analytic,"[1, 197, 768]","[1, 197, 768]",1316.53,0.0,0.577,cuda_event,cuda
28,encoder.layers.encoder_layer_1.mlp.0,Linear,0.22102,2.308594,929562624.0,2362368,0,10,0.22102,counter,"[1, 197, 768]","[1, 197, 3072]",1316.53,0.0,2.309,cuda_event,cuda
28,encoder.layers.encoder_layer_1.mlp.1,GELU,0.0144,2.308594,4841472.0,0,0,11,0.0144,analytic,"[1, 197, 3072]","[1, 197, 3072]",1316.53,0.0,2.309,cuda_event,cuda
28,encoder.layers.encoder_layer_1.mlp.3,Linear,0.20717,0.577148,929562624.0,2360064,0,12,0.20717,counter,"[1, 197, 3072]","[1, 197, 768]",1316.53,0.0,0.577,cuda_event,cuda
28,encoder.layers.encoder_layer_2.ln_1,LayerNorm,0.00819,0.577148,756480.0,1536,0,13,0.00819,analytic,"[1, 197, 768]","[1, 197, 768]",1316.53,0.0,0.577,cuda_event,cuda
28,encoder.layers.encoder_layer_2.self_attention,MultiheadAttention,0.29082,0.577148,1048783872.0,2362368,0,14,0.29082,counter,"[1, 197, 768]","[1, 197, 768]",1316.53,0.0,0.577,cuda_event,cuda
28,encoder.layers.encoder_layer_2.ln_2,LayerNorm,0.00842,0.577148,756480.0,1536,0,15,0.00842,analytic,"[1, 197, 768]","[1, 197, 768]",1316.53,0.0,0.577,cuda_event,cuda
28,encoder.layers.encoder_layer_2.mlp.0,Linear,0.21933,2.308594,929562624.0,2362368,0,16,0.21933,counter,"[1, 197, 768]","[1, 197, 3072]",1316.53,0.0,2.309,cuda_event,cuda
28,encoder.layers.encoder_layer_2.mlp.1,GELU,0.0135,2.308594,4841472.0,0,0,17,0.0135,analytic,"[1, 197, 3072]","[1, 197, 3072]",1316.53,0.0,2.309,cuda_event,cuda
28,encoder.layers.encoder_layer_2.mlp.3,Linear,0.20733,0.577148,929562624.0,2360064,0,18,0.20733,counter,"[1, 197, 3072]","[1, 197, 768]",1316.53,0.0,0.577,cuda_event,cuda
28,encoder.layers.encoder_layer_3.ln_1,LayerNorm,0.00934,0.577148,756480.0,1536,0,19,0.00934,analytic,"[1, 197, 768]","[1, 197, 768]",1316.53,0.0,0.577,cuda_event,cuda
28,encoder.layers.encoder_layer_3.self_attention,MultiheadAttention,0.28896,0.577148,1048783872.0,2362368,0,20,0.28896,counter,"[1, 197, 768]","[1, 197, 768]",1316.53,0.0,0.577,cuda_event,cuda
28,encoder.layers.encoder_layer_3.ln_2,LayerNorm,0.0097,0.577148,756480.0,1536,0,21,0.0097,analytic,"[1, 197, 768]","[1, 197, 768]",1316.53,0.0,0.577,cuda_event,cuda
28,encoder.layers.encoder_layer_3.mlp.0,Linear,0.21923,2.308594,929562624.0,2362368,0,22,0.21923,counter,"[1, 197, 768]","[1, 197, 3072]",1316.53,0.0,2.309,cuda_event,cuda
28,encoder.layers.encoder_layer_3.mlp.1,GELU,0.01296,2.308594,4841472.0,0,0,23,0.01296,analytic,"[1, 197, 3072]","[1, 197, 3072]",1316.53,0.0,2.309,cuda_event,cuda
28,encoder.layers.encoder_layer_3.mlp.3,Linear,0.20685,0.577148,929562624.0,2360064,0,24,0.20685,counter,"[1, 197, 3072]","[1, 197, 768]",1316.53,0.0,0.577,cuda_event,cuda
28,encoder.layers.encoder_layer_4.ln_1,LayerNorm,0.00957,0.577148,756480.0,1536,0,25,0.00957,analytic,"[1, 197, 768]","[1, 197, 768]",1316.53,0.0,0.577,cuda_event,cuda
28,encoder.layers.encoder_layer_4.self_attention,MultiheadAttention,0.28877,0.577148,1048783872.0,2362368,0,26,0.28877,counter,"[1, 197, 768]","[1, 197, 768]",1316.53,0.0,0.577,cuda_event,cuda
28,encoder.layers.encoder_layer_4.ln_2,LayerNorm,0.00934,0.577148,756480.0,1536,0,27,0.00934,analytic,"[1, 197, 768]","[1, 197, 768]",1316.53,0.0,0.577,cuda_event,cuda
28,encoder.layers.encoder_layer_4.mlp.0,Linear,0.21923,2.308594,929562624.0,2362368,0,28,0.21923,counter,"[1, 197, 768]","[1, 197, 3072]",1316.53,0.0,2.309,cuda_event,cuda
28,encoder.layers.encoder_layer_4.mlp.1,GELU,0.01312,2.308594,4841472.0,0,0,29,0.01312,analytic,"[1, 197, 3072]","[1, 197, 3072]",1316.53,0.0,2.309,cuda_event,cuda
28,encoder.layers.encoder_layer_4.mlp.3,Linear,0.2089,0.577148,929562624.0,2360064,0,30,0.2089,counter,"[1, 197, 3072]","[1, 197, 768]",1316.53,0.0,0.577,cuda_event,cuda
28,encoder.layers.encoder_layer_5.ln_1,LayerNorm,0.00886,0.577148,756480.0,1536,0,31,0.00886,analytic,"[1, 197, 768]","[1, 197, 768]",1316.53,0.0,0.577,cuda_event,cuda
28,encoder.layers.encoder_layer_5.self_attention,MultiheadAttention,0.28896,0.577148,1048783872.0,2362368,0,32,0.28896,counter,"[1, 197, 768]","[1, 197, 768]",1316.53,0.0,0.577,cuda_event,cuda
28,encoder.layers.encoder_layer_5.ln_2,LayerNorm,0.00858,0.577148,756480.0,1536,0,33,0.00858,analytic,"[1, 197, 768]","[1, 197, 768]",1316.53,0.0,0.577,cuda_event,cuda
28,encoder.layers.encoder_layer_5.mlp.0,Linear,0.21987,2.308594,929562624.0,2362368,0,34,0.21987,counter,"[1, 197, 768]","[1, 197, 3072]",1316.53,0.0,2.309,cuda_event,cuda
28,encoder.layers.encoder_layer_5.mlp.1,GELU,0.01434,2.308594,4841472.0,0,0,35,0.01434,analytic,"[1, 197, 3072]","[1, 197, 3072]",1316.53,0.0,2.309,cuda_event,cuda
28,encoder.layers.encoder_layer_5.mlp.3,Linear,0.20854,0.577148,929562624.0,2360064,0,36,0.20854,counter,"[1, 197, 3072]","[1, 197, 768]",1316.53,0.0,0.577,cuda_event,cuda
28,encoder.layers.encoder_layer_6.ln_1,LayerNorm,0.00819,0.577148,756480.0,1536,0,37,0.00819,analytic,"[1, 197, 768]","[1, 197, 768]",1316.53,0.0,0.577,cuda_event,cuda
28,encoder.layers.encoder_layer_6.self_attention,MultiheadAttention,0.29066,0.577148,1048783872.0,2362368,0,38,0.29066,counter,"[1, 197, 768]","[1, 197, 768]",1316.53,0.0,0.577,cuda_event,cuda
28,encoder.layers.encoder_layer_6.ln_2,LayerNorm,0.00848,0.577148,756480.0,1536,0,39,0.00848,analytic,"[1, 197, 768]","[1, 197, 768]",1316.53,0.0,0.577,cuda_event,cuda
28,encoder.layers.encoder_layer_6.mlp.0,Linear,0.22099,2.308594,929562624.0,2362368,0,40,0.22099,counter,"[1, 197, 768]","[1, 197, 3072]",1316.53,0.0,2.309,cuda_event,cuda
28,encoder.layers.encoder_layer_6.mlp.1,GELU,0.01366,2.308594,4841472.0,0,0,41,0.01366,analytic,"[1, 197, 3072]","[1, 197, 3072]",1316.53,0.0,2.309,cuda_event,cuda
28,encoder.layers.encoder_layer_6.mlp.3,Linear,0.2089,0.577148,929562624.0,2360064,0,42,0.2089,counter,"[1, 197, 3072]","[1, 197, 768]",1316.53,0.0,0.577,cuda_event,cuda
28,encoder.layers.encoder_layer_7.ln_1,LayerNorm,0.00998,0.577148,756480.0,1536,0,43,0.00998,analytic,"[1, 197, 768]","[1, 197, 768]",1316.53,0.0,0.577,cuda_event,cuda
28,encoder.layers.encoder_layer_7.self_attention,MultiheadAttention,0.2904,0.577148,1048783872.0,2362368,0,44,0.2904,counter,"[1, 197, 768]","[1, 197, 768]",1316.53,0.0,0.577,cuda_event,cuda
28,encoder.layers.encoder_layer_7.ln_2,LayerNorm,0.00819,0.577148,756480.0,1536,0,45,0.00819,analytic,"[1, 197, 768]","[1, 197, 768]",1316.53,0.0,0.577,cuda_event,cuda
28,encoder.layers.encoder_layer_7.mlp.0,Linear,0.22022,2.308594,929562624.0,2362368,0,46,0.22022,counter,"[1, 197, 768]","[1, 197, 3072]",1316.53,0.0,2.309,cuda_event,cuda
28,encoder.layers.encoder_layer_7.mlp.1,GELU,0.01434,2.308594,4841472.0,0,0,47,0.01434,analytic,"[1, 197, 3072]","[1, 197, 3072]",1316.53,0.0,2.309,cuda_event,cuda
28,encoder.layers.encoder_layer_7.mlp.3,Linear,0.21094,0.577148,929562624.0,2360064,0,48,0.21094,counter,"[1, 197, 3072]","[1, 197, 768]",1316.53,0.0,0.577,cuda_event,cuda
28,encoder.layers.encoder_layer_8.ln_1,LayerNorm,0.0088,0.577148,756480.0,1536,0,49,0.0088,analytic,"[1, 197, 768]","[1, 197, 768]",1316.53,0.0,0.577,cuda_event,cuda
28,encoder.layers.encoder_layer_8.self_attention,MultiheadAttention,0.28848,0.577148,1048783872.0,2362368,0,50,0.28848,counter,"[1, 197, 768]","[1, 197, 768]",1316.53,0.0,0.577,cuda_event,cuda
28,encoder.layers.encoder_layer_8.ln_2,LayerNorm,0.00963,0.577148,756480.0,1536,0,51,0.00963,analytic,"[1, 197, 768]","[1, 197, 768]",1316.53,0.0,0.577,cuda_event,cuda
28,encoder.layers.encoder_layer_8.mlp.0,Linear,0.22179,2.308594,929562624.0,2362368,0,52,0.22179,counter,"[1, 197, 768]","[1, 197, 3072]",1316.53,0.0,2.309,cuda_event,cuda
28,encoder.layers.encoder_layer_8.mlp.1,GELU,0.01424,2.308594,4841472.0,0,0,53,0.01424,analytic,"[1, 197, 3072]","[1, 197, 3072]",1316.53,0.0,2.309,cuda_event,cuda
28,encoder.layers.encoder_layer_8.mlp.3,Linear,0.21142,0.577148,929562624.0,2360064,0,54,0.21142,counter,"[1, 197, 3072]","[1, 197, 768]",1316.53,0.0,0.577,cuda_event,cuda
28,encoder.layers.encoder_layer_9.ln_1,LayerNorm,0.00954,0.577148,756480.0,1536,0,55,0.00954,analytic,"[1, 197, 768]","[1, 197, 768]",1316.53,0.0,0.577,cuda_event,cuda
28,encoder.layers.encoder_layer_9.self_attention,MultiheadAttention,0.2937,0.577148,1048783872.0,2362368,0,56,0.2937,counter,"[1, 197, 768]","[1, 197, 768]",1316.53,0.0,0.577,cuda_event,cuda
28,encoder.layers.encoder_layer_9.ln_2,LayerNorm,0.00848,0.577148,756480.0,1536,0,57,0.00848,analytic,"[1, 197, 768]","[1, 197, 768]",1316.53,0.0,0.577,cuda_event,cuda
28,encoder.layers.encoder_layer_9.mlp.0,Linear,0.22118,2.308594,929562624.0,2362368,0,58,0.22118,counter,"[1, 197, 768]","[1, 197, 3072]",1316.53,0.0,2.309,cuda_event,cuda
28,encoder.layers.encoder_layer_9.mlp.1,GELU,0.01434,2.308594,4841472.0,0,0,59,0.01434,analytic,"[1, 197, 3072]","[1, 197, 3072]",1316.53,0.0,2.309,cuda_event,cuda
28,encoder.layers.encoder_layer_9.mlp.3,Linear,0.2089,0.577148,929562624.0,2360064,0,60,0.2089,counter,"[1, 197, 3072]","[1, 197, 768]",1316.53,0.0,0.577,cuda_event,cuda
28,encoder.layers.encoder_layer_10.ln_1,LayerNorm,0.00909,0.577148,756480.0,1536,0,61,0.00909,analytic,"[1, 197, 768]","[1, 197, 768]",1316.53,0.0,0.577,cuda_event,cuda
28,encoder.layers.encoder_layer_10.self_attention,MultiheadAttention,0.29296,0.577148,1048783872.0,2362368,0,62,0.29296,counter,"[1, 197, 768]","[1, 197, 768]",1316.53,0.0,0.577,cuda_event,cuda
28,encoder.layers.encoder_layer_10.ln_2,LayerNorm,0.00819,0.577148,756480.0,1536,0,63,0.00819,analytic,"[1, 197, 768]","[1, 197, 768]",1316.53,0.0,0.577,cuda_event,cuda
28,encoder.layers.encoder_layer_10.mlp.0,Linear,0.22115,2.308594,929562624.0,2362368,0,64,0.22115,counter,"[1, 197, 768]","[1, 197, 3072]",1316.53,0.0,2.309,cuda_event,cuda
28,encoder.layers.encoder_layer_10.mlp.1,GELU,0.0137,2.308594,4841472.0,0,0,65,0.0137,analytic,"[1, 197, 3072]","[1, 197, 3072]",1316.53,0.0,2.309,cuda_event,cuda
28,encoder.layers.encoder_layer_10.mlp.3,Linear,0.20938,0.577148,929562624.0,2360064,0,66,0.20938,counter,"[1, 197, 3072]","[1, 197, 768]",1316.53,0.0,0.577,cuda_event,cuda
28,encoder.layers.encoder_layer_11.ln_1,LayerNorm,0.00832,0.577148,756480.0,1536,0,67,0.00832,analytic,"[1, 197, 768]","[1, 197, 768]",1316.53,0.0,0.577,cuda_event,cuda
28,encoder.layers.encoder_layer_11.self_attention,MultiheadAttention,0.29648,0.577148,1048783872.0,2362368,0,68,0.29648,counter,"[1, 197, 768]","[1, 197, 768]",1316.53,0.0,0.577,cuda_event,cuda
28,encoder.layers.encoder_layer_11.ln_2,LayerNorm,0.00963,0.577148,756480.0,1536,0,69,0.00963,analytic,"[1, 197, 768]","[1, 197, 768]",1316.53,0.0,0.577,cuda_event,cuda
28,encoder.layers.encoder_layer_11.mlp.0,Linear,0.22192,2.308594,929562624.0,2362368,0,70,0.22192,counter,"[1, 197, 768]","[1, 197, 3072]",1316.53,0.0,2.309,cuda_event,cuda
28,encoder.layers.encoder_layer_11.mlp.1,GELU,0.01427,2.308594,4841472.0,0,0,71,0.01427,analytic,"[1, 197, 3072]","[1, 197, 3072]",1316.53,0.0,2.309,cuda_event,cuda
28,encoder.layers.encoder_layer_11.mlp.3,Linear,0.20906,0.577148,929562624.0,2360064,0,72,0.20906,counter,"[1, 197, 3072]","[1, 197, 768]",1316.53,0.0,0.577,cuda_event,cuda
28,encoder.ln,LayerNorm,0.00877,0.577148,756480.0,1536,0,73,0.00877,analytic,"[1, 197, 768]","[1, 197, 768]",1316.53,0.0,0.577,cuda_event,cuda
28,heads.head,Linear,0.01651,0.003815,1536000.0,769000,0,74,0.01651,counter,"[1, 768]","[1, 1000]",1316.53,0.0,0.004,cuda_event,cuda
29,conv_proj,Conv2d,0.17318,0.574219,231211008.0,590592,0,0,0.17318,counter,"[1, 3, 224, 224]","[1, 768, 14, 14]",1316.53,0.0,0.574,cuda_event,cuda
29,encoder.layers.encoder_layer_0.ln_1,LayerNorm,0.00822,0.577148,756480.0,1536,0,1,0.00822,analytic,"[1, 197, 768]","[1, 197, 768]",1316.53,0.0,0.577,cuda_event,cuda
29,encoder.layers.encoder_layer_0.self_attention,MultiheadAttention,0.29286,0.577148,1048783872.0,2362368,0,2,0.29286,counter,"[1, 197, 768]","[1, 197, 768]",1316.53,0.0,0.577,cuda_event,cuda
29,encoder.layers.encoder_layer_0.ln_2,LayerNorm,0.00819,0.577148,756480.0,1536,0,3,0.00819,analytic,"[1, 197, 768]","[1, 197, 768]",1316.53,0.0,0.577,cuda_event,cuda
29,encoder.layers.encoder_layer_0.mlp.0,Linear,0.2225,2.308594,929562624.0,2362368,0,4,0.2225,counter,"[1, 197, 768]","[1, 197, 3072]",1316.53,0.0,2.309,cuda_event,cuda
29,encoder.layers.encoder_layer_0.mlp.1,GELU,0.01434,2.308594,4841472.0,0,0,5,0.01434,analytic,"[1, 197, 3072]","[1, 197, 3072]",1316.53,0.0,2.309,cuda_event,cuda
29,encoder.layers.encoder_layer_0.mlp.3,Linear,0.20986,0.577148,929562624.0,2360064,0,6,0.20986,counter,"[1, 197, 3072]","[1, 197, 768]",1316.53,0.0,0.577,cuda_event,cuda
29,encoder.layers.encoder_layer_1.ln_1,LayerNorm,0.00976,0.577148,756480.0,1536,0,7,0.00976,analytic,"[1, 197, 768]","[1, 197, 768]",1316.53,0.0,0.577,cuda_event,cuda
29,encoder.layers.encoder_layer_1.self_attention,MultiheadAttention,0.29344,0.577148,1048783872.0,2362368,0,8,0.29344,counter,"[1, 197, 768]","[1, 197, 768]",1316.53,0.0,0.577,cuda_event,cuda
29,encoder.layers.encoder_layer_1.ln_2,LayerNorm,0.00851,0.577148,756480.0,1536,0,9,0.00851,analytic,"[1, 197, 768]","[1, 197, 768]",1316.53,0.0,0.577,cuda_event,cuda
29,encoder.layers.encoder_layer_1.mlp.0,Linear,0.22118,2.308594,929562624.0,2362368,0,10,0.22118,counter,"[1, 197, 768]","[1, 197, 3072]",1316.53,0.0,2.309,cuda_event,cuda
29,encoder.layers.encoder_layer_1.mlp.1,GELU,0.01434,2.308594,4841472.0,0,0,11,0.01434,analytic,"[1, 197, 3072]","[1, 197, 3072]",1316.53,0.0,2.309,cuda_event,cuda
29,encoder.layers.encoder_layer_1.mlp.3,Linear,0.21094,0.577148,929562624.0,2360064,0,12,0.21094,counter,"[1, 197, 3072]","[1, 197, 768]",1316.53,0.0,0.577,cuda_event,cuda
29,encoder.layers.encoder_layer_2.ln_1,LayerNorm,0.00944,0.577148,756480.0,1536,0,13,0.00944,analytic,"[1, 197, 768]","[1, 197, 768]",1316.53,0.0,0.577,cuda_event,cuda
29,encoder.layers.encoder_layer_2.self_attention,MultiheadAttention,0.29542,0.577148,1048783872.0,2362368,0,14,0.29542,counter,"[1, 197, 768]","[1, 197, 768]",1316.53,0.0,0.577,cuda_event,cuda
29,encoder.layers.encoder_layer_2.ln_2,LayerNorm,0.00941,0.577148,756480.0,1536,0,15,0.00941,analytic,"[1, 197, 768]","[1, 197, 768]",1316.53,0.0,0.577,cuda_event,cuda
29,encoder.layers.encoder_layer_2.mlp.0,Linear,0.22176,2.308594,929562624.0,2362368,0,16,0.22176,counter,"[1, 197, 768]","[1, 197, 3072]",1316.53,0.0,2.309,cuda_event,cuda
29,encoder.layers.encoder_layer_2.mlp.1,GELU,0.01395,2.308594,4841472.0,0,0,17,0.01395,analytic,"[1, 197, 3072]","[1, 197, 3072]",1316.53,0.0,2.309,cuda_event,cuda
29,encoder.layers.encoder_layer_2.mlp.3,Linear,0.2096,0.577148,929562624.0,2360064,0,18,0.2096,counter,"[1, 197, 3072]","[1, 197, 768]",1316.53,0.0,0.577,cuda_event,cuda
29,encoder.layers.encoder_layer_3.ln_1,LayerNorm,0.00941,0.577148,756480.0,1536,0,19,0.00941,analytic,"[1, 197, 768]","[1, 197, 768]",1316.53,0.0,0.577,cuda_event,cuda
29,encoder.layers.encoder_layer_3.self_attention,MultiheadAttention,0.29574,0.577148,1048783872.0,2362368,0,20,0.29574,counter,"[1, 197, 768]","[1, 197, 768]",1316.53,0.0,0.577,cuda_event,cuda
29,encoder.layers.encoder_layer_3.ln_2,LayerNorm,0.00886,0.577148,756480.0,1536,0,21,0.00886,analytic,"[1, 197, 768]","[1, 197, 768]",1316.53,0.0,0.577,cuda_event,cuda
29,encoder.layers.encoder_layer_3.mlp.0,Linear,0.22128,2.308594,929562624.0,2362368,0,22,0.22128,counter,"[1, 197, 768]","[1, 197, 3072]",1316.53,0.0,2.309,cuda_event,cuda
29,encoder.layers.encoder_layer_3.mlp.1,GELU,0.01379,2.308594,4841472.0,0,0,23,0.01379,analytic,"[1, 197, 3072]","[1, 197, 3072]",1316.53,0.0,2.309,cuda_event,cuda
29,encoder.layers.encoder_layer_3.mlp.3,Linear,0.20954,0.577148,929562624.0,2360064,0,24,0.20954,counter,"[1, 197, 3072]","[1, 197, 768]",1316.53,0.0,0.577,cuda_event,cuda
29,encoder.layers.encoder_layer_4.ln_1,LayerNorm,0.00973,0.577148,756480.0,1536,0,25,0.00973,analytic,"[1, 197, 768]","[1, 197, 768]",1316.53,0.0,0.577,cuda_event,cuda
29,encoder.layers.encoder_layer_4.self_attention,MultiheadAttention,0.29347,0.577148,1048783872.0,2362368,0,26,0.29347,counter,"[1, 197, 768]","[1, 197, 768]",1316.53,0.0,0.577,cuda_event,cuda
29,encoder.layers.encoder_layer_4.ln_2,LayerNorm,0.00934,0.577148,756480.0,1536,0,27,0.00934,analytic,"[1, 197, 768]","[1, 197, 768]",1316.53,0.0,0.577,cuda_event,cuda
29,encoder.layers.encoder_layer_4.mlp.0,Linear,0.21971,2.308594,929562624.0,2362368,0,28,0.21971,counter,"[1, 197, 768]","[1, 197, 3072]",1316.53,0.0,2.309,cuda_event,cuda
29,encoder.layers.encoder_layer_4.mlp.1,GELU,0.01453,2.308594,4841472.0,0,0,29,0.01453,analytic,"[1, 197, 3072]","[1, 197, 3072]",1316.53,0.0,2.309,cuda_event,cuda
29,encoder.layers.encoder_layer_4.mlp.3,Linear,0.21098,0.577148,929562624.0,2360064,0,30,0.21098,counter,"[1, 197, 3072]","[1, 197, 768]",1316.53,0.0,0.577,cuda_event,cuda
29,encoder.layers.encoder_layer_5.ln_1,LayerNorm,0.00925,0.577148,756480.0,1536,0,31,0.00925,analytic,"[1, 197, 768]","[1, 197, 768]",1316.53,0.0,0.577,cuda_event,cuda
29,encoder.layers.encoder_layer_5.self_attention,MultiheadAttention,0.29475,0.577148,1048783872.0,2362368,0,32,0.29475,counter,"[1, 197, 768]","[1, 197, 768]",1316.53,0.0,0.577,cuda_event,cuda
29,encoder.layers.encoder_layer_5.ln_2,LayerNorm,0.0087,0.577148,756480.0,1536,0,33,0.0087,analytic,"[1, 197, 768]","[1, 197, 768]",1316.53,0.0,0.577,cuda_event,cuda
29,encoder.layers.encoder_layer_5.mlp.0,Linear,0.22144,2.308594,929562624.0,2362368,0,34,0.22144,counter,"[1, 197, 768]","[1, 197, 3072]",1316.53,0.0,2.309,cuda_event,cuda
29,encoder.layers.encoder_layer_5.mlp.1,GELU,0.01373,2.308594,4841472.0,0,0,35,0.01373,analytic,"[1, 197, 3072]","[1, 197, 3072]",1316.53,0.0,2.309,cuda_event,cuda
29,encoder.layers.encoder_layer_5.mlp.3,Linear,0.20928,0.577148,929562624.0,2360064,0,36,0.20928,counter,"[1, 197, 3072]","[1, 197, 768]",1316.53,0.0,0.577,cuda_event,cuda
29,encoder.layers.encoder_layer_6.ln_1,LayerNorm,0.00819,0.577148,756480.0,1536,0,37,0.00819,analytic,"[1, 197, 768]","[1, 197, 768]",1316.53,0.0,0.577,cuda_event,cuda
29,encoder.layers.encoder_layer_6.self_attention,MultiheadAttention,0.29286,0.577148,1048783872.0,2362368,0,38,0.29286,counter,"[1, 197, 768]","[1, 197, 768]",1316.53,0.0,0.577,cuda_event,cuda
29,encoder.layers.encoder_layer_6.ln_2,LayerNorm,0.00858,0.577148,756480.0,1536,0,39,0.00858,analytic,"[1, 197, 768]","[1, 197, 768]",1316.53,0.0,0.577,cuda_event,cuda
29,encoder.layers.encoder_layer_6.mlp.0,Linear,0.22064,2.308594,929562624.0,2362368,0,40,0.22064,counter,"[1, 197, 768]","[1, 197, 3072]",1316.53,0.0,2.309,cuda_event,cuda
29,encoder.layers.encoder_layer_6.mlp.1,GELU,0.01293,2.308594,4841472.0,0,0,41,0.01293,analytic,"[1, 197, 3072]","[1, 197, 3072]",1316.53,0.0,2.309,cuda_event,cuda
29,encoder.layers.encoder_layer_6.mlp.3,Linear,0.21082,0.577148,929562624.0,2360064,0,42,0.21082,counter,"[1, 197, 3072]","[1, 197, 768]",1316.53,0.0,0.577,cuda_event,cuda
29,encoder.layers.encoder_layer_7.ln_1,LayerNorm,0.00934,0.577148,756480.0,1536,0,43,0.00934,analytic,"[1, 197, 768]","[1, 197, 768]",1316.53,0.0,0.577,cuda_event,cuda
29,encoder.layers.encoder_layer_7.self_attention,MultiheadAttention,0.29389,0.577148,1048783872.0,2362368,0,44,0.29389,counter,"[1, 197, 768]","[1, 197, 768]",1316.53,0.0,0.577,cuda_event,cuda
29,encoder.layers.encoder_layer_7.ln_2,LayerNorm,0.00819,0.577148,756480.0,1536,0,45,0.00819,analytic,"[1, 197, 768]","[1, 197, 768]",1316.53,0.0,0.577,cuda_event,cuda
29,encoder.layers.encoder_layer_7.mlp.0,Linear,0.22118,2.308594,929562624.0,2362368,0,46,0.22118,counter,"[1, 197, 768]","[1, 197, 3072]",1316.53,0.0,2.309,cuda_event,cuda
29,encoder.layers.encoder_layer_7.mlp.1,GELU,0.01434,2.308594,4841472.0,0,0,47,0.01434,analytic,"[1, 197, 3072]","[1, 197, 3072]",1316.53,0.0,2.309,cuda_event,cuda
29,encoder.layers.encoder_layer_7.mlp.3,Linear,0.2087,0.577148,929562624.0,2360064,0,48,0.2087,counter,"[1, 197, 3072]","[1, 197, 768]",1316.53,0.0,0.577,cuda_event,cuda
29,encoder.layers.encoder_layer_8.ln_1,LayerNorm,0.00819,0.577148,756480.0,1536,0,49,0.00819,analytic,"[1, 197, 768]","[1, 197, 768]",1316.53,0.0,0.577,cuda_event,cuda
29,encoder.layers.encoder_layer_8.self_attention,MultiheadAttention,0.2945,0.577148,1048783872.0,2362368,0,50,0.2945,counter,"[1, 197, 768]","[1, 197, 768]",1316.53,0.0,0.577,cuda_event,cuda
29,encoder.layers.encoder_layer_8.ln_2,LayerNorm,0.00954,0.577148,756480.0,1536,0,51,0.00954,analytic,"[1, 197, 768]","[1, 197, 768]",1316.53,0.0,0.577,cuda_event,cuda
29,encoder.layers.encoder_layer_8.mlp.0,Linear,0.21997,2.308594,929562624.0,2362368,0,52,0.21997,counter,"[1, 197, 768]","[1, 197, 3072]",1316.53,0.0,2.309,cuda_event,cuda
29,encoder.layers.encoder_layer_8.mlp.1,GELU,0.01405,2.308594,4841472.0,0,0,53,0.01405,analytic,"[1, 197, 3072]","[1, 197, 3072]",1316.53,0.0,2.309,cuda_event,cuda
29,encoder.layers.encoder_layer_8.mlp.3,Linear,0.2113,0.577148,929562624.0,2360064,0,54,0.2113,counter,"[1, 197, 3072]","[1, 197, 768]",1316.53,0.0,0.577,cuda_event,cuda
29,encoder.layers.encoder_layer_9.ln_1,LayerNorm,0.00925,0.577148,756480.0,1536,0,55,0.00925,analytic,"[1, 197, 768]","[1, 197, 768]",1316.53,0.0,0.577,cuda_event,cuda
29,encoder.layers.encoder_layer_9.self_attention,MultiheadAttention,0.29491,0.577148,1048783872.0,2362368,0,56,0.29491,counter,"[1, 197, 768]","[1, 197, 768]",1316.53,0.0,0.577,cuda_event,cuda
29,encoder.layers.encoder_layer_9.ln_2,LayerNorm,0.00819,0.577148,756480.0,1536,0,57,0.00819,analytic,"[1, 197, 768]","[1, 197, 768]",1316.53,0.0,0.577,cuda_event,cuda
29,encoder.layers.encoder_layer_9.mlp.0,Linear,0.22118,2.308594,929562624.0,2362368,0,58,0.22118,counter,"[1, 197, 768]","[1, 197, 3072]",1316.53,0.0,2.309,cuda_event,cuda
29,encoder.layers.encoder_layer_9.mlp.1,GELU,0.01414,2.308594,4841472.0,0,0,59,0.01414,analytic,"[1, 197, 3072]","[1, 197, 3072]",1316.53,0.0,2.309,cuda_event,cuda
29,encoder.layers.encoder_layer_9.mlp.3,Linear,0.21229,0.577148,929562624.0,2360064,0,60,0.21229,counter,"[1, 197, 3072]","[1, 197, 768]",1316.53,0.0,0.577,cuda_event,cuda
29,encoder.layers.encoder_layer_10.ln_1,LayerNorm,0.00893,0.577148,756480.0,1536,0,61,0.00893,analytic,"[1, 197, 768]","[1, 197, 768]",1316.53,0.0,0.577,cuda_event,cuda
29,encoder.layers.encoder_layer_10.self_attention,MultiheadAttention,0.29286,0.577148,1048783872.0,2362368,0,62,0.29286,counter,"[1, 197, 768]","[1, 197, 768]",1316.53,0.0,0.577,cuda_event,cuda
29,encoder.layers.encoder_layer_10.ln_2,LayerNorm,0.00819,0.577148,756480.0,1536,0,63,0.00819,analytic,"[1, 197, 768]","[1, 197, 768]",1316.53,0.0,0.577,cuda_event,cuda
29,encoder.layers.encoder_layer_10.mlp.0,Linear,0.22109,2.308594,929562624.0,2362368,0,64,0.22109,counter,"[1, 197, 768]","[1, 197, 3072]",1316.53,0.0,2.309,cuda_event,cuda
29,encoder.layers.encoder_layer_10.mlp.1,GELU,0.01382,2.308594,4841472.0,0,0,65,0.01382,analytic,"[1, 197, 3072]","[1, 197, 3072]",1316.53,0.0,2.309,cuda_event,cuda
29,encoder.layers.encoder_layer_10.mlp.3,Linear,0.20973,0.577148,929562624.0,2360064,0,66,0.20973,counter,"[1, 197, 3072]","[1, 197, 768]",1316.53,0.0,0.577,cuda_event,cuda
29,encoder.layers.encoder_layer_11.ln_1,LayerNorm,0.00995,0.577148,756480.0,1536,0,67,0.00995,analytic,"[1, 197, 768]","[1, 197, 768]",1316.53,0.0,0.577,cuda_event,cuda
29,encoder.layers.encoder_layer_11.self_attention,MultiheadAttention,0.29328,0.577148,1048783872.0,2362368,0,68,0.29328,counter,"[1, 197, 768]","[1, 197, 768]",1316.53,0.0,0.577,cuda_event,cuda
29,encoder.layers.encoder_layer_11.ln_2,LayerNorm,0.00826,0.577148,756480.0,1536,0,69,0.00826,analytic,"[1, 197, 768]","[1, 197, 768]",1316.53,0.0,0.577,cuda_event,cuda
29,encoder.layers.encoder_layer_11.mlp.0,Linear,0.2224,2.308594,929562624.0,2362368,0,70,0.2224,counter,"[1, 197, 768]","[1, 197, 3072]",1316.53,0.0,2.309,cuda_event,cuda
29,encoder.layers.encoder_layer_11.mlp.1,GELU,0.01322,2.308594,4841472.0,0,0,71,0.01322,analytic,"[1, 197, 3072]","[1, 197, 3072]",1316.53,0.0,2.309,cuda_event,cuda
29,encoder.layers.encoder_layer_11.mlp.3,Linear,0.2089,0.577148,929562624.0,2360064,0,72,0.2089,counter,"[1, 197, 3072]","[1, 197, 768]",1316.53,0.0,0.577,cuda_event,cuda
29,encoder.ln,LayerNorm,0.0087,0.577148,756480.0,1536,0,73,0.0087,analytic,"[1, 197, 768]","[1, 197, 768]",1316.53,0.0,0.577,cuda_event,cuda
29,heads.head,Linear,0.01677,0.003815,1536000.0,769000,0,74,0.01677,counter,"[1, 768]","[1, 1000]",1316.53,0.0,0.004,cuda_event,cuda
30,conv_proj,Conv2d,0.17408,0.574219,231211008.0,590592,0,0,0.17408,counter,"[1, 3, 224, 224]","[1, 768, 14, 14]",1316.53,0.0,0.574,cuda_event,cuda
30,encoder.layers.encoder_layer_0.ln_1,LayerNorm,0.00966,0.577148,756480.0,1536,0,1,0.00966,analytic,"[1, 197, 768]","[1, 197, 768]",1316.53,0.0,0.577,cuda_event,cuda
30,encoder.layers.encoder_layer_0.self_attention,MultiheadAttention,0.2935,0.577148,1048783872.0,2362368,0,2,0.2935,counter,"[1, 197, 768]","[1, 197, 768]",1316.53,0.0,0.577,cuda_event,cuda
30,encoder.layers.encoder_layer_0.ln_2,LayerNorm,0.0095,0.577148,756480.0,1536,0,3,0.0095,analytic,"[1, 197, 768]","[1, 197, 768]",1316.53,0.0,0.577,cuda_event,cuda
30,encoder.layers.encoder_layer_0.mlp.0,Linear,0.21997,2.308594,929562624.0,2362368,0,4,0.21997,counter,"[1, 197, 768]","[1, 197, 3072]",1316.53,0.0,2.309,cuda_event,cuda
30,encoder.layers.encoder_layer_0.mlp.1,GELU,0.01373,2.308594,4841472.0,0,0,5,0.01373,analytic,"[1, 197, 3072]","[1, 197, 3072]",1316.53,0.0,2.309,cuda_event,cuda
30,encoder.layers.encoder_layer_0.mlp.3,Linear,0.21178,0.577148,929562624.0,2360064,0,6,0.21178,counter,"[1, 197, 3072]","[1, 197, 768]",1316.53,0.0,0.577,cuda_event,cuda
30,encoder.layers.encoder_layer_1.ln_1,LayerNorm,0.00976,0.577148,756480.0,1536,0,7,0.00976,analytic,"[1, 197, 768]","[1, 197, 768]",1316.53,0.0,0.577,cuda_event,cuda
30,encoder.layers.encoder_layer_1.self_attention,MultiheadAttention,0.29299,0.577148,1048783872.0,2362368,0,8,0.29299,counter,"[1, 197, 768]","[1, 197, 768]",1316.53,0.0,0.577,cuda_event,cuda
30,encoder.layers.encoder_layer_1.ln_2,LayerNorm,0.00861,0.577148,756480.0,1536,0,9,0.00861,analytic,"[1, 197, 768]","[1, 197, 768]",1316.53,0.0,0.577,cuda_event,cuda
30,encoder.layers.encoder_layer_1.mlp.0,Linear,0.22118,2.308594,929562624.0,2362368,0,10,0.22118,counter,"[1, 197, 768]","[1, 197, 3072]",1316.53,0.0,2.309,cuda_event,cuda
30,encoder.layers.encoder_layer_1.mlp.1,GELU,0.01434,2.308594,4841472.0,0,0,11,0.01434,analytic,"[1, 197, 3072]","[1, 197, 3072]",1316.53,0.0,2.309,cuda_event,cuda
30,encoder.layers.encoder_layer_1.mlp.3,Linear,0.20845,0.577148,929562624.0,2360064,0,12,0.20845,counter,"[1, 197, 3072]","[1, 197, 768]",1316.53,0.0,0.577,cuda_event,cuda
30,encoder.layers.encoder_layer_2.ln_1,LayerNorm,0.00832,0.577148,756480.0,1536,0,13,0.00832,analytic,"[1, 197, 768]","[1, 197, 768]",1316.53,0.0,0.577,cuda_event,cuda
30,encoder.layers.encoder_layer_2.self_attention,MultiheadAttention,0.29485,0.577148,1048783872.0,2362368,0,14,0.29485,counter,"[1, 197, 768]","[1, 197, 768]",1316.53,0.0,0.577,cuda_event,cuda
30,encoder.layers.encoder_layer_2.ln_2,LayerNorm,0.0088,0.577148,756480.0,1536,0,15,0.0088,analytic,"[1, 197, 768]","[1, 197, 768]",1316.53,0.0,0.577,cuda_event,cuda
30,encoder.layers.encoder_layer_2.mlp.0,Linear,0.22112,2.308594,929562624.0,2362368,0,16,0.22112,counter,"[1, 197, 768]","[1, 197, 3072]",1316.53,0.0,2.309,cuda_event,cuda
30,encoder.layers.encoder_layer_2.mlp.1,GELU,0.0129,2.308594,4841472.0,0,0,17,0.0129,analytic,"[1, 197, 3072]","[1, 197, 3072]",1316.53,0.0,2.309,cuda_event,cuda
30,encoder.layers.encoder_layer_2.mlp.3,Linear,0.20998,0.577148,929562624.0,2360064,0,18,0.20998,counter,"[1, 197, 3072]","[1, 197, 768]",1316.53,0.0,0.577,cuda_event,cuda
30,encoder.layers.encoder_layer_3.ln_1,LayerNorm,0.00851,0.577148,756480.0,1536,0,19,0.00851,analytic,"[1, 197, 768]","[1, 197, 768]",1316.53,0.0,0.577,cuda_event,cuda
30,encoder.layers.encoder_layer_3.self_attention,MultiheadAttention,0.29286,0.577148,1048783872.0,2362368,0,20,0.29286,counter,"[1, 197, 768]","[1, 197, 768]",1316.53,0.0,0.577,cuda_event,cuda
30,encoder.layers.encoder_layer_3.ln_2,LayerNorm,0.00957,0.577148,756480.0,1536,0,21,0.00957,analytic,"[1, 197, 768]","[1, 197, 768]",1316.53,0.0,0.577,cuda_event,cuda
30,encoder.layers.encoder_layer_3.mlp.0,Linear,0.21994,2.308594,929562624.0,2362368,0,22,0.21994,counter,"[1, 197, 768]","[1, 197, 3072]",1316.53,0.0,2.309,cuda_event,cuda
30,encoder.layers.encoder_layer_3.mlp.1,GELU,0.01392,2.308594,4841472.0,0,0,23,0.01392,analytic,"[1, 197, 3072]","[1, 197, 3072]",1316.53,0.0,2.309,cuda_event,cuda
30,encoder.layers.encoder_layer_3.mlp.3,Linear,0.20912,0.577148,929562624.0,2360064,0,24,0.20912,counter,"[1, 197, 3072]","[1, 197, 768]",1316.53,0.0,0.577,cuda_event,cuda
30,encoder.layers.encoder_layer_4.ln_1,LayerNorm,0.00829,0.577148,756480.0,1536,0,25,0.00829,analytic,"[1, 197, 768]","[1, 197, 768]",1316.53,0.0,0.577,cuda_event,cuda
30,encoder.layers.encoder_layer_4.self_attention,MultiheadAttention,0.29491,0.577148,1048783872.0,2362368,0,26,0.29491,counter,"[1, 197, 768]","[1, 197, 768]",1316.53,0.0,0.577,cuda_event,cuda
30,encoder.layers.encoder_layer_4.ln_2,LayerNorm,0.00874,0.577148,756480.0,1536,0,27,0.00874,analytic,"[1, 197, 768]","[1, 197, 768]",1316.53,0.0,0.577,cuda_event,cuda
30,encoder.layers.encoder_layer_4.mlp.0,Linear,0.22275,2.308594,929562624.0,2362368,0,28,0.22275,counter,"[1, 197, 768]","[1, 197, 3072]",1316.53,0.0,2.309,cuda_event,cuda
30,encoder.layers.encoder_layer_4.mlp.1,GELU,0.01494,2.308594,4841472.0,0,0,29,0.01494,analytic,"[1, 197, 3072]","[1, 197, 3072]",1316.53,0.0,2.309,cuda_event,cuda
30,encoder.layers.encoder_layer_4.mlp.3,Linear,0.21094,0.577148,929562624.0,2360064,0,30,0.21094,counter,"[1, 197, 3072]","[1, 197, 768]",1316.53,0.0,0.577,cuda_event,cuda
30,encoder.layers.encoder_layer_5.ln_1,LayerNorm,0.00874,0.577148,756480.0,1536,0,31,0.00874,analytic,"[1, 197, 768]","[1, 197, 768]",1316.53,0.0,0.577,cuda_event,cuda
30,encoder.layers.encoder_layer_5.self_attention,MultiheadAttention,0.29526,0.577148,1048783872.0,2362368,0,32,0.29526,counter,"[1, 197, 768]","[1, 197, 768]",1316.53,0.0,0.577,cuda_event,cuda
30,encoder.layers.encoder_layer_5.ln_2,LayerNorm,0.00858,0.577148,756480.0,1536,0,33,0.00858,analytic,"[1, 197, 768]","[1, 197, 768]",1316.53,0.0,0.577,cuda_event,cuda
30,encoder.layers.encoder_layer_5.mlp.0,Linear,0.22096,2.308594,929562624.0,2362368,0,34,0.22096,counter,"[1, 197, 768]","[1, 197, 3072]",1316.53,0.0,2.309,cuda_event,cuda
30,encoder.layers.encoder_layer_5.mlp.1,GELU,0.0137,2.308594,4841472.0,0,0,35,0.0137,analytic,"[1, 197, 3072]","[1, 197, 3072]",1316.53,0.0,2.309,cuda_event,cuda
30,encoder.layers.encoder_layer_5.mlp.3,Linear,0.2121,0.577148,929562624.0,2360064,0,36,0.2121,counter,"[1, 197, 3072]","[1, 197, 768]",1316.53,0.0,0.577,cuda_event,cuda
30,encoder.layers.encoder_layer_6.ln_1,LayerNorm,0.0087,0.577148,756480.0,1536,0,37,0.0087,analytic,"[1, 197, 768]","[1, 197, 768]",1316.53,0.0,0.577,cuda_event,cuda
30,encoder.layers.encoder_layer_6.self_attention,MultiheadAttention,0.29296,0.577148,1048783872.0,2362368,0,38,0.29296,counter,"[1, 197, 768]","[1, 197, 768]",1316.53,0.0,0.577,cuda_event,cuda
30,encoder.layers.encoder_layer_6.ln_2,LayerNorm,0.00819,0.577148,756480.0,1536,0,39,0.00819,analytic,"[1, 197, 768]","[1, 197, 768]",1316.53,0.0,0.577,cuda_event,cuda
30,encoder.layers.encoder_layer_6.mlp.0,Linear,0.22275,2.308594,929562624.0,2362368,0,40,0.22275,counter,"[1, 197, 768]","[1, 197, 3072]",1316.53,0.0,2.309,cuda_event,cuda
30,encoder.layers.encoder_layer_6.mlp.1,GELU,0.01437,2.308594,4841472.0,0,0,41,0.01437,analytic,"[1, 197, 3072]","[1, 197, 3072]",1316.53,0.0,2.309,cuda_event,cuda
30,encoder.layers.encoder_layer_6.mlp.3,Linear,0.21165,0.577148,929562624.0,2360064,0,42,0.21165,counter,"[1, 197, 3072]","[1, 197, 768]",1316.53,0.0,0.577,cuda_event,cuda
30,encoder.layers.encoder_layer_7.ln_1,LayerNorm,0.00883,0.577148,756480.0,1536,0,43,0.00883,analytic,"[1, 197, 768]","[1, 197, 768]",1316.53,0.0,0.577,cuda_event,cuda
30,encoder.layers.encoder_layer_7.self_attention,MultiheadAttention,0.29283,0.577148,1048783872.0,2362368,0,44,0.29283,counter,"[1, 197, 768]","[1, 197, 768]",1316.53,0.0,0.577,cuda_event,cuda
30,encoder.layers.encoder_layer_7.ln_2,LayerNorm,0.00861,0.577148,756480.0,1536,0,45,0.00861,analytic,"[1, 197, 768]","[1, 197, 768]",1316.53,0.0,0.577,cuda_event,cuda
30,encoder.layers.encoder_layer_7.mlp.0,Linear,0.22314,2.308594,929562624.0,2362368,0,46,0.22314,counter,"[1, 197, 768]","[1, 197, 3072]",1316.53,0.0,2.309,cuda_event,cuda
30,encoder.layers.encoder_layer_7.mlp.1,GELU,0.01514,2.308594,4841472.0,0,0,47,0.01514,analytic,"[1, 197, 3072]","[1, 197, 3072]",1316.53,0.0,2.309,cuda_event,cuda
30,encoder.layers.encoder_layer_7.mlp.3,Linear,0.21104,0.577148,929562624.0,2360064,0,48,0.21104,counter,"[1, 197, 3072]","[1, 197, 768]",1316.53,0.0,0.577,cuda_event,cuda
30,encoder.layers.encoder_layer_8.ln_1,LayerNorm,0.00973,0.577148,756480.0,1536,0,49,0.00973,analytic,"[1, 197, 768]","[1, 197, 768]",1316.53,0.0,0.577,cuda_event,cuda
30,encoder.layers.encoder_layer_8.self_attention,MultiheadAttention,0.29126,0.577148,1048783872.0,2362368,0,50,0.29126,counter,"[1, 197, 768]","[1, 197, 768]",1316.53,0.0,0.577,cuda_event,cuda
30,encoder.layers.encoder_layer_8.ln_2,LayerNorm,0.00819,0.577148,756480.0,1536,0,51,0.00819,analytic,"[1, 197, 768]","[1, 197, 768]",1316.53,0.0,0.577,cuda_event,cuda
30,encoder.layers.encoder_layer_8.mlp.0,Linear,0.22118,2.308594,929562624.0,2362368,0,52,0.22118,counter,"[1, 197, 768]","[1, 197, 3072]",1316.53,0.0,2.309,cuda_event,cuda
30,encoder.layers.encoder_layer_8.mlp.1,GELU,0.01542,2.308594,4841472.0,0,0,53,0.01542,analytic,"[1, 197, 3072]","[1, 197, 3072]",1316.53,0.0,2.309,cuda_event,cuda
30,encoder.layers.encoder_layer_8.mlp.3,Linear,0.21094,0.577148,929562624.0,2360064,0,54,0.21094,counter,"[1, 197, 3072]","[1, 197, 768]",1316.53,0.0,0.577,cuda_event,cuda
30,encoder.layers.encoder_layer_9.ln_1,LayerNorm,0.00944,0.577148,756480.0,1536,0,55,0.00944,analytic,"[1, 197, 768]","[1, 197, 768]",1316.53,0.0,0.577,cuda_event,cuda
30,encoder.layers.encoder_layer_9.self_attention,MultiheadAttention,0.2937,0.577148,1048783872.0,2362368,0,56,0.2937,counter,"[1, 197, 768]","[1, 197, 768]",1316.53,0.0,0.577,cuda_event,cuda
30,encoder.layers.encoder_layer_9.ln_2,LayerNorm,0.00864,0.577148,756480.0,1536,0,57,0.00864,analytic,"[1, 197, 768]","[1, 197, 768]",1316.53,0.0,0.577,cuda_event,cuda
30,encoder.layers.encoder_layer_9.mlp.0,Linear,0.22291,2.308594,929562624.0,2362368,0,58,0.22291,counter,"[1, 197, 768]","[1, 197, 3072]",1316.53,0.0,2.309,cuda_event,cuda
30,encoder.layers.encoder_layer_9.mlp.1,GELU,0.01491,2.308594,4841472.0,0,0,59,0.01491,analytic,"[1, 197, 3072]","[1, 197, 3072]",1316.53,0.0,2.309,cuda_event,cuda
30,encoder.layers.encoder_layer_9.mlp.3,Linear,0.20912,0.577148,929562624.0,2360064,0,60,0.20912,counter,"[1, 197, 3072]","[1, 197, 768]",1316.53,0.0,0.577,cuda_event,cuda
30,encoder.layers.encoder_layer_10.ln_1,LayerNorm,0.00976,0.577148,756480.0,1536,0,61,0.00976,analytic,"[1, 197, 768]","[1, 197, 768]",1316.53,0.0,0.577,cuda_event,cuda
30,encoder.layers.encoder_layer_10.self_attention,MultiheadAttention,0.29459,0.577148,1048783872.0,2362368,0,62,0.29459,counter,"[1, 197, 768]","[1, 197, 768]",1316.53,0.0,0.577,cuda_event,cuda
30,encoder.layers.encoder_layer_10.ln_2,LayerNorm,0.00944,0.577148,756480.0,1536,0,63,0.00944,analytic,"[1, 197, 768]","[1, 197, 768]",1316.53,0.0,0.577,cuda_event,cuda
30,encoder.layers.encoder_layer_10.mlp.0,Linear,0.21997,2.308594,929562624.0,2362368,0,64,0.21997,counter,"[1, 197, 768]","[1, 197, 3072]",1316.53,0.0,2.309,cuda_event,cuda
30,encoder.layers.encoder_layer_10.mlp.1,GELU,0.01421,2.308594,4841472.0,0,0,65,0.01421,analytic,"[1, 197, 3072]","[1, 197, 3072]",1316.53,0.0,2.309,cuda_event,cuda
30,encoder.layers.encoder_layer_10.mlp.3,Linear,0.21027,0.577148,929562624.0,2360064,0,66,0.21027,counter,"[1, 197, 3072]","[1, 197, 768]",1316.53,0.0,0.577,cuda_event,cuda
30,encoder.layers.encoder_layer_11.ln_1,LayerNorm,0.00864,0.577148,756480.0,1536,0,67,0.00864,analytic,"[1, 197, 768]","[1, 197, 768]",1316.53,0.0,0.577,cuda_event,cuda
30,encoder.layers.encoder_layer_11.self_attention,MultiheadAttention,0.29286,0.577148,1048783872.0,2362368,0,68,0.29286,counter,"[1, 197, 768]","[1, 197, 768]",1316.53,0.0,0.577,cuda_event,cuda
30,encoder.layers.encoder_layer_11.ln_2,LayerNorm,0.0087,0.577148,756480.0,1536,0,69,0.0087,analytic,"[1, 197, 768]","[1, 197, 768]",1316.53,0.0,0.577,cuda_event,cuda
30,encoder.layers.encoder_layer_11.mlp.0,Linear,0.22269,2.308594,929562624.0,2362368,0,70,0.22269,counter,"[1, 197, 768]","[1, 197, 3072]",1316.53,0.0,2.309,cuda_event,cuda
30,encoder.layers.encoder_layer_11.mlp.1,GELU,0.01299,2.308594,4841472.0,0,0,71,0.01299,analytic,"[1, 197, 3072]","[1, 197, 3072]",1316.53,0.0,2.309,cuda_event,cuda
30,encoder.layers.encoder_layer_11.mlp.3,Linear,0.21094,0.577148,929562624.0,2360064,0,72,0.21094,counter,"[1, 197, 3072]","[1, 197, 768]",1316.53,0.0,0.577,cuda_event,cuda
30,encoder.ln,LayerNorm,0.00941,0.577148,756480.0,1536,0,73,0.00941,analytic,"[1, 197, 768]","[1, 197, 768]",1316.53,0.0,0.577,cuda_event,cuda
30,heads.head,Linear,0.01686,0.003815,1536000.0,769000,0,74,0.01686,counter,"[1, 768]","[1, 1000]",1316.53,0.0,0.004,cuda_event,cuda
31,conv_proj,Conv2d,0.17398,0.574219,231211008.0,590592,0,0,0.17398,counter,"[1, 3, 224, 224]","[1, 768, 14, 14]",1316.54,0.0,0.574,cuda_event,cuda
31,encoder.layers.encoder_layer_0.ln_1,LayerNorm,0.00944,0.577148,756480.0,1536,0,1,0.00944,analytic,"[1, 197, 768]","[1, 197, 768]",1316.54,0.0,0.577,cuda_event,cuda
31,encoder.layers.encoder_layer_0.self_attention,MultiheadAttention,0.29379,0.577148,1048783872.0,2362368,0,2,0.29379,counter,"[1, 197, 768]","[1, 197, 768]",1316.54,0.0,0.577,cuda_event,cuda
31,encoder.layers.encoder_layer_0.ln_2,LayerNorm,0.00845,0.577148,756480.0,1536,0,3,0.00845,analytic,"[1, 197, 768]","[1, 197, 768]",1316.54,0.0,0.577,cuda_event,cuda
31,encoder.layers.encoder_layer_0.mlp.0,Linear,0.22086,2.308594,929562624.0,2362368,0,4,0.22086,counter,"[1, 197, 768]","[1, 197, 3072]",1316.54,0.0,2.309,cuda_event,cuda
31,encoder.layers.encoder_layer_0.mlp.1,GELU,0.0128,2.308594,4841472.0,0,0,5,0.0128,analytic,"[1, 197, 3072]","[1, 197, 3072]",1316.54,0.0,2.309,cuda_event,cuda
31,encoder.layers.encoder_layer_0.mlp.3,Linear,0.21094,0.577148,929562624.0,2360064,0,6,0.21094,counter,"[1, 197, 3072]","[1, 197, 768]",1316.54,0.0,0.577,cuda_event,cuda
31,encoder.layers.encoder_layer_1.ln_1,LayerNorm,0.00925,0.577148,756480.0,1536,0,7,0.00925,analytic,"[1, 197, 768]","[1, 197, 768]",1316.54,0.0,0.577,cuda_event,cuda
31,encoder.layers.encoder_layer_1.self_attention,MultiheadAttention,0.29283,0.577148,1048783872.0,2362368,0,8,0.29283,counter,"[1, 197, 768]","[1, 197, 768]",1316.54,0.0,0.577,cuda_event,cuda
31,encoder.layers.encoder_layer_1.ln_2,LayerNorm,0.00854,0.577148,756480.0,1536,0,9,0.00854,analytic,"[1, 197, 768]","[1, 197, 768]",1316.54,0.0,0.577,cuda_event,cuda
31,encoder.layers.encoder_layer_1.mlp.0,Linear,0.22246,2.308594,929562624.0,2362368,0,10,0.22246,counter,"[1, 197, 768]","[1, 197, 3072]",1316.54,0.0,2.309,cuda_event,cuda
31,encoder.layers.encoder_layer_1.mlp.1,GELU,0.01459,2.308594,4841472.0,0,0,11,0.01459,analytic,"[1, 197, 3072]","[1, 197, 3072]",1316.54,0.0,2.309,cuda_event,cuda
31,encoder.layers.encoder_layer_1.mlp.3,Linear,0.20758,0.577148,929562624.0,2360064,0,12,0.20758,counter,"[1, 197, 3072]","[1, 197, 768]",1316.54,0.0,0.577,cuda_event,cuda
31,encoder.layers.encoder_layer_2.ln_1,LayerNorm,0.0088,0.577148,756480.0,1536,0,13,0.0088,analytic,"[1, 197, 768]","[1, 197, 768]",1316.54,0.0,0.577,cuda_event,cuda
31,encoder.layers.encoder_layer_2.self_attention,MultiheadAttention,0.29437,0.577148,1048783872.0,2362368,0,14,0.29437,counter,"[1, 197, 768]","[1, 197, 768]",1316.54,0.0,0.577,cuda_event,cuda
31,encoder.layers.encoder_layer_2.ln_2,LayerNorm,0.00819,0.577148,756480.0,1536,0,15,0.00819,analytic,"[1, 197, 768]","[1, 197, 768]",1316.54,0.0,0.577,cuda_event,cuda
31,encoder.layers.encoder_layer_2.mlp.0,Linear,0.22118,2.308594,929562624.0,2362368,0,16,0.22118,counter,"[1, 197, 768]","[1, 197, 3072]",1316.54,0.0,2.309,cuda_event,cuda
31,encoder.layers.encoder_layer_2.mlp.1,GELU,0.01434,2.308594,4841472.0,0,0,17,0.01434,analytic,"[1, 197, 3072]","[1, 197, 3072]",1316.54,0.0,2.309,cuda_event,cuda
31,encoder.layers.encoder_layer_2.mlp.3,Linear,0.2089,0.577148,929562624.0,2360064,0,18,0.2089,counter,"[1, 197, 3072]","[1, 197, 768]",1316.54,0.0,0.577,cuda_event,cuda
31,encoder.layers.encoder_layer_3.ln_1,LayerNorm,0.00957,0.577148,756480.0,1536,0,19,0.00957,analytic,"[1, 197, 768]","[1, 197, 768]",1316.54,0.0,0.577,cuda_event,cuda
31,encoder.layers.encoder_layer_3.self_attention,MultiheadAttention,0.29158,0.577148,1048783872.0,2362368,0,20,0.29158,counter,"[1, 197, 768]","[1, 197, 768]",1316.54,0.0,0.577,cuda_event,cuda
31,encoder.layers.encoder_layer_3.ln_2,LayerNorm,0.00925,0.577148,756480.0,1536,0,21,0.00925,analytic,"[1, 197, 768]","[1, 197, 768]",1316.54,0.0,0.577,cuda_event,cuda
31,encoder.layers.encoder_layer_3.mlp.0,Linear,0.22118,2.308594,929562624.0,2362368,0,22,0.22118,counter,"[1, 197, 768]","[1, 197, 3072]",1316.54,0.0,2.309,cuda_event,cuda
31,encoder.layers.encoder_layer_3.mlp.1,GELU,0.01434,2.308594,4841472.0,0,0,23,0.01434,analytic,"[1, 197, 3072]","[1, 197, 3072]",1316.54,0.0,2.309,cuda_event,cuda
31,encoder.layers.encoder_layer_3.mlp.3,Linear,0.21232,0.577148,929562624.0,2360064,0,24,0.21232,counter,"[1, 197, 3072]","[1, 197, 768]",1316.54,0.0,0.577,cuda_event,cuda
31,encoder.layers.encoder_layer_4.ln_1,LayerNorm,0.00835,0.577148,756480.0,1536,0,25,0.00835,analytic,"[1, 197, 768]","[1, 197, 768]",1316.54,0.0,0.577,cuda_event,cuda
31,encoder.layers.encoder_layer_4.self_attention,MultiheadAttention,0.29459,0.577148,1048783872.0,2362368,0,26,0.29459,counter,"[1, 197, 768]","[1, 197, 768]",1316.54,0.0,0.577,cuda_event,cuda
31,encoder.layers.encoder_layer_4.ln_2,LayerNorm,0.00864,0.577148,756480.0,1536,0,27,0.00864,analytic,"[1, 197, 768]","[1, 197, 768]",1316.54,0.0,0.577,cuda_event,cuda
31,encoder.layers.encoder_layer_4.mlp.0,Linear,0.22122,2.308594,929562624.0,2362368,0,28,0.22122,counter,"[1, 197, 768]","[1, 197, 3072]",1316.54,0.0,2.309,cuda_event,cuda
31,encoder.layers.encoder_layer_4.mlp.1,GELU,0.01434,2.308594,4841472.0,0,0,29,0.01434,analytic,"[1, 197, 3072]","[1, 197, 3072]",1316.54,0.0,2.309,cuda_event,cuda
31,encoder.layers.encoder_layer_4.mlp.3,Linear,0.21094,0.577148,929562624.0,2360064,0,30,0.21094,counter,"[1, 197, 3072]","[1, 197, 768]",1316.54,0.0,0.577,cuda_event,cuda
31,encoder.layers.encoder_layer_5.ln_1,LayerNorm,0.00989,0.577148,756480.0,1536,0,31,0.00989,analytic,"[1, 197, 768]","[1, 197, 768]",1316.54,0.0,0.577,cuda_event,cuda
31,encoder.layers.encoder_layer_5.self_attention,MultiheadAttention,0.29498,0.577148,1048783872.0,2362368,0,32,0.29498,counter,"[1, 197, 768]","[1, 197, 768]",1316.54,0.0,0.577,cuda_event,cuda
31,encoder.layers.encoder_layer_5.ln_2,LayerNorm,0.00867,0.577148,756480.0,1536,0,33,0.00867,analytic,"[1, 197, 768]","[1, 197, 768]",1316.54,0.0,0.577,cuda_event,cuda
31,encoder.layers.encoder_layer_5.mlp.0,Linear,0.2215,2.308594,929562624.0,2362368,0,34,0.2215,counter,"[1, 197, 768]","[1, 197, 3072]",1316.54,0.0,2.309,cuda_event,cuda
31,encoder.layers.encoder_layer_5.mlp.1,GELU,0.01427,2.308594,4841472.0,0,0,35,0.01427,analytic,"[1, 197, 3072]","[1, 197, 3072]",1316.54,0.0,2.309,cuda_event,cuda
31,encoder.layers.encoder_layer_5.mlp.3,Linear,0.20874,0.577148,929562624.0,2360064,0,36,0.20874,counter,"[1, 197, 3072]","[1, 197, 768]",1316.54,0.0,0.577,cuda_event,cuda
31,encoder.layers.encoder_layer_6.ln_1,LayerNorm,0.00835,0.577148,756480.0,1536,0,37,0.00835,analytic,"[1, 197, 768]","[1, 197, 768]",1316.54,0.0,0.577,cuda_event,cuda
31,encoder.layers.encoder_layer_6.self_attention,MultiheadAttention,0.29491,0.577148,1048783872.0,2362368,0,38,0.29491,counter,"[1, 197, 768]","[1, 197, 768]",1316.54,0.0,0.577,cuda_event,cuda
31,encoder.layers.encoder_layer_6.ln_2,LayerNorm,0.00845,0.577148,756480.0,1536,0,39,0.00845,analytic,"[1, 197, 768]","[1, 197, 768]",1316.54,0.0,0.577,cuda_event,cuda
31,encoder.layers.encoder_layer_6.mlp.0,Linear,0.21914,2.308594,929562624.0,2362368,0,40,0.21914,counter,"[1, 197, 768]","[1, 197, 3072]",1316.54,0.0,2.309,cuda_event,cuda
31,encoder.layers.encoder_layer_6.mlp.1,GELU,0.01568,2.308594,4841472.0,0,0,41,0.01568,analytic,"[1, 197, 3072]","[1, 197, 3072]",1316.54,0.0,2.309,cuda_event,cuda
31,encoder.layers.encoder_layer_6.mlp.3,Linear,0.2088,0.577148,929562624.0,2360064,0,42,0.2088,counter,"[1, 197, 3072]","[1, 197, 768]",1316.54,0.0,0.577,cuda_event,cuda
31,encoder.layers.encoder_layer_7.ln_1,LayerNorm,0.00886,0.577148,756480.0,1536,0,43,0.00886,analytic,"[1, 197, 768]","[1, 197, 768]",1316.54,0.0,0.577,cuda_event,cuda
31,encoder.layers.encoder_layer_7.self_attention,MultiheadAttention,0.2919,0.577148,1048783872.0,2362368,0,44,0.2919,counter,"[1, 197, 768]","[1, 197, 768]",1316.54,0.0,0.577,cuda_event,cuda
31,encoder.layers.encoder_layer_7.ln_2,LayerNorm,0.00957,0.577148,756480.0,1536,0,45,0.00957,analytic,"[1, 197, 768]","[1, 197, 768]",1316.54,0.0,0.577,cuda_event,cuda
31,encoder.layers.encoder_layer_7.mlp.0,Linear,0.2231,2.308594,929562624.0,2362368,0,46,0.2231,counter,"[1, 197, 768]","[1, 197, 3072]",1316.54,0.0,2.309,cuda_event,cuda
31,encoder.layers.encoder_layer_7.mlp.1,GELU,0.01331,2.308594,4841472.0,0,0,47,0.01331,analytic,"[1, 197, 3072]","[1, 197, 3072]",1316.54,0.0,2.309,cuda_event,cuda
31,encoder.layers.encoder_layer_7.mlp.3,Linear,0.2089,0.577148,929562624.0,2360064,0,48,0.2089,counter,"[1, 197, 3072]","[1, 197, 768]",1316.54,0.0,0.577,cuda_event,cuda
31,encoder.layers.encoder_layer_8.ln_1,LayerNorm,0.00928,0.577148,756480.0,1536,0,49,0.00928,analytic,"[1, 197, 768]","[1, 197, 768]",1316.54,0.0,0.577,cuda_event,cuda
31,encoder.layers.encoder_layer_8.self_attention,MultiheadAttention,0.29427,0.577148,1048783872.0,2362368,0,50,0.29427,counter,"[1, 197, 768]","[1, 197, 768]",1316.54,0.0,0.577,cuda_event,cuda
31,encoder.layers.encoder_layer_8.ln_2,LayerNorm,0.00858,0.577148,756480.0,1536,0,51,0.00858,analytic,"[1, 197, 768]","[1, 197, 768]",1316.54,0.0,0.577,cuda_event,cuda
31,encoder.layers.encoder_layer_8.mlp.0,Linear,0.22166,2.308594,929562624.0,2362368,0,52,0.22166,counter,"[1, 197, 768]","[1, 197, 3072]",1316.54,0.0,2.309,cuda_event,cuda
31,encoder.layers.encoder_layer_8.mlp.1,GELU,0.01437,2.308594,4841472.0,0,0,53,0.01437,analytic,"[1, 197, 3072]","[1, 197, 3072]",1316.54,0.0,2.309,cuda_event,cuda
31,encoder.layers.encoder_layer_8.mlp.3,Linear,0.21082,0.577148,929562624.0,2360064,0,54,0.21082,counter,"[1, 197, 3072]","[1, 197, 768]",1316.54,0.0,0.577,cuda_event,cuda
31,encoder.layers.encoder_layer_9.ln_1,LayerNorm,0.00819,0.577148,756480.0,1536,0,55,0.00819,analytic,"[1, 197, 768]","[1, 197, 768]",1316.54,0.0,0.577,cuda_event,cuda
31,encoder.layers.encoder_layer_9.self_attention,MultiheadAttention,0.29386,0.577148,1048783872.0,2362368,0,56,0.29386,counter,"[1, 197, 768]","[1, 197, 768]",1316.54,0.0,0.577,cuda_event,cuda
31,encoder.layers.encoder_layer_9.ln_2,LayerNorm,0.00851,0.577148,756480.0,1536,0,57,0.00851,analytic,"[1, 197, 768]","[1, 197, 768]",1316.54,0.0,0.577,cuda_event,cuda
31,encoder.layers.encoder_layer_9.mlp.0,Linear,0.22141,2.308594,929562624.0,2362368,0,58,0.22141,counter,"[1, 197, 768]","[1, 197, 3072]",1316.54,0.0,2.309,cuda_event,cuda
31,encoder.layers.encoder_layer_9.mlp.1,GELU,0.01434,2.308594,4841472.0,0,0,59,0.01434,analytic,"[1, 197, 3072]","[1, 197, 3072]",1316.54,0.0,2.309,cuda_event,cuda
31,encoder.layers.encoder_layer_9.mlp.3,Linear,0.21094,0.577148,929562624.0,2360064,0,60,0.21094,counter,"[1, 197, 3072]","[1, 197, 768]",1316.54,0.0,0.577,cuda_event,cuda
31,encoder.layers.encoder_layer_10.ln_1,LayerNorm,0.00909,0.577148,756480.0,1536,0,61,0.00909,analytic,"[1, 197, 768]","[1, 197, 768]",1316.54,0.0,0.577,cuda_event,cuda
31,encoder.layers.encoder_layer_10.self_attention,MultiheadAttention,0.29232,0.577148,1048783872.0,2362368,0,62,0.29232,counter,"[1, 197, 768]","[1, 197, 768]",1316.54,0.0,0.577,cuda_event,cuda
31,encoder.layers.encoder_layer_10.ln_2,LayerNorm,0.0095,0.577148,756480.0,1536,0,63,0.0095,analytic,"[1, 197, 768]","[1, 197, 768]",1316.54,0.0,0.577,cuda_event,cuda
31,encoder.layers.encoder_layer_10.mlp.0,Linear,0.22205,2.308594,929562624.0,2362368,0,64,0.22205,counter,"[1, 197, 768]","[1, 197, 3072]",1316.54,0.0,2.309,cuda_event,cuda
31,encoder.layers.encoder_layer_10.mlp.1,GELU,0.01405,2.308594,4841472.0,0,0,65,0.01405,analytic,"[1, 197, 3072]","[1, 197, 3072]",1316.54,0.0,2.309,cuda_event,cuda
31,encoder.layers.encoder_layer_10.mlp.3,Linear,0.21098,0.577148,929562624.0,2360064,0,66,0.21098,counter,"[1, 197, 3072]","[1, 197, 768]",1316.54,0.0,0.577,cuda_event,cuda
31,encoder.layers.encoder_layer_11.ln_1,LayerNorm,0.00835,0.577148,756480.0,1536,0,67,0.00835,analytic,"[1, 197, 768]","[1, 197, 768]",1316.54,0.0,0.577,cuda_event,cuda
31,encoder.layers.encoder_layer_11.self_attention,MultiheadAttention,0.29286,0.577148,1048783872.0,2362368,0,68,0.29286,counter,"[1, 197, 768]","[1, 197, 768]",1316.54,0.0,0.577,cuda_event,cuda
31,encoder.layers.encoder_layer_11.ln_2,LayerNorm,0.00819,0.577148,756480.0,1536,0,69,0.00819,analytic,"[1, 197, 768]","[1, 197, 768]",1316.54,0.0,0.577,cuda_event,cuda
31,encoder.layers.encoder_layer_11.mlp.0,Linear,0.22323,2.308594,929562624.0,2362368,0,70,0.22323,counter,"[1, 197, 768]","[1, 197, 3072]",1316.54,0.0,2.309,cuda_event,cuda
31,encoder.layers.encoder_layer_11.mlp.1,GELU,0.01434,2.308594,4841472.0,0,0,71,0.01434,analytic,"[1, 197, 3072]","[1, 197, 3072]",1316.54,0.0,2.309,cuda_event,cuda
31,encoder.layers.encoder_layer_11.mlp.3,Linear,0.20896,0.577148,929562624.0,2360064,0,72,0.20896,counter,"[1, 197, 3072]","[1, 197, 768]",1316.54,0.0,0.577,cuda_event,cuda
31,encoder.ln,LayerNorm,0.00928,0.577148,756480.0,1536,0,73,0.00928,analytic,"[1, 197, 768]","[1, 197, 768]",1316.54,0.0,0.577,cuda_event,cuda
31,heads.head,Linear,0.01795,0.003815,1536000.0,769000,0,74,0.01795,counter,"[1, 768]","[1, 1000]",1316.54,0.0,0.004,cuda_event,cuda
32,conv_proj,Conv2d,0.17363,0.574219,231211008.0,590592,0,0,0.17363,counter,"[1, 3, 224, 224]","[1, 768, 14, 14]",1316.54,0.0,0.574,cuda_event,cuda
32,encoder.layers.encoder_layer_0.ln_1,LayerNorm,0.00938,0.577148,756480.0,1536,0,1,0.00938,analytic,"[1, 197, 768]","[1, 197, 768]",1316.54,0.0,0.577,cuda_event,cuda
32,encoder.layers.encoder_layer_0.self_attention,MultiheadAttention,0.29382,0.577148,1048783872.0,2362368,0,2,0.29382,counter,"[1, 197, 768]","[1, 197, 768]",1316.54,0.0,0.577,cuda_event,cuda
32,encoder.layers.encoder_layer_0.ln_2,LayerNorm,0.00826,0.577148,756480.0,1536,0,3,0.00826,analytic,"[1, 197, 768]","[1, 197, 768]",1316.54,0.0,0.577,cuda_event,cuda
32,encoder.layers.encoder_layer_0.mlp.0,Linear,0.21914,2.308594,929562624.0,2362368,0,4,0.21914,counter,"[1, 197, 768]","[1, 197, 3072]",1316.54,0.0,2.309,cuda_event,cuda
32,encoder.layers.encoder_layer_0.mlp.1,GELU,0.01434,2.308594,4841472.0,0,0,5,0.01434,analytic,"[1, 197, 3072]","[1, 197, 3072]",1316.54,0.0,2.309,cuda_event,cuda
32,encoder.layers.encoder_layer_0.mlp.3,Linear,0.2089,0.577148,929562624.0,2360064,0,6,0.2089,counter,"[1, 197, 3072]","[1, 197, 768]",1316.54,0.0,0.577,cuda_event,cuda
32,encoder.layers.encoder_layer_1.ln_1,LayerNorm,0.00877,0.577148,756480.0,1536,0,7,0.00877,analytic,"[1, 197, 768]","[1, 197, 768]",1316.54,0.0,0.577,cuda_event,cuda
32,encoder.layers.encoder_layer_1.self_attention,MultiheadAttention,0.29322,0.577148,1048783872.0,2362368,0,8,0.29322,counter,"[1, 197, 768]","[1, 197, 768]",1316.54,0.0,0.577,cuda_event,cuda
32,encoder.layers.encoder_layer_1.ln_2,LayerNorm,0.00819,0.577148,756480.0,1536,0,9,0.00819,analytic,"[1, 197, 768]","[1, 197, 768]",1316.54,0.0,0.577,cuda_event,cuda
32,encoder.layers.encoder_layer_1.mlp.0,Linear,0.22118,2.308594,929562624.0,2362368,0,10,0.22118,counter,"[1, 197, 768]","[1, 197, 3072]",1316.54,0.0,2.309,cuda_event,cuda
32,encoder.layers.encoder_layer_1.mlp.1,GELU,0.01562,2.308594,4841472.0,0,0,11,0.01562,analytic,"[1, 197, 3072]","[1, 197, 3072]",1316.54,0.0,2.309,cuda_event,cuda
32,encoder.layers.encoder_layer_1.mlp.3,Linear,0.2096,0.577148,929562624.0,2360064,0,12,0.2096,counter,"[1, 197, 3072]","[1, 197, 768]",1316.54,0.0,0.577,cuda_event,cuda
32,encoder.layers.encoder_layer_2.ln_1,LayerNorm,0.00819,0.577148,756480.0,1536,0,13,0.00819,analytic,"[1, 197, 768]","[1, 197, 768]",1316.54,0.0,0.577,cuda_event,cuda
32,encoder.layers.encoder_layer_2.self_attention,MultiheadAttention,0.29459,0.577148,1048783872.0,2362368,0,14,0.29459,counter,"[1, 197, 768]","[1, 197, 768]",1316.54,0.0,0.577,cuda_event,cuda
32,encoder.layers.encoder_layer_2.ln_2,LayerNorm,0.00954,0.577148,756480.0,1536,0,15,0.00954,analytic,"[1, 197, 768]","[1, 197, 768]",1316.54,0.0,0.577,cuda_event,cuda
32,encoder.layers.encoder_layer_2.mlp.0,Linear,0.22368,2.308594,929562624.0,2362368,0,16,0.22368,counter,"[1, 197, 768]","[1, 197, 3072]",1316.54,0.0,2.309,cuda_event,cuda
32,encoder.layers.encoder_layer_2.mlp.1,GELU,0.0143,2.308594,4841472.0,0,0,17,0.0143,analytic,"[1, 197, 3072]","[1, 197, 3072]",1316.54,0.0,2.309,cuda_event,cuda
32,encoder.layers.encoder_layer_2.mlp.3,Linear,0.21091,0.577148,929562624.0,2360064,0,18,0.21091,counter,"[1, 197, 3072]","[1, 197, 768]",1316.54,0.0,0.577,cuda_event,cuda
32,encoder.layers.encoder_layer_3.ln_1,LayerNorm,0.00842,0.577148,756480.0,1536,0,19,0.00842,analytic,"[1, 197, 768]","[1, 197, 768]",1316.54,0.0,0.577,cuda_event,cuda
32,encoder.layers.encoder_layer_3.self_attention,MultiheadAttention,0.29456,0.577148,1048783872.0,2362368,0,20,0.29456,counter,"[1, 197, 768]","[1, 197, 768]",1316.54,0.0,0.577,cuda_event,cuda
32,encoder.layers.encoder_layer_3.ln_2,LayerNorm,0.0089,0.577148,756480.0,1536,0,21,0.0089,analytic,"[1, 197, 768]","[1, 197, 768]",1316.54,0.0,0.577,cuda_event,cuda
32,encoder.layers.encoder_layer_3.mlp.0,Linear,0.2223,2.308594,929562624.0,2362368,0,22,0.2223,counter,"[1, 197, 768]","[1, 197, 3072]",1316.54,0.0,2.309,cuda_event,cuda
32,encoder.layers.encoder_layer_3.mlp.1,GELU,0.01443,2.308594,4841472.0,0,0,23,0.01443,analytic,"[1, 197, 3072]","[1, 197, 3072]",1316.54,0.0,2.309,cuda_event,cuda
32,encoder.layers.encoder_layer_3.mlp.3,Linear,0.20963,0.577148,929562624.0,2360064,0,24,0.20963,counter,"[1, 197, 3072]","[1, 197, 768]",1316.54,0.0,0.577,cuda_event,cuda
32,encoder.layers.encoder_layer_4.ln_1,LayerNorm,0.00819,0.577148,756480.0,1536,0,25,0.00819,analytic,"[1, 197, 768]","[1, 197, 768]",1316.54,0.0,0.577,cuda_event,cuda
32,encoder.layers.encoder_layer_4.self_attention,MultiheadAttention,0.30662,0.577148,1048783872.0,2362368,0,26,0.30662,counter,"[1, 197, 768]","[1, 197, 768]",1316.54,0.0,0.577,cuda_event,cuda
32,encoder.layers.encoder_layer_4.ln_2,LayerNorm,0.01014,0.577148,756480.0,1536,0,27,0.01014,analytic,"[1, 197, 768]","[1, 197, 768]",1316.54,0.0,0.577,cuda_event,cuda
32,encoder.layers.encoder_layer_4.mlp.0,Linear,0.25677,2.308594,929562624.0,2362368,0,28,0.25677,counter,"[1, 197, 768]","[1, 197, 3072]",1316.54,0.0,2.309,cuda_event,cuda
32,encoder.layers.encoder_layer_4.mlp.1,GELU,0.01414,2.308594,4841472.0,0,0,29,0.01414,analytic,"[1, 197, 3072]","[1, 197, 3072]",1316.54,0.0,2.309,cuda_event,cuda
32,encoder.layers.encoder_layer_4.mlp.3,Linear,0.24317,0.577148,929562624.0,2360064,0,30,0.24317,counter,"[1, 197, 3072]","[1, 197, 768]",1316.54,0.0,0.577,cuda_event,cuda
32,encoder.layers.encoder_layer_5.ln_1,LayerNorm,0.01024,0.577148,756480.0,1536,0,31,0.01024,analytic,"[1, 197, 768]","[1, 197, 768]",1316.54,0.0,0.577,cuda_event,cuda
32,encoder.layers.encoder_layer_5.self_attention,MultiheadAttention,0.34816,0.577148,1048783872.0,2362368,0,32,0.34816,counter,"[1, 197, 768]","[1, 197, 768]",1316.54,0.0,0.577,cuda_event,cuda
32,encoder.layers.encoder_layer_5.ln_2,LayerNorm,0.01014,0.577148,756480.0,1536,0,33,0.01014,analytic,"[1, 197, 768]","[1, 197, 768]",1316.54,0.0,0.577,cuda_event,cuda
32,encoder.layers.encoder_layer_5.mlp.0,Linear,0.25571,2.308594,929562624.0,2362368,0,34,0.25571,counter,"[1, 197, 768]","[1, 197, 3072]",1316.54,0.0,2.309,cuda_event,cuda
32,encoder.layers.encoder_layer_5.mlp.1,GELU,0.01475,2.308594,4841472.0,0,0,35,0.01475,analytic,"[1, 197, 3072]","[1, 197, 3072]",1316.54,0.0,2.309,cuda_event,cuda
32,encoder.layers.encoder_layer_5.mlp.3,Linear,0.24304,0.577148,929562624.0,2360064,0,36,0.24304,counter,"[1, 197, 3072]","[1, 197, 768]",1316.54,0.0,0.577,cuda_event,cuda
32,encoder.layers.encoder_layer_6.ln_1,LayerNorm,0.01008,0.577148,756480.0,1536,0,37,0.01008,analytic,"[1, 197, 768]","[1, 197, 768]",1316.54,0.0,0.577,cuda_event,cuda
32,encoder.layers.encoder_layer_6.self_attention,MultiheadAttention,0.34816,0.577148,1048783872.0,2362368,0,38,0.34816,counter,"[1, 197, 768]","[1, 197, 768]",1316.54,0.0,0.577,cuda_event,cuda
32,encoder.layers.encoder_layer_6.ln_2,LayerNorm,0.01024,0.577148,756480.0,1536,0,39,0.01024,analytic,"[1, 197, 768]","[1, 197, 768]",1316.54,0.0,0.577,cuda_event,cuda
32,encoder.layers.encoder_layer_6.mlp.0,Linear,0.256,2.308594,929562624.0,2362368,0,40,0.256,counter,"[1, 197, 768]","[1, 197, 3072]",1316.54,0.0,2.309,cuda_event,cuda
32,encoder.layers.encoder_layer_6.mlp.1,GELU,0.01434,2.308594,4841472.0,0,0,41,0.01434,analytic,"[1, 197, 3072]","[1, 197, 3072]",1316.54,0.0,2.309,cuda_event,cuda
32,encoder.layers.encoder_layer_6.mlp.3,Linear,0.24326,0.577148,929562624.0,2360064,0,42,0.24326,counter,"[1, 197, 3072]","[1, 197, 768]",1316.54,0.0,0.577,cuda_event,cuda
32,encoder.layers.encoder_layer_7.ln_1,LayerNorm,0.01024,0.577148,756480.0,1536,0,43,0.01024,analytic,"[1, 197, 768]","[1, 197, 768]",1316.54,0.0,0.577,cuda_event,cuda
32,encoder.layers.encoder_layer_7.self_attention,MultiheadAttention,0.34611,0.577148,1048783872.0,2362368,0,44,0.34611,counter,"[1, 197, 768]","[1, 197, 768]",1316.54,0.0,0.577,cuda_event,cuda
32,encoder.layers.encoder_layer_7.ln_2,LayerNorm,0.01024,0.577148,756480.0,1536,0,45,0.01024,analytic,"[1, 197, 768]","[1, 197, 768]",1316.54,0.0,0.577,cuda_event,cuda
32,encoder.layers.encoder_layer_7.mlp.0,Linear,0.25779,2.308594,929562624.0,2362368,0,46,0.25779,counter,"[1, 197, 768]","[1, 197, 3072]",1316.54,0.0,2.309,cuda_event,cuda
32,encoder.layers.encoder_layer_7.mlp.1,GELU,0.01459,2.308594,4841472.0,0,0,47,0.01459,analytic,"[1, 197, 3072]","[1, 197, 3072]",1316.54,0.0,2.309,cuda_event,cuda
32,encoder.layers.encoder_layer_7.mlp.3,Linear,0.24166,0.577148,929562624.0,2360064,0,48,0.24166,counter,"[1, 197, 3072]","[1, 197, 768]",1316.54,0.0,0.577,cuda_event,cuda
32,encoder.layers.encoder_layer_8.ln_1,LayerNorm,0.00995,0.577148,756480.0,1536,0,49,0.00995,analytic,"[1, 197, 768]","[1, 197, 768]",1316.54,0.0,0.577,cuda_event,cuda
32,encoder.layers.encoder_layer_8.self_attention,MultiheadAttention,0.34637,0.577148,1048783872.0,2362368,0,50,0.34637,counter,"[1, 197, 768]","[1, 197, 768]",1316.54,0.0,0.577,cuda_event,cuda
32,encoder.layers.encoder_layer_8.ln_2,LayerNorm,0.01024,0.577148,756480.0,1536,0,51,0.01024,analytic,"[1, 197, 768]","[1, 197, 768]",1316.54,0.0,0.577,cuda_event,cuda
32,encoder.layers.encoder_layer_8.mlp.0,Linear,0.256,2.308594,929562624.0,2362368,0,52,0.256,counter,"[1, 197, 768]","[1, 197, 3072]",1316.54,0.0,2.309,cuda_event,cuda
32,encoder.layers.encoder_layer_8.mlp.1,GELU,0.01434,2.308594,4841472.0,0,0,53,0.01434,analytic,"[1, 197, 3072]","[1, 197, 3072]",1316.54,0.0,2.309,cuda_event,cuda
32,encoder.layers.encoder_layer_8.mlp.3,Linear,0.24371,0.577148,929562624.0,2360064,0,54,0.24371,counter,"[1, 197, 3072]","[1, 197, 768]",1316.54,0.0,0.577,cuda_event,cuda
32,encoder.layers.encoder_layer_9.ln_1,LayerNorm,0.00998,0.577148,756480.0,1536,0,55,0.00998,analytic,"[1, 197, 768]","[1, 197, 768]",1316.54,0.0,0.577,cuda_event,cuda
32,encoder.layers.encoder_layer_9.self_attention,MultiheadAttention,0.34883,0.577148,1048783872.0,2362368,0,56,0.34883,counter,"[1, 197, 768]","[1, 197, 768]",1316.54,0.0,0.577,cuda_event,cuda
32,encoder.layers.encoder_layer_9.ln_2,LayerNorm,0.01024,0.577148,756480.0,1536,0,57,0.01024,analytic,"[1, 197, 768]","[1, 197, 768]",1316.54,0.0,0.577,cuda_event,cuda
32,encoder.layers.encoder_layer_9.mlp.0,Linear,0.25933,2.308594,929562624.0,2362368,0,58,0.25933,counter,"[1, 197, 768]","[1, 197, 3072]",1316.54,0.0,2.309,cuda_event,cuda
32,encoder.layers.encoder_layer_9.mlp.1,GELU,0.01306,2.308594,4841472.0,0,0,59,0.01306,analytic,"[1, 197, 3072]","[1, 197, 3072]",1316.54,0.0,2.309,cuda_event,cuda
32,encoder.layers.encoder_layer_9.mlp.3,Linear,0.24339,0.577148,929562624.0,2360064,0,60,0.24339,counter,"[1, 197, 3072]","[1, 197, 768]",1316.54,0.0,0.577,cuda_event,cuda
32,encoder.layers.encoder_layer_10.ln_1,LayerNorm,0.01024,0.577148,756480.0,1536,0,61,0.01024,analytic,"[1, 197, 768]","[1, 197, 768]",1316.54,0.0,0.577,cuda_event,cuda
32,encoder.layers.encoder_layer_10.self_attention,MultiheadAttention,0.34816,0.577148,1048783872.0,2362368,0,62,0.34816,counter,"[1, 197, 768]","[1, 197, 768]",1316.54,0.0,0.577,cuda_event,cuda
32,encoder.layers.encoder_layer_10.ln_2,LayerNorm,0.01024,0.577148,756480.0,1536,0,63,0.01024,analytic,"[1, 197, 768]","[1, 197, 768]",1316.54,0.0,0.577,cuda_event,cuda
32,encoder.layers.encoder_layer_10.mlp.0,Linear,0.2559,2.308594,929562624.0,2362368,0,64,0.2559,counter,"[1, 197, 768]","[1, 197, 3072]",1316.54,0.0,2.309,cuda_event,cuda
32,encoder.layers.encoder_layer_10.mlp.1,GELU,0.01373,2.308594,4841472.0,0,0,65,0.01373,analytic,"[1, 197, 3072]","[1, 197, 3072]",1316.54,0.0,2.309,cuda_event,cuda
32,encoder.layers.encoder_layer_10.mlp.3,Linear,0.24234,0.577148,929562624.0,2360064,0,66,0.24234,counter,"[1, 197, 3072]","[1, 197, 768]",1316.54,0.0,0.577,cuda_event,cuda
32,encoder.layers.encoder_layer_11.ln_1,LayerNorm,0.01024,0.577148,756480.0,1536,0,67,0.01024,analytic,"[1, 197, 768]","[1, 197, 768]",1316.54,0.0,0.577,cuda_event,cuda
32,encoder.layers.encoder_layer_11.self_attention,MultiheadAttention,0.34816,0.577148,1048783872.0,2362368,0,68,0.34816,counter,"[1, 197, 768]","[1, 197, 768]",1316.54,0.0,0.577,cuda_event,cuda
32,encoder.layers.encoder_layer_11.ln_2,LayerNorm,0.01027,0.577148,756480.0,1536,0,69,0.01027,analytic,"[1, 197, 768]","[1, 197, 768]",1316.54,0.0,0.577,cuda_event,cuda
32,encoder.layers.encoder_layer_11.mlp.0,Linear,0.25805,2.308594,929562624.0,2362368,0,70,0.25805,counter,"[1, 197, 768]","[1, 197, 3072]",1316.54,0.0,2.309,cuda_event,cuda
32,encoder.layers.encoder_layer_11.mlp.1,GELU,0.01434,2.308594,4841472.0,0,0,71,0.01434,analytic,"[1, 197, 3072]","[1, 197, 3072]",1316.54,0.0,2.309,cuda_event,cuda
32,encoder.layers.encoder_layer_11.mlp.3,Linear,0.24285,0.577148,929562624.0,2360064,0,72,0.24285,counter,"[1, 197, 3072]","[1, 197, 768]",1316.54,0.0,0.577,cuda_event,cuda
32,encoder.ln,LayerNorm,0.00998,0.577148,756480.0,1536,0,73,0.00998,analytic,"[1, 197, 768]","[1, 197, 768]",1316.54,0.0,0.577,cuda_event,cuda
32,heads.head,Linear,0.01773,0.003815,1536000.0,769000,0,74,0.01773,counter,"[1, 768]","[1, 1000]",1316.54,0.0,0.004,cuda_event,cuda
33,conv_proj,Conv2d,0.21091,0.574219,231211008.0,590592,0,0,0.21091,counter,"[1, 3, 224, 224]","[1, 768, 14, 14]",1316.54,0.0,0.574,cuda_event,cuda
33,encoder.layers.encoder_layer_0.ln_1,LayerNorm,0.01139,0.577148,756480.0,1536,0,1,0.01139,analytic,"[1, 197, 768]","[1, 197, 768]",1316.54,0.0,0.577,cuda_event,cuda
33,encoder.layers.encoder_layer_0.self_attention,MultiheadAttention,0.35722,0.577148,1048783872.0,2362368,0,2,0.35722,counter,"[1, 197, 768]","[1, 197, 768]",1316.54,0.0,0.577,cuda_event,cuda
33,encoder.layers.encoder_layer_0.ln_2,LayerNorm,0.01142,0.577148,756480.0,1536,0,3,0.01142,analytic,"[1, 197, 768]","[1, 197, 768]",1316.54,0.0,0.577,cuda_event,cuda
33,encoder.layers.encoder_layer_0.mlp.0,Linear,0.26294,2.308594,929562624.0,2362368,0,4,0.26294,counter,"[1, 197, 768]","[1, 197, 3072]",1316.54,0.0,2.309,cuda_event,cuda
33,encoder.layers.encoder_layer_0.mlp.1,GELU,0.01434,2.308594,4841472.0,0,0,5,0.01434,analytic,"[1, 197, 3072]","[1, 197, 3072]",1316.54,0.0,2.309,cuda_event,cuda
33,encoder.layers.encoder_layer_0.mlp.3,Linear,0.24781,0.577148,929562624.0,2360064,0,6,0.24781,counter,"[1, 197, 3072]","[1, 197, 768]",1316.54,0.0,0.577,cuda_event,cuda
33,encoder.layers.encoder_layer_1.ln_1,LayerNorm,0.0104,0.577148,756480.0,1536,0,7,0.0104,analytic,"[1, 197, 768]","[1, 197, 768]",1316.54,0.0,0.577,cuda_event,cuda
33,encoder.layers.encoder_layer_1.self_attention,MultiheadAttention,0.35635,0.577148,1048783872.0,2362368,0,8,0.35635,counter,"[1, 197, 768]","[1, 197, 768]",1316.54,0.0,0.577,cuda_event,cuda
33,encoder.layers.encoder_layer_1.ln_2,LayerNorm,0.01142,0.577148,756480.0,1536,0,9,0.01142,analytic,"[1, 197, 768]","[1, 197, 768]",1316.54,0.0,0.577,cuda_event,cuda
33,encoder.layers.encoder_layer_1.mlp.0,Linear,0.26246,2.308594,929562624.0,2362368,0,10,0.26246,counter,"[1, 197, 768]","[1, 197, 3072]",1316.54,0.0,2.309,cuda_event,cuda
33,encoder.layers.encoder_layer_1.mlp.1,GELU,0.01277,2.308594,4841472.0,0,0,11,0.01277,analytic,"[1, 197, 3072]","[1, 197, 3072]",1316.54,0.0,2.309,cuda_event,cuda
33,encoder.layers.encoder_layer_1.mlp.3,Linear,0.24899,0.577148,929562624.0,2360064,0,12,0.24899,counter,"[1, 197, 3072]","[1, 197, 768]",1316.54,0.0,0.577,cuda_event,cuda
33,encoder.layers.encoder_layer_2.ln_1,LayerNorm,0.01024,0.577148,756480.0,1536,0,13,0.01024,analytic,"[1, 197, 768]","[1, 197, 768]",1316.54,0.0,0.577,cuda_event,cuda
33,encoder.layers.encoder_layer_2.self_attention,MultiheadAttention,0.35757,0.577148,1048783872.0,2362368,0,14,0.35757,counter,"[1, 197, 768]","[1, 197, 768]",1316.54,0.0,0.577,cuda_event,cuda
33,encoder.layers.encoder_layer_2.ln_2,LayerNorm,0.01139,0.577148,756480.0,1536,0,15,0.01139,analytic,"[1, 197, 768]","[1, 197, 768]",1316.54,0.0,0.577,cuda_event,cuda
33,encoder.layers.encoder_layer_2.mlp.0,Linear,0.26301,2.308594,929562624.0,2362368,0,16,0.26301,counter,"[1, 197, 768]","[1, 197, 3072]",1316.54,0.0,2.309,cuda_event,cuda
33,encoder.layers.encoder_layer_2.mlp.1,GELU,0.01434,2.308594,4841472.0,0,0,17,0.01434,analytic,"[1, 197, 3072]","[1, 197, 3072]",1316.54,0.0,2.309,cuda_event,cuda
33,encoder.layers.encoder_layer_2.mlp.3,Linear,0.24781,0.577148,929562624.0,2360064,0,18,0.24781,counter,"[1, 197, 3072]","[1, 197, 768]",1316.54,0.0,0.577,cuda_event,cuda
33,encoder.layers.encoder_layer_3.ln_1,LayerNorm,0.01043,0.577148,756480.0,1536,0,19,0.01043,analytic,"[1, 197, 768]","[1, 197, 768]",1316.54,0.0,0.577,cuda_event,cuda
33,encoder.layers.encoder_layer_3.self_attention,MultiheadAttention,0.35472,0.577148,1048783872.0,2362368,0,20,0.35472,counter,"[1, 197, 768]","[1, 197, 768]",1316.54,0.0,0.577,cuda_event,cuda
33,encoder.layers.encoder_layer_3.ln_2,LayerNorm,0.01024,0.577148,756480.0,1536,0,21,0.01024,analytic,"[1, 197, 768]","[1, 197, 768]",1316.54,0.0,0.577,cuda_event,cuda
33,encoder.layers.encoder_layer_3.mlp.0,Linear,0.26419,2.308594,929562624.0,2362368,0,22,0.26419,counter,"[1, 197, 768]","[1, 197, 3072]",1316.54,0.0,2.309,cuda_event,cuda
33,encoder.layers.encoder_layer_3.mlp.1,GELU,0.01434,2.308594,4841472.0,0,0,23,0.01434,analytic,"[1, 197, 3072]","[1, 197, 3072]",1316.54,0.0,2.309,cuda_event,cuda
33,encoder.layers.encoder_layer_3.mlp.3,Linear,0.24771,0.577148,929562624.0,2360064,0,24,0.24771,counter,"[1, 197, 3072]","[1, 197, 768]",1316.54,0.0,0.577,cuda_event,cuda
33,encoder.layers.encoder_layer_4.ln_1,LayerNorm,0.01062,0.577148,756480.0,1536,0,25,0.01062,analytic,"[1, 197, 768]","[1, 197, 768]",1316.54,0.0,0.577,cuda_event,cuda
33,encoder.layers.encoder_layer_4.self_attention,MultiheadAttention,0.35808,0.577148,1048783872.0,2362368,0,26,0.35808,counter,"[1, 197, 768]","[1, 197, 768]",1316.54,0.0,0.577,cuda_event,cuda
33,encoder.layers.encoder_layer_4.ln_2,LayerNorm,0.01024,0.577148,756480.0,1536,0,27,0.01024,analytic,"[1, 197, 768]","[1, 197, 768]",1316.54,0.0,0.577,cuda_event,cuda
33,encoder.layers.encoder_layer_4.mlp.0,Linear,0.26109,2.308594,929562624.0,2362368,0,28,0.26109,counter,"[1, 197, 768]","[1, 197, 3072]",1316.54,0.0,2.309,cuda_event,cuda
33,encoder.layers.encoder_layer_4.mlp.1,GELU,0.01434,2.308594,4841472.0,0,0,29,0.01434,analytic,"[1, 197, 3072]","[1, 197, 3072]",1316.54,0.0,2.309,cuda_event,cuda
33,encoder.layers.encoder_layer_4.mlp.3,Linear,0.24899,0.577148,929562624.0,2360064,0,30,0.24899,counter,"[1, 197, 3072]","[1, 197, 768]",1316.54,0.0,0.577,cuda_event,cuda
33,encoder.layers.encoder_layer_5.ln_1,LayerNorm,0.01021,0.577148,756480.0,1536,0,31,0.01021,analytic,"[1, 197, 768]","[1, 197, 768]",1316.54,0.0,0.577,cuda_event,cuda
33,encoder.layers.encoder_layer_5.self_attention,MultiheadAttention,0.35635,0.577148,1048783872.0,2362368,0,32,0.35635,counter,"[1, 197, 768]","[1, 197, 768]",1316.54,0.0,0.577,cuda_event,cuda
33,encoder.layers.encoder_layer_5.ln_2,LayerNorm,0.01133,0.577148,756480.0,1536,0,33,0.01133,analytic,"[1, 197, 768]","[1, 197, 768]",1316.54,0.0,0.577,cuda_event,cuda
33,encoder.layers.encoder_layer_5.mlp.0,Linear,0.26294,2.308594,929562624.0,2362368,0,34,0.26294,counter,"[1, 197, 768]","[1, 197, 3072]",1316.54,0.0,2.309,cuda_event,cuda
33,encoder.layers.encoder_layer_5.mlp.1,GELU,0.01555,2.308594,4841472.0,0,0,35,0.01555,analytic,"[1, 197, 3072]","[1, 197, 3072]",1316.54,0.0,2.309,cuda_event,cuda
33,encoder.layers.encoder_layer_5.mlp.3,Linear,0.24861,0.577148,929562624.0,2360064,0,36,0.24861,counter,"[1, 197, 3072]","[1, 197, 768]",1316.54,0.0,0.577,cuda_event,cuda
33,encoder.layers.encoder_layer_6.ln_1,LayerNorm,0.01069,0.577148,756480.0,1536,0,37,0.01069,analytic,"[1, 197, 768]","[1, 197, 768]",1316.54,0.0,0.577,cuda_event,cuda
33,encoder.layers.encoder_layer_6.self_attention,MultiheadAttention,0.35686,0.577148,1048783872.0,2362368,0,38,0.35686,counter,"[1, 197, 768]","[1, 197, 768]",1316.54,0.0,0.577,cuda_event,cuda
33,encoder.layers.encoder_layer_6.ln_2,LayerNorm,0.01024,0.577148,756480.0,1536,0,39,0.01024,analytic,"[1, 197, 768]","[1, 197, 768]",1316.54,0.0,0.577,cuda_event,cuda
33,encoder.layers.encoder_layer_6.mlp.0,Linear,0.26352,2.308594,929562624.0,2362368,0,40,0.26352,counter,"[1, 197, 768]","[1, 197, 3072]",1316.54,0.0,2.309,cuda_event,cuda
33,encoder.layers.encoder_layer_6.mlp.1,GELU,0.01434,2.308594,4841472.0,0,0,41,0.01434,analytic,"[1, 197, 3072]","[1, 197, 3072]",1316.54,0.0,2.309,cuda_event,cuda
33,encoder.layers.encoder_layer_6.mlp.3,Linear,0.24842,0.577148,929562624.0,2360064,0,42,0.24842,counter,"[1, 197, 3072]","[1, 197, 768]",1316.54,0.0,0.577,cuda_event,cuda
33,encoder.layers.encoder_layer_7.ln_1,LayerNorm,0.01075,0.577148,756480.0,1536,0,43,0.01075,analytic,"[1, 197, 768]","[1, 197, 768]",1316.54,0.0,0.577,cuda_event,cuda
33,encoder.layers.encoder_layer_7.self_attention,MultiheadAttention,0.3568,0.577148,1048783872.0,2362368,0,44,0.3568,counter,"[1, 197, 768]","[1, 197, 768]",1316.54,0.0,0.577,cuda_event,cuda
33,encoder.layers.encoder_layer_7.ln_2,LayerNorm,0.0113,0.577148,756480.0,1536,0,45,0.0113,analytic,"[1, 197, 768]","[1, 197, 768]",1316.54,0.0,0.577,cuda_event,cuda
33,encoder.layers.encoder_layer_7.mlp.0,Linear,0.26106,2.308594,929562624.0,2362368,0,46,0.26106,counter,"[1, 197, 768]","[1, 197, 3072]",1316.54,0.0,2.309,cuda_event,cuda
33,encoder.layers.encoder_layer_7.mlp.1,GELU,0.01414,2.308594,4841472.0,0,0,47,0.01414,analytic,"[1, 197, 3072]","[1, 197, 3072]",1316.54,0.0,2.309,cuda_event,cuda
33,encoder.layers.encoder_layer_7.mlp.3,Linear,0.24797,0.577148,929562624.0,2360064,0,48,0.24797,counter,"[1, 197, 3072]","[1, 197, 768]",1316.54,0.0,0.577,cuda_event,cuda
33,encoder.layers.encoder_layer_8.ln_1,LayerNorm,0.01043,0.577148,756480.0,1536,0,49,0.01043,analytic,"[1, 197, 768]","[1, 197, 768]",1316.54,0.0,0.577,cuda_event,cuda
33,encoder.layers.encoder_layer_8.self_attention,MultiheadAttention,0.35635,0.577148,1048783872.0,2362368,0,50,0.35635,counter,"[1, 197, 768]","[1, 197, 768]",1316.54,0.0,0.577,cuda_event,cuda
33,encoder.layers.encoder_layer_8.ln_2,LayerNorm,0.01046,0.577148,756480.0,1536,0,51,0.01046,analytic,"[1, 197, 768]","[1, 197, 768]",1316.54,0.0,0.577,cuda_event,cuda
33,encoder.layers.encoder_layer_8.mlp.0,Linear,0.26234,2.308594,929562624.0,2362368,0,52,0.26234,counter,"[1, 197, 768]","[1, 197, 3072]",1316.54,0.0,2.309,cuda_event,cuda
33,encoder.layers.encoder_layer_8.mlp.1,GELU,0.01398,2.308594,4841472.0,0,0,53,0.01398,analytic,"[1, 197, 3072]","[1, 197, 3072]",1316.54,0.0,2.309,cuda_event,cuda
33,encoder.layers.encoder_layer_8.mlp.3,Linear,0.24854,0.577148,929562624.0,2360064,0,54,0.24854,counter,"[1, 197, 3072]","[1, 197, 768]",1316.54,0.0,0.577,cuda_event,cuda
33,encoder.layers.encoder_layer_9.ln_1,LayerNorm,0.01059,0.577148,756480.0,1536,0,55,0.01059,analytic,"[1, 197, 768]","[1, 197, 768]",1316.54,0.0,0.577,cuda_event,cuda
33,encoder.layers.encoder_layer_9.self_attention,MultiheadAttention,0.35635,0.577148,1048783872.0,2362368,0,56,0.35635,counter,"[1, 197, 768]","[1, 197, 768]",1316.54,0.0,0.577,cuda_event,cuda
33,encoder.layers.encoder_layer_9.ln_2,LayerNorm,0.01024,0.577148,756480.0,1536,0,57,0.01024,analytic,"[1, 197, 768]","[1, 197, 768]",1316.54,0.0,0.577,cuda_event,cuda
33,encoder.layers.encoder_layer_9.mlp.0,Linear,0.26419,2.308594,929562624.0,2362368,0,58,0.26419,counter,"[1, 197, 768]","[1, 197, 3072]",1316.54,0.0,2.309,cuda_event,cuda
33,encoder.layers.encoder_layer_9.mlp.1,GELU,0.01434,2.308594,4841472.0,0,0,59,0.01434,analytic,"[1, 197, 3072]","[1, 197, 3072]",1316.54,0.0,2.309,cuda_event,cuda
33,encoder.layers.encoder_layer_9.mlp.3,Linear,0.24781,0.577148,929562624.0,2360064,0,60,0.24781,counter,"[1, 197, 3072]","[1, 197, 768]",1316.54,0.0,0.577,cuda_event,cuda
33,encoder.layers.encoder_layer_10.ln_1,LayerNorm,0.0103,0.577148,756480.0,1536,0,61,0.0103,analytic,"[1, 197, 768]","[1, 197, 768]",1316.54,0.0,0.577,cuda_event,cuda
33,encoder.layers.encoder_layer_10.self_attention,MultiheadAttention,0.35568,0.577148,1048783872.0,2362368,0,62,0.35568,counter,"[1, 197, 768]","[1, 197, 768]",1316.54,0.0,0.577,cuda_event,cuda
33,encoder.layers.encoder_layer_10.ln_2,LayerNorm,0.0103,0.577148,756480.0,1536,0,63,0.0103,analytic,"[1, 197, 768]","[1, 197, 768]",1316.54,0.0,0.577,cuda_event,cuda
33,encoder.layers.encoder_layer_10.mlp.0,Linear,0.25581,2.308594,929562624.0,2362368,0,64,0.25581,counter,"[1, 197, 768]","[1, 197, 3072]",1316.54,0.0,2.309,cuda_event,cuda
33,encoder.layers.encoder_layer_10.mlp.1,GELU,0.01293,2.308594,4841472.0,0,0,65,0.01293,analytic,"[1, 197, 3072]","[1, 197, 3072]",1316.54,0.0,2.309,cuda_event,cuda
33,encoder.layers.encoder_layer_10.mlp.3,Linear,0.2415,0.577148,929562624.0,2360064,0,66,0.2415,counter,"[1, 197, 3072]","[1, 197, 768]",1316.54,0.0,0.577,cuda_event,cuda
33,encoder.layers.encoder_layer_11.ln_1,LayerNorm,0.01011,0.577148,756480.0,1536,0,67,0.01011,analytic,"[1, 197, 768]","[1, 197, 768]",1316.54,0.0,0.577,cuda_event,cuda
33,encoder.layers.encoder_layer_11.self_attention,MultiheadAttention,0.34422,0.577148,1048783872.0,2362368,0,68,0.34422,counter,"[1, 197, 768]","[1, 197, 768]",1316.54,0.0,0.577,cuda_event,cuda
33,encoder.layers.encoder_layer_11.ln_2,LayerNorm,0.00922,0.577148,756480.0,1536,0,69,0.00922,analytic,"[1, 197, 768]","[1, 197, 768]",1316.54,0.0,0.577,cuda_event,cuda
33,encoder.layers.encoder_layer_11.mlp.0,Linear,0.25498,2.308594,929562624.0,2362368,0,70,0.25498,counter,"[1, 197, 768]","[1, 197, 3072]",1316.54,0.0,2.309,cuda_event,cuda
33,encoder.layers.encoder_layer_11.mlp.1,GELU,0.01434,2.308594,4841472.0,0,0,71,0.01434,analytic,"[1, 197, 3072]","[1, 197, 3072]",1316.54,0.0,2.309,cuda_event,cuda
33,encoder.layers.encoder_layer_11.mlp.3,Linear,0.24141,0.577148,929562624.0,2360064,0,72,0.24141,counter,"[1, 197, 3072]","[1, 197, 768]",1316.54,0.0,0.577,cuda_event,cuda
33,encoder.ln,LayerNorm,0.01024,0.577148,756480.0,1536,0,73,0.01024,analytic,"[1, 197, 768]","[1, 197, 768]",1316.54,0.0,0.577,cuda_event,cuda
33,heads.head,Linear,0.01843,0.003815,1536000.0,769000,0,74,0.01843,counter,"[1, 768]","[1, 1000]",1316.54,0.0,0.004,cuda_event,cuda
34,conv_proj,Conv2d,0.20352,0.574219,231211008.0,590592,0,0,0.20352,counter,"[1, 3, 224, 224]","[1, 768, 14, 14]",1316.54,0.0,0.574,cuda_event,cuda
34,encoder.layers.encoder_layer_0.ln_1,LayerNorm,0.01024,0.577148,756480.0,1536,0,1,0.01024,analytic,"[1, 197, 768]","[1, 197, 768]",1316.54,0.0,0.577,cuda_event,cuda
34,encoder.layers.encoder_layer_0.self_attention,MultiheadAttention,0.34547,0.577148,1048783872.0,2362368,0,2,0.34547,counter,"[1, 197, 768]","[1, 197, 768]",1316.54,0.0,0.577,cuda_event,cuda
34,encoder.layers.encoder_layer_0.ln_2,LayerNorm,0.01005,0.577148,756480.0,1536,0,3,0.01005,analytic,"[1, 197, 768]","[1, 197, 768]",1316.54,0.0,0.577,cuda_event,cuda
34,encoder.layers.encoder_layer_0.mlp.0,Linear,0.25286,2.308594,929562624.0,2362368,0,4,0.25286,counter,"[1, 197, 768]","[1, 197, 3072]",1316.54,0.0,2.309,cuda_event,cuda
34,encoder.layers.encoder_layer_0.mlp.1,GELU,0.01434,2.308594,4841472.0,0,0,5,0.01434,analytic,"[1, 197, 3072]","[1, 197, 3072]",1316.54,0.0,2.309,cuda_event,cuda
34,encoder.layers.encoder_layer_0.mlp.3,Linear,0.23962,0.577148,929562624.0,2360064,0,6,0.23962,counter,"[1, 197, 3072]","[1, 197, 768]",1316.54,0.0,0.577,cuda_event,cuda
34,encoder.layers.encoder_layer_1.ln_1,LayerNorm,0.01018,0.577148,756480.0,1536,0,7,0.01018,analytic,"[1, 197, 768]","[1, 197, 768]",1316.54,0.0,0.577,cuda_event,cuda
34,encoder.layers.encoder_layer_1.self_attention,MultiheadAttention,0.34429,0.577148,1048783872.0,2362368,0,8,0.34429,counter,"[1, 197, 768]","[1, 197, 768]",1316.54,0.0,0.577,cuda_event,cuda
34,encoder.layers.encoder_layer_1.ln_2,LayerNorm,0.01024,0.577148,756480.0,1536,0,9,0.01024,analytic,"[1, 197, 768]","[1, 197, 768]",1316.54,0.0,0.577,cuda_event,cuda
34,encoder.layers.encoder_layer_1.mlp.0,Linear,0.25574,2.308594,929562624.0,2362368,0,10,0.25574,counter,"[1, 197, 768]","[1, 197, 3072]",1316.54,0.0,2.309,cuda_event,cuda
34,encoder.layers.encoder_layer_1.mlp.1,GELU,0.01459,2.308594,4841472.0,0,0,11,0.01459,analytic,"[1, 197, 3072]","[1, 197, 3072]",1316.54,0.0,2.309,cuda_event,cuda
34,encoder.layers.encoder_layer_1.mlp.3,Linear,0.23923,0.577148,929562624.0,2360064,0,12,0.23923,counter,"[1, 197, 3072]","[1, 197, 768]",1316.54,0.0,0.577,cuda_event,cuda
34,encoder.layers.encoder_layer_2.ln_1,LayerNorm,0.01024,0.577148,756480.0,1536,0,13,0.01024,analytic,"[1, 197, 768]","[1, 197, 768]",1316.54,0.0,0.577,cuda_event,cuda
34,encoder.layers.encoder_layer_2.self_attention,MultiheadAttention,0.34406,0.577148,1048783872.0,2362368,0,14,0.34406,counter,"[1, 197, 768]","[1, 197, 768]",1316.54,0.0,0.577,cuda_event,cuda
34,encoder.layers.encoder_layer_2.ln_2,LayerNorm,0.01024,0.577148,756480.0,1536,0,15,0.01024,analytic,"[1, 197, 768]","[1, 197, 768]",1316.54,0.0,0.577,cuda_event,cuda
34,encoder.layers.encoder_layer_2.mlp.0,Linear,0.25504,2.308594,929562624.0,2362368,0,16,0.25504,counter,"[1, 197, 768]","[1, 197, 3072]",1316.54,0.0,2.309,cuda_event,cuda
34,encoder.layers.encoder_layer_2.mlp.1,GELU,0.01325,2.308594,4841472.0,0,0,17,0.01325,analytic,"[1, 197, 3072]","[1, 197, 3072]",1316.54,0.0,2.309,cuda_event,cuda
34,encoder.layers.encoder_layer_2.mlp.3,Linear,0.24269,0.577148,929562624.0,2360064,0,18,0.24269,counter,"[1, 197, 3072]","[1, 197, 768]",1316.54,0.0,0.577,cuda_event,cuda
34,encoder.layers.encoder_layer_3.ln_1,LayerNorm,0.00998,0.577148,756480.0,1536,0,19,0.00998,analytic,"[1, 197, 768]","[1, 197, 768]",1316.54,0.0,0.577,cuda_event,cuda
34,encoder.layers.encoder_layer_3.self_attention,MultiheadAttention,0.34371,0.577148,1048783872.0,2362368,0,20,0.34371,counter,"[1, 197, 768]","[1, 197, 768]",1316.54,0.0,0.577,cuda_event,cuda
34,encoder.layers.encoder_layer_3.ln_2,LayerNorm,0.0105,0.577148,756480.0,1536,0,21,0.0105,analytic,"[1, 197, 768]","[1, 197, 768]",1316.54,0.0,0.577,cuda_event,cuda
34,encoder.layers.encoder_layer_3.mlp.0,Linear,0.25443,2.308594,929562624.0,2362368,0,22,0.25443,counter,"[1, 197, 768]","[1, 197, 3072]",1316.54,0.0,2.309,cuda_event,cuda
34,encoder.layers.encoder_layer_3.mlp.1,GELU,0.01414,2.308594,4841472.0,0,0,23,0.01414,analytic,"[1, 197, 3072]","[1, 197, 3072]",1316.54,0.0,2.309,cuda_event,cuda
34,encoder.layers.encoder_layer_3.mlp.3,Linear,0.24086,0.577148,929562624.0,2360064,0,24,0.24086,counter,"[1, 197, 3072]","[1, 197, 768]",1316.54,0.0,0.577,cuda_event,cuda
34,encoder.layers.encoder_layer_4.ln_1,LayerNorm,0.00982,0.577148,756480.0,1536,0,25,0.00982,analytic,"[1, 197, 768]","[1, 197, 768]",1316.54,0.0,0.577,cuda_event,cuda
34,encoder.layers.encoder_layer_4.self_attention,MultiheadAttention,0.34429,0.577148,1048783872.0,2362368,0,26,0.34429,counter,"[1, 197, 768]","[1, 197, 768]",1316.54,0.0,0.577,cuda_event,cuda
34,encoder.layers.encoder_layer_4.ln_2,LayerNorm,0.0103,0.577148,756480.0,1536,0,27,0.0103,analytic,"[1, 197, 768]","[1, 197, 768]",1316.54,0.0,0.577,cuda_event,cuda
34,encoder.layers.encoder_layer_4.mlp.0,Linear,0.25344,2.308594,929562624.0,2362368,0,28,0.25344,counter,"[1, 197, 768]","[1, 197, 3072]",1316.54,0.0,2.309,cuda_event,cuda
34,encoder.layers.encoder_layer_4.mlp.1,GELU,0.01414,2.308594,4841472.0,0,0,29,0.01414,analytic,"[1, 197, 3072]","[1, 197, 3072]",1316.54,0.0,2.309,cuda_event,cuda
34,encoder.layers.encoder_layer_4.mlp.3,Linear,0.24045,0.577148,929562624.0,2360064,0,30,0.24045,counter,"[1, 197, 3072]","[1, 197, 768]",1316.54,0.0,0.577,cuda_event,cuda
34,encoder.layers.encoder_layer_5.ln_1,LayerNorm,0.01002,0.577148,756480.0,1536,0,31,0.01002,analytic,"[1, 197, 768]","[1, 197, 768]",1316.54,0.0,0.577,cuda_event,cuda
34,encoder.layers.encoder_layer_5.self_attention,MultiheadAttention,0.34451,0.577148,1048783872.0,2362368,0,32,0.34451,counter,"[1, 197, 768]","[1, 197, 768]",1316.54,0.0,0.577,cuda_event,cuda
34,encoder.layers.encoder_layer_5.ln_2,LayerNorm,0.01011,0.577148,756480.0,1536,0,33,0.01011,analytic,"[1, 197, 768]","[1, 197, 768]",1316.54,0.0,0.577,cuda_event,cuda
34,encoder.layers.encoder_layer_5.mlp.0,Linear,0.2545,2.308594,929562624.0,2362368,0,34,0.2545,counter,"[1, 197, 768]","[1, 197, 3072]",1316.54,0.0,2.309,cuda_event,cuda
34,encoder.layers.encoder_layer_5.mlp.1,GELU,0.0144,2.308594,4841472.0,0,0,35,0.0144,analytic,"[1, 197, 3072]","[1, 197, 3072]",1316.54,0.0,2.309,cuda_event,cuda
34,encoder.layers.encoder_layer_5.mlp.3,Linear,0.23965,0.577148,929562624.0,2360064,0,36,0.23965,counter,"[1, 197, 3072]","[1, 197, 768]",1316.54,0.0,0.577,cuda_event,cuda
34,encoder.layers.encoder_layer_6.ln_1,LayerNorm,0.00989,0.577148,756480.0,1536,0,37,0.00989,analytic,"[1, 197, 768]","[1, 197, 768]",1316.54,0.0,0.577,cuda_event,cuda
34,encoder.layers.encoder_layer_6.self_attention,MultiheadAttention,0.34477,0.577148,1048783872.0,2362368,0,38,0.34477,counter,"[1, 197, 768]","[1, 197, 768]",1316.54,0.0,0.577,cuda_event,cuda
34,encoder.layers.encoder_layer_6.ln_2,LayerNorm,0.01002,0.577148,756480.0,1536,0,39,0.01002,analytic,"[1, 197, 768]","[1, 197, 768]",1316.54,0.0,0.577,cuda_event,cuda
34,encoder.layers.encoder_layer_6.mlp.0,Linear,0.25222,2.308594,929562624.0,2362368,0,40,0.25222,counter,"[1, 197, 768]","[1, 197, 3072]",1316.54,0.0,2.309,cuda_event,cuda
34,encoder.layers.encoder_layer_6.mlp.1,GELU,0.01434,2.308594,4841472.0,0,0,41,0.01434,analytic,"[1, 197, 3072]","[1, 197, 3072]",1316.54,0.0,2.309,cuda_event,cuda
34,encoder.layers.encoder_layer_6.mlp.3,Linear,0.24115,0.577148,929562624.0,2360064,0,42,0.24115,counter,"[1, 197, 3072]","[1, 197, 768]",1316.54,0.0,0.577,cuda_event,cuda
34,encoder.layers.encoder_layer_7.ln_1,LayerNorm,0.01011,0.577148,756480.0,1536,0,43,0.01011,analytic,"[1, 197, 768]","[1, 197, 768]",1316.54,0.0,0.577,cuda_event,cuda
34,encoder.layers.encoder_layer_7.self_attention,MultiheadAttention,0.34355,0.577148,1048783872.0,2362368,0,44,0.34355,counter,"[1, 197, 768]","[1, 197, 768]",1316.54,0.0,0.577,cuda_event,cuda
34,encoder.layers.encoder_layer_7.ln_2,LayerNorm,0.01062,0.577148,756480.0,1536,0,45,0.01062,analytic,"[1, 197, 768]","[1, 197, 768]",1316.54,0.0,0.577,cuda_event,cuda
34,encoder.layers.encoder_layer_7.mlp.0,Linear,0.25242,2.308594,929562624.0,2362368,0,46,0.25242,counter,"[1, 197, 768]","[1, 197, 3072]",1316.54,0.0,2.309,cuda_event,cuda
34,encoder.layers.encoder_layer_7.mlp.1,GELU,0.01498,2.308594,4841472.0,0,0,47,0.01498,analytic,"[1, 197, 3072]","[1, 197, 3072]",1316.54,0.0,2.309,cuda_event,cuda
34,encoder.layers.encoder_layer_7.mlp.3,Linear,0.23792,0.577148,929562624.0,2360064,0,48,0.23792,counter,"[1, 197, 3072]","[1, 197, 768]",1316.54,0.0,0.577,cuda_event,cuda
34,encoder.layers.encoder_layer_8.ln_1,LayerNorm,0.00886,0.577148,756480.0,1536,0,49,0.00886,analytic,"[1, 197, 768]","[1, 197, 768]",1316.54,0.0,0.577,cuda_event,cuda
34,encoder.layers.encoder_layer_8.self_attention,MultiheadAttention,0.32262,0.577148,1048783872.0,2362368,0,50,0.32262,counter,"[1, 197, 768]","[1, 197, 768]",1316.54,0.0,0.577,cuda_event,cuda
34,encoder.layers.encoder_layer_8.ln_2,LayerNorm,0.01024,0.577148,756480.0,1536,0,51,0.01024,analytic,"[1, 197, 768]","[1, 197, 768]",1316.54,0.0,0.577,cuda_event,cuda
34,encoder.layers.encoder_layer_8.mlp.0,Linear,0.23942,2.308594,929562624.0,2362368,0,52,0.23942,counter,"[1, 197, 768]","[1, 197, 3072]",1316.54,0.0,2.309,cuda_event,cuda
34,encoder.layers.encoder_layer_8.mlp.1,GELU,0.01456,2.308594,4841472.0,0,0,53,0.01456,analytic,"[1, 197, 3072]","[1, 197, 3072]",1316.54,0.0,2.309,cuda_event,cuda
34,encoder.layers.encoder_layer_8.mlp.3,Linear,0.22733,0.577148,929562624.0,2360064,0,54,0.22733,counter,"[1, 197, 3072]","[1, 197, 768]",1316.54,0.0,0.577,cuda_event,cuda
34,encoder.layers.encoder_layer_9.ln_1,LayerNorm,0.01014,0.577148,756480.0,1536,0,55,0.01014,analytic,"[1, 197, 768]","[1, 197, 768]",1316.54,0.0,0.577,cuda_event,cuda
34,encoder.layers.encoder_layer_9.self_attention,MultiheadAttention,0.32291,0.577148,1048783872.0,2362368,0,56,0.32291,counter,"[1, 197, 768]","[1, 197, 768]",1316.54,0.0,0.577,cuda_event,cuda
34,encoder.layers.encoder_layer_9.ln_2,LayerNorm,0.00915,0.577148,756480.0,1536,0,57,0.00915,analytic,"[1, 197, 768]","[1, 197, 768]",1316.54,0.0,0.577,cuda_event,cuda
34,encoder.layers.encoder_layer_9.mlp.0,Linear,0.24131,2.308594,929562624.0,2362368,0,58,0.24131,counter,"[1, 197, 768]","[1, 197, 3072]",1316.54,0.0,2.309,cuda_event,cuda
34,encoder.layers.encoder_layer_9.mlp.1,GELU,0.01475,2.308594,4841472.0,0,0,59,0.01475,analytic,"[1, 197, 3072]","[1, 197, 3072]",1316.54,0.0,2.309,cuda_event,cuda
34,encoder.layers.encoder_layer_9.mlp.3,Linear,0.22848,0.577148,929562624.0,2360064,0,60,0.22848,counter,"[1, 197, 3072]","[1, 197, 768]",1316.54,0.0,0.577,cuda_event,cuda
34,encoder.layers.encoder_layer_10.ln_1,LayerNorm,0.00986,0.577148,756480.0,1536,0,61,0.00986,analytic,"[1, 197, 768]","[1, 197, 768]",1316.54,0.0,0.577,cuda_event,cuda
34,encoder.layers.encoder_layer_10.self_attention,MultiheadAttention,0.32237,0.577148,1048783872.0,2362368,0,62,0.32237,counter,"[1, 197, 768]","[1, 197, 768]",1316.54,0.0,0.577,cuda_event,cuda
34,encoder.layers.encoder_layer_10.ln_2,LayerNorm,0.00966,0.577148,756480.0,1536,0,63,0.00966,analytic,"[1, 197, 768]","[1, 197, 768]",1316.54,0.0,0.577,cuda_event,cuda
34,encoder.layers.encoder_layer_10.mlp.0,Linear,0.23818,2.308594,929562624.0,2362368,0,64,0.23818,counter,"[1, 197, 768]","[1, 197, 3072]",1316.54,0.0,2.309,cuda_event,cuda
34,encoder.layers.encoder_layer_10.mlp.1,GELU,0.01434,2.308594,4841472.0,0,0,65,0.01434,analytic,"[1, 197, 3072]","[1, 197, 3072]",1316.54,0.0,2.309,cuda_event,cuda
34,encoder.layers.encoder_layer_10.mlp.3,Linear,0.22733,0.577148,929562624.0,2360064,0,66,0.22733,counter,"[1, 197, 3072]","[1, 197, 768]",1316.54,0.0,0.577,cuda_event,cuda
34,encoder.layers.encoder_layer_11.ln_1,LayerNorm,0.01024,0.577148,756480.0,1536,0,67,0.01024,analytic,"[1, 197, 768]","[1, 197, 768]",1316.54,0.0,0.577,cuda_event,cuda
34,encoder.layers.encoder_layer_11.self_attention,MultiheadAttention,0.32352,0.577148,1048783872.0,2362368,0,68,0.32352,counter,"[1, 197, 768]","[1, 197, 768]",1316.54,0.0,0.577,cuda_event,cuda
34,encoder.layers.encoder_layer_11.ln_2,LayerNorm,0.00986,0.577148,756480.0,1536,0,69,0.00986,analytic,"[1, 197, 768]","[1, 197, 768]",1316.54,0.0,0.577,cuda_event,cuda
34,encoder.layers.encoder_layer_11.mlp.0,Linear,0.2393,2.308594,929562624.0,2362368,0,70,0.2393,counter,"[1, 197, 768]","[1, 197, 3072]",1316.54,0.0,2.309,cuda_event,cuda
34,encoder.layers.encoder_layer_11.mlp.1,GELU,0.01456,2.308594,4841472.0,0,0,71,0.01456,analytic,"[1, 197, 3072]","[1, 197, 3072]",1316.54,0.0,2.309,cuda_event,cuda
34,encoder.layers.encoder_layer_11.mlp.3,Linear,0.22739,0.577148,929562624.0,2360064,0,72,0.22739,counter,"[1, 197, 3072]","[1, 197, 768]",1316.54,0.0,0.577,cuda_event,cuda
34,encoder.ln,LayerNorm,0.01011,0.577148,756480.0,1536,0,73,0.01011,analytic,"[1, 197, 768]","[1, 197, 768]",1316.54,0.0,0.577,cuda_event,cuda
34,heads.head,Linear,0.01654,0.003815,1536000.0,769000,0,74,0.01654,counter,"[1, 768]","[1, 1000]",1316.54,0.0,0.004,cuda_event,cuda
35,conv_proj,Conv2d,0.19046,0.574219,231211008.0,590592,0,0,0.19046,counter,"[1, 3, 224, 224]","[1, 768, 14, 14]",1316.55,0.0,0.574,cuda_event,cuda
35,encoder.layers.encoder_layer_0.ln_1,LayerNorm,0.00995,0.577148,756480.0,1536,0,1,0.00995,analytic,"[1, 197, 768]","[1, 197, 768]",1316.55,0.0,0.577,cuda_event,cuda
35,encoder.layers.encoder_layer_0.self_attention,MultiheadAttention,0.32186,0.577148,1048783872.0,2362368,0,2,0.32186,counter,"[1, 197, 768]","[1, 197, 768]",1316.55,0.0,0.577,cuda_event,cuda
35,encoder.layers.encoder_layer_0.ln_2,LayerNorm,0.00966,0.577148,756480.0,1536,0,3,0.00966,analytic,"[1, 197, 768]","[1, 197, 768]",1316.55,0.0,0.577,cuda_event,cuda
35,encoder.layers.encoder_layer_0.mlp.0,Linear,0.23958,2.308594,929562624.0,2362368,0,4,0.23958,counter,"[1, 197, 768]","[1, 197, 3072]",1316.55,0.0,2.309,cuda_event,cuda
35,encoder.layers.encoder_layer_0.mlp.1,GELU,0.01466,2.308594,4841472.0,0,0,5,0.01466,analytic,"[1, 197, 3072]","[1, 197, 3072]",1316.55,0.0,2.309,cuda_event,cuda
35,encoder.layers.encoder_layer_0.mlp.3,Linear,0.22576,0.577148,929562624.0,2360064,0,6,0.22576,counter,"[1, 197, 3072]","[1, 197, 768]",1316.55,0.0,0.577,cuda_event,cuda
35,encoder.layers.encoder_layer_1.ln_1,LayerNorm,0.01024,0.577148,756480.0,1536,0,7,0.01024,analytic,"[1, 197, 768]","[1, 197, 768]",1316.55,0.0,0.577,cuda_event,cuda
35,encoder.layers.encoder_layer_1.self_attention,MultiheadAttention,0.32154,0.577148,1048783872.0,2362368,0,8,0.32154,counter,"[1, 197, 768]","[1, 197, 768]",1316.55,0.0,0.577,cuda_event,cuda
35,encoder.layers.encoder_layer_1.ln_2,LayerNorm,0.01024,0.577148,756480.0,1536,0,9,0.01024,analytic,"[1, 197, 768]","[1, 197, 768]",1316.55,0.0,0.577,cuda_event,cuda
35,encoder.layers.encoder_layer_1.mlp.0,Linear,0.2391,2.308594,929562624.0,2362368,0,10,0.2391,counter,"[1, 197, 768]","[1, 197, 3072]",1316.55,0.0,2.309,cuda_event,cuda
35,encoder.layers.encoder_layer_1.mlp.1,GELU,0.01408,2.308594,4841472.0,0,0,11,0.01408,analytic,"[1, 197, 3072]","[1, 197, 3072]",1316.55,0.0,2.309,cuda_event,cuda
35,encoder.layers.encoder_layer_1.mlp.3,Linear,0.22406,0.577148,929562624.0,2360064,0,12,0.22406,counter,"[1, 197, 3072]","[1, 197, 768]",1316.55,0.0,0.577,cuda_event,cuda
35,encoder.layers.encoder_layer_2.ln_1,LayerNorm,0.01018,0.577148,756480.0,1536,0,13,0.01018,analytic,"[1, 197, 768]","[1, 197, 768]",1316.55,0.0,0.577,cuda_event,cuda
35,encoder.layers.encoder_layer_2.self_attention,MultiheadAttention,0.32166,0.577148,1048783872.0,2362368,0,14,0.32166,counter,"[1, 197, 768]","[1, 197, 768]",1316.55,0.0,0.577,cuda_event,cuda
35,encoder.layers.encoder_layer_2.ln_2,LayerNorm,0.00931,0.577148,756480.0,1536,0,15,0.00931,analytic,"[1, 197, 768]","[1, 197, 768]",1316.55,0.0,0.577,cuda_event,cuda
35,encoder.layers.encoder_layer_2.mlp.0,Linear,0.23962,2.308594,929562624.0,2362368,0,16,0.23962,counter,"[1, 197, 768]","[1, 197, 3072]",1316.55,0.0,2.309,cuda_event,cuda
35,encoder.layers.encoder_layer_2.mlp.1,GELU,0.01376,2.308594,4841472.0,0,0,17,0.01376,analytic,"[1, 197, 3072]","[1, 197, 3072]",1316.55,0.0,2.309,cuda_event,cuda
35,encoder.layers.encoder_layer_2.mlp.3,Linear,0.22598,0.577148,929562624.0,2360064,0,18,0.22598,counter,"[1, 197, 3072]","[1, 197, 768]",1316.55,0.0,0.577,cuda_event,cuda
35,encoder.layers.encoder_layer_3.ln_1,LayerNorm,0.00966,0.577148,756480.0,1536,0,19,0.00966,analytic,"[1, 197, 768]","[1, 197, 768]",1316.55,0.0,0.577,cuda_event,cuda
35,encoder.layers.encoder_layer_3.self_attention,MultiheadAttention,0.32221,0.577148,1048783872.0,2362368,0,20,0.32221,counter,"[1, 197, 768]","[1, 197, 768]",1316.55,0.0,0.577,cuda_event,cuda
35,encoder.layers.encoder_layer_3.ln_2,LayerNorm,0.00986,0.577148,756480.0,1536,0,21,0.00986,analytic,"[1, 197, 768]","[1, 197, 768]",1316.55,0.0,0.577,cuda_event,cuda
35,encoder.layers.encoder_layer_3.mlp.0,Linear,0.23971,2.308594,929562624.0,2362368,0,22,0.23971,counter,"[1, 197, 768]","[1, 197, 3072]",1316.55,0.0,2.309,cuda_event,cuda
35,encoder.layers.encoder_layer_3.mlp.1,GELU,0.01459,2.308594,4841472.0,0,0,23,0.01459,analytic,"[1, 197, 3072]","[1, 197, 3072]",1316.55,0.0,2.309,cuda_event,cuda
35,encoder.layers.encoder_layer_3.mlp.3,Linear,0.22698,0.577148,929562624.0,2360064,0,24,0.22698,counter,"[1, 197, 3072]","[1, 197, 768]",1316.55,0.0,0.577,cuda_event,cuda
35,encoder.layers.encoder_layer_4.ln_1,LayerNorm,0.01021,0.577148,756480.0,1536,0,25,0.01021,analytic,"[1, 197, 768]","[1, 197, 768]",1316.55,0.0,0.577,cuda_event,cuda
35,encoder.layers.encoder_layer_4.self_attention,MultiheadAttention,0.32307,0.577148,1048783872.0,2362368,0,26,0.32307,counter,"[1, 197, 768]","[1, 197, 768]",1316.55,0.0,0.577,cuda_event,cuda
35,encoder.layers.encoder_layer_4.ln_2,LayerNorm,0.00899,0.577148,756480.0,1536,0,27,0.00899,analytic,"[1, 197, 768]","[1, 197, 768]",1316.55,0.0,0.577,cuda_event,cuda
35,encoder.layers.encoder_layer_4.mlp.0,Linear,0.23955,2.308594,929562624.0,2362368,0,28,0.23955,counter,"[1, 197, 768]","[1, 197, 3072]",1316.55,0.0,2.309,cuda_event,cuda
35,encoder.layers.encoder_layer_4.mlp.1,GELU,0.01421,2.308594,4841472.0,0,0,29,0.01421,analytic,"[1, 197, 3072]","[1, 197, 3072]",1316.55,0.0,2.309,cuda_event,cuda
35,encoder.layers.encoder_layer_4.mlp.3,Linear,0.22749,0.577148,929562624.0,2360064,0,30,0.22749,counter,"[1, 197, 3072]","[1, 197, 768]",1316.55,0.0,0.577,cuda_event,cuda
35,encoder.layers.encoder_layer_5.ln_1,LayerNorm,0.00902,0.577148,756480.0,1536,0,31,0.00902,analytic,"[1, 197, 768]","[1, 197, 768]",1316.55,0.0,0.577,cuda_event,cuda
35,encoder.layers.encoder_layer_5.self_attention,MultiheadAttention,0.32154,0.577148,1048783872.0,2362368,0,32,0.32154,counter,"[1, 197, 768]","[1, 197, 768]",1316.55,0.0,0.577,cuda_event,cuda
35,encoder.layers.encoder_layer_5.ln_2,LayerNorm,0.00963,0.577148,756480.0,1536,0,33,0.00963,analytic,"[1, 197, 768]","[1, 197, 768]",1316.55,0.0,0.577,cuda_event,cuda
35,encoder.layers.encoder_layer_5.mlp.0,Linear,0.23974,2.308594,929562624.0,2362368,0,34,0.23974,counter,"[1, 197, 768]","[1, 197, 3072]",1316.55,0.0,2.309,cuda_event,cuda
35,encoder.layers.encoder_layer_5.mlp.1,GELU,0.01411,2.308594,4841472.0,0,0,35,0.01411,analytic,"[1, 197, 3072]","[1, 197, 3072]",1316.55,0.0,2.309,cuda_event,cuda
35,encoder.layers.encoder_layer_5.mlp.3,Linear,0.22406,0.577148,929562624.0,2360064,0,36,0.22406,counter,"[1, 197, 3072]","[1, 197, 768]",1316.55,0.0,0.577,cuda_event,cuda
35,encoder.layers.encoder_layer_6.ln_1,LayerNorm,0.00957,0.577148,756480.0,1536,0,37,0.00957,analytic,"[1, 197, 768]","[1, 197, 768]",1316.55,0.0,0.577,cuda_event,cuda
35,encoder.layers.encoder_layer_6.self_attention,MultiheadAttention,0.32189,0.577148,1048783872.0,2362368,0,38,0.32189,counter,"[1, 197, 768]","[1, 197, 768]",1316.55,0.0,0.577,cuda_event,cuda
35,encoder.layers.encoder_layer_6.ln_2,LayerNorm,0.00886,0.577148,756480.0,1536,0,39,0.00886,analytic,"[1, 197, 768]","[1, 197, 768]",1316.55,0.0,0.577,cuda_event,cuda
35,encoder.layers.encoder_layer_6.mlp.0,Linear,0.23904,2.308594,929562624.0,2362368,0,40,0.23904,counter,"[1, 197, 768]","[1, 197, 3072]",1316.55,0.0,2.309,cuda_event,cuda
35,encoder.layers.encoder_layer_6.mlp.1,GELU,0.01424,2.308594,4841472.0,0,0,41,0.01424,analytic,"[1, 197, 3072]","[1, 197, 3072]",1316.55,0.0,2.309,cuda_event,cuda
35,encoder.layers.encoder_layer_6.mlp.3,Linear,0.22602,0.577148,929562624.0,2360064,0,42,0.22602,counter,"[1, 197, 3072]","[1, 197, 768]",1316.55,0.0,0.577,cuda_event,cuda
35,encoder.layers.encoder_layer_7.ln_1,LayerNorm,0.0088,0.577148,756480.0,1536,0,43,0.0088,analytic,"[1, 197, 768]","[1, 197, 768]",1316.55,0.0,0.577,cuda_event,cuda
35,encoder.layers.encoder_layer_7.self_attention,MultiheadAttention,0.30906,0.577148,1048783872.0,2362368,0,44,0.30906,counter,"[1, 197, 768]","[1, 197, 768]",1316.55,0.0,0.577,cuda_event,cuda
35,encoder.layers.encoder_layer_7.ln_2,LayerNorm,0.00877,0.577148,756480.0,1536,0,45,0.00877,analytic,"[1, 197, 768]","[1, 197, 768]",1316.55,0.0,0.577,cuda_event,cuda
35,encoder.layers.encoder_layer_7.mlp.0,Linear,0.22682,2.308594,929562624.0,2362368,0,46,0.22682,counter,"[1, 197, 768]","[1, 197, 3072]",1316.55,0.0,2.309,cuda_event,cuda
35,encoder.layers.encoder_layer_7.mlp.1,GELU,0.01398,2.308594,4841472.0,0,0,47,0.01398,analytic,"[1, 197, 3072]","[1, 197, 3072]",1316.55,0.0,2.309,cuda_event,cuda
35,encoder.layers.encoder_layer_7.mlp.3,Linear,0.21331,0.577148,929562624.0,2360064,0,48,0.21331,counter,"[1, 197, 3072]","[1, 197, 768]",1316.55,0.0,0.577,cuda_event,cuda
35,encoder.layers.encoder_layer_8.ln_1,LayerNorm,0.00819,0.577148,756480.0,1536,0,49,0.00819,analytic,"[1, 197, 768]","[1, 197, 768]",1316.55,0.0,0.577,cuda_event,cuda
35,encoder.layers.encoder_layer_8.self_attention,MultiheadAttention,0.30106,0.577148,1048783872.0,2362368,0,50,0.30106,counter,"[1, 197, 768]","[1, 197, 768]",1316.55,0.0,0.577,cuda_event,cuda
35,encoder.layers.encoder_layer_8.ln_2,LayerNorm,0.00864,0.577148,756480.0,1536,0,51,0.00864,analytic,"[1, 197, 768]","[1, 197, 768]",1316.55,0.0,0.577,cuda_event,cuda
35,encoder.layers.encoder_layer_8.mlp.0,Linear,0.2233,2.308594,929562624.0,2362368,0,52,0.2233,counter,"[1, 197, 768]","[1, 197, 3072]",1316.55,0.0,2.309,cuda_event,cuda
35,encoder.layers.encoder_layer_8.mlp.1,GELU,0.01434,2.308594,4841472.0,0,0,53,0.01434,analytic,"[1, 197, 3072]","[1, 197, 3072]",1316.55,0.0,2.309,cuda_event,cuda
35,encoder.layers.encoder_layer_8.mlp.3,Linear,0.21485,0.577148,929562624.0,2360064,0,54,0.21485,counter,"[1, 197, 3072]","[1, 197, 768]",1316.55,0.0,0.577,cuda_event,cuda
35,encoder.layers.encoder_layer_9.ln_1,LayerNorm,0.01002,0.577148,756480.0,1536,0,55,0.01002,analytic,"[1, 197, 768]","[1, 197, 768]",1316.55,0.0,0.577,cuda_event,cuda
35,encoder.layers.encoder_layer_9.self_attention,MultiheadAttention,0.30138,0.577148,1048783872.0,2362368,0,56,0.30138,counter,"[1, 197, 768]","[1, 197, 768]",1316.55,0.0,0.577,cuda_event,cuda
35,encoder.layers.encoder_layer_9.ln_2,LayerNorm,0.00826,0.577148,756480.0,1536,0,57,0.00826,analytic,"[1, 197, 768]","[1, 197, 768]",1316.55,0.0,0.577,cuda_event,cuda
35,encoder.layers.encoder_layer_9.mlp.0,Linear,0.22528,2.308594,929562624.0,2362368,0,58,0.22528,counter,"[1, 197, 768]","[1, 197, 3072]",1316.55,0.0,2.309,cuda_event,cuda
35,encoder.layers.encoder_layer_9.mlp.1,GELU,0.01402,2.308594,4841472.0,0,0,59,0.01402,analytic,"[1, 197, 3072]","[1, 197, 3072]",1316.55,0.0,2.309,cuda_event,cuda
35,encoder.layers.encoder_layer_9.mlp.3,Linear,0.21472,0.577148,929562624.0,2360064,0,60,0.21472,counter,"[1, 197, 3072]","[1, 197, 768]",1316.55,0.0,0.577,cuda_event,cuda
35,encoder.layers.encoder_layer_10.ln_1,LayerNorm,0.00845,0.577148,756480.0,1536,0,61,0.00845,analytic,"[1, 197, 768]","[1, 197, 768]",1316.55,0.0,0.577,cuda_event,cuda
35,encoder.layers.encoder_layer_10.self_attention,MultiheadAttention,0.30042,0.577148,1048783872.0,2362368,0,62,0.30042,counter,"[1, 197, 768]","[1, 197, 768]",1316.55,0.0,0.577,cuda_event,cuda
35,encoder.layers.encoder_layer_10.ln_2,LayerNorm,0.0089,0.577148,756480.0,1536,0,63,0.0089,analytic,"[1, 197, 768]","[1, 197, 768]",1316.55,0.0,0.577,cuda_event,cuda
35,encoder.layers.encoder_layer_10.mlp.0,Linear,0.22365,2.308594,929562624.0,2362368,0,64,0.22365,counter,"[1, 197, 768]","[1, 197, 3072]",1316.55,0.0,2.309,cuda_event,cuda
35,encoder.layers.encoder_layer_10.mlp.1,GELU,0.01434,2.308594,4841472.0,0,0,65,0.01434,analytic,"[1, 197, 3072]","[1, 197, 3072]",1316.55,0.0,2.309,cuda_event,cuda
35,encoder.layers.encoder_layer_10.mlp.3,Linear,0.21299,0.577148,929562624.0,2360064,0,66,0.21299,counter,"[1, 197, 3072]","[1, 197, 768]",1316.55,0.0,0.577,cuda_event,cuda
35,encoder.layers.encoder_layer_11.ln_1,LayerNorm,0.00989,0.577148,756480.0,1536,0,67,0.00989,analytic,"[1, 197, 768]","[1, 197, 768]",1316.55,0.0,0.577,cuda_event,cuda
35,encoder.layers.encoder_layer_11.self_attention,MultiheadAttention,0.30118,0.577148,1048783872.0,2362368,0,68,0.30118,counter,"[1, 197, 768]","[1, 197, 768]",1316.55,0.0,0.577,cuda_event,cuda
35,encoder.layers.encoder_layer_11.ln_2,LayerNorm,0.00874,0.577148,756480.0,1536,0,69,0.00874,analytic,"[1, 197, 768]","[1, 197, 768]",1316.55,0.0,0.577,cuda_event,cuda
35,encoder.layers.encoder_layer_11.mlp.0,Linear,0.22566,2.308594,929562624.0,2362368,0,70,0.22566,counter,"[1, 197, 768]","[1, 197, 3072]",1316.55,0.0,2.309,cuda_event,cuda
35,encoder.layers.encoder_layer_11.mlp.1,GELU,0.01539,2.308594,4841472.0,0,0,71,0.01539,analytic,"[1, 197, 3072]","[1, 197, 3072]",1316.55,0.0,2.309,cuda_event,cuda
35,encoder.layers.encoder_layer_11.mlp.3,Linear,0.21606,0.577148,929562624.0,2360064,0,72,0.21606,counter,"[1, 197, 3072]","[1, 197, 768]",1316.55,0.0,0.577,cuda_event,cuda
35,encoder.ln,LayerNorm,0.00864,0.577148,756480.0,1536,0,73,0.00864,analytic,"[1, 197, 768]","[1, 197, 768]",1316.55,0.0,0.577,cuda_event,cuda
35,heads.head,Linear,0.01776,0.003815,1536000.0,769000,0,74,0.01776,counter,"[1, 768]","[1, 1000]",1316.55,0.0,0.004,cuda_event,cuda
36,conv_proj,Conv2d,0.17658,0.574219,231211008.0,590592,0,0,0.17658,counter,"[1, 3, 224, 224]","[1, 768, 14, 14]",1316.55,0.0,0.574,cuda_event,cuda
36,encoder.layers.encoder_layer_0.ln_1,LayerNorm,0.00829,0.577148,756480.0,1536,0,1,0.00829,analytic,"[1, 197, 768]","[1, 197, 768]",1316.55,0.0,0.577,cuda_event,cuda
36,encoder.layers.encoder_layer_0.self_attention,MultiheadAttention,0.30106,0.577148,1048783872.0,2362368,0,2,0.30106,counter,"[1, 197, 768]","[1, 197, 768]",1316.55,0.0,0.577,cuda_event,cuda
36,encoder.layers.encoder_layer_0.ln_2,LayerNorm,0.00979,0.577148,756480.0,1536,0,3,0.00979,analytic,"[1, 197, 768]","[1, 197, 768]",1316.55,0.0,0.577,cuda_event,cuda
36,encoder.layers.encoder_layer_0.mlp.0,Linear,0.22371,2.308594,929562624.0,2362368,0,4,0.22371,counter,"[1, 197, 768]","[1, 197, 3072]",1316.55,0.0,2.309,cuda_event,cuda
36,encoder.layers.encoder_layer_0.mlp.1,GELU,0.01434,2.308594,4841472.0,0,0,5,0.01434,analytic,"[1, 197, 3072]","[1, 197, 3072]",1316.55,0.0,2.309,cuda_event,cuda
36,encoder.layers.encoder_layer_0.mlp.3,Linear,0.21302,0.577148,929562624.0,2360064,0,6,0.21302,counter,"[1, 197, 3072]","[1, 197, 768]",1316.55,0.0,0.577,cuda_event,cuda
36,encoder.layers.encoder_layer_1.ln_1,LayerNorm,0.00893,0.577148,756480.0,1536,0,7,0.00893,analytic,"[1, 197, 768]","[1, 197, 768]",1316.55,0.0,0.577,cuda_event,cuda
36,encoder.layers.encoder_layer_1.self_attention,MultiheadAttention,0.30102,0.577148,1048783872.0,2362368,0,8,0.30102,counter,"[1, 197, 768]","[1, 197, 768]",1316.55,0.0,0.577,cuda_event,cuda
36,encoder.layers.encoder_layer_1.ln_2,LayerNorm,0.0088,0.577148,756480.0,1536,0,9,0.0088,analytic,"[1, 197, 768]","[1, 197, 768]",1316.55,0.0,0.577,cuda_event,cuda
36,encoder.layers.encoder_layer_1.mlp.0,Linear,0.22528,2.308594,929562624.0,2362368,0,10,0.22528,counter,"[1, 197, 768]","[1, 197, 3072]",1316.55,0.0,2.309,cuda_event,cuda
36,encoder.layers.encoder_layer_1.mlp.1,GELU,0.01434,2.308594,4841472.0,0,0,11,0.01434,analytic,"[1, 197, 3072]","[1, 197, 3072]",1316.55,0.0,2.309,cuda_event,cuda
36,encoder.layers.encoder_layer_1.mlp.3,Linear,0.21267,0.577148,929562624.0,2360064,0,12,0.21267,counter,"[1, 197, 3072]","[1, 197, 768]",1316.55,0.0,0.577,cuda_event,cuda
36,encoder.layers.encoder_layer_2.ln_1,LayerNorm,0.00819,0.577148,756480.0,1536,0,13,0.00819,analytic,"[1, 197, 768]","[1, 197, 768]",1316.55,0.0,0.577,cuda_event,cuda
36,encoder.layers.encoder_layer_2.self_attention,MultiheadAttention,0.30106,0.577148,1048783872.0,2362368,0,14,0.30106,counter,"[1, 197, 768]","[1, 197, 768]",1316.55,0.0,0.577,cuda_event,cuda
36,encoder.layers.encoder_layer_2.ln_2,LayerNorm,0.00819,0.577148,756480.0,1536,0,15,0.00819,analytic,"[1, 197, 768]","[1, 197, 768]",1316.55,0.0,0.577,cuda_event,cuda
36,encoder.layers.encoder_layer_2.mlp.0,Linear,0.22502,2.308594,929562624.0,2362368,0,16,0.22502,counter,"[1, 197, 768]","[1, 197, 3072]",1316.55,0.0,2.309,cuda_event,cuda
36,encoder.layers.encoder_layer_2.mlp.1,GELU,0.01469,2.308594,4841472.0,0,0,17,0.01469,analytic,"[1, 197, 3072]","[1, 197, 3072]",1316.55,0.0,2.309,cuda_event,cuda
36,encoder.layers.encoder_layer_2.mlp.3,Linear,0.21203,0.577148,929562624.0,2360064,0,18,0.21203,counter,"[1, 197, 3072]","[1, 197, 768]",1316.55,0.0,0.577,cuda_event,cuda
36,encoder.layers.encoder_layer_3.ln_1,LayerNorm,0.0087,0.577148,756480.0,1536,0,19,0.0087,analytic,"[1, 197, 768]","[1, 197, 768]",1316.55,0.0,0.577,cuda_event,cuda
36,encoder.layers.encoder_layer_3.self_attention,MultiheadAttention,0.30106,0.577148,1048783872.0,2362368,0,20,0.30106,counter,"[1, 197, 768]","[1, 197, 768]",1316.55,0.0,0.577,cuda_event,cuda
36,encoder.layers.encoder_layer_3.ln_2,LayerNorm,0.00941,0.577148,756480.0,1536,0,21,0.00941,analytic,"[1, 197, 768]","[1, 197, 768]",1316.55,0.0,0.577,cuda_event,cuda
36,encoder.layers.encoder_layer_3.mlp.0,Linear,0.22557,2.308594,929562624.0,2362368,0,22,0.22557,counter,"[1, 197, 768]","[1, 197, 3072]",1316.55,0.0,2.309,cuda_event,cuda
36,encoder.layers.encoder_layer_3.mlp.1,GELU,0.01421,2.308594,4841472.0,0,0,23,0.01421,analytic,"[1, 197, 3072]","[1, 197, 3072]",1316.55,0.0,2.309,cuda_event,cuda
36,encoder.layers.encoder_layer_3.mlp.3,Linear,0.2153,0.577148,929562624.0,2360064,0,24,0.2153,counter,"[1, 197, 3072]","[1, 197, 768]",1316.55,0.0,0.577,cuda_event,cuda
36,encoder.layers.encoder_layer_4.ln_1,LayerNorm,0.00861,0.577148,756480.0,1536,0,25,0.00861,analytic,"[1, 197, 768]","[1, 197, 768]",1316.55,0.0,0.577,cuda_event,cuda
36,encoder.layers.encoder_layer_4.self_attention,MultiheadAttention,0.30112,0.577148,1048783872.0,2362368,0,26,0.30112,counter,"[1, 197, 768]","[1, 197, 768]",1316.55,0.0,0.577,cuda_event,cuda
36,encoder.layers.encoder_layer_4.ln_2,LayerNorm,0.00931,0.577148,756480.0,1536,0,27,0.00931,analytic,"[1, 197, 768]","[1, 197, 768]",1316.55,0.0,0.577,cuda_event,cuda
36,encoder.layers.encoder_layer_4.mlp.0,Linear,0.22406,2.308594,929562624.0,2362368,0,28,0.22406,counter,"[1, 197, 768]","[1, 197, 3072]",1316.55,0.0,2.309,cuda_event,cuda
36,encoder.layers.encoder_layer_4.mlp.1,GELU,0.01398,2.308594,4841472.0,0,0,29,0.01398,analytic,"[1, 197, 3072]","[1, 197, 3072]",1316.55,0.0,2.309,cuda_event,cuda
36,encoder.layers.encoder_layer_4.mlp.3,Linear,0.21542,0.577148,929562624.0,2360064,0,30,0.21542,counter,"[1, 197, 3072]","[1, 197, 768]",1316.55,0.0,0.577,cuda_event,cuda
36,encoder.layers.encoder_layer_5.ln_1,LayerNorm,0.00944,0.577148,756480.0,1536,0,31,0.00944,analytic,"[1, 197, 768]","[1, 197, 768]",1316.55,0.0,0.577,cuda_event,cuda
36,encoder.layers.encoder_layer_5.self_attention,MultiheadAttention,0.30083,0.577148,1048783872.0,2362368,0,32,0.30083,counter,"[1, 197, 768]","[1, 197, 768]",1316.55,0.0,0.577,cuda_event,cuda
36,encoder.layers.encoder_layer_5.ln_2,LayerNorm,0.0095,0.577148,756480.0,1536,0,33,0.0095,analytic,"[1, 197, 768]","[1, 197, 768]",1316.55,0.0,0.577,cuda_event,cuda
36,encoder.layers.encoder_layer_5.mlp.0,Linear,0.22602,2.308594,929562624.0,2362368,0,34,0.22602,counter,"[1, 197, 768]","[1, 197, 3072]",1316.55,0.0,2.309,cuda_event,cuda
36,encoder.layers.encoder_layer_5.mlp.1,GELU,0.01414,2.308594,4841472.0,0,0,35,0.01414,analytic,"[1, 197, 3072]","[1, 197, 3072]",1316.55,0.0,2.309,cuda_event,cuda
36,encoder.layers.encoder_layer_5.mlp.3,Linear,0.2145,0.577148,929562624.0,2360064,0,36,0.2145,counter,"[1, 197, 3072]","[1, 197, 768]",1316.55,0.0,0.577,cuda_event,cuda
36,encoder.layers.encoder_layer_6.ln_1,LayerNorm,0.00845,0.577148,756480.0,1536,0,37,0.00845,analytic,"[1, 197, 768]","[1, 197, 768]",1316.55,0.0,0.577,cuda_event,cuda
36,encoder.layers.encoder_layer_6.self_attention,MultiheadAttention,0.30106,0.577148,1048783872.0,2362368,0,38,0.30106,counter,"[1, 197, 768]","[1, 197, 768]",1316.55,0.0,0.577,cuda_event,cuda
36,encoder.layers.encoder_layer_6.ln_2,LayerNorm,0.00877,0.577148,756480.0,1536,0,39,0.00877,analytic,"[1, 197, 768]","[1, 197, 768]",1316.55,0.0,0.577,cuda_event,cuda
36,encoder.layers.encoder_layer_6.mlp.0,Linear,0.22528,2.308594,929562624.0,2362368,0,40,0.22528,counter,"[1, 197, 768]","[1, 197, 3072]",1316.55,0.0,2.309,cuda_event,cuda
36,encoder.layers.encoder_layer_6.mlp.1,GELU,0.0143,2.308594,4841472.0,0,0,41,0.0143,analytic,"[1, 197, 3072]","[1, 197, 3072]",1316.55,0.0,2.309,cuda_event,cuda
36,encoder.layers.encoder_layer_6.mlp.3,Linear,0.20902,0.577148,929562624.0,2360064,0,42,0.20902,counter,"[1, 197, 3072]","[1, 197, 768]",1316.55,0.0,0.577,cuda_event,cuda
36,encoder.layers.encoder_layer_7.ln_1,LayerNorm,0.00954,0.577148,756480.0,1536,0,43,0.00954,analytic,"[1, 197, 768]","[1, 197, 768]",1316.55,0.0,0.577,cuda_event,cuda
36,encoder.layers.encoder_layer_7.self_attention,MultiheadAttention,0.29165,0.577148,1048783872.0,2362368,0,44,0.29165,counter,"[1, 197, 768]","[1, 197, 768]",1316.55,0.0,0.577,cuda_event,cuda
36,encoder.layers.encoder_layer_7.ln_2,LayerNorm,0.00832,0.577148,756480.0,1536,0,45,0.00832,analytic,"[1, 197, 768]","[1, 197, 768]",1316.55,0.0,0.577,cuda_event,cuda
36,encoder.layers.encoder_layer_7.mlp.0,Linear,0.22042,2.308594,929562624.0,2362368,0,46,0.22042,counter,"[1, 197, 768]","[1, 197, 3072]",1316.55,0.0,2.309,cuda_event,cuda
36,encoder.layers.encoder_layer_7.mlp.1,GELU,0.01462,2.308594,4841472.0,0,0,47,0.01462,analytic,"[1, 197, 3072]","[1, 197, 3072]",1316.55,0.0,2.309,cuda_event,cuda
36,encoder.layers.encoder_layer_7.mlp.3,Linear,0.20755,0.577148,929562624.0,2360064,0,48,0.20755,counter,"[1, 197, 3072]","[1, 197, 768]",1316.55,0.0,0.577,cuda_event,cuda
36,encoder.layers.encoder_layer_8.ln_1,LayerNorm,0.00883,0.577148,756480.0,1536,0,49,0.00883,analytic,"[1, 197, 768]","[1, 197, 768]",1316.55,0.0,0.577,cuda_event,cuda
36,encoder.layers.encoder_layer_8.self_attention,MultiheadAttention,0.29062,0.577148,1048783872.0,2362368,0,50,0.29062,counter,"[1, 197, 768]","[1, 197, 768]",1316.55,0.0,0.577,cuda_event,cuda
36,encoder.layers.encoder_layer_8.ln_2,LayerNorm,0.00861,0.577148,756480.0,1536,0,51,0.00861,analytic,"[1, 197, 768]","[1, 197, 768]",1316.55,0.0,0.577,cuda_event,cuda
36,encoder.layers.encoder_layer_8.mlp.0,Linear,0.21939,2.308594,929562624.0,2362368,0,52,0.21939,counter,"[1, 197, 768]","[1, 197, 3072]",1316.55,0.0,2.309,cuda_event,cuda
36,encoder.layers.encoder_layer_8.mlp.1,GELU,0.01434,2.308594,4841472.0,0,0,53,0.01434,analytic,"[1, 197, 3072]","[1, 197, 3072]",1316.55,0.0,2.309,cuda_event,cuda
36,encoder.layers.encoder_layer_8.mlp.3,Linear,0.2089,0.577148,929562624.0,2360064,0,54,0.2089,counter,"[1, 197, 3072]","[1, 197, 768]",1316.55,0.0,0.577,cuda_event,cuda
36,encoder.layers.encoder_layer_9.ln_1,LayerNorm,0.00874,0.577148,756480.0,1536,0,55,0.00874,analytic,"[1, 197, 768]","[1, 197, 768]",1316.55,0.0,0.577,cuda_event,cuda
36,encoder.layers.encoder_layer_9.self_attention,MultiheadAttention,0.29254,0.577148,1048783872.0,2362368,0,56,0.29254,counter,"[1, 197, 768]","[1, 197, 768]",1316.55,0.0,0.577,cuda_event,cuda
36,encoder.layers.encoder_layer_9.ln_2,LayerNorm,0.0088,0.577148,756480.0,1536,0,57,0.0088,analytic,"[1, 197, 768]","[1, 197, 768]",1316.55,0.0,0.577,cuda_event,cuda
36,encoder.layers.encoder_layer_9.mlp.0,Linear,0.22163,2.308594,929562624.0,2362368,0,58,0.22163,counter,"[1, 197, 768]","[1, 197, 3072]",1316.55,0.0,2.309,cuda_event,cuda
36,encoder.layers.encoder_layer_9.mlp.1,GELU,0.01434,2.308594,4841472.0,0,0,59,0.01434,analytic,"[1, 197, 3072]","[1, 197, 3072]",1316.55,0.0,2.309,cuda_event,cuda
36,encoder.layers.encoder_layer_9.mlp.3,Linear,0.21046,0.577148,929562624.0,2360064,0,60,0.21046,counter,"[1, 197, 3072]","[1, 197, 768]",1316.55,0.0,0.577,cuda_event,cuda
36,encoder.layers.encoder_layer_10.ln_1,LayerNorm,0.00822,0.577148,756480.0,1536,0,61,0.00822,analytic,"[1, 197, 768]","[1, 197, 768]",1316.55,0.0,0.577,cuda_event,cuda
36,encoder.layers.encoder_layer_10.self_attention,MultiheadAttention,0.29088,0.577148,1048783872.0,2362368,0,62,0.29088,counter,"[1, 197, 768]","[1, 197, 768]",1316.55,0.0,0.577,cuda_event,cuda
36,encoder.layers.encoder_layer_10.ln_2,LayerNorm,0.00941,0.577148,756480.0,1536,0,63,0.00941,analytic,"[1, 197, 768]","[1, 197, 768]",1316.55,0.0,0.577,cuda_event,cuda
36,encoder.layers.encoder_layer_10.mlp.0,Linear,0.2191,2.308594,929562624.0,2362368,0,64,0.2191,counter,"[1, 197, 768]","[1, 197, 3072]",1316.55,0.0,2.309,cuda_event,cuda
36,encoder.layers.encoder_layer_10.mlp.1,GELU,0.01434,2.308594,4841472.0,0,0,65,0.01434,analytic,"[1, 197, 3072]","[1, 197, 3072]",1316.55,0.0,2.309,cuda_event,cuda
36,encoder.layers.encoder_layer_10.mlp.3,Linear,0.21066,0.577148,929562624.0,2360064,0,66,0.21066,counter,"[1, 197, 3072]","[1, 197, 768]",1316.55,0.0,0.577,cuda_event,cuda
36,encoder.layers.encoder_layer_11.ln_1,LayerNorm,0.00819,0.577148,756480.0,1536,0,67,0.00819,analytic,"[1, 197, 768]","[1, 197, 768]",1316.55,0.0,0.577,cuda_event,cuda
36,encoder.layers.encoder_layer_11.self_attention,MultiheadAttention,0.29194,0.577148,1048783872.0,2362368,0,68,0.29194,counter,"[1, 197, 768]","[1, 197, 768]",1316.55,0.0,0.577,cuda_event,cuda
36,encoder.layers.encoder_layer_11.ln_2,LayerNorm,0.00851,0.577148,756480.0,1536,0,69,0.00851,analytic,"[1, 197, 768]","[1, 197, 768]",1316.55,0.0,0.577,cuda_event,cuda
36,encoder.layers.encoder_layer_11.mlp.0,Linear,0.22237,2.308594,929562624.0,2362368,0,70,0.22237,counter,"[1, 197, 768]","[1, 197, 3072]",1316.55,0.0,2.309,cuda_event,cuda
36,encoder.layers.encoder_layer_11.mlp.1,GELU,0.01334,2.308594,4841472.0,0,0,71,0.01334,analytic,"[1, 197, 3072]","[1, 197, 3072]",1316.55,0.0,2.309,cuda_event,cuda
36,encoder.layers.encoder_layer_11.mlp.3,Linear,0.21094,0.577148,929562624.0,2360064,0,72,0.21094,counter,"[1, 197, 3072]","[1, 197, 768]",1316.55,0.0,0.577,cuda_event,cuda
36,encoder.ln,LayerNorm,0.0088,0.577148,756480.0,1536,0,73,0.0088,analytic,"[1, 197, 768]","[1, 197, 768]",1316.55,0.0,0.577,cuda_event,cuda
36,heads.head,Linear,0.01654,0.003815,1536000.0,769000,0,74,0.01654,counter,"[1, 768]","[1, 1000]",1316.55,0.0,0.004,cuda_event,cuda
37,conv_proj,Conv2d,0.17213,0.574219,231211008.0,590592,0,0,0.17213,counter,"[1, 3, 224, 224]","[1, 768, 14, 14]",1316.55,0.0,0.574,cuda_event,cuda
37,encoder.layers.encoder_layer_0.ln_1,LayerNorm,0.00954,0.577148,756480.0,1536,0,1,0.00954,analytic,"[1, 197, 768]","[1, 197, 768]",1316.55,0.0,0.577,cuda_event,cuda
37,encoder.layers.encoder_layer_0.self_attention,MultiheadAttention,0.2929,0.577148,1048783872.0,2362368,0,2,0.2929,counter,"[1, 197, 768]","[1, 197, 768]",1316.55,0.0,0.577,cuda_event,cuda
37,encoder.layers.encoder_layer_0.ln_2,LayerNorm,0.00819,0.577148,756480.0,1536,0,3,0.00819,analytic,"[1, 197, 768]","[1, 197, 768]",1316.55,0.0,0.577,cuda_event,cuda
37,encoder.layers.encoder_layer_0.mlp.0,Linear,0.21914,2.308594,929562624.0,2362368,0,4,0.21914,counter,"[1, 197, 768]","[1, 197, 3072]",1316.55,0.0,2.309,cuda_event,cuda
37,encoder.layers.encoder_layer_0.mlp.1,GELU,0.01434,2.308594,4841472.0,0,0,5,0.01434,analytic,"[1, 197, 3072]","[1, 197, 3072]",1316.55,0.0,2.309,cuda_event,cuda
37,encoder.layers.encoder_layer_0.mlp.3,Linear,0.21149,0.577148,929562624.0,2360064,0,6,0.21149,counter,"[1, 197, 3072]","[1, 197, 768]",1316.55,0.0,0.577,cuda_event,cuda
37,encoder.layers.encoder_layer_1.ln_1,LayerNorm,0.00947,0.577148,756480.0,1536,0,7,0.00947,analytic,"[1, 197, 768]","[1, 197, 768]",1316.55,0.0,0.577,cuda_event,cuda
37,encoder.layers.encoder_layer_1.self_attention,MultiheadAttention,0.29168,0.577148,1048783872.0,2362368,0,8,0.29168,counter,"[1, 197, 768]","[1, 197, 768]",1316.55,0.0,0.577,cuda_event,cuda
37,encoder.layers.encoder_layer_1.ln_2,LayerNorm,0.00819,0.577148,756480.0,1536,0,9,0.00819,analytic,"[1, 197, 768]","[1, 197, 768]",1316.55,0.0,0.577,cuda_event,cuda
37,encoder.layers.encoder_layer_1.mlp.0,Linear,0.21914,2.308594,929562624.0,2362368,0,10,0.21914,counter,"[1, 197, 768]","[1, 197, 3072]",1316.55,0.0,2.309,cuda_event,cuda
37,encoder.layers.encoder_layer_1.mlp.1,GELU,0.01571,2.308594,4841472.0,0,0,11,0.01571,analytic,"[1, 197, 3072]","[1, 197, 3072]",1316.55,0.0,2.309,cuda_event,cuda
37,encoder.layers.encoder_layer_1.mlp.3,Linear,0.21174,0.577148,929562624.0,2360064,0,12,0.21174,counter,"[1, 197, 3072]","[1, 197, 768]",1316.55,0.0,0.577,cuda_event,cuda
37,encoder.layers.encoder_layer_2.ln_1,LayerNorm,0.00902,0.577148,756480.0,1536,0,13,0.00902,analytic,"[1, 197, 768]","[1, 197, 768]",1316.55,0.0,0.577,cuda_event,cuda
37,encoder.layers.encoder_layer_2.self_attention,MultiheadAttention,0.29088,0.577148,1048783872.0,2362368,0,14,0.29088,counter,"[1, 197, 768]","[1, 197, 768]",1316.55,0.0,0.577,cuda_event,cuda
37,encoder.layers.encoder_layer_2.ln_2,LayerNorm,0.00819,0.577148,756480.0,1536,0,15,0.00819,analytic,"[1, 197, 768]","[1, 197, 768]",1316.55,0.0,0.577,cuda_event,cuda
37,encoder.layers.encoder_layer_2.mlp.0,Linear,0.22118,2.308594,929562624.0,2362368,0,16,0.22118,counter,"[1, 197, 768]","[1, 197, 3072]",1316.55,0.0,2.309,cuda_event,cuda
37,encoder.layers.encoder_layer_2.mlp.1,GELU,0.01427,2.308594,4841472.0,0,0,17,0.01427,analytic,"[1, 197, 3072]","[1, 197, 3072]",1316.55,0.0,2.309,cuda_event,cuda
37,encoder.layers.encoder_layer_2.mlp.3,Linear,0.20832,0.577148,929562624.0,2360064,0,18,0.20832,counter,"[1, 197, 3072]","[1, 197, 768]",1316.55,0.0,0.577,cuda_event,cuda
37,encoder.layers.encoder_layer_3.ln_1,LayerNorm,0.00822,0.577148,756480.0,1536,0,19,0.00822,analytic,"[1, 197, 768]","[1, 197, 768]",1316.55,0.0,0.577,cuda_event,cuda
37,encoder.layers.encoder_layer_3.self_attention,MultiheadAttention,0.29286,0.577148,1048783872.0,2362368,0,20,0.29286,counter,"[1, 197, 768]","[1, 197, 768]",1316.55,0.0,0.577,cuda_event,cuda
37,encoder.layers.encoder_layer_3.ln_2,LayerNorm,0.00934,0.577148,756480.0,1536,0,21,0.00934,analytic,"[1, 197, 768]","[1, 197, 768]",1316.55,0.0,0.577,cuda_event,cuda
37,encoder.layers.encoder_layer_3.mlp.0,Linear,0.22016,2.308594,929562624.0,2362368,0,22,0.22016,counter,"[1, 197, 768]","[1, 197, 3072]",1316.55,0.0,2.309,cuda_event,cuda
37,encoder.layers.encoder_layer_3.mlp.1,GELU,0.01408,2.308594,4841472.0,0,0,23,0.01408,analytic,"[1, 197, 3072]","[1, 197, 3072]",1316.55,0.0,2.309,cuda_event,cuda
37,encoder.layers.encoder_layer_3.mlp.3,Linear,0.20925,0.577148,929562624.0,2360064,0,24,0.20925,counter,"[1, 197, 3072]","[1, 197, 768]",1316.55,0.0,0.577,cuda_event,cuda
37,encoder.layers.encoder_layer_4.ln_1,LayerNorm,0.00931,0.577148,756480.0,1536,0,25,0.00931,analytic,"[1, 197, 768]","[1, 197, 768]",1316.55,0.0,0.577,cuda_event,cuda
37,encoder.layers.encoder_layer_4.self_attention,MultiheadAttention,0.29184,0.577148,1048783872.0,2362368,0,26,0.29184,counter,"[1, 197, 768]","[1, 197, 768]",1316.55,0.0,0.577,cuda_event,cuda
37,encoder.layers.encoder_layer_4.ln_2,LayerNorm,0.00854,0.577148,756480.0,1536,0,27,0.00854,analytic,"[1, 197, 768]","[1, 197, 768]",1316.55,0.0,0.577,cuda_event,cuda
37,encoder.layers.encoder_layer_4.mlp.0,Linear,0.21914,2.308594,929562624.0,2362368,0,28,0.21914,counter,"[1, 197, 768]","[1, 197, 3072]",1316.55,0.0,2.309,cuda_event,cuda
37,encoder.layers.encoder_layer_4.mlp.1,GELU,0.0127,2.308594,4841472.0,0,0,29,0.0127,analytic,"[1, 197, 3072]","[1, 197, 3072]",1316.55,0.0,2.309,cuda_event,cuda
37,encoder.layers.encoder_layer_4.mlp.3,Linear,0.21094,0.577148,929562624.0,2360064,0,30,0.21094,counter,"[1, 197, 3072]","[1, 197, 768]",1316.55,0.0,0.577,cuda_event,cuda
37,encoder.layers.encoder_layer_5.ln_1,LayerNorm,0.00867,0.577148,756480.0,1536,0,31,0.00867,analytic,"[1, 197, 768]","[1, 197, 768]",1316.55,0.0,0.577,cuda_event,cuda
37,encoder.layers.encoder_layer_5.self_attention,MultiheadAttention,0.29245,0.577148,1048783872.0,2362368,0,32,0.29245,counter,"[1, 197, 768]","[1, 197, 768]",1316.55,0.0,0.577,cuda_event,cuda
37,encoder.layers.encoder_layer_5.ln_2,LayerNorm,0.00867,0.577148,756480.0,1536,0,33,0.00867,analytic,"[1, 197, 768]","[1, 197, 768]",1316.55,0.0,0.577,cuda_event,cuda
37,encoder.layers.encoder_layer_5.mlp.0,Linear,0.21942,2.308594,929562624.0,2362368,0,34,0.21942,counter,"[1, 197, 768]","[1, 197, 3072]",1316.55,0.0,2.309,cuda_event,cuda
37,encoder.layers.encoder_layer_5.mlp.1,GELU,0.01434,2.308594,4841472.0,0,0,35,0.01434,analytic,"[1, 197, 3072]","[1, 197, 3072]",1316.55,0.0,2.309,cuda_event,cuda
37,encoder.layers.encoder_layer_5.mlp.3,Linear,0.2089,0.577148,929562624.0,2360064,0,36,0.2089,counter,"[1, 197, 3072]","[1, 197, 768]",1316.55,0.0,0.577,cuda_event,cuda
37,encoder.layers.encoder_layer_6.ln_1,LayerNorm,0.00912,0.577148,756480.0,1536,0,37,0.00912,analytic,"[1, 197, 768]","[1, 197, 768]",1316.55,0.0,0.577,cuda_event,cuda
37,encoder.layers.encoder_layer_6.self_attention,MultiheadAttention,0.29094,0.577148,1048783872.0,2362368,0,38,0.29094,counter,"[1, 197, 768]","[1, 197, 768]",1316.55,0.0,0.577,cuda_event,cuda
37,encoder.layers.encoder_layer_6.ln_2,LayerNorm,0.00829,0.577148,756480.0,1536,0,39,0.00829,analytic,"[1, 197, 768]","[1, 197, 768]",1316.55,0.0,0.577,cuda_event,cuda
37,encoder.layers.encoder_layer_6.mlp.0,Linear,0.22243,2.308594,929562624.0,2362368,0,40,0.22243,counter,"[1, 197, 768]","[1, 197, 3072]",1316.55,0.0,2.309,cuda_event,cuda
37,encoder.layers.encoder_layer_6.mlp.1,GELU,0.01462,2.308594,4841472.0,0,0,41,0.01462,analytic,"[1, 197, 3072]","[1, 197, 3072]",1316.55,0.0,2.309,cuda_event,cuda
37,encoder.layers.encoder_layer_6.mlp.3,Linear,0.20896,0.577148,929562624.0,2360064,0,42,0.20896,counter,"[1, 197, 3072]","[1, 197, 768]",1316.55,0.0,0.577,cuda_event,cuda
37,encoder.layers.encoder_layer_7.ln_1,LayerNorm,0.00922,0.577148,756480.0,1536,0,43,0.00922,analytic,"[1, 197, 768]","[1, 197, 768]",1316.55,0.0,0.577,cuda_event,cuda
37,encoder.layers.encoder_layer_7.self_attention,MultiheadAttention,0.29082,0.577148,1048783872.0,2362368,0,44,0.29082,counter,"[1, 197, 768]","[1, 197, 768]",1316.55,0.0,0.577,cuda_event,cuda
37,encoder.layers.encoder_layer_7.ln_2,LayerNorm,0.00819,0.577148,756480.0,1536,0,45,0.00819,analytic,"[1, 197, 768]","[1, 197, 768]",1316.55,0.0,0.577,cuda_event,cuda
37,encoder.layers.encoder_layer_7.mlp.0,Linear,0.22243,2.308594,929562624.0,2362368,0,46,0.22243,counter,"[1, 197, 768]","[1, 197, 3072]",1316.55,0.0,2.309,cuda_event,cuda
37,encoder.layers.encoder_layer_7.mlp.1,GELU,0.01315,2.308594,4841472.0,0,0,47,0.01315,analytic,"[1, 197, 3072]","[1, 197, 3072]",1316.55,0.0,2.309,cuda_event,cuda
37,encoder.layers.encoder_layer_7.mlp.3,Linear,0.20835,0.577148,929562624.0,2360064,0,48,0.20835,counter,"[1, 197, 3072]","[1, 197, 768]",1316.55,0.0,0.577,cuda_event,cuda
37,encoder.layers.encoder_layer_8.ln_1,LayerNorm,0.00835,0.577148,756480.0,1536,0,49,0.00835,analytic,"[1, 197, 768]","[1, 197, 768]",1316.55,0.0,0.577,cuda_event,cuda
37,encoder.layers.encoder_layer_8.self_attention,MultiheadAttention,0.29037,0.577148,1048783872.0,2362368,0,50,0.29037,counter,"[1, 197, 768]","[1, 197, 768]",1316.55,0.0,0.577,cuda_event,cuda
37,encoder.layers.encoder_layer_8.ln_2,LayerNorm,0.00931,0.577148,756480.0,1536,0,51,0.00931,analytic,"[1, 197, 768]","[1, 197, 768]",1316.55,0.0,0.577,cuda_event,cuda
37,encoder.layers.encoder_layer_8.mlp.0,Linear,0.21914,2.308594,929562624.0,2362368,0,52,0.21914,counter,"[1, 197, 768]","[1, 197, 3072]",1316.55,0.0,2.309,cuda_event,cuda
37,encoder.layers.encoder_layer_8.mlp.1,GELU,0.01434,2.308594,4841472.0,0,0,53,0.01434,analytic,"[1, 197, 3072]","[1, 197, 3072]",1316.55,0.0,2.309,cuda_event,cuda
37,encoder.layers.encoder_layer_8.mlp.3,Linear,0.20858,0.577148,929562624.0,2360064,0,54,0.20858,counter,"[1, 197, 3072]","[1, 197, 768]",1316.55,0.0,0.577,cuda_event,cuda
37,encoder.layers.encoder_layer_9.ln_1,LayerNorm,0.00835,0.577148,756480.0,1536,0,55,0.00835,analytic,"[1, 197, 768]","[1, 197, 768]",1316.55,0.0,0.577,cuda_event,cuda
37,encoder.layers.encoder_layer_9.self_attention,MultiheadAttention,0.29082,0.577148,1048783872.0,2362368,0,56,0.29082,counter,"[1, 197, 768]","[1, 197, 768]",1316.55,0.0,0.577,cuda_event,cuda
37,encoder.layers.encoder_layer_9.ln_2,LayerNorm,0.00826,0.577148,756480.0,1536,0,57,0.00826,analytic,"[1, 197, 768]","[1, 197, 768]",1316.55,0.0,0.577,cuda_event,cuda
37,encoder.layers.encoder_layer_9.mlp.0,Linear,0.22118,2.308594,929562624.0,2362368,0,58,0.22118,counter,"[1, 197, 768]","[1, 197, 3072]",1316.55,0.0,2.309,cuda_event,cuda
37,encoder.layers.encoder_layer_9.mlp.1,GELU,0.01434,2.308594,4841472.0,0,0,59,0.01434,analytic,"[1, 197, 3072]","[1, 197, 3072]",1316.55,0.0,2.309,cuda_event,cuda
37,encoder.layers.encoder_layer_9.mlp.3,Linear,0.20896,0.577148,929562624.0,2360064,0,60,0.20896,counter,"[1, 197, 3072]","[1, 197, 768]",1316.55,0.0,0.577,cuda_event,cuda
37,encoder.layers.encoder_layer_10.ln_1,LayerNorm,0.00912,0.577148,756480.0,1536,0,61,0.00912,analytic,"[1, 197, 768]","[1, 197, 768]",1316.55,0.0,0.577,cuda_event,cuda
37,encoder.layers.encoder_layer_10.self_attention,MultiheadAttention,0.28893,0.577148,1048783872.0,2362368,0,62,0.28893,counter,"[1, 197, 768]","[1, 197, 768]",1316.55,0.0,0.577,cuda_event,cuda
37,encoder.layers.encoder_layer_10.ln_2,LayerNorm,0.00861,0.577148,756480.0,1536,0,63,0.00861,analytic,"[1, 197, 768]","[1, 197, 768]",1316.55,0.0,0.577,cuda_event,cuda
37,encoder.layers.encoder_layer_10.mlp.0,Linear,0.21952,2.308594,929562624.0,2362368,0,64,0.21952,counter,"[1, 197, 768]","[1, 197, 3072]",1316.55,0.0,2.309,cuda_event,cuda
37,encoder.layers.encoder_layer_10.mlp.1,GELU,0.01434,2.308594,4841472.0,0,0,65,0.01434,analytic,"[1, 197, 3072]","[1, 197, 3072]",1316.55,0.0,2.309,cuda_event,cuda
37,encoder.layers.encoder_layer_10.mlp.3,Linear,0.21008,0.577148,929562624.0,2360064,0,66,0.21008,counter,"[1, 197, 3072]","[1, 197, 768]",1316.55,0.0,0.577,cuda_event,cuda
37,encoder.layers.encoder_layer_11.ln_1,LayerNorm,0.00838,0.577148,756480.0,1536,0,67,0.00838,analytic,"[1, 197, 768]","[1, 197, 768]",1316.55,0.0,0.577,cuda_event,cuda
37,encoder.layers.encoder_layer_11.self_attention,MultiheadAttention,0.28877,0.577148,1048783872.0,2362368,0,68,0.28877,counter,"[1, 197, 768]","[1, 197, 768]",1316.55,0.0,0.577,cuda_event,cuda
37,encoder.layers.encoder_layer_11.ln_2,LayerNorm,0.00819,0.577148,756480.0,1536,0,69,0.00819,analytic,"[1, 197, 768]","[1, 197, 768]",1316.55,0.0,0.577,cuda_event,cuda
37,encoder.layers.encoder_layer_11.mlp.0,Linear,0.2225,2.308594,929562624.0,2362368,0,70,0.2225,counter,"[1, 197, 768]","[1, 197, 3072]",1316.55,0.0,2.309,cuda_event,cuda
37,encoder.layers.encoder_layer_11.mlp.1,GELU,0.01315,2.308594,4841472.0,0,0,71,0.01315,analytic,"[1, 197, 3072]","[1, 197, 3072]",1316.55,0.0,2.309,cuda_event,cuda
37,encoder.layers.encoder_layer_11.mlp.3,Linear,0.21046,0.577148,929562624.0,2360064,0,72,0.21046,counter,"[1, 197, 3072]","[1, 197, 768]",1316.55,0.0,0.577,cuda_event,cuda
37,encoder.ln,LayerNorm,0.00835,0.577148,756480.0,1536,0,73,0.00835,analytic,"[1, 197, 768]","[1, 197, 768]",1316.55,0.0,0.577,cuda_event,cuda
37,heads.head,Linear,0.01763,0.003815,1536000.0,769000,0,74,0.01763,counter,"[1, 768]","[1, 1000]",1316.55,0.0,0.004,cuda_event,cuda
38,conv_proj,Conv2d,0.16998,0.574219,231211008.0,590592,0,0,0.16998,counter,"[1, 3, 224, 224]","[1, 768, 14, 14]",1316.55,0.0,0.574,cuda_event,cuda
38,encoder.layers.encoder_layer_0.ln_1,LayerNorm,0.00877,0.577148,756480.0,1536,0,1,0.00877,analytic,"[1, 197, 768]","[1, 197, 768]",1316.55,0.0,0.577,cuda_event,cuda
38,encoder.layers.encoder_layer_0.self_attention,MultiheadAttention,0.29024,0.577148,1048783872.0,2362368,0,2,0.29024,counter,"[1, 197, 768]","[1, 197, 768]",1316.55,0.0,0.577,cuda_event,cuda
38,encoder.layers.encoder_layer_0.ln_2,LayerNorm,0.0095,0.577148,756480.0,1536,0,3,0.0095,analytic,"[1, 197, 768]","[1, 197, 768]",1316.55,0.0,0.577,cuda_event,cuda
38,encoder.layers.encoder_layer_0.mlp.0,Linear,0.21923,2.308594,929562624.0,2362368,0,4,0.21923,counter,"[1, 197, 768]","[1, 197, 3072]",1316.55,0.0,2.309,cuda_event,cuda
38,encoder.layers.encoder_layer_0.mlp.1,GELU,0.01286,2.308594,4841472.0,0,0,5,0.01286,analytic,"[1, 197, 3072]","[1, 197, 3072]",1316.55,0.0,2.309,cuda_event,cuda
38,encoder.layers.encoder_layer_0.mlp.3,Linear,0.20998,0.577148,929562624.0,2360064,0,6,0.20998,counter,"[1, 197, 3072]","[1, 197, 768]",1316.55,0.0,0.577,cuda_event,cuda
38,encoder.layers.encoder_layer_1.ln_1,LayerNorm,0.00851,0.577148,756480.0,1536,0,7,0.00851,analytic,"[1, 197, 768]","[1, 197, 768]",1316.55,0.0,0.577,cuda_event,cuda
38,encoder.layers.encoder_layer_1.self_attention,MultiheadAttention,0.29082,0.577148,1048783872.0,2362368,0,8,0.29082,counter,"[1, 197, 768]","[1, 197, 768]",1316.55,0.0,0.577,cuda_event,cuda
38,encoder.layers.encoder_layer_1.ln_2,LayerNorm,0.00819,0.577148,756480.0,1536,0,9,0.00819,analytic,"[1, 197, 768]","[1, 197, 768]",1316.55,0.0,0.577,cuda_event,cuda
38,encoder.layers.encoder_layer_1.mlp.0,Linear,0.22042,2.308594,929562624.0,2362368,0,10,0.22042,counter,"[1, 197, 768]","[1, 197, 3072]",1316.55,0.0,2.309,cuda_event,cuda
38,encoder.layers.encoder_layer_1.mlp.1,GELU,0.01434,2.308594,4841472.0,0,0,11,0.01434,analytic,"[1, 197, 3072]","[1, 197, 3072]",1316.55,0.0,2.309,cuda_event,cuda
38,encoder.layers.encoder_layer_1.mlp.3,Linear,0.20784,0.577148,929562624.0,2360064,0,12,0.20784,counter,"[1, 197, 3072]","[1, 197, 768]",1316.55,0.0,0.577,cuda_event,cuda
38,encoder.layers.encoder_layer_2.ln_1,LayerNorm,0.0088,0.577148,756480.0,1536,0,13,0.0088,analytic,"[1, 197, 768]","[1, 197, 768]",1316.55,0.0,0.577,cuda_event,cuda
38,encoder.layers.encoder_layer_2.self_attention,MultiheadAttention,0.28931,0.577148,1048783872.0,2362368,0,14,0.28931,counter,"[1, 197, 768]","[1, 197, 768]",1316.55,0.0,0.577,cuda_event,cuda
38,encoder.layers.encoder_layer_2.ln_2,LayerNorm,0.00826,0.577148,756480.0,1536,0,15,0.00826,analytic,"[1, 197, 768]","[1, 197, 768]",1316.55,0.0,0.577,cuda_event,cuda
38,encoder.layers.encoder_layer_2.mlp.0,Linear,0.22058,2.308594,929562624.0,2362368,0,16,0.22058,counter,"[1, 197, 768]","[1, 197, 3072]",1316.55,0.0,2.309,cuda_event,cuda
38,encoder.layers.encoder_layer_2.mlp.1,GELU,0.01299,2.308594,4841472.0,0,0,17,0.01299,analytic,"[1, 197, 3072]","[1, 197, 3072]",1316.55,0.0,2.309,cuda_event,cuda
38,encoder.layers.encoder_layer_2.mlp.3,Linear,0.2089,0.577148,929562624.0,2360064,0,18,0.2089,counter,"[1, 197, 3072]","[1, 197, 768]",1316.55,0.0,0.577,cuda_event,cuda
38,encoder.layers.encoder_layer_3.ln_1,LayerNorm,0.0088,0.577148,756480.0,1536,0,19,0.0088,analytic,"[1, 197, 768]","[1, 197, 768]",1316.55,0.0,0.577,cuda_event,cuda
38,encoder.layers.encoder_layer_3.self_attention,MultiheadAttention,0.28925,0.577148,1048783872.0,2362368,0,20,0.28925,counter,"[1, 197, 768]","[1, 197, 768]",1316.55,0.0,0.577,cuda_event,cuda
38,encoder.layers.encoder_layer_3.ln_2,LayerNorm,0.00861,0.577148,756480.0,1536,0,21,0.00861,analytic,"[1, 197, 768]","[1, 197, 768]",1316.55,0.0,0.577,cuda_event,cuda
38,encoder.layers.encoder_layer_3.mlp.0,Linear,0.22077,2.308594,929562624.0,2362368,0,22,0.22077,counter,"[1, 197, 768]","[1, 197, 3072]",1316.55,0.0,2.309,cuda_event,cuda
38,encoder.layers.encoder_layer_3.mlp.1,GELU,0.0128,2.308594,4841472.0,0,0,23,0.0128,analytic,"[1, 197, 3072]","[1, 197, 3072]",1316.55,0.0,2.309,cuda_event,cuda
38,encoder.layers.encoder_layer_3.mlp.3,Linear,0.21011,0.577148,929562624.0,2360064,0,24,0.21011,counter,"[1, 197, 3072]","[1, 197, 768]",1316.55,0.0,0.577,cuda_event,cuda
38,encoder.layers.encoder_layer_4.ln_1,LayerNorm,0.00854,0.577148,756480.0,1536,0,25,0.00854,analytic,"[1, 197, 768]","[1, 197, 768]",1316.55,0.0,0.577,cuda_event,cuda
38,encoder.layers.encoder_layer_4.self_attention,MultiheadAttention,0.28829,0.577148,1048783872.0,2362368,0,26,0.28829,counter,"[1, 197, 768]","[1, 197, 768]",1316.55,0.0,0.577,cuda_event,cuda
38,encoder.layers.encoder_layer_4.ln_2,LayerNorm,0.00861,0.577148,756480.0,1536,0,27,0.00861,analytic,"[1, 197, 768]","[1, 197, 768]",1316.55,0.0,0.577,cuda_event,cuda
38,encoder.layers.encoder_layer_4.mlp.0,Linear,0.21965,2.308594,929562624.0,2362368,0,28,0.21965,counter,"[1, 197, 768]","[1, 197, 3072]",1316.55,0.0,2.309,cuda_event,cuda
38,encoder.layers.encoder_layer_4.mlp.1,GELU,0.01424,2.308594,4841472.0,0,0,29,0.01424,analytic,"[1, 197, 3072]","[1, 197, 3072]",1316.55,0.0,2.309,cuda_event,cuda
38,encoder.layers.encoder_layer_4.mlp.3,Linear,0.20906,0.577148,929562624.0,2360064,0,30,0.20906,counter,"[1, 197, 3072]","[1, 197, 768]",1316.55,0.0,0.577,cuda_event,cuda
38,encoder.layers.encoder_layer_5.ln_1,LayerNorm,0.00819,0.577148,756480.0,1536,0,31,0.00819,analytic,"[1, 197, 768]","[1, 197, 768]",1316.55,0.0,0.577,cuda_event,cuda
38,encoder.layers.encoder_layer_5.self_attention,MultiheadAttention,0.29082,0.577148,1048783872.0,2362368,0,32,0.29082,counter,"[1, 197, 768]","[1, 197, 768]",1316.55,0.0,0.577,cuda_event,cuda
38,encoder.layers.encoder_layer_5.ln_2,LayerNorm,0.00835,0.577148,756480.0,1536,0,33,0.00835,analytic,"[1, 197, 768]","[1, 197, 768]",1316.55,0.0,0.577,cuda_event,cuda
38,encoder.layers.encoder_layer_5.mlp.0,Linear,0.22019,2.308594,929562624.0,2362368,0,34,0.22019,counter,"[1, 197, 768]","[1, 197, 3072]",1316.55,0.0,2.309,cuda_event,cuda
38,encoder.layers.encoder_layer_5.mlp.1,GELU,0.01434,2.308594,4841472.0,0,0,35,0.01434,analytic,"[1, 197, 3072]","[1, 197, 3072]",1316.55,0.0,2.309,cuda_event,cuda
38,encoder.layers.encoder_layer_5.mlp.3,Linear,0.2089,0.577148,929562624.0,2360064,0,36,0.2089,counter,"[1, 197, 3072]","[1, 197, 768]",1316.55,0.0,0.577,cuda_event,cuda
38,encoder.layers.encoder_layer_6.ln_1,LayerNorm,0.00944,0.577148,756480.0,1536,0,37,0.00944,analytic,"[1, 197, 768]","[1, 197, 768]",1316.55,0.0,0.577,cuda_event,cuda
38,encoder.layers.encoder_layer_6.self_attention,MultiheadAttention,0.28742,0.577148,1048783872.0,2362368,0,38,0.28742,counter,"[1, 197, 768]","[1, 197, 768]",1316.55,0.0,0.577,cuda_event,cuda
38,encoder.layers.encoder_layer_6.ln_2,LayerNorm,0.00864,0.577148,756480.0,1536,0,39,0.00864,analytic,"[1, 197, 768]","[1, 197, 768]",1316.55,0.0,0.577,cuda_event,cuda
38,encoder.layers.encoder_layer_6.mlp.0,Linear,0.21958,2.308594,929562624.0,2362368,0,40,0.21958,counter,"[1, 197, 768]","[1, 197, 3072]",1316.55,0.0,2.309,cuda_event,cuda
38,encoder.layers.encoder_layer_6.mlp.1,GELU,0.01434,2.308594,4841472.0,0,0,41,0.01434,analytic,"[1, 197, 3072]","[1, 197, 3072]",1316.55,0.0,2.309,cuda_event,cuda
38,encoder.layers.encoder_layer_6.mlp.3,Linear,0.2089,0.577148,929562624.0,2360064,0,42,0.2089,counter,"[1, 197, 3072]","[1, 197, 768]",1316.55,0.0,0.577,cuda_event,cuda
38,encoder.layers.encoder_layer_7.ln_1,LayerNorm,0.00864,0.577148,756480.0,1536,0,43,0.00864,analytic,"[1, 197, 768]","[1, 197, 768]",1316.55,0.0,0.577,cuda_event,cuda
38,encoder.layers.encoder_layer_7.self_attention,MultiheadAttention,0.28736,0.577148,1048783872.0,2362368,0,44,0.28736,counter,"[1, 197, 768]","[1, 197, 768]",1316.55,0.0,0.577,cuda_event,cuda
38,encoder.layers.encoder_layer_7.ln_2,LayerNorm,0.00842,0.577148,756480.0,1536,0,45,0.00842,analytic,"[1, 197, 768]","[1, 197, 768]",1316.55,0.0,0.577,cuda_event,cuda
38,encoder.layers.encoder_layer_7.mlp.0,Linear,0.22118,2.308594,929562624.0,2362368,0,46,0.22118,counter,"[1, 197, 768]","[1, 197, 3072]",1316.55,0.0,2.309,cuda_event,cuda
38,encoder.layers.encoder_layer_7.mlp.1,GELU,0.01421,2.308594,4841472.0,0,0,47,0.01421,analytic,"[1, 197, 3072]","[1, 197, 3072]",1316.55,0.0,2.309,cuda_event,cuda
38,encoder.layers.encoder_layer_7.mlp.3,Linear,0.21002,0.577148,929562624.0,2360064,0,48,0.21002,counter,"[1, 197, 3072]","[1, 197, 768]",1316.55,0.0,0.577,cuda_event,cuda
38,encoder.layers.encoder_layer_8.ln_1,LayerNorm,0.0087,0.577148,756480.0,1536,0,49,0.0087,analytic,"[1, 197, 768]","[1, 197, 768]",1316.55,0.0,0.577,cuda_event,cuda
38,encoder.layers.encoder_layer_8.self_attention,MultiheadAttention,0.28995,0.577148,1048783872.0,2362368,0,50,0.28995,counter,"[1, 197, 768]","[1, 197, 768]",1316.55,0.0,0.577,cuda_event,cuda
38,encoder.layers.encoder_layer_8.ln_2,LayerNorm,0.00819,0.577148,756480.0,1536,0,51,0.00819,analytic,"[1, 197, 768]","[1, 197, 768]",1316.55,0.0,0.577,cuda_event,cuda
38,encoder.layers.encoder_layer_8.mlp.0,Linear,0.22118,2.308594,929562624.0,2362368,0,52,0.22118,counter,"[1, 197, 768]","[1, 197, 3072]",1316.55,0.0,2.309,cuda_event,cuda
38,encoder.layers.encoder_layer_8.mlp.1,GELU,0.0136,2.308594,4841472.0,0,0,53,0.0136,analytic,"[1, 197, 3072]","[1, 197, 3072]",1316.55,0.0,2.309,cuda_event,cuda
38,encoder.layers.encoder_layer_8.mlp.3,Linear,0.20941,0.577148,929562624.0,2360064,0,54,0.20941,counter,"[1, 197, 3072]","[1, 197, 768]",1316.55,0.0,0.577,cuda_event,cuda
38,encoder.layers.encoder_layer_9.ln_1,LayerNorm,0.00819,0.577148,756480.0,1536,0,55,0.00819,analytic,"[1, 197, 768]","[1, 197, 768]",1316.55,0.0,0.577,cuda_event,cuda
38,encoder.layers.encoder_layer_9.self_attention,MultiheadAttention,0.29078,0.577148,1048783872.0,2362368,0,56,0.29078,counter,"[1, 197, 768]","[1, 197, 768]",1316.55,0.0,0.577,cuda_event,cuda
38,encoder.layers.encoder_layer_9.ln_2,LayerNorm,0.00867,0.577148,756480.0,1536,0,57,0.00867,analytic,"[1, 197, 768]","[1, 197, 768]",1316.55,0.0,0.577,cuda_event,cuda
38,encoder.layers.encoder_layer_9.mlp.0,Linear,0.21952,2.308594,929562624.0,2362368,0,58,0.21952,counter,"[1, 197, 768]","[1, 197, 3072]",1316.55,0.0,2.309,cuda_event,cuda
38,encoder.layers.encoder_layer_9.mlp.1,GELU,0.01434,2.308594,4841472.0,0,0,59,0.01434,analytic,"[1, 197, 3072]","[1, 197, 3072]",1316.55,0.0,2.309,cuda_event,cuda
38,encoder.layers.encoder_layer_9.mlp.3,Linear,0.21094,0.577148,929562624.0,2360064,0,60,0.21094,counter,"[1, 197, 3072]","[1, 197, 768]",1316.55,0.0,0.577,cuda_event,cuda
38,encoder.layers.encoder_layer_10.ln_1,LayerNorm,0.00899,0.577148,756480.0,1536,0,61,0.00899,analytic,"[1, 197, 768]","[1, 197, 768]",1316.55,0.0,0.577,cuda_event,cuda
38,encoder.layers.encoder_layer_10.self_attention,MultiheadAttention,0.3031,0.577148,1048783872.0,2362368,0,62,0.3031,counter,"[1, 197, 768]","[1, 197, 768]",1316.55,0.0,0.577,cuda_event,cuda
38,encoder.layers.encoder_layer_10.ln_2,LayerNorm,0.0087,0.577148,756480.0,1536,0,63,0.0087,analytic,"[1, 197, 768]","[1, 197, 768]",1316.55,0.0,0.577,cuda_event,cuda
38,encoder.layers.encoder_layer_10.mlp.0,Linear,0.22736,2.308594,929562624.0,2362368,0,64,0.22736,counter,"[1, 197, 768]","[1, 197, 3072]",1316.55,0.0,2.309,cuda_event,cuda
38,encoder.layers.encoder_layer_10.mlp.1,GELU,0.01389,2.308594,4841472.0,0,0,65,0.01389,analytic,"[1, 197, 3072]","[1, 197, 3072]",1316.55,0.0,2.309,cuda_event,cuda
38,encoder.layers.encoder_layer_10.mlp.3,Linear,0.21526,0.577148,929562624.0,2360064,0,66,0.21526,counter,"[1, 197, 3072]","[1, 197, 768]",1316.55,0.0,0.577,cuda_event,cuda
38,encoder.layers.encoder_layer_11.ln_1,LayerNorm,0.00992,0.577148,756480.0,1536,0,67,0.00992,analytic,"[1, 197, 768]","[1, 197, 768]",1316.55,0.0,0.577,cuda_event,cuda
38,encoder.layers.encoder_layer_11.self_attention,MultiheadAttention,0.30352,0.577148,1048783872.0,2362368,0,68,0.30352,counter,"[1, 197, 768]","[1, 197, 768]",1316.55,0.0,0.577,cuda_event,cuda
38,encoder.layers.encoder_layer_11.ln_2,LayerNorm,0.00819,0.577148,756480.0,1536,0,69,0.00819,analytic,"[1, 197, 768]","[1, 197, 768]",1316.55,0.0,0.577,cuda_event,cuda
38,encoder.layers.encoder_layer_11.mlp.0,Linear,0.22838,2.308594,929562624.0,2362368,0,70,0.22838,counter,"[1, 197, 768]","[1, 197, 3072]",1316.55,0.0,2.309,cuda_event,cuda
38,encoder.layers.encoder_layer_11.mlp.1,GELU,0.01434,2.308594,4841472.0,0,0,71,0.01434,analytic,"[1, 197, 3072]","[1, 197, 3072]",1316.55,0.0,2.309,cuda_event,cuda
38,encoder.layers.encoder_layer_11.mlp.3,Linear,0.21654,0.577148,929562624.0,2360064,0,72,0.21654,counter,"[1, 197, 3072]","[1, 197, 768]",1316.55,0.0,0.577,cuda_event,cuda
38,encoder.ln,LayerNorm,0.00845,0.577148,756480.0,1536,0,73,0.00845,analytic,"[1, 197, 768]","[1, 197, 768]",1316.55,0.0,0.577,cuda_event,cuda
38,heads.head,Linear,0.01642,0.003815,1536000.0,769000,0,74,0.01642,counter,"[1, 768]","[1, 1000]",1316.55,0.0,0.004,cuda_event,cuda
39,conv_proj,Conv2d,0.17939,0.574219,231211008.0,590592,0,0,0.17939,counter,"[1, 3, 224, 224]","[1, 768, 14, 14]",1316.55,0.0,0.574,cuda_event,cuda
39,encoder.layers.encoder_layer_0.ln_1,LayerNorm,0.00963,0.577148,756480.0,1536,0,1,0.00963,analytic,"[1, 197, 768]","[1, 197, 768]",1316.55,0.0,0.577,cuda_event,cuda
39,encoder.layers.encoder_layer_0.self_attention,MultiheadAttention,0.30378,0.577148,1048783872.0,2362368,0,2,0.30378,counter,"[1, 197, 768]","[1, 197, 768]",1316.55,0.0,0.577,cuda_event,cuda
39,encoder.layers.encoder_layer_0.ln_2,LayerNorm,0.00934,0.577148,756480.0,1536,0,3,0.00934,analytic,"[1, 197, 768]","[1, 197, 768]",1316.55,0.0,0.577,cuda_event,cuda
39,encoder.layers.encoder_layer_0.mlp.0,Linear,0.22797,2.308594,929562624.0,2362368,0,4,0.22797,counter,"[1, 197, 768]","[1, 197, 3072]",1316.55,0.0,2.309,cuda_event,cuda
39,encoder.layers.encoder_layer_0.mlp.1,GELU,0.01274,2.308594,4841472.0,0,0,5,0.01274,analytic,"[1, 197, 3072]","[1, 197, 3072]",1316.55,0.0,2.309,cuda_event,cuda
39,encoder.layers.encoder_layer_0.mlp.3,Linear,0.21504,0.577148,929562624.0,2360064,0,6,0.21504,counter,"[1, 197, 3072]","[1, 197, 768]",1316.55,0.0,0.577,cuda_event,cuda
39,encoder.layers.encoder_layer_1.ln_1,LayerNorm,0.00886,0.577148,756480.0,1536,0,7,0.00886,analytic,"[1, 197, 768]","[1, 197, 768]",1316.55,0.0,0.577,cuda_event,cuda
39,encoder.layers.encoder_layer_1.self_attention,MultiheadAttention,0.30451,0.577148,1048783872.0,2362368,0,8,0.30451,counter,"[1, 197, 768]","[1, 197, 768]",1316.55,0.0,0.577,cuda_event,cuda
39,encoder.layers.encoder_layer_1.ln_2,LayerNorm,0.00966,0.577148,756480.0,1536,0,9,0.00966,analytic,"[1, 197, 768]","[1, 197, 768]",1316.55,0.0,0.577,cuda_event,cuda
39,encoder.layers.encoder_layer_1.mlp.0,Linear,0.22563,2.308594,929562624.0,2362368,0,10,0.22563,counter,"[1, 197, 768]","[1, 197, 3072]",1316.55,0.0,2.309,cuda_event,cuda
39,encoder.layers.encoder_layer_1.mlp.1,GELU,0.01434,2.308594,4841472.0,0,0,11,0.01434,analytic,"[1, 197, 3072]","[1, 197, 3072]",1316.55,0.0,2.309,cuda_event,cuda
39,encoder.layers.encoder_layer_1.mlp.3,Linear,0.2151,0.577148,929562624.0,2360064,0,12,0.2151,counter,"[1, 197, 3072]","[1, 197, 768]",1316.55,0.0,0.577,cuda_event,cuda
39,encoder.layers.encoder_layer_2.ln_1,LayerNorm,0.01008,0.577148,756480.0,1536,0,13,0.01008,analytic,"[1, 197, 768]","[1, 197, 768]",1316.55,0.0,0.577,cuda_event,cuda
39,encoder.layers.encoder_layer_2.self_attention,MultiheadAttention,0.3033,0.577148,1048783872.0,2362368,0,14,0.3033,counter,"[1, 197, 768]","[1, 197, 768]",1316.55,0.0,0.577,cuda_event,cuda
39,encoder.layers.encoder_layer_2.ln_2,LayerNorm,0.00883,0.577148,756480.0,1536,0,15,0.00883,analytic,"[1, 197, 768]","[1, 197, 768]",1316.55,0.0,0.577,cuda_event,cuda
39,encoder.layers.encoder_layer_2.mlp.0,Linear,0.22682,2.308594,929562624.0,2362368,0,16,0.22682,counter,"[1, 197, 768]","[1, 197, 3072]",1316.55,0.0,2.309,cuda_event,cuda
39,encoder.layers.encoder_layer_2.mlp.1,GELU,0.01312,2.308594,4841472.0,0,0,17,0.01312,analytic,"[1, 197, 3072]","[1, 197, 3072]",1316.55,0.0,2.309,cuda_event,cuda
39,encoder.layers.encoder_layer_2.mlp.3,Linear,0.21616,0.577148,929562624.0,2360064,0,18,0.21616,counter,"[1, 197, 3072]","[1, 197, 768]",1316.55,0.0,0.577,cuda_event,cuda
39,encoder.layers.encoder_layer_3.ln_1,LayerNorm,0.00819,0.577148,756480.0,1536,0,19,0.00819,analytic,"[1, 197, 768]","[1, 197, 768]",1316.55,0.0,0.577,cuda_event,cuda
39,encoder.layers.encoder_layer_3.self_attention,MultiheadAttention,0.3072,0.577148,1048783872.0,2362368,0,20,0.3072,counter,"[1, 197, 768]","[1, 197, 768]",1316.55,0.0,0.577,cuda_event,cuda
39,encoder.layers.encoder_layer_3.ln_2,LayerNorm,0.00925,0.577148,756480.0,1536,0,21,0.00925,analytic,"[1, 197, 768]","[1, 197, 768]",1316.55,0.0,0.577,cuda_event,cuda
39,encoder.layers.encoder_layer_3.mlp.0,Linear,0.22803,2.308594,929562624.0,2362368,0,22,0.22803,counter,"[1, 197, 768]","[1, 197, 3072]",1316.55,0.0,2.309,cuda_event,cuda
39,encoder.layers.encoder_layer_3.mlp.1,GELU,0.01437,2.308594,4841472.0,0,0,23,0.01437,analytic,"[1, 197, 3072]","[1, 197, 3072]",1316.55,0.0,2.309,cuda_event,cuda
39,encoder.layers.encoder_layer_3.mlp.3,Linear,0.21638,0.577148,929562624.0,2360064,0,24,0.21638,counter,"[1, 197, 3072]","[1, 197, 768]",1316.55,0.0,0.577,cuda_event,cuda
39,encoder.layers.encoder_layer_4.ln_1,LayerNorm,0.00832,0.577148,756480.0,1536,0,25,0.00832,analytic,"[1, 197, 768]","[1, 197, 768]",1316.55,0.0,0.577,cuda_event,cuda
39,encoder.layers.encoder_layer_4.self_attention,MultiheadAttention,0.30486,0.577148,1048783872.0,2362368,0,26,0.30486,counter,"[1, 197, 768]","[1, 197, 768]",1316.55,0.0,0.577,cuda_event,cuda
39,encoder.layers.encoder_layer_4.ln_2,LayerNorm,0.0088,0.577148,756480.0,1536,0,27,0.0088,analytic,"[1, 197, 768]","[1, 197, 768]",1316.55,0.0,0.577,cuda_event,cuda
39,encoder.layers.encoder_layer_4.mlp.0,Linear,0.22528,2.308594,929562624.0,2362368,0,28,0.22528,counter,"[1, 197, 768]","[1, 197, 3072]",1316.55,0.0,2.309,cuda_event,cuda
39,encoder.layers.encoder_layer_4.mlp.1,GELU,0.01434,2.308594,4841472.0,0,0,29,0.01434,analytic,"[1, 197, 3072]","[1, 197, 3072]",1316.55,0.0,2.309,cuda_event,cuda
39,encoder.layers.encoder_layer_4.mlp.3,Linear,0.21504,0.577148,929562624.0,2360064,0,30,0.21504,counter,"[1, 197, 3072]","[1, 197, 768]",1316.55,0.0,0.577,cuda_event,cuda
39,encoder.layers.encoder_layer_5.ln_1,LayerNorm,0.0087,0.577148,756480.0,1536,0,31,0.0087,analytic,"[1, 197, 768]","[1, 197, 768]",1316.55,0.0,0.577,cuda_event,cuda
39,encoder.layers.encoder_layer_5.self_attention,MultiheadAttention,0.3031,0.577148,1048783872.0,2362368,0,32,0.3031,counter,"[1, 197, 768]","[1, 197, 768]",1316.55,0.0,0.577,cuda_event,cuda
39,encoder.layers.encoder_layer_5.ln_2,LayerNorm,0.00922,0.577148,756480.0,1536,0,33,0.00922,analytic,"[1, 197, 768]","[1, 197, 768]",1316.55,0.0,0.577,cuda_event,cuda
39,encoder.layers.encoder_layer_5.mlp.0,Linear,0.22854,2.308594,929562624.0,2362368,0,34,0.22854,counter,"[1, 197, 768]","[1, 197, 3072]",1316.55,0.0,2.309,cuda_event,cuda
39,encoder.layers.encoder_layer_5.mlp.1,GELU,0.01437,2.308594,4841472.0,0,0,35,0.01437,analytic,"[1, 197, 3072]","[1, 197, 3072]",1316.55,0.0,2.309,cuda_event,cuda
39,encoder.layers.encoder_layer_5.mlp.3,Linear,0.21565,0.577148,929562624.0,2360064,0,36,0.21565,counter,"[1, 197, 3072]","[1, 197, 768]",1316.55,0.0,0.577,cuda_event,cuda
39,encoder.layers.encoder_layer_6.ln_1,LayerNorm,0.00826,0.577148,756480.0,1536,0,37,0.00826,analytic,"[1, 197, 768]","[1, 197, 768]",1316.55,0.0,0.577,cuda_event,cuda
39,encoder.layers.encoder_layer_6.self_attention,MultiheadAttention,0.30477,0.577148,1048783872.0,2362368,0,38,0.30477,counter,"[1, 197, 768]","[1, 197, 768]",1316.55,0.0,0.577,cuda_event,cuda
39,encoder.layers.encoder_layer_6.ln_2,LayerNorm,0.00886,0.577148,756480.0,1536,0,39,0.00886,analytic,"[1, 197, 768]","[1, 197, 768]",1316.55,0.0,0.577,cuda_event,cuda
39,encoder.layers.encoder_layer_6.mlp.0,Linear,0.22733,2.308594,929562624.0,2362368,0,40,0.22733,counter,"[1, 197, 768]","[1, 197, 3072]",1316.55,0.0,2.309,cuda_event,cuda
39,encoder.layers.encoder_layer_6.mlp.1,GELU,0.01434,2.308594,4841472.0,0,0,41,0.01434,analytic,"[1, 197, 3072]","[1, 197, 3072]",1316.55,0.0,2.309,cuda_event,cuda
39,encoder.layers.encoder_layer_6.mlp.3,Linear,0.21638,0.577148,929562624.0,2360064,0,42,0.21638,counter,"[1, 197, 3072]","[1, 197, 768]",1316.55,0.0,0.577,cuda_event,cuda
39,encoder.layers.encoder_layer_7.ln_1,LayerNorm,0.00858,0.577148,756480.0,1536,0,43,0.00858,analytic,"[1, 197, 768]","[1, 197, 768]",1316.55,0.0,0.577,cuda_event,cuda
39,encoder.layers.encoder_layer_7.self_attention,MultiheadAttention,0.3031,0.577148,1048783872.0,2362368,0,44,0.3031,counter,"[1, 197, 768]","[1, 197, 768]",1316.55,0.0,0.577,cuda_event,cuda
39,encoder.layers.encoder_layer_7.ln_2,LayerNorm,0.00819,0.577148,756480.0,1536,0,45,0.00819,analytic,"[1, 197, 768]","[1, 197, 768]",1316.55,0.0,0.577,cuda_event,cuda
39,encoder.layers.encoder_layer_7.mlp.0,Linear,0.22938,2.308594,929562624.0,2362368,0,46,0.22938,counter,"[1, 197, 768]","[1, 197, 3072]",1316.55,0.0,2.309,cuda_event,cuda
39,encoder.layers.encoder_layer_7.mlp.1,GELU,0.0135,2.308594,4841472.0,0,0,47,0.0135,analytic,"[1, 197, 3072]","[1, 197, 3072]",1316.55,0.0,2.309,cuda_event,cuda
39,encoder.layers.encoder_layer_7.mlp.3,Linear,0.21578,0.577148,929562624.0,2360064,0,48,0.21578,counter,"[1, 197, 3072]","[1, 197, 768]",1316.55,0.0,0.577,cuda_event,cuda
39,encoder.layers.encoder_layer_8.ln_1,LayerNorm,0.00957,0.577148,756480.0,1536,0,49,0.00957,analytic,"[1, 197, 768]","[1, 197, 768]",1316.55,0.0,0.577,cuda_event,cuda
39,encoder.layers.encoder_layer_8.self_attention,MultiheadAttention,0.30301,0.577148,1048783872.0,2362368,0,50,0.30301,counter,"[1, 197, 768]","[1, 197, 768]",1316.55,0.0,0.577,cuda_event,cuda
39,encoder.layers.encoder_layer_8.ln_2,LayerNorm,0.0097,0.577148,756480.0,1536,0,51,0.0097,analytic,"[1, 197, 768]","[1, 197, 768]",1316.55,0.0,0.577,cuda_event,cuda
39,encoder.layers.encoder_layer_8.mlp.0,Linear,0.22579,2.308594,929562624.0,2362368,0,52,0.22579,counter,"[1, 197, 768]","[1, 197, 3072]",1316.55,0.0,2.309,cuda_event,cuda
39,encoder.layers.encoder_layer_8.mlp.1,GELU,0.01434,2.308594,4841472.0,0,0,53,0.01434,analytic,"[1, 197, 3072]","[1, 197, 3072]",1316.55,0.0,2.309,cuda_event,cuda
39,encoder.layers.encoder_layer_8.mlp.3,Linear,0.2168,0.577148,929562624.0,2360064,0,54,0.2168,counter,"[1, 197, 3072]","[1, 197, 768]",1316.55,0.0,0.577,cuda_event,cuda
39,encoder.layers.encoder_layer_9.ln_1,LayerNorm,0.00944,0.577148,756480.0,1536,0,55,0.00944,analytic,"[1, 197, 768]","[1, 197, 768]",1316.55,0.0,0.577,cuda_event,cuda
39,encoder.layers.encoder_layer_9.self_attention,MultiheadAttention,0.30403,0.577148,1048783872.0,2362368,0,56,0.30403,counter,"[1, 197, 768]","[1, 197, 768]",1316.55,0.0,0.577,cuda_event,cuda
39,encoder.layers.encoder_layer_9.ln_2,LayerNorm,0.00941,0.577148,756480.0,1536,0,57,0.00941,analytic,"[1, 197, 768]","[1, 197, 768]",1316.55,0.0,0.577,cuda_event,cuda
39,encoder.layers.encoder_layer_9.mlp.0,Linear,0.22624,2.308594,929562624.0,2362368,0,58,0.22624,counter,"[1, 197, 768]","[1, 197, 3072]",1316.55,0.0,2.309,cuda_event,cuda
39,encoder.layers.encoder_layer_9.mlp.1,GELU,0.01434,2.308594,4841472.0,0,0,59,0.01434,analytic,"[1, 197, 3072]","[1, 197, 3072]",1316.55,0.0,2.309,cuda_event,cuda
39,encoder.layers.encoder_layer_9.mlp.3,Linear,0.21504,0.577148,929562624.0,2360064,0,60,0.21504,counter,"[1, 197, 3072]","[1, 197, 768]",1316.55,0.0,0.577,cuda_event,cuda
39,encoder.layers.encoder_layer_10.ln_1,LayerNorm,0.0088,0.577148,756480.0,1536,0,61,0.0088,analytic,"[1, 197, 768]","[1, 197, 768]",1316.55,0.0,0.577,cuda_event,cuda
39,encoder.layers.encoder_layer_10.self_attention,MultiheadAttention,0.3031,0.577148,1048783872.0,2362368,0,62,0.3031,counter,"[1, 197, 768]","[1, 197, 768]",1316.55,0.0,0.577,cuda_event,cuda
39,encoder.layers.encoder_layer_10.ln_2,LayerNorm,0.00838,0.577148,756480.0,1536,0,63,0.00838,analytic,"[1, 197, 768]","[1, 197, 768]",1316.55,0.0,0.577,cuda_event,cuda
39,encoder.layers.encoder_layer_10.mlp.0,Linear,0.23347,2.308594,929562624.0,2362368,0,64,0.23347,counter,"[1, 197, 768]","[1, 197, 3072]",1316.55,0.0,2.309,cuda_event,cuda
39,encoder.layers.encoder_layer_10.mlp.1,GELU,0.0159,2.308594,4841472.0,0,0,65,0.0159,analytic,"[1, 197, 3072]","[1, 197, 3072]",1316.55,0.0,2.309,cuda_event,cuda
39,encoder.layers.encoder_layer_10.mlp.3,Linear,0.22787,0.577148,929562624.0,2360064,0,66,0.22787,counter,"[1, 197, 3072]","[1, 197, 768]",1316.55,0.0,0.577,cuda_event,cuda
39,encoder.layers.encoder_layer_11.ln_1,LayerNorm,0.01024,0.577148,756480.0,1536,0,67,0.01024,analytic,"[1, 197, 768]","[1, 197, 768]",1316.55,0.0,0.577,cuda_event,cuda
39,encoder.layers.encoder_layer_11.self_attention,MultiheadAttention,0.32563,0.577148,1048783872.0,2362368,0,68,0.32563,counter,"[1, 197, 768]","[1, 197, 768]",1316.55,0.0,0.577,cuda_event,cuda
39,encoder.layers.encoder_layer_11.ln_2,LayerNorm,0.0096,0.577148,756480.0,1536,0,69,0.0096,analytic,"[1, 197, 768]","[1, 197, 768]",1316.55,0.0,0.577,cuda_event,cuda
39,encoder.layers.encoder_layer_11.mlp.0,Linear,0.24234,2.308594,929562624.0,2362368,0,70,0.24234,counter,"[1, 197, 768]","[1, 197, 3072]",1316.55,0.0,2.309,cuda_event,cuda
39,encoder.layers.encoder_layer_11.mlp.1,GELU,0.01434,2.308594,4841472.0,0,0,71,0.01434,analytic,"[1, 197, 3072]","[1, 197, 3072]",1316.55,0.0,2.309,cuda_event,cuda
39,encoder.layers.encoder_layer_11.mlp.3,Linear,0.22938,0.577148,929562624.0,2360064,0,72,0.22938,counter,"[1, 197, 3072]","[1, 197, 768]",1316.55,0.0,0.577,cuda_event,cuda
39,encoder.ln,LayerNorm,0.01024,0.577148,756480.0,1536,0,73,0.01024,analytic,"[1, 197, 768]","[1, 197, 768]",1316.55,0.0,0.577,cuda_event,cuda
39,heads.head,Linear,0.01779,0.003815,1536000.0,769000,0,74,0.01779,counter,"[1, 768]","[1, 1000]",1316.55,0.0,0.004,cuda_event,cuda
40,conv_proj,Conv2d,0.19251,0.574219,231211008.0,590592,0,0,0.19251,counter,"[1, 3, 224, 224]","[1, 768, 14, 14]",1316.55,0.0,0.574,cuda_event,cuda
40,encoder.layers.encoder_layer_0.ln_1,LayerNorm,0.00982,0.577148,756480.0,1536,0,1,0.00982,analytic,"[1, 197, 768]","[1, 197, 768]",1316.55,0.0,0.577,cuda_event,cuda
40,encoder.layers.encoder_layer_0.self_attention,MultiheadAttention,0.32608,0.577148,1048783872.0,2362368,0,2,0.32608,counter,"[1, 197, 768]","[1, 197, 768]",1316.55,0.0,0.577,cuda_event,cuda
40,encoder.layers.encoder_layer_0.ln_2,LayerNorm,0.01014,0.577148,756480.0,1536,0,3,0.01014,analytic,"[1, 197, 768]","[1, 197, 768]",1316.55,0.0,0.577,cuda_event,cuda
40,encoder.layers.encoder_layer_0.mlp.0,Linear,0.2407,2.308594,929562624.0,2362368,0,4,0.2407,counter,"[1, 197, 768]","[1, 197, 3072]",1316.55,0.0,2.309,cuda_event,cuda
40,encoder.layers.encoder_layer_0.mlp.1,GELU,0.01299,2.308594,4841472.0,0,0,5,0.01299,analytic,"[1, 197, 3072]","[1, 197, 3072]",1316.55,0.0,2.309,cuda_event,cuda
40,encoder.layers.encoder_layer_0.mlp.3,Linear,0.22906,0.577148,929562624.0,2360064,0,6,0.22906,counter,"[1, 197, 3072]","[1, 197, 768]",1316.55,0.0,0.577,cuda_event,cuda
40,encoder.layers.encoder_layer_1.ln_1,LayerNorm,0.00963,0.577148,756480.0,1536,0,7,0.00963,analytic,"[1, 197, 768]","[1, 197, 768]",1316.55,0.0,0.577,cuda_event,cuda
40,encoder.layers.encoder_layer_1.self_attention,MultiheadAttention,0.32586,0.577148,1048783872.0,2362368,0,8,0.32586,counter,"[1, 197, 768]","[1, 197, 768]",1316.55,0.0,0.577,cuda_event,cuda
40,encoder.layers.encoder_layer_1.ln_2,LayerNorm,0.00886,0.577148,756480.0,1536,0,9,0.00886,analytic,"[1, 197, 768]","[1, 197, 768]",1316.55,0.0,0.577,cuda_event,cuda
40,encoder.layers.encoder_layer_1.mlp.0,Linear,0.24166,2.308594,929562624.0,2362368,0,10,0.24166,counter,"[1, 197, 768]","[1, 197, 3072]",1316.55,0.0,2.309,cuda_event,cuda
40,encoder.layers.encoder_layer_1.mlp.1,GELU,0.01638,2.308594,4841472.0,0,0,11,0.01638,analytic,"[1, 197, 3072]","[1, 197, 3072]",1316.55,0.0,2.309,cuda_event,cuda
40,encoder.layers.encoder_layer_1.mlp.3,Linear,0.22733,0.577148,929562624.0,2360064,0,12,0.22733,counter,"[1, 197, 3072]","[1, 197, 768]",1316.55,0.0,0.577,cuda_event,cuda
40,encoder.layers.encoder_layer_2.ln_1,LayerNorm,0.00909,0.577148,756480.0,1536,0,13,0.00909,analytic,"[1, 197, 768]","[1, 197, 768]",1316.55,0.0,0.577,cuda_event,cuda
40,encoder.layers.encoder_layer_2.self_attention,MultiheadAttention,0.32723,0.577148,1048783872.0,2362368,0,14,0.32723,counter,"[1, 197, 768]","[1, 197, 768]",1316.55,0.0,0.577,cuda_event,cuda
40,encoder.layers.encoder_layer_2.ln_2,LayerNorm,0.00906,0.577148,756480.0,1536,0,15,0.00906,analytic,"[1, 197, 768]","[1, 197, 768]",1316.55,0.0,0.577,cuda_event,cuda
40,encoder.layers.encoder_layer_2.mlp.0,Linear,0.24166,2.308594,929562624.0,2362368,0,16,0.24166,counter,"[1, 197, 768]","[1, 197, 3072]",1316.55,0.0,2.309,cuda_event,cuda
40,encoder.layers.encoder_layer_2.mlp.1,GELU,0.01424,2.308594,4841472.0,0,0,17,0.01424,analytic,"[1, 197, 3072]","[1, 197, 3072]",1316.55,0.0,2.309,cuda_event,cuda
40,encoder.layers.encoder_layer_2.mlp.3,Linear,0.22947,0.577148,929562624.0,2360064,0,18,0.22947,counter,"[1, 197, 3072]","[1, 197, 768]",1316.55,0.0,0.577,cuda_event,cuda
40,encoder.layers.encoder_layer_3.ln_1,LayerNorm,0.0089,0.577148,756480.0,1536,0,19,0.0089,analytic,"[1, 197, 768]","[1, 197, 768]",1316.55,0.0,0.577,cuda_event,cuda
40,encoder.layers.encoder_layer_3.self_attention,MultiheadAttention,0.32563,0.577148,1048783872.0,2362368,0,20,0.32563,counter,"[1, 197, 768]","[1, 197, 768]",1316.55,0.0,0.577,cuda_event,cuda
40,encoder.layers.encoder_layer_3.ln_2,LayerNorm,0.01011,0.577148,756480.0,1536,0,21,0.01011,analytic,"[1, 197, 768]","[1, 197, 768]",1316.55,0.0,0.577,cuda_event,cuda
40,encoder.layers.encoder_layer_3.mlp.0,Linear,0.24131,2.308594,929562624.0,2362368,0,22,0.24131,counter,"[1, 197, 768]","[1, 197, 3072]",1316.55,0.0,2.309,cuda_event,cuda
40,encoder.layers.encoder_layer_3.mlp.1,GELU,0.0129,2.308594,4841472.0,0,0,23,0.0129,analytic,"[1, 197, 3072]","[1, 197, 3072]",1316.55,0.0,2.309,cuda_event,cuda
40,encoder.layers.encoder_layer_3.mlp.3,Linear,0.22938,0.577148,929562624.0,2360064,0,24,0.22938,counter,"[1, 197, 3072]","[1, 197, 768]",1316.55,0.0,0.577,cuda_event,cuda
40,encoder.layers.encoder_layer_4.ln_1,LayerNorm,0.0088,0.577148,756480.0,1536,0,25,0.0088,analytic,"[1, 197, 768]","[1, 197, 768]",1316.55,0.0,0.577,cuda_event,cuda
40,encoder.layers.encoder_layer_4.self_attention,MultiheadAttention,0.32749,0.577148,1048783872.0,2362368,0,26,0.32749,counter,"[1, 197, 768]","[1, 197, 768]",1316.55,0.0,0.577,cuda_event,cuda
40,encoder.layers.encoder_layer_4.ln_2,LayerNorm,0.00963,0.577148,756480.0,1536,0,27,0.00963,analytic,"[1, 197, 768]","[1, 197, 768]",1316.55,0.0,0.577,cuda_event,cuda
40,encoder.layers.encoder_layer_4.mlp.0,Linear,0.24134,2.308594,929562624.0,2362368,0,28,0.24134,counter,"[1, 197, 768]","[1, 197, 3072]",1316.55,0.0,2.309,cuda_event,cuda
40,encoder.layers.encoder_layer_4.mlp.1,GELU,0.0145,2.308594,4841472.0,0,0,29,0.0145,analytic,"[1, 197, 3072]","[1, 197, 3072]",1316.55,0.0,2.309,cuda_event,cuda
40,encoder.layers.encoder_layer_4.mlp.3,Linear,0.22906,0.577148,929562624.0,2360064,0,30,0.22906,counter,"[1, 197, 3072]","[1, 197, 768]",1316.55,0.0,0.577,cuda_event,cuda
40,encoder.layers.encoder_layer_5.ln_1,LayerNorm,0.00957,0.577148,756480.0,1536,0,31,0.00957,analytic,"[1, 197, 768]","[1, 197, 768]",1316.55,0.0,0.577,cuda_event,cuda
40,encoder.layers.encoder_layer_5.self_attention,MultiheadAttention,0.32637,0.577148,1048783872.0,2362368,0,32,0.32637,counter,"[1, 197, 768]","[1, 197, 768]",1316.55,0.0,0.577,cuda_event,cuda
40,encoder.layers.encoder_layer_5.ln_2,LayerNorm,0.00979,0.577148,756480.0,1536,0,33,0.00979,analytic,"[1, 197, 768]","[1, 197, 768]",1316.55,0.0,0.577,cuda_event,cuda
40,encoder.layers.encoder_layer_5.mlp.0,Linear,0.24214,2.308594,929562624.0,2362368,0,34,0.24214,counter,"[1, 197, 768]","[1, 197, 3072]",1316.55,0.0,2.309,cuda_event,cuda
40,encoder.layers.encoder_layer_5.mlp.1,GELU,0.01402,2.308594,4841472.0,0,0,35,0.01402,analytic,"[1, 197, 3072]","[1, 197, 3072]",1316.55,0.0,2.309,cuda_event,cuda
40,encoder.layers.encoder_layer_5.mlp.3,Linear,0.22768,0.577148,929562624.0,2360064,0,36,0.22768,counter,"[1, 197, 3072]","[1, 197, 768]",1316.55,0.0,0.577,cuda_event,cuda
40,encoder.layers.encoder_layer_6.ln_1,LayerNorm,0.0089,0.577148,756480.0,1536,0,37,0.0089,analytic,"[1, 197, 768]","[1, 197, 768]",1316.55,0.0,0.577,cuda_event,cuda
40,encoder.layers.encoder_layer_6.self_attention,MultiheadAttention,0.32762,0.577148,1048783872.0,2362368,0,38,0.32762,counter,"[1, 197, 768]","[1, 197, 768]",1316.55,0.0,0.577,cuda_event,cuda
40,encoder.layers.encoder_layer_6.ln_2,LayerNorm,0.0089,0.577148,756480.0,1536,0,39,0.0089,analytic,"[1, 197, 768]","[1, 197, 768]",1316.55,0.0,0.577,cuda_event,cuda
40,encoder.layers.encoder_layer_6.mlp.0,Linear,0.24166,2.308594,929562624.0,2362368,0,40,0.24166,counter,"[1, 197, 768]","[1, 197, 3072]",1316.55,0.0,2.309,cuda_event,cuda
40,encoder.layers.encoder_layer_6.mlp.1,GELU,0.01434,2.308594,4841472.0,0,0,41,0.01434,analytic,"[1, 197, 3072]","[1, 197, 3072]",1316.55,0.0,2.309,cuda_event,cuda
40,encoder.layers.encoder_layer_6.mlp.3,Linear,0.22845,0.577148,929562624.0,2360064,0,42,0.22845,counter,"[1, 197, 3072]","[1, 197, 768]",1316.55,0.0,0.577,cuda_event,cuda
40,encoder.layers.encoder_layer_7.ln_1,LayerNorm,0.00858,0.577148,756480.0,1536,0,43,0.00858,analytic,"[1, 197, 768]","[1, 197, 768]",1316.55,0.0,0.577,cuda_event,cuda
40,encoder.layers.encoder_layer_7.self_attention,MultiheadAttention,0.32563,0.577148,1048783872.0,2362368,0,44,0.32563,counter,"[1, 197, 768]","[1, 197, 768]",1316.55,0.0,0.577,cuda_event,cuda
40,encoder.layers.encoder_layer_7.ln_2,LayerNorm,0.00861,0.577148,756480.0,1536,0,45,0.00861,analytic,"[1, 197, 768]","[1, 197, 768]",1316.55,0.0,0.577,cuda_event,cuda
40,encoder.layers.encoder_layer_7.mlp.0,Linear,0.24054,2.308594,929562624.0,2362368,0,46,0.24054,counter,"[1, 197, 768]","[1, 197, 3072]",1316.55,0.0,2.309,cuda_event,cuda
40,encoder.layers.encoder_layer_7.mlp.1,GELU,0.01434,2.308594,4841472.0,0,0,47,0.01434,analytic,"[1, 197, 3072]","[1, 197, 3072]",1316.55,0.0,2.309,cuda_event,cuda
40,encoder.layers.encoder_layer_7.mlp.3,Linear,0.22938,0.577148,929562624.0,2360064,0,48,0.22938,counter,"[1, 197, 3072]","[1, 197, 768]",1316.55,0.0,0.577,cuda_event,cuda
40,encoder.layers.encoder_layer_8.ln_1,LayerNorm,0.00909,0.577148,756480.0,1536,0,49,0.00909,analytic,"[1, 197, 768]","[1, 197, 768]",1316.55,0.0,0.577,cuda_event,cuda
40,encoder.layers.encoder_layer_8.self_attention,MultiheadAttention,0.32746,0.577148,1048783872.0,2362368,0,50,0.32746,counter,"[1, 197, 768]","[1, 197, 768]",1316.55,0.0,0.577,cuda_event,cuda
40,encoder.layers.encoder_layer_8.ln_2,LayerNorm,0.00963,0.577148,756480.0,1536,0,51,0.00963,analytic,"[1, 197, 768]","[1, 197, 768]",1316.55,0.0,0.577,cuda_event,cuda
40,encoder.layers.encoder_layer_8.mlp.0,Linear,0.24045,2.308594,929562624.0,2362368,0,52,0.24045,counter,"[1, 197, 768]","[1, 197, 3072]",1316.55,0.0,2.309,cuda_event,cuda
40,encoder.layers.encoder_layer_8.mlp.1,GELU,0.01434,2.308594,4841472.0,0,0,53,0.01434,analytic,"[1, 197, 3072]","[1, 197, 3072]",1316.55,0.0,2.309,cuda_event,cuda
40,encoder.layers.encoder_layer_8.mlp.3,Linear,0.22938,0.577148,929562624.0,2360064,0,54,0.22938,counter,"[1, 197, 3072]","[1, 197, 768]",1316.55,0.0,0.577,cuda_event,cuda
40,encoder.layers.encoder_layer_9.ln_1,LayerNorm,0.00922,0.577148,756480.0,1536,0,55,0.00922,analytic,"[1, 197, 768]","[1, 197, 768]",1316.55,0.0,0.577,cuda_event,cuda
40,encoder.layers.encoder_layer_9.self_attention,MultiheadAttention,0.32563,0.577148,1048783872.0,2362368,0,56,0.32563,counter,"[1, 197, 768]","[1, 197, 768]",1316.55,0.0,0.577,cuda_event,cuda
40,encoder.layers.encoder_layer_9.ln_2,LayerNorm,0.01024,0.577148,756480.0,1536,0,57,0.01024,analytic,"[1, 197, 768]","[1, 197, 768]",1316.55,0.0,0.577,cuda_event,cuda
40,encoder.layers.encoder_layer_9.mlp.0,Linear,0.24166,2.308594,929562624.0,2362368,0,58,0.24166,counter,"[1, 197, 768]","[1, 197, 3072]",1316.55,0.0,2.309,cuda_event,cuda
40,encoder.layers.encoder_layer_9.mlp.1,GELU,0.01434,2.308594,4841472.0,0,0,59,0.01434,analytic,"[1, 197, 3072]","[1, 197, 3072]",1316.55,0.0,2.309,cuda_event,cuda
40,encoder.layers.encoder_layer_9.mlp.3,Linear,0.22845,0.577148,929562624.0,2360064,0,60,0.22845,counter,"[1, 197, 3072]","[1, 197, 768]",1316.55,0.0,0.577,cuda_event,cuda
40,encoder.layers.encoder_layer_10.ln_1,LayerNorm,0.00992,0.577148,756480.0,1536,0,61,0.00992,analytic,"[1, 197, 768]","[1, 197, 768]",1316.55,0.0,0.577,cuda_event,cuda
40,encoder.layers.encoder_layer_10.self_attention,MultiheadAttention,0.32614,0.577148,1048783872.0,2362368,0,62,0.32614,counter,"[1, 197, 768]","[1, 197, 768]",1316.55,0.0,0.577,cuda_event,cuda
40,encoder.layers.encoder_layer_10.ln_2,LayerNorm,0.00982,0.577148,756480.0,1536,0,63,0.00982,analytic,"[1, 197, 768]","[1, 197, 768]",1316.55,0.0,0.577,cuda_event,cuda
40,encoder.layers.encoder_layer_10.mlp.0,Linear,0.24333,2.308594,929562624.0,2362368,0,64,0.24333,counter,"[1, 197, 768]","[1, 197, 3072]",1316.55,0.0,2.309,cuda_event,cuda
40,encoder.layers.encoder_layer_10.mlp.1,GELU,0.01437,2.308594,4841472.0,0,0,65,0.01437,analytic,"[1, 197, 3072]","[1, 197, 3072]",1316.55,0.0,2.309,cuda_event,cuda
40,encoder.layers.encoder_layer_10.mlp.3,Linear,0.2297,0.577148,929562624.0,2360064,0,66,0.2297,counter,"[1, 197, 3072]","[1, 197, 768]",1316.55,0.0,0.577,cuda_event,cuda
40,encoder.layers.encoder_layer_11.ln_1,LayerNorm,0.01024,0.577148,756480.0,1536,0,67,0.01024,analytic,"[1, 197, 768]","[1, 197, 768]",1316.55,0.0,0.577,cuda_event,cuda
40,encoder.layers.encoder_layer_11.self_attention,MultiheadAttention,0.32922,0.577148,1048783872.0,2362368,0,68,0.32922,counter,"[1, 197, 768]","[1, 197, 768]",1316.55,0.0,0.577,cuda_event,cuda
40,encoder.layers.encoder_layer_11.ln_2,LayerNorm,0.00893,0.577148,756480.0,1536,0,69,0.00893,analytic,"[1, 197, 768]","[1, 197, 768]",1316.55,0.0,0.577,cuda_event,cuda
40,encoder.layers.encoder_layer_11.mlp.0,Linear,0.24518,2.308594,929562624.0,2362368,0,70,0.24518,counter,"[1, 197, 768]","[1, 197, 3072]",1316.55,0.0,2.309,cuda_event,cuda
40,encoder.layers.encoder_layer_11.mlp.1,GELU,0.01424,2.308594,4841472.0,0,0,71,0.01424,analytic,"[1, 197, 3072]","[1, 197, 3072]",1316.55,0.0,2.309,cuda_event,cuda
40,encoder.layers.encoder_layer_11.mlp.3,Linear,0.2312,0.577148,929562624.0,2360064,0,72,0.2312,counter,"[1, 197, 3072]","[1, 197, 768]",1316.55,0.0,0.577,cuda_event,cuda
40,encoder.ln,LayerNorm,0.00989,0.577148,756480.0,1536,0,73,0.00989,analytic,"[1, 197, 768]","[1, 197, 768]",1316.55,0.0,0.577,cuda_event,cuda
40,heads.head,Linear,0.01677,0.003815,1536000.0,769000,0,74,0.01677,counter,"[1, 768]","[1, 1000]",1316.55,0.0,0.004,cuda_event,cuda
41,conv_proj,Conv2d,0.19587,0.574219,231211008.0,590592,0,0,0.19587,counter,"[1, 3, 224, 224]","[1, 768, 14, 14]",1316.55,0.0,0.574,cuda_event,cuda
41,encoder.layers.encoder_layer_0.ln_1,LayerNorm,0.00982,0.577148,756480.0,1536,0,1,0.00982,analytic,"[1, 197, 768]","[1, 197, 768]",1316.55,0.0,0.577,cuda_event,cuda
41,encoder.layers.encoder_layer_0.self_attention,MultiheadAttention,0.33037,0.577148,1048783872.0,2362368,0,2,0.33037,counter,"[1, 197, 768]","[1, 197, 768]",1316.55,0.0,0.577,cuda_event,cuda
41,encoder.layers.encoder_layer_0.ln_2,LayerNorm,0.0087,0.577148,756480.0,1536,0,3,0.0087,analytic,"[1, 197, 768]","[1, 197, 768]",1316.55,0.0,0.577,cuda_event,cuda
41,encoder.layers.encoder_layer_0.mlp.0,Linear,0.24371,2.308594,929562624.0,2362368,0,4,0.24371,counter,"[1, 197, 768]","[1, 197, 3072]",1316.55,0.0,2.309,cuda_event,cuda
41,encoder.layers.encoder_layer_0.mlp.1,GELU,0.01434,2.308594,4841472.0,0,0,5,0.01434,analytic,"[1, 197, 3072]","[1, 197, 3072]",1316.55,0.0,2.309,cuda_event,cuda
41,encoder.layers.encoder_layer_0.mlp.3,Linear,0.22938,0.577148,929562624.0,2360064,0,6,0.22938,counter,"[1, 197, 3072]","[1, 197, 768]",1316.55,0.0,0.577,cuda_event,cuda
41,encoder.layers.encoder_layer_1.ln_1,LayerNorm,0.0097,0.577148,756480.0,1536,0,7,0.0097,analytic,"[1, 197, 768]","[1, 197, 768]",1316.55,0.0,0.577,cuda_event,cuda
41,encoder.layers.encoder_layer_1.self_attention,MultiheadAttention,0.32931,0.577148,1048783872.0,2362368,0,8,0.32931,counter,"[1, 197, 768]","[1, 197, 768]",1316.55,0.0,0.577,cuda_event,cuda
41,encoder.layers.encoder_layer_1.ln_2,LayerNorm,0.00966,0.577148,756480.0,1536,0,9,0.00966,analytic,"[1, 197, 768]","[1, 197, 768]",1316.55,0.0,0.577,cuda_event,cuda
41,encoder.layers.encoder_layer_1.mlp.0,Linear,0.24371,2.308594,929562624.0,2362368,0,10,0.24371,counter,"[1, 197, 768]","[1, 197, 3072]",1316.55,0.0,2.309,cuda_event,cuda
41,encoder.layers.encoder_layer_1.mlp.1,GELU,0.01434,2.308594,4841472.0,0,0,11,0.01434,analytic,"[1, 197, 3072]","[1, 197, 3072]",1316.55,0.0,2.309,cuda_event,cuda
41,encoder.layers.encoder_layer_1.mlp.3,Linear,0.22938,0.577148,929562624.0,2360064,0,12,0.22938,counter,"[1, 197, 3072]","[1, 197, 768]",1316.55,0.0,0.577,cuda_event,cuda
41,encoder.layers.encoder_layer_2.ln_1,LayerNorm,0.01024,0.577148,756480.0,1536,0,13,0.01024,analytic,"[1, 197, 768]","[1, 197, 768]",1316.55,0.0,0.577,cuda_event,cuda
41,encoder.layers.encoder_layer_2.self_attention,MultiheadAttention,0.32973,0.577148,1048783872.0,2362368,0,14,0.32973,counter,"[1, 197, 768]","[1, 197, 768]",1316.55,0.0,0.577,cuda_event,cuda
41,encoder.layers.encoder_layer_2.ln_2,LayerNorm,0.00992,0.577148,756480.0,1536,0,15,0.00992,analytic,"[1, 197, 768]","[1, 197, 768]",1316.55,0.0,0.577,cuda_event,cuda
41,encoder.layers.encoder_layer_2.mlp.0,Linear,0.24541,2.308594,929562624.0,2362368,0,16,0.24541,counter,"[1, 197, 768]","[1, 197, 3072]",1316.55,0.0,2.309,cuda_event,cuda
41,encoder.layers.encoder_layer_2.mlp.1,GELU,0.01302,2.308594,4841472.0,0,0,17,0.01302,analytic,"[1, 197, 3072]","[1, 197, 3072]",1316.55,0.0,2.309,cuda_event,cuda
41,encoder.layers.encoder_layer_2.mlp.3,Linear,0.23142,0.577148,929562624.0,2360064,0,18,0.23142,counter,"[1, 197, 3072]","[1, 197, 768]",1316.55,0.0,0.577,cuda_event,cuda
41,encoder.layers.encoder_layer_3.ln_1,LayerNorm,0.01024,0.577148,756480.0,1536,0,19,0.01024,analytic,"[1, 197, 768]","[1, 197, 768]",1316.55,0.0,0.577,cuda_event,cuda
41,encoder.layers.encoder_layer_3.self_attention,MultiheadAttention,0.32938,0.577148,1048783872.0,2362368,0,20,0.32938,counter,"[1, 197, 768]","[1, 197, 768]",1316.55,0.0,0.577,cuda_event,cuda
41,encoder.layers.encoder_layer_3.ln_2,LayerNorm,0.00893,0.577148,756480.0,1536,0,21,0.00893,analytic,"[1, 197, 768]","[1, 197, 768]",1316.55,0.0,0.577,cuda_event,cuda
41,encoder.layers.encoder_layer_3.mlp.0,Linear,0.24445,2.308594,929562624.0,2362368,0,22,0.24445,counter,"[1, 197, 768]","[1, 197, 3072]",1316.55,0.0,2.309,cuda_event,cuda
41,encoder.layers.encoder_layer_3.mlp.1,GELU,0.01421,2.308594,4841472.0,0,0,23,0.01421,analytic,"[1, 197, 3072]","[1, 197, 3072]",1316.55,0.0,2.309,cuda_event,cuda
41,encoder.layers.encoder_layer_3.mlp.3,Linear,0.2295,0.577148,929562624.0,2360064,0,24,0.2295,counter,"[1, 197, 3072]","[1, 197, 768]",1316.55,0.0,0.577,cuda_event,cuda
41,encoder.layers.encoder_layer_4.ln_1,LayerNorm,0.01024,0.577148,756480.0,1536,0,25,0.01024,analytic,"[1, 197, 768]","[1, 197, 768]",1316.55,0.0,0.577,cuda_event,cuda
41,encoder.layers.encoder_layer_4.self_attention,MultiheadAttention,0.3295,0.577148,1048783872.0,2362368,0,26,0.3295,counter,"[1, 197, 768]","[1, 197, 768]",1316.55,0.0,0.577,cuda_event,cuda
41,encoder.layers.encoder_layer_4.ln_2,LayerNorm,0.0097,0.577148,756480.0,1536,0,27,0.0097,analytic,"[1, 197, 768]","[1, 197, 768]",1316.55,0.0,0.577,cuda_event,cuda
41,encoder.layers.encoder_layer_4.mlp.0,Linear,0.24438,2.308594,929562624.0,2362368,0,28,0.24438,counter,"[1, 197, 768]","[1, 197, 3072]",1316.55,0.0,2.309,cuda_event,cuda
41,encoder.layers.encoder_layer_4.mlp.1,GELU,0.01434,2.308594,4841472.0,0,0,29,0.01434,analytic,"[1, 197, 3072]","[1, 197, 3072]",1316.55,0.0,2.309,cuda_event,cuda
41,encoder.layers.encoder_layer_4.mlp.3,Linear,0.23133,0.577148,929562624.0,2360064,0,30,0.23133,counter,"[1, 197, 3072]","[1, 197, 768]",1316.55,0.0,0.577,cuda_event,cuda
41,encoder.layers.encoder_layer_5.ln_1,LayerNorm,0.01024,0.577148,756480.0,1536,0,31,0.01024,analytic,"[1, 197, 768]","[1, 197, 768]",1316.55,0.0,0.577,cuda_event,cuda
41,encoder.layers.encoder_layer_5.self_attention,MultiheadAttention,0.32896,0.577148,1048783872.0,2362368,0,32,0.32896,counter,"[1, 197, 768]","[1, 197, 768]",1316.55,0.0,0.577,cuda_event,cuda
41,encoder.layers.encoder_layer_5.ln_2,LayerNorm,0.01024,0.577148,756480.0,1536,0,33,0.01024,analytic,"[1, 197, 768]","[1, 197, 768]",1316.55,0.0,0.577,cuda_event,cuda
41,encoder.layers.encoder_layer_5.mlp.0,Linear,0.24371,2.308594,929562624.0,2362368,0,34,0.24371,counter,"[1, 197, 768]","[1, 197, 3072]",1316.55,0.0,2.309,cuda_event,cuda
41,encoder.layers.encoder_layer_5.mlp.1,GELU,0.01405,2.308594,4841472.0,0,0,35,0.01405,analytic,"[1, 197, 3072]","[1, 197, 3072]",1316.55,0.0,2.309,cuda_event,cuda
41,encoder.layers.encoder_layer_5.mlp.3,Linear,0.23178,0.577148,929562624.0,2360064,0,36,0.23178,counter,"[1, 197, 3072]","[1, 197, 768]",1316.55,0.0,0.577,cuda_event,cuda
41,encoder.layers.encoder_layer_6.ln_1,LayerNorm,0.00899,0.577148,756480.0,1536,0,37,0.00899,analytic,"[1, 197, 768]","[1, 197, 768]",1316.55,0.0,0.577,cuda_event,cuda
41,encoder.layers.encoder_layer_6.self_attention,MultiheadAttention,0.3311,0.577148,1048783872.0,2362368,0,38,0.3311,counter,"[1, 197, 768]","[1, 197, 768]",1316.55,0.0,0.577,cuda_event,cuda
41,encoder.layers.encoder_layer_6.ln_2,LayerNorm,0.00899,0.577148,756480.0,1536,0,39,0.00899,analytic,"[1, 197, 768]","[1, 197, 768]",1316.55,0.0,0.577,cuda_event,cuda
41,encoder.layers.encoder_layer_6.mlp.0,Linear,0.24371,2.308594,929562624.0,2362368,0,40,0.24371,counter,"[1, 197, 768]","[1, 197, 3072]",1316.55,0.0,2.309,cuda_event,cuda
41,encoder.layers.encoder_layer_6.mlp.1,GELU,0.01395,2.308594,4841472.0,0,0,41,0.01395,analytic,"[1, 197, 3072]","[1, 197, 3072]",1316.55,0.0,2.309,cuda_event,cuda
41,encoder.layers.encoder_layer_6.mlp.3,Linear,0.22979,0.577148,929562624.0,2360064,0,42,0.22979,counter,"[1, 197, 3072]","[1, 197, 768]",1316.55,0.0,0.577,cuda_event,cuda
41,encoder.layers.encoder_layer_7.ln_1,LayerNorm,0.00886,0.577148,756480.0,1536,0,43,0.00886,analytic,"[1, 197, 768]","[1, 197, 768]",1316.55,0.0,0.577,cuda_event,cuda
41,encoder.layers.encoder_layer_7.self_attention,MultiheadAttention,0.32768,0.577148,1048783872.0,2362368,0,44,0.32768,counter,"[1, 197, 768]","[1, 197, 768]",1316.55,0.0,0.577,cuda_event,cuda
41,encoder.layers.encoder_layer_7.ln_2,LayerNorm,0.01018,0.577148,756480.0,1536,0,45,0.01018,analytic,"[1, 197, 768]","[1, 197, 768]",1316.55,0.0,0.577,cuda_event,cuda
41,encoder.layers.encoder_layer_7.mlp.0,Linear,0.23347,2.308594,929562624.0,2362368,0,46,0.23347,counter,"[1, 197, 768]","[1, 197, 3072]",1316.55,0.0,2.309,cuda_event,cuda
41,encoder.layers.encoder_layer_7.mlp.1,GELU,0.0144,2.308594,4841472.0,0,0,47,0.0144,analytic,"[1, 197, 3072]","[1, 197, 3072]",1316.55,0.0,2.309,cuda_event,cuda
41,encoder.layers.encoder_layer_7.mlp.3,Linear,0.22106,0.577148,929562624.0,2360064,0,48,0.22106,counter,"[1, 197, 3072]","[1, 197, 768]",1316.55,0.0,0.577,cuda_event,cuda
41,encoder.layers.encoder_layer_8.ln_1,LayerNorm,0.01008,0.577148,756480.0,1536,0,49,0.01008,analytic,"[1, 197, 768]","[1, 197, 768]",1316.55,0.0,0.577,cuda_event,cuda
41,encoder.layers.encoder_layer_8.self_attention,MultiheadAttention,0.31357,0.577148,1048783872.0,2362368,0,50,0.31357,counter,"[1, 197, 768]","[1, 197, 768]",1316.55,0.0,0.577,cuda_event,cuda
41,encoder.layers.encoder_layer_8.ln_2,LayerNorm,0.00934,0.577148,756480.0,1536,0,51,0.00934,analytic,"[1, 197, 768]","[1, 197, 768]",1316.55,0.0,0.577,cuda_event,cuda
41,encoder.layers.encoder_layer_8.mlp.0,Linear,0.23158,2.308594,929562624.0,2362368,0,52,0.23158,counter,"[1, 197, 768]","[1, 197, 3072]",1316.55,0.0,2.309,cuda_event,cuda
41,encoder.layers.encoder_layer_8.mlp.1,GELU,0.01434,2.308594,4841472.0,0,0,53,0.01434,analytic,"[1, 197, 3072]","[1, 197, 3072]",1316.55,0.0,2.309,cuda_event,cuda
41,encoder.layers.encoder_layer_8.mlp.3,Linear,0.22022,0.577148,929562624.0,2360064,0,54,0.22022,counter,"[1, 197, 3072]","[1, 197, 768]",1316.55,0.0,0.577,cuda_event,cuda
41,encoder.layers.encoder_layer_9.ln_1,LayerNorm,0.00928,0.577148,756480.0,1536,0,55,0.00928,analytic,"[1, 197, 768]","[1, 197, 768]",1316.55,0.0,0.577,cuda_event,cuda
41,encoder.layers.encoder_layer_9.self_attention,MultiheadAttention,0.31498,0.577148,1048783872.0,2362368,0,56,0.31498,counter,"[1, 197, 768]","[1, 197, 768]",1316.55,0.0,0.577,cuda_event,cuda
41,encoder.layers.encoder_layer_9.ln_2,LayerNorm,0.00902,0.577148,756480.0,1536,0,57,0.00902,analytic,"[1, 197, 768]","[1, 197, 768]",1316.55,0.0,0.577,cuda_event,cuda
41,encoder.layers.encoder_layer_9.mlp.0,Linear,0.23488,2.308594,929562624.0,2362368,0,58,0.23488,counter,"[1, 197, 768]","[1, 197, 3072]",1316.55,0.0,2.309,cuda_event,cuda
41,encoder.layers.encoder_layer_9.mlp.1,GELU,0.01299,2.308594,4841472.0,0,0,59,0.01299,analytic,"[1, 197, 3072]","[1, 197, 3072]",1316.55,0.0,2.309,cuda_event,cuda
41,encoder.layers.encoder_layer_9.mlp.3,Linear,0.22118,0.577148,929562624.0,2360064,0,60,0.22118,counter,"[1, 197, 3072]","[1, 197, 768]",1316.55,0.0,0.577,cuda_event,cuda
41,encoder.layers.encoder_layer_10.ln_1,LayerNorm,0.00883,0.577148,756480.0,1536,0,61,0.00883,analytic,"[1, 197, 768]","[1, 197, 768]",1316.55,0.0,0.577,cuda_event,cuda
41,encoder.layers.encoder_layer_10.self_attention,MultiheadAttention,0.31334,0.577148,1048783872.0,2362368,0,62,0.31334,counter,"[1, 197, 768]","[1, 197, 768]",1316.55,0.0,0.577,cuda_event,cuda
41,encoder.layers.encoder_layer_10.ln_2,LayerNorm,0.00854,0.577148,756480.0,1536,0,63,0.00854,analytic,"[1, 197, 768]","[1, 197, 768]",1316.55,0.0,0.577,cuda_event,cuda
41,encoder.layers.encoder_layer_10.mlp.0,Linear,0.23203,2.308594,929562624.0,2362368,0,64,0.23203,counter,"[1, 197, 768]","[1, 197, 3072]",1316.55,0.0,2.309,cuda_event,cuda
41,encoder.layers.encoder_layer_10.mlp.1,GELU,0.01434,2.308594,4841472.0,0,0,65,0.01434,analytic,"[1, 197, 3072]","[1, 197, 3072]",1316.55,0.0,2.309,cuda_event,cuda
41,encoder.layers.encoder_layer_10.mlp.3,Linear,0.22118,0.577148,929562624.0,2360064,0,66,0.22118,counter,"[1, 197, 3072]","[1, 197, 768]",1316.55,0.0,0.577,cuda_event,cuda
41,encoder.layers.encoder_layer_11.ln_1,LayerNorm,0.00858,0.577148,756480.0,1536,0,67,0.00858,analytic,"[1, 197, 768]","[1, 197, 768]",1316.55,0.0,0.577,cuda_event,cuda
41,encoder.layers.encoder_layer_11.self_attention,MultiheadAttention,0.31334,0.577148,1048783872.0,2362368,0,68,0.31334,counter,"[1, 197, 768]","[1, 197, 768]",1316.55,0.0,0.577,cuda_event,cuda
41,encoder.layers.encoder_layer_11.ln_2,LayerNorm,0.00842,0.577148,756480.0,1536,0,69,0.00842,analytic,"[1, 197, 768]","[1, 197, 768]",1316.55,0.0,0.577,cuda_event,cuda
41,encoder.layers.encoder_layer_11.mlp.0,Linear,0.2329,2.308594,929562624.0,2362368,0,70,0.2329,counter,"[1, 197, 768]","[1, 197, 3072]",1316.55,0.0,2.309,cuda_event,cuda
41,encoder.layers.encoder_layer_11.mlp.1,GELU,0.01414,2.308594,4841472.0,0,0,71,0.01414,analytic,"[1, 197, 3072]","[1, 197, 3072]",1316.55,0.0,2.309,cuda_event,cuda
41,encoder.layers.encoder_layer_11.mlp.3,Linear,0.22006,0.577148,929562624.0,2360064,0,72,0.22006,counter,"[1, 197, 3072]","[1, 197, 768]",1316.55,0.0,0.577,cuda_event,cuda
41,encoder.ln,LayerNorm,0.00941,0.577148,756480.0,1536,0,73,0.00941,analytic,"[1, 197, 768]","[1, 197, 768]",1316.55,0.0,0.577,cuda_event,cuda
41,heads.head,Linear,0.01706,0.003815,1536000.0,769000,0,74,0.01706,counter,"[1, 768]","[1, 1000]",1316.55,0.0,0.004,cuda_event,cuda
42,conv_proj,Conv2d,0.18432,0.574219,231211008.0,590592,0,0,0.18432,counter,"[1, 3, 224, 224]","[1, 768, 14, 14]",1316.55,0.0,0.574,cuda_event,cuda
42,encoder.layers.encoder_layer_0.ln_1,LayerNorm,0.00931,0.577148,756480.0,1536,0,1,0.00931,analytic,"[1, 197, 768]","[1, 197, 768]",1316.55,0.0,0.577,cuda_event,cuda
42,encoder.layers.encoder_layer_0.self_attention,MultiheadAttention,0.3143,0.577148,1048783872.0,2362368,0,2,0.3143,counter,"[1, 197, 768]","[1, 197, 768]",1316.55,0.0,0.577,cuda_event,cuda
42,encoder.layers.encoder_layer_0.ln_2,LayerNorm,0.0097,0.577148,756480.0,1536,0,3,0.0097,analytic,"[1, 197, 768]","[1, 197, 768]",1316.55,0.0,0.577,cuda_event,cuda
42,encoder.layers.encoder_layer_0.mlp.0,Linear,0.23206,2.308594,929562624.0,2362368,0,4,0.23206,counter,"[1, 197, 768]","[1, 197, 3072]",1316.55,0.0,2.309,cuda_event,cuda
42,encoder.layers.encoder_layer_0.mlp.1,GELU,0.01434,2.308594,4841472.0,0,0,5,0.01434,analytic,"[1, 197, 3072]","[1, 197, 3072]",1316.55,0.0,2.309,cuda_event,cuda
42,encoder.layers.encoder_layer_0.mlp.3,Linear,0.22112,0.577148,929562624.0,2360064,0,6,0.22112,counter,"[1, 197, 3072]","[1, 197, 768]",1316.55,0.0,0.577,cuda_event,cuda
42,encoder.layers.encoder_layer_1.ln_1,LayerNorm,0.01021,0.577148,756480.0,1536,0,7,0.01021,analytic,"[1, 197, 768]","[1, 197, 768]",1316.55,0.0,0.577,cuda_event,cuda
42,encoder.layers.encoder_layer_1.self_attention,MultiheadAttention,0.31552,0.577148,1048783872.0,2362368,0,8,0.31552,counter,"[1, 197, 768]","[1, 197, 768]",1316.55,0.0,0.577,cuda_event,cuda
42,encoder.layers.encoder_layer_1.ln_2,LayerNorm,0.00938,0.577148,756480.0,1536,0,9,0.00938,analytic,"[1, 197, 768]","[1, 197, 768]",1316.55,0.0,0.577,cuda_event,cuda
42,encoder.layers.encoder_layer_1.mlp.0,Linear,0.23158,2.308594,929562624.0,2362368,0,10,0.23158,counter,"[1, 197, 768]","[1, 197, 3072]",1316.55,0.0,2.309,cuda_event,cuda
42,encoder.layers.encoder_layer_1.mlp.1,GELU,0.01318,2.308594,4841472.0,0,0,11,0.01318,analytic,"[1, 197, 3072]","[1, 197, 3072]",1316.55,0.0,2.309,cuda_event,cuda
42,encoder.layers.encoder_layer_1.mlp.3,Linear,0.22285,0.577148,929562624.0,2360064,0,12,0.22285,counter,"[1, 197, 3072]","[1, 197, 768]",1316.55,0.0,0.577,cuda_event,cuda
42,encoder.layers.encoder_layer_2.ln_1,LayerNorm,0.00941,0.577148,756480.0,1536,0,13,0.00941,analytic,"[1, 197, 768]","[1, 197, 768]",1316.55,0.0,0.577,cuda_event,cuda
42,encoder.layers.encoder_layer_2.self_attention,MultiheadAttention,0.3119,0.577148,1048783872.0,2362368,0,14,0.3119,counter,"[1, 197, 768]","[1, 197, 768]",1316.55,0.0,0.577,cuda_event,cuda
42,encoder.layers.encoder_layer_2.ln_2,LayerNorm,0.00995,0.577148,756480.0,1536,0,15,0.00995,analytic,"[1, 197, 768]","[1, 197, 768]",1316.55,0.0,0.577,cuda_event,cuda
42,encoder.layers.encoder_layer_2.mlp.0,Linear,0.2329,2.308594,929562624.0,2362368,0,16,0.2329,counter,"[1, 197, 768]","[1, 197, 3072]",1316.55,0.0,2.309,cuda_event,cuda
42,encoder.layers.encoder_layer_2.mlp.1,GELU,0.01322,2.308594,4841472.0,0,0,17,0.01322,analytic,"[1, 197, 3072]","[1, 197, 3072]",1316.55,0.0,2.309,cuda_event,cuda
42,encoder.layers.encoder_layer_2.mlp.3,Linear,0.22131,0.577148,929562624.0,2360064,0,18,0.22131,counter,"[1, 197, 3072]","[1, 197, 768]",1316.55,0.0,0.577,cuda_event,cuda
42,encoder.layers.encoder_layer_3.ln_1,LayerNorm,0.00998,0.577148,756480.0,1536,0,19,0.00998,analytic,"[1, 197, 768]","[1, 197, 768]",1316.55,0.0,0.577,cuda_event,cuda
42,encoder.layers.encoder_layer_3.self_attention,MultiheadAttention,0.3128,0.577148,1048783872.0,2362368,0,20,0.3128,counter,"[1, 197, 768]","[1, 197, 768]",1316.55,0.0,0.577,cuda_event,cuda
42,encoder.layers.encoder_layer_3.ln_2,LayerNorm,0.01024,0.577148,756480.0,1536,0,21,0.01024,analytic,"[1, 197, 768]","[1, 197, 768]",1316.55,0.0,0.577,cuda_event,cuda
42,encoder.layers.encoder_layer_3.mlp.0,Linear,0.23331,2.308594,929562624.0,2362368,0,22,0.23331,counter,"[1, 197, 768]","[1, 197, 3072]",1316.55,0.0,2.309,cuda_event,cuda
42,encoder.layers.encoder_layer_3.mlp.1,GELU,0.01459,2.308594,4841472.0,0,0,23,0.01459,analytic,"[1, 197, 3072]","[1, 197, 3072]",1316.55,0.0,2.309,cuda_event,cuda
42,encoder.layers.encoder_layer_3.mlp.3,Linear,0.22093,0.577148,929562624.0,2360064,0,24,0.22093,counter,"[1, 197, 3072]","[1, 197, 768]",1316.55,0.0,0.577,cuda_event,cuda
42,encoder.layers.encoder_layer_4.ln_1,LayerNorm,0.00938,0.577148,756480.0,1536,0,25,0.00938,analytic,"[1, 197, 768]","[1, 197, 768]",1316.55,0.0,0.577,cuda_event,cuda
42,encoder.layers.encoder_layer_4.self_attention,MultiheadAttention,0.31226,0.577148,1048783872.0,2362368,0,26,0.31226,counter,"[1, 197, 768]","[1, 197, 768]",1316.55,0.0,0.577,cuda_event,cuda
42,encoder.layers.encoder_layer_4.ln_2,LayerNorm,0.00957,0.577148,756480.0,1536,0,27,0.00957,analytic,"[1, 197, 768]","[1, 197, 768]",1316.55,0.0,0.577,cuda_event,cuda
42,encoder.layers.encoder_layer_4.mlp.0,Linear,0.23174,2.308594,929562624.0,2362368,0,28,0.23174,counter,"[1, 197, 768]","[1, 197, 3072]",1316.55,0.0,2.309,cuda_event,cuda
42,encoder.layers.encoder_layer_4.mlp.1,GELU,0.01472,2.308594,4841472.0,0,0,29,0.01472,analytic,"[1, 197, 3072]","[1, 197, 3072]",1316.55,0.0,2.309,cuda_event,cuda
42,encoder.layers.encoder_layer_4.mlp.3,Linear,0.22138,0.577148,929562624.0,2360064,0,30,0.22138,counter,"[1, 197, 3072]","[1, 197, 768]",1316.55,0.0,0.577,cuda_event,cuda
42,encoder.layers.encoder_layer_5.ln_1,LayerNorm,0.00989,0.577148,756480.0,1536,0,31,0.00989,analytic,"[1, 197, 768]","[1, 197, 768]",1316.55,0.0,0.577,cuda_event,cuda
42,encoder.layers.encoder_layer_5.self_attention,MultiheadAttention,0.31171,0.577148,1048783872.0,2362368,0,32,0.31171,counter,"[1, 197, 768]","[1, 197, 768]",1316.55,0.0,0.577,cuda_event,cuda
42,encoder.layers.encoder_layer_5.ln_2,LayerNorm,0.00835,0.577148,756480.0,1536,0,33,0.00835,analytic,"[1, 197, 768]","[1, 197, 768]",1316.55,0.0,0.577,cuda_event,cuda
42,encoder.layers.encoder_layer_5.mlp.0,Linear,0.23347,2.308594,929562624.0,2362368,0,34,0.23347,counter,"[1, 197, 768]","[1, 197, 3072]",1316.55,0.0,2.309,cuda_event,cuda
42,encoder.layers.encoder_layer_5.mlp.1,GELU,0.01434,2.308594,4841472.0,0,0,35,0.01434,analytic,"[1, 197, 3072]","[1, 197, 3072]",1316.55,0.0,2.309,cuda_event,cuda
42,encoder.layers.encoder_layer_5.mlp.3,Linear,0.22227,0.577148,929562624.0,2360064,0,36,0.22227,counter,"[1, 197, 3072]","[1, 197, 768]",1316.55,0.0,0.577,cuda_event,cuda
42,encoder.layers.encoder_layer_6.ln_1,LayerNorm,0.00858,0.577148,756480.0,1536,0,37,0.00858,analytic,"[1, 197, 768]","[1, 197, 768]",1316.55,0.0,0.577,cuda_event,cuda
42,encoder.layers.encoder_layer_6.self_attention,MultiheadAttention,0.31446,0.577148,1048783872.0,2362368,0,38,0.31446,counter,"[1, 197, 768]","[1, 197, 768]",1316.55,0.0,0.577,cuda_event,cuda
42,encoder.layers.encoder_layer_6.ln_2,LayerNorm,0.00918,0.577148,756480.0,1536,0,39,0.00918,analytic,"[1, 197, 768]","[1, 197, 768]",1316.55,0.0,0.577,cuda_event,cuda
42,encoder.layers.encoder_layer_6.mlp.0,Linear,0.23142,2.308594,929562624.0,2362368,0,40,0.23142,counter,"[1, 197, 768]","[1, 197, 3072]",1316.55,0.0,2.309,cuda_event,cuda
42,encoder.layers.encoder_layer_6.mlp.1,GELU,0.0136,2.308594,4841472.0,0,0,41,0.0136,analytic,"[1, 197, 3072]","[1, 197, 3072]",1316.55,0.0,2.309,cuda_event,cuda
42,encoder.layers.encoder_layer_6.mlp.3,Linear,0.21174,0.577148,929562624.0,2360064,0,42,0.21174,counter,"[1, 197, 3072]","[1, 197, 768]",1316.55,0.0,0.577,cuda_event,cuda
42,encoder.layers.encoder_layer_7.ln_1,LayerNorm,0.00819,0.577148,756480.0,1536,0,43,0.00819,analytic,"[1, 197, 768]","[1, 197, 768]",1316.55,0.0,0.577,cuda_event,cuda
42,encoder.layers.encoder_layer_7.self_attention,MultiheadAttention,0.29872,0.577148,1048783872.0,2362368,0,44,0.29872,counter,"[1, 197, 768]","[1, 197, 768]",1316.55,0.0,0.577,cuda_event,cuda
42,encoder.layers.encoder_layer_7.ln_2,LayerNorm,0.01014,0.577148,756480.0,1536,0,45,0.01014,analytic,"[1, 197, 768]","[1, 197, 768]",1316.55,0.0,0.577,cuda_event,cuda
42,encoder.layers.encoder_layer_7.mlp.0,Linear,0.22342,2.308594,929562624.0,2362368,0,46,0.22342,counter,"[1, 197, 768]","[1, 197, 3072]",1316.55,0.0,2.309,cuda_event,cuda
42,encoder.layers.encoder_layer_7.mlp.1,GELU,0.01434,2.308594,4841472.0,0,0,47,0.01434,analytic,"[1, 197, 3072]","[1, 197, 3072]",1316.55,0.0,2.309,cuda_event,cuda
42,encoder.layers.encoder_layer_7.mlp.3,Linear,0.21094,0.577148,929562624.0,2360064,0,48,0.21094,counter,"[1, 197, 3072]","[1, 197, 768]",1316.55,0.0,0.577,cuda_event,cuda
42,encoder.layers.encoder_layer_8.ln_1,LayerNorm,0.0096,0.577148,756480.0,1536,0,49,0.0096,analytic,"[1, 197, 768]","[1, 197, 768]",1316.55,0.0,0.577,cuda_event,cuda
42,encoder.layers.encoder_layer_8.self_attention,MultiheadAttention,0.2977,0.577148,1048783872.0,2362368,0,50,0.2977,counter,"[1, 197, 768]","[1, 197, 768]",1316.55,0.0,0.577,cuda_event,cuda
42,encoder.layers.encoder_layer_8.ln_2,LayerNorm,0.00931,0.577148,756480.0,1536,0,51,0.00931,analytic,"[1, 197, 768]","[1, 197, 768]",1316.55,0.0,0.577,cuda_event,cuda
42,encoder.layers.encoder_layer_8.mlp.0,Linear,0.22205,2.308594,929562624.0,2362368,0,52,0.22205,counter,"[1, 197, 768]","[1, 197, 3072]",1316.55,0.0,2.309,cuda_event,cuda
42,encoder.layers.encoder_layer_8.mlp.1,GELU,0.01443,2.308594,4841472.0,0,0,53,0.01443,analytic,"[1, 197, 3072]","[1, 197, 3072]",1316.55,0.0,2.309,cuda_event,cuda
42,encoder.layers.encoder_layer_8.mlp.3,Linear,0.21168,0.577148,929562624.0,2360064,0,54,0.21168,counter,"[1, 197, 3072]","[1, 197, 768]",1316.55,0.0,0.577,cuda_event,cuda
42,encoder.layers.encoder_layer_9.ln_1,LayerNorm,0.00925,0.577148,756480.0,1536,0,55,0.00925,analytic,"[1, 197, 768]","[1, 197, 768]",1316.55,0.0,0.577,cuda_event,cuda
42,encoder.layers.encoder_layer_9.self_attention,MultiheadAttention,0.29901,0.577148,1048783872.0,2362368,0,56,0.29901,counter,"[1, 197, 768]","[1, 197, 768]",1316.55,0.0,0.577,cuda_event,cuda
42,encoder.layers.encoder_layer_9.ln_2,LayerNorm,0.00826,0.577148,756480.0,1536,0,57,0.00826,analytic,"[1, 197, 768]","[1, 197, 768]",1316.55,0.0,0.577,cuda_event,cuda
42,encoder.layers.encoder_layer_9.mlp.0,Linear,0.23757,2.308594,929562624.0,2362368,0,58,0.23757,counter,"[1, 197, 768]","[1, 197, 3072]",1316.55,0.0,2.309,cuda_event,cuda
42,encoder.layers.encoder_layer_9.mlp.1,GELU,0.01402,2.308594,4841472.0,0,0,59,0.01402,analytic,"[1, 197, 3072]","[1, 197, 3072]",1316.55,0.0,2.309,cuda_event,cuda
42,encoder.layers.encoder_layer_9.mlp.3,Linear,0.25856,0.577148,929562624.0,2360064,0,60,0.25856,counter,"[1, 197, 3072]","[1, 197, 768]",1316.55,0.0,0.577,cuda_event,cuda
42,encoder.layers.encoder_layer_10.ln_1,LayerNorm,0.00896,0.577148,756480.0,1536,0,61,0.00896,analytic,"[1, 197, 768]","[1, 197, 768]",1316.55,0.0,0.577,cuda_event,cuda
42,encoder.layers.encoder_layer_10.self_attention,MultiheadAttention,0.4096,0.577148,1048783872.0,2362368,0,62,0.4096,counter,"[1, 197, 768]","[1, 197, 768]",1316.55,0.0,0.577,cuda_event,cuda
42,encoder.layers.encoder_layer_10.ln_2,LayerNorm,0.02867,0.577148,756480.0,1536,0,63,0.02867,analytic,"[1, 197, 768]","[1, 197, 768]",1316.55,0.0,0.577,cuda_event,cuda
42,encoder.layers.encoder_layer_10.mlp.0,Linear,0.2944,2.308594,929562624.0,2362368,0,64,0.2944,counter,"[1, 197, 768]","[1, 197, 3072]",1316.55,0.0,2.309,cuda_event,cuda
42,encoder.layers.encoder_layer_10.mlp.1,GELU,0.01312,2.308594,4841472.0,0,0,65,0.01312,analytic,"[1, 197, 3072]","[1, 197, 3072]",1316.55,0.0,2.309,cuda_event,cuda
42,encoder.layers.encoder_layer_10.mlp.3,Linear,0.23962,0.577148,929562624.0,2360064,0,66,0.23962,counter,"[1, 197, 3072]","[1, 197, 768]",1316.55,0.0,0.577,cuda_event,cuda
42,encoder.layers.encoder_layer_11.ln_1,LayerNorm,0.04301,0.577148,756480.0,1536,0,67,0.04301,analytic,"[1, 197, 768]","[1, 197, 768]",1316.55,0.0,0.577,cuda_event,cuda
42,encoder.layers.encoder_layer_11.self_attention,MultiheadAttention,0.416,0.577148,1048783872.0,2362368,0,68,0.416,counter,"[1, 197, 768]","[1, 197, 768]",1316.55,0.0,0.577,cuda_event,cuda
42,encoder.layers.encoder_layer_11.ln_2,LayerNorm,0.07578,0.577148,756480.0,1536,0,69,0.07578,analytic,"[1, 197, 768]","[1, 197, 768]",1316.55,0.0,0.577,cuda_event,cuda
42,encoder.layers.encoder_layer_11.mlp.0,Linear,0.28918,2.308594,929562624.0,2362368,0,70,0.28918,counter,"[1, 197, 768]","[1, 197, 3072]",1316.55,0.0,2.309,cuda_event,cuda
42,encoder.layers.encoder_layer_11.mlp.1,GELU,0.01434,2.308594,4841472.0,0,0,71,0.01434,analytic,"[1, 197, 3072]","[1, 197, 3072]",1316.55,0.0,2.309,cuda_event,cuda
42,encoder.layers.encoder_layer_11.mlp.3,Linear,0.25779,0.577148,929562624.0,2360064,0,72,0.25779,counter,"[1, 197, 3072]","[1, 197, 768]",1316.55,0.0,0.577,cuda_event,cuda
42,encoder.ln,LayerNorm,0.01642,0.577148,756480.0,1536,0,73,0.01642,analytic,"[1, 197, 768]","[1, 197, 768]",1316.55,0.0,0.577,cuda_event,cuda
42,heads.head,Linear,0.09216,0.003815,1536000.0,769000,0,74,0.09216,counter,"[1, 768]","[1, 1000]",1316.55,0.0,0.004,cuda_event,cuda
43,conv_proj,Conv2d,0.1745,0.574219,231211008.0,590592,0,0,0.1745,counter,"[1, 3, 224, 224]","[1, 768, 14, 14]",1316.55,0.0,0.574,cuda_event,cuda
43,encoder.layers.encoder_layer_0.ln_1,LayerNorm,0.00819,0.577148,756480.0,1536,0,1,0.00819,analytic,"[1, 197, 768]","[1, 197, 768]",1316.55,0.0,0.577,cuda_event,cuda
43,encoder.layers.encoder_layer_0.self_attention,MultiheadAttention,0.29901,0.577148,1048783872.0,2362368,0,2,0.29901,counter,"[1, 197, 768]","[1, 197, 768]",1316.55,0.0,0.577,cuda_event,cuda
43,encoder.layers.encoder_layer_0.ln_2,LayerNorm,0.00819,0.577148,756480.0,1536,0,3,0.00819,analytic,"[1, 197, 768]","[1, 197, 768]",1316.55,0.0,0.577,cuda_event,cuda
43,encoder.layers.encoder_layer_0.mlp.0,Linear,0.22426,2.308594,929562624.0,2362368,0,4,0.22426,counter,"[1, 197, 768]","[1, 197, 3072]",1316.55,0.0,2.309,cuda_event,cuda
43,encoder.layers.encoder_layer_0.mlp.1,GELU,0.01434,2.308594,4841472.0,0,0,5,0.01434,analytic,"[1, 197, 3072]","[1, 197, 3072]",1316.55,0.0,2.309,cuda_event,cuda
43,encoder.layers.encoder_layer_0.mlp.3,Linear,0.21299,0.577148,929562624.0,2360064,0,6,0.21299,counter,"[1, 197, 3072]","[1, 197, 768]",1316.55,0.0,0.577,cuda_event,cuda
43,encoder.layers.encoder_layer_1.ln_1,LayerNorm,0.00941,0.577148,756480.0,1536,0,7,0.00941,analytic,"[1, 197, 768]","[1, 197, 768]",1316.55,0.0,0.577,cuda_event,cuda
43,encoder.layers.encoder_layer_1.self_attention,MultiheadAttention,0.28973,0.577148,1048783872.0,2362368,0,8,0.28973,counter,"[1, 197, 768]","[1, 197, 768]",1316.55,0.0,0.577,cuda_event,cuda
43,encoder.layers.encoder_layer_1.ln_2,LayerNorm,0.00867,0.577148,756480.0,1536,0,9,0.00867,analytic,"[1, 197, 768]","[1, 197, 768]",1316.55,0.0,0.577,cuda_event,cuda
43,encoder.layers.encoder_layer_1.mlp.0,Linear,0.22051,2.308594,929562624.0,2362368,0,10,0.22051,counter,"[1, 197, 768]","[1, 197, 3072]",1316.55,0.0,2.309,cuda_event,cuda
43,encoder.layers.encoder_layer_1.mlp.1,GELU,0.01318,2.308594,4841472.0,0,0,11,0.01318,analytic,"[1, 197, 3072]","[1, 197, 3072]",1316.55,0.0,2.309,cuda_event,cuda
43,encoder.layers.encoder_layer_1.mlp.3,Linear,0.2089,0.577148,929562624.0,2360064,0,12,0.2089,counter,"[1, 197, 3072]","[1, 197, 768]",1316.55,0.0,0.577,cuda_event,cuda
43,encoder.layers.encoder_layer_2.ln_1,LayerNorm,0.00954,0.577148,756480.0,1536,0,13,0.00954,analytic,"[1, 197, 768]","[1, 197, 768]",1316.55,0.0,0.577,cuda_event,cuda
43,encoder.layers.encoder_layer_2.self_attention,MultiheadAttention,0.2912,0.577148,1048783872.0,2362368,0,14,0.2912,counter,"[1, 197, 768]","[1, 197, 768]",1316.55,0.0,0.577,cuda_event,cuda
43,encoder.layers.encoder_layer_2.ln_2,LayerNorm,0.00928,0.577148,756480.0,1536,0,15,0.00928,analytic,"[1, 197, 768]","[1, 197, 768]",1316.55,0.0,0.577,cuda_event,cuda
43,encoder.layers.encoder_layer_2.mlp.0,Linear,0.22118,2.308594,929562624.0,2362368,0,16,0.22118,counter,"[1, 197, 768]","[1, 197, 3072]",1316.55,0.0,2.309,cuda_event,cuda
43,encoder.layers.encoder_layer_2.mlp.1,GELU,0.01434,2.308594,4841472.0,0,0,17,0.01434,analytic,"[1, 197, 3072]","[1, 197, 3072]",1316.55,0.0,2.309,cuda_event,cuda
43,encoder.layers.encoder_layer_2.mlp.3,Linear,0.20698,0.577148,929562624.0,2360064,0,18,0.20698,counter,"[1, 197, 3072]","[1, 197, 768]",1316.55,0.0,0.577,cuda_event,cuda
43,encoder.layers.encoder_layer_3.ln_1,LayerNorm,0.00864,0.577148,756480.0,1536,0,19,0.00864,analytic,"[1, 197, 768]","[1, 197, 768]",1316.55,0.0,0.577,cuda_event,cuda
43,encoder.layers.encoder_layer_3.self_attention,MultiheadAttention,0.29149,0.577148,1048783872.0,2362368,0,20,0.29149,counter,"[1, 197, 768]","[1, 197, 768]",1316.55,0.0,0.577,cuda_event,cuda
43,encoder.layers.encoder_layer_3.ln_2,LayerNorm,0.00861,0.577148,756480.0,1536,0,21,0.00861,analytic,"[1, 197, 768]","[1, 197, 768]",1316.55,0.0,0.577,cuda_event,cuda
43,encoder.layers.encoder_layer_3.mlp.0,Linear,0.22221,2.308594,929562624.0,2362368,0,22,0.22221,counter,"[1, 197, 768]","[1, 197, 3072]",1316.55,0.0,2.309,cuda_event,cuda
43,encoder.layers.encoder_layer_3.mlp.1,GELU,0.01539,2.308594,4841472.0,0,0,23,0.01539,analytic,"[1, 197, 3072]","[1, 197, 3072]",1316.55,0.0,2.309,cuda_event,cuda
43,encoder.layers.encoder_layer_3.mlp.3,Linear,0.20934,0.577148,929562624.0,2360064,0,24,0.20934,counter,"[1, 197, 3072]","[1, 197, 768]",1316.55,0.0,0.577,cuda_event,cuda
43,encoder.layers.encoder_layer_4.ln_1,LayerNorm,0.00832,0.577148,756480.0,1536,0,25,0.00832,analytic,"[1, 197, 768]","[1, 197, 768]",1316.55,0.0,0.577,cuda_event,cuda
43,encoder.layers.encoder_layer_4.self_attention,MultiheadAttention,0.29219,0.577148,1048783872.0,2362368,0,26,0.29219,counter,"[1, 197, 768]","[1, 197, 768]",1316.55,0.0,0.577,cuda_event,cuda
43,encoder.layers.encoder_layer_4.ln_2,LayerNorm,0.00957,0.577148,756480.0,1536,0,27,0.00957,analytic,"[1, 197, 768]","[1, 197, 768]",1316.55,0.0,0.577,cuda_event,cuda
43,encoder.layers.encoder_layer_4.mlp.0,Linear,0.2199,2.308594,929562624.0,2362368,0,28,0.2199,counter,"[1, 197, 768]","[1, 197, 3072]",1316.55,0.0,2.309,cuda_event,cuda
43,encoder.layers.encoder_layer_4.mlp.1,GELU,0.01421,2.308594,4841472.0,0,0,29,0.01421,analytic,"[1, 197, 3072]","[1, 197, 3072]",1316.55,0.0,2.309,cuda_event,cuda
43,encoder.layers.encoder_layer_4.mlp.3,Linear,0.20915,0.577148,929562624.0,2360064,0,30,0.20915,counter,"[1, 197, 3072]","[1, 197, 768]",1316.55,0.0,0.577,cuda_event,cuda
43,encoder.layers.encoder_layer_5.ln_1,LayerNorm,0.0097,0.577148,756480.0,1536,0,31,0.0097,analytic,"[1, 197, 768]","[1, 197, 768]",1316.55,0.0,0.577,cuda_event,cuda
43,encoder.layers.encoder_layer_5.self_attention,MultiheadAttention,0.28941,0.577148,1048783872.0,2362368,0,32,0.28941,counter,"[1, 197, 768]","[1, 197, 768]",1316.55,0.0,0.577,cuda_event,cuda
43,encoder.layers.encoder_layer_5.ln_2,LayerNorm,0.00864,0.577148,756480.0,1536,0,33,0.00864,analytic,"[1, 197, 768]","[1, 197, 768]",1316.55,0.0,0.577,cuda_event,cuda
43,encoder.layers.encoder_layer_5.mlp.0,Linear,0.22099,2.308594,929562624.0,2362368,0,34,0.22099,counter,"[1, 197, 768]","[1, 197, 3072]",1316.55,0.0,2.309,cuda_event,cuda
43,encoder.layers.encoder_layer_5.mlp.1,GELU,0.01427,2.308594,4841472.0,0,0,35,0.01427,analytic,"[1, 197, 3072]","[1, 197, 3072]",1316.55,0.0,2.309,cuda_event,cuda
43,encoder.layers.encoder_layer_5.mlp.3,Linear,0.20915,0.577148,929562624.0,2360064,0,36,0.20915,counter,"[1, 197, 3072]","[1, 197, 768]",1316.55,0.0,0.577,cuda_event,cuda
43,encoder.layers.encoder_layer_6.ln_1,LayerNorm,0.00838,0.577148,756480.0,1536,0,37,0.00838,analytic,"[1, 197, 768]","[1, 197, 768]",1316.55,0.0,0.577,cuda_event,cuda
43,encoder.layers.encoder_layer_6.self_attention,MultiheadAttention,0.29027,0.577148,1048783872.0,2362368,0,38,0.29027,counter,"[1, 197, 768]","[1, 197, 768]",1316.55,0.0,0.577,cuda_event,cuda
43,encoder.layers.encoder_layer_6.ln_2,LayerNorm,0.0087,0.577148,756480.0,1536,0,39,0.0087,analytic,"[1, 197, 768]","[1, 197, 768]",1316.55,0.0,0.577,cuda_event,cuda
43,encoder.layers.encoder_layer_6.mlp.0,Linear,0.21971,2.308594,929562624.0,2362368,0,40,0.21971,counter,"[1, 197, 768]","[1, 197, 3072]",1316.55,0.0,2.309,cuda_event,cuda
43,encoder.layers.encoder_layer_6.mlp.1,GELU,0.01418,2.308594,4841472.0,0,0,41,0.01418,analytic,"[1, 197, 3072]","[1, 197, 3072]",1316.55,0.0,2.309,cuda_event,cuda
43,encoder.layers.encoder_layer_6.mlp.3,Linear,0.20912,0.577148,929562624.0,2360064,0,42,0.20912,counter,"[1, 197, 3072]","[1, 197, 768]",1316.55,0.0,0.577,cuda_event,cuda
43,encoder.layers.encoder_layer_7.ln_1,LayerNorm,0.00944,0.577148,756480.0,1536,0,43,0.00944,analytic,"[1, 197, 768]","[1, 197, 768]",1316.55,0.0,0.577,cuda_event,cuda
43,encoder.layers.encoder_layer_7.self_attention,MultiheadAttention,0.2887,0.577148,1048783872.0,2362368,0,44,0.2887,counter,"[1, 197, 768]","[1, 197, 768]",1316.55,0.0,0.577,cuda_event,cuda
43,encoder.layers.encoder_layer_7.ln_2,LayerNorm,0.00819,0.577148,756480.0,1536,0,45,0.00819,analytic,"[1, 197, 768]","[1, 197, 768]",1316.55,0.0,0.577,cuda_event,cuda
43,encoder.layers.encoder_layer_7.mlp.0,Linear,0.22118,2.308594,929562624.0,2362368,0,46,0.22118,counter,"[1, 197, 768]","[1, 197, 3072]",1316.55,0.0,2.309,cuda_event,cuda
43,encoder.layers.encoder_layer_7.mlp.1,GELU,0.01389,2.308594,4841472.0,0,0,47,0.01389,analytic,"[1, 197, 3072]","[1, 197, 3072]",1316.55,0.0,2.309,cuda_event,cuda
43,encoder.layers.encoder_layer_7.mlp.3,Linear,0.20954,0.577148,929562624.0,2360064,0,48,0.20954,counter,"[1, 197, 3072]","[1, 197, 768]",1316.55,0.0,0.577,cuda_event,cuda
43,encoder.layers.encoder_layer_8.ln_1,LayerNorm,0.00928,0.577148,756480.0,1536,0,49,0.00928,analytic,"[1, 197, 768]","[1, 197, 768]",1316.55,0.0,0.577,cuda_event,cuda
43,encoder.layers.encoder_layer_8.self_attention,MultiheadAttention,0.28886,0.577148,1048783872.0,2362368,0,50,0.28886,counter,"[1, 197, 768]","[1, 197, 768]",1316.55,0.0,0.577,cuda_event,cuda
43,encoder.layers.encoder_layer_8.ln_2,LayerNorm,0.00819,0.577148,756480.0,1536,0,51,0.00819,analytic,"[1, 197, 768]","[1, 197, 768]",1316.55,0.0,0.577,cuda_event,cuda
43,encoder.layers.encoder_layer_8.mlp.0,Linear,0.21914,2.308594,929562624.0,2362368,0,52,0.21914,counter,"[1, 197, 768]","[1, 197, 3072]",1316.55,0.0,2.309,cuda_event,cuda
43,encoder.layers.encoder_layer_8.mlp.1,GELU,0.01434,2.308594,4841472.0,0,0,53,0.01434,analytic,"[1, 197, 3072]","[1, 197, 3072]",1316.55,0.0,2.309,cuda_event,cuda
43,encoder.layers.encoder_layer_8.mlp.3,Linear,0.21094,0.577148,929562624.0,2360064,0,54,0.21094,counter,"[1, 197, 3072]","[1, 197, 768]",1316.55,0.0,0.577,cuda_event,cuda
43,encoder.layers.encoder_layer_9.ln_1,LayerNorm,0.00896,0.577148,756480.0,1536,0,55,0.00896,analytic,"[1, 197, 768]","[1, 197, 768]",1316.55,0.0,0.577,cuda_event,cuda
43,encoder.layers.encoder_layer_9.self_attention,MultiheadAttention,0.28829,0.577148,1048783872.0,2362368,0,56,0.28829,counter,"[1, 197, 768]","[1, 197, 768]",1316.55,0.0,0.577,cuda_event,cuda
43,encoder.layers.encoder_layer_9.ln_2,LayerNorm,0.00819,0.577148,756480.0,1536,0,57,0.00819,analytic,"[1, 197, 768]","[1, 197, 768]",1316.55,0.0,0.577,cuda_event,cuda
43,encoder.layers.encoder_layer_9.mlp.0,Linear,0.22086,2.308594,929562624.0,2362368,0,58,0.22086,counter,"[1, 197, 768]","[1, 197, 3072]",1316.55,0.0,2.309,cuda_event,cuda
43,encoder.layers.encoder_layer_9.mlp.1,GELU,0.01456,2.308594,4841472.0,0,0,59,0.01456,analytic,"[1, 197, 3072]","[1, 197, 3072]",1316.55,0.0,2.309,cuda_event,cuda
43,encoder.layers.encoder_layer_9.mlp.3,Linear,0.20925,0.577148,929562624.0,2360064,0,60,0.20925,counter,"[1, 197, 3072]","[1, 197, 768]",1316.55,0.0,0.577,cuda_event,cuda
43,encoder.layers.encoder_layer_10.ln_1,LayerNorm,0.00915,0.577148,756480.0,1536,0,61,0.00915,analytic,"[1, 197, 768]","[1, 197, 768]",1316.55,0.0,0.577,cuda_event,cuda
43,encoder.layers.encoder_layer_10.self_attention,MultiheadAttention,0.28877,0.577148,1048783872.0,2362368,0,62,0.28877,counter,"[1, 197, 768]","[1, 197, 768]",1316.55,0.0,0.577,cuda_event,cuda
43,encoder.layers.encoder_layer_10.ln_2,LayerNorm,0.00864,0.577148,756480.0,1536,0,63,0.00864,analytic,"[1, 197, 768]","[1, 197, 768]",1316.55,0.0,0.577,cuda_event,cuda
43,encoder.layers.encoder_layer_10.mlp.0,Linear,0.21949,2.308594,929562624.0,2362368,0,64,0.21949,counter,"[1, 197, 768]","[1, 197, 3072]",1316.55,0.0,2.309,cuda_event,cuda
43,encoder.layers.encoder_layer_10.mlp.1,GELU,0.01418,2.308594,4841472.0,0,0,65,0.01418,analytic,"[1, 197, 3072]","[1, 197, 3072]",1316.55,0.0,2.309,cuda_event,cuda
43,encoder.layers.encoder_layer_10.mlp.3,Linear,0.20918,0.577148,929562624.0,2360064,0,66,0.20918,counter,"[1, 197, 3072]","[1, 197, 768]",1316.55,0.0,0.577,cuda_event,cuda
43,encoder.layers.encoder_layer_11.ln_1,LayerNorm,0.01014,0.577148,756480.0,1536,0,67,0.01014,analytic,"[1, 197, 768]","[1, 197, 768]",1316.55,0.0,0.577,cuda_event,cuda
43,encoder.layers.encoder_layer_11.self_attention,MultiheadAttention,0.28902,0.577148,1048783872.0,2362368,0,68,0.28902,counter,"[1, 197, 768]","[1, 197, 768]",1316.55,0.0,0.577,cuda_event,cuda
43,encoder.layers.encoder_layer_11.ln_2,LayerNorm,0.00819,0.577148,756480.0,1536,0,69,0.00819,analytic,"[1, 197, 768]","[1, 197, 768]",1316.55,0.0,0.577,cuda_event,cuda
43,encoder.layers.encoder_layer_11.mlp.0,Linear,0.22246,2.308594,929562624.0,2362368,0,70,0.22246,counter,"[1, 197, 768]","[1, 197, 3072]",1316.55,0.0,2.309,cuda_event,cuda
43,encoder.layers.encoder_layer_11.mlp.1,GELU,0.01318,2.308594,4841472.0,0,0,71,0.01318,analytic,"[1, 197, 3072]","[1, 197, 3072]",1316.55,0.0,2.309,cuda_event,cuda
43,encoder.layers.encoder_layer_11.mlp.3,Linear,0.20998,0.577148,929562624.0,2360064,0,72,0.20998,counter,"[1, 197, 3072]","[1, 197, 768]",1316.55,0.0,0.577,cuda_event,cuda
43,encoder.ln,LayerNorm,0.0087,0.577148,756480.0,1536,0,73,0.0087,analytic,"[1, 197, 768]","[1, 197, 768]",1316.55,0.0,0.577,cuda_event,cuda
43,heads.head,Linear,0.01638,0.003815,1536000.0,769000,0,74,0.01638,counter,"[1, 768]","[1, 1000]",1316.55,0.0,0.004,cuda_event,cuda
44,conv_proj,Conv2d,0.17107,0.574219,231211008.0,590592,0,0,0.17107,counter,"[1, 3, 224, 224]","[1, 768, 14, 14]",1316.55,0.0,0.574,cuda_event,cuda
44,encoder.layers.encoder_layer_0.ln_1,LayerNorm,0.00829,0.577148,756480.0,1536,0,1,0.00829,analytic,"[1, 197, 768]","[1, 197, 768]",1316.55,0.0,0.577,cuda_event,cuda
44,encoder.layers.encoder_layer_0.self_attention,MultiheadAttention,0.29069,0.577148,1048783872.0,2362368,0,2,0.29069,counter,"[1, 197, 768]","[1, 197, 768]",1316.55,0.0,0.577,cuda_event,cuda
44,encoder.layers.encoder_layer_0.ln_2,LayerNorm,0.00864,0.577148,756480.0,1536,0,3,0.00864,analytic,"[1, 197, 768]","[1, 197, 768]",1316.55,0.0,0.577,cuda_event,cuda
44,encoder.layers.encoder_layer_0.mlp.0,Linear,0.21917,2.308594,929562624.0,2362368,0,4,0.21917,counter,"[1, 197, 768]","[1, 197, 3072]",1316.55,0.0,2.309,cuda_event,cuda
44,encoder.layers.encoder_layer_0.mlp.1,GELU,0.01434,2.308594,4841472.0,0,0,5,0.01434,analytic,"[1, 197, 3072]","[1, 197, 3072]",1316.55,0.0,2.309,cuda_event,cuda
44,encoder.layers.encoder_layer_0.mlp.3,Linear,0.2089,0.577148,929562624.0,2360064,0,6,0.2089,counter,"[1, 197, 3072]","[1, 197, 768]",1316.55,0.0,0.577,cuda_event,cuda
44,encoder.layers.encoder_layer_1.ln_1,LayerNorm,0.00858,0.577148,756480.0,1536,0,7,0.00858,analytic,"[1, 197, 768]","[1, 197, 768]",1316.55,0.0,0.577,cuda_event,cuda
44,encoder.layers.encoder_layer_1.self_attention,MultiheadAttention,0.28883,0.577148,1048783872.0,2362368,0,8,0.28883,counter,"[1, 197, 768]","[1, 197, 768]",1316.55,0.0,0.577,cuda_event,cuda
44,encoder.layers.encoder_layer_1.ln_2,LayerNorm,0.00941,0.577148,756480.0,1536,0,9,0.00941,analytic,"[1, 197, 768]","[1, 197, 768]",1316.55,0.0,0.577,cuda_event,cuda
44,encoder.layers.encoder_layer_1.mlp.0,Linear,0.2201,2.308594,929562624.0,2362368,0,10,0.2201,counter,"[1, 197, 768]","[1, 197, 3072]",1316.55,0.0,2.309,cuda_event,cuda
44,encoder.layers.encoder_layer_1.mlp.1,GELU,0.01392,2.308594,4841472.0,0,0,11,0.01392,analytic,"[1, 197, 3072]","[1, 197, 3072]",1316.55,0.0,2.309,cuda_event,cuda
44,encoder.layers.encoder_layer_1.mlp.3,Linear,0.20899,0.577148,929562624.0,2360064,0,12,0.20899,counter,"[1, 197, 3072]","[1, 197, 768]",1316.55,0.0,0.577,cuda_event,cuda
44,encoder.layers.encoder_layer_2.ln_1,LayerNorm,0.00819,0.577148,756480.0,1536,0,13,0.00819,analytic,"[1, 197, 768]","[1, 197, 768]",1316.55,0.0,0.577,cuda_event,cuda
44,encoder.layers.encoder_layer_2.self_attention,MultiheadAttention,0.292,0.577148,1048783872.0,2362368,0,14,0.292,counter,"[1, 197, 768]","[1, 197, 768]",1316.55,0.0,0.577,cuda_event,cuda
44,encoder.layers.encoder_layer_2.ln_2,LayerNorm,0.00819,0.577148,756480.0,1536,0,15,0.00819,analytic,"[1, 197, 768]","[1, 197, 768]",1316.55,0.0,0.577,cuda_event,cuda
44,encoder.layers.encoder_layer_2.mlp.0,Linear,0.21914,2.308594,929562624.0,2362368,0,16,0.21914,counter,"[1, 197, 768]","[1, 197, 3072]",1316.55,0.0,2.309,cuda_event,cuda
44,encoder.layers.encoder_layer_2.mlp.1,GELU,0.01434,2.308594,4841472.0,0,0,17,0.01434,analytic,"[1, 197, 3072]","[1, 197, 3072]",1316.55,0.0,2.309,cuda_event,cuda
44,encoder.layers.encoder_layer_2.mlp.3,Linear,0.2104,0.577148,929562624.0,2360064,0,18,0.2104,counter,"[1, 197, 3072]","[1, 197, 768]",1316.55,0.0,0.577,cuda_event,cuda
44,encoder.layers.encoder_layer_3.ln_1,LayerNorm,0.00819,0.577148,756480.0,1536,0,19,0.00819,analytic,"[1, 197, 768]","[1, 197, 768]",1316.55,0.0,0.577,cuda_event,cuda
44,encoder.layers.encoder_layer_3.self_attention,MultiheadAttention,0.29062,0.577148,1048783872.0,2362368,0,20,0.29062,counter,"[1, 197, 768]","[1, 197, 768]",1316.55,0.0,0.577,cuda_event,cuda
44,encoder.layers.encoder_layer_3.ln_2,LayerNorm,0.0089,0.577148,756480.0,1536,0,21,0.0089,analytic,"[1, 197, 768]","[1, 197, 768]",1316.55,0.0,0.577,cuda_event,cuda
44,encoder.layers.encoder_layer_3.mlp.0,Linear,0.21917,2.308594,929562624.0,2362368,0,22,0.21917,counter,"[1, 197, 768]","[1, 197, 3072]",1316.55,0.0,2.309,cuda_event,cuda
44,encoder.layers.encoder_layer_3.mlp.1,GELU,0.01446,2.308594,4841472.0,0,0,23,0.01446,analytic,"[1, 197, 3072]","[1, 197, 3072]",1316.55,0.0,2.309,cuda_event,cuda
44,encoder.layers.encoder_layer_3.mlp.3,Linear,0.21075,0.577148,929562624.0,2360064,0,24,0.21075,counter,"[1, 197, 3072]","[1, 197, 768]",1316.55,0.0,0.577,cuda_event,cuda
44,encoder.layers.encoder_layer_4.ln_1,LayerNorm,0.00954,0.577148,756480.0,1536,0,25,0.00954,analytic,"[1, 197, 768]","[1, 197, 768]",1316.55,0.0,0.577,cuda_event,cuda
44,encoder.layers.encoder_layer_4.self_attention,MultiheadAttention,0.2912,0.577148,1048783872.0,2362368,0,26,0.2912,counter,"[1, 197, 768]","[1, 197, 768]",1316.55,0.0,0.577,cuda_event,cuda
44,encoder.layers.encoder_layer_4.ln_2,LayerNorm,0.00954,0.577148,756480.0,1536,0,27,0.00954,analytic,"[1, 197, 768]","[1, 197, 768]",1316.55,0.0,0.577,cuda_event,cuda
44,encoder.layers.encoder_layer_4.mlp.0,Linear,0.21994,2.308594,929562624.0,2362368,0,28,0.21994,counter,"[1, 197, 768]","[1, 197, 3072]",1316.55,0.0,2.309,cuda_event,cuda
44,encoder.layers.encoder_layer_4.mlp.1,GELU,0.01434,2.308594,4841472.0,0,0,29,0.01434,analytic,"[1, 197, 3072]","[1, 197, 3072]",1316.55,0.0,2.309,cuda_event,cuda
44,encoder.layers.encoder_layer_4.mlp.3,Linear,0.21062,0.577148,929562624.0,2360064,0,30,0.21062,counter,"[1, 197, 3072]","[1, 197, 768]",1316.55,0.0,0.577,cuda_event,cuda
44,encoder.layers.encoder_layer_5.ln_1,LayerNorm,0.00819,0.577148,756480.0,1536,0,31,0.00819,analytic,"[1, 197, 768]","[1, 197, 768]",1316.55,0.0,0.577,cuda_event,cuda
44,encoder.layers.encoder_layer_5.self_attention,MultiheadAttention,0.29082,0.577148,1048783872.0,2362368,0,32,0.29082,counter,"[1, 197, 768]","[1, 197, 768]",1316.55,0.0,0.577,cuda_event,cuda
44,encoder.layers.encoder_layer_5.ln_2,LayerNorm,0.00819,0.577148,756480.0,1536,0,33,0.00819,analytic,"[1, 197, 768]","[1, 197, 768]",1316.55,0.0,0.577,cuda_event,cuda
44,encoder.layers.encoder_layer_5.mlp.0,Linear,0.22227,2.308594,929562624.0,2362368,0,34,0.22227,counter,"[1, 197, 768]","[1, 197, 3072]",1316.55,0.0,2.309,cuda_event,cuda
44,encoder.layers.encoder_layer_5.mlp.1,GELU,0.01421,2.308594,4841472.0,0,0,35,0.01421,analytic,"[1, 197, 3072]","[1, 197, 3072]",1316.55,0.0,2.309,cuda_event,cuda
44,encoder.layers.encoder_layer_5.mlp.3,Linear,0.21094,0.577148,929562624.0,2360064,0,36,0.21094,counter,"[1, 197, 3072]","[1, 197, 768]",1316.55,0.0,0.577,cuda_event,cuda
44,encoder.layers.encoder_layer_6.ln_1,LayerNorm,0.00941,0.577148,756480.0,1536,0,37,0.00941,analytic,"[1, 197, 768]","[1, 197, 768]",1316.55,0.0,0.577,cuda_event,cuda
44,encoder.layers.encoder_layer_6.self_attention,MultiheadAttention,0.29178,0.577148,1048783872.0,2362368,0,38,0.29178,counter,"[1, 197, 768]","[1, 197, 768]",1316.55,0.0,0.577,cuda_event,cuda
44,encoder.layers.encoder_layer_6.ln_2,LayerNorm,0.00928,0.577148,756480.0,1536,0,39,0.00928,analytic,"[1, 197, 768]","[1, 197, 768]",1316.55,0.0,0.577,cuda_event,cuda
44,encoder.layers.encoder_layer_6.mlp.0,Linear,0.2223,2.308594,929562624.0,2362368,0,40,0.2223,counter,"[1, 197, 768]","[1, 197, 3072]",1316.55,0.0,2.309,cuda_event,cuda
44,encoder.layers.encoder_layer_6.mlp.1,GELU,0.01318,2.308594,4841472.0,0,0,41,0.01318,analytic,"[1, 197, 3072]","[1, 197, 3072]",1316.55,0.0,2.309,cuda_event,cuda
44,encoder.layers.encoder_layer_6.mlp.3,Linear,0.2071,0.577148,929562624.0,2360064,0,42,0.2071,counter,"[1, 197, 3072]","[1, 197, 768]",1316.55,0.0,0.577,cuda_event,cuda
44,encoder.layers.encoder_layer_7.ln_1,LayerNorm,0.0096,0.577148,756480.0,1536,0,43,0.0096,analytic,"[1, 197, 768]","[1, 197, 768]",1316.55,0.0,0.577,cuda_event,cuda
44,encoder.layers.encoder_layer_7.self_attention,MultiheadAttention,0.29149,0.577148,1048783872.0,2362368,0,44,0.29149,counter,"[1, 197, 768]","[1, 197, 768]",1316.55,0.0,0.577,cuda_event,cuda
44,encoder.layers.encoder_layer_7.ln_2,LayerNorm,0.00858,0.577148,756480.0,1536,0,45,0.00858,analytic,"[1, 197, 768]","[1, 197, 768]",1316.55,0.0,0.577,cuda_event,cuda
44,encoder.layers.encoder_layer_7.mlp.0,Linear,0.22096,2.308594,929562624.0,2362368,0,46,0.22096,counter,"[1, 197, 768]","[1, 197, 3072]",1316.55,0.0,2.309,cuda_event,cuda
44,encoder.layers.encoder_layer_7.mlp.1,GELU,0.01382,2.308594,4841472.0,0,0,47,0.01382,analytic,"[1, 197, 3072]","[1, 197, 3072]",1316.55,0.0,2.309,cuda_event,cuda
44,encoder.layers.encoder_layer_7.mlp.3,Linear,0.20902,0.577148,929562624.0,2360064,0,48,0.20902,counter,"[1, 197, 3072]","[1, 197, 768]",1316.55,0.0,0.577,cuda_event,cuda
44,encoder.layers.encoder_layer_8.ln_1,LayerNorm,0.00835,0.577148,756480.0,1536,0,49,0.00835,analytic,"[1, 197, 768]","[1, 197, 768]",1316.55,0.0,0.577,cuda_event,cuda
44,encoder.layers.encoder_layer_8.self_attention,MultiheadAttention,0.29069,0.577148,1048783872.0,2362368,0,50,0.29069,counter,"[1, 197, 768]","[1, 197, 768]",1316.55,0.0,0.577,cuda_event,cuda
44,encoder.layers.encoder_layer_8.ln_2,LayerNorm,0.00861,0.577148,756480.0,1536,0,51,0.00861,analytic,"[1, 197, 768]","[1, 197, 768]",1316.55,0.0,0.577,cuda_event,cuda
44,encoder.layers.encoder_layer_8.mlp.0,Linear,0.22128,2.308594,929562624.0,2362368,0,52,0.22128,counter,"[1, 197, 768]","[1, 197, 3072]",1316.55,0.0,2.309,cuda_event,cuda
44,encoder.layers.encoder_layer_8.mlp.1,GELU,0.01434,2.308594,4841472.0,0,0,53,0.01434,analytic,"[1, 197, 3072]","[1, 197, 3072]",1316.55,0.0,2.309,cuda_event,cuda
44,encoder.layers.encoder_layer_8.mlp.3,Linear,0.20797,0.577148,929562624.0,2360064,0,54,0.20797,counter,"[1, 197, 3072]","[1, 197, 768]",1316.55,0.0,0.577,cuda_event,cuda
44,encoder.layers.encoder_layer_9.ln_1,LayerNorm,0.00845,0.577148,756480.0,1536,0,55,0.00845,analytic,"[1, 197, 768]","[1, 197, 768]",1316.55,0.0,0.577,cuda_event,cuda
44,encoder.layers.encoder_layer_9.self_attention,MultiheadAttention,0.29142,0.577148,1048783872.0,2362368,0,56,0.29142,counter,"[1, 197, 768]","[1, 197, 768]",1316.55,0.0,0.577,cuda_event,cuda
44,encoder.layers.encoder_layer_9.ln_2,LayerNorm,0.00838,0.577148,756480.0,1536,0,57,0.00838,analytic,"[1, 197, 768]","[1, 197, 768]",1316.55,0.0,0.577,cuda_event,cuda
44,encoder.layers.encoder_layer_9.mlp.0,Linear,0.2225,2.308594,929562624.0,2362368,0,58,0.2225,counter,"[1, 197, 768]","[1, 197, 3072]",1316.55,0.0,2.309,cuda_event,cuda
44,encoder.layers.encoder_layer_9.mlp.1,GELU,0.01315,2.308594,4841472.0,0,0,59,0.01315,analytic,"[1, 197, 3072]","[1, 197, 3072]",1316.55,0.0,2.309,cuda_event,cuda
44,encoder.layers.encoder_layer_9.mlp.3,Linear,0.21072,0.577148,929562624.0,2360064,0,60,0.21072,counter,"[1, 197, 3072]","[1, 197, 768]",1316.55,0.0,0.577,cuda_event,cuda
44,encoder.layers.encoder_layer_10.ln_1,LayerNorm,0.00819,0.577148,756480.0,1536,0,61,0.00819,analytic,"[1, 197, 768]","[1, 197, 768]",1316.55,0.0,0.577,cuda_event,cuda
44,encoder.layers.encoder_layer_10.self_attention,MultiheadAttention,0.29075,0.577148,1048783872.0,2362368,0,62,0.29075,counter,"[1, 197, 768]","[1, 197, 768]",1316.55,0.0,0.577,cuda_event,cuda
44,encoder.layers.encoder_layer_10.ln_2,LayerNorm,0.0087,0.577148,756480.0,1536,0,63,0.0087,analytic,"[1, 197, 768]","[1, 197, 768]",1316.55,0.0,0.577,cuda_event,cuda
44,encoder.layers.encoder_layer_10.mlp.0,Linear,0.2192,2.308594,929562624.0,2362368,0,64,0.2192,counter,"[1, 197, 768]","[1, 197, 3072]",1316.55,0.0,2.309,cuda_event,cuda
44,encoder.layers.encoder_layer_10.mlp.1,GELU,0.01434,2.308594,4841472.0,0,0,65,0.01434,analytic,"[1, 197, 3072]","[1, 197, 3072]",1316.55,0.0,2.309,cuda_event,cuda
44,encoder.layers.encoder_layer_10.mlp.3,Linear,0.2089,0.577148,929562624.0,2360064,0,66,0.2089,counter,"[1, 197, 3072]","[1, 197, 768]",1316.55,0.0,0.577,cuda_event,cuda
44,encoder.layers.encoder_layer_11.ln_1,LayerNorm,0.00976,0.577148,756480.0,1536,0,67,0.00976,analytic,"[1, 197, 768]","[1, 197, 768]",1316.55,0.0,0.577,cuda_event,cuda
44,encoder.layers.encoder_layer_11.self_attention,MultiheadAttention,0.29139,0.577148,1048783872.0,2362368,0,68,0.29139,counter,"[1, 197, 768]","[1, 197, 768]",1316.55,0.0,0.577,cuda_event,cuda
44,encoder.layers.encoder_layer_11.ln_2,LayerNorm,0.00861,0.577148,756480.0,1536,0,69,0.00861,analytic,"[1, 197, 768]","[1, 197, 768]",1316.55,0.0,0.577,cuda_event,cuda
44,encoder.layers.encoder_layer_11.mlp.0,Linear,0.22061,2.308594,929562624.0,2362368,0,70,0.22061,counter,"[1, 197, 768]","[1, 197, 3072]",1316.55,0.0,2.309,cuda_event,cuda
44,encoder.layers.encoder_layer_11.mlp.1,GELU,0.01306,2.308594,4841472.0,0,0,71,0.01306,analytic,"[1, 197, 3072]","[1, 197, 3072]",1316.55,0.0,2.309,cuda_event,cuda
44,encoder.layers.encoder_layer_11.mlp.3,Linear,0.21034,0.577148,929562624.0,2360064,0,72,0.21034,counter,"[1, 197, 3072]","[1, 197, 768]",1316.55,0.0,0.577,cuda_event,cuda
44,encoder.ln,LayerNorm,0.00835,0.577148,756480.0,1536,0,73,0.00835,analytic,"[1, 197, 768]","[1, 197, 768]",1316.55,0.0,0.577,cuda_event,cuda
44,heads.head,Linear,0.01638,0.003815,1536000.0,769000,0,74,0.01638,counter,"[1, 768]","[1, 1000]",1316.55,0.0,0.004,cuda_event,cuda
45,conv_proj,Conv2d,0.17101,0.574219,231211008.0,590592,0,0,0.17101,counter,"[1, 3, 224, 224]","[1, 768, 14, 14]",1316.55,0.0,0.574,cuda_event,cuda
45,encoder.layers.encoder_layer_0.ln_1,LayerNorm,0.00829,0.577148,756480.0,1536,0,1,0.00829,analytic,"[1, 197, 768]","[1, 197, 768]",1316.55,0.0,0.577,cuda_event,cuda
45,encoder.layers.encoder_layer_0.self_attention,MultiheadAttention,0.29062,0.577148,1048783872.0,2362368,0,2,0.29062,counter,"[1, 197, 768]","[1, 197, 768]",1316.55,0.0,0.577,cuda_event,cuda
45,encoder.layers.encoder_layer_0.ln_2,LayerNorm,0.00864,0.577148,756480.0,1536,0,3,0.00864,analytic,"[1, 197, 768]","[1, 197, 768]",1316.55,0.0,0.577,cuda_event,cuda
45,encoder.layers.encoder_layer_0.mlp.0,Linear,0.21933,2.308594,929562624.0,2362368,0,4,0.21933,counter,"[1, 197, 768]","[1, 197, 3072]",1316.55,0.0,2.309,cuda_event,cuda
45,encoder.layers.encoder_layer_0.mlp.1,GELU,0.01434,2.308594,4841472.0,0,0,5,0.01434,analytic,"[1, 197, 3072]","[1, 197, 3072]",1316.55,0.0,2.309,cuda_event,cuda
45,encoder.layers.encoder_layer_0.mlp.3,Linear,0.2089,0.577148,929562624.0,2360064,0,6,0.2089,counter,"[1, 197, 3072]","[1, 197, 768]",1316.55,0.0,0.577,cuda_event,cuda
45,encoder.layers.encoder_layer_1.ln_1,LayerNorm,0.00886,0.577148,756480.0,1536,0,7,0.00886,analytic,"[1, 197, 768]","[1, 197, 768]",1316.55,0.0,0.577,cuda_event,cuda
45,encoder.layers.encoder_layer_1.self_attention,MultiheadAttention,0.28698,0.577148,1048783872.0,2362368,0,8,0.28698,counter,"[1, 197, 768]","[1, 197, 768]",1316.55,0.0,0.577,cuda_event,cuda
45,encoder.layers.encoder_layer_1.ln_2,LayerNorm,0.00819,0.577148,756480.0,1536,0,9,0.00819,analytic,"[1, 197, 768]","[1, 197, 768]",1316.55,0.0,0.577,cuda_event,cuda
45,encoder.layers.encoder_layer_1.mlp.0,Linear,0.22112,2.308594,929562624.0,2362368,0,10,0.22112,counter,"[1, 197, 768]","[1, 197, 3072]",1316.55,0.0,2.309,cuda_event,cuda
45,encoder.layers.encoder_layer_1.mlp.1,GELU,0.0137,2.308594,4841472.0,0,0,11,0.0137,analytic,"[1, 197, 3072]","[1, 197, 3072]",1316.55,0.0,2.309,cuda_event,cuda
45,encoder.layers.encoder_layer_1.mlp.3,Linear,0.20778,0.577148,929562624.0,2360064,0,12,0.20778,counter,"[1, 197, 3072]","[1, 197, 768]",1316.55,0.0,0.577,cuda_event,cuda
45,encoder.layers.encoder_layer_2.ln_1,LayerNorm,0.00877,0.577148,756480.0,1536,0,13,0.00877,analytic,"[1, 197, 768]","[1, 197, 768]",1316.55,0.0,0.577,cuda_event,cuda
45,encoder.layers.encoder_layer_2.self_attention,MultiheadAttention,0.28912,0.577148,1048783872.0,2362368,0,14,0.28912,counter,"[1, 197, 768]","[1, 197, 768]",1316.55,0.0,0.577,cuda_event,cuda
45,encoder.layers.encoder_layer_2.ln_2,LayerNorm,0.00851,0.577148,756480.0,1536,0,15,0.00851,analytic,"[1, 197, 768]","[1, 197, 768]",1316.55,0.0,0.577,cuda_event,cuda
45,encoder.layers.encoder_layer_2.mlp.0,Linear,0.22118,2.308594,929562624.0,2362368,0,16,0.22118,counter,"[1, 197, 768]","[1, 197, 3072]",1316.55,0.0,2.309,cuda_event,cuda
45,encoder.layers.encoder_layer_2.mlp.1,GELU,0.01402,2.308594,4841472.0,0,0,17,0.01402,analytic,"[1, 197, 3072]","[1, 197, 3072]",1316.55,0.0,2.309,cuda_event,cuda
45,encoder.layers.encoder_layer_2.mlp.3,Linear,0.20909,0.577148,929562624.0,2360064,0,18,0.20909,counter,"[1, 197, 3072]","[1, 197, 768]",1316.55,0.0,0.577,cuda_event,cuda
45,encoder.layers.encoder_layer_3.ln_1,LayerNorm,0.00838,0.577148,756480.0,1536,0,19,0.00838,analytic,"[1, 197, 768]","[1, 197, 768]",1316.55,0.0,0.577,cuda_event,cuda
45,encoder.layers.encoder_layer_3.self_attention,MultiheadAttention,0.29491,0.577148,1048783872.0,2362368,0,20,0.29491,counter,"[1, 197, 768]","[1, 197, 768]",1316.55,0.0,0.577,cuda_event,cuda
45,encoder.layers.encoder_layer_3.ln_2,LayerNorm,0.00858,0.577148,756480.0,1536,0,21,0.00858,analytic,"[1, 197, 768]","[1, 197, 768]",1316.55,0.0,0.577,cuda_event,cuda
45,encoder.layers.encoder_layer_3.mlp.0,Linear,0.22118,2.308594,929562624.0,2362368,0,22,0.22118,counter,"[1, 197, 768]","[1, 197, 3072]",1316.55,0.0,2.309,cuda_event,cuda
45,encoder.layers.encoder_layer_3.mlp.1,GELU,0.01434,2.308594,4841472.0,0,0,23,0.01434,analytic,"[1, 197, 3072]","[1, 197, 3072]",1316.55,0.0,2.309,cuda_event,cuda
45,encoder.layers.encoder_layer_3.mlp.3,Linear,0.21062,0.577148,929562624.0,2360064,0,24,0.21062,counter,"[1, 197, 3072]","[1, 197, 768]",1316.55,0.0,0.577,cuda_event,cuda
45,encoder.layers.encoder_layer_4.ln_1,LayerNorm,0.00819,0.577148,756480.0,1536,0,25,0.00819,analytic,"[1, 197, 768]","[1, 197, 768]",1316.55,0.0,0.577,cuda_event,cuda
45,encoder.layers.encoder_layer_4.self_attention,MultiheadAttention,0.29696,0.577148,1048783872.0,2362368,0,26,0.29696,counter,"[1, 197, 768]","[1, 197, 768]",1316.55,0.0,0.577,cuda_event,cuda
45,encoder.layers.encoder_layer_4.ln_2,LayerNorm,0.00877,0.577148,756480.0,1536,0,27,0.00877,analytic,"[1, 197, 768]","[1, 197, 768]",1316.55,0.0,0.577,cuda_event,cuda
45,encoder.layers.encoder_layer_4.mlp.0,Linear,0.22272,2.308594,929562624.0,2362368,0,28,0.22272,counter,"[1, 197, 768]","[1, 197, 3072]",1316.55,0.0,2.309,cuda_event,cuda
45,encoder.layers.encoder_layer_4.mlp.1,GELU,0.01312,2.308594,4841472.0,0,0,29,0.01312,analytic,"[1, 197, 3072]","[1, 197, 3072]",1316.55,0.0,2.309,cuda_event,cuda
45,encoder.layers.encoder_layer_4.mlp.3,Linear,0.21094,0.577148,929562624.0,2360064,0,30,0.21094,counter,"[1, 197, 3072]","[1, 197, 768]",1316.55,0.0,0.577,cuda_event,cuda
45,encoder.layers.encoder_layer_5.ln_1,LayerNorm,0.00941,0.577148,756480.0,1536,0,31,0.00941,analytic,"[1, 197, 768]","[1, 197, 768]",1316.55,0.0,0.577,cuda_event,cuda
45,encoder.layers.encoder_layer_5.self_attention,MultiheadAttention,0.29792,0.577148,1048783872.0,2362368,0,32,0.29792,counter,"[1, 197, 768]","[1, 197, 768]",1316.55,0.0,0.577,cuda_event,cuda
45,encoder.layers.encoder_layer_5.ln_2,LayerNorm,0.00832,0.577148,756480.0,1536,0,33,0.00832,analytic,"[1, 197, 768]","[1, 197, 768]",1316.55,0.0,0.577,cuda_event,cuda
45,encoder.layers.encoder_layer_5.mlp.0,Linear,0.22285,2.308594,929562624.0,2362368,0,34,0.22285,counter,"[1, 197, 768]","[1, 197, 3072]",1316.55,0.0,2.309,cuda_event,cuda
45,encoder.layers.encoder_layer_5.mlp.1,GELU,0.01453,2.308594,4841472.0,0,0,35,0.01453,analytic,"[1, 197, 3072]","[1, 197, 3072]",1316.55,0.0,2.309,cuda_event,cuda
45,encoder.layers.encoder_layer_5.mlp.3,Linear,0.21034,0.577148,929562624.0,2360064,0,36,0.21034,counter,"[1, 197, 3072]","[1, 197, 768]",1316.55,0.0,0.577,cuda_event,cuda
45,encoder.layers.encoder_layer_6.ln_1,LayerNorm,0.00861,0.577148,756480.0,1536,0,37,0.00861,analytic,"[1, 197, 768]","[1, 197, 768]",1316.55,0.0,0.577,cuda_event,cuda
45,encoder.layers.encoder_layer_6.self_attention,MultiheadAttention,0.29491,0.577148,1048783872.0,2362368,0,38,0.29491,counter,"[1, 197, 768]","[1, 197, 768]",1316.55,0.0,0.577,cuda_event,cuda
45,encoder.layers.encoder_layer_6.ln_2,LayerNorm,0.00819,0.577148,756480.0,1536,0,39,0.00819,analytic,"[1, 197, 768]","[1, 197, 768]",1316.55,0.0,0.577,cuda_event,cuda
45,encoder.layers.encoder_layer_6.mlp.0,Linear,0.22118,2.308594,929562624.0,2362368,0,40,0.22118,counter,"[1, 197, 768]","[1, 197, 3072]",1316.55,0.0,2.309,cuda_event,cuda
45,encoder.layers.encoder_layer_6.mlp.1,GELU,0.01434,2.308594,4841472.0,0,0,41,0.01434,analytic,"[1, 197, 3072]","[1, 197, 3072]",1316.55,0.0,2.309,cuda_event,cuda
45,encoder.layers.encoder_layer_6.mlp.3,Linear,0.2089,0.577148,929562624.0,2360064,0,42,0.2089,counter,"[1, 197, 3072]","[1, 197, 768]",1316.55,0.0,0.577,cuda_event,cuda
45,encoder.layers.encoder_layer_7.ln_1,LayerNorm,0.00973,0.577148,756480.0,1536,0,43,0.00973,analytic,"[1, 197, 768]","[1, 197, 768]",1316.55,0.0,0.577,cuda_event,cuda
45,encoder.layers.encoder_layer_7.self_attention,MultiheadAttention,0.29555,0.577148,1048783872.0,2362368,0,44,0.29555,counter,"[1, 197, 768]","[1, 197, 768]",1316.55,0.0,0.577,cuda_event,cuda
45,encoder.layers.encoder_layer_7.ln_2,LayerNorm,0.00858,0.577148,756480.0,1536,0,45,0.00858,analytic,"[1, 197, 768]","[1, 197, 768]",1316.55,0.0,0.577,cuda_event,cuda
45,encoder.layers.encoder_layer_7.mlp.0,Linear,0.2232,2.308594,929562624.0,2362368,0,46,0.2232,counter,"[1, 197, 768]","[1, 197, 3072]",1316.55,0.0,2.309,cuda_event,cuda
45,encoder.layers.encoder_layer_7.mlp.1,GELU,0.01405,2.308594,4841472.0,0,0,47,0.01405,analytic,"[1, 197, 3072]","[1, 197, 3072]",1316.55,0.0,2.309,cuda_event,cuda
45,encoder.layers.encoder_layer_7.mlp.3,Linear,0.20944,0.577148,929562624.0,2360064,0,48,0.20944,counter,"[1, 197, 3072]","[1, 197, 768]",1316.55,0.0,0.577,cuda_event,cuda
45,encoder.layers.encoder_layer_8.ln_1,LayerNorm,0.00893,0.577148,756480.0,1536,0,49,0.00893,analytic,"[1, 197, 768]","[1, 197, 768]",1316.55,0.0,0.577,cuda_event,cuda
45,encoder.layers.encoder_layer_8.self_attention,MultiheadAttention,0.29491,0.577148,1048783872.0,2362368,0,50,0.29491,counter,"[1, 197, 768]","[1, 197, 768]",1316.55,0.0,0.577,cuda_event,cuda
45,encoder.layers.encoder_layer_8.ln_2,LayerNorm,0.00819,0.577148,756480.0,1536,0,51,0.00819,analytic,"[1, 197, 768]","[1, 197, 768]",1316.55,0.0,0.577,cuda_event,cuda
45,encoder.layers.encoder_layer_8.mlp.0,Linear,0.22118,2.308594,929562624.0,2362368,0,52,0.22118,counter,"[1, 197, 768]","[1, 197, 3072]",1316.55,0.0,2.309,cuda_event,cuda
45,encoder.layers.encoder_layer_8.mlp.1,GELU,0.01421,2.308594,4841472.0,0,0,53,0.01421,analytic,"[1, 197, 3072]","[1, 197, 3072]",1316.55,0.0,2.309,cuda_event,cuda
45,encoder.layers.encoder_layer_8.mlp.3,Linear,0.21034,0.577148,929562624.0,2360064,0,54,0.21034,counter,"[1, 197, 3072]","[1, 197, 768]",1316.55,0.0,0.577,cuda_event,cuda
45,encoder.layers.encoder_layer_9.ln_1,LayerNorm,0.00819,0.577148,756480.0,1536,0,55,0.00819,analytic,"[1, 197, 768]","[1, 197, 768]",1316.55,0.0,0.577,cuda_event,cuda
45,encoder.layers.encoder_layer_9.self_attention,MultiheadAttention,0.29491,0.577148,1048783872.0,2362368,0,56,0.29491,counter,"[1, 197, 768]","[1, 197, 768]",1316.55,0.0,0.577,cuda_event,cuda
45,encoder.layers.encoder_layer_9.ln_2,LayerNorm,0.00819,0.577148,756480.0,1536,0,57,0.00819,analytic,"[1, 197, 768]","[1, 197, 768]",1316.55,0.0,0.577,cuda_event,cuda
45,encoder.layers.encoder_layer_9.mlp.0,Linear,0.22323,2.308594,929562624.0,2362368,0,58,0.22323,counter,"[1, 197, 768]","[1, 197, 3072]",1316.55,0.0,2.309,cuda_event,cuda
45,encoder.layers.encoder_layer_9.mlp.1,GELU,0.01389,2.308594,4841472.0,0,0,59,0.01389,analytic,"[1, 197, 3072]","[1, 197, 3072]",1316.55,0.0,2.309,cuda_event,cuda
45,encoder.layers.encoder_layer_9.mlp.3,Linear,0.2095,0.577148,929562624.0,2360064,0,60,0.2095,counter,"[1, 197, 3072]","[1, 197, 768]",1316.55,0.0,0.577,cuda_event,cuda
45,encoder.layers.encoder_layer_10.ln_1,LayerNorm,0.01002,0.577148,756480.0,1536,0,61,0.01002,analytic,"[1, 197, 768]","[1, 197, 768]",1316.55,0.0,0.577,cuda_event,cuda
45,encoder.layers.encoder_layer_10.self_attention,MultiheadAttention,0.29264,0.577148,1048783872.0,2362368,0,62,0.29264,counter,"[1, 197, 768]","[1, 197, 768]",1316.55,0.0,0.577,cuda_event,cuda
45,encoder.layers.encoder_layer_10.ln_2,LayerNorm,0.00877,0.577148,756480.0,1536,0,63,0.00877,analytic,"[1, 197, 768]","[1, 197, 768]",1316.55,0.0,0.577,cuda_event,cuda
45,encoder.layers.encoder_layer_10.mlp.0,Linear,0.22163,2.308594,929562624.0,2362368,0,64,0.22163,counter,"[1, 197, 768]","[1, 197, 3072]",1316.55,0.0,2.309,cuda_event,cuda
45,encoder.layers.encoder_layer_10.mlp.1,GELU,0.01434,2.308594,4841472.0,0,0,65,0.01434,analytic,"[1, 197, 3072]","[1, 197, 3072]",1316.55,0.0,2.309,cuda_event,cuda
45,encoder.layers.encoder_layer_10.mlp.3,Linear,0.21226,0.577148,929562624.0,2360064,0,66,0.21226,counter,"[1, 197, 3072]","[1, 197, 768]",1316.55,0.0,0.577,cuda_event,cuda
45,encoder.layers.encoder_layer_11.ln_1,LayerNorm,0.00838,0.577148,756480.0,1536,0,67,0.00838,analytic,"[1, 197, 768]","[1, 197, 768]",1316.55,0.0,0.577,cuda_event,cuda
45,encoder.layers.encoder_layer_11.self_attention,MultiheadAttention,0.29491,0.577148,1048783872.0,2362368,0,68,0.29491,counter,"[1, 197, 768]","[1, 197, 768]",1316.55,0.0,0.577,cuda_event,cuda
45,encoder.layers.encoder_layer_11.ln_2,LayerNorm,0.00819,0.577148,756480.0,1536,0,69,0.00819,analytic,"[1, 197, 768]","[1, 197, 768]",1316.55,0.0,0.577,cuda_event,cuda
45,encoder.layers.encoder_layer_11.mlp.0,Linear,0.22118,2.308594,929562624.0,2362368,0,70,0.22118,counter,"[1, 197, 768]","[1, 197, 3072]",1316.55,0.0,2.309,cuda_event,cuda
45,encoder.layers.encoder_layer_11.mlp.1,GELU,0.01405,2.308594,4841472.0,0,0,71,0.01405,analytic,"[1, 197, 3072]","[1, 197, 3072]",1316.55,0.0,2.309,cuda_event,cuda
45,encoder.layers.encoder_layer_11.mlp.3,Linear,0.20928,0.577148,929562624.0,2360064,0,72,0.20928,counter,"[1, 197, 3072]","[1, 197, 768]",1316.55,0.0,0.577,cuda_event,cuda
45,encoder.ln,LayerNorm,0.00947,0.577148,756480.0,1536,0,73,0.00947,analytic,"[1, 197, 768]","[1, 197, 768]",1316.55,0.0,0.577,cuda_event,cuda
45,heads.head,Linear,0.01696,0.003815,1536000.0,769000,0,74,0.01696,counter,"[1, 768]","[1, 1000]",1316.55,0.0,0.004,cuda_event,cuda
46,conv_proj,Conv2d,0.17277,0.574219,231211008.0,590592,0,0,0.17277,counter,"[1, 3, 224, 224]","[1, 768, 14, 14]",1316.55,0.0,0.574,cuda_event,cuda
46,encoder.layers.encoder_layer_0.ln_1,LayerNorm,0.00851,0.577148,756480.0,1536,0,1,0.00851,analytic,"[1, 197, 768]","[1, 197, 768]",1316.55,0.0,0.577,cuda_event,cuda
46,encoder.layers.encoder_layer_0.self_attention,MultiheadAttention,0.296,0.577148,1048783872.0,2362368,0,2,0.296,counter,"[1, 197, 768]","[1, 197, 768]",1316.55,0.0,0.577,cuda_event,cuda
46,encoder.layers.encoder_layer_0.ln_2,LayerNorm,0.00819,0.577148,756480.0,1536,0,3,0.00819,analytic,"[1, 197, 768]","[1, 197, 768]",1316.55,0.0,0.577,cuda_event,cuda
46,encoder.layers.encoder_layer_0.mlp.0,Linear,0.22118,2.308594,929562624.0,2362368,0,4,0.22118,counter,"[1, 197, 768]","[1, 197, 3072]",1316.55,0.0,2.309,cuda_event,cuda
46,encoder.layers.encoder_layer_0.mlp.1,GELU,0.01434,2.308594,4841472.0,0,0,5,0.01434,analytic,"[1, 197, 3072]","[1, 197, 3072]",1316.55,0.0,2.309,cuda_event,cuda
46,encoder.layers.encoder_layer_0.mlp.3,Linear,0.21094,0.577148,929562624.0,2360064,0,6,0.21094,counter,"[1, 197, 3072]","[1, 197, 768]",1316.55,0.0,0.577,cuda_event,cuda
46,encoder.layers.encoder_layer_1.ln_1,LayerNorm,0.00931,0.577148,756480.0,1536,0,7,0.00931,analytic,"[1, 197, 768]","[1, 197, 768]",1316.55,0.0,0.577,cuda_event,cuda
46,encoder.layers.encoder_layer_1.self_attention,MultiheadAttention,0.29184,0.577148,1048783872.0,2362368,0,8,0.29184,counter,"[1, 197, 768]","[1, 197, 768]",1316.55,0.0,0.577,cuda_event,cuda
46,encoder.layers.encoder_layer_1.ln_2,LayerNorm,0.00922,0.577148,756480.0,1536,0,9,0.00922,analytic,"[1, 197, 768]","[1, 197, 768]",1316.55,0.0,0.577,cuda_event,cuda
46,encoder.layers.encoder_layer_1.mlp.0,Linear,0.22317,2.308594,929562624.0,2362368,0,10,0.22317,counter,"[1, 197, 768]","[1, 197, 3072]",1316.55,0.0,2.309,cuda_event,cuda
46,encoder.layers.encoder_layer_1.mlp.1,GELU,0.0145,2.308594,4841472.0,0,0,11,0.0145,analytic,"[1, 197, 3072]","[1, 197, 3072]",1316.55,0.0,2.309,cuda_event,cuda
46,encoder.layers.encoder_layer_1.mlp.3,Linear,0.21094,0.577148,929562624.0,2360064,0,12,0.21094,counter,"[1, 197, 3072]","[1, 197, 768]",1316.55,0.0,0.577,cuda_event,cuda
46,encoder.layers.encoder_layer_2.ln_1,LayerNorm,0.00947,0.577148,756480.0,1536,0,13,0.00947,analytic,"[1, 197, 768]","[1, 197, 768]",1316.55,0.0,0.577,cuda_event,cuda
46,encoder.layers.encoder_layer_2.self_attention,MultiheadAttention,0.29485,0.577148,1048783872.0,2362368,0,14,0.29485,counter,"[1, 197, 768]","[1, 197, 768]",1316.55,0.0,0.577,cuda_event,cuda
46,encoder.layers.encoder_layer_2.ln_2,LayerNorm,0.00819,0.577148,756480.0,1536,0,15,0.00819,analytic,"[1, 197, 768]","[1, 197, 768]",1316.55,0.0,0.577,cuda_event,cuda
46,encoder.layers.encoder_layer_2.mlp.0,Linear,0.22243,2.308594,929562624.0,2362368,0,16,0.22243,counter,"[1, 197, 768]","[1, 197, 3072]",1316.55,0.0,2.309,cuda_event,cuda
46,encoder.layers.encoder_layer_2.mlp.1,GELU,0.01318,2.308594,4841472.0,0,0,17,0.01318,analytic,"[1, 197, 3072]","[1, 197, 3072]",1316.55,0.0,2.309,cuda_event,cuda
46,encoder.layers.encoder_layer_2.mlp.3,Linear,0.21094,0.577148,929562624.0,2360064,0,18,0.21094,counter,"[1, 197, 3072]","[1, 197, 768]",1316.55,0.0,0.577,cuda_event,cuda
46,encoder.layers.encoder_layer_3.ln_1,LayerNorm,0.00874,0.577148,756480.0,1536,0,19,0.00874,analytic,"[1, 197, 768]","[1, 197, 768]",1316.55,0.0,0.577,cuda_event,cuda
46,encoder.layers.encoder_layer_3.self_attention,MultiheadAttention,0.29418,0.577148,1048783872.0,2362368,0,20,0.29418,counter,"[1, 197, 768]","[1, 197, 768]",1316.55,0.0,0.577,cuda_event,cuda
46,encoder.layers.encoder_layer_3.ln_2,LayerNorm,0.00954,0.577148,756480.0,1536,0,21,0.00954,analytic,"[1, 197, 768]","[1, 197, 768]",1316.55,0.0,0.577,cuda_event,cuda
46,encoder.layers.encoder_layer_3.mlp.0,Linear,0.22362,2.308594,929562624.0,2362368,0,22,0.22362,counter,"[1, 197, 768]","[1, 197, 3072]",1316.55,0.0,2.309,cuda_event,cuda
46,encoder.layers.encoder_layer_3.mlp.1,GELU,0.01418,2.308594,4841472.0,0,0,23,0.01418,analytic,"[1, 197, 3072]","[1, 197, 3072]",1316.55,0.0,2.309,cuda_event,cuda
46,encoder.layers.encoder_layer_3.mlp.3,Linear,0.21331,0.577148,929562624.0,2360064,0,24,0.21331,counter,"[1, 197, 3072]","[1, 197, 768]",1316.55,0.0,0.577,cuda_event,cuda
46,encoder.layers.encoder_layer_4.ln_1,LayerNorm,0.00819,0.577148,756480.0,1536,0,25,0.00819,analytic,"[1, 197, 768]","[1, 197, 768]",1316.55,0.0,0.577,cuda_event,cuda
46,encoder.layers.encoder_layer_4.self_attention,MultiheadAttention,0.29901,0.577148,1048783872.0,2362368,0,26,0.29901,counter,"[1, 197, 768]","[1, 197, 768]",1316.55,0.0,0.577,cuda_event,cuda
46,encoder.layers.encoder_layer_4.ln_2,LayerNorm,0.00934,0.577148,756480.0,1536,0,27,0.00934,analytic,"[1, 197, 768]","[1, 197, 768]",1316.55,0.0,0.577,cuda_event,cuda
46,encoder.layers.encoder_layer_4.mlp.0,Linear,0.22218,2.308594,929562624.0,2362368,0,28,0.22218,counter,"[1, 197, 768]","[1, 197, 3072]",1316.55,0.0,2.309,cuda_event,cuda
46,encoder.layers.encoder_layer_4.mlp.1,GELU,0.01584,2.308594,4841472.0,0,0,29,0.01584,analytic,"[1, 197, 3072]","[1, 197, 3072]",1316.55,0.0,2.309,cuda_event,cuda
46,encoder.layers.encoder_layer_4.mlp.3,Linear,0.21158,0.577148,929562624.0,2360064,0,30,0.21158,counter,"[1, 197, 3072]","[1, 197, 768]",1316.55,0.0,0.577,cuda_event,cuda
46,encoder.layers.encoder_layer_5.ln_1,LayerNorm,0.0089,0.577148,756480.0,1536,0,31,0.0089,analytic,"[1, 197, 768]","[1, 197, 768]",1316.55,0.0,0.577,cuda_event,cuda
46,encoder.layers.encoder_layer_5.self_attention,MultiheadAttention,0.29738,0.577148,1048783872.0,2362368,0,32,0.29738,counter,"[1, 197, 768]","[1, 197, 768]",1316.55,0.0,0.577,cuda_event,cuda
46,encoder.layers.encoder_layer_5.ln_2,LayerNorm,0.00819,0.577148,756480.0,1536,0,33,0.00819,analytic,"[1, 197, 768]","[1, 197, 768]",1316.55,0.0,0.577,cuda_event,cuda
46,encoder.layers.encoder_layer_5.mlp.0,Linear,0.22512,2.308594,929562624.0,2362368,0,34,0.22512,counter,"[1, 197, 768]","[1, 197, 3072]",1316.55,0.0,2.309,cuda_event,cuda
46,encoder.layers.encoder_layer_5.mlp.1,GELU,0.01389,2.308594,4841472.0,0,0,35,0.01389,analytic,"[1, 197, 3072]","[1, 197, 3072]",1316.55,0.0,2.309,cuda_event,cuda
46,encoder.layers.encoder_layer_5.mlp.3,Linear,0.21293,0.577148,929562624.0,2360064,0,36,0.21293,counter,"[1, 197, 3072]","[1, 197, 768]",1316.55,0.0,0.577,cuda_event,cuda
46,encoder.layers.encoder_layer_6.ln_1,LayerNorm,0.0087,0.577148,756480.0,1536,0,37,0.0087,analytic,"[1, 197, 768]","[1, 197, 768]",1316.55,0.0,0.577,cuda_event,cuda
46,encoder.layers.encoder_layer_6.self_attention,MultiheadAttention,0.29904,0.577148,1048783872.0,2362368,0,38,0.29904,counter,"[1, 197, 768]","[1, 197, 768]",1316.55,0.0,0.577,cuda_event,cuda
46,encoder.layers.encoder_layer_6.ln_2,LayerNorm,0.00819,0.577148,756480.0,1536,0,39,0.00819,analytic,"[1, 197, 768]","[1, 197, 768]",1316.55,0.0,0.577,cuda_event,cuda
46,encoder.layers.encoder_layer_6.mlp.0,Linear,0.22323,2.308594,929562624.0,2362368,0,40,0.22323,counter,"[1, 197, 768]","[1, 197, 3072]",1316.55,0.0,2.309,cuda_event,cuda
46,encoder.layers.encoder_layer_6.mlp.1,GELU,0.01434,2.308594,4841472.0,0,0,41,0.01434,analytic,"[1, 197, 3072]","[1, 197, 3072]",1316.55,0.0,2.309,cuda_event,cuda
46,encoder.layers.encoder_layer_6.mlp.3,Linear,0.21216,0.577148,929562624.0,2360064,0,42,0.21216,counter,"[1, 197, 3072]","[1, 197, 768]",1316.55,0.0,0.577,cuda_event,cuda
46,encoder.layers.encoder_layer_7.ln_1,LayerNorm,0.00858,0.577148,756480.0,1536,0,43,0.00858,analytic,"[1, 197, 768]","[1, 197, 768]",1316.55,0.0,0.577,cuda_event,cuda
46,encoder.layers.encoder_layer_7.self_attention,MultiheadAttention,0.2984,0.577148,1048783872.0,2362368,0,44,0.2984,counter,"[1, 197, 768]","[1, 197, 768]",1316.55,0.0,0.577,cuda_event,cuda
46,encoder.layers.encoder_layer_7.ln_2,LayerNorm,0.00982,0.577148,756480.0,1536,0,45,0.00982,analytic,"[1, 197, 768]","[1, 197, 768]",1316.55,0.0,0.577,cuda_event,cuda
46,encoder.layers.encoder_layer_7.mlp.0,Linear,0.22531,2.308594,929562624.0,2362368,0,46,0.22531,counter,"[1, 197, 768]","[1, 197, 3072]",1316.55,0.0,2.309,cuda_event,cuda
46,encoder.layers.encoder_layer_7.mlp.1,GELU,0.01277,2.308594,4841472.0,0,0,47,0.01277,analytic,"[1, 197, 3072]","[1, 197, 3072]",1316.55,0.0,2.309,cuda_event,cuda
46,encoder.layers.encoder_layer_7.mlp.3,Linear,0.21094,0.577148,929562624.0,2360064,0,48,0.21094,counter,"[1, 197, 3072]","[1, 197, 768]",1316.55,0.0,0.577,cuda_event,cuda
46,encoder.layers.encoder_layer_8.ln_1,LayerNorm,0.00864,0.577148,756480.0,1536,0,49,0.00864,analytic,"[1, 197, 768]","[1, 197, 768]",1316.55,0.0,0.577,cuda_event,cuda
46,encoder.layers.encoder_layer_8.self_attention,MultiheadAttention,0.29936,0.577148,1048783872.0,2362368,0,50,0.29936,counter,"[1, 197, 768]","[1, 197, 768]",1316.55,0.0,0.577,cuda_event,cuda
46,encoder.layers.encoder_layer_8.ln_2,LayerNorm,0.00877,0.577148,756480.0,1536,0,51,0.00877,analytic,"[1, 197, 768]","[1, 197, 768]",1316.55,0.0,0.577,cuda_event,cuda
46,encoder.layers.encoder_layer_8.mlp.0,Linear,0.2232,2.308594,929562624.0,2362368,0,52,0.2232,counter,"[1, 197, 768]","[1, 197, 3072]",1316.55,0.0,2.309,cuda_event,cuda
46,encoder.layers.encoder_layer_8.mlp.1,GELU,0.01392,2.308594,4841472.0,0,0,53,0.01392,analytic,"[1, 197, 3072]","[1, 197, 3072]",1316.55,0.0,2.309,cuda_event,cuda
46,encoder.layers.encoder_layer_8.mlp.3,Linear,0.21146,0.577148,929562624.0,2360064,0,54,0.21146,counter,"[1, 197, 3072]","[1, 197, 768]",1316.55,0.0,0.577,cuda_event,cuda
46,encoder.layers.encoder_layer_9.ln_1,LayerNorm,0.0096,0.577148,756480.0,1536,0,55,0.0096,analytic,"[1, 197, 768]","[1, 197, 768]",1316.55,0.0,0.577,cuda_event,cuda
46,encoder.layers.encoder_layer_9.self_attention,MultiheadAttention,0.29878,0.577148,1048783872.0,2362368,0,56,0.29878,counter,"[1, 197, 768]","[1, 197, 768]",1316.55,0.0,0.577,cuda_event,cuda
46,encoder.layers.encoder_layer_9.ln_2,LayerNorm,0.0096,0.577148,756480.0,1536,0,57,0.0096,analytic,"[1, 197, 768]","[1, 197, 768]",1316.55,0.0,0.577,cuda_event,cuda
46,encoder.layers.encoder_layer_9.mlp.0,Linear,0.22403,2.308594,929562624.0,2362368,0,58,0.22403,counter,"[1, 197, 768]","[1, 197, 3072]",1316.55,0.0,2.309,cuda_event,cuda
46,encoder.layers.encoder_layer_9.mlp.1,GELU,0.01434,2.308594,4841472.0,0,0,59,0.01434,analytic,"[1, 197, 3072]","[1, 197, 3072]",1316.55,0.0,2.309,cuda_event,cuda
46,encoder.layers.encoder_layer_9.mlp.3,Linear,0.21226,0.577148,929562624.0,2360064,0,60,0.21226,counter,"[1, 197, 3072]","[1, 197, 768]",1316.55,0.0,0.577,cuda_event,cuda
46,encoder.layers.encoder_layer_10.ln_1,LayerNorm,0.00864,0.577148,756480.0,1536,0,61,0.00864,analytic,"[1, 197, 768]","[1, 197, 768]",1316.55,0.0,0.577,cuda_event,cuda
46,encoder.layers.encoder_layer_10.self_attention,MultiheadAttention,0.2985,0.577148,1048783872.0,2362368,0,62,0.2985,counter,"[1, 197, 768]","[1, 197, 768]",1316.55,0.0,0.577,cuda_event,cuda
46,encoder.layers.encoder_layer_10.ln_2,LayerNorm,0.00883,0.577148,756480.0,1536,0,63,0.00883,analytic,"[1, 197, 768]","[1, 197, 768]",1316.55,0.0,0.577,cuda_event,cuda
46,encoder.layers.encoder_layer_10.mlp.0,Linear,0.2249,2.308594,929562624.0,2362368,0,64,0.2249,counter,"[1, 197, 768]","[1, 197, 3072]",1316.55,0.0,2.309,cuda_event,cuda
46,encoder.layers.encoder_layer_10.mlp.1,GELU,0.01312,2.308594,4841472.0,0,0,65,0.01312,analytic,"[1, 197, 3072]","[1, 197, 3072]",1316.55,0.0,2.309,cuda_event,cuda
46,encoder.layers.encoder_layer_10.mlp.3,Linear,0.21094,0.577148,929562624.0,2360064,0,66,0.21094,counter,"[1, 197, 3072]","[1, 197, 768]",1316.55,0.0,0.577,cuda_event,cuda
46,encoder.layers.encoder_layer_11.ln_1,LayerNorm,0.00838,0.577148,756480.0,1536,0,67,0.00838,analytic,"[1, 197, 768]","[1, 197, 768]",1316.55,0.0,0.577,cuda_event,cuda
46,encoder.layers.encoder_layer_11.self_attention,MultiheadAttention,0.29846,0.577148,1048783872.0,2362368,0,68,0.29846,counter,"[1, 197, 768]","[1, 197, 768]",1316.55,0.0,0.577,cuda_event,cuda
46,encoder.layers.encoder_layer_11.ln_2,LayerNorm,0.00877,0.577148,756480.0,1536,0,69,0.00877,analytic,"[1, 197, 768]","[1, 197, 768]",1316.55,0.0,0.577,cuda_event,cuda
46,encoder.layers.encoder_layer_11.mlp.0,Linear,0.22502,2.308594,929562624.0,2362368,0,70,0.22502,counter,"[1, 197, 768]","[1, 197, 3072]",1316.55,0.0,2.309,cuda_event,cuda
46,encoder.layers.encoder_layer_11.mlp.1,GELU,0.0145,2.308594,4841472.0,0,0,71,0.0145,analytic,"[1, 197, 3072]","[1, 197, 3072]",1316.55,0.0,2.309,cuda_event,cuda
46,encoder.layers.encoder_layer_11.mlp.3,Linear,0.21328,0.577148,929562624.0,2360064,0,72,0.21328,counter,"[1, 197, 3072]","[1, 197, 768]",1316.55,0.0,0.577,cuda_event,cuda
46,encoder.ln,LayerNorm,0.00826,0.577148,756480.0,1536,0,73,0.00826,analytic,"[1, 197, 768]","[1, 197, 768]",1316.55,0.0,0.577,cuda_event,cuda
46,heads.head,Linear,0.01786,0.003815,1536000.0,769000,0,74,0.01786,counter,"[1, 768]","[1, 1000]",1316.55,0.0,0.004,cuda_event,cuda
47,conv_proj,Conv2d,0.17565,0.574219,231211008.0,590592,0,0,0.17565,counter,"[1, 3, 224, 224]","[1, 768, 14, 14]",1316.55,0.0,0.574,cuda_event,cuda
47,encoder.layers.encoder_layer_0.ln_1,LayerNorm,0.00941,0.577148,756480.0,1536,0,1,0.00941,analytic,"[1, 197, 768]","[1, 197, 768]",1316.55,0.0,0.577,cuda_event,cuda
47,encoder.layers.encoder_layer_0.self_attention,MultiheadAttention,0.29994,0.577148,1048783872.0,2362368,0,2,0.29994,counter,"[1, 197, 768]","[1, 197, 768]",1316.55,0.0,0.577,cuda_event,cuda
47,encoder.layers.encoder_layer_0.ln_2,LayerNorm,0.00874,0.577148,756480.0,1536,0,3,0.00874,analytic,"[1, 197, 768]","[1, 197, 768]",1316.55,0.0,0.577,cuda_event,cuda
47,encoder.layers.encoder_layer_0.mlp.0,Linear,0.22326,2.308594,929562624.0,2362368,0,4,0.22326,counter,"[1, 197, 768]","[1, 197, 3072]",1316.55,0.0,2.309,cuda_event,cuda
47,encoder.layers.encoder_layer_0.mlp.1,GELU,0.01357,2.308594,4841472.0,0,0,5,0.01357,analytic,"[1, 197, 3072]","[1, 197, 3072]",1316.55,0.0,2.309,cuda_event,cuda
47,encoder.layers.encoder_layer_0.mlp.3,Linear,0.21123,0.577148,929562624.0,2360064,0,6,0.21123,counter,"[1, 197, 3072]","[1, 197, 768]",1316.55,0.0,0.577,cuda_event,cuda
47,encoder.layers.encoder_layer_1.ln_1,LayerNorm,0.00848,0.577148,756480.0,1536,0,7,0.00848,analytic,"[1, 197, 768]","[1, 197, 768]",1316.55,0.0,0.577,cuda_event,cuda
47,encoder.layers.encoder_layer_1.self_attention,MultiheadAttention,0.29866,0.577148,1048783872.0,2362368,0,8,0.29866,counter,"[1, 197, 768]","[1, 197, 768]",1316.55,0.0,0.577,cuda_event,cuda
47,encoder.layers.encoder_layer_1.ln_2,LayerNorm,0.00874,0.577148,756480.0,1536,0,9,0.00874,analytic,"[1, 197, 768]","[1, 197, 768]",1316.55,0.0,0.577,cuda_event,cuda
47,encoder.layers.encoder_layer_1.mlp.0,Linear,0.22352,2.308594,929562624.0,2362368,0,10,0.22352,counter,"[1, 197, 768]","[1, 197, 3072]",1316.55,0.0,2.309,cuda_event,cuda
47,encoder.layers.encoder_layer_1.mlp.1,GELU,0.01414,2.308594,4841472.0,0,0,11,0.01414,analytic,"[1, 197, 3072]","[1, 197, 3072]",1316.55,0.0,2.309,cuda_event,cuda
47,encoder.layers.encoder_layer_1.mlp.3,Linear,0.2111,0.577148,929562624.0,2360064,0,12,0.2111,counter,"[1, 197, 3072]","[1, 197, 768]",1316.55,0.0,0.577,cuda_event,cuda
47,encoder.layers.encoder_layer_2.ln_1,LayerNorm,0.00954,0.577148,756480.0,1536,0,13,0.00954,analytic,"[1, 197, 768]","[1, 197, 768]",1316.55,0.0,0.577,cuda_event,cuda
47,encoder.layers.encoder_layer_2.self_attention,MultiheadAttention,0.29776,0.577148,1048783872.0,2362368,0,14,0.29776,counter,"[1, 197, 768]","[1, 197, 768]",1316.55,0.0,0.577,cuda_event,cuda
47,encoder.layers.encoder_layer_2.ln_2,LayerNorm,0.00838,0.577148,756480.0,1536,0,15,0.00838,analytic,"[1, 197, 768]","[1, 197, 768]",1316.55,0.0,0.577,cuda_event,cuda
47,encoder.layers.encoder_layer_2.mlp.0,Linear,0.22528,2.308594,929562624.0,2362368,0,16,0.22528,counter,"[1, 197, 768]","[1, 197, 3072]",1316.55,0.0,2.309,cuda_event,cuda
47,encoder.layers.encoder_layer_2.mlp.1,GELU,0.01443,2.308594,4841472.0,0,0,17,0.01443,analytic,"[1, 197, 3072]","[1, 197, 3072]",1316.55,0.0,2.309,cuda_event,cuda
47,encoder.layers.encoder_layer_2.mlp.3,Linear,0.21098,0.577148,929562624.0,2360064,0,18,0.21098,counter,"[1, 197, 3072]","[1, 197, 768]",1316.55,0.0,0.577,cuda_event,cuda
47,encoder.layers.encoder_layer_3.ln_1,LayerNorm,0.00893,0.577148,756480.0,1536,0,19,0.00893,analytic,"[1, 197, 768]","[1, 197, 768]",1316.55,0.0,0.577,cuda_event,cuda
47,encoder.layers.encoder_layer_3.self_attention,MultiheadAttention,0.29686,0.577148,1048783872.0,2362368,0,20,0.29686,counter,"[1, 197, 768]","[1, 197, 768]",1316.55,0.0,0.577,cuda_event,cuda
47,encoder.layers.encoder_layer_3.ln_2,LayerNorm,0.00874,0.577148,756480.0,1536,0,21,0.00874,analytic,"[1, 197, 768]","[1, 197, 768]",1316.55,0.0,0.577,cuda_event,cuda
47,encoder.layers.encoder_layer_3.mlp.0,Linear,0.22528,2.308594,929562624.0,2362368,0,22,0.22528,counter,"[1, 197, 768]","[1, 197, 3072]",1316.55,0.0,2.309,cuda_event,cuda
47,encoder.layers.encoder_layer_3.mlp.1,GELU,0.01405,2.308594,4841472.0,0,0,23,0.01405,analytic,"[1, 197, 3072]","[1, 197, 3072]",1316.55,0.0,2.309,cuda_event,cuda
47,encoder.layers.encoder_layer_3.mlp.3,Linear,0.21046,0.577148,929562624.0,2360064,0,24,0.21046,counter,"[1, 197, 3072]","[1, 197, 768]",1316.55,0.0,0.577,cuda_event,cuda
47,encoder.layers.encoder_layer_4.ln_1,LayerNorm,0.00835,0.577148,756480.0,1536,0,25,0.00835,analytic,"[1, 197, 768]","[1, 197, 768]",1316.55,0.0,0.577,cuda_event,cuda
47,encoder.layers.encoder_layer_4.self_attention,MultiheadAttention,0.29859,0.577148,1048783872.0,2362368,0,26,0.29859,counter,"[1, 197, 768]","[1, 197, 768]",1316.55,0.0,0.577,cuda_event,cuda
47,encoder.layers.encoder_layer_4.ln_2,LayerNorm,0.00864,0.577148,756480.0,1536,0,27,0.00864,analytic,"[1, 197, 768]","[1, 197, 768]",1316.55,0.0,0.577,cuda_event,cuda
47,encoder.layers.encoder_layer_4.mlp.0,Linear,0.22336,2.308594,929562624.0,2362368,0,28,0.22336,counter,"[1, 197, 768]","[1, 197, 3072]",1316.55,0.0,2.309,cuda_event,cuda
47,encoder.layers.encoder_layer_4.mlp.1,GELU,0.01405,2.308594,4841472.0,0,0,29,0.01405,analytic,"[1, 197, 3072]","[1, 197, 3072]",1316.55,0.0,2.309,cuda_event,cuda
47,encoder.layers.encoder_layer_4.mlp.3,Linear,0.21133,0.577148,929562624.0,2360064,0,30,0.21133,counter,"[1, 197, 3072]","[1, 197, 768]",1316.55,0.0,0.577,cuda_event,cuda
47,encoder.layers.encoder_layer_5.ln_1,LayerNorm,0.0095,0.577148,756480.0,1536,0,31,0.0095,analytic,"[1, 197, 768]","[1, 197, 768]",1316.55,0.0,0.577,cuda_event,cuda
47,encoder.layers.encoder_layer_5.self_attention,MultiheadAttention,0.29779,0.577148,1048783872.0,2362368,0,32,0.29779,counter,"[1, 197, 768]","[1, 197, 768]",1316.55,0.0,0.577,cuda_event,cuda
47,encoder.layers.encoder_layer_5.ln_2,LayerNorm,0.00928,0.577148,756480.0,1536,0,33,0.00928,analytic,"[1, 197, 768]","[1, 197, 768]",1316.55,0.0,0.577,cuda_event,cuda
47,encoder.layers.encoder_layer_5.mlp.0,Linear,0.22528,2.308594,929562624.0,2362368,0,34,0.22528,counter,"[1, 197, 768]","[1, 197, 3072]",1316.55,0.0,2.309,cuda_event,cuda
47,encoder.layers.encoder_layer_5.mlp.1,GELU,0.01434,2.308594,4841472.0,0,0,35,0.01434,analytic,"[1, 197, 3072]","[1, 197, 3072]",1316.55,0.0,2.309,cuda_event,cuda
47,encoder.layers.encoder_layer_5.mlp.3,Linear,0.21104,0.577148,929562624.0,2360064,0,36,0.21104,counter,"[1, 197, 3072]","[1, 197, 768]",1316.55,0.0,0.577,cuda_event,cuda
47,encoder.layers.encoder_layer_6.ln_1,LayerNorm,0.00893,0.577148,756480.0,1536,0,37,0.00893,analytic,"[1, 197, 768]","[1, 197, 768]",1316.55,0.0,0.577,cuda_event,cuda
47,encoder.layers.encoder_layer_6.self_attention,MultiheadAttention,0.29517,0.577148,1048783872.0,2362368,0,38,0.29517,counter,"[1, 197, 768]","[1, 197, 768]",1316.55,0.0,0.577,cuda_event,cuda
47,encoder.layers.encoder_layer_6.ln_2,LayerNorm,0.00819,0.577148,756480.0,1536,0,39,0.00819,analytic,"[1, 197, 768]","[1, 197, 768]",1316.55,0.0,0.577,cuda_event,cuda
47,encoder.layers.encoder_layer_6.mlp.0,Linear,0.21914,2.308594,929562624.0,2362368,0,40,0.21914,counter,"[1, 197, 768]","[1, 197, 3072]",1316.55,0.0,2.309,cuda_event,cuda
47,encoder.layers.encoder_layer_6.mlp.1,GELU,0.01434,2.308594,4841472.0,0,0,41,0.01434,analytic,"[1, 197, 3072]","[1, 197, 3072]",1316.55,0.0,2.309,cuda_event,cuda
47,encoder.layers.encoder_layer_6.mlp.3,Linear,0.21094,0.577148,929562624.0,2360064,0,42,0.21094,counter,"[1, 197, 3072]","[1, 197, 768]",1316.55,0.0,0.577,cuda_event,cuda
47,encoder.layers.encoder_layer_7.ln_1,LayerNorm,0.00989,0.577148,756480.0,1536,0,43,0.00989,analytic,"[1, 197, 768]","[1, 197, 768]",1316.55,0.0,0.577,cuda_event,cuda
47,encoder.layers.encoder_layer_7.self_attention,MultiheadAttention,0.29114,0.577148,1048783872.0,2362368,0,44,0.29114,counter,"[1, 197, 768]","[1, 197, 768]",1316.55,0.0,0.577,cuda_event,cuda
47,encoder.layers.encoder_layer_7.ln_2,LayerNorm,0.00867,0.577148,756480.0,1536,0,45,0.00867,analytic,"[1, 197, 768]","[1, 197, 768]",1316.55,0.0,0.577,cuda_event,cuda
47,encoder.layers.encoder_layer_7.mlp.0,Linear,0.2208,2.308594,929562624.0,2362368,0,46,0.2208,counter,"[1, 197, 768]","[1, 197, 3072]",1316.55,0.0,2.309,cuda_event,cuda
47,encoder.layers.encoder_layer_7.mlp.1,GELU,0.0128,2.308594,4841472.0,0,0,47,0.0128,analytic,"[1, 197, 3072]","[1, 197, 3072]",1316.55,0.0,2.309,cuda_event,cuda
47,encoder.layers.encoder_layer_7.mlp.3,Linear,0.21056,0.577148,929562624.0,2360064,0,48,0.21056,counter,"[1, 197, 3072]","[1, 197, 768]",1316.55,0.0,0.577,cuda_event,cuda
47,encoder.layers.encoder_layer_8.ln_1,LayerNorm,0.00931,0.577148,756480.0,1536,0,49,0.00931,analytic,"[1, 197, 768]","[1, 197, 768]",1316.55,0.0,0.577,cuda_event,cuda
47,encoder.layers.encoder_layer_8.self_attention,MultiheadAttention,0.29142,0.577148,1048783872.0,2362368,0,50,0.29142,counter,"[1, 197, 768]","[1, 197, 768]",1316.55,0.0,0.577,cuda_event,cuda
47,encoder.layers.encoder_layer_8.ln_2,LayerNorm,0.00851,0.577148,756480.0,1536,0,51,0.00851,analytic,"[1, 197, 768]","[1, 197, 768]",1316.55,0.0,0.577,cuda_event,cuda
47,encoder.layers.encoder_layer_8.mlp.0,Linear,0.21917,2.308594,929562624.0,2362368,0,52,0.21917,counter,"[1, 197, 768]","[1, 197, 3072]",1316.55,0.0,2.309,cuda_event,cuda
47,encoder.layers.encoder_layer_8.mlp.1,GELU,0.01405,2.308594,4841472.0,0,0,53,0.01405,analytic,"[1, 197, 3072]","[1, 197, 3072]",1316.55,0.0,2.309,cuda_event,cuda
47,encoder.layers.encoder_layer_8.mlp.3,Linear,0.20925,0.577148,929562624.0,2360064,0,54,0.20925,counter,"[1, 197, 3072]","[1, 197, 768]",1316.55,0.0,0.577,cuda_event,cuda
47,encoder.layers.encoder_layer_9.ln_1,LayerNorm,0.00957,0.577148,756480.0,1536,0,55,0.00957,analytic,"[1, 197, 768]","[1, 197, 768]",1316.55,0.0,0.577,cuda_event,cuda
47,encoder.layers.encoder_layer_9.self_attention,MultiheadAttention,0.28941,0.577148,1048783872.0,2362368,0,56,0.28941,counter,"[1, 197, 768]","[1, 197, 768]",1316.55,0.0,0.577,cuda_event,cuda
47,encoder.layers.encoder_layer_9.ln_2,LayerNorm,0.00848,0.577148,756480.0,1536,0,57,0.00848,analytic,"[1, 197, 768]","[1, 197, 768]",1316.55,0.0,0.577,cuda_event,cuda
47,encoder.layers.encoder_layer_9.mlp.0,Linear,0.22067,2.308594,929562624.0,2362368,0,58,0.22067,counter,"[1, 197, 768]","[1, 197, 3072]",1316.55,0.0,2.309,cuda_event,cuda
47,encoder.layers.encoder_layer_9.mlp.1,GELU,0.01462,2.308594,4841472.0,0,0,59,0.01462,analytic,"[1, 197, 3072]","[1, 197, 3072]",1316.55,0.0,2.309,cuda_event,cuda
47,encoder.layers.encoder_layer_9.mlp.3,Linear,0.20883,0.577148,929562624.0,2360064,0,60,0.20883,counter,"[1, 197, 3072]","[1, 197, 768]",1316.55,0.0,0.577,cuda_event,cuda
47,encoder.layers.encoder_layer_10.ln_1,LayerNorm,0.00944,0.577148,756480.0,1536,0,61,0.00944,analytic,"[1, 197, 768]","[1, 197, 768]",1316.55,0.0,0.577,cuda_event,cuda
47,encoder.layers.encoder_layer_10.self_attention,MultiheadAttention,0.29078,0.577148,1048783872.0,2362368,0,62,0.29078,counter,"[1, 197, 768]","[1, 197, 768]",1316.55,0.0,0.577,cuda_event,cuda
47,encoder.layers.encoder_layer_10.ln_2,LayerNorm,0.00925,0.577148,756480.0,1536,0,63,0.00925,analytic,"[1, 197, 768]","[1, 197, 768]",1316.55,0.0,0.577,cuda_event,cuda
47,encoder.layers.encoder_layer_10.mlp.0,Linear,0.22253,2.308594,929562624.0,2362368,0,64,0.22253,counter,"[1, 197, 768]","[1, 197, 3072]",1316.55,0.0,2.309,cuda_event,cuda
47,encoder.layers.encoder_layer_10.mlp.1,GELU,0.01309,2.308594,4841472.0,0,0,65,0.01309,analytic,"[1, 197, 3072]","[1, 197, 3072]",1316.55,0.0,2.309,cuda_event,cuda
47,encoder.layers.encoder_layer_10.mlp.3,Linear,0.21296,0.577148,929562624.0,2360064,0,66,0.21296,counter,"[1, 197, 3072]","[1, 197, 768]",1316.55,0.0,0.577,cuda_event,cuda
47,encoder.layers.encoder_layer_11.ln_1,LayerNorm,0.00966,0.577148,756480.0,1536,0,67,0.00966,analytic,"[1, 197, 768]","[1, 197, 768]",1316.55,0.0,0.577,cuda_event,cuda
47,encoder.layers.encoder_layer_11.self_attention,MultiheadAttention,0.29152,0.577148,1048783872.0,2362368,0,68,0.29152,counter,"[1, 197, 768]","[1, 197, 768]",1316.55,0.0,0.577,cuda_event,cuda
47,encoder.layers.encoder_layer_11.ln_2,LayerNorm,0.00819,0.577148,756480.0,1536,0,69,0.00819,analytic,"[1, 197, 768]","[1, 197, 768]",1316.55,0.0,0.577,cuda_event,cuda
47,encoder.layers.encoder_layer_11.mlp.0,Linear,0.22061,2.308594,929562624.0,2362368,0,70,0.22061,counter,"[1, 197, 768]","[1, 197, 3072]",1316.55,0.0,2.309,cuda_event,cuda
47,encoder.layers.encoder_layer_11.mlp.1,GELU,0.01405,2.308594,4841472.0,0,0,71,0.01405,analytic,"[1, 197, 3072]","[1, 197, 3072]",1316.55,0.0,2.309,cuda_event,cuda
47,encoder.layers.encoder_layer_11.mlp.3,Linear,0.20976,0.577148,929562624.0,2360064,0,72,0.20976,counter,"[1, 197, 3072]","[1, 197, 768]",1316.55,0.0,0.577,cuda_event,cuda
47,encoder.ln,LayerNorm,0.00819,0.577148,756480.0,1536,0,73,0.00819,analytic,"[1, 197, 768]","[1, 197, 768]",1316.55,0.0,0.577,cuda_event,cuda
47,heads.head,Linear,0.01754,0.003815,1536000.0,769000,0,74,0.01754,counter,"[1, 768]","[1, 1000]",1316.55,0.0,0.004,cuda_event,cuda
48,conv_proj,Conv2d,0.17222,0.574219,231211008.0,590592,0,0,0.17222,counter,"[1, 3, 224, 224]","[1, 768, 14, 14]",1316.55,0.0,0.574,cuda_event,cuda
48,encoder.layers.encoder_layer_0.ln_1,LayerNorm,0.00854,0.577148,756480.0,1536,0,1,0.00854,analytic,"[1, 197, 768]","[1, 197, 768]",1316.55,0.0,0.577,cuda_event,cuda
48,encoder.layers.encoder_layer_0.self_attention,MultiheadAttention,0.29133,0.577148,1048783872.0,2362368,0,2,0.29133,counter,"[1, 197, 768]","[1, 197, 768]",1316.55,0.0,0.577,cuda_event,cuda
48,encoder.layers.encoder_layer_0.ln_2,LayerNorm,0.00819,0.577148,756480.0,1536,0,3,0.00819,analytic,"[1, 197, 768]","[1, 197, 768]",1316.55,0.0,0.577,cuda_event,cuda
48,encoder.layers.encoder_layer_0.mlp.0,Linear,0.22118,2.308594,929562624.0,2362368,0,4,0.22118,counter,"[1, 197, 768]","[1, 197, 3072]",1316.55,0.0,2.309,cuda_event,cuda
48,encoder.layers.encoder_layer_0.mlp.1,GELU,0.01434,2.308594,4841472.0,0,0,5,0.01434,analytic,"[1, 197, 3072]","[1, 197, 3072]",1316.55,0.0,2.309,cuda_event,cuda
48,encoder.layers.encoder_layer_0.mlp.3,Linear,0.21002,0.577148,929562624.0,2360064,0,6,0.21002,counter,"[1, 197, 3072]","[1, 197, 768]",1316.55,0.0,0.577,cuda_event,cuda
48,encoder.layers.encoder_layer_1.ln_1,LayerNorm,0.00835,0.577148,756480.0,1536,0,7,0.00835,analytic,"[1, 197, 768]","[1, 197, 768]",1316.55,0.0,0.577,cuda_event,cuda
48,encoder.layers.encoder_layer_1.self_attention,MultiheadAttention,0.30106,0.577148,1048783872.0,2362368,0,8,0.30106,counter,"[1, 197, 768]","[1, 197, 768]",1316.55,0.0,0.577,cuda_event,cuda
48,encoder.layers.encoder_layer_1.ln_2,LayerNorm,0.00931,0.577148,756480.0,1536,0,9,0.00931,analytic,"[1, 197, 768]","[1, 197, 768]",1316.55,0.0,0.577,cuda_event,cuda
48,encoder.layers.encoder_layer_1.mlp.0,Linear,0.22154,2.308594,929562624.0,2362368,0,10,0.22154,counter,"[1, 197, 768]","[1, 197, 3072]",1316.55,0.0,2.309,cuda_event,cuda
48,encoder.layers.encoder_layer_1.mlp.1,GELU,0.01306,2.308594,4841472.0,0,0,11,0.01306,analytic,"[1, 197, 3072]","[1, 197, 3072]",1316.55,0.0,2.309,cuda_event,cuda
48,encoder.layers.encoder_layer_1.mlp.3,Linear,0.21027,0.577148,929562624.0,2360064,0,12,0.21027,counter,"[1, 197, 3072]","[1, 197, 768]",1316.55,0.0,0.577,cuda_event,cuda
48,encoder.layers.encoder_layer_2.ln_1,LayerNorm,0.00832,0.577148,756480.0,1536,0,13,0.00832,analytic,"[1, 197, 768]","[1, 197, 768]",1316.55,0.0,0.577,cuda_event,cuda
48,encoder.layers.encoder_layer_2.self_attention,MultiheadAttention,0.29286,0.577148,1048783872.0,2362368,0,14,0.29286,counter,"[1, 197, 768]","[1, 197, 768]",1316.55,0.0,0.577,cuda_event,cuda
48,encoder.layers.encoder_layer_2.ln_2,LayerNorm,0.00928,0.577148,756480.0,1536,0,15,0.00928,analytic,"[1, 197, 768]","[1, 197, 768]",1316.55,0.0,0.577,cuda_event,cuda
48,encoder.layers.encoder_layer_2.mlp.0,Linear,0.22118,2.308594,929562624.0,2362368,0,16,0.22118,counter,"[1, 197, 768]","[1, 197, 3072]",1316.55,0.0,2.309,cuda_event,cuda
48,encoder.layers.encoder_layer_2.mlp.1,GELU,0.01434,2.308594,4841472.0,0,0,17,0.01434,analytic,"[1, 197, 3072]","[1, 197, 3072]",1316.55,0.0,2.309,cuda_event,cuda
48,encoder.layers.encoder_layer_2.mlp.3,Linear,0.2089,0.577148,929562624.0,2360064,0,18,0.2089,counter,"[1, 197, 3072]","[1, 197, 768]",1316.55,0.0,0.577,cuda_event,cuda
48,encoder.layers.encoder_layer_3.ln_1,LayerNorm,0.00947,0.577148,756480.0,1536,0,19,0.00947,analytic,"[1, 197, 768]","[1, 197, 768]",1316.55,0.0,0.577,cuda_event,cuda
48,encoder.layers.encoder_layer_3.self_attention,MultiheadAttention,0.28957,0.577148,1048783872.0,2362368,0,20,0.28957,counter,"[1, 197, 768]","[1, 197, 768]",1316.55,0.0,0.577,cuda_event,cuda
48,encoder.layers.encoder_layer_3.ln_2,LayerNorm,0.00848,0.577148,756480.0,1536,0,21,0.00848,analytic,"[1, 197, 768]","[1, 197, 768]",1316.55,0.0,0.577,cuda_event,cuda
48,encoder.layers.encoder_layer_3.mlp.0,Linear,0.22118,2.308594,929562624.0,2362368,0,22,0.22118,counter,"[1, 197, 768]","[1, 197, 3072]",1316.55,0.0,2.309,cuda_event,cuda
48,encoder.layers.encoder_layer_3.mlp.1,GELU,0.01434,2.308594,4841472.0,0,0,23,0.01434,analytic,"[1, 197, 3072]","[1, 197, 3072]",1316.55,0.0,2.309,cuda_event,cuda
48,encoder.layers.encoder_layer_3.mlp.3,Linear,0.2089,0.577148,929562624.0,2360064,0,24,0.2089,counter,"[1, 197, 3072]","[1, 197, 768]",1316.55,0.0,0.577,cuda_event,cuda
48,encoder.layers.encoder_layer_4.ln_1,LayerNorm,0.0097,0.577148,756480.0,1536,0,25,0.0097,analytic,"[1, 197, 768]","[1, 197, 768]",1316.55,0.0,0.577,cuda_event,cuda
48,encoder.layers.encoder_layer_4.self_attention,MultiheadAttention,0.2927,0.577148,1048783872.0,2362368,0,26,0.2927,counter,"[1, 197, 768]","[1, 197, 768]",1316.55,0.0,0.577,cuda_event,cuda
48,encoder.layers.encoder_layer_4.ln_2,LayerNorm,0.00934,0.577148,756480.0,1536,0,27,0.00934,analytic,"[1, 197, 768]","[1, 197, 768]",1316.55,0.0,0.577,cuda_event,cuda
48,encoder.layers.encoder_layer_4.mlp.0,Linear,0.21978,2.308594,929562624.0,2362368,0,28,0.21978,counter,"[1, 197, 768]","[1, 197, 3072]",1316.55,0.0,2.309,cuda_event,cuda
48,encoder.layers.encoder_layer_4.mlp.1,GELU,0.01421,2.308594,4841472.0,0,0,29,0.01421,analytic,"[1, 197, 3072]","[1, 197, 3072]",1316.55,0.0,2.309,cuda_event,cuda
48,encoder.layers.encoder_layer_4.mlp.3,Linear,0.20963,0.577148,929562624.0,2360064,0,30,0.20963,counter,"[1, 197, 3072]","[1, 197, 768]",1316.55,0.0,0.577,cuda_event,cuda
48,encoder.layers.encoder_layer_5.ln_1,LayerNorm,0.0095,0.577148,756480.0,1536,0,31,0.0095,analytic,"[1, 197, 768]","[1, 197, 768]",1316.55,0.0,0.577,cuda_event,cuda
48,encoder.layers.encoder_layer_5.self_attention,MultiheadAttention,0.29165,0.577148,1048783872.0,2362368,0,32,0.29165,counter,"[1, 197, 768]","[1, 197, 768]",1316.55,0.0,0.577,cuda_event,cuda
48,encoder.layers.encoder_layer_5.ln_2,LayerNorm,0.00832,0.577148,756480.0,1536,0,33,0.00832,analytic,"[1, 197, 768]","[1, 197, 768]",1316.55,0.0,0.577,cuda_event,cuda
48,encoder.layers.encoder_layer_5.mlp.0,Linear,0.21914,2.308594,929562624.0,2362368,0,34,0.21914,counter,"[1, 197, 768]","[1, 197, 3072]",1316.55,0.0,2.309,cuda_event,cuda
48,encoder.layers.encoder_layer_5.mlp.1,GELU,0.0143,2.308594,4841472.0,0,0,35,0.0143,analytic,"[1, 197, 3072]","[1, 197, 3072]",1316.55,0.0,2.309,cuda_event,cuda
48,encoder.layers.encoder_layer_5.mlp.3,Linear,0.20902,0.577148,929562624.0,2360064,0,36,0.20902,counter,"[1, 197, 3072]","[1, 197, 768]",1316.55,0.0,0.577,cuda_event,cuda
48,encoder.layers.encoder_layer_6.ln_1,LayerNorm,0.00986,0.577148,756480.0,1536,0,37,0.00986,analytic,"[1, 197, 768]","[1, 197, 768]",1316.55,0.0,0.577,cuda_event,cuda
48,encoder.layers.encoder_layer_6.self_attention,MultiheadAttention,0.29338,0.577148,1048783872.0,2362368,0,38,0.29338,counter,"[1, 197, 768]","[1, 197, 768]",1316.55,0.0,0.577,cuda_event,cuda
48,encoder.layers.encoder_layer_6.ln_2,LayerNorm,0.00819,0.577148,756480.0,1536,0,39,0.00819,analytic,"[1, 197, 768]","[1, 197, 768]",1316.55,0.0,0.577,cuda_event,cuda
48,encoder.layers.encoder_layer_6.mlp.0,Linear,0.21914,2.308594,929562624.0,2362368,0,40,0.21914,counter,"[1, 197, 768]","[1, 197, 3072]",1316.55,0.0,2.309,cuda_event,cuda
48,encoder.layers.encoder_layer_6.mlp.1,GELU,0.01568,2.308594,4841472.0,0,0,41,0.01568,analytic,"[1, 197, 3072]","[1, 197, 3072]",1316.55,0.0,2.309,cuda_event,cuda
48,encoder.layers.encoder_layer_6.mlp.3,Linear,0.20768,0.577148,929562624.0,2360064,0,42,0.20768,counter,"[1, 197, 3072]","[1, 197, 768]",1316.55,0.0,0.577,cuda_event,cuda
48,encoder.layers.encoder_layer_7.ln_1,LayerNorm,0.00861,0.577148,756480.0,1536,0,43,0.00861,analytic,"[1, 197, 768]","[1, 197, 768]",1316.55,0.0,0.577,cuda_event,cuda
48,encoder.layers.encoder_layer_7.self_attention,MultiheadAttention,0.29274,0.577148,1048783872.0,2362368,0,44,0.29274,counter,"[1, 197, 768]","[1, 197, 768]",1316.55,0.0,0.577,cuda_event,cuda
48,encoder.layers.encoder_layer_7.ln_2,LayerNorm,0.00864,0.577148,756480.0,1536,0,45,0.00864,analytic,"[1, 197, 768]","[1, 197, 768]",1316.55,0.0,0.577,cuda_event,cuda
48,encoder.layers.encoder_layer_7.mlp.0,Linear,0.22141,2.308594,929562624.0,2362368,0,46,0.22141,counter,"[1, 197, 768]","[1, 197, 3072]",1316.55,0.0,2.309,cuda_event,cuda
48,encoder.layers.encoder_layer_7.mlp.1,GELU,0.01427,2.308594,4841472.0,0,0,47,0.01427,analytic,"[1, 197, 3072]","[1, 197, 3072]",1316.55,0.0,2.309,cuda_event,cuda
48,encoder.layers.encoder_layer_7.mlp.3,Linear,0.20922,0.577148,929562624.0,2360064,0,48,0.20922,counter,"[1, 197, 3072]","[1, 197, 768]",1316.55,0.0,0.577,cuda_event,cuda
48,encoder.layers.encoder_layer_8.ln_1,LayerNorm,0.00941,0.577148,756480.0,1536,0,49,0.00941,analytic,"[1, 197, 768]","[1, 197, 768]",1316.55,0.0,0.577,cuda_event,cuda
48,encoder.layers.encoder_layer_8.self_attention,MultiheadAttention,0.29178,0.577148,1048783872.0,2362368,0,50,0.29178,counter,"[1, 197, 768]","[1, 197, 768]",1316.55,0.0,0.577,cuda_event,cuda
48,encoder.layers.encoder_layer_8.ln_2,LayerNorm,0.00842,0.577148,756480.0,1536,0,51,0.00842,analytic,"[1, 197, 768]","[1, 197, 768]",1316.55,0.0,0.577,cuda_event,cuda
48,encoder.layers.encoder_layer_8.mlp.0,Linear,0.22106,2.308594,929562624.0,2362368,0,52,0.22106,counter,"[1, 197, 768]","[1, 197, 3072]",1316.55,0.0,2.309,cuda_event,cuda
48,encoder.layers.encoder_layer_8.mlp.1,GELU,0.01254,2.308594,4841472.0,0,0,53,0.01254,analytic,"[1, 197, 3072]","[1, 197, 3072]",1316.55,0.0,2.309,cuda_event,cuda
48,encoder.layers.encoder_layer_8.mlp.3,Linear,0.2089,0.577148,929562624.0,2360064,0,54,0.2089,counter,"[1, 197, 3072]","[1, 197, 768]",1316.55,0.0,0.577,cuda_event,cuda
48,encoder.layers.encoder_layer_9.ln_1,LayerNorm,0.00864,0.577148,756480.0,1536,0,55,0.00864,analytic,"[1, 197, 768]","[1, 197, 768]",1316.55,0.0,0.577,cuda_event,cuda
48,encoder.layers.encoder_layer_9.self_attention,MultiheadAttention,0.29357,0.577148,1048783872.0,2362368,0,56,0.29357,counter,"[1, 197, 768]","[1, 197, 768]",1316.55,0.0,0.577,cuda_event,cuda
48,encoder.layers.encoder_layer_9.ln_2,LayerNorm,0.00851,0.577148,756480.0,1536,0,57,0.00851,analytic,"[1, 197, 768]","[1, 197, 768]",1316.55,0.0,0.577,cuda_event,cuda
48,encoder.layers.encoder_layer_9.mlp.0,Linear,0.22291,2.308594,929562624.0,2362368,0,58,0.22291,counter,"[1, 197, 768]","[1, 197, 3072]",1316.55,0.0,2.309,cuda_event,cuda
48,encoder.layers.encoder_layer_9.mlp.1,GELU,0.01392,2.308594,4841472.0,0,0,59,0.01392,analytic,"[1, 197, 3072]","[1, 197, 3072]",1316.55,0.0,2.309,cuda_event,cuda
48,encoder.layers.encoder_layer_9.mlp.3,Linear,0.21104,0.577148,929562624.0,2360064,0,60,0.21104,counter,"[1, 197, 3072]","[1, 197, 768]",1316.55,0.0,0.577,cuda_event,cuda
48,encoder.layers.encoder_layer_10.ln_1,LayerNorm,0.00851,0.577148,756480.0,1536,0,61,0.00851,analytic,"[1, 197, 768]","[1, 197, 768]",1316.55,0.0,0.577,cuda_event,cuda
48,encoder.layers.encoder_layer_10.self_attention,MultiheadAttention,0.29082,0.577148,1048783872.0,2362368,0,62,0.29082,counter,"[1, 197, 768]","[1, 197, 768]",1316.55,0.0,0.577,cuda_event,cuda
48,encoder.layers.encoder_layer_10.ln_2,LayerNorm,0.00819,0.577148,756480.0,1536,0,63,0.00819,analytic,"[1, 197, 768]","[1, 197, 768]",1316.55,0.0,0.577,cuda_event,cuda
48,encoder.layers.encoder_layer_10.mlp.0,Linear,0.22118,2.308594,929562624.0,2362368,0,64,0.22118,counter,"[1, 197, 768]","[1, 197, 3072]",1316.55,0.0,2.309,cuda_event,cuda
48,encoder.layers.encoder_layer_10.mlp.1,GELU,0.01434,2.308594,4841472.0,0,0,65,0.01434,analytic,"[1, 197, 3072]","[1, 197, 3072]",1316.55,0.0,2.309,cuda_event,cuda
48,encoder.layers.encoder_layer_10.mlp.3,Linear,0.22032,0.577148,929562624.0,2360064,0,66,0.22032,counter,"[1, 197, 3072]","[1, 197, 768]",1316.55,0.0,0.577,cuda_event,cuda
48,encoder.layers.encoder_layer_11.ln_1,LayerNorm,0.00941,0.577148,756480.0,1536,0,67,0.00941,analytic,"[1, 197, 768]","[1, 197, 768]",1316.55,0.0,0.577,cuda_event,cuda
48,encoder.layers.encoder_layer_11.self_attention,MultiheadAttention,0.31773,0.577148,1048783872.0,2362368,0,68,0.31773,counter,"[1, 197, 768]","[1, 197, 768]",1316.55,0.0,0.577,cuda_event,cuda
48,encoder.layers.encoder_layer_11.ln_2,LayerNorm,0.00912,0.577148,756480.0,1536,0,69,0.00912,analytic,"[1, 197, 768]","[1, 197, 768]",1316.55,0.0,0.577,cuda_event,cuda
48,encoder.layers.encoder_layer_11.mlp.0,Linear,0.23552,2.308594,929562624.0,2362368,0,70,0.23552,counter,"[1, 197, 768]","[1, 197, 3072]",1316.55,0.0,2.309,cuda_event,cuda
48,encoder.layers.encoder_layer_11.mlp.1,GELU,0.01389,2.308594,4841472.0,0,0,71,0.01389,analytic,"[1, 197, 3072]","[1, 197, 3072]",1316.55,0.0,2.309,cuda_event,cuda
48,encoder.layers.encoder_layer_11.mlp.3,Linear,0.22467,0.577148,929562624.0,2360064,0,72,0.22467,counter,"[1, 197, 3072]","[1, 197, 768]",1316.55,0.0,0.577,cuda_event,cuda
48,encoder.ln,LayerNorm,0.00848,0.577148,756480.0,1536,0,73,0.00848,analytic,"[1, 197, 768]","[1, 197, 768]",1316.55,0.0,0.577,cuda_event,cuda
48,heads.head,Linear,0.01786,0.003815,1536000.0,769000,0,74,0.01786,counter,"[1, 768]","[1, 1000]",1316.55,0.0,0.004,cuda_event,cuda
49,conv_proj,Conv2d,0.18637,0.574219,231211008.0,590592,0,0,0.18637,counter,"[1, 3, 224, 224]","[1, 768, 14, 14]",1316.56,0.0,0.574,cuda_event,cuda
49,encoder.layers.encoder_layer_0.ln_1,LayerNorm,0.0095,0.577148,756480.0,1536,0,1,0.0095,analytic,"[1, 197, 768]","[1, 197, 768]",1316.56,0.0,0.577,cuda_event,cuda
49,encoder.layers.encoder_layer_0.self_attention,MultiheadAttention,0.31587,0.577148,1048783872.0,2362368,0,2,0.31587,counter,"[1, 197, 768]","[1, 197, 768]",1316.56,0.0,0.577,cuda_event,cuda
49,encoder.layers.encoder_layer_0.ln_2,LayerNorm,0.00867,0.577148,756480.0,1536,0,3,0.00867,analytic,"[1, 197, 768]","[1, 197, 768]",1316.56,0.0,0.577,cuda_event,cuda
49,encoder.layers.encoder_layer_0.mlp.0,Linear,0.23347,2.308594,929562624.0,2362368,0,4,0.23347,counter,"[1, 197, 768]","[1, 197, 3072]",1316.56,0.0,2.309,cuda_event,cuda
49,encoder.layers.encoder_layer_0.mlp.1,GELU,0.01434,2.308594,4841472.0,0,0,5,0.01434,analytic,"[1, 197, 3072]","[1, 197, 3072]",1316.56,0.0,2.309,cuda_event,cuda
49,encoder.layers.encoder_layer_0.mlp.3,Linear,0.22496,0.577148,929562624.0,2360064,0,6,0.22496,counter,"[1, 197, 3072]","[1, 197, 768]",1316.56,0.0,0.577,cuda_event,cuda
49,encoder.layers.encoder_layer_1.ln_1,LayerNorm,0.01021,0.577148,756480.0,1536,0,7,0.01021,analytic,"[1, 197, 768]","[1, 197, 768]",1316.56,0.0,0.577,cuda_event,cuda
49,encoder.layers.encoder_layer_1.self_attention,MultiheadAttention,0.31549,0.577148,1048783872.0,2362368,0,8,0.31549,counter,"[1, 197, 768]","[1, 197, 768]",1316.56,0.0,0.577,cuda_event,cuda
49,encoder.layers.encoder_layer_1.ln_2,LayerNorm,0.00966,0.577148,756480.0,1536,0,9,0.00966,analytic,"[1, 197, 768]","[1, 197, 768]",1316.56,0.0,0.577,cuda_event,cuda
49,encoder.layers.encoder_layer_1.mlp.0,Linear,0.23411,2.308594,929562624.0,2362368,0,10,0.23411,counter,"[1, 197, 768]","[1, 197, 3072]",1316.56,0.0,2.309,cuda_event,cuda
49,encoder.layers.encoder_layer_1.mlp.1,GELU,0.01398,2.308594,4841472.0,0,0,11,0.01398,analytic,"[1, 197, 3072]","[1, 197, 3072]",1316.56,0.0,2.309,cuda_event,cuda
49,encoder.layers.encoder_layer_1.mlp.3,Linear,0.22365,0.577148,929562624.0,2360064,0,12,0.22365,counter,"[1, 197, 3072]","[1, 197, 768]",1316.56,0.0,0.577,cuda_event,cuda
49,encoder.layers.encoder_layer_2.ln_1,LayerNorm,0.01008,0.577148,756480.0,1536,0,13,0.01008,analytic,"[1, 197, 768]","[1, 197, 768]",1316.56,0.0,0.577,cuda_event,cuda
49,encoder.layers.encoder_layer_2.self_attention,MultiheadAttention,0.31971,0.577148,1048783872.0,2362368,0,14,0.31971,counter,"[1, 197, 768]","[1, 197, 768]",1316.56,0.0,0.577,cuda_event,cuda
49,encoder.layers.encoder_layer_2.ln_2,LayerNorm,0.0097,0.577148,756480.0,1536,0,15,0.0097,analytic,"[1, 197, 768]","[1, 197, 768]",1316.56,0.0,0.577,cuda_event,cuda
49,encoder.layers.encoder_layer_2.mlp.0,Linear,0.236,2.308594,929562624.0,2362368,0,16,0.236,counter,"[1, 197, 768]","[1, 197, 3072]",1316.56,0.0,2.309,cuda_event,cuda
49,encoder.layers.encoder_layer_2.mlp.1,GELU,0.01453,2.308594,4841472.0,0,0,17,0.01453,analytic,"[1, 197, 3072]","[1, 197, 3072]",1316.56,0.0,2.309,cuda_event,cuda
49,encoder.layers.encoder_layer_2.mlp.3,Linear,0.22128,0.577148,929562624.0,2360064,0,18,0.22128,counter,"[1, 197, 3072]","[1, 197, 768]",1316.56,0.0,0.577,cuda_event,cuda
49,encoder.layers.encoder_layer_3.ln_1,LayerNorm,0.01024,0.577148,756480.0,1536,0,19,0.01024,analytic,"[1, 197, 768]","[1, 197, 768]",1316.56,0.0,0.577,cuda_event,cuda
49,encoder.layers.encoder_layer_3.self_attention,MultiheadAttention,0.31526,0.577148,1048783872.0,2362368,0,20,0.31526,counter,"[1, 197, 768]","[1, 197, 768]",1316.56,0.0,0.577,cuda_event,cuda
49,encoder.layers.encoder_layer_3.ln_2,LayerNorm,0.00874,0.577148,756480.0,1536,0,21,0.00874,analytic,"[1, 197, 768]","[1, 197, 768]",1316.56,0.0,0.577,cuda_event,cuda
49,encoder.layers.encoder_layer_3.mlp.0,Linear,0.23552,2.308594,929562624.0,2362368,0,22,0.23552,counter,"[1, 197, 768]","[1, 197, 3072]",1316.56,0.0,2.309,cuda_event,cuda
49,encoder.layers.encoder_layer_3.mlp.1,GELU,0.01398,2.308594,4841472.0,0,0,23,0.01398,analytic,"[1, 197, 3072]","[1, 197, 3072]",1316.56,0.0,2.309,cuda_event,cuda
49,encoder.layers.encoder_layer_3.mlp.3,Linear,0.22294,0.577148,929562624.0,2360064,0,24,0.22294,counter,"[1, 197, 3072]","[1, 197, 768]",1316.56,0.0,0.577,cuda_event,cuda
49,encoder.layers.encoder_layer_4.ln_1,LayerNorm,0.00954,0.577148,756480.0,1536,0,25,0.00954,analytic,"[1, 197, 768]","[1, 197, 768]",1316.56,0.0,0.577,cuda_event,cuda
49,encoder.layers.encoder_layer_4.self_attention,MultiheadAttention,0.31549,0.577148,1048783872.0,2362368,0,26,0.31549,counter,"[1, 197, 768]","[1, 197, 768]",1316.56,0.0,0.577,cuda_event,cuda
49,encoder.layers.encoder_layer_4.ln_2,LayerNorm,0.00883,0.577148,756480.0,1536,0,27,0.00883,analytic,"[1, 197, 768]","[1, 197, 768]",1316.56,0.0,0.577,cuda_event,cuda
49,encoder.layers.encoder_layer_4.mlp.0,Linear,0.23472,2.308594,929562624.0,2362368,0,28,0.23472,counter,"[1, 197, 768]","[1, 197, 3072]",1316.56,0.0,2.309,cuda_event,cuda
49,encoder.layers.encoder_layer_4.mlp.1,GELU,0.0145,2.308594,4841472.0,0,0,29,0.0145,analytic,"[1, 197, 3072]","[1, 197, 3072]",1316.56,0.0,2.309,cuda_event,cuda
49,encoder.layers.encoder_layer_4.mlp.3,Linear,0.22397,0.577148,929562624.0,2360064,0,30,0.22397,counter,"[1, 197, 3072]","[1, 197, 768]",1316.56,0.0,0.577,cuda_event,cuda
49,encoder.layers.encoder_layer_5.ln_1,LayerNorm,0.01002,0.577148,756480.0,1536,0,31,0.01002,analytic,"[1, 197, 768]","[1, 197, 768]",1316.56,0.0,0.577,cuda_event,cuda
49,encoder.layers.encoder_layer_5.self_attention,MultiheadAttention,0.31565,0.577148,1048783872.0,2362368,0,32,0.31565,counter,"[1, 197, 768]","[1, 197, 768]",1316.56,0.0,0.577,cuda_event,cuda
49,encoder.layers.encoder_layer_5.ln_2,LayerNorm,0.00851,0.577148,756480.0,1536,0,33,0.00851,analytic,"[1, 197, 768]","[1, 197, 768]",1316.56,0.0,0.577,cuda_event,cuda
49,encoder.layers.encoder_layer_5.mlp.0,Linear,0.23757,2.308594,929562624.0,2362368,0,34,0.23757,counter,"[1, 197, 768]","[1, 197, 3072]",1316.56,0.0,2.309,cuda_event,cuda
49,encoder.layers.encoder_layer_5.mlp.1,GELU,0.01434,2.308594,4841472.0,0,0,35,0.01434,analytic,"[1, 197, 3072]","[1, 197, 3072]",1316.56,0.0,2.309,cuda_event,cuda
49,encoder.layers.encoder_layer_5.mlp.3,Linear,0.22266,0.577148,929562624.0,2360064,0,36,0.22266,counter,"[1, 197, 3072]","[1, 197, 768]",1316.56,0.0,0.577,cuda_event,cuda
49,encoder.layers.encoder_layer_6.ln_1,LayerNorm,0.00963,0.577148,756480.0,1536,0,37,0.00963,analytic,"[1, 197, 768]","[1, 197, 768]",1316.56,0.0,0.577,cuda_event,cuda
49,encoder.layers.encoder_layer_6.self_attention,MultiheadAttention,0.31606,0.577148,1048783872.0,2362368,0,38,0.31606,counter,"[1, 197, 768]","[1, 197, 768]",1316.56,0.0,0.577,cuda_event,cuda
49,encoder.layers.encoder_layer_6.ln_2,LayerNorm,0.00957,0.577148,756480.0,1536,0,39,0.00957,analytic,"[1, 197, 768]","[1, 197, 768]",1316.56,0.0,0.577,cuda_event,cuda
49,encoder.layers.encoder_layer_6.mlp.0,Linear,0.23718,2.308594,929562624.0,2362368,0,40,0.23718,counter,"[1, 197, 768]","[1, 197, 3072]",1316.56,0.0,2.309,cuda_event,cuda
49,encoder.layers.encoder_layer_6.mlp.1,GELU,0.01277,2.308594,4841472.0,0,0,41,0.01277,analytic,"[1, 197, 3072]","[1, 197, 3072]",1316.56,0.0,2.309,cuda_event,cuda
49,encoder.layers.encoder_layer_6.mlp.3,Linear,0.22323,0.577148,929562624.0,2360064,0,42,0.22323,counter,"[1, 197, 3072]","[1, 197, 768]",1316.56,0.0,0.577,cuda_event,cuda
49,encoder.layers.encoder_layer_7.ln_1,LayerNorm,0.00944,0.577148,756480.0,1536,0,43,0.00944,analytic,"[1, 197, 768]","[1, 197, 768]",1316.56,0.0,0.577,cuda_event,cuda
49,encoder.layers.encoder_layer_7.self_attention,MultiheadAttention,0.31539,0.577148,1048783872.0,2362368,0,44,0.31539,counter,"[1, 197, 768]","[1, 197, 768]",1316.56,0.0,0.577,cuda_event,cuda
49,encoder.layers.encoder_layer_7.ln_2,LayerNorm,0.00963,0.577148,756480.0,1536,0,45,0.00963,analytic,"[1, 197, 768]","[1, 197, 768]",1316.56,0.0,0.577,cuda_event,cuda
49,encoder.layers.encoder_layer_7.mlp.0,Linear,0.23398,2.308594,929562624.0,2362368,0,46,0.23398,counter,"[1, 197, 768]","[1, 197, 3072]",1316.56,0.0,2.309,cuda_event,cuda
49,encoder.layers.encoder_layer_7.mlp.1,GELU,0.01434,2.308594,4841472.0,0,0,47,0.01434,analytic,"[1, 197, 3072]","[1, 197, 3072]",1316.56,0.0,2.309,cuda_event,cuda
49,encoder.layers.encoder_layer_7.mlp.3,Linear,0.22323,0.577148,929562624.0,2360064,0,48,0.22323,counter,"[1, 197, 3072]","[1, 197, 768]",1316.56,0.0,0.577,cuda_event,cuda
49,encoder.layers.encoder_layer_8.ln_1,LayerNorm,0.01024,0.577148,756480.0,1536,0,49,0.01024,analytic,"[1, 197, 768]","[1, 197, 768]",1316.56,0.0,0.577,cuda_event,cuda
49,encoder.layers.encoder_layer_8.self_attention,MultiheadAttention,0.31542,0.577148,1048783872.0,2362368,0,50,0.31542,counter,"[1, 197, 768]","[1, 197, 768]",1316.56,0.0,0.577,cuda_event,cuda
49,encoder.layers.encoder_layer_8.ln_2,LayerNorm,0.00861,0.577148,756480.0,1536,0,51,0.00861,analytic,"[1, 197, 768]","[1, 197, 768]",1316.56,0.0,0.577,cuda_event,cuda
49,encoder.layers.encoder_layer_8.mlp.0,Linear,0.23552,2.308594,929562624.0,2362368,0,52,0.23552,counter,"[1, 197, 768]","[1, 197, 3072]",1316.56,0.0,2.309,cuda_event,cuda
49,encoder.layers.encoder_layer_8.mlp.1,GELU,0.01434,2.308594,4841472.0,0,0,53,0.01434,analytic,"[1, 197, 3072]","[1, 197, 3072]",1316.56,0.0,2.309,cuda_event,cuda
49,encoder.layers.encoder_layer_8.mlp.3,Linear,0.2232,0.577148,929562624.0,2360064,0,54,0.2232,counter,"[1, 197, 3072]","[1, 197, 768]",1316.56,0.0,0.577,cuda_event,cuda
49,encoder.layers.encoder_layer_9.ln_1,LayerNorm,0.01024,0.577148,756480.0,1536,0,55,0.01024,analytic,"[1, 197, 768]","[1, 197, 768]",1316.56,0.0,0.577,cuda_event,cuda
49,encoder.layers.encoder_layer_9.self_attention,MultiheadAttention,0.31539,0.577148,1048783872.0,2362368,0,56,0.31539,counter,"[1, 197, 768]","[1, 197, 768]",1316.56,0.0,0.577,cuda_event,cuda
49,encoder.layers.encoder_layer_9.ln_2,LayerNorm,0.00861,0.577148,756480.0,1536,0,57,0.00861,analytic,"[1, 197, 768]","[1, 197, 768]",1316.56,0.0,0.577,cuda_event,cuda
49,encoder.layers.encoder_layer_9.mlp.0,Linear,0.23731,2.308594,929562624.0,2362368,0,58,0.23731,counter,"[1, 197, 768]","[1, 197, 3072]",1316.56,0.0,2.309,cuda_event,cuda
49,encoder.layers.encoder_layer_9.mlp.1,GELU,0.0145,2.308594,4841472.0,0,0,59,0.0145,analytic,"[1, 197, 3072]","[1, 197, 3072]",1316.56,0.0,2.309,cuda_event,cuda
49,encoder.layers.encoder_layer_9.mlp.3,Linear,0.22138,0.577148,929562624.0,2360064,0,60,0.22138,counter,"[1, 197, 3072]","[1, 197, 768]",1316.56,0.0,0.577,cuda_event,cuda
49,encoder.layers.encoder_layer_10.ln_1,LayerNorm,0.00989,0.577148,756480.0,1536,0,61,0.00989,analytic,"[1, 197, 768]","[1, 197, 768]",1316.56,0.0,0.577,cuda_event,cuda
49,encoder.layers.encoder_layer_10.self_attention,MultiheadAttention,0.31402,0.577148,1048783872.0,2362368,0,62,0.31402,counter,"[1, 197, 768]","[1, 197, 768]",1316.56,0.0,0.577,cuda_event,cuda
49,encoder.layers.encoder_layer_10.ln_2,LayerNorm,0.01024,0.577148,756480.0,1536,0,63,0.01024,analytic,"[1, 197, 768]","[1, 197, 768]",1316.56,0.0,0.577,cuda_event,cuda
49,encoder.layers.encoder_layer_10.mlp.0,Linear,0.2352,2.308594,929562624.0,2362368,0,64,0.2352,counter,"[1, 197, 768]","[1, 197, 3072]",1316.56,0.0,2.309,cuda_event,cuda
49,encoder.layers.encoder_layer_10.mlp.1,GELU,0.01475,2.308594,4841472.0,0,0,65,0.01475,analytic,"[1, 197, 3072]","[1, 197, 3072]",1316.56,0.0,2.309,cuda_event,cuda
49,encoder.layers.encoder_layer_10.mlp.3,Linear,0.22118,0.577148,929562624.0,2360064,0,66,0.22118,counter,"[1, 197, 3072]","[1, 197, 768]",1316.56,0.0,0.577,cuda_event,cuda
49,encoder.layers.encoder_layer_11.ln_1,LayerNorm,0.00883,0.577148,756480.0,1536,0,67,0.00883,analytic,"[1, 197, 768]","[1, 197, 768]",1316.56,0.0,0.577,cuda_event,cuda
49,encoder.layers.encoder_layer_11.self_attention,MultiheadAttention,0.31658,0.577148,1048783872.0,2362368,0,68,0.31658,counter,"[1, 197, 768]","[1, 197, 768]",1316.56,0.0,0.577,cuda_event,cuda
49,encoder.layers.encoder_layer_11.ln_2,LayerNorm,0.01024,0.577148,756480.0,1536,0,69,0.01024,analytic,"[1, 197, 768]","[1, 197, 768]",1316.56,0.0,0.577,cuda_event,cuda
49,encoder.layers.encoder_layer_11.mlp.0,Linear,0.2367,2.308594,929562624.0,2362368,0,70,0.2367,counter,"[1, 197, 768]","[1, 197, 3072]",1316.56,0.0,2.309,cuda_event,cuda
49,encoder.layers.encoder_layer_11.mlp.1,GELU,0.01482,2.308594,4841472.0,0,0,71,0.01482,analytic,"[1, 197, 3072]","[1, 197, 3072]",1316.56,0.0,2.309,cuda_event,cuda
49,encoder.layers.encoder_layer_11.mlp.3,Linear,0.22317,0.577148,929562624.0,2360064,0,72,0.22317,counter,"[1, 197, 3072]","[1, 197, 768]",1316.56,0.0,0.577,cuda_event,cuda
49,encoder.ln,LayerNorm,0.0096,0.577148,756480.0,1536,0,73,0.0096,analytic,"[1, 197, 768]","[1, 197, 768]",1316.56,0.0,0.577,cuda_event,cuda
49,heads.head,Linear,0.01712,0.003815,1536000.0,769000,0,74,0.01712,counter,"[1, 768]","[1, 1000]",1316.56,0.0,0.004,cuda_event,cuda
