iteration,layer_name,layer_type,time_ms,activation_mb,flops,params,call_index,exec_order,raw_time_ms,flops_source,input_shape,output_shape,process_rss_mb,gpu_mem_before_mb,gpu_mem_after_mb,timing_backend,device
0,embeddings.word_embeddings,Embedding,0.0869,0.375,0.0,23440896,0,0,0.0875,none,"[1, 128]","[1, 128, 768]",1214.89,0.0,0.375,cpu_perf_counter,cpu
0,embeddings.token_type_embeddings,Embedding,0.0329,0.375,0.0,1536,0,1,0.0335,none,"[1, 128]","[1, 128, 768]",1214.89,0.0,0.375,cpu_perf_counter,cpu
0,embeddings.position_embeddings,Embedding,0.0357,0.375,0.0,393216,0,2,0.0363,none,"[1, 128]","[1, 128, 768]",1214.89,0.0,0.375,cpu_perf_counter,cpu
0,embeddings.LayerNorm,LayerNorm,0.0415,0.375,491520.0,1536,0,3,0.0421,analytic,"[1, 128, 768]","[1, 128, 768]",1214.89,0.0,0.375,cpu_perf_counter,cpu
0,encoder.layer.0.attention.self.query,Linear,0.4263,0.375,150994944.0,590592,0,4,0.4269,counter,"[1, 128, 768]","[1, 128, 768]",1214.89,0.0,0.375,cpu_perf_counter,cpu
0,encoder.layer.0.attention.self.key,Linear,0.3547,0.375,150994944.0,590592,0,5,0.3553,counter,"[1, 128, 768]","[1, 128, 768]",1214.89,0.0,0.375,cpu_perf_counter,cpu
0,encoder.layer.0.attention.self.value,Linear,0.3744,0.375,150994944.0,590592,0,6,0.375,counter,"[1, 128, 768]","[1, 128, 768]",1214.89,0.0,0.375,cpu_perf_counter,cpu
0,encoder.layer.0.attention.output.dense,Linear,0.3766,0.375,150994944.0,590592,0,7,0.3772,counter,"[1, 128, 768]","[1, 128, 768]",1214.89,0.0,0.375,cpu_perf_counter,cpu
0,encoder.layer.0.attention.output.LayerNorm,LayerNorm,0.0314,0.375,491520.0,1536,0,8,0.032,analytic,"[1, 128, 768]","[1, 128, 768]",1214.89,0.0,0.375,cpu_perf_counter,cpu
0,encoder.layer.0.intermediate.dense,Linear,1.8412,1.5,603979776.0,2362368,0,9,1.8418,counter,"[1, 128, 768]","[1, 128, 3072]",1214.89,0.0,1.5,cpu_perf_counter,cpu
0,encoder.layer.0.intermediate.intermediate_act_fn,GELUActivation,0.1749,1.5,0.0,0,0,10,0.1755,none,"[1, 128, 3072]","[1, 128, 3072]",1214.89,0.0,1.5,cpu_perf_counter,cpu
0,encoder.layer.0.output.dense,Linear,1.4617,0.375,603979776.0,2360064,0,11,1.4623,counter,"[1, 128, 3072]","[1, 128, 768]",1214.89,0.0,0.375,cpu_perf_counter,cpu
0,encoder.layer.0.output.LayerNorm,LayerNorm,0.0415,0.375,491520.0,1536,0,12,0.0421,analytic,"[1, 128, 768]","[1, 128, 768]",1214.89,0.0,0.375,cpu_perf_counter,cpu
0,encoder.layer.1.attention.self.query,Linear,0.4043,0.375,150994944.0,590592,0,13,0.4049,counter,"[1, 128, 768]","[1, 128, 768]",1214.89,0.0,0.375,cpu_perf_counter,cpu
0,encoder.layer.1.attention.self.key,Linear,0.3522,0.375,150994944.0,590592,0,14,0.3528,counter,"[1, 128, 768]","[1, 128, 768]",1214.89,0.0,0.375,cpu_perf_counter,cpu
0,encoder.layer.1.attention.self.value,Linear,0.3649,0.375,150994944.0,590592,0,15,0.3655,counter,"[1, 128, 768]","[1, 128, 768]",1214.89,0.0,0.375,cpu_perf_counter,cpu
0,encoder.layer.1.attention.output.dense,Linear,0.3739,0.375,150994944.0,590592,0,16,0.3745,counter,"[1, 128, 768]","[1, 128, 768]",1214.89,0.0,0.375,cpu_perf_counter,cpu
0,encoder.layer.1.attention.output.LayerNorm,LayerNorm,0.03,0.375,491520.0,1536,0,17,0.0306,analytic,"[1, 128, 768]","[1, 128, 768]",1214.89,0.0,0.375,cpu_perf_counter,cpu
0,encoder.layer.1.intermediate.dense,Linear,1.7283,1.5,603979776.0,2362368,0,18,1.7289,counter,"[1, 128, 768]","[1, 128, 3072]",1214.89,0.0,1.5,cpu_perf_counter,cpu
0,encoder.layer.1.intermediate.intermediate_act_fn,GELUActivation,0.1375,1.5,0.0,0,0,19,0.1381,none,"[1, 128, 3072]","[1, 128, 3072]",1214.89,0.0,1.5,cpu_perf_counter,cpu
0,encoder.layer.1.output.dense,Linear,1.4728,0.375,603979776.0,2360064,0,20,1.4734,counter,"[1, 128, 3072]","[1, 128, 768]",1214.89,0.0,0.375,cpu_perf_counter,cpu
0,encoder.layer.1.output.LayerNorm,LayerNorm,0.039,0.375,491520.0,1536,0,21,0.0396,analytic,"[1, 128, 768]","[1, 128, 768]",1214.89,0.0,0.375,cpu_perf_counter,cpu
0,encoder.layer.2.attention.self.query,Linear,0.377,0.375,150994944.0,590592,0,22,0.3776,counter,"[1, 128, 768]","[1, 128, 768]",1214.89,0.0,0.375,cpu_perf_counter,cpu
0,encoder.layer.2.attention.self.key,Linear,0.368,0.375,150994944.0,590592,0,23,0.3686,counter,"[1, 128, 768]","[1, 128, 768]",1214.89,0.0,0.375,cpu_perf_counter,cpu
0,encoder.layer.2.attention.self.value,Linear,0.3651,0.375,150994944.0,590592,0,24,0.3657,counter,"[1, 128, 768]","[1, 128, 768]",1214.89,0.0,0.375,cpu_perf_counter,cpu
0,encoder.layer.2.attention.output.dense,Linear,0.3698,0.375,150994944.0,590592,0,25,0.3704,counter,"[1, 128, 768]","[1, 128, 768]",1214.89,0.0,0.375,cpu_perf_counter,cpu
0,encoder.layer.2.attention.output.LayerNorm,LayerNorm,0.0302,0.375,491520.0,1536,0,26,0.0308,analytic,"[1, 128, 768]","[1, 128, 768]",1214.89,0.0,0.375,cpu_perf_counter,cpu
0,encoder.layer.2.intermediate.dense,Linear,1.72,1.5,603979776.0,2362368,0,27,1.7206,counter,"[1, 128, 768]","[1, 128, 3072]",1214.89,0.0,1.5,cpu_perf_counter,cpu
0,encoder.layer.2.intermediate.intermediate_act_fn,GELUActivation,0.1342,1.5,0.0,0,0,28,0.1348,none,"[1, 128, 3072]","[1, 128, 3072]",1214.89,0.0,1.5,cpu_perf_counter,cpu
0,encoder.layer.2.output.dense,Linear,1.4788,0.375,603979776.0,2360064,0,29,1.4794,counter,"[1, 128, 3072]","[1, 128, 768]",1214.89,0.0,0.375,cpu_perf_counter,cpu
0,encoder.layer.2.output.LayerNorm,LayerNorm,0.0603,0.375,491520.0,1536,0,30,0.0609,analytic,"[1, 128, 768]","[1, 128, 768]",1214.89,0.0,0.375,cpu_perf_counter,cpu
0,encoder.layer.3.attention.self.query,Linear,0.4108,0.375,150994944.0,590592,0,31,0.4114,counter,"[1, 128, 768]","[1, 128, 768]",1214.89,0.0,0.375,cpu_perf_counter,cpu
0,encoder.layer.3.attention.self.key,Linear,0.4047,0.375,150994944.0,590592,0,32,0.4053,counter,"[1, 128, 768]","[1, 128, 768]",1214.89,0.0,0.375,cpu_perf_counter,cpu
0,encoder.layer.3.attention.self.value,Linear,0.4233,0.375,150994944.0,590592,0,33,0.4239,counter,"[1, 128, 768]","[1, 128, 768]",1214.89,0.0,0.375,cpu_perf_counter,cpu
0,encoder.layer.3.attention.output.dense,Linear,0.3829,0.375,150994944.0,590592,0,34,0.3835,counter,"[1, 128, 768]","[1, 128, 768]",1214.89,0.0,0.375,cpu_perf_counter,cpu
0,encoder.layer.3.attention.output.LayerNorm,LayerNorm,0.0381,0.375,491520.0,1536,0,35,0.0387,analytic,"[1, 128, 768]","[1, 128, 768]",1214.89,0.0,0.375,cpu_perf_counter,cpu
0,encoder.layer.3.intermediate.dense,Linear,1.7589,1.5,603979776.0,2362368,0,36,1.7595,counter,"[1, 128, 768]","[1, 128, 3072]",1214.89,0.0,1.5,cpu_perf_counter,cpu
0,encoder.layer.3.intermediate.intermediate_act_fn,GELUActivation,0.1497,1.5,0.0,0,0,37,0.1503,none,"[1, 128, 3072]","[1, 128, 3072]",1214.89,0.0,1.5,cpu_perf_counter,cpu
0,encoder.layer.3.output.dense,Linear,1.4616,0.375,603979776.0,2360064,0,38,1.4622,counter,"[1, 128, 3072]","[1, 128, 768]",1214.89,0.0,0.375,cpu_perf_counter,cpu
0,encoder.layer.3.output.LayerNorm,LayerNorm,0.0473,0.375,491520.0,1536,0,39,0.0479,analytic,"[1, 128, 768]","[1, 128, 768]",1214.89,0.0,0.375,cpu_perf_counter,cpu
0,encoder.layer.4.attention.self.query,Linear,0.3882,0.375,150994944.0,590592,0,40,0.3888,counter,"[1, 128, 768]","[1, 128, 768]",1214.89,0.0,0.375,cpu_perf_counter,cpu
0,encoder.layer.4.attention.self.key,Linear,0.4082,0.375,150994944.0,590592,0,41,0.4088,counter,"[1, 128, 768]","[1, 128, 768]",1214.89,0.0,0.375,cpu_perf_counter,cpu
0,encoder.layer.4.attention.self.value,Linear,0.3929,0.375,150994944.0,590592,0,42,0.3935,counter,"[1, 128, 768]","[1, 128, 768]",1214.89,0.0,0.375,cpu_perf_counter,cpu
0,encoder.layer.4.attention.output.dense,Linear,0.3905,0.375,150994944.0,590592,0,43,0.3911,counter,"[1, 128, 768]","[1, 128, 768]",1214.89,0.0,0.375,cpu_perf_counter,cpu
0,encoder.layer.4.attention.output.LayerNorm,LayerNorm,0.0342,0.375,491520.0,1536,0,44,0.0348,analytic,"[1, 128, 768]","[1, 128, 768]",1214.89,0.0,0.375,cpu_perf_counter,cpu
0,encoder.layer.4.intermediate.dense,Linear,1.7869,1.5,603979776.0,2362368,0,45,1.7875,counter,"[1, 128, 768]","[1, 128, 3072]",1214.89,0.0,1.5,cpu_perf_counter,cpu
0,encoder.layer.4.intermediate.intermediate_act_fn,GELUActivation,0.1466,1.5,0.0,0,0,46,0.1472,none,"[1, 128, 3072]","[1, 128, 3072]",1214.89,0.0,1.5,cpu_perf_counter,cpu
0,encoder.layer.4.output.dense,Linear,1.501,0.375,603979776.0,2360064,0,47,1.5016,counter,"[1, 128, 3072]","[1, 128, 768]",1214.89,0.0,0.375,cpu_perf_counter,cpu
0,encoder.layer.4.output.LayerNorm,LayerNorm,0.0458,0.375,491520.0,1536,0,48,0.0464,analytic,"[1, 128, 768]","[1, 128, 768]",1214.89,0.0,0.375,cpu_perf_counter,cpu
0,encoder.layer.5.attention.self.query,Linear,0.3862,0.375,150994944.0,590592,0,49,0.3868,counter,"[1, 128, 768]","[1, 128, 768]",1214.89,0.0,0.375,cpu_perf_counter,cpu
0,encoder.layer.5.attention.self.key,Linear,0.3615,0.375,150994944.0,590592,0,50,0.3621,counter,"[1, 128, 768]","[1, 128, 768]",1214.89,0.0,0.375,cpu_perf_counter,cpu
0,encoder.layer.5.attention.self.value,Linear,0.3649,0.375,150994944.0,590592,0,51,0.3655,counter,"[1, 128, 768]","[1, 128, 768]",1214.89,0.0,0.375,cpu_perf_counter,cpu
0,encoder.layer.5.attention.output.dense,Linear,0.3942,0.375,150994944.0,590592,0,52,0.3948,counter,"[1, 128, 768]","[1, 128, 768]",1214.89,0.0,0.375,cpu_perf_counter,cpu
0,encoder.layer.5.attention.output.LayerNorm,LayerNorm,0.0329,0.375,491520.0,1536,0,53,0.0335,analytic,"[1, 128, 768]","[1, 128, 768]",1214.89,0.0,0.375,cpu_perf_counter,cpu
0,encoder.layer.5.intermediate.dense,Linear,1.7797,1.5,603979776.0,2362368,0,54,1.7803,counter,"[1, 128, 768]","[1, 128, 3072]",1214.89,0.0,1.5,cpu_perf_counter,cpu
0,encoder.layer.5.intermediate.intermediate_act_fn,GELUActivation,0.138,1.5,0.0,0,0,55,0.1386,none,"[1, 128, 3072]","[1, 128, 3072]",1214.89,0.0,1.5,cpu_perf_counter,cpu
0,encoder.layer.5.output.dense,Linear,1.5077,0.375,603979776.0,2360064,0,56,1.5083,counter,"[1, 128, 3072]","[1, 128, 768]",1214.89,0.0,0.375,cpu_perf_counter,cpu
0,encoder.layer.5.output.LayerNorm,LayerNorm,0.0418,0.375,491520.0,1536,0,57,0.0424,analytic,"[1, 128, 768]","[1, 128, 768]",1214.89,0.0,0.375,cpu_perf_counter,cpu
0,encoder.layer.6.attention.self.query,Linear,0.3956,0.375,150994944.0,590592,0,58,0.3962,counter,"[1, 128, 768]","[1, 128, 768]",1214.89,0.0,0.375,cpu_perf_counter,cpu
0,encoder.layer.6.attention.self.key,Linear,0.382,0.375,150994944.0,590592,0,59,0.3826,counter,"[1, 128, 768]","[1, 128, 768]",1214.89,0.0,0.375,cpu_perf_counter,cpu
0,encoder.layer.6.attention.self.value,Linear,0.3826,0.375,150994944.0,590592,0,60,0.3832,counter,"[1, 128, 768]","[1, 128, 768]",1214.89,0.0,0.375,cpu_perf_counter,cpu
0,encoder.layer.6.attention.output.dense,Linear,0.3858,0.375,150994944.0,590592,0,61,0.3864,counter,"[1, 128, 768]","[1, 128, 768]",1214.89,0.0,0.375,cpu_perf_counter,cpu
0,encoder.layer.6.attention.output.LayerNorm,LayerNorm,0.03,0.375,491520.0,1536,0,62,0.0306,analytic,"[1, 128, 768]","[1, 128, 768]",1214.89,0.0,0.375,cpu_perf_counter,cpu
0,encoder.layer.6.intermediate.dense,Linear,1.7564,1.5,603979776.0,2362368,0,63,1.757,counter,"[1, 128, 768]","[1, 128, 3072]",1214.89,0.0,1.5,cpu_perf_counter,cpu
0,encoder.layer.6.intermediate.intermediate_act_fn,GELUActivation,0.1417,1.5,0.0,0,0,64,0.1423,none,"[1, 128, 3072]","[1, 128, 3072]",1214.89,0.0,1.5,cpu_perf_counter,cpu
0,encoder.layer.6.output.dense,Linear,1.55,0.375,603979776.0,2360064,0,65,1.5506,counter,"[1, 128, 3072]","[1, 128, 768]",1214.89,0.0,0.375,cpu_perf_counter,cpu
0,encoder.layer.6.output.LayerNorm,LayerNorm,0.0392,0.375,491520.0,1536,0,66,0.0398,analytic,"[1, 128, 768]","[1, 128, 768]",1214.89,0.0,0.375,cpu_perf_counter,cpu
0,encoder.layer.7.attention.self.query,Linear,0.4001,0.375,150994944.0,590592,0,67,0.4007,counter,"[1, 128, 768]","[1, 128, 768]",1214.89,0.0,0.375,cpu_perf_counter,cpu
0,encoder.layer.7.attention.self.key,Linear,0.3833,0.375,150994944.0,590592,0,68,0.3839,counter,"[1, 128, 768]","[1, 128, 768]",1214.89,0.0,0.375,cpu_perf_counter,cpu
0,encoder.layer.7.attention.self.value,Linear,0.3849,0.375,150994944.0,590592,0,69,0.3855,counter,"[1, 128, 768]","[1, 128, 768]",1214.89,0.0,0.375,cpu_perf_counter,cpu
0,encoder.layer.7.attention.output.dense,Linear,0.381,0.375,150994944.0,590592,0,70,0.3816,counter,"[1, 128, 768]","[1, 128, 768]",1214.89,0.0,0.375,cpu_perf_counter,cpu
0,encoder.layer.7.attention.output.LayerNorm,LayerNorm,0.0268,0.375,491520.0,1536,0,71,0.0274,analytic,"[1, 128, 768]","[1, 128, 768]",1214.89,0.0,0.375,cpu_perf_counter,cpu
0,encoder.layer.7.intermediate.dense,Linear,1.7581,1.5,603979776.0,2362368,0,72,1.7587,counter,"[1, 128, 768]","[1, 128, 3072]",1214.89,0.0,1.5,cpu_perf_counter,cpu
0,encoder.layer.7.intermediate.intermediate_act_fn,GELUActivation,0.128,1.5,0.0,0,0,73,0.1286,none,"[1, 128, 3072]","[1, 128, 3072]",1214.89,0.0,1.5,cpu_perf_counter,cpu
0,encoder.layer.7.output.dense,Linear,1.605,0.375,603979776.0,2360064,0,74,1.6056,counter,"[1, 128, 3072]","[1, 128, 768]",1214.89,0.0,0.375,cpu_perf_counter,cpu
0,encoder.layer.7.output.LayerNorm,LayerNorm,0.0383,0.375,491520.0,1536,0,75,0.0389,analytic,"[1, 128, 768]","[1, 128, 768]",1214.89,0.0,0.375,cpu_perf_counter,cpu
0,encoder.layer.8.attention.self.query,Linear,0.457,0.375,150994944.0,590592,0,76,0.4576,counter,"[1, 128, 768]","[1, 128, 768]",1214.89,0.0,0.375,cpu_perf_counter,cpu
0,encoder.layer.8.attention.self.key,Linear,0.3898,0.375,150994944.0,590592,0,77,0.3904,counter,"[1, 128, 768]","[1, 128, 768]",1214.89,0.0,0.375,cpu_perf_counter,cpu
0,encoder.layer.8.attention.self.value,Linear,0.3727,0.375,150994944.0,590592,0,78,0.3733,counter,"[1, 128, 768]","[1, 128, 768]",1214.89,0.0,0.375,cpu_perf_counter,cpu
0,encoder.layer.8.attention.output.dense,Linear,0.3938,0.375,150994944.0,590592,0,79,0.3944,counter,"[1, 128, 768]","[1, 128, 768]",1214.89,0.0,0.375,cpu_perf_counter,cpu
0,encoder.layer.8.attention.output.LayerNorm,LayerNorm,0.0277,0.375,491520.0,1536,0,80,0.0283,analytic,"[1, 128, 768]","[1, 128, 768]",1214.89,0.0,0.375,cpu_perf_counter,cpu
0,encoder.layer.8.intermediate.dense,Linear,1.8801,1.5,603979776.0,2362368,0,81,1.8807,counter,"[1, 128, 768]","[1, 128, 3072]",1214.89,0.0,1.5,cpu_perf_counter,cpu
0,encoder.layer.8.intermediate.intermediate_act_fn,GELUActivation,0.1531,1.5,0.0,0,0,82,0.1537,none,"[1, 128, 3072]","[1, 128, 3072]",1214.89,0.0,1.5,cpu_perf_counter,cpu
0,encoder.layer.8.output.dense,Linear,1.5682,0.375,603979776.0,2360064,0,83,1.5688,counter,"[1, 128, 3072]","[1, 128, 768]",1214.89,0.0,0.375,cpu_perf_counter,cpu
0,encoder.layer.8.output.LayerNorm,LayerNorm,0.0408,0.375,491520.0,1536,0,84,0.0414,analytic,"[1, 128, 768]","[1, 128, 768]",1214.89,0.0,0.375,cpu_perf_counter,cpu
0,encoder.layer.9.attention.self.query,Linear,0.3942,0.375,150994944.0,590592,0,85,0.3948,counter,"[1, 128, 768]","[1, 128, 768]",1214.89,0.0,0.375,cpu_perf_counter,cpu
0,encoder.layer.9.attention.self.key,Linear,0.3843,0.375,150994944.0,590592,0,86,0.3849,counter,"[1, 128, 768]","[1, 128, 768]",1214.89,0.0,0.375,cpu_perf_counter,cpu
0,encoder.layer.9.attention.self.value,Linear,0.3737,0.375,150994944.0,590592,0,87,0.3743,counter,"[1, 128, 768]","[1, 128, 768]",1214.89,0.0,0.375,cpu_perf_counter,cpu
0,encoder.layer.9.attention.output.dense,Linear,0.3914,0.375,150994944.0,590592,0,88,0.392,counter,"[1, 128, 768]","[1, 128, 768]",1214.89,0.0,0.375,cpu_perf_counter,cpu
0,encoder.layer.9.attention.output.LayerNorm,LayerNorm,0.0291,0.375,491520.0,1536,0,89,0.0297,analytic,"[1, 128, 768]","[1, 128, 768]",1214.89,0.0,0.375,cpu_perf_counter,cpu
0,encoder.layer.9.intermediate.dense,Linear,1.8648,1.5,603979776.0,2362368,0,90,1.8654,counter,"[1, 128, 768]","[1, 128, 3072]",1214.89,0.0,1.5,cpu_perf_counter,cpu
0,encoder.layer.9.intermediate.intermediate_act_fn,GELUActivation,0.133,1.5,0.0,0,0,91,0.1336,none,"[1, 128, 3072]","[1, 128, 3072]",1214.89,0.0,1.5,cpu_perf_counter,cpu
0,encoder.layer.9.output.dense,Linear,1.6337,0.375,603979776.0,2360064,0,92,1.6343,counter,"[1, 128, 3072]","[1, 128, 768]",1214.89,0.0,0.375,cpu_perf_counter,cpu
0,encoder.layer.9.output.LayerNorm,LayerNorm,0.0406,0.375,491520.0,1536,0,93,0.0412,analytic,"[1, 128, 768]","[1, 128, 768]",1214.89,0.0,0.375,cpu_perf_counter,cpu
0,encoder.layer.10.attention.self.query,Linear,0.3908,0.375,150994944.0,590592,0,94,0.3914,counter,"[1, 128, 768]","[1, 128, 768]",1214.89,0.0,0.375,cpu_perf_counter,cpu
0,encoder.layer.10.attention.self.key,Linear,0.3793,0.375,150994944.0,590592,0,95,0.3799,counter,"[1, 128, 768]","[1, 128, 768]",1214.89,0.0,0.375,cpu_perf_counter,cpu
0,encoder.layer.10.attention.self.value,Linear,0.3791,0.375,150994944.0,590592,0,96,0.3797,counter,"[1, 128, 768]","[1, 128, 768]",1214.89,0.0,0.375,cpu_perf_counter,cpu
0,encoder.layer.10.attention.output.dense,Linear,0.3876,0.375,150994944.0,590592,0,97,0.3882,counter,"[1, 128, 768]","[1, 128, 768]",1214.89,0.0,0.375,cpu_perf_counter,cpu
0,encoder.layer.10.attention.output.LayerNorm,LayerNorm,0.0282,0.375,491520.0,1536,0,98,0.0288,analytic,"[1, 128, 768]","[1, 128, 768]",1214.89,0.0,0.375,cpu_perf_counter,cpu
0,encoder.layer.10.intermediate.dense,Linear,1.8007,1.5,603979776.0,2362368,0,99,1.8013,counter,"[1, 128, 768]","[1, 128, 3072]",1214.89,0.0,1.5,cpu_perf_counter,cpu
0,encoder.layer.10.intermediate.intermediate_act_fn,GELUActivation,0.1496,1.5,0.0,0,0,100,0.1502,none,"[1, 128, 3072]","[1, 128, 3072]",1214.89,0.0,1.5,cpu_perf_counter,cpu
0,encoder.layer.10.output.dense,Linear,1.4752,0.375,603979776.0,2360064,0,101,1.4758,counter,"[1, 128, 3072]","[1, 128, 768]",1214.89,0.0,0.375,cpu_perf_counter,cpu
0,encoder.layer.10.output.LayerNorm,LayerNorm,0.0405,0.375,491520.0,1536,0,102,0.0411,analytic,"[1, 128, 768]","[1, 128, 768]",1214.89,0.0,0.375,cpu_perf_counter,cpu
0,encoder.layer.11.attention.self.query,Linear,0.3722,0.375,150994944.0,590592,0,103,0.3728,counter,"[1, 128, 768]","[1, 128, 768]",1214.89,0.0,0.375,cpu_perf_counter,cpu
0,encoder.layer.11.attention.self.key,Linear,0.3706,0.375,150994944.0,590592,0,104,0.3712,counter,"[1, 128, 768]","[1, 128, 768]",1214.89,0.0,0.375,cpu_perf_counter,cpu
0,encoder.layer.11.attention.self.value,Linear,0.3802,0.375,150994944.0,590592,0,105,0.3808,counter,"[1, 128, 768]","[1, 128, 768]",1214.89,0.0,0.375,cpu_perf_counter,cpu
0,encoder.layer.11.attention.output.dense,Linear,0.3647,0.375,150994944.0,590592,0,106,0.3653,counter,"[1, 128, 768]","[1, 128, 768]",1214.89,0.0,0.375,cpu_perf_counter,cpu
0,encoder.layer.11.attention.output.LayerNorm,LayerNorm,0.0284,0.375,491520.0,1536,0,107,0.029,analytic,"[1, 128, 768]","[1, 128, 768]",1214.89,0.0,0.375,cpu_perf_counter,cpu
0,encoder.layer.11.intermediate.dense,Linear,1.7262,1.5,603979776.0,2362368,0,108,1.7268,counter,"[1, 128, 768]","[1, 128, 3072]",1214.89,0.0,1.5,cpu_perf_counter,cpu
0,encoder.layer.11.intermediate.intermediate_act_fn,GELUActivation,0.1279,1.5,0.0,0,0,109,0.1285,none,"[1, 128, 3072]","[1, 128, 3072]",1214.89,0.0,1.5,cpu_perf_counter,cpu
0,encoder.layer.11.output.dense,Linear,1.4728,0.375,603979776.0,2360064,0,110,1.4734,counter,"[1, 128, 3072]","[1, 128, 768]",1214.89,0.0,0.375,cpu_perf_counter,cpu
0,encoder.layer.11.output.LayerNorm,LayerNorm,0.0405,0.375,491520.0,1536,0,111,0.0411,analytic,"[1, 128, 768]","[1, 128, 768]",1214.89,0.0,0.375,cpu_perf_counter,cpu
0,pooler.dense,Linear,0.114,0.00293,1179648.0,590592,0,112,0.1146,counter,"[1, 768]","[1, 768]",1214.89,0.0,0.003,cpu_perf_counter,cpu
0,pooler.activation,Tanh,0.0158,0.00293,3072.0,0,0,113,0.0164,analytic,"[1, 768]","[1, 768]",1214.89,0.0,0.003,cpu_perf_counter,cpu
1,embeddings.word_embeddings,Embedding,0.0473,0.375,0.0,23440896,0,0,0.0479,none,"[1, 128]","[1, 128, 768]",1214.89,0.0,0.375,cpu_perf_counter,cpu
1,embeddings.token_type_embeddings,Embedding,0.019,0.375,0.0,1536,0,1,0.0196,none,"[1, 128]","[1, 128, 768]",1214.89,0.0,0.375,cpu_perf_counter,cpu
1,embeddings.position_embeddings,Embedding,0.0244,0.375,0.0,393216,0,2,0.025,none,"[1, 128]","[1, 128, 768]",1214.89,0.0,0.375,cpu_perf_counter,cpu
1,embeddings.LayerNorm,LayerNorm,0.0231,0.375,491520.0,1536,0,3,0.0237,analytic,"[1, 128, 768]","[1, 128, 768]",1214.89,0.0,0.375,cpu_perf_counter,cpu
1,encoder.layer.0.attention.self.query,Linear,0.3619,0.375,150994944.0,590592,0,4,0.3625,counter,"[1, 128, 768]","[1, 128, 768]",1214.89,0.0,0.375,cpu_perf_counter,cpu
1,encoder.layer.0.attention.self.key,Linear,0.3719,0.375,150994944.0,590592,0,5,0.3725,counter,"[1, 128, 768]","[1, 128, 768]",1214.89,0.0,0.375,cpu_perf_counter,cpu
1,encoder.layer.0.attention.self.value,Linear,0.3648,0.375,150994944.0,590592,0,6,0.3654,counter,"[1, 128, 768]","[1, 128, 768]",1214.89,0.0,0.375,cpu_perf_counter,cpu
1,encoder.layer.0.attention.output.dense,Linear,0.3684,0.375,150994944.0,590592,0,7,0.369,counter,"[1, 128, 768]","[1, 128, 768]",1214.89,0.0,0.375,cpu_perf_counter,cpu
1,encoder.layer.0.attention.output.LayerNorm,LayerNorm,0.0265,0.375,491520.0,1536,0,8,0.0271,analytic,"[1, 128, 768]","[1, 128, 768]",1214.89,0.0,0.375,cpu_perf_counter,cpu
1,encoder.layer.0.intermediate.dense,Linear,1.6841,1.5,603979776.0,2362368,0,9,1.6847,counter,"[1, 128, 768]","[1, 128, 3072]",1214.89,0.0,1.5,cpu_perf_counter,cpu
1,encoder.layer.0.intermediate.intermediate_act_fn,GELUActivation,0.1302,1.5,0.0,0,0,10,0.1308,none,"[1, 128, 3072]","[1, 128, 3072]",1214.89,0.0,1.5,cpu_perf_counter,cpu
1,encoder.layer.0.output.dense,Linear,1.4796,0.375,603979776.0,2360064,0,11,1.4802,counter,"[1, 128, 3072]","[1, 128, 768]",1214.89,0.0,0.375,cpu_perf_counter,cpu
1,encoder.layer.0.output.LayerNorm,LayerNorm,0.0414,0.375,491520.0,1536,0,12,0.042,analytic,"[1, 128, 768]","[1, 128, 768]",1214.89,0.0,0.375,cpu_perf_counter,cpu
1,encoder.layer.1.attention.self.query,Linear,0.41,0.375,150994944.0,590592,0,13,0.4106,counter,"[1, 128, 768]","[1, 128, 768]",1214.89,0.0,0.375,cpu_perf_counter,cpu
1,encoder.layer.1.attention.self.key,Linear,0.3657,0.375,150994944.0,590592,0,14,0.3663,counter,"[1, 128, 768]","[1, 128, 768]",1214.89,0.0,0.375,cpu_perf_counter,cpu
1,encoder.layer.1.attention.self.value,Linear,0.3775,0.375,150994944.0,590592,0,15,0.3781,counter,"[1, 128, 768]","[1, 128, 768]",1214.89,0.0,0.375,cpu_perf_counter,cpu
1,encoder.layer.1.attention.output.dense,Linear,0.3784,0.375,150994944.0,590592,0,16,0.379,counter,"[1, 128, 768]","[1, 128, 768]",1214.89,0.0,0.375,cpu_perf_counter,cpu
1,encoder.layer.1.attention.output.LayerNorm,LayerNorm,0.0327,0.375,491520.0,1536,0,17,0.0333,analytic,"[1, 128, 768]","[1, 128, 768]",1214.89,0.0,0.375,cpu_perf_counter,cpu
1,encoder.layer.1.intermediate.dense,Linear,1.6797,1.5,603979776.0,2362368,0,18,1.6803,counter,"[1, 128, 768]","[1, 128, 3072]",1214.89,0.0,1.5,cpu_perf_counter,cpu
1,encoder.layer.1.intermediate.intermediate_act_fn,GELUActivation,0.129,1.5,0.0,0,0,19,0.1296,none,"[1, 128, 3072]","[1, 128, 3072]",1214.89,0.0,1.5,cpu_perf_counter,cpu
1,encoder.layer.1.output.dense,Linear,1.4765,0.375,603979776.0,2360064,0,20,1.4771,counter,"[1, 128, 3072]","[1, 128, 768]",1214.89,0.0,0.375,cpu_perf_counter,cpu
1,encoder.layer.1.output.LayerNorm,LayerNorm,0.0399,0.375,491520.0,1536,0,21,0.0405,analytic,"[1, 128, 768]","[1, 128, 768]",1214.89,0.0,0.375,cpu_perf_counter,cpu
1,encoder.layer.2.attention.self.query,Linear,0.3819,0.375,150994944.0,590592,0,22,0.3825,counter,"[1, 128, 768]","[1, 128, 768]",1214.89,0.0,0.375,cpu_perf_counter,cpu
1,encoder.layer.2.attention.self.key,Linear,0.3807,0.375,150994944.0,590592,0,23,0.3813,counter,"[1, 128, 768]","[1, 128, 768]",1214.89,0.0,0.375,cpu_perf_counter,cpu
1,encoder.layer.2.attention.self.value,Linear,0.3757,0.375,150994944.0,590592,0,24,0.3763,counter,"[1, 128, 768]","[1, 128, 768]",1214.89,0.0,0.375,cpu_perf_counter,cpu
1,encoder.layer.2.attention.output.dense,Linear,0.37,0.375,150994944.0,590592,0,25,0.3706,counter,"[1, 128, 768]","[1, 128, 768]",1214.89,0.0,0.375,cpu_perf_counter,cpu
1,encoder.layer.2.attention.output.LayerNorm,LayerNorm,0.0317,0.375,491520.0,1536,0,26,0.0323,analytic,"[1, 128, 768]","[1, 128, 768]",1214.89,0.0,0.375,cpu_perf_counter,cpu
1,encoder.layer.2.intermediate.dense,Linear,1.7213,1.5,603979776.0,2362368,0,27,1.7219,counter,"[1, 128, 768]","[1, 128, 3072]",1214.89,0.0,1.5,cpu_perf_counter,cpu
1,encoder.layer.2.intermediate.intermediate_act_fn,GELUActivation,0.1301,1.5,0.0,0,0,28,0.1307,none,"[1, 128, 3072]","[1, 128, 3072]",1214.89,0.0,1.5,cpu_perf_counter,cpu
1,encoder.layer.2.output.dense,Linear,1.4647,0.375,603979776.0,2360064,0,29,1.4653,counter,"[1, 128, 3072]","[1, 128, 768]",1214.89,0.0,0.375,cpu_perf_counter,cpu
1,encoder.layer.2.output.LayerNorm,LayerNorm,0.04,0.375,491520.0,1536,0,30,0.0406,analytic,"[1, 128, 768]","[1, 128, 768]",1214.89,0.0,0.375,cpu_perf_counter,cpu
1,encoder.layer.3.attention.self.query,Linear,0.3738,0.375,150994944.0,590592,0,31,0.3744,counter,"[1, 128, 768]","[1, 128, 768]",1214.89,0.0,0.375,cpu_perf_counter,cpu
1,encoder.layer.3.attention.self.key,Linear,0.3723,0.375,150994944.0,590592,0,32,0.3729,counter,"[1, 128, 768]","[1, 128, 768]",1214.89,0.0,0.375,cpu_perf_counter,cpu
1,encoder.layer.3.attention.self.value,Linear,0.3703,0.375,150994944.0,590592,0,33,0.3709,counter,"[1, 128, 768]","[1, 128, 768]",1214.89,0.0,0.375,cpu_perf_counter,cpu
1,encoder.layer.3.attention.output.dense,Linear,0.38,0.375,150994944.0,590592,0,34,0.3806,counter,"[1, 128, 768]","[1, 128, 768]",1214.89,0.0,0.375,cpu_perf_counter,cpu
1,encoder.layer.3.attention.output.LayerNorm,LayerNorm,0.0278,0.375,491520.0,1536,0,35,0.0284,analytic,"[1, 128, 768]","[1, 128, 768]",1214.89,0.0,0.375,cpu_perf_counter,cpu
1,encoder.layer.3.intermediate.dense,Linear,1.6785,1.5,603979776.0,2362368,0,36,1.6791,counter,"[1, 128, 768]","[1, 128, 3072]",1214.89,0.0,1.5,cpu_perf_counter,cpu
1,encoder.layer.3.intermediate.intermediate_act_fn,GELUActivation,0.1339,1.5,0.0,0,0,37,0.1345,none,"[1, 128, 3072]","[1, 128, 3072]",1214.89,0.0,1.5,cpu_perf_counter,cpu
1,encoder.layer.3.output.dense,Linear,1.4966,0.375,603979776.0,2360064,0,38,1.4972,counter,"[1, 128, 3072]","[1, 128, 768]",1214.89,0.0,0.375,cpu_perf_counter,cpu
1,encoder.layer.3.output.LayerNorm,LayerNorm,0.0401,0.375,491520.0,1536,0,39,0.0407,analytic,"[1, 128, 768]","[1, 128, 768]",1214.89,0.0,0.375,cpu_perf_counter,cpu
1,encoder.layer.4.attention.self.query,Linear,0.3866,0.375,150994944.0,590592,0,40,0.3872,counter,"[1, 128, 768]","[1, 128, 768]",1214.89,0.0,0.375,cpu_perf_counter,cpu
1,encoder.layer.4.attention.self.key,Linear,0.4101,0.375,150994944.0,590592,0,41,0.4107,counter,"[1, 128, 768]","[1, 128, 768]",1214.89,0.0,0.375,cpu_perf_counter,cpu
1,encoder.layer.4.attention.self.value,Linear,0.3898,0.375,150994944.0,590592,0,42,0.3904,counter,"[1, 128, 768]","[1, 128, 768]",1214.89,0.0,0.375,cpu_perf_counter,cpu
1,encoder.layer.4.attention.output.dense,Linear,0.3817,0.375,150994944.0,590592,0,43,0.3823,counter,"[1, 128, 768]","[1, 128, 768]",1214.89,0.0,0.375,cpu_perf_counter,cpu
1,encoder.layer.4.attention.output.LayerNorm,LayerNorm,0.0308,0.375,491520.0,1536,0,44,0.0314,analytic,"[1, 128, 768]","[1, 128, 768]",1214.89,0.0,0.375,cpu_perf_counter,cpu
1,encoder.layer.4.intermediate.dense,Linear,1.7026,1.5,603979776.0,2362368,0,45,1.7032,counter,"[1, 128, 768]","[1, 128, 3072]",1214.89,0.0,1.5,cpu_perf_counter,cpu
1,encoder.layer.4.intermediate.intermediate_act_fn,GELUActivation,0.1243,1.5,0.0,0,0,46,0.1249,none,"[1, 128, 3072]","[1, 128, 3072]",1214.89,0.0,1.5,cpu_perf_counter,cpu
1,encoder.layer.4.output.dense,Linear,1.4882,0.375,603979776.0,2360064,0,47,1.4888,counter,"[1, 128, 3072]","[1, 128, 768]",1214.89,0.0,0.375,cpu_perf_counter,cpu
1,encoder.layer.4.output.LayerNorm,LayerNorm,0.0395,0.375,491520.0,1536,0,48,0.0401,analytic,"[1, 128, 768]","[1, 128, 768]",1214.89,0.0,0.375,cpu_perf_counter,cpu
1,encoder.layer.5.attention.self.query,Linear,0.4105,0.375,150994944.0,590592,0,49,0.4111,counter,"[1, 128, 768]","[1, 128, 768]",1214.89,0.0,0.375,cpu_perf_counter,cpu
1,encoder.layer.5.attention.self.key,Linear,0.3714,0.375,150994944.0,590592,0,50,0.372,counter,"[1, 128, 768]","[1, 128, 768]",1214.89,0.0,0.375,cpu_perf_counter,cpu
1,encoder.layer.5.attention.self.value,Linear,0.3858,0.375,150994944.0,590592,0,51,0.3864,counter,"[1, 128, 768]","[1, 128, 768]",1214.89,0.0,0.375,cpu_perf_counter,cpu
1,encoder.layer.5.attention.output.dense,Linear,0.3891,0.375,150994944.0,590592,0,52,0.3897,counter,"[1, 128, 768]","[1, 128, 768]",1214.89,0.0,0.375,cpu_perf_counter,cpu
1,encoder.layer.5.attention.output.LayerNorm,LayerNorm,0.0452,0.375,491520.0,1536,0,53,0.0458,analytic,"[1, 128, 768]","[1, 128, 768]",1214.89,0.0,0.375,cpu_perf_counter,cpu
1,encoder.layer.5.intermediate.dense,Linear,1.7068,1.5,603979776.0,2362368,0,54,1.7074,counter,"[1, 128, 768]","[1, 128, 3072]",1214.89,0.0,1.5,cpu_perf_counter,cpu
1,encoder.layer.5.intermediate.intermediate_act_fn,GELUActivation,0.1323,1.5,0.0,0,0,55,0.1329,none,"[1, 128, 3072]","[1, 128, 3072]",1214.89,0.0,1.5,cpu_perf_counter,cpu
1,encoder.layer.5.output.dense,Linear,1.4662,0.375,603979776.0,2360064,0,56,1.4668,counter,"[1, 128, 3072]","[1, 128, 768]",1214.89,0.0,0.375,cpu_perf_counter,cpu
1,encoder.layer.5.output.LayerNorm,LayerNorm,0.0409,0.375,491520.0,1536,0,57,0.0415,analytic,"[1, 128, 768]","[1, 128, 768]",1214.89,0.0,0.375,cpu_perf_counter,cpu
1,encoder.layer.6.attention.self.query,Linear,0.3908,0.375,150994944.0,590592,0,58,0.3914,counter,"[1, 128, 768]","[1, 128, 768]",1214.89,0.0,0.375,cpu_perf_counter,cpu
1,encoder.layer.6.attention.self.key,Linear,0.3711,0.375,150994944.0,590592,0,59,0.3717,counter,"[1, 128, 768]","[1, 128, 768]",1214.89,0.0,0.375,cpu_perf_counter,cpu
1,encoder.layer.6.attention.self.value,Linear,0.367,0.375,150994944.0,590592,0,60,0.3676,counter,"[1, 128, 768]","[1, 128, 768]",1214.89,0.0,0.375,cpu_perf_counter,cpu
1,encoder.layer.6.attention.output.dense,Linear,0.3708,0.375,150994944.0,590592,0,61,0.3714,counter,"[1, 128, 768]","[1, 128, 768]",1214.89,0.0,0.375,cpu_perf_counter,cpu
1,encoder.layer.6.attention.output.LayerNorm,LayerNorm,0.0277,0.375,491520.0,1536,0,62,0.0283,analytic,"[1, 128, 768]","[1, 128, 768]",1214.89,0.0,0.375,cpu_perf_counter,cpu
1,encoder.layer.6.intermediate.dense,Linear,1.6692,1.5,603979776.0,2362368,0,63,1.6698,counter,"[1, 128, 768]","[1, 128, 3072]",1214.89,0.0,1.5,cpu_perf_counter,cpu
1,encoder.layer.6.intermediate.intermediate_act_fn,GELUActivation,0.1255,1.5,0.0,0,0,64,0.1261,none,"[1, 128, 3072]","[1, 128, 3072]",1214.89,0.0,1.5,cpu_perf_counter,cpu
1,encoder.layer.6.output.dense,Linear,1.39,0.375,603979776.0,2360064,0,65,1.3906,counter,"[1, 128, 3072]","[1, 128, 768]",1214.89,0.0,0.375,cpu_perf_counter,cpu
1,encoder.layer.6.output.LayerNorm,LayerNorm,0.0441,0.375,491520.0,1536,0,66,0.0447,analytic,"[1, 128, 768]","[1, 128, 768]",1214.89,0.0,0.375,cpu_perf_counter,cpu
1,encoder.layer.7.attention.self.query,Linear,0.4049,0.375,150994944.0,590592,0,67,0.4055,counter,"[1, 128, 768]","[1, 128, 768]",1214.89,0.0,0.375,cpu_perf_counter,cpu
1,encoder.layer.7.attention.self.key,Linear,0.3898,0.375,150994944.0,590592,0,68,0.3904,counter,"[1, 128, 768]","[1, 128, 768]",1214.89,0.0,0.375,cpu_perf_counter,cpu
1,encoder.layer.7.attention.self.value,Linear,0.4003,0.375,150994944.0,590592,0,69,0.4009,counter,"[1, 128, 768]","[1, 128, 768]",1214.89,0.0,0.375,cpu_perf_counter,cpu
1,encoder.layer.7.attention.output.dense,Linear,0.4009,0.375,150994944.0,590592,0,70,0.4015,counter,"[1, 128, 768]","[1, 128, 768]",1214.89,0.0,0.375,cpu_perf_counter,cpu
1,encoder.layer.7.attention.output.LayerNorm,LayerNorm,0.0305,0.375,491520.0,1536,0,71,0.0311,analytic,"[1, 128, 768]","[1, 128, 768]",1214.89,0.0,0.375,cpu_perf_counter,cpu
1,encoder.layer.7.intermediate.dense,Linear,1.7083,1.5,603979776.0,2362368,0,72,1.7089,counter,"[1, 128, 768]","[1, 128, 3072]",1214.89,0.0,1.5,cpu_perf_counter,cpu
1,encoder.layer.7.intermediate.intermediate_act_fn,GELUActivation,0.1289,1.5,0.0,0,0,73,0.1295,none,"[1, 128, 3072]","[1, 128, 3072]",1214.89,0.0,1.5,cpu_perf_counter,cpu
1,encoder.layer.7.output.dense,Linear,1.5711,0.375,603979776.0,2360064,0,74,1.5717,counter,"[1, 128, 3072]","[1, 128, 768]",1214.89,0.0,0.375,cpu_perf_counter,cpu
1,encoder.layer.7.output.LayerNorm,LayerNorm,0.0456,0.375,491520.0,1536,0,75,0.0462,analytic,"[1, 128, 768]","[1, 128, 768]",1214.89,0.0,0.375,cpu_perf_counter,cpu
1,encoder.layer.8.attention.self.query,Linear,0.402,0.375,150994944.0,590592,0,76,0.4026,counter,"[1, 128, 768]","[1, 128, 768]",1214.89,0.0,0.375,cpu_perf_counter,cpu
1,encoder.layer.8.attention.self.key,Linear,0.3956,0.375,150994944.0,590592,0,77,0.3962,counter,"[1, 128, 768]","[1, 128, 768]",1214.89,0.0,0.375,cpu_perf_counter,cpu
1,encoder.layer.8.attention.self.value,Linear,0.3821,0.375,150994944.0,590592,0,78,0.3827,counter,"[1, 128, 768]","[1, 128, 768]",1214.89,0.0,0.375,cpu_perf_counter,cpu
1,encoder.layer.8.attention.output.dense,Linear,0.3938,0.375,150994944.0,590592,0,79,0.3944,counter,"[1, 128, 768]","[1, 128, 768]",1214.89,0.0,0.375,cpu_perf_counter,cpu
1,encoder.layer.8.attention.output.LayerNorm,LayerNorm,0.0309,0.375,491520.0,1536,0,80,0.0315,analytic,"[1, 128, 768]","[1, 128, 768]",1214.89,0.0,0.375,cpu_perf_counter,cpu
1,encoder.layer.8.intermediate.dense,Linear,1.8049,1.5,603979776.0,2362368,0,81,1.8055,counter,"[1, 128, 768]","[1, 128, 3072]",1214.89,0.0,1.5,cpu_perf_counter,cpu
1,encoder.layer.8.intermediate.intermediate_act_fn,GELUActivation,0.1416,1.5,0.0,0,0,82,0.1422,none,"[1, 128, 3072]","[1, 128, 3072]",1214.89,0.0,1.5,cpu_perf_counter,cpu
1,encoder.layer.8.output.dense,Linear,1.5326,0.375,603979776.0,2360064,0,83,1.5332,counter,"[1, 128, 3072]","[1, 128, 768]",1214.89,0.0,0.375,cpu_perf_counter,cpu
1,encoder.layer.8.output.LayerNorm,LayerNorm,0.0567,0.375,491520.0,1536,0,84,0.0573,analytic,"[1, 128, 768]","[1, 128, 768]",1214.89,0.0,0.375,cpu_perf_counter,cpu
1,encoder.layer.9.attention.self.query,Linear,0.4081,0.375,150994944.0,590592,0,85,0.4087,counter,"[1, 128, 768]","[1, 128, 768]",1214.89,0.0,0.375,cpu_perf_counter,cpu
1,encoder.layer.9.attention.self.key,Linear,0.3814,0.375,150994944.0,590592,0,86,0.382,counter,"[1, 128, 768]","[1, 128, 768]",1214.89,0.0,0.375,cpu_perf_counter,cpu
1,encoder.layer.9.attention.self.value,Linear,0.3782,0.375,150994944.0,590592,0,87,0.3788,counter,"[1, 128, 768]","[1, 128, 768]",1214.89,0.0,0.375,cpu_perf_counter,cpu
1,encoder.layer.9.attention.output.dense,Linear,0.3735,0.375,150994944.0,590592,0,88,0.3741,counter,"[1, 128, 768]","[1, 128, 768]",1214.89,0.0,0.375,cpu_perf_counter,cpu
1,encoder.layer.9.attention.output.LayerNorm,LayerNorm,0.0298,0.375,491520.0,1536,0,89,0.0304,analytic,"[1, 128, 768]","[1, 128, 768]",1214.89,0.0,0.375,cpu_perf_counter,cpu
1,encoder.layer.9.intermediate.dense,Linear,1.8736,1.5,603979776.0,2362368,0,90,1.8742,counter,"[1, 128, 768]","[1, 128, 3072]",1214.89,0.0,1.5,cpu_perf_counter,cpu
1,encoder.layer.9.intermediate.intermediate_act_fn,GELUActivation,0.135,1.5,0.0,0,0,91,0.1356,none,"[1, 128, 3072]","[1, 128, 3072]",1214.89,0.0,1.5,cpu_perf_counter,cpu
1,encoder.layer.9.output.dense,Linear,1.4761,0.375,603979776.0,2360064,0,92,1.4767,counter,"[1, 128, 3072]","[1, 128, 768]",1214.89,0.0,0.375,cpu_perf_counter,cpu
1,encoder.layer.9.output.LayerNorm,LayerNorm,0.0409,0.375,491520.0,1536,0,93,0.0415,analytic,"[1, 128, 768]","[1, 128, 768]",1214.89,0.0,0.375,cpu_perf_counter,cpu
1,encoder.layer.10.attention.self.query,Linear,0.3764,0.375,150994944.0,590592,0,94,0.377,counter,"[1, 128, 768]","[1, 128, 768]",1214.89,0.0,0.375,cpu_perf_counter,cpu
1,encoder.layer.10.attention.self.key,Linear,0.3627,0.375,150994944.0,590592,0,95,0.3633,counter,"[1, 128, 768]","[1, 128, 768]",1214.89,0.0,0.375,cpu_perf_counter,cpu
1,encoder.layer.10.attention.self.value,Linear,0.369,0.375,150994944.0,590592,0,96,0.3696,counter,"[1, 128, 768]","[1, 128, 768]",1214.89,0.0,0.375,cpu_perf_counter,cpu
1,encoder.layer.10.attention.output.dense,Linear,0.3806,0.375,150994944.0,590592,0,97,0.3812,counter,"[1, 128, 768]","[1, 128, 768]",1214.89,0.0,0.375,cpu_perf_counter,cpu
1,encoder.layer.10.attention.output.LayerNorm,LayerNorm,0.0294,0.375,491520.0,1536,0,98,0.03,analytic,"[1, 128, 768]","[1, 128, 768]",1214.89,0.0,0.375,cpu_perf_counter,cpu
1,encoder.layer.10.intermediate.dense,Linear,1.855,1.5,603979776.0,2362368,0,99,1.8556,counter,"[1, 128, 768]","[1, 128, 3072]",1214.89,0.0,1.5,cpu_perf_counter,cpu
1,encoder.layer.10.intermediate.intermediate_act_fn,GELUActivation,0.1848,1.5,0.0,0,0,100,0.1854,none,"[1, 128, 3072]","[1, 128, 3072]",1214.89,0.0,1.5,cpu_perf_counter,cpu
1,encoder.layer.10.output.dense,Linear,1.5282,0.375,603979776.0,2360064,0,101,1.5288,counter,"[1, 128, 3072]","[1, 128, 768]",1214.89,0.0,0.375,cpu_perf_counter,cpu
1,encoder.layer.10.output.LayerNorm,LayerNorm,0.0479,0.375,491520.0,1536,0,102,0.0485,analytic,"[1, 128, 768]","[1, 128, 768]",1214.89,0.0,0.375,cpu_perf_counter,cpu
1,encoder.layer.11.attention.self.query,Linear,0.4001,0.375,150994944.0,590592,0,103,0.4007,counter,"[1, 128, 768]","[1, 128, 768]",1214.89,0.0,0.375,cpu_perf_counter,cpu
1,encoder.layer.11.attention.self.key,Linear,0.3807,0.375,150994944.0,590592,0,104,0.3813,counter,"[1, 128, 768]","[1, 128, 768]",1214.89,0.0,0.375,cpu_perf_counter,cpu
1,encoder.layer.11.attention.self.value,Linear,0.3927,0.375,150994944.0,590592,0,105,0.3933,counter,"[1, 128, 768]","[1, 128, 768]",1214.89,0.0,0.375,cpu_perf_counter,cpu
1,encoder.layer.11.attention.output.dense,Linear,0.3921,0.375,150994944.0,590592,0,106,0.3927,counter,"[1, 128, 768]","[1, 128, 768]",1214.89,0.0,0.375,cpu_perf_counter,cpu
1,encoder.layer.11.attention.output.LayerNorm,LayerNorm,0.0343,0.375,491520.0,1536,0,107,0.0349,analytic,"[1, 128, 768]","[1, 128, 768]",1214.89,0.0,0.375,cpu_perf_counter,cpu
1,encoder.layer.11.intermediate.dense,Linear,1.6981,1.5,603979776.0,2362368,0,108,1.6987,counter,"[1, 128, 768]","[1, 128, 3072]",1214.89,0.0,1.5,cpu_perf_counter,cpu
1,encoder.layer.11.intermediate.intermediate_act_fn,GELUActivation,0.1275,1.5,0.0,0,0,109,0.1281,none,"[1, 128, 3072]","[1, 128, 3072]",1214.89,0.0,1.5,cpu_perf_counter,cpu
1,encoder.layer.11.output.dense,Linear,1.4581,0.375,603979776.0,2360064,0,110,1.4587,counter,"[1, 128, 3072]","[1, 128, 768]",1214.89,0.0,0.375,cpu_perf_counter,cpu
1,encoder.layer.11.output.LayerNorm,LayerNorm,0.0391,0.375,491520.0,1536,0,111,0.0397,analytic,"[1, 128, 768]","[1, 128, 768]",1214.89,0.0,0.375,cpu_perf_counter,cpu
1,pooler.dense,Linear,0.1145,0.00293,1179648.0,590592,0,112,0.1151,counter,"[1, 768]","[1, 768]",1214.89,0.0,0.003,cpu_perf_counter,cpu
1,pooler.activation,Tanh,0.0148,0.00293,3072.0,0,0,113,0.0154,analytic,"[1, 768]","[1, 768]",1214.89,0.0,0.003,cpu_perf_counter,cpu
2,embeddings.word_embeddings,Embedding,0.0474,0.375,0.0,23440896,0,0,0.048,none,"[1, 128]","[1, 128, 768]",1214.89,0.0,0.375,cpu_perf_counter,cpu
2,embeddings.token_type_embeddings,Embedding,0.0191,0.375,0.0,1536,0,1,0.0197,none,"[1, 128]","[1, 128, 768]",1214.89,0.0,0.375,cpu_perf_counter,cpu
2,embeddings.position_embeddings,Embedding,0.0189,0.375,0.0,393216,0,2,0.0195,none,"[1, 128]","[1, 128, 768]",1214.89,0.0,0.375,cpu_perf_counter,cpu
2,embeddings.LayerNorm,LayerNorm,0.0238,0.375,491520.0,1536,0,3,0.0244,analytic,"[1, 128, 768]","[1, 128, 768]",1214.89,0.0,0.375,cpu_perf_counter,cpu
2,encoder.layer.0.attention.self.query,Linear,0.4046,0.375,150994944.0,590592,0,4,0.4052,counter,"[1, 128, 768]","[1, 128, 768]",1214.89,0.0,0.375,cpu_perf_counter,cpu
2,encoder.layer.0.attention.self.key,Linear,0.3845,0.375,150994944.0,590592,0,5,0.3851,counter,"[1, 128, 768]","[1, 128, 768]",1214.89,0.0,0.375,cpu_perf_counter,cpu
2,encoder.layer.0.attention.self.value,Linear,0.386,0.375,150994944.0,590592,0,6,0.3866,counter,"[1, 128, 768]","[1, 128, 768]",1214.89,0.0,0.375,cpu_perf_counter,cpu
2,encoder.layer.0.attention.output.dense,Linear,0.3846,0.375,150994944.0,590592,0,7,0.3852,counter,"[1, 128, 768]","[1, 128, 768]",1214.89,0.0,0.375,cpu_perf_counter,cpu
2,encoder.layer.0.attention.output.LayerNorm,LayerNorm,0.0306,0.375,491520.0,1536,0,8,0.0312,analytic,"[1, 128, 768]","[1, 128, 768]",1214.89,0.0,0.375,cpu_perf_counter,cpu
2,encoder.layer.0.intermediate.dense,Linear,1.7811,1.5,603979776.0,2362368,0,9,1.7817,counter,"[1, 128, 768]","[1, 128, 3072]",1214.89,0.0,1.5,cpu_perf_counter,cpu
2,encoder.layer.0.intermediate.intermediate_act_fn,GELUActivation,0.1512,1.5,0.0,0,0,10,0.1518,none,"[1, 128, 3072]","[1, 128, 3072]",1214.89,0.0,1.5,cpu_perf_counter,cpu
2,encoder.layer.0.output.dense,Linear,1.4985,0.375,603979776.0,2360064,0,11,1.4991,counter,"[1, 128, 3072]","[1, 128, 768]",1214.89,0.0,0.375,cpu_perf_counter,cpu
2,encoder.layer.0.output.LayerNorm,LayerNorm,0.0452,0.375,491520.0,1536,0,12,0.0458,analytic,"[1, 128, 768]","[1, 128, 768]",1214.89,0.0,0.375,cpu_perf_counter,cpu
2,encoder.layer.1.attention.self.query,Linear,0.4389,0.375,150994944.0,590592,0,13,0.4395,counter,"[1, 128, 768]","[1, 128, 768]",1214.89,0.0,0.375,cpu_perf_counter,cpu
2,encoder.layer.1.attention.self.key,Linear,0.3741,0.375,150994944.0,590592,0,14,0.3747,counter,"[1, 128, 768]","[1, 128, 768]",1214.89,0.0,0.375,cpu_perf_counter,cpu
2,encoder.layer.1.attention.self.value,Linear,0.3881,0.375,150994944.0,590592,0,15,0.3887,counter,"[1, 128, 768]","[1, 128, 768]",1214.89,0.0,0.375,cpu_perf_counter,cpu
2,encoder.layer.1.attention.output.dense,Linear,0.4081,0.375,150994944.0,590592,0,16,0.4087,counter,"[1, 128, 768]","[1, 128, 768]",1214.89,0.0,0.375,cpu_perf_counter,cpu
2,encoder.layer.1.attention.output.LayerNorm,LayerNorm,0.0365,0.375,491520.0,1536,0,17,0.0371,analytic,"[1, 128, 768]","[1, 128, 768]",1214.89,0.0,0.375,cpu_perf_counter,cpu
2,encoder.layer.1.intermediate.dense,Linear,2.0369,1.5,603979776.0,2362368,0,18,2.0375,counter,"[1, 128, 768]","[1, 128, 3072]",1214.89,0.0,1.5,cpu_perf_counter,cpu
2,encoder.layer.1.intermediate.intermediate_act_fn,GELUActivation,0.1594,1.5,0.0,0,0,19,0.16,none,"[1, 128, 3072]","[1, 128, 3072]",1214.89,0.0,1.5,cpu_perf_counter,cpu
2,encoder.layer.1.output.dense,Linear,1.5942,0.375,603979776.0,2360064,0,20,1.5948,counter,"[1, 128, 3072]","[1, 128, 768]",1214.89,0.0,0.375,cpu_perf_counter,cpu
2,encoder.layer.1.output.LayerNorm,LayerNorm,0.0468,0.375,491520.0,1536,0,21,0.0474,analytic,"[1, 128, 768]","[1, 128, 768]",1214.89,0.0,0.375,cpu_perf_counter,cpu
2,encoder.layer.2.attention.self.query,Linear,0.4008,0.375,150994944.0,590592,0,22,0.4014,counter,"[1, 128, 768]","[1, 128, 768]",1214.89,0.0,0.375,cpu_perf_counter,cpu
2,encoder.layer.2.attention.self.key,Linear,0.3965,0.375,150994944.0,590592,0,23,0.3971,counter,"[1, 128, 768]","[1, 128, 768]",1214.89,0.0,0.375,cpu_perf_counter,cpu
2,encoder.layer.2.attention.self.value,Linear,0.3957,0.375,150994944.0,590592,0,24,0.3963,counter,"[1, 128, 768]","[1, 128, 768]",1214.89,0.0,0.375,cpu_perf_counter,cpu
2,encoder.layer.2.attention.output.dense,Linear,0.3948,0.375,150994944.0,590592,0,25,0.3954,counter,"[1, 128, 768]","[1, 128, 768]",1214.89,0.0,0.375,cpu_perf_counter,cpu
2,encoder.layer.2.attention.output.LayerNorm,LayerNorm,0.0345,0.375,491520.0,1536,0,26,0.0351,analytic,"[1, 128, 768]","[1, 128, 768]",1214.89,0.0,0.375,cpu_perf_counter,cpu
2,encoder.layer.2.intermediate.dense,Linear,1.9286,1.5,603979776.0,2362368,0,27,1.9292,counter,"[1, 128, 768]","[1, 128, 3072]",1214.89,0.0,1.5,cpu_perf_counter,cpu
2,encoder.layer.2.intermediate.intermediate_act_fn,GELUActivation,0.1551,1.5,0.0,0,0,28,0.1557,none,"[1, 128, 3072]","[1, 128, 3072]",1214.89,0.0,1.5,cpu_perf_counter,cpu
2,encoder.layer.2.output.dense,Linear,1.4996,0.375,603979776.0,2360064,0,29,1.5002,counter,"[1, 128, 3072]","[1, 128, 768]",1214.89,0.0,0.375,cpu_perf_counter,cpu
2,encoder.layer.2.output.LayerNorm,LayerNorm,0.0504,0.375,491520.0,1536,0,30,0.051,analytic,"[1, 128, 768]","[1, 128, 768]",1214.89,0.0,0.375,cpu_perf_counter,cpu
2,encoder.layer.3.attention.self.query,Linear,0.4051,0.375,150994944.0,590592,0,31,0.4057,counter,"[1, 128, 768]","[1, 128, 768]",1214.89,0.0,0.375,cpu_perf_counter,cpu
2,encoder.layer.3.attention.self.key,Linear,0.3811,0.375,150994944.0,590592,0,32,0.3817,counter,"[1, 128, 768]","[1, 128, 768]",1214.89,0.0,0.375,cpu_perf_counter,cpu
2,encoder.layer.3.attention.self.value,Linear,0.4014,0.375,150994944.0,590592,0,33,0.402,counter,"[1, 128, 768]","[1, 128, 768]",1214.89,0.0,0.375,cpu_perf_counter,cpu
2,encoder.layer.3.attention.output.dense,Linear,0.3876,0.375,150994944.0,590592,0,34,0.3882,counter,"[1, 128, 768]","[1, 128, 768]",1214.89,0.0,0.375,cpu_perf_counter,cpu
2,encoder.layer.3.attention.output.LayerNorm,LayerNorm,0.0263,0.375,491520.0,1536,0,35,0.0269,analytic,"[1, 128, 768]","[1, 128, 768]",1214.89,0.0,0.375,cpu_perf_counter,cpu
2,encoder.layer.3.intermediate.dense,Linear,1.7155,1.5,603979776.0,2362368,0,36,1.7161,counter,"[1, 128, 768]","[1, 128, 3072]",1214.89,0.0,1.5,cpu_perf_counter,cpu
2,encoder.layer.3.intermediate.intermediate_act_fn,GELUActivation,0.1319,1.5,0.0,0,0,37,0.1325,none,"[1, 128, 3072]","[1, 128, 3072]",1214.89,0.0,1.5,cpu_perf_counter,cpu
2,encoder.layer.3.output.dense,Linear,1.6272,0.375,603979776.0,2360064,0,38,1.6278,counter,"[1, 128, 3072]","[1, 128, 768]",1214.89,0.0,0.375,cpu_perf_counter,cpu
2,encoder.layer.3.output.LayerNorm,LayerNorm,0.0398,0.375,491520.0,1536,0,39,0.0404,analytic,"[1, 128, 768]","[1, 128, 768]",1214.89,0.0,0.375,cpu_perf_counter,cpu
2,encoder.layer.4.attention.self.query,Linear,0.3876,0.375,150994944.0,590592,0,40,0.3882,counter,"[1, 128, 768]","[1, 128, 768]",1214.89,0.0,0.375,cpu_perf_counter,cpu
2,encoder.layer.4.attention.self.key,Linear,0.4007,0.375,150994944.0,590592,0,41,0.4013,counter,"[1, 128, 768]","[1, 128, 768]",1214.89,0.0,0.375,cpu_perf_counter,cpu
2,encoder.layer.4.attention.self.value,Linear,0.372,0.375,150994944.0,590592,0,42,0.3726,counter,"[1, 128, 768]","[1, 128, 768]",1214.89,0.0,0.375,cpu_perf_counter,cpu
2,encoder.layer.4.attention.output.dense,Linear,0.3761,0.375,150994944.0,590592,0,43,0.3767,counter,"[1, 128, 768]","[1, 128, 768]",1214.89,0.0,0.375,cpu_perf_counter,cpu
2,encoder.layer.4.attention.output.LayerNorm,LayerNorm,0.0305,0.375,491520.0,1536,0,44,0.0311,analytic,"[1, 128, 768]","[1, 128, 768]",1214.89,0.0,0.375,cpu_perf_counter,cpu
2,encoder.layer.4.intermediate.dense,Linear,1.7136,1.5,603979776.0,2362368,0,45,1.7142,counter,"[1, 128, 768]","[1, 128, 3072]",1214.89,0.0,1.5,cpu_perf_counter,cpu
2,encoder.layer.4.intermediate.intermediate_act_fn,GELUActivation,0.1305,1.5,0.0,0,0,46,0.1311,none,"[1, 128, 3072]","[1, 128, 3072]",1214.89,0.0,1.5,cpu_perf_counter,cpu
2,encoder.layer.4.output.dense,Linear,1.4582,0.375,603979776.0,2360064,0,47,1.4588,counter,"[1, 128, 3072]","[1, 128, 768]",1214.89,0.0,0.375,cpu_perf_counter,cpu
2,encoder.layer.4.output.LayerNorm,LayerNorm,0.0561,0.375,491520.0,1536,0,48,0.0567,analytic,"[1, 128, 768]","[1, 128, 768]",1214.89,0.0,0.375,cpu_perf_counter,cpu
2,encoder.layer.5.attention.self.query,Linear,0.4028,0.375,150994944.0,590592,0,49,0.4034,counter,"[1, 128, 768]","[1, 128, 768]",1214.89,0.0,0.375,cpu_perf_counter,cpu
2,encoder.layer.5.attention.self.key,Linear,0.3847,0.375,150994944.0,590592,0,50,0.3853,counter,"[1, 128, 768]","[1, 128, 768]",1214.89,0.0,0.375,cpu_perf_counter,cpu
2,encoder.layer.5.attention.self.value,Linear,0.3812,0.375,150994944.0,590592,0,51,0.3818,counter,"[1, 128, 768]","[1, 128, 768]",1214.89,0.0,0.375,cpu_perf_counter,cpu
2,encoder.layer.5.attention.output.dense,Linear,0.4,0.375,150994944.0,590592,0,52,0.4006,counter,"[1, 128, 768]","[1, 128, 768]",1214.89,0.0,0.375,cpu_perf_counter,cpu
2,encoder.layer.5.attention.output.LayerNorm,LayerNorm,0.0397,0.375,491520.0,1536,0,53,0.0403,analytic,"[1, 128, 768]","[1, 128, 768]",1214.89,0.0,0.375,cpu_perf_counter,cpu
2,encoder.layer.5.intermediate.dense,Linear,1.8134,1.5,603979776.0,2362368,0,54,1.814,counter,"[1, 128, 768]","[1, 128, 3072]",1214.89,0.0,1.5,cpu_perf_counter,cpu
2,encoder.layer.5.intermediate.intermediate_act_fn,GELUActivation,0.1549,1.5,0.0,0,0,55,0.1555,none,"[1, 128, 3072]","[1, 128, 3072]",1214.89,0.0,1.5,cpu_perf_counter,cpu
2,encoder.layer.5.output.dense,Linear,1.5171,0.375,603979776.0,2360064,0,56,1.5177,counter,"[1, 128, 3072]","[1, 128, 768]",1214.89,0.0,0.375,cpu_perf_counter,cpu
2,encoder.layer.5.output.LayerNorm,LayerNorm,0.0453,0.375,491520.0,1536,0,57,0.0459,analytic,"[1, 128, 768]","[1, 128, 768]",1214.89,0.0,0.375,cpu_perf_counter,cpu
2,encoder.layer.6.attention.self.query,Linear,0.3913,0.375,150994944.0,590592,0,58,0.3919,counter,"[1, 128, 768]","[1, 128, 768]",1214.89,0.0,0.375,cpu_perf_counter,cpu
2,encoder.layer.6.attention.self.key,Linear,0.3951,0.375,150994944.0,590592,0,59,0.3957,counter,"[1, 128, 768]","[1, 128, 768]",1214.89,0.0,0.375,cpu_perf_counter,cpu
2,encoder.layer.6.attention.self.value,Linear,0.3778,0.375,150994944.0,590592,0,60,0.3784,counter,"[1, 128, 768]","[1, 128, 768]",1214.89,0.0,0.375,cpu_perf_counter,cpu
2,encoder.layer.6.attention.output.dense,Linear,0.3858,0.375,150994944.0,590592,0,61,0.3864,counter,"[1, 128, 768]","[1, 128, 768]",1214.89,0.0,0.375,cpu_perf_counter,cpu
2,encoder.layer.6.attention.output.LayerNorm,LayerNorm,0.0348,0.375,491520.0,1536,0,62,0.0354,analytic,"[1, 128, 768]","[1, 128, 768]",1214.89,0.0,0.375,cpu_perf_counter,cpu
2,encoder.layer.6.intermediate.dense,Linear,1.8145,1.5,603979776.0,2362368,0,63,1.8151,counter,"[1, 128, 768]","[1, 128, 3072]",1214.89,0.0,1.5,cpu_perf_counter,cpu
2,encoder.layer.6.intermediate.intermediate_act_fn,GELUActivation,0.1525,1.5,0.0,0,0,64,0.1531,none,"[1, 128, 3072]","[1, 128, 3072]",1214.89,0.0,1.5,cpu_perf_counter,cpu
2,encoder.layer.6.output.dense,Linear,1.4872,0.375,603979776.0,2360064,0,65,1.4878,counter,"[1, 128, 3072]","[1, 128, 768]",1214.89,0.0,0.375,cpu_perf_counter,cpu
2,encoder.layer.6.output.LayerNorm,LayerNorm,0.046,0.375,491520.0,1536,0,66,0.0466,analytic,"[1, 128, 768]","[1, 128, 768]",1214.89,0.0,0.375,cpu_perf_counter,cpu
2,encoder.layer.7.attention.self.query,Linear,0.3903,0.375,150994944.0,590592,0,67,0.3909,counter,"[1, 128, 768]","[1, 128, 768]",1214.89,0.0,0.375,cpu_perf_counter,cpu
2,encoder.layer.7.attention.self.key,Linear,0.3753,0.375,150994944.0,590592,0,68,0.3759,counter,"[1, 128, 768]","[1, 128, 768]",1214.89,0.0,0.375,cpu_perf_counter,cpu
2,encoder.layer.7.attention.self.value,Linear,0.3948,0.375,150994944.0,590592,0,69,0.3954,counter,"[1, 128, 768]","[1, 128, 768]",1214.89,0.0,0.375,cpu_perf_counter,cpu
2,encoder.layer.7.attention.output.dense,Linear,0.3865,0.375,150994944.0,590592,0,70,0.3871,counter,"[1, 128, 768]","[1, 128, 768]",1214.89,0.0,0.375,cpu_perf_counter,cpu
2,encoder.layer.7.attention.output.LayerNorm,LayerNorm,0.0314,0.375,491520.0,1536,0,71,0.032,analytic,"[1, 128, 768]","[1, 128, 768]",1214.89,0.0,0.375,cpu_perf_counter,cpu
2,encoder.layer.7.intermediate.dense,Linear,1.8504,1.5,603979776.0,2362368,0,72,1.851,counter,"[1, 128, 768]","[1, 128, 3072]",1214.89,0.0,1.5,cpu_perf_counter,cpu
2,encoder.layer.7.intermediate.intermediate_act_fn,GELUActivation,0.153,1.5,0.0,0,0,73,0.1536,none,"[1, 128, 3072]","[1, 128, 3072]",1214.89,0.0,1.5,cpu_perf_counter,cpu
2,encoder.layer.7.output.dense,Linear,1.4499,0.375,603979776.0,2360064,0,74,1.4505,counter,"[1, 128, 3072]","[1, 128, 768]",1214.89,0.0,0.375,cpu_perf_counter,cpu
2,encoder.layer.7.output.LayerNorm,LayerNorm,0.0452,0.375,491520.0,1536,0,75,0.0458,analytic,"[1, 128, 768]","[1, 128, 768]",1214.89,0.0,0.375,cpu_perf_counter,cpu
2,encoder.layer.8.attention.self.query,Linear,0.3965,0.375,150994944.0,590592,0,76,0.3971,counter,"[1, 128, 768]","[1, 128, 768]",1214.89,0.0,0.375,cpu_perf_counter,cpu
2,encoder.layer.8.attention.self.key,Linear,0.3806,0.375,150994944.0,590592,0,77,0.3812,counter,"[1, 128, 768]","[1, 128, 768]",1214.89,0.0,0.375,cpu_perf_counter,cpu
2,encoder.layer.8.attention.self.value,Linear,0.3744,0.375,150994944.0,590592,0,78,0.375,counter,"[1, 128, 768]","[1, 128, 768]",1214.89,0.0,0.375,cpu_perf_counter,cpu
2,encoder.layer.8.attention.output.dense,Linear,0.3892,0.375,150994944.0,590592,0,79,0.3898,counter,"[1, 128, 768]","[1, 128, 768]",1214.89,0.0,0.375,cpu_perf_counter,cpu
2,encoder.layer.8.attention.output.LayerNorm,LayerNorm,0.0328,0.375,491520.0,1536,0,80,0.0334,analytic,"[1, 128, 768]","[1, 128, 768]",1214.89,0.0,0.375,cpu_perf_counter,cpu
2,encoder.layer.8.intermediate.dense,Linear,1.8406,1.5,603979776.0,2362368,0,81,1.8412,counter,"[1, 128, 768]","[1, 128, 3072]",1214.89,0.0,1.5,cpu_perf_counter,cpu
2,encoder.layer.8.intermediate.intermediate_act_fn,GELUActivation,0.1398,1.5,0.0,0,0,82,0.1404,none,"[1, 128, 3072]","[1, 128, 3072]",1214.89,0.0,1.5,cpu_perf_counter,cpu
2,encoder.layer.8.output.dense,Linear,1.4962,0.375,603979776.0,2360064,0,83,1.4968,counter,"[1, 128, 3072]","[1, 128, 768]",1214.89,0.0,0.375,cpu_perf_counter,cpu
2,encoder.layer.8.output.LayerNorm,LayerNorm,0.0456,0.375,491520.0,1536,0,84,0.0462,analytic,"[1, 128, 768]","[1, 128, 768]",1214.89,0.0,0.375,cpu_perf_counter,cpu
2,encoder.layer.9.attention.self.query,Linear,0.3868,0.375,150994944.0,590592,0,85,0.3874,counter,"[1, 128, 768]","[1, 128, 768]",1214.89,0.0,0.375,cpu_perf_counter,cpu
2,encoder.layer.9.attention.self.key,Linear,0.3745,0.375,150994944.0,590592,0,86,0.3751,counter,"[1, 128, 768]","[1, 128, 768]",1214.89,0.0,0.375,cpu_perf_counter,cpu
2,encoder.layer.9.attention.self.value,Linear,0.375,0.375,150994944.0,590592,0,87,0.3756,counter,"[1, 128, 768]","[1, 128, 768]",1214.89,0.0,0.375,cpu_perf_counter,cpu
2,encoder.layer.9.attention.output.dense,Linear,0.3973,0.375,150994944.0,590592,0,88,0.3979,counter,"[1, 128, 768]","[1, 128, 768]",1214.89,0.0,0.375,cpu_perf_counter,cpu
2,encoder.layer.9.attention.output.LayerNorm,LayerNorm,0.037,0.375,491520.0,1536,0,89,0.0376,analytic,"[1, 128, 768]","[1, 128, 768]",1214.89,0.0,0.375,cpu_perf_counter,cpu
2,encoder.layer.9.intermediate.dense,Linear,2.0313,1.5,603979776.0,2362368,0,90,2.0319,counter,"[1, 128, 768]","[1, 128, 3072]",1214.89,0.0,1.5,cpu_perf_counter,cpu
2,encoder.layer.9.intermediate.intermediate_act_fn,GELUActivation,0.1561,1.5,0.0,0,0,91,0.1567,none,"[1, 128, 3072]","[1, 128, 3072]",1214.89,0.0,1.5,cpu_perf_counter,cpu
2,encoder.layer.9.output.dense,Linear,1.5103,0.375,603979776.0,2360064,0,92,1.5109,counter,"[1, 128, 3072]","[1, 128, 768]",1214.89,0.0,0.375,cpu_perf_counter,cpu
2,encoder.layer.9.output.LayerNorm,LayerNorm,0.0466,0.375,491520.0,1536,0,93,0.0472,analytic,"[1, 128, 768]","[1, 128, 768]",1214.89,0.0,0.375,cpu_perf_counter,cpu
2,encoder.layer.10.attention.self.query,Linear,0.3897,0.375,150994944.0,590592,0,94,0.3903,counter,"[1, 128, 768]","[1, 128, 768]",1214.89,0.0,0.375,cpu_perf_counter,cpu
2,encoder.layer.10.attention.self.key,Linear,0.3722,0.375,150994944.0,590592,0,95,0.3728,counter,"[1, 128, 768]","[1, 128, 768]",1214.89,0.0,0.375,cpu_perf_counter,cpu
2,encoder.layer.10.attention.self.value,Linear,0.3816,0.375,150994944.0,590592,0,96,0.3822,counter,"[1, 128, 768]","[1, 128, 768]",1214.89,0.0,0.375,cpu_perf_counter,cpu
2,encoder.layer.10.attention.output.dense,Linear,0.3897,0.375,150994944.0,590592,0,97,0.3903,counter,"[1, 128, 768]","[1, 128, 768]",1214.89,0.0,0.375,cpu_perf_counter,cpu
2,encoder.layer.10.attention.output.LayerNorm,LayerNorm,0.0345,0.375,491520.0,1536,0,98,0.0351,analytic,"[1, 128, 768]","[1, 128, 768]",1214.89,0.0,0.375,cpu_perf_counter,cpu
2,encoder.layer.10.intermediate.dense,Linear,1.9084,1.5,603979776.0,2362368,0,99,1.909,counter,"[1, 128, 768]","[1, 128, 3072]",1214.89,0.0,1.5,cpu_perf_counter,cpu
2,encoder.layer.10.intermediate.intermediate_act_fn,GELUActivation,0.179,1.5,0.0,0,0,100,0.1796,none,"[1, 128, 3072]","[1, 128, 3072]",1214.89,0.0,1.5,cpu_perf_counter,cpu
2,encoder.layer.10.output.dense,Linear,1.4549,0.375,603979776.0,2360064,0,101,1.4555,counter,"[1, 128, 3072]","[1, 128, 768]",1214.89,0.0,0.375,cpu_perf_counter,cpu
2,encoder.layer.10.output.LayerNorm,LayerNorm,0.042,0.375,491520.0,1536,0,102,0.0426,analytic,"[1, 128, 768]","[1, 128, 768]",1214.89,0.0,0.375,cpu_perf_counter,cpu
2,encoder.layer.11.attention.self.query,Linear,0.3847,0.375,150994944.0,590592,0,103,0.3853,counter,"[1, 128, 768]","[1, 128, 768]",1214.89,0.0,0.375,cpu_perf_counter,cpu
2,encoder.layer.11.attention.self.key,Linear,0.3754,0.375,150994944.0,590592,0,104,0.376,counter,"[1, 128, 768]","[1, 128, 768]",1214.89,0.0,0.375,cpu_perf_counter,cpu
2,encoder.layer.11.attention.self.value,Linear,0.3744,0.375,150994944.0,590592,0,105,0.375,counter,"[1, 128, 768]","[1, 128, 768]",1214.89,0.0,0.375,cpu_perf_counter,cpu
2,encoder.layer.11.attention.output.dense,Linear,0.3848,0.375,150994944.0,590592,0,106,0.3854,counter,"[1, 128, 768]","[1, 128, 768]",1214.89,0.0,0.375,cpu_perf_counter,cpu
2,encoder.layer.11.attention.output.LayerNorm,LayerNorm,0.0311,0.375,491520.0,1536,0,107,0.0317,analytic,"[1, 128, 768]","[1, 128, 768]",1214.89,0.0,0.375,cpu_perf_counter,cpu
2,encoder.layer.11.intermediate.dense,Linear,1.7209,1.5,603979776.0,2362368,0,108,1.7215,counter,"[1, 128, 768]","[1, 128, 3072]",1214.89,0.0,1.5,cpu_perf_counter,cpu
2,encoder.layer.11.intermediate.intermediate_act_fn,GELUActivation,0.1316,1.5,0.0,0,0,109,0.1322,none,"[1, 128, 3072]","[1, 128, 3072]",1214.89,0.0,1.5,cpu_perf_counter,cpu
2,encoder.layer.11.output.dense,Linear,1.49,0.375,603979776.0,2360064,0,110,1.4906,counter,"[1, 128, 3072]","[1, 128, 768]",1214.89,0.0,0.375,cpu_perf_counter,cpu
2,encoder.layer.11.output.LayerNorm,LayerNorm,0.0471,0.375,491520.0,1536,0,111,0.0477,analytic,"[1, 128, 768]","[1, 128, 768]",1214.89,0.0,0.375,cpu_perf_counter,cpu
2,pooler.dense,Linear,0.134,0.00293,1179648.0,590592,0,112,0.1346,counter,"[1, 768]","[1, 768]",1214.89,0.0,0.003,cpu_perf_counter,cpu
2,pooler.activation,Tanh,0.0155,0.00293,3072.0,0,0,113,0.0161,analytic,"[1, 768]","[1, 768]",1214.89,0.0,0.003,cpu_perf_counter,cpu
3,embeddings.word_embeddings,Embedding,0.0492,0.375,0.0,23440896,0,0,0.0498,none,"[1, 128]","[1, 128, 768]",1214.89,0.0,0.375,cpu_perf_counter,cpu
3,embeddings.token_type_embeddings,Embedding,0.0196,0.375,0.0,1536,0,1,0.0202,none,"[1, 128]","[1, 128, 768]",1214.89,0.0,0.375,cpu_perf_counter,cpu
3,embeddings.position_embeddings,Embedding,0.0193,0.375,0.0,393216,0,2,0.0199,none,"[1, 128]","[1, 128, 768]",1214.89,0.0,0.375,cpu_perf_counter,cpu
3,embeddings.LayerNorm,LayerNorm,0.0249,0.375,491520.0,1536,0,3,0.0255,analytic,"[1, 128, 768]","[1, 128, 768]",1214.89,0.0,0.375,cpu_perf_counter,cpu
3,encoder.layer.0.attention.self.query,Linear,0.3739,0.375,150994944.0,590592,0,4,0.3745,counter,"[1, 128, 768]","[1, 128, 768]",1214.89,0.0,0.375,cpu_perf_counter,cpu
3,encoder.layer.0.attention.self.key,Linear,0.3569,0.375,150994944.0,590592,0,5,0.3575,counter,"[1, 128, 768]","[1, 128, 768]",1214.89,0.0,0.375,cpu_perf_counter,cpu
3,encoder.layer.0.attention.self.value,Linear,0.3613,0.375,150994944.0,590592,0,6,0.3619,counter,"[1, 128, 768]","[1, 128, 768]",1214.89,0.0,0.375,cpu_perf_counter,cpu
3,encoder.layer.0.attention.output.dense,Linear,0.3739,0.375,150994944.0,590592,0,7,0.3745,counter,"[1, 128, 768]","[1, 128, 768]",1214.89,0.0,0.375,cpu_perf_counter,cpu
3,encoder.layer.0.attention.output.LayerNorm,LayerNorm,0.026,0.375,491520.0,1536,0,8,0.0266,analytic,"[1, 128, 768]","[1, 128, 768]",1214.89,0.0,0.375,cpu_perf_counter,cpu
3,encoder.layer.0.intermediate.dense,Linear,1.844,1.5,603979776.0,2362368,0,9,1.8446,counter,"[1, 128, 768]","[1, 128, 3072]",1214.89,0.0,1.5,cpu_perf_counter,cpu
3,encoder.layer.0.intermediate.intermediate_act_fn,GELUActivation,0.1733,1.5,0.0,0,0,10,0.1739,none,"[1, 128, 3072]","[1, 128, 3072]",1214.89,0.0,1.5,cpu_perf_counter,cpu
3,encoder.layer.0.output.dense,Linear,1.5005,0.375,603979776.0,2360064,0,11,1.5011,counter,"[1, 128, 3072]","[1, 128, 768]",1214.89,0.0,0.375,cpu_perf_counter,cpu
3,encoder.layer.0.output.LayerNorm,LayerNorm,0.0489,0.375,491520.0,1536,0,12,0.0495,analytic,"[1, 128, 768]","[1, 128, 768]",1214.89,0.0,0.375,cpu_perf_counter,cpu
3,encoder.layer.1.attention.self.query,Linear,0.4758,0.375,150994944.0,590592,0,13,0.4764,counter,"[1, 128, 768]","[1, 128, 768]",1214.89,0.0,0.375,cpu_perf_counter,cpu
3,encoder.layer.1.attention.self.key,Linear,0.3754,0.375,150994944.0,590592,0,14,0.376,counter,"[1, 128, 768]","[1, 128, 768]",1214.89,0.0,0.375,cpu_perf_counter,cpu
3,encoder.layer.1.attention.self.value,Linear,0.4094,0.375,150994944.0,590592,0,15,0.41,counter,"[1, 128, 768]","[1, 128, 768]",1214.89,0.0,0.375,cpu_perf_counter,cpu
3,encoder.layer.1.attention.output.dense,Linear,0.3957,0.375,150994944.0,590592,0,16,0.3963,counter,"[1, 128, 768]","[1, 128, 768]",1214.89,0.0,0.375,cpu_perf_counter,cpu
3,encoder.layer.1.attention.output.LayerNorm,LayerNorm,0.0344,0.375,491520.0,1536,0,17,0.035,analytic,"[1, 128, 768]","[1, 128, 768]",1214.89,0.0,0.375,cpu_perf_counter,cpu
3,encoder.layer.1.intermediate.dense,Linear,1.7001,1.5,603979776.0,2362368,0,18,1.7007,counter,"[1, 128, 768]","[1, 128, 3072]",1214.89,0.0,1.5,cpu_perf_counter,cpu
3,encoder.layer.1.intermediate.intermediate_act_fn,GELUActivation,0.1484,1.5,0.0,0,0,19,0.149,none,"[1, 128, 3072]","[1, 128, 3072]",1214.89,0.0,1.5,cpu_perf_counter,cpu
3,encoder.layer.1.output.dense,Linear,1.4982,0.375,603979776.0,2360064,0,20,1.4988,counter,"[1, 128, 3072]","[1, 128, 768]",1214.89,0.0,0.375,cpu_perf_counter,cpu
3,encoder.layer.1.output.LayerNorm,LayerNorm,0.0456,0.375,491520.0,1536,0,21,0.0462,analytic,"[1, 128, 768]","[1, 128, 768]",1214.89,0.0,0.375,cpu_perf_counter,cpu
3,encoder.layer.2.attention.self.query,Linear,0.3923,0.375,150994944.0,590592,0,22,0.3929,counter,"[1, 128, 768]","[1, 128, 768]",1214.89,0.0,0.375,cpu_perf_counter,cpu
3,encoder.layer.2.attention.self.key,Linear,0.3752,0.375,150994944.0,590592,0,23,0.3758,counter,"[1, 128, 768]","[1, 128, 768]",1214.89,0.0,0.375,cpu_perf_counter,cpu
3,encoder.layer.2.attention.self.value,Linear,0.3742,0.375,150994944.0,590592,0,24,0.3748,counter,"[1, 128, 768]","[1, 128, 768]",1214.89,0.0,0.375,cpu_perf_counter,cpu
3,encoder.layer.2.attention.output.dense,Linear,0.3885,0.375,150994944.0,590592,0,25,0.3891,counter,"[1, 128, 768]","[1, 128, 768]",1214.89,0.0,0.375,cpu_perf_counter,cpu
3,encoder.layer.2.attention.output.LayerNorm,LayerNorm,0.0366,0.375,491520.0,1536,0,26,0.0372,analytic,"[1, 128, 768]","[1, 128, 768]",1214.89,0.0,0.375,cpu_perf_counter,cpu
3,encoder.layer.2.intermediate.dense,Linear,1.7811,1.5,603979776.0,2362368,0,27,1.7817,counter,"[1, 128, 768]","[1, 128, 3072]",1214.89,0.0,1.5,cpu_perf_counter,cpu
3,encoder.layer.2.intermediate.intermediate_act_fn,GELUActivation,0.1559,1.5,0.0,0,0,28,0.1565,none,"[1, 128, 3072]","[1, 128, 3072]",1214.89,0.0,1.5,cpu_perf_counter,cpu
3,encoder.layer.2.output.dense,Linear,1.4803,0.375,603979776.0,2360064,0,29,1.4809,counter,"[1, 128, 3072]","[1, 128, 768]",1214.89,0.0,0.375,cpu_perf_counter,cpu
3,encoder.layer.2.output.LayerNorm,LayerNorm,0.0451,0.375,491520.0,1536,0,30,0.0457,analytic,"[1, 128, 768]","[1, 128, 768]",1214.89,0.0,0.375,cpu_perf_counter,cpu
3,encoder.layer.3.attention.self.query,Linear,0.3911,0.375,150994944.0,590592,0,31,0.3917,counter,"[1, 128, 768]","[1, 128, 768]",1214.89,0.0,0.375,cpu_perf_counter,cpu
3,encoder.layer.3.attention.self.key,Linear,0.3698,0.375,150994944.0,590592,0,32,0.3704,counter,"[1, 128, 768]","[1, 128, 768]",1214.89,0.0,0.375,cpu_perf_counter,cpu
3,encoder.layer.3.attention.self.value,Linear,0.3761,0.375,150994944.0,590592,0,33,0.3767,counter,"[1, 128, 768]","[1, 128, 768]",1214.89,0.0,0.375,cpu_perf_counter,cpu
3,encoder.layer.3.attention.output.dense,Linear,0.3824,0.375,150994944.0,590592,0,34,0.383,counter,"[1, 128, 768]","[1, 128, 768]",1214.89,0.0,0.375,cpu_perf_counter,cpu
3,encoder.layer.3.attention.output.LayerNorm,LayerNorm,0.0356,0.375,491520.0,1536,0,35,0.0362,analytic,"[1, 128, 768]","[1, 128, 768]",1214.89,0.0,0.375,cpu_perf_counter,cpu
3,encoder.layer.3.intermediate.dense,Linear,1.7263,1.5,603979776.0,2362368,0,36,1.7269,counter,"[1, 128, 768]","[1, 128, 3072]",1214.89,0.0,1.5,cpu_perf_counter,cpu
3,encoder.layer.3.intermediate.intermediate_act_fn,GELUActivation,0.1502,1.5,0.0,0,0,37,0.1508,none,"[1, 128, 3072]","[1, 128, 3072]",1214.89,0.0,1.5,cpu_perf_counter,cpu
3,encoder.layer.3.output.dense,Linear,1.5188,0.375,603979776.0,2360064,0,38,1.5194,counter,"[1, 128, 3072]","[1, 128, 768]",1214.89,0.0,0.375,cpu_perf_counter,cpu
3,encoder.layer.3.output.LayerNorm,LayerNorm,0.0537,0.375,491520.0,1536,0,39,0.0543,analytic,"[1, 128, 768]","[1, 128, 768]",1214.89,0.0,0.375,cpu_perf_counter,cpu
3,encoder.layer.4.attention.self.query,Linear,0.3936,0.375,150994944.0,590592,0,40,0.3942,counter,"[1, 128, 768]","[1, 128, 768]",1214.89,0.0,0.375,cpu_perf_counter,cpu
3,encoder.layer.4.attention.self.key,Linear,0.4068,0.375,150994944.0,590592,0,41,0.4074,counter,"[1, 128, 768]","[1, 128, 768]",1214.89,0.0,0.375,cpu_perf_counter,cpu
3,encoder.layer.4.attention.self.value,Linear,0.3864,0.375,150994944.0,590592,0,42,0.387,counter,"[1, 128, 768]","[1, 128, 768]",1214.89,0.0,0.375,cpu_perf_counter,cpu
3,encoder.layer.4.attention.output.dense,Linear,0.3906,0.375,150994944.0,590592,0,43,0.3912,counter,"[1, 128, 768]","[1, 128, 768]",1214.89,0.0,0.375,cpu_perf_counter,cpu
3,encoder.layer.4.attention.output.LayerNorm,LayerNorm,0.0334,0.375,491520.0,1536,0,44,0.034,analytic,"[1, 128, 768]","[1, 128, 768]",1214.89,0.0,0.375,cpu_perf_counter,cpu
3,encoder.layer.4.intermediate.dense,Linear,1.714,1.5,603979776.0,2362368,0,45,1.7146,counter,"[1, 128, 768]","[1, 128, 3072]",1214.89,0.0,1.5,cpu_perf_counter,cpu
3,encoder.layer.4.intermediate.intermediate_act_fn,GELUActivation,0.1578,1.5,0.0,0,0,46,0.1584,none,"[1, 128, 3072]","[1, 128, 3072]",1214.89,0.0,1.5,cpu_perf_counter,cpu
3,encoder.layer.4.output.dense,Linear,1.3438,0.375,603979776.0,2360064,0,47,1.3444,counter,"[1, 128, 3072]","[1, 128, 768]",1214.89,0.0,0.375,cpu_perf_counter,cpu
3,encoder.layer.4.output.LayerNorm,LayerNorm,0.0536,0.375,491520.0,1536,0,48,0.0542,analytic,"[1, 128, 768]","[1, 128, 768]",1214.89,0.0,0.375,cpu_perf_counter,cpu
3,encoder.layer.5.attention.self.query,Linear,0.4268,0.375,150994944.0,590592,0,49,0.4274,counter,"[1, 128, 768]","[1, 128, 768]",1214.89,0.0,0.375,cpu_perf_counter,cpu
3,encoder.layer.5.attention.self.key,Linear,0.4048,0.375,150994944.0,590592,0,50,0.4054,counter,"[1, 128, 768]","[1, 128, 768]",1214.89,0.0,0.375,cpu_perf_counter,cpu
3,encoder.layer.5.attention.self.value,Linear,0.3937,0.375,150994944.0,590592,0,51,0.3943,counter,"[1, 128, 768]","[1, 128, 768]",1214.89,0.0,0.375,cpu_perf_counter,cpu
3,encoder.layer.5.attention.output.dense,Linear,0.3847,0.375,150994944.0,590592,0,52,0.3853,counter,"[1, 128, 768]","[1, 128, 768]",1214.89,0.0,0.375,cpu_perf_counter,cpu
3,encoder.layer.5.attention.output.LayerNorm,LayerNorm,0.0397,0.375,491520.0,1536,0,53,0.0403,analytic,"[1, 128, 768]","[1, 128, 768]",1214.89,0.0,0.375,cpu_perf_counter,cpu
3,encoder.layer.5.intermediate.dense,Linear,1.7563,1.5,603979776.0,2362368,0,54,1.7569,counter,"[1, 128, 768]","[1, 128, 3072]",1214.89,0.0,1.5,cpu_perf_counter,cpu
3,encoder.layer.5.intermediate.intermediate_act_fn,GELUActivation,0.1485,1.5,0.0,0,0,55,0.1491,none,"[1, 128, 3072]","[1, 128, 3072]",1214.89,0.0,1.5,cpu_perf_counter,cpu
3,encoder.layer.5.output.dense,Linear,1.4594,0.375,603979776.0,2360064,0,56,1.46,counter,"[1, 128, 3072]","[1, 128, 768]",1214.89,0.0,0.375,cpu_perf_counter,cpu
3,encoder.layer.5.output.LayerNorm,LayerNorm,0.0482,0.375,491520.0,1536,0,57,0.0488,analytic,"[1, 128, 768]","[1, 128, 768]",1214.89,0.0,0.375,cpu_perf_counter,cpu
3,encoder.layer.6.attention.self.query,Linear,0.4113,0.375,150994944.0,590592,0,58,0.4119,counter,"[1, 128, 768]","[1, 128, 768]",1214.89,0.0,0.375,cpu_perf_counter,cpu
3,encoder.layer.6.attention.self.key,Linear,0.3892,0.375,150994944.0,590592,0,59,0.3898,counter,"[1, 128, 768]","[1, 128, 768]",1214.89,0.0,0.375,cpu_perf_counter,cpu
3,encoder.layer.6.attention.self.value,Linear,0.3951,0.375,150994944.0,590592,0,60,0.3957,counter,"[1, 128, 768]","[1, 128, 768]",1214.89,0.0,0.375,cpu_perf_counter,cpu
3,encoder.layer.6.attention.output.dense,Linear,0.4019,0.375,150994944.0,590592,0,61,0.4025,counter,"[1, 128, 768]","[1, 128, 768]",1214.89,0.0,0.375,cpu_perf_counter,cpu
3,encoder.layer.6.attention.output.LayerNorm,LayerNorm,0.036,0.375,491520.0,1536,0,62,0.0366,analytic,"[1, 128, 768]","[1, 128, 768]",1214.89,0.0,0.375,cpu_perf_counter,cpu
3,encoder.layer.6.intermediate.dense,Linear,1.6689,1.5,603979776.0,2362368,0,63,1.6695,counter,"[1, 128, 768]","[1, 128, 3072]",1214.89,0.0,1.5,cpu_perf_counter,cpu
3,encoder.layer.6.intermediate.intermediate_act_fn,GELUActivation,0.132,1.5,0.0,0,0,64,0.1326,none,"[1, 128, 3072]","[1, 128, 3072]",1214.89,0.0,1.5,cpu_perf_counter,cpu
3,encoder.layer.6.output.dense,Linear,1.51,0.375,603979776.0,2360064,0,65,1.5106,counter,"[1, 128, 3072]","[1, 128, 768]",1214.89,0.0,0.375,cpu_perf_counter,cpu
3,encoder.layer.6.output.LayerNorm,LayerNorm,0.0417,0.375,491520.0,1536,0,66,0.0423,analytic,"[1, 128, 768]","[1, 128, 768]",1214.89,0.0,0.375,cpu_perf_counter,cpu
3,encoder.layer.7.attention.self.query,Linear,0.3847,0.375,150994944.0,590592,0,67,0.3853,counter,"[1, 128, 768]","[1, 128, 768]",1214.89,0.0,0.375,cpu_perf_counter,cpu
3,encoder.layer.7.attention.self.key,Linear,0.373,0.375,150994944.0,590592,0,68,0.3736,counter,"[1, 128, 768]","[1, 128, 768]",1214.89,0.0,0.375,cpu_perf_counter,cpu
3,encoder.layer.7.attention.self.value,Linear,0.3809,0.375,150994944.0,590592,0,69,0.3815,counter,"[1, 128, 768]","[1, 128, 768]",1214.89,0.0,0.375,cpu_perf_counter,cpu
3,encoder.layer.7.attention.output.dense,Linear,0.4028,0.375,150994944.0,590592,0,70,0.4034,counter,"[1, 128, 768]","[1, 128, 768]",1214.89,0.0,0.375,cpu_perf_counter,cpu
3,encoder.layer.7.attention.output.LayerNorm,LayerNorm,0.043,0.375,491520.0,1536,0,71,0.0436,analytic,"[1, 128, 768]","[1, 128, 768]",1214.89,0.0,0.375,cpu_perf_counter,cpu
3,encoder.layer.7.intermediate.dense,Linear,1.7479,1.5,603979776.0,2362368,0,72,1.7485,counter,"[1, 128, 768]","[1, 128, 3072]",1214.89,0.0,1.5,cpu_perf_counter,cpu
3,encoder.layer.7.intermediate.intermediate_act_fn,GELUActivation,0.1495,1.5,0.0,0,0,73,0.1501,none,"[1, 128, 3072]","[1, 128, 3072]",1214.89,0.0,1.5,cpu_perf_counter,cpu
3,encoder.layer.7.output.dense,Linear,1.4595,0.375,603979776.0,2360064,0,74,1.4601,counter,"[1, 128, 3072]","[1, 128, 768]",1214.89,0.0,0.375,cpu_perf_counter,cpu
3,encoder.layer.7.output.LayerNorm,LayerNorm,0.0421,0.375,491520.0,1536,0,75,0.0427,analytic,"[1, 128, 768]","[1, 128, 768]",1214.89,0.0,0.375,cpu_perf_counter,cpu
3,encoder.layer.8.attention.self.query,Linear,0.3893,0.375,150994944.0,590592,0,76,0.3899,counter,"[1, 128, 768]","[1, 128, 768]",1214.89,0.0,0.375,cpu_perf_counter,cpu
3,encoder.layer.8.attention.self.key,Linear,0.38,0.375,150994944.0,590592,0,77,0.3806,counter,"[1, 128, 768]","[1, 128, 768]",1214.89,0.0,0.375,cpu_perf_counter,cpu
3,encoder.layer.8.attention.self.value,Linear,0.3672,0.375,150994944.0,590592,0,78,0.3678,counter,"[1, 128, 768]","[1, 128, 768]",1214.89,0.0,0.375,cpu_perf_counter,cpu
3,encoder.layer.8.attention.output.dense,Linear,0.3775,0.375,150994944.0,590592,0,79,0.3781,counter,"[1, 128, 768]","[1, 128, 768]",1214.89,0.0,0.375,cpu_perf_counter,cpu
3,encoder.layer.8.attention.output.LayerNorm,LayerNorm,0.0298,0.375,491520.0,1536,0,80,0.0304,analytic,"[1, 128, 768]","[1, 128, 768]",1214.89,0.0,0.375,cpu_perf_counter,cpu
3,encoder.layer.8.intermediate.dense,Linear,1.7292,1.5,603979776.0,2362368,0,81,1.7298,counter,"[1, 128, 768]","[1, 128, 3072]",1214.89,0.0,1.5,cpu_perf_counter,cpu
3,encoder.layer.8.intermediate.intermediate_act_fn,GELUActivation,0.1255,1.5,0.0,0,0,82,0.1261,none,"[1, 128, 3072]","[1, 128, 3072]",1214.89,0.0,1.5,cpu_perf_counter,cpu
3,encoder.layer.8.output.dense,Linear,1.5054,0.375,603979776.0,2360064,0,83,1.506,counter,"[1, 128, 3072]","[1, 128, 768]",1214.89,0.0,0.375,cpu_perf_counter,cpu
3,encoder.layer.8.output.LayerNorm,LayerNorm,0.0423,0.375,491520.0,1536,0,84,0.0429,analytic,"[1, 128, 768]","[1, 128, 768]",1214.89,0.0,0.375,cpu_perf_counter,cpu
3,encoder.layer.9.attention.self.query,Linear,0.3883,0.375,150994944.0,590592,0,85,0.3889,counter,"[1, 128, 768]","[1, 128, 768]",1214.89,0.0,0.375,cpu_perf_counter,cpu
3,encoder.layer.9.attention.self.key,Linear,0.393,0.375,150994944.0,590592,0,86,0.3936,counter,"[1, 128, 768]","[1, 128, 768]",1214.89,0.0,0.375,cpu_perf_counter,cpu
3,encoder.layer.9.attention.self.value,Linear,0.3861,0.375,150994944.0,590592,0,87,0.3867,counter,"[1, 128, 768]","[1, 128, 768]",1214.89,0.0,0.375,cpu_perf_counter,cpu
3,encoder.layer.9.attention.output.dense,Linear,0.4076,0.375,150994944.0,590592,0,88,0.4082,counter,"[1, 128, 768]","[1, 128, 768]",1214.89,0.0,0.375,cpu_perf_counter,cpu
3,encoder.layer.9.attention.output.LayerNorm,LayerNorm,0.0413,0.375,491520.0,1536,0,89,0.0419,analytic,"[1, 128, 768]","[1, 128, 768]",1214.89,0.0,0.375,cpu_perf_counter,cpu
3,encoder.layer.9.intermediate.dense,Linear,1.8497,1.5,603979776.0,2362368,0,90,1.8503,counter,"[1, 128, 768]","[1, 128, 3072]",1214.89,0.0,1.5,cpu_perf_counter,cpu
3,encoder.layer.9.intermediate.intermediate_act_fn,GELUActivation,0.142,1.5,0.0,0,0,91,0.1426,none,"[1, 128, 3072]","[1, 128, 3072]",1214.89,0.0,1.5,cpu_perf_counter,cpu
3,encoder.layer.9.output.dense,Linear,1.4699,0.375,603979776.0,2360064,0,92,1.4705,counter,"[1, 128, 3072]","[1, 128, 768]",1214.89,0.0,0.375,cpu_perf_counter,cpu
3,encoder.layer.9.output.LayerNorm,LayerNorm,0.0391,0.375,491520.0,1536,0,93,0.0397,analytic,"[1, 128, 768]","[1, 128, 768]",1214.89,0.0,0.375,cpu_perf_counter,cpu
3,encoder.layer.10.attention.self.query,Linear,0.3743,0.375,150994944.0,590592,0,94,0.3749,counter,"[1, 128, 768]","[1, 128, 768]",1214.89,0.0,0.375,cpu_perf_counter,cpu
3,encoder.layer.10.attention.self.key,Linear,0.3698,0.375,150994944.0,590592,0,95,0.3704,counter,"[1, 128, 768]","[1, 128, 768]",1214.89,0.0,0.375,cpu_perf_counter,cpu
3,encoder.layer.10.attention.self.value,Linear,0.4223,0.375,150994944.0,590592,0,96,0.4229,counter,"[1, 128, 768]","[1, 128, 768]",1214.89,0.0,0.375,cpu_perf_counter,cpu
3,encoder.layer.10.attention.output.dense,Linear,0.386,0.375,150994944.0,590592,0,97,0.3866,counter,"[1, 128, 768]","[1, 128, 768]",1214.89,0.0,0.375,cpu_perf_counter,cpu
3,encoder.layer.10.attention.output.LayerNorm,LayerNorm,0.0328,0.375,491520.0,1536,0,98,0.0334,analytic,"[1, 128, 768]","[1, 128, 768]",1214.89,0.0,0.375,cpu_perf_counter,cpu
3,encoder.layer.10.intermediate.dense,Linear,1.7487,1.5,603979776.0,2362368,0,99,1.7493,counter,"[1, 128, 768]","[1, 128, 3072]",1214.89,0.0,1.5,cpu_perf_counter,cpu
3,encoder.layer.10.intermediate.intermediate_act_fn,GELUActivation,0.1295,1.5,0.0,0,0,100,0.1301,none,"[1, 128, 3072]","[1, 128, 3072]",1214.89,0.0,1.5,cpu_perf_counter,cpu
3,encoder.layer.10.output.dense,Linear,1.4445,0.375,603979776.0,2360064,0,101,1.4451,counter,"[1, 128, 3072]","[1, 128, 768]",1214.89,0.0,0.375,cpu_perf_counter,cpu
3,encoder.layer.10.output.LayerNorm,LayerNorm,0.0399,0.375,491520.0,1536,0,102,0.0405,analytic,"[1, 128, 768]","[1, 128, 768]",1214.89,0.0,0.375,cpu_perf_counter,cpu
3,encoder.layer.11.attention.self.query,Linear,0.3769,0.375,150994944.0,590592,0,103,0.3775,counter,"[1, 128, 768]","[1, 128, 768]",1214.89,0.0,0.375,cpu_perf_counter,cpu
3,encoder.layer.11.attention.self.key,Linear,0.3735,0.375,150994944.0,590592,0,104,0.3741,counter,"[1, 128, 768]","[1, 128, 768]",1214.89,0.0,0.375,cpu_perf_counter,cpu
3,encoder.layer.11.attention.self.value,Linear,0.3657,0.375,150994944.0,590592,0,105,0.3663,counter,"[1, 128, 768]","[1, 128, 768]",1214.89,0.0,0.375,cpu_perf_counter,cpu
3,encoder.layer.11.attention.output.dense,Linear,0.3653,0.375,150994944.0,590592,0,106,0.3659,counter,"[1, 128, 768]","[1, 128, 768]",1214.89,0.0,0.375,cpu_perf_counter,cpu
3,encoder.layer.11.attention.output.LayerNorm,LayerNorm,0.0287,0.375,491520.0,1536,0,107,0.0293,analytic,"[1, 128, 768]","[1, 128, 768]",1214.89,0.0,0.375,cpu_perf_counter,cpu
3,encoder.layer.11.intermediate.dense,Linear,1.7376,1.5,603979776.0,2362368,0,108,1.7382,counter,"[1, 128, 768]","[1, 128, 3072]",1214.89,0.0,1.5,cpu_perf_counter,cpu
3,encoder.layer.11.intermediate.intermediate_act_fn,GELUActivation,0.128,1.5,0.0,0,0,109,0.1286,none,"[1, 128, 3072]","[1, 128, 3072]",1214.89,0.0,1.5,cpu_perf_counter,cpu
3,encoder.layer.11.output.dense,Linear,1.5226,0.375,603979776.0,2360064,0,110,1.5232,counter,"[1, 128, 3072]","[1, 128, 768]",1214.89,0.0,0.375,cpu_perf_counter,cpu
3,encoder.layer.11.output.LayerNorm,LayerNorm,0.0429,0.375,491520.0,1536,0,111,0.0435,analytic,"[1, 128, 768]","[1, 128, 768]",1214.89,0.0,0.375,cpu_perf_counter,cpu
3,pooler.dense,Linear,0.1307,0.00293,1179648.0,590592,0,112,0.1313,counter,"[1, 768]","[1, 768]",1214.89,0.0,0.003,cpu_perf_counter,cpu
3,pooler.activation,Tanh,0.0155,0.00293,3072.0,0,0,113,0.0161,analytic,"[1, 768]","[1, 768]",1214.89,0.0,0.003,cpu_perf_counter,cpu
4,embeddings.word_embeddings,Embedding,0.0479,0.375,0.0,23440896,0,0,0.0485,none,"[1, 128]","[1, 128, 768]",1214.89,0.0,0.375,cpu_perf_counter,cpu
4,embeddings.token_type_embeddings,Embedding,0.0201,0.375,0.0,1536,0,1,0.0207,none,"[1, 128]","[1, 128, 768]",1214.89,0.0,0.375,cpu_perf_counter,cpu
4,embeddings.position_embeddings,Embedding,0.0206,0.375,0.0,393216,0,2,0.0212,none,"[1, 128]","[1, 128, 768]",1214.89,0.0,0.375,cpu_perf_counter,cpu
4,embeddings.LayerNorm,LayerNorm,0.0233,0.375,491520.0,1536,0,3,0.0239,analytic,"[1, 128, 768]","[1, 128, 768]",1214.89,0.0,0.375,cpu_perf_counter,cpu
4,encoder.layer.0.attention.self.query,Linear,0.3717,0.375,150994944.0,590592,0,4,0.3723,counter,"[1, 128, 768]","[1, 128, 768]",1214.89,0.0,0.375,cpu_perf_counter,cpu
4,encoder.layer.0.attention.self.key,Linear,0.3605,0.375,150994944.0,590592,0,5,0.3611,counter,"[1, 128, 768]","[1, 128, 768]",1214.89,0.0,0.375,cpu_perf_counter,cpu
4,encoder.layer.0.attention.self.value,Linear,0.3605,0.375,150994944.0,590592,0,6,0.3611,counter,"[1, 128, 768]","[1, 128, 768]",1214.89,0.0,0.375,cpu_perf_counter,cpu
4,encoder.layer.0.attention.output.dense,Linear,0.3713,0.375,150994944.0,590592,0,7,0.3719,counter,"[1, 128, 768]","[1, 128, 768]",1214.89,0.0,0.375,cpu_perf_counter,cpu
4,encoder.layer.0.attention.output.LayerNorm,LayerNorm,0.0261,0.375,491520.0,1536,0,8,0.0267,analytic,"[1, 128, 768]","[1, 128, 768]",1214.89,0.0,0.375,cpu_perf_counter,cpu
4,encoder.layer.0.intermediate.dense,Linear,1.705,1.5,603979776.0,2362368,0,9,1.7056,counter,"[1, 128, 768]","[1, 128, 3072]",1214.89,0.0,1.5,cpu_perf_counter,cpu
4,encoder.layer.0.intermediate.intermediate_act_fn,GELUActivation,0.1311,1.5,0.0,0,0,10,0.1317,none,"[1, 128, 3072]","[1, 128, 3072]",1214.89,0.0,1.5,cpu_perf_counter,cpu
4,encoder.layer.0.output.dense,Linear,1.4833,0.375,603979776.0,2360064,0,11,1.4839,counter,"[1, 128, 3072]","[1, 128, 768]",1214.89,0.0,0.375,cpu_perf_counter,cpu
4,encoder.layer.0.output.LayerNorm,LayerNorm,0.0415,0.375,491520.0,1536,0,12,0.0421,analytic,"[1, 128, 768]","[1, 128, 768]",1214.89,0.0,0.375,cpu_perf_counter,cpu
4,encoder.layer.1.attention.self.query,Linear,0.4098,0.375,150994944.0,590592,0,13,0.4104,counter,"[1, 128, 768]","[1, 128, 768]",1214.89,0.0,0.375,cpu_perf_counter,cpu
4,encoder.layer.1.attention.self.key,Linear,0.365,0.375,150994944.0,590592,0,14,0.3656,counter,"[1, 128, 768]","[1, 128, 768]",1214.89,0.0,0.375,cpu_perf_counter,cpu
4,encoder.layer.1.attention.self.value,Linear,0.3668,0.375,150994944.0,590592,0,15,0.3674,counter,"[1, 128, 768]","[1, 128, 768]",1214.89,0.0,0.375,cpu_perf_counter,cpu
4,encoder.layer.1.attention.output.dense,Linear,0.3678,0.375,150994944.0,590592,0,16,0.3684,counter,"[1, 128, 768]","[1, 128, 768]",1214.89,0.0,0.375,cpu_perf_counter,cpu
4,encoder.layer.1.attention.output.LayerNorm,LayerNorm,0.0306,0.375,491520.0,1536,0,17,0.0312,analytic,"[1, 128, 768]","[1, 128, 768]",1214.89,0.0,0.375,cpu_perf_counter,cpu
4,encoder.layer.1.intermediate.dense,Linear,1.721,1.5,603979776.0,2362368,0,18,1.7216,counter,"[1, 128, 768]","[1, 128, 3072]",1214.89,0.0,1.5,cpu_perf_counter,cpu
4,encoder.layer.1.intermediate.intermediate_act_fn,GELUActivation,0.1344,1.5,0.0,0,0,19,0.135,none,"[1, 128, 3072]","[1, 128, 3072]",1214.89,0.0,1.5,cpu_perf_counter,cpu
4,encoder.layer.1.output.dense,Linear,1.508,0.375,603979776.0,2360064,0,20,1.5086,counter,"[1, 128, 3072]","[1, 128, 768]",1214.89,0.0,0.375,cpu_perf_counter,cpu
4,encoder.layer.1.output.LayerNorm,LayerNorm,0.0413,0.375,491520.0,1536,0,21,0.0419,analytic,"[1, 128, 768]","[1, 128, 768]",1214.89,0.0,0.375,cpu_perf_counter,cpu
4,encoder.layer.2.attention.self.query,Linear,0.393,0.375,150994944.0,590592,0,22,0.3936,counter,"[1, 128, 768]","[1, 128, 768]",1214.89,0.0,0.375,cpu_perf_counter,cpu
4,encoder.layer.2.attention.self.key,Linear,0.3747,0.375,150994944.0,590592,0,23,0.3753,counter,"[1, 128, 768]","[1, 128, 768]",1214.89,0.0,0.375,cpu_perf_counter,cpu
4,encoder.layer.2.attention.self.value,Linear,0.3783,0.375,150994944.0,590592,0,24,0.3789,counter,"[1, 128, 768]","[1, 128, 768]",1214.89,0.0,0.375,cpu_perf_counter,cpu
4,encoder.layer.2.attention.output.dense,Linear,0.3815,0.375,150994944.0,590592,0,25,0.3821,counter,"[1, 128, 768]","[1, 128, 768]",1214.89,0.0,0.375,cpu_perf_counter,cpu
4,encoder.layer.2.attention.output.LayerNorm,LayerNorm,0.0301,0.375,491520.0,1536,0,26,0.0307,analytic,"[1, 128, 768]","[1, 128, 768]",1214.89,0.0,0.375,cpu_perf_counter,cpu
4,encoder.layer.2.intermediate.dense,Linear,1.7621,1.5,603979776.0,2362368,0,27,1.7627,counter,"[1, 128, 768]","[1, 128, 3072]",1214.89,0.0,1.5,cpu_perf_counter,cpu
4,encoder.layer.2.intermediate.intermediate_act_fn,GELUActivation,0.1584,1.5,0.0,0,0,28,0.159,none,"[1, 128, 3072]","[1, 128, 3072]",1214.89,0.0,1.5,cpu_perf_counter,cpu
4,encoder.layer.2.output.dense,Linear,1.5173,0.375,603979776.0,2360064,0,29,1.5179,counter,"[1, 128, 3072]","[1, 128, 768]",1214.89,0.0,0.375,cpu_perf_counter,cpu
4,encoder.layer.2.output.LayerNorm,LayerNorm,0.044,0.375,491520.0,1536,0,30,0.0446,analytic,"[1, 128, 768]","[1, 128, 768]",1214.89,0.0,0.375,cpu_perf_counter,cpu
4,encoder.layer.3.attention.self.query,Linear,0.4035,0.375,150994944.0,590592,0,31,0.4041,counter,"[1, 128, 768]","[1, 128, 768]",1214.89,0.0,0.375,cpu_perf_counter,cpu
4,encoder.layer.3.attention.self.key,Linear,0.3817,0.375,150994944.0,590592,0,32,0.3823,counter,"[1, 128, 768]","[1, 128, 768]",1214.89,0.0,0.375,cpu_perf_counter,cpu
4,encoder.layer.3.attention.self.value,Linear,0.3855,0.375,150994944.0,590592,0,33,0.3861,counter,"[1, 128, 768]","[1, 128, 768]",1214.89,0.0,0.375,cpu_perf_counter,cpu
4,encoder.layer.3.attention.output.dense,Linear,0.381,0.375,150994944.0,590592,0,34,0.3816,counter,"[1, 128, 768]","[1, 128, 768]",1214.89,0.0,0.375,cpu_perf_counter,cpu
4,encoder.layer.3.attention.output.LayerNorm,LayerNorm,0.0254,0.375,491520.0,1536,0,35,0.026,analytic,"[1, 128, 768]","[1, 128, 768]",1214.89,0.0,0.375,cpu_perf_counter,cpu
4,encoder.layer.3.intermediate.dense,Linear,1.7757,1.5,603979776.0,2362368,0,36,1.7763,counter,"[1, 128, 768]","[1, 128, 3072]",1214.89,0.0,1.5,cpu_perf_counter,cpu
4,encoder.layer.3.intermediate.intermediate_act_fn,GELUActivation,0.1435,1.5,0.0,0,0,37,0.1441,none,"[1, 128, 3072]","[1, 128, 3072]",1214.89,0.0,1.5,cpu_perf_counter,cpu
4,encoder.layer.3.output.dense,Linear,1.4837,0.375,603979776.0,2360064,0,38,1.4843,counter,"[1, 128, 3072]","[1, 128, 768]",1214.89,0.0,0.375,cpu_perf_counter,cpu
4,encoder.layer.3.output.LayerNorm,LayerNorm,0.0434,0.375,491520.0,1536,0,39,0.044,analytic,"[1, 128, 768]","[1, 128, 768]",1214.89,0.0,0.375,cpu_perf_counter,cpu
4,encoder.layer.4.attention.self.query,Linear,0.3981,0.375,150994944.0,590592,0,40,0.3987,counter,"[1, 128, 768]","[1, 128, 768]",1214.89,0.0,0.375,cpu_perf_counter,cpu
4,encoder.layer.4.attention.self.key,Linear,0.3924,0.375,150994944.0,590592,0,41,0.393,counter,"[1, 128, 768]","[1, 128, 768]",1214.89,0.0,0.375,cpu_perf_counter,cpu
4,encoder.layer.4.attention.self.value,Linear,0.387,0.375,150994944.0,590592,0,42,0.3876,counter,"[1, 128, 768]","[1, 128, 768]",1214.89,0.0,0.375,cpu_perf_counter,cpu
4,encoder.layer.4.attention.output.dense,Linear,0.3789,0.375,150994944.0,590592,0,43,0.3795,counter,"[1, 128, 768]","[1, 128, 768]",1214.89,0.0,0.375,cpu_perf_counter,cpu
4,encoder.layer.4.attention.output.LayerNorm,LayerNorm,0.0289,0.375,491520.0,1536,0,44,0.0295,analytic,"[1, 128, 768]","[1, 128, 768]",1214.89,0.0,0.375,cpu_perf_counter,cpu
4,encoder.layer.4.intermediate.dense,Linear,1.7013,1.5,603979776.0,2362368,0,45,1.7019,counter,"[1, 128, 768]","[1, 128, 3072]",1214.89,0.0,1.5,cpu_perf_counter,cpu
4,encoder.layer.4.intermediate.intermediate_act_fn,GELUActivation,0.1916,1.5,0.0,0,0,46,0.1922,none,"[1, 128, 3072]","[1, 128, 3072]",1214.89,0.0,1.5,cpu_perf_counter,cpu
4,encoder.layer.4.output.dense,Linear,1.4791,0.375,603979776.0,2360064,0,47,1.4797,counter,"[1, 128, 3072]","[1, 128, 768]",1214.89,0.0,0.375,cpu_perf_counter,cpu
4,encoder.layer.4.output.LayerNorm,LayerNorm,0.0458,0.375,491520.0,1536,0,48,0.0464,analytic,"[1, 128, 768]","[1, 128, 768]",1214.89,0.0,0.375,cpu_perf_counter,cpu
4,encoder.layer.5.attention.self.query,Linear,0.397,0.375,150994944.0,590592,0,49,0.3976,counter,"[1, 128, 768]","[1, 128, 768]",1214.89,0.0,0.375,cpu_perf_counter,cpu
4,encoder.layer.5.attention.self.key,Linear,0.3746,0.375,150994944.0,590592,0,50,0.3752,counter,"[1, 128, 768]","[1, 128, 768]",1214.89,0.0,0.375,cpu_perf_counter,cpu
4,encoder.layer.5.attention.self.value,Linear,0.3753,0.375,150994944.0,590592,0,51,0.3759,counter,"[1, 128, 768]","[1, 128, 768]",1214.89,0.0,0.375,cpu_perf_counter,cpu
4,encoder.layer.5.attention.output.dense,Linear,0.3851,0.375,150994944.0,590592,0,52,0.3857,counter,"[1, 128, 768]","[1, 128, 768]",1214.89,0.0,0.375,cpu_perf_counter,cpu
4,encoder.layer.5.attention.output.LayerNorm,LayerNorm,0.0305,0.375,491520.0,1536,0,53,0.0311,analytic,"[1, 128, 768]","[1, 128, 768]",1214.89,0.0,0.375,cpu_perf_counter,cpu
4,encoder.layer.5.intermediate.dense,Linear,1.8344,1.5,603979776.0,2362368,0,54,1.835,counter,"[1, 128, 768]","[1, 128, 3072]",1214.89,0.0,1.5,cpu_perf_counter,cpu
4,encoder.layer.5.intermediate.intermediate_act_fn,GELUActivation,0.1486,1.5,0.0,0,0,55,0.1492,none,"[1, 128, 3072]","[1, 128, 3072]",1214.89,0.0,1.5,cpu_perf_counter,cpu
4,encoder.layer.5.output.dense,Linear,1.5616,0.375,603979776.0,2360064,0,56,1.5622,counter,"[1, 128, 3072]","[1, 128, 768]",1214.89,0.0,0.375,cpu_perf_counter,cpu
4,encoder.layer.5.output.LayerNorm,LayerNorm,0.0443,0.375,491520.0,1536,0,57,0.0449,analytic,"[1, 128, 768]","[1, 128, 768]",1214.89,0.0,0.375,cpu_perf_counter,cpu
4,encoder.layer.6.attention.self.query,Linear,0.4015,0.375,150994944.0,590592,0,58,0.4021,counter,"[1, 128, 768]","[1, 128, 768]",1214.89,0.0,0.375,cpu_perf_counter,cpu
4,encoder.layer.6.attention.self.key,Linear,0.3787,0.375,150994944.0,590592,0,59,0.3793,counter,"[1, 128, 768]","[1, 128, 768]",1214.89,0.0,0.375,cpu_perf_counter,cpu
4,encoder.layer.6.attention.self.value,Linear,0.3805,0.375,150994944.0,590592,0,60,0.3811,counter,"[1, 128, 768]","[1, 128, 768]",1214.89,0.0,0.375,cpu_perf_counter,cpu
4,encoder.layer.6.attention.output.dense,Linear,0.4054,0.375,150994944.0,590592,0,61,0.406,counter,"[1, 128, 768]","[1, 128, 768]",1214.89,0.0,0.375,cpu_perf_counter,cpu
4,encoder.layer.6.attention.output.LayerNorm,LayerNorm,0.0354,0.375,491520.0,1536,0,62,0.036,analytic,"[1, 128, 768]","[1, 128, 768]",1214.89,0.0,0.375,cpu_perf_counter,cpu
4,encoder.layer.6.intermediate.dense,Linear,1.7033,1.5,603979776.0,2362368,0,63,1.7039,counter,"[1, 128, 768]","[1, 128, 3072]",1214.89,0.0,1.5,cpu_perf_counter,cpu
4,encoder.layer.6.intermediate.intermediate_act_fn,GELUActivation,0.1234,1.5,0.0,0,0,64,0.124,none,"[1, 128, 3072]","[1, 128, 3072]",1214.89,0.0,1.5,cpu_perf_counter,cpu
4,encoder.layer.6.output.dense,Linear,1.5363,0.375,603979776.0,2360064,0,65,1.5369,counter,"[1, 128, 3072]","[1, 128, 768]",1214.89,0.0,0.375,cpu_perf_counter,cpu
4,encoder.layer.6.output.LayerNorm,LayerNorm,0.0471,0.375,491520.0,1536,0,66,0.0477,analytic,"[1, 128, 768]","[1, 128, 768]",1214.89,0.0,0.375,cpu_perf_counter,cpu
4,encoder.layer.7.attention.self.query,Linear,0.4006,0.375,150994944.0,590592,0,67,0.4012,counter,"[1, 128, 768]","[1, 128, 768]",1214.89,0.0,0.375,cpu_perf_counter,cpu
4,encoder.layer.7.attention.self.key,Linear,0.3831,0.375,150994944.0,590592,0,68,0.3837,counter,"[1, 128, 768]","[1, 128, 768]",1214.89,0.0,0.375,cpu_perf_counter,cpu
4,encoder.layer.7.attention.self.value,Linear,0.3982,0.375,150994944.0,590592,0,69,0.3988,counter,"[1, 128, 768]","[1, 128, 768]",1214.89,0.0,0.375,cpu_perf_counter,cpu
4,encoder.layer.7.attention.output.dense,Linear,0.3996,0.375,150994944.0,590592,0,70,0.4002,counter,"[1, 128, 768]","[1, 128, 768]",1214.89,0.0,0.375,cpu_perf_counter,cpu
4,encoder.layer.7.attention.output.LayerNorm,LayerNorm,0.0286,0.375,491520.0,1536,0,71,0.0292,analytic,"[1, 128, 768]","[1, 128, 768]",1214.89,0.0,0.375,cpu_perf_counter,cpu
4,encoder.layer.7.intermediate.dense,Linear,1.6789,1.5,603979776.0,2362368,0,72,1.6795,counter,"[1, 128, 768]","[1, 128, 3072]",1214.89,0.0,1.5,cpu_perf_counter,cpu
4,encoder.layer.7.intermediate.intermediate_act_fn,GELUActivation,0.1321,1.5,0.0,0,0,73,0.1327,none,"[1, 128, 3072]","[1, 128, 3072]",1214.89,0.0,1.5,cpu_perf_counter,cpu
4,encoder.layer.7.output.dense,Linear,1.5559,0.375,603979776.0,2360064,0,74,1.5565,counter,"[1, 128, 3072]","[1, 128, 768]",1214.89,0.0,0.375,cpu_perf_counter,cpu
4,encoder.layer.7.output.LayerNorm,LayerNorm,0.0378,0.375,491520.0,1536,0,75,0.0384,analytic,"[1, 128, 768]","[1, 128, 768]",1214.89,0.0,0.375,cpu_perf_counter,cpu
4,encoder.layer.8.attention.self.query,Linear,0.3795,0.375,150994944.0,590592,0,76,0.3801,counter,"[1, 128, 768]","[1, 128, 768]",1214.89,0.0,0.375,cpu_perf_counter,cpu
4,encoder.layer.8.attention.self.key,Linear,0.3764,0.375,150994944.0,590592,0,77,0.377,counter,"[1, 128, 768]","[1, 128, 768]",1214.89,0.0,0.375,cpu_perf_counter,cpu
4,encoder.layer.8.attention.self.value,Linear,0.3659,0.375,150994944.0,590592,0,78,0.3665,counter,"[1, 128, 768]","[1, 128, 768]",1214.89,0.0,0.375,cpu_perf_counter,cpu
4,encoder.layer.8.attention.output.dense,Linear,0.3712,0.375,150994944.0,590592,0,79,0.3718,counter,"[1, 128, 768]","[1, 128, 768]",1214.89,0.0,0.375,cpu_perf_counter,cpu
4,encoder.layer.8.attention.output.LayerNorm,LayerNorm,0.027,0.375,491520.0,1536,0,80,0.0276,analytic,"[1, 128, 768]","[1, 128, 768]",1214.89,0.0,0.375,cpu_perf_counter,cpu
4,encoder.layer.8.intermediate.dense,Linear,1.8034,1.5,603979776.0,2362368,0,81,1.804,counter,"[1, 128, 768]","[1, 128, 3072]",1214.89,0.0,1.5,cpu_perf_counter,cpu
4,encoder.layer.8.intermediate.intermediate_act_fn,GELUActivation,0.1443,1.5,0.0,0,0,82,0.1449,none,"[1, 128, 3072]","[1, 128, 3072]",1214.89,0.0,1.5,cpu_perf_counter,cpu
4,encoder.layer.8.output.dense,Linear,1.4748,0.375,603979776.0,2360064,0,83,1.4754,counter,"[1, 128, 3072]","[1, 128, 768]",1214.89,0.0,0.375,cpu_perf_counter,cpu
4,encoder.layer.8.output.LayerNorm,LayerNorm,0.045,0.375,491520.0,1536,0,84,0.0456,analytic,"[1, 128, 768]","[1, 128, 768]",1214.89,0.0,0.375,cpu_perf_counter,cpu
4,encoder.layer.9.attention.self.query,Linear,0.3926,0.375,150994944.0,590592,0,85,0.3932,counter,"[1, 128, 768]","[1, 128, 768]",1214.89,0.0,0.375,cpu_perf_counter,cpu
4,encoder.layer.9.attention.self.key,Linear,0.3714,0.375,150994944.0,590592,0,86,0.372,counter,"[1, 128, 768]","[1, 128, 768]",1214.89,0.0,0.375,cpu_perf_counter,cpu
4,encoder.layer.9.attention.self.value,Linear,0.3724,0.375,150994944.0,590592,0,87,0.373,counter,"[1, 128, 768]","[1, 128, 768]",1214.89,0.0,0.375,cpu_perf_counter,cpu
4,encoder.layer.9.attention.output.dense,Linear,0.3675,0.375,150994944.0,590592,0,88,0.3681,counter,"[1, 128, 768]","[1, 128, 768]",1214.89,0.0,0.375,cpu_perf_counter,cpu
4,encoder.layer.9.attention.output.LayerNorm,LayerNorm,0.0306,0.375,491520.0,1536,0,89,0.0312,analytic,"[1, 128, 768]","[1, 128, 768]",1214.89,0.0,0.375,cpu_perf_counter,cpu
4,encoder.layer.9.intermediate.dense,Linear,1.6999,1.5,603979776.0,2362368,0,90,1.7005,counter,"[1, 128, 768]","[1, 128, 3072]",1214.89,0.0,1.5,cpu_perf_counter,cpu
4,encoder.layer.9.intermediate.intermediate_act_fn,GELUActivation,0.13,1.5,0.0,0,0,91,0.1306,none,"[1, 128, 3072]","[1, 128, 3072]",1214.89,0.0,1.5,cpu_perf_counter,cpu
4,encoder.layer.9.output.dense,Linear,1.449,0.375,603979776.0,2360064,0,92,1.4496,counter,"[1, 128, 3072]","[1, 128, 768]",1214.89,0.0,0.375,cpu_perf_counter,cpu
4,encoder.layer.9.output.LayerNorm,LayerNorm,0.0391,0.375,491520.0,1536,0,93,0.0397,analytic,"[1, 128, 768]","[1, 128, 768]",1214.89,0.0,0.375,cpu_perf_counter,cpu
4,encoder.layer.10.attention.self.query,Linear,0.3713,0.375,150994944.0,590592,0,94,0.3719,counter,"[1, 128, 768]","[1, 128, 768]",1214.89,0.0,0.375,cpu_perf_counter,cpu
4,encoder.layer.10.attention.self.key,Linear,0.3603,0.375,150994944.0,590592,0,95,0.3609,counter,"[1, 128, 768]","[1, 128, 768]",1214.89,0.0,0.375,cpu_perf_counter,cpu
4,encoder.layer.10.attention.self.value,Linear,0.3654,0.375,150994944.0,590592,0,96,0.366,counter,"[1, 128, 768]","[1, 128, 768]",1214.89,0.0,0.375,cpu_perf_counter,cpu
4,encoder.layer.10.attention.output.dense,Linear,0.3719,0.375,150994944.0,590592,0,97,0.3725,counter,"[1, 128, 768]","[1, 128, 768]",1214.89,0.0,0.375,cpu_perf_counter,cpu
4,encoder.layer.10.attention.output.LayerNorm,LayerNorm,0.0279,0.375,491520.0,1536,0,98,0.0285,analytic,"[1, 128, 768]","[1, 128, 768]",1214.89,0.0,0.375,cpu_perf_counter,cpu
4,encoder.layer.10.intermediate.dense,Linear,1.7292,1.5,603979776.0,2362368,0,99,1.7298,counter,"[1, 128, 768]","[1, 128, 3072]",1214.89,0.0,1.5,cpu_perf_counter,cpu
4,encoder.layer.10.intermediate.intermediate_act_fn,GELUActivation,0.1202,1.5,0.0,0,0,100,0.1208,none,"[1, 128, 3072]","[1, 128, 3072]",1214.89,0.0,1.5,cpu_perf_counter,cpu
4,encoder.layer.10.output.dense,Linear,1.4389,0.375,603979776.0,2360064,0,101,1.4395,counter,"[1, 128, 3072]","[1, 128, 768]",1214.89,0.0,0.375,cpu_perf_counter,cpu
4,encoder.layer.10.output.LayerNorm,LayerNorm,0.0388,0.375,491520.0,1536,0,102,0.0394,analytic,"[1, 128, 768]","[1, 128, 768]",1214.89,0.0,0.375,cpu_perf_counter,cpu
4,encoder.layer.11.attention.self.query,Linear,0.389,0.375,150994944.0,590592,0,103,0.3896,counter,"[1, 128, 768]","[1, 128, 768]",1214.89,0.0,0.375,cpu_perf_counter,cpu
4,encoder.layer.11.attention.self.key,Linear,0.3647,0.375,150994944.0,590592,0,104,0.3653,counter,"[1, 128, 768]","[1, 128, 768]",1214.89,0.0,0.375,cpu_perf_counter,cpu
4,encoder.layer.11.attention.self.value,Linear,0.3705,0.375,150994944.0,590592,0,105,0.3711,counter,"[1, 128, 768]","[1, 128, 768]",1214.89,0.0,0.375,cpu_perf_counter,cpu
4,encoder.layer.11.attention.output.dense,Linear,0.392,0.375,150994944.0,590592,0,106,0.3926,counter,"[1, 128, 768]","[1, 128, 768]",1214.89,0.0,0.375,cpu_perf_counter,cpu
4,encoder.layer.11.attention.output.LayerNorm,LayerNorm,0.0381,0.375,491520.0,1536,0,107,0.0387,analytic,"[1, 128, 768]","[1, 128, 768]",1214.89,0.0,0.375,cpu_perf_counter,cpu
4,encoder.layer.11.intermediate.dense,Linear,1.7105,1.5,603979776.0,2362368,0,108,1.7111,counter,"[1, 128, 768]","[1, 128, 3072]",1214.89,0.0,1.5,cpu_perf_counter,cpu
4,encoder.layer.11.intermediate.intermediate_act_fn,GELUActivation,0.141,1.5,0.0,0,0,109,0.1416,none,"[1, 128, 3072]","[1, 128, 3072]",1214.89,0.0,1.5,cpu_perf_counter,cpu
4,encoder.layer.11.output.dense,Linear,1.593,0.375,603979776.0,2360064,0,110,1.5936,counter,"[1, 128, 3072]","[1, 128, 768]",1214.89,0.0,0.375,cpu_perf_counter,cpu
4,encoder.layer.11.output.LayerNorm,LayerNorm,0.043,0.375,491520.0,1536,0,111,0.0436,analytic,"[1, 128, 768]","[1, 128, 768]",1214.89,0.0,0.375,cpu_perf_counter,cpu
4,pooler.dense,Linear,0.1175,0.00293,1179648.0,590592,0,112,0.1181,counter,"[1, 768]","[1, 768]",1214.89,0.0,0.003,cpu_perf_counter,cpu
4,pooler.activation,Tanh,0.016,0.00293,3072.0,0,0,113,0.0166,analytic,"[1, 768]","[1, 768]",1214.89,0.0,0.003,cpu_perf_counter,cpu
5,embeddings.word_embeddings,Embedding,0.0459,0.375,0.0,23440896,0,0,0.0465,none,"[1, 128]","[1, 128, 768]",1214.89,0.0,0.375,cpu_perf_counter,cpu
5,embeddings.token_type_embeddings,Embedding,0.0194,0.375,0.0,1536,0,1,0.02,none,"[1, 128]","[1, 128, 768]",1214.89,0.0,0.375,cpu_perf_counter,cpu
5,embeddings.position_embeddings,Embedding,0.0203,0.375,0.0,393216,0,2,0.0209,none,"[1, 128]","[1, 128, 768]",1214.89,0.0,0.375,cpu_perf_counter,cpu
5,embeddings.LayerNorm,LayerNorm,0.0226,0.375,491520.0,1536,0,3,0.0232,analytic,"[1, 128, 768]","[1, 128, 768]",1214.89,0.0,0.375,cpu_perf_counter,cpu
5,encoder.layer.0.attention.self.query,Linear,0.3693,0.375,150994944.0,590592,0,4,0.3699,counter,"[1, 128, 768]","[1, 128, 768]",1214.89,0.0,0.375,cpu_perf_counter,cpu
5,encoder.layer.0.attention.self.key,Linear,0.3519,0.375,150994944.0,590592,0,5,0.3525,counter,"[1, 128, 768]","[1, 128, 768]",1214.89,0.0,0.375,cpu_perf_counter,cpu
5,encoder.layer.0.attention.self.value,Linear,0.3636,0.375,150994944.0,590592,0,6,0.3642,counter,"[1, 128, 768]","[1, 128, 768]",1214.89,0.0,0.375,cpu_perf_counter,cpu
5,encoder.layer.0.attention.output.dense,Linear,0.3692,0.375,150994944.0,590592,0,7,0.3698,counter,"[1, 128, 768]","[1, 128, 768]",1214.89,0.0,0.375,cpu_perf_counter,cpu
5,encoder.layer.0.attention.output.LayerNorm,LayerNorm,0.0258,0.375,491520.0,1536,0,8,0.0264,analytic,"[1, 128, 768]","[1, 128, 768]",1214.89,0.0,0.375,cpu_perf_counter,cpu
5,encoder.layer.0.intermediate.dense,Linear,1.6725,1.5,603979776.0,2362368,0,9,1.6731,counter,"[1, 128, 768]","[1, 128, 3072]",1214.89,0.0,1.5,cpu_perf_counter,cpu
5,encoder.layer.0.intermediate.intermediate_act_fn,GELUActivation,0.1301,1.5,0.0,0,0,10,0.1307,none,"[1, 128, 3072]","[1, 128, 3072]",1214.89,0.0,1.5,cpu_perf_counter,cpu
5,encoder.layer.0.output.dense,Linear,1.4672,0.375,603979776.0,2360064,0,11,1.4678,counter,"[1, 128, 3072]","[1, 128, 768]",1214.89,0.0,0.375,cpu_perf_counter,cpu
5,encoder.layer.0.output.LayerNorm,LayerNorm,0.0392,0.375,491520.0,1536,0,12,0.0398,analytic,"[1, 128, 768]","[1, 128, 768]",1214.89,0.0,0.375,cpu_perf_counter,cpu
5,encoder.layer.1.attention.self.query,Linear,0.4077,0.375,150994944.0,590592,0,13,0.4083,counter,"[1, 128, 768]","[1, 128, 768]",1214.89,0.0,0.375,cpu_perf_counter,cpu
5,encoder.layer.1.attention.self.key,Linear,0.3612,0.375,150994944.0,590592,0,14,0.3618,counter,"[1, 128, 768]","[1, 128, 768]",1214.89,0.0,0.375,cpu_perf_counter,cpu
5,encoder.layer.1.attention.self.value,Linear,0.378,0.375,150994944.0,590592,0,15,0.3786,counter,"[1, 128, 768]","[1, 128, 768]",1214.89,0.0,0.375,cpu_perf_counter,cpu
5,encoder.layer.1.attention.output.dense,Linear,0.3814,0.375,150994944.0,590592,0,16,0.382,counter,"[1, 128, 768]","[1, 128, 768]",1214.89,0.0,0.375,cpu_perf_counter,cpu
5,encoder.layer.1.attention.output.LayerNorm,LayerNorm,0.0292,0.375,491520.0,1536,0,17,0.0298,analytic,"[1, 128, 768]","[1, 128, 768]",1214.89,0.0,0.375,cpu_perf_counter,cpu
5,encoder.layer.1.intermediate.dense,Linear,1.6163,1.5,603979776.0,2362368,0,18,1.6169,counter,"[1, 128, 768]","[1, 128, 3072]",1214.89,0.0,1.5,cpu_perf_counter,cpu
5,encoder.layer.1.intermediate.intermediate_act_fn,GELUActivation,0.1251,1.5,0.0,0,0,19,0.1257,none,"[1, 128, 3072]","[1, 128, 3072]",1214.89,0.0,1.5,cpu_perf_counter,cpu
5,encoder.layer.1.output.dense,Linear,1.4277,0.375,603979776.0,2360064,0,20,1.4283,counter,"[1, 128, 3072]","[1, 128, 768]",1214.89,0.0,0.375,cpu_perf_counter,cpu
5,encoder.layer.1.output.LayerNorm,LayerNorm,0.0405,0.375,491520.0,1536,0,21,0.0411,analytic,"[1, 128, 768]","[1, 128, 768]",1214.89,0.0,0.375,cpu_perf_counter,cpu
5,encoder.layer.2.attention.self.query,Linear,0.3801,0.375,150994944.0,590592,0,22,0.3807,counter,"[1, 128, 768]","[1, 128, 768]",1214.89,0.0,0.375,cpu_perf_counter,cpu
5,encoder.layer.2.attention.self.key,Linear,0.3681,0.375,150994944.0,590592,0,23,0.3687,counter,"[1, 128, 768]","[1, 128, 768]",1214.89,0.0,0.375,cpu_perf_counter,cpu
5,encoder.layer.2.attention.self.value,Linear,0.3634,0.375,150994944.0,590592,0,24,0.364,counter,"[1, 128, 768]","[1, 128, 768]",1214.89,0.0,0.375,cpu_perf_counter,cpu
5,encoder.layer.2.attention.output.dense,Linear,0.3736,0.375,150994944.0,590592,0,25,0.3742,counter,"[1, 128, 768]","[1, 128, 768]",1214.89,0.0,0.375,cpu_perf_counter,cpu
5,encoder.layer.2.attention.output.LayerNorm,LayerNorm,0.0392,0.375,491520.0,1536,0,26,0.0398,analytic,"[1, 128, 768]","[1, 128, 768]",1214.89,0.0,0.375,cpu_perf_counter,cpu
5,encoder.layer.2.intermediate.dense,Linear,1.6619,1.5,603979776.0,2362368,0,27,1.6625,counter,"[1, 128, 768]","[1, 128, 3072]",1214.89,0.0,1.5,cpu_perf_counter,cpu
5,encoder.layer.2.intermediate.intermediate_act_fn,GELUActivation,0.1297,1.5,0.0,0,0,28,0.1303,none,"[1, 128, 3072]","[1, 128, 3072]",1214.89,0.0,1.5,cpu_perf_counter,cpu
5,encoder.layer.2.output.dense,Linear,1.4832,0.375,603979776.0,2360064,0,29,1.4838,counter,"[1, 128, 3072]","[1, 128, 768]",1214.89,0.0,0.375,cpu_perf_counter,cpu
5,encoder.layer.2.output.LayerNorm,LayerNorm,0.0433,0.375,491520.0,1536,0,30,0.0439,analytic,"[1, 128, 768]","[1, 128, 768]",1214.89,0.0,0.375,cpu_perf_counter,cpu
5,encoder.layer.3.attention.self.query,Linear,0.3777,0.375,150994944.0,590592,0,31,0.3783,counter,"[1, 128, 768]","[1, 128, 768]",1214.89,0.0,0.375,cpu_perf_counter,cpu
5,encoder.layer.3.attention.self.key,Linear,0.368,0.375,150994944.0,590592,0,32,0.3686,counter,"[1, 128, 768]","[1, 128, 768]",1214.89,0.0,0.375,cpu_perf_counter,cpu
5,encoder.layer.3.attention.self.value,Linear,0.3666,0.375,150994944.0,590592,0,33,0.3672,counter,"[1, 128, 768]","[1, 128, 768]",1214.89,0.0,0.375,cpu_perf_counter,cpu
5,encoder.layer.3.attention.output.dense,Linear,0.3725,0.375,150994944.0,590592,0,34,0.3731,counter,"[1, 128, 768]","[1, 128, 768]",1214.89,0.0,0.375,cpu_perf_counter,cpu
5,encoder.layer.3.attention.output.LayerNorm,LayerNorm,0.0245,0.375,491520.0,1536,0,35,0.0251,analytic,"[1, 128, 768]","[1, 128, 768]",1214.89,0.0,0.375,cpu_perf_counter,cpu
5,encoder.layer.3.intermediate.dense,Linear,1.6572,1.5,603979776.0,2362368,0,36,1.6578,counter,"[1, 128, 768]","[1, 128, 3072]",1214.89,0.0,1.5,cpu_perf_counter,cpu
5,encoder.layer.3.intermediate.intermediate_act_fn,GELUActivation,0.1252,1.5,0.0,0,0,37,0.1258,none,"[1, 128, 3072]","[1, 128, 3072]",1214.89,0.0,1.5,cpu_perf_counter,cpu
5,encoder.layer.3.output.dense,Linear,1.4524,0.375,603979776.0,2360064,0,38,1.453,counter,"[1, 128, 3072]","[1, 128, 768]",1214.89,0.0,0.375,cpu_perf_counter,cpu
5,encoder.layer.3.output.LayerNorm,LayerNorm,0.0402,0.375,491520.0,1536,0,39,0.0408,analytic,"[1, 128, 768]","[1, 128, 768]",1214.89,0.0,0.375,cpu_perf_counter,cpu
5,encoder.layer.4.attention.self.query,Linear,0.3786,0.375,150994944.0,590592,0,40,0.3792,counter,"[1, 128, 768]","[1, 128, 768]",1214.89,0.0,0.375,cpu_perf_counter,cpu
5,encoder.layer.4.attention.self.key,Linear,0.3792,0.375,150994944.0,590592,0,41,0.3798,counter,"[1, 128, 768]","[1, 128, 768]",1214.89,0.0,0.375,cpu_perf_counter,cpu
5,encoder.layer.4.attention.self.value,Linear,0.3799,0.375,150994944.0,590592,0,42,0.3805,counter,"[1, 128, 768]","[1, 128, 768]",1214.89,0.0,0.375,cpu_perf_counter,cpu
5,encoder.layer.4.attention.output.dense,Linear,0.3688,0.375,150994944.0,590592,0,43,0.3694,counter,"[1, 128, 768]","[1, 128, 768]",1214.89,0.0,0.375,cpu_perf_counter,cpu
5,encoder.layer.4.attention.output.LayerNorm,LayerNorm,0.0246,0.375,491520.0,1536,0,44,0.0252,analytic,"[1, 128, 768]","[1, 128, 768]",1214.89,0.0,0.375,cpu_perf_counter,cpu
5,encoder.layer.4.intermediate.dense,Linear,1.6281,1.5,603979776.0,2362368,0,45,1.6287,counter,"[1, 128, 768]","[1, 128, 3072]",1214.89,0.0,1.5,cpu_perf_counter,cpu
5,encoder.layer.4.intermediate.intermediate_act_fn,GELUActivation,0.1233,1.5,0.0,0,0,46,0.1239,none,"[1, 128, 3072]","[1, 128, 3072]",1214.89,0.0,1.5,cpu_perf_counter,cpu
5,encoder.layer.4.output.dense,Linear,1.4477,0.375,603979776.0,2360064,0,47,1.4483,counter,"[1, 128, 3072]","[1, 128, 768]",1214.89,0.0,0.375,cpu_perf_counter,cpu
5,encoder.layer.4.output.LayerNorm,LayerNorm,0.0396,0.375,491520.0,1536,0,48,0.0402,analytic,"[1, 128, 768]","[1, 128, 768]",1214.89,0.0,0.375,cpu_perf_counter,cpu
5,encoder.layer.5.attention.self.query,Linear,0.3803,0.375,150994944.0,590592,0,49,0.3809,counter,"[1, 128, 768]","[1, 128, 768]",1214.89,0.0,0.375,cpu_perf_counter,cpu
5,encoder.layer.5.attention.self.key,Linear,0.4231,0.375,150994944.0,590592,0,50,0.4237,counter,"[1, 128, 768]","[1, 128, 768]",1214.89,0.0,0.375,cpu_perf_counter,cpu
5,encoder.layer.5.attention.self.value,Linear,0.5517,0.375,150994944.0,590592,0,51,0.5523,counter,"[1, 128, 768]","[1, 128, 768]",1214.89,0.0,0.375,cpu_perf_counter,cpu
5,encoder.layer.5.attention.output.dense,Linear,0.3911,0.375,150994944.0,590592,0,52,0.3917,counter,"[1, 128, 768]","[1, 128, 768]",1214.89,0.0,0.375,cpu_perf_counter,cpu
5,encoder.layer.5.attention.output.LayerNorm,LayerNorm,0.0389,0.375,491520.0,1536,0,53,0.0395,analytic,"[1, 128, 768]","[1, 128, 768]",1214.89,0.0,0.375,cpu_perf_counter,cpu
5,encoder.layer.5.intermediate.dense,Linear,1.8213,1.5,603979776.0,2362368,0,54,1.8219,counter,"[1, 128, 768]","[1, 128, 3072]",1214.89,0.0,1.5,cpu_perf_counter,cpu
5,encoder.layer.5.intermediate.intermediate_act_fn,GELUActivation,0.1484,1.5,0.0,0,0,55,0.149,none,"[1, 128, 3072]","[1, 128, 3072]",1214.89,0.0,1.5,cpu_perf_counter,cpu
5,encoder.layer.5.output.dense,Linear,1.4781,0.375,603979776.0,2360064,0,56,1.4787,counter,"[1, 128, 3072]","[1, 128, 768]",1214.89,0.0,0.375,cpu_perf_counter,cpu
5,encoder.layer.5.output.LayerNorm,LayerNorm,0.0454,0.375,491520.0,1536,0,57,0.046,analytic,"[1, 128, 768]","[1, 128, 768]",1214.89,0.0,0.375,cpu_perf_counter,cpu
5,encoder.layer.6.attention.self.query,Linear,0.3884,0.375,150994944.0,590592,0,58,0.389,counter,"[1, 128, 768]","[1, 128, 768]",1214.89,0.0,0.375,cpu_perf_counter,cpu
5,encoder.layer.6.attention.self.key,Linear,0.3772,0.375,150994944.0,590592,0,59,0.3778,counter,"[1, 128, 768]","[1, 128, 768]",1214.89,0.0,0.375,cpu_perf_counter,cpu
5,encoder.layer.6.attention.self.value,Linear,0.3772,0.375,150994944.0,590592,0,60,0.3778,counter,"[1, 128, 768]","[1, 128, 768]",1214.89,0.0,0.375,cpu_perf_counter,cpu
5,encoder.layer.6.attention.output.dense,Linear,0.3798,0.375,150994944.0,590592,0,61,0.3804,counter,"[1, 128, 768]","[1, 128, 768]",1214.89,0.0,0.375,cpu_perf_counter,cpu
5,encoder.layer.6.attention.output.LayerNorm,LayerNorm,0.0304,0.375,491520.0,1536,0,62,0.031,analytic,"[1, 128, 768]","[1, 128, 768]",1214.89,0.0,0.375,cpu_perf_counter,cpu
5,encoder.layer.6.intermediate.dense,Linear,1.7454,1.5,603979776.0,2362368,0,63,1.746,counter,"[1, 128, 768]","[1, 128, 3072]",1214.89,0.0,1.5,cpu_perf_counter,cpu
5,encoder.layer.6.intermediate.intermediate_act_fn,GELUActivation,0.1422,1.5,0.0,0,0,64,0.1428,none,"[1, 128, 3072]","[1, 128, 3072]",1214.89,0.0,1.5,cpu_perf_counter,cpu
5,encoder.layer.6.output.dense,Linear,1.4765,0.375,603979776.0,2360064,0,65,1.4771,counter,"[1, 128, 3072]","[1, 128, 768]",1214.89,0.0,0.375,cpu_perf_counter,cpu
5,encoder.layer.6.output.LayerNorm,LayerNorm,0.0436,0.375,491520.0,1536,0,66,0.0442,analytic,"[1, 128, 768]","[1, 128, 768]",1214.89,0.0,0.375,cpu_perf_counter,cpu
5,encoder.layer.7.attention.self.query,Linear,0.3894,0.375,150994944.0,590592,0,67,0.39,counter,"[1, 128, 768]","[1, 128, 768]",1214.89,0.0,0.375,cpu_perf_counter,cpu
5,encoder.layer.7.attention.self.key,Linear,0.3727,0.375,150994944.0,590592,0,68,0.3733,counter,"[1, 128, 768]","[1, 128, 768]",1214.89,0.0,0.375,cpu_perf_counter,cpu
5,encoder.layer.7.attention.self.value,Linear,0.3806,0.375,150994944.0,590592,0,69,0.3812,counter,"[1, 128, 768]","[1, 128, 768]",1214.89,0.0,0.375,cpu_perf_counter,cpu
5,encoder.layer.7.attention.output.dense,Linear,0.3873,0.375,150994944.0,590592,0,70,0.3879,counter,"[1, 128, 768]","[1, 128, 768]",1214.89,0.0,0.375,cpu_perf_counter,cpu
5,encoder.layer.7.attention.output.LayerNorm,LayerNorm,0.0286,0.375,491520.0,1536,0,71,0.0292,analytic,"[1, 128, 768]","[1, 128, 768]",1214.89,0.0,0.375,cpu_perf_counter,cpu
5,encoder.layer.7.intermediate.dense,Linear,1.7366,1.5,603979776.0,2362368,0,72,1.7372,counter,"[1, 128, 768]","[1, 128, 3072]",1214.89,0.0,1.5,cpu_perf_counter,cpu
5,encoder.layer.7.intermediate.intermediate_act_fn,GELUActivation,0.1413,1.5,0.0,0,0,73,0.1419,none,"[1, 128, 3072]","[1, 128, 3072]",1214.89,0.0,1.5,cpu_perf_counter,cpu
5,encoder.layer.7.output.dense,Linear,1.5158,0.375,603979776.0,2360064,0,74,1.5164,counter,"[1, 128, 3072]","[1, 128, 768]",1214.89,0.0,0.375,cpu_perf_counter,cpu
5,encoder.layer.7.output.LayerNorm,LayerNorm,0.0485,0.375,491520.0,1536,0,75,0.0491,analytic,"[1, 128, 768]","[1, 128, 768]",1214.89,0.0,0.375,cpu_perf_counter,cpu
5,encoder.layer.8.attention.self.query,Linear,0.4123,0.375,150994944.0,590592,0,76,0.4129,counter,"[1, 128, 768]","[1, 128, 768]",1214.89,0.0,0.375,cpu_perf_counter,cpu
5,encoder.layer.8.attention.self.key,Linear,0.4097,0.375,150994944.0,590592,0,77,0.4103,counter,"[1, 128, 768]","[1, 128, 768]",1214.89,0.0,0.375,cpu_perf_counter,cpu
5,encoder.layer.8.attention.self.value,Linear,0.4028,0.375,150994944.0,590592,0,78,0.4034,counter,"[1, 128, 768]","[1, 128, 768]",1214.89,0.0,0.375,cpu_perf_counter,cpu
5,encoder.layer.8.attention.output.dense,Linear,0.404,0.375,150994944.0,590592,0,79,0.4046,counter,"[1, 128, 768]","[1, 128, 768]",1214.89,0.0,0.375,cpu_perf_counter,cpu
5,encoder.layer.8.attention.output.LayerNorm,LayerNorm,0.0366,0.375,491520.0,1536,0,80,0.0372,analytic,"[1, 128, 768]","[1, 128, 768]",1214.89,0.0,0.375,cpu_perf_counter,cpu
5,encoder.layer.8.intermediate.dense,Linear,1.8562,1.5,603979776.0,2362368,0,81,1.8568,counter,"[1, 128, 768]","[1, 128, 3072]",1214.89,0.0,1.5,cpu_perf_counter,cpu
5,encoder.layer.8.intermediate.intermediate_act_fn,GELUActivation,0.15,1.5,0.0,0,0,82,0.1506,none,"[1, 128, 3072]","[1, 128, 3072]",1214.89,0.0,1.5,cpu_perf_counter,cpu
5,encoder.layer.8.output.dense,Linear,1.4807,0.375,603979776.0,2360064,0,83,1.4813,counter,"[1, 128, 3072]","[1, 128, 768]",1214.89,0.0,0.375,cpu_perf_counter,cpu
5,encoder.layer.8.output.LayerNorm,LayerNorm,0.044,0.375,491520.0,1536,0,84,0.0446,analytic,"[1, 128, 768]","[1, 128, 768]",1214.89,0.0,0.375,cpu_perf_counter,cpu
5,encoder.layer.9.attention.self.query,Linear,0.3962,0.375,150994944.0,590592,0,85,0.3968,counter,"[1, 128, 768]","[1, 128, 768]",1214.89,0.0,0.375,cpu_perf_counter,cpu
5,encoder.layer.9.attention.self.key,Linear,0.3939,0.375,150994944.0,590592,0,86,0.3945,counter,"[1, 128, 768]","[1, 128, 768]",1214.89,0.0,0.375,cpu_perf_counter,cpu
5,encoder.layer.9.attention.self.value,Linear,0.384,0.375,150994944.0,590592,0,87,0.3846,counter,"[1, 128, 768]","[1, 128, 768]",1214.89,0.0,0.375,cpu_perf_counter,cpu
5,encoder.layer.9.attention.output.dense,Linear,0.3914,0.375,150994944.0,590592,0,88,0.392,counter,"[1, 128, 768]","[1, 128, 768]",1214.89,0.0,0.375,cpu_perf_counter,cpu
5,encoder.layer.9.attention.output.LayerNorm,LayerNorm,0.0315,0.375,491520.0,1536,0,89,0.0321,analytic,"[1, 128, 768]","[1, 128, 768]",1214.89,0.0,0.375,cpu_perf_counter,cpu
5,encoder.layer.9.intermediate.dense,Linear,1.9029,1.5,603979776.0,2362368,0,90,1.9035,counter,"[1, 128, 768]","[1, 128, 3072]",1214.89,0.0,1.5,cpu_perf_counter,cpu
5,encoder.layer.9.intermediate.intermediate_act_fn,GELUActivation,0.144,1.5,0.0,0,0,91,0.1446,none,"[1, 128, 3072]","[1, 128, 3072]",1214.89,0.0,1.5,cpu_perf_counter,cpu
5,encoder.layer.9.output.dense,Linear,1.5314,0.375,603979776.0,2360064,0,92,1.532,counter,"[1, 128, 3072]","[1, 128, 768]",1214.89,0.0,0.375,cpu_perf_counter,cpu
5,encoder.layer.9.output.LayerNorm,LayerNorm,0.0438,0.375,491520.0,1536,0,93,0.0444,analytic,"[1, 128, 768]","[1, 128, 768]",1214.89,0.0,0.375,cpu_perf_counter,cpu
5,encoder.layer.10.attention.self.query,Linear,0.3935,0.375,150994944.0,590592,0,94,0.3941,counter,"[1, 128, 768]","[1, 128, 768]",1214.89,0.0,0.375,cpu_perf_counter,cpu
5,encoder.layer.10.attention.self.key,Linear,0.3798,0.375,150994944.0,590592,0,95,0.3804,counter,"[1, 128, 768]","[1, 128, 768]",1214.89,0.0,0.375,cpu_perf_counter,cpu
5,encoder.layer.10.attention.self.value,Linear,0.3897,0.375,150994944.0,590592,0,96,0.3903,counter,"[1, 128, 768]","[1, 128, 768]",1214.89,0.0,0.375,cpu_perf_counter,cpu
5,encoder.layer.10.attention.output.dense,Linear,0.4697,0.375,150994944.0,590592,0,97,0.4703,counter,"[1, 128, 768]","[1, 128, 768]",1214.89,0.0,0.375,cpu_perf_counter,cpu
5,encoder.layer.10.attention.output.LayerNorm,LayerNorm,0.0352,0.375,491520.0,1536,0,98,0.0358,analytic,"[1, 128, 768]","[1, 128, 768]",1214.89,0.0,0.375,cpu_perf_counter,cpu
5,encoder.layer.10.intermediate.dense,Linear,1.7794,1.5,603979776.0,2362368,0,99,1.78,counter,"[1, 128, 768]","[1, 128, 3072]",1214.89,0.0,1.5,cpu_perf_counter,cpu
5,encoder.layer.10.intermediate.intermediate_act_fn,GELUActivation,0.1459,1.5,0.0,0,0,100,0.1465,none,"[1, 128, 3072]","[1, 128, 3072]",1214.89,0.0,1.5,cpu_perf_counter,cpu
5,encoder.layer.10.output.dense,Linear,1.4995,0.375,603979776.0,2360064,0,101,1.5001,counter,"[1, 128, 3072]","[1, 128, 768]",1214.89,0.0,0.375,cpu_perf_counter,cpu
5,encoder.layer.10.output.LayerNorm,LayerNorm,0.0466,0.375,491520.0,1536,0,102,0.0472,analytic,"[1, 128, 768]","[1, 128, 768]",1214.89,0.0,0.375,cpu_perf_counter,cpu
5,encoder.layer.11.attention.self.query,Linear,0.4153,0.375,150994944.0,590592,0,103,0.4159,counter,"[1, 128, 768]","[1, 128, 768]",1214.89,0.0,0.375,cpu_perf_counter,cpu
5,encoder.layer.11.attention.self.key,Linear,0.3909,0.375,150994944.0,590592,0,104,0.3915,counter,"[1, 128, 768]","[1, 128, 768]",1214.89,0.0,0.375,cpu_perf_counter,cpu
5,encoder.layer.11.attention.self.value,Linear,0.3813,0.375,150994944.0,590592,0,105,0.3819,counter,"[1, 128, 768]","[1, 128, 768]",1214.89,0.0,0.375,cpu_perf_counter,cpu
5,encoder.layer.11.attention.output.dense,Linear,0.3764,0.375,150994944.0,590592,0,106,0.377,counter,"[1, 128, 768]","[1, 128, 768]",1214.89,0.0,0.375,cpu_perf_counter,cpu
5,encoder.layer.11.attention.output.LayerNorm,LayerNorm,0.0321,0.375,491520.0,1536,0,107,0.0327,analytic,"[1, 128, 768]","[1, 128, 768]",1214.89,0.0,0.375,cpu_perf_counter,cpu
5,encoder.layer.11.intermediate.dense,Linear,1.7294,1.5,603979776.0,2362368,0,108,1.73,counter,"[1, 128, 768]","[1, 128, 3072]",1214.89,0.0,1.5,cpu_perf_counter,cpu
5,encoder.layer.11.intermediate.intermediate_act_fn,GELUActivation,0.1233,1.5,0.0,0,0,109,0.1239,none,"[1, 128, 3072]","[1, 128, 3072]",1214.89,0.0,1.5,cpu_perf_counter,cpu
5,encoder.layer.11.output.dense,Linear,1.453,0.375,603979776.0,2360064,0,110,1.4536,counter,"[1, 128, 3072]","[1, 128, 768]",1214.89,0.0,0.375,cpu_perf_counter,cpu
5,encoder.layer.11.output.LayerNorm,LayerNorm,0.0372,0.375,491520.0,1536,0,111,0.0378,analytic,"[1, 128, 768]","[1, 128, 768]",1214.89,0.0,0.375,cpu_perf_counter,cpu
5,pooler.dense,Linear,0.1181,0.00293,1179648.0,590592,0,112,0.1187,counter,"[1, 768]","[1, 768]",1214.89,0.0,0.003,cpu_perf_counter,cpu
5,pooler.activation,Tanh,0.0154,0.00293,3072.0,0,0,113,0.016,analytic,"[1, 768]","[1, 768]",1214.89,0.0,0.003,cpu_perf_counter,cpu
6,embeddings.word_embeddings,Embedding,0.0487,0.375,0.0,23440896,0,0,0.0493,none,"[1, 128]","[1, 128, 768]",1214.89,0.0,0.375,cpu_perf_counter,cpu
6,embeddings.token_type_embeddings,Embedding,0.0208,0.375,0.0,1536,0,1,0.0214,none,"[1, 128]","[1, 128, 768]",1214.89,0.0,0.375,cpu_perf_counter,cpu
6,embeddings.position_embeddings,Embedding,0.024,0.375,0.0,393216,0,2,0.0246,none,"[1, 128]","[1, 128, 768]",1214.89,0.0,0.375,cpu_perf_counter,cpu
6,embeddings.LayerNorm,LayerNorm,0.0247,0.375,491520.0,1536,0,3,0.0253,analytic,"[1, 128, 768]","[1, 128, 768]",1214.89,0.0,0.375,cpu_perf_counter,cpu
6,encoder.layer.0.attention.self.query,Linear,0.3684,0.375,150994944.0,590592,0,4,0.369,counter,"[1, 128, 768]","[1, 128, 768]",1214.89,0.0,0.375,cpu_perf_counter,cpu
6,encoder.layer.0.attention.self.key,Linear,0.3585,0.375,150994944.0,590592,0,5,0.3591,counter,"[1, 128, 768]","[1, 128, 768]",1214.89,0.0,0.375,cpu_perf_counter,cpu
6,encoder.layer.0.attention.self.value,Linear,0.3707,0.375,150994944.0,590592,0,6,0.3713,counter,"[1, 128, 768]","[1, 128, 768]",1214.89,0.0,0.375,cpu_perf_counter,cpu
6,encoder.layer.0.attention.output.dense,Linear,0.3714,0.375,150994944.0,590592,0,7,0.372,counter,"[1, 128, 768]","[1, 128, 768]",1214.89,0.0,0.375,cpu_perf_counter,cpu
6,encoder.layer.0.attention.output.LayerNorm,LayerNorm,0.0247,0.375,491520.0,1536,0,8,0.0253,analytic,"[1, 128, 768]","[1, 128, 768]",1214.89,0.0,0.375,cpu_perf_counter,cpu
6,encoder.layer.0.intermediate.dense,Linear,1.7029,1.5,603979776.0,2362368,0,9,1.7035,counter,"[1, 128, 768]","[1, 128, 3072]",1214.89,0.0,1.5,cpu_perf_counter,cpu
6,encoder.layer.0.intermediate.intermediate_act_fn,GELUActivation,0.1257,1.5,0.0,0,0,10,0.1263,none,"[1, 128, 3072]","[1, 128, 3072]",1214.89,0.0,1.5,cpu_perf_counter,cpu
6,encoder.layer.0.output.dense,Linear,1.4719,0.375,603979776.0,2360064,0,11,1.4725,counter,"[1, 128, 3072]","[1, 128, 768]",1214.89,0.0,0.375,cpu_perf_counter,cpu
6,encoder.layer.0.output.LayerNorm,LayerNorm,0.0422,0.375,491520.0,1536,0,12,0.0428,analytic,"[1, 128, 768]","[1, 128, 768]",1214.89,0.0,0.375,cpu_perf_counter,cpu
6,encoder.layer.1.attention.self.query,Linear,0.4305,0.375,150994944.0,590592,0,13,0.4311,counter,"[1, 128, 768]","[1, 128, 768]",1214.89,0.0,0.375,cpu_perf_counter,cpu
6,encoder.layer.1.attention.self.key,Linear,0.3742,0.375,150994944.0,590592,0,14,0.3748,counter,"[1, 128, 768]","[1, 128, 768]",1214.89,0.0,0.375,cpu_perf_counter,cpu
6,encoder.layer.1.attention.self.value,Linear,0.3772,0.375,150994944.0,590592,0,15,0.3778,counter,"[1, 128, 768]","[1, 128, 768]",1214.89,0.0,0.375,cpu_perf_counter,cpu
6,encoder.layer.1.attention.output.dense,Linear,0.3814,0.375,150994944.0,590592,0,16,0.382,counter,"[1, 128, 768]","[1, 128, 768]",1214.89,0.0,0.375,cpu_perf_counter,cpu
6,encoder.layer.1.attention.output.LayerNorm,LayerNorm,0.0311,0.375,491520.0,1536,0,17,0.0317,analytic,"[1, 128, 768]","[1, 128, 768]",1214.89,0.0,0.375,cpu_perf_counter,cpu
6,encoder.layer.1.intermediate.dense,Linear,1.6876,1.5,603979776.0,2362368,0,18,1.6882,counter,"[1, 128, 768]","[1, 128, 3072]",1214.89,0.0,1.5,cpu_perf_counter,cpu
6,encoder.layer.1.intermediate.intermediate_act_fn,GELUActivation,0.1356,1.5,0.0,0,0,19,0.1362,none,"[1, 128, 3072]","[1, 128, 3072]",1214.89,0.0,1.5,cpu_perf_counter,cpu
6,encoder.layer.1.output.dense,Linear,1.4647,0.375,603979776.0,2360064,0,20,1.4653,counter,"[1, 128, 3072]","[1, 128, 768]",1214.89,0.0,0.375,cpu_perf_counter,cpu
6,encoder.layer.1.output.LayerNorm,LayerNorm,0.0407,0.375,491520.0,1536,0,21,0.0413,analytic,"[1, 128, 768]","[1, 128, 768]",1214.89,0.0,0.375,cpu_perf_counter,cpu
6,encoder.layer.2.attention.self.query,Linear,0.3838,0.375,150994944.0,590592,0,22,0.3844,counter,"[1, 128, 768]","[1, 128, 768]",1214.89,0.0,0.375,cpu_perf_counter,cpu
6,encoder.layer.2.attention.self.key,Linear,0.375,0.375,150994944.0,590592,0,23,0.3756,counter,"[1, 128, 768]","[1, 128, 768]",1214.89,0.0,0.375,cpu_perf_counter,cpu
6,encoder.layer.2.attention.self.value,Linear,0.3683,0.375,150994944.0,590592,0,24,0.3689,counter,"[1, 128, 768]","[1, 128, 768]",1214.89,0.0,0.375,cpu_perf_counter,cpu
6,encoder.layer.2.attention.output.dense,Linear,0.3823,0.375,150994944.0,590592,0,25,0.3829,counter,"[1, 128, 768]","[1, 128, 768]",1214.89,0.0,0.375,cpu_perf_counter,cpu
6,encoder.layer.2.attention.output.LayerNorm,LayerNorm,0.0304,0.375,491520.0,1536,0,26,0.031,analytic,"[1, 128, 768]","[1, 128, 768]",1214.89,0.0,0.375,cpu_perf_counter,cpu
6,encoder.layer.2.intermediate.dense,Linear,1.7012,1.5,603979776.0,2362368,0,27,1.7018,counter,"[1, 128, 768]","[1, 128, 3072]",1214.89,0.0,1.5,cpu_perf_counter,cpu
6,encoder.layer.2.intermediate.intermediate_act_fn,GELUActivation,0.1259,1.5,0.0,0,0,28,0.1265,none,"[1, 128, 3072]","[1, 128, 3072]",1214.89,0.0,1.5,cpu_perf_counter,cpu
6,encoder.layer.2.output.dense,Linear,1.4454,0.375,603979776.0,2360064,0,29,1.446,counter,"[1, 128, 3072]","[1, 128, 768]",1214.89,0.0,0.375,cpu_perf_counter,cpu
6,encoder.layer.2.output.LayerNorm,LayerNorm,0.039,0.375,491520.0,1536,0,30,0.0396,analytic,"[1, 128, 768]","[1, 128, 768]",1214.89,0.0,0.375,cpu_perf_counter,cpu
6,encoder.layer.3.attention.self.query,Linear,0.3826,0.375,150994944.0,590592,0,31,0.3832,counter,"[1, 128, 768]","[1, 128, 768]",1214.89,0.0,0.375,cpu_perf_counter,cpu
6,encoder.layer.3.attention.self.key,Linear,0.3745,0.375,150994944.0,590592,0,32,0.3751,counter,"[1, 128, 768]","[1, 128, 768]",1214.89,0.0,0.375,cpu_perf_counter,cpu
6,encoder.layer.3.attention.self.value,Linear,0.3797,0.375,150994944.0,590592,0,33,0.3803,counter,"[1, 128, 768]","[1, 128, 768]",1214.89,0.0,0.375,cpu_perf_counter,cpu
6,encoder.layer.3.attention.output.dense,Linear,0.3794,0.375,150994944.0,590592,0,34,0.38,counter,"[1, 128, 768]","[1, 128, 768]",1214.89,0.0,0.375,cpu_perf_counter,cpu
6,encoder.layer.3.attention.output.LayerNorm,LayerNorm,0.0265,0.375,491520.0,1536,0,35,0.0271,analytic,"[1, 128, 768]","[1, 128, 768]",1214.89,0.0,0.375,cpu_perf_counter,cpu
6,encoder.layer.3.intermediate.dense,Linear,1.7318,1.5,603979776.0,2362368,0,36,1.7324,counter,"[1, 128, 768]","[1, 128, 3072]",1214.89,0.0,1.5,cpu_perf_counter,cpu
6,encoder.layer.3.intermediate.intermediate_act_fn,GELUActivation,0.1278,1.5,0.0,0,0,37,0.1284,none,"[1, 128, 3072]","[1, 128, 3072]",1214.89,0.0,1.5,cpu_perf_counter,cpu
6,encoder.layer.3.output.dense,Linear,1.3892,0.375,603979776.0,2360064,0,38,1.3898,counter,"[1, 128, 3072]","[1, 128, 768]",1214.89,0.0,0.375,cpu_perf_counter,cpu
6,encoder.layer.3.output.LayerNorm,LayerNorm,0.0405,0.375,491520.0,1536,0,39,0.0411,analytic,"[1, 128, 768]","[1, 128, 768]",1214.89,0.0,0.375,cpu_perf_counter,cpu
6,encoder.layer.4.attention.self.query,Linear,0.3832,0.375,150994944.0,590592,0,40,0.3838,counter,"[1, 128, 768]","[1, 128, 768]",1214.89,0.0,0.375,cpu_perf_counter,cpu
6,encoder.layer.4.attention.self.key,Linear,0.388,0.375,150994944.0,590592,0,41,0.3886,counter,"[1, 128, 768]","[1, 128, 768]",1214.89,0.0,0.375,cpu_perf_counter,cpu
6,encoder.layer.4.attention.self.value,Linear,0.3723,0.375,150994944.0,590592,0,42,0.3729,counter,"[1, 128, 768]","[1, 128, 768]",1214.89,0.0,0.375,cpu_perf_counter,cpu
6,encoder.layer.4.attention.output.dense,Linear,0.369,0.375,150994944.0,590592,0,43,0.3696,counter,"[1, 128, 768]","[1, 128, 768]",1214.89,0.0,0.375,cpu_perf_counter,cpu
6,encoder.layer.4.attention.output.LayerNorm,LayerNorm,0.0259,0.375,491520.0,1536,0,44,0.0265,analytic,"[1, 128, 768]","[1, 128, 768]",1214.89,0.0,0.375,cpu_perf_counter,cpu
6,encoder.layer.4.intermediate.dense,Linear,1.7659,1.5,603979776.0,2362368,0,45,1.7665,counter,"[1, 128, 768]","[1, 128, 3072]",1214.89,0.0,1.5,cpu_perf_counter,cpu
6,encoder.layer.4.intermediate.intermediate_act_fn,GELUActivation,0.1401,1.5,0.0,0,0,46,0.1407,none,"[1, 128, 3072]","[1, 128, 3072]",1214.89,0.0,1.5,cpu_perf_counter,cpu
6,encoder.layer.4.output.dense,Linear,1.4814,0.375,603979776.0,2360064,0,47,1.482,counter,"[1, 128, 3072]","[1, 128, 768]",1214.89,0.0,0.375,cpu_perf_counter,cpu
6,encoder.layer.4.output.LayerNorm,LayerNorm,0.0399,0.375,491520.0,1536,0,48,0.0405,analytic,"[1, 128, 768]","[1, 128, 768]",1214.89,0.0,0.375,cpu_perf_counter,cpu
6,encoder.layer.5.attention.self.query,Linear,0.3852,0.375,150994944.0,590592,0,49,0.3858,counter,"[1, 128, 768]","[1, 128, 768]",1214.89,0.0,0.375,cpu_perf_counter,cpu
6,encoder.layer.5.attention.self.key,Linear,0.3747,0.375,150994944.0,590592,0,50,0.3753,counter,"[1, 128, 768]","[1, 128, 768]",1214.89,0.0,0.375,cpu_perf_counter,cpu
6,encoder.layer.5.attention.self.value,Linear,0.3697,0.375,150994944.0,590592,0,51,0.3703,counter,"[1, 128, 768]","[1, 128, 768]",1214.89,0.0,0.375,cpu_perf_counter,cpu
6,encoder.layer.5.attention.output.dense,Linear,0.3798,0.375,150994944.0,590592,0,52,0.3804,counter,"[1, 128, 768]","[1, 128, 768]",1214.89,0.0,0.375,cpu_perf_counter,cpu
6,encoder.layer.5.attention.output.LayerNorm,LayerNorm,0.0319,0.375,491520.0,1536,0,53,0.0325,analytic,"[1, 128, 768]","[1, 128, 768]",1214.89,0.0,0.375,cpu_perf_counter,cpu
6,encoder.layer.5.intermediate.dense,Linear,1.7209,1.5,603979776.0,2362368,0,54,1.7215,counter,"[1, 128, 768]","[1, 128, 3072]",1214.89,0.0,1.5,cpu_perf_counter,cpu
6,encoder.layer.5.intermediate.intermediate_act_fn,GELUActivation,0.1243,1.5,0.0,0,0,55,0.1249,none,"[1, 128, 3072]","[1, 128, 3072]",1214.89,0.0,1.5,cpu_perf_counter,cpu
6,encoder.layer.5.output.dense,Linear,1.4596,0.375,603979776.0,2360064,0,56,1.4602,counter,"[1, 128, 3072]","[1, 128, 768]",1214.89,0.0,0.375,cpu_perf_counter,cpu
6,encoder.layer.5.output.LayerNorm,LayerNorm,0.0401,0.375,491520.0,1536,0,57,0.0407,analytic,"[1, 128, 768]","[1, 128, 768]",1214.89,0.0,0.375,cpu_perf_counter,cpu
6,encoder.layer.6.attention.self.query,Linear,0.3786,0.375,150994944.0,590592,0,58,0.3792,counter,"[1, 128, 768]","[1, 128, 768]",1214.89,0.0,0.375,cpu_perf_counter,cpu
6,encoder.layer.6.attention.self.key,Linear,0.3752,0.375,150994944.0,590592,0,59,0.3758,counter,"[1, 128, 768]","[1, 128, 768]",1214.89,0.0,0.375,cpu_perf_counter,cpu
6,encoder.layer.6.attention.self.value,Linear,0.3703,0.375,150994944.0,590592,0,60,0.3709,counter,"[1, 128, 768]","[1, 128, 768]",1214.89,0.0,0.375,cpu_perf_counter,cpu
6,encoder.layer.6.attention.output.dense,Linear,0.4225,0.375,150994944.0,590592,0,61,0.4231,counter,"[1, 128, 768]","[1, 128, 768]",1214.89,0.0,0.375,cpu_perf_counter,cpu
6,encoder.layer.6.attention.output.LayerNorm,LayerNorm,0.0335,0.375,491520.0,1536,0,62,0.0341,analytic,"[1, 128, 768]","[1, 128, 768]",1214.89,0.0,0.375,cpu_perf_counter,cpu
6,encoder.layer.6.intermediate.dense,Linear,1.7286,1.5,603979776.0,2362368,0,63,1.7292,counter,"[1, 128, 768]","[1, 128, 3072]",1214.89,0.0,1.5,cpu_perf_counter,cpu
6,encoder.layer.6.intermediate.intermediate_act_fn,GELUActivation,0.1294,1.5,0.0,0,0,64,0.13,none,"[1, 128, 3072]","[1, 128, 3072]",1214.89,0.0,1.5,cpu_perf_counter,cpu
6,encoder.layer.6.output.dense,Linear,1.4577,0.375,603979776.0,2360064,0,65,1.4583,counter,"[1, 128, 3072]","[1, 128, 768]",1214.89,0.0,0.375,cpu_perf_counter,cpu
6,encoder.layer.6.output.LayerNorm,LayerNorm,0.0412,0.375,491520.0,1536,0,66,0.0418,analytic,"[1, 128, 768]","[1, 128, 768]",1214.89,0.0,0.375,cpu_perf_counter,cpu
6,encoder.layer.7.attention.self.query,Linear,0.3934,0.375,150994944.0,590592,0,67,0.394,counter,"[1, 128, 768]","[1, 128, 768]",1214.89,0.0,0.375,cpu_perf_counter,cpu
6,encoder.layer.7.attention.self.key,Linear,0.3811,0.375,150994944.0,590592,0,68,0.3817,counter,"[1, 128, 768]","[1, 128, 768]",1214.89,0.0,0.375,cpu_perf_counter,cpu
6,encoder.layer.7.attention.self.value,Linear,0.3834,0.375,150994944.0,590592,0,69,0.384,counter,"[1, 128, 768]","[1, 128, 768]",1214.89,0.0,0.375,cpu_perf_counter,cpu
6,encoder.layer.7.attention.output.dense,Linear,0.3945,0.375,150994944.0,590592,0,70,0.3951,counter,"[1, 128, 768]","[1, 128, 768]",1214.89,0.0,0.375,cpu_perf_counter,cpu
6,encoder.layer.7.attention.output.LayerNorm,LayerNorm,0.0429,0.375,491520.0,1536,0,71,0.0435,analytic,"[1, 128, 768]","[1, 128, 768]",1214.89,0.0,0.375,cpu_perf_counter,cpu
6,encoder.layer.7.intermediate.dense,Linear,1.7551,1.5,603979776.0,2362368,0,72,1.7557,counter,"[1, 128, 768]","[1, 128, 3072]",1214.89,0.0,1.5,cpu_perf_counter,cpu
6,encoder.layer.7.intermediate.intermediate_act_fn,GELUActivation,0.1281,1.5,0.0,0,0,73,0.1287,none,"[1, 128, 3072]","[1, 128, 3072]",1214.89,0.0,1.5,cpu_perf_counter,cpu
6,encoder.layer.7.output.dense,Linear,1.466,0.375,603979776.0,2360064,0,74,1.4666,counter,"[1, 128, 3072]","[1, 128, 768]",1214.89,0.0,0.375,cpu_perf_counter,cpu
6,encoder.layer.7.output.LayerNorm,LayerNorm,0.0409,0.375,491520.0,1536,0,75,0.0415,analytic,"[1, 128, 768]","[1, 128, 768]",1214.89,0.0,0.375,cpu_perf_counter,cpu
6,encoder.layer.8.attention.self.query,Linear,0.3818,0.375,150994944.0,590592,0,76,0.3824,counter,"[1, 128, 768]","[1, 128, 768]",1214.89,0.0,0.375,cpu_perf_counter,cpu
6,encoder.layer.8.attention.self.key,Linear,0.3745,0.375,150994944.0,590592,0,77,0.3751,counter,"[1, 128, 768]","[1, 128, 768]",1214.89,0.0,0.375,cpu_perf_counter,cpu
6,encoder.layer.8.attention.self.value,Linear,0.3684,0.375,150994944.0,590592,0,78,0.369,counter,"[1, 128, 768]","[1, 128, 768]",1214.89,0.0,0.375,cpu_perf_counter,cpu
6,encoder.layer.8.attention.output.dense,Linear,0.3793,0.375,150994944.0,590592,0,79,0.3799,counter,"[1, 128, 768]","[1, 128, 768]",1214.89,0.0,0.375,cpu_perf_counter,cpu
6,encoder.layer.8.attention.output.LayerNorm,LayerNorm,0.0263,0.375,491520.0,1536,0,80,0.0269,analytic,"[1, 128, 768]","[1, 128, 768]",1214.89,0.0,0.375,cpu_perf_counter,cpu
6,encoder.layer.8.intermediate.dense,Linear,1.7492,1.5,603979776.0,2362368,0,81,1.7498,counter,"[1, 128, 768]","[1, 128, 3072]",1214.89,0.0,1.5,cpu_perf_counter,cpu
6,encoder.layer.8.intermediate.intermediate_act_fn,GELUActivation,0.1236,1.5,0.0,0,0,82,0.1242,none,"[1, 128, 3072]","[1, 128, 3072]",1214.89,0.0,1.5,cpu_perf_counter,cpu
6,encoder.layer.8.output.dense,Linear,1.4388,0.375,603979776.0,2360064,0,83,1.4394,counter,"[1, 128, 3072]","[1, 128, 768]",1214.89,0.0,0.375,cpu_perf_counter,cpu
6,encoder.layer.8.output.LayerNorm,LayerNorm,0.0408,0.375,491520.0,1536,0,84,0.0414,analytic,"[1, 128, 768]","[1, 128, 768]",1214.89,0.0,0.375,cpu_perf_counter,cpu
6,encoder.layer.9.attention.self.query,Linear,0.3883,0.375,150994944.0,590592,0,85,0.3889,counter,"[1, 128, 768]","[1, 128, 768]",1214.89,0.0,0.375,cpu_perf_counter,cpu
6,encoder.layer.9.attention.self.key,Linear,0.4808,0.375,150994944.0,590592,0,86,0.4814,counter,"[1, 128, 768]","[1, 128, 768]",1214.89,0.0,0.375,cpu_perf_counter,cpu
6,encoder.layer.9.attention.self.value,Linear,0.4306,0.375,150994944.0,590592,0,87,0.4312,counter,"[1, 128, 768]","[1, 128, 768]",1214.89,0.0,0.375,cpu_perf_counter,cpu
6,encoder.layer.9.attention.output.dense,Linear,0.4355,0.375,150994944.0,590592,0,88,0.4361,counter,"[1, 128, 768]","[1, 128, 768]",1214.89,0.0,0.375,cpu_perf_counter,cpu
6,encoder.layer.9.attention.output.LayerNorm,LayerNorm,0.0458,0.375,491520.0,1536,0,89,0.0464,analytic,"[1, 128, 768]","[1, 128, 768]",1214.89,0.0,0.375,cpu_perf_counter,cpu
6,encoder.layer.9.intermediate.dense,Linear,2.0813,1.5,603979776.0,2362368,0,90,2.0819,counter,"[1, 128, 768]","[1, 128, 3072]",1214.89,0.0,1.5,cpu_perf_counter,cpu
6,encoder.layer.9.intermediate.intermediate_act_fn,GELUActivation,0.1565,1.5,0.0,0,0,91,0.1571,none,"[1, 128, 3072]","[1, 128, 3072]",1214.89,0.0,1.5,cpu_perf_counter,cpu
6,encoder.layer.9.output.dense,Linear,1.791,0.375,603979776.0,2360064,0,92,1.7916,counter,"[1, 128, 3072]","[1, 128, 768]",1214.89,0.0,0.375,cpu_perf_counter,cpu
6,encoder.layer.9.output.LayerNorm,LayerNorm,0.0487,0.375,491520.0,1536,0,93,0.0493,analytic,"[1, 128, 768]","[1, 128, 768]",1214.89,0.0,0.375,cpu_perf_counter,cpu
6,encoder.layer.10.attention.self.query,Linear,0.4219,0.375,150994944.0,590592,0,94,0.4225,counter,"[1, 128, 768]","[1, 128, 768]",1214.89,0.0,0.375,cpu_perf_counter,cpu
6,encoder.layer.10.attention.self.key,Linear,0.4001,0.375,150994944.0,590592,0,95,0.4007,counter,"[1, 128, 768]","[1, 128, 768]",1214.89,0.0,0.375,cpu_perf_counter,cpu
6,encoder.layer.10.attention.self.value,Linear,0.3902,0.375,150994944.0,590592,0,96,0.3908,counter,"[1, 128, 768]","[1, 128, 768]",1214.89,0.0,0.375,cpu_perf_counter,cpu
6,encoder.layer.10.attention.output.dense,Linear,0.4109,0.375,150994944.0,590592,0,97,0.4115,counter,"[1, 128, 768]","[1, 128, 768]",1214.89,0.0,0.375,cpu_perf_counter,cpu
6,encoder.layer.10.attention.output.LayerNorm,LayerNorm,0.0352,0.375,491520.0,1536,0,98,0.0358,analytic,"[1, 128, 768]","[1, 128, 768]",1214.89,0.0,0.375,cpu_perf_counter,cpu
6,encoder.layer.10.intermediate.dense,Linear,1.9053,1.5,603979776.0,2362368,0,99,1.9059,counter,"[1, 128, 768]","[1, 128, 3072]",1214.89,0.0,1.5,cpu_perf_counter,cpu
6,encoder.layer.10.intermediate.intermediate_act_fn,GELUActivation,0.1431,1.5,0.0,0,0,100,0.1437,none,"[1, 128, 3072]","[1, 128, 3072]",1214.89,0.0,1.5,cpu_perf_counter,cpu
6,encoder.layer.10.output.dense,Linear,1.5802,0.375,603979776.0,2360064,0,101,1.5808,counter,"[1, 128, 3072]","[1, 128, 768]",1214.89,0.0,0.375,cpu_perf_counter,cpu
6,encoder.layer.10.output.LayerNorm,LayerNorm,0.0433,0.375,491520.0,1536,0,102,0.0439,analytic,"[1, 128, 768]","[1, 128, 768]",1214.89,0.0,0.375,cpu_perf_counter,cpu
6,encoder.layer.11.attention.self.query,Linear,0.4046,0.375,150994944.0,590592,0,103,0.4052,counter,"[1, 128, 768]","[1, 128, 768]",1214.89,0.0,0.375,cpu_perf_counter,cpu
6,encoder.layer.11.attention.self.key,Linear,0.3964,0.375,150994944.0,590592,0,104,0.397,counter,"[1, 128, 768]","[1, 128, 768]",1214.89,0.0,0.375,cpu_perf_counter,cpu
6,encoder.layer.11.attention.self.value,Linear,0.3965,0.375,150994944.0,590592,0,105,0.3971,counter,"[1, 128, 768]","[1, 128, 768]",1214.89,0.0,0.375,cpu_perf_counter,cpu
6,encoder.layer.11.attention.output.dense,Linear,0.4023,0.375,150994944.0,590592,0,106,0.4029,counter,"[1, 128, 768]","[1, 128, 768]",1214.89,0.0,0.375,cpu_perf_counter,cpu
6,encoder.layer.11.attention.output.LayerNorm,LayerNorm,0.033,0.375,491520.0,1536,0,107,0.0336,analytic,"[1, 128, 768]","[1, 128, 768]",1214.89,0.0,0.375,cpu_perf_counter,cpu
6,encoder.layer.11.intermediate.dense,Linear,1.8092,1.5,603979776.0,2362368,0,108,1.8098,counter,"[1, 128, 768]","[1, 128, 3072]",1214.89,0.0,1.5,cpu_perf_counter,cpu
6,encoder.layer.11.intermediate.intermediate_act_fn,GELUActivation,0.1412,1.5,0.0,0,0,109,0.1418,none,"[1, 128, 3072]","[1, 128, 3072]",1214.89,0.0,1.5,cpu_perf_counter,cpu
6,encoder.layer.11.output.dense,Linear,1.6449,0.375,603979776.0,2360064,0,110,1.6455,counter,"[1, 128, 3072]","[1, 128, 768]",1214.89,0.0,0.375,cpu_perf_counter,cpu
6,encoder.layer.11.output.LayerNorm,LayerNorm,0.0426,0.375,491520.0,1536,0,111,0.0432,analytic,"[1, 128, 768]","[1, 128, 768]",1214.89,0.0,0.375,cpu_perf_counter,cpu
6,pooler.dense,Linear,0.1208,0.00293,1179648.0,590592,0,112,0.1214,counter,"[1, 768]","[1, 768]",1214.89,0.0,0.003,cpu_perf_counter,cpu
6,pooler.activation,Tanh,0.0173,0.00293,3072.0,0,0,113,0.0179,analytic,"[1, 768]","[1, 768]",1214.89,0.0,0.003,cpu_perf_counter,cpu
7,embeddings.word_embeddings,Embedding,0.0485,0.375,0.0,23440896,0,0,0.0491,none,"[1, 128]","[1, 128, 768]",1214.89,0.0,0.375,cpu_perf_counter,cpu
7,embeddings.token_type_embeddings,Embedding,0.0212,0.375,0.0,1536,0,1,0.0218,none,"[1, 128]","[1, 128, 768]",1214.89,0.0,0.375,cpu_perf_counter,cpu
7,embeddings.position_embeddings,Embedding,0.022,0.375,0.0,393216,0,2,0.0226,none,"[1, 128]","[1, 128, 768]",1214.89,0.0,0.375,cpu_perf_counter,cpu
7,embeddings.LayerNorm,LayerNorm,0.0264,0.375,491520.0,1536,0,3,0.027,analytic,"[1, 128, 768]","[1, 128, 768]",1214.89,0.0,0.375,cpu_perf_counter,cpu
7,encoder.layer.0.attention.self.query,Linear,0.3806,0.375,150994944.0,590592,0,4,0.3812,counter,"[1, 128, 768]","[1, 128, 768]",1214.89,0.0,0.375,cpu_perf_counter,cpu
7,encoder.layer.0.attention.self.key,Linear,0.3722,0.375,150994944.0,590592,0,5,0.3728,counter,"[1, 128, 768]","[1, 128, 768]",1214.89,0.0,0.375,cpu_perf_counter,cpu
7,encoder.layer.0.attention.self.value,Linear,0.3755,0.375,150994944.0,590592,0,6,0.3761,counter,"[1, 128, 768]","[1, 128, 768]",1214.89,0.0,0.375,cpu_perf_counter,cpu
7,encoder.layer.0.attention.output.dense,Linear,0.3849,0.375,150994944.0,590592,0,7,0.3855,counter,"[1, 128, 768]","[1, 128, 768]",1214.89,0.0,0.375,cpu_perf_counter,cpu
7,encoder.layer.0.attention.output.LayerNorm,LayerNorm,0.0286,0.375,491520.0,1536,0,8,0.0292,analytic,"[1, 128, 768]","[1, 128, 768]",1214.89,0.0,0.375,cpu_perf_counter,cpu
7,encoder.layer.0.intermediate.dense,Linear,1.8365,1.5,603979776.0,2362368,0,9,1.8371,counter,"[1, 128, 768]","[1, 128, 3072]",1214.89,0.0,1.5,cpu_perf_counter,cpu
7,encoder.layer.0.intermediate.intermediate_act_fn,GELUActivation,0.187,1.5,0.0,0,0,10,0.1876,none,"[1, 128, 3072]","[1, 128, 3072]",1214.89,0.0,1.5,cpu_perf_counter,cpu
7,encoder.layer.0.output.dense,Linear,1.5703,0.375,603979776.0,2360064,0,11,1.5709,counter,"[1, 128, 3072]","[1, 128, 768]",1214.89,0.0,0.375,cpu_perf_counter,cpu
7,encoder.layer.0.output.LayerNorm,LayerNorm,0.0458,0.375,491520.0,1536,0,12,0.0464,analytic,"[1, 128, 768]","[1, 128, 768]",1214.89,0.0,0.375,cpu_perf_counter,cpu
7,encoder.layer.1.attention.self.query,Linear,0.4332,0.375,150994944.0,590592,0,13,0.4338,counter,"[1, 128, 768]","[1, 128, 768]",1214.89,0.0,0.375,cpu_perf_counter,cpu
7,encoder.layer.1.attention.self.key,Linear,0.3761,0.375,150994944.0,590592,0,14,0.3767,counter,"[1, 128, 768]","[1, 128, 768]",1214.89,0.0,0.375,cpu_perf_counter,cpu
7,encoder.layer.1.attention.self.value,Linear,0.3848,0.375,150994944.0,590592,0,15,0.3854,counter,"[1, 128, 768]","[1, 128, 768]",1214.89,0.0,0.375,cpu_perf_counter,cpu
7,encoder.layer.1.attention.output.dense,Linear,0.3987,0.375,150994944.0,590592,0,16,0.3993,counter,"[1, 128, 768]","[1, 128, 768]",1214.89,0.0,0.375,cpu_perf_counter,cpu
7,encoder.layer.1.attention.output.LayerNorm,LayerNorm,0.0331,0.375,491520.0,1536,0,17,0.0337,analytic,"[1, 128, 768]","[1, 128, 768]",1214.89,0.0,0.375,cpu_perf_counter,cpu
7,encoder.layer.1.intermediate.dense,Linear,1.7854,1.5,603979776.0,2362368,0,18,1.786,counter,"[1, 128, 768]","[1, 128, 3072]",1214.89,0.0,1.5,cpu_perf_counter,cpu
7,encoder.layer.1.intermediate.intermediate_act_fn,GELUActivation,0.1631,1.5,0.0,0,0,19,0.1637,none,"[1, 128, 3072]","[1, 128, 3072]",1214.89,0.0,1.5,cpu_perf_counter,cpu
7,encoder.layer.1.output.dense,Linear,1.6534,0.375,603979776.0,2360064,0,20,1.654,counter,"[1, 128, 3072]","[1, 128, 768]",1214.89,0.0,0.375,cpu_perf_counter,cpu
7,encoder.layer.1.output.LayerNorm,LayerNorm,0.0452,0.375,491520.0,1536,0,21,0.0458,analytic,"[1, 128, 768]","[1, 128, 768]",1214.89,0.0,0.375,cpu_perf_counter,cpu
7,encoder.layer.2.attention.self.query,Linear,0.3833,0.375,150994944.0,590592,0,22,0.3839,counter,"[1, 128, 768]","[1, 128, 768]",1214.89,0.0,0.375,cpu_perf_counter,cpu
7,encoder.layer.2.attention.self.key,Linear,0.3825,0.375,150994944.0,590592,0,23,0.3831,counter,"[1, 128, 768]","[1, 128, 768]",1214.89,0.0,0.375,cpu_perf_counter,cpu
7,encoder.layer.2.attention.self.value,Linear,0.3805,0.375,150994944.0,590592,0,24,0.3811,counter,"[1, 128, 768]","[1, 128, 768]",1214.89,0.0,0.375,cpu_perf_counter,cpu
7,encoder.layer.2.attention.output.dense,Linear,0.3771,0.375,150994944.0,590592,0,25,0.3777,counter,"[1, 128, 768]","[1, 128, 768]",1214.89,0.0,0.375,cpu_perf_counter,cpu
7,encoder.layer.2.attention.output.LayerNorm,LayerNorm,0.0346,0.375,491520.0,1536,0,26,0.0352,analytic,"[1, 128, 768]","[1, 128, 768]",1214.89,0.0,0.375,cpu_perf_counter,cpu
7,encoder.layer.2.intermediate.dense,Linear,1.7317,1.5,603979776.0,2362368,0,27,1.7323,counter,"[1, 128, 768]","[1, 128, 3072]",1214.89,0.0,1.5,cpu_perf_counter,cpu
7,encoder.layer.2.intermediate.intermediate_act_fn,GELUActivation,0.1444,1.5,0.0,0,0,28,0.145,none,"[1, 128, 3072]","[1, 128, 3072]",1214.89,0.0,1.5,cpu_perf_counter,cpu
7,encoder.layer.2.output.dense,Linear,1.4426,0.375,603979776.0,2360064,0,29,1.4432,counter,"[1, 128, 3072]","[1, 128, 768]",1214.89,0.0,0.375,cpu_perf_counter,cpu
7,encoder.layer.2.output.LayerNorm,LayerNorm,0.0453,0.375,491520.0,1536,0,30,0.0459,analytic,"[1, 128, 768]","[1, 128, 768]",1214.89,0.0,0.375,cpu_perf_counter,cpu
7,encoder.layer.3.attention.self.query,Linear,0.3914,0.375,150994944.0,590592,0,31,0.392,counter,"[1, 128, 768]","[1, 128, 768]",1214.89,0.0,0.375,cpu_perf_counter,cpu
7,encoder.layer.3.attention.self.key,Linear,0.3731,0.375,150994944.0,590592,0,32,0.3737,counter,"[1, 128, 768]","[1, 128, 768]",1214.89,0.0,0.375,cpu_perf_counter,cpu
7,encoder.layer.3.attention.self.value,Linear,0.4119,0.375,150994944.0,590592,0,33,0.4125,counter,"[1, 128, 768]","[1, 128, 768]",1214.89,0.0,0.375,cpu_perf_counter,cpu
7,encoder.layer.3.attention.output.dense,Linear,0.3849,0.375,150994944.0,590592,0,34,0.3855,counter,"[1, 128, 768]","[1, 128, 768]",1214.89,0.0,0.375,cpu_perf_counter,cpu
7,encoder.layer.3.attention.output.LayerNorm,LayerNorm,0.0302,0.375,491520.0,1536,0,35,0.0308,analytic,"[1, 128, 768]","[1, 128, 768]",1214.89,0.0,0.375,cpu_perf_counter,cpu
7,encoder.layer.3.intermediate.dense,Linear,1.8048,1.5,603979776.0,2362368,0,36,1.8054,counter,"[1, 128, 768]","[1, 128, 3072]",1214.89,0.0,1.5,cpu_perf_counter,cpu
7,encoder.layer.3.intermediate.intermediate_act_fn,GELUActivation,0.1506,1.5,0.0,0,0,37,0.1512,none,"[1, 128, 3072]","[1, 128, 3072]",1214.89,0.0,1.5,cpu_perf_counter,cpu
7,encoder.layer.3.output.dense,Linear,1.4525,0.375,603979776.0,2360064,0,38,1.4531,counter,"[1, 128, 3072]","[1, 128, 768]",1214.89,0.0,0.375,cpu_perf_counter,cpu
7,encoder.layer.3.output.LayerNorm,LayerNorm,0.0436,0.375,491520.0,1536,0,39,0.0442,analytic,"[1, 128, 768]","[1, 128, 768]",1214.89,0.0,0.375,cpu_perf_counter,cpu
7,encoder.layer.4.attention.self.query,Linear,0.3846,0.375,150994944.0,590592,0,40,0.3852,counter,"[1, 128, 768]","[1, 128, 768]",1214.89,0.0,0.375,cpu_perf_counter,cpu
7,encoder.layer.4.attention.self.key,Linear,0.3971,0.375,150994944.0,590592,0,41,0.3977,counter,"[1, 128, 768]","[1, 128, 768]",1214.89,0.0,0.375,cpu_perf_counter,cpu
7,encoder.layer.4.attention.self.value,Linear,0.3923,0.375,150994944.0,590592,0,42,0.3929,counter,"[1, 128, 768]","[1, 128, 768]",1214.89,0.0,0.375,cpu_perf_counter,cpu
7,encoder.layer.4.attention.output.dense,Linear,0.392,0.375,150994944.0,590592,0,43,0.3926,counter,"[1, 128, 768]","[1, 128, 768]",1214.89,0.0,0.375,cpu_perf_counter,cpu
7,encoder.layer.4.attention.output.LayerNorm,LayerNorm,0.0301,0.375,491520.0,1536,0,44,0.0307,analytic,"[1, 128, 768]","[1, 128, 768]",1214.89,0.0,0.375,cpu_perf_counter,cpu
7,encoder.layer.4.intermediate.dense,Linear,1.75,1.5,603979776.0,2362368,0,45,1.7506,counter,"[1, 128, 768]","[1, 128, 3072]",1214.89,0.0,1.5,cpu_perf_counter,cpu
7,encoder.layer.4.intermediate.intermediate_act_fn,GELUActivation,0.1468,1.5,0.0,0,0,46,0.1474,none,"[1, 128, 3072]","[1, 128, 3072]",1214.89,0.0,1.5,cpu_perf_counter,cpu
7,encoder.layer.4.output.dense,Linear,1.4647,0.375,603979776.0,2360064,0,47,1.4653,counter,"[1, 128, 3072]","[1, 128, 768]",1214.89,0.0,0.375,cpu_perf_counter,cpu
7,encoder.layer.4.output.LayerNorm,LayerNorm,0.0454,0.375,491520.0,1536,0,48,0.046,analytic,"[1, 128, 768]","[1, 128, 768]",1214.89,0.0,0.375,cpu_perf_counter,cpu
7,encoder.layer.5.attention.self.query,Linear,0.3892,0.375,150994944.0,590592,0,49,0.3898,counter,"[1, 128, 768]","[1, 128, 768]",1214.89,0.0,0.375,cpu_perf_counter,cpu
7,encoder.layer.5.attention.self.key,Linear,0.3815,0.375,150994944.0,590592,0,50,0.3821,counter,"[1, 128, 768]","[1, 128, 768]",1214.89,0.0,0.375,cpu_perf_counter,cpu
7,encoder.layer.5.attention.self.value,Linear,0.3902,0.375,150994944.0,590592,0,51,0.3908,counter,"[1, 128, 768]","[1, 128, 768]",1214.89,0.0,0.375,cpu_perf_counter,cpu
7,encoder.layer.5.attention.output.dense,Linear,0.3923,0.375,150994944.0,590592,0,52,0.3929,counter,"[1, 128, 768]","[1, 128, 768]",1214.89,0.0,0.375,cpu_perf_counter,cpu
7,encoder.layer.5.attention.output.LayerNorm,LayerNorm,0.0379,0.375,491520.0,1536,0,53,0.0385,analytic,"[1, 128, 768]","[1, 128, 768]",1214.89,0.0,0.375,cpu_perf_counter,cpu
7,encoder.layer.5.intermediate.dense,Linear,1.8016,1.5,603979776.0,2362368,0,54,1.8022,counter,"[1, 128, 768]","[1, 128, 3072]",1214.89,0.0,1.5,cpu_perf_counter,cpu
7,encoder.layer.5.intermediate.intermediate_act_fn,GELUActivation,0.1486,1.5,0.0,0,0,55,0.1492,none,"[1, 128, 3072]","[1, 128, 3072]",1214.89,0.0,1.5,cpu_perf_counter,cpu
7,encoder.layer.5.output.dense,Linear,1.4991,0.375,603979776.0,2360064,0,56,1.4997,counter,"[1, 128, 3072]","[1, 128, 768]",1214.89,0.0,0.375,cpu_perf_counter,cpu
7,encoder.layer.5.output.LayerNorm,LayerNorm,0.0512,0.375,491520.0,1536,0,57,0.0518,analytic,"[1, 128, 768]","[1, 128, 768]",1214.89,0.0,0.375,cpu_perf_counter,cpu
7,encoder.layer.6.attention.self.query,Linear,0.4282,0.375,150994944.0,590592,0,58,0.4288,counter,"[1, 128, 768]","[1, 128, 768]",1214.89,0.0,0.375,cpu_perf_counter,cpu
7,encoder.layer.6.attention.self.key,Linear,0.3818,0.375,150994944.0,590592,0,59,0.3824,counter,"[1, 128, 768]","[1, 128, 768]",1214.89,0.0,0.375,cpu_perf_counter,cpu
7,encoder.layer.6.attention.self.value,Linear,0.4068,0.375,150994944.0,590592,0,60,0.4074,counter,"[1, 128, 768]","[1, 128, 768]",1214.89,0.0,0.375,cpu_perf_counter,cpu
7,encoder.layer.6.attention.output.dense,Linear,0.3886,0.375,150994944.0,590592,0,61,0.3892,counter,"[1, 128, 768]","[1, 128, 768]",1214.89,0.0,0.375,cpu_perf_counter,cpu
7,encoder.layer.6.attention.output.LayerNorm,LayerNorm,0.0326,0.375,491520.0,1536,0,62,0.0332,analytic,"[1, 128, 768]","[1, 128, 768]",1214.89,0.0,0.375,cpu_perf_counter,cpu
7,encoder.layer.6.intermediate.dense,Linear,1.841,1.5,603979776.0,2362368,0,63,1.8416,counter,"[1, 128, 768]","[1, 128, 3072]",1214.89,0.0,1.5,cpu_perf_counter,cpu
7,encoder.layer.6.intermediate.intermediate_act_fn,GELUActivation,0.1714,1.5,0.0,0,0,64,0.172,none,"[1, 128, 3072]","[1, 128, 3072]",1214.89,0.0,1.5,cpu_perf_counter,cpu
7,encoder.layer.6.output.dense,Linear,1.5037,0.375,603979776.0,2360064,0,65,1.5043,counter,"[1, 128, 3072]","[1, 128, 768]",1214.89,0.0,0.375,cpu_perf_counter,cpu
7,encoder.layer.6.output.LayerNorm,LayerNorm,0.0487,0.375,491520.0,1536,0,66,0.0493,analytic,"[1, 128, 768]","[1, 128, 768]",1214.89,0.0,0.375,cpu_perf_counter,cpu
7,encoder.layer.7.attention.self.query,Linear,0.4092,0.375,150994944.0,590592,0,67,0.4098,counter,"[1, 128, 768]","[1, 128, 768]",1214.89,0.0,0.375,cpu_perf_counter,cpu
7,encoder.layer.7.attention.self.key,Linear,0.3785,0.375,150994944.0,590592,0,68,0.3791,counter,"[1, 128, 768]","[1, 128, 768]",1214.89,0.0,0.375,cpu_perf_counter,cpu
7,encoder.layer.7.attention.self.value,Linear,0.3794,0.375,150994944.0,590592,0,69,0.38,counter,"[1, 128, 768]","[1, 128, 768]",1214.89,0.0,0.375,cpu_perf_counter,cpu
7,encoder.layer.7.attention.output.dense,Linear,0.385,0.375,150994944.0,590592,0,70,0.3856,counter,"[1, 128, 768]","[1, 128, 768]",1214.89,0.0,0.375,cpu_perf_counter,cpu
7,encoder.layer.7.attention.output.LayerNorm,LayerNorm,0.0309,0.375,491520.0,1536,0,71,0.0315,analytic,"[1, 128, 768]","[1, 128, 768]",1214.89,0.0,0.375,cpu_perf_counter,cpu
7,encoder.layer.7.intermediate.dense,Linear,1.7649,1.5,603979776.0,2362368,0,72,1.7655,counter,"[1, 128, 768]","[1, 128, 3072]",1214.89,0.0,1.5,cpu_perf_counter,cpu
7,encoder.layer.7.intermediate.intermediate_act_fn,GELUActivation,0.1457,1.5,0.0,0,0,73,0.1463,none,"[1, 128, 3072]","[1, 128, 3072]",1214.89,0.0,1.5,cpu_perf_counter,cpu
7,encoder.layer.7.output.dense,Linear,1.1616,0.375,603979776.0,2360064,0,74,1.1622,counter,"[1, 128, 3072]","[1, 128, 768]",1214.89,0.0,0.375,cpu_perf_counter,cpu
7,encoder.layer.7.output.LayerNorm,LayerNorm,0.0429,0.375,491520.0,1536,0,75,0.0435,analytic,"[1, 128, 768]","[1, 128, 768]",1214.89,0.0,0.375,cpu_perf_counter,cpu
7,encoder.layer.8.attention.self.query,Linear,0.3881,0.375,150994944.0,590592,0,76,0.3887,counter,"[1, 128, 768]","[1, 128, 768]",1214.89,0.0,0.375,cpu_perf_counter,cpu
7,encoder.layer.8.attention.self.key,Linear,0.3682,0.375,150994944.0,590592,0,77,0.3688,counter,"[1, 128, 768]","[1, 128, 768]",1214.89,0.0,0.375,cpu_perf_counter,cpu
7,encoder.layer.8.attention.self.value,Linear,0.3577,0.375,150994944.0,590592,0,78,0.3583,counter,"[1, 128, 768]","[1, 128, 768]",1214.89,0.0,0.375,cpu_perf_counter,cpu
7,encoder.layer.8.attention.output.dense,Linear,0.3745,0.375,150994944.0,590592,0,79,0.3751,counter,"[1, 128, 768]","[1, 128, 768]",1214.89,0.0,0.375,cpu_perf_counter,cpu
7,encoder.layer.8.attention.output.LayerNorm,LayerNorm,0.0289,0.375,491520.0,1536,0,80,0.0295,analytic,"[1, 128, 768]","[1, 128, 768]",1214.89,0.0,0.375,cpu_perf_counter,cpu
7,encoder.layer.8.intermediate.dense,Linear,1.7251,1.5,603979776.0,2362368,0,81,1.7257,counter,"[1, 128, 768]","[1, 128, 3072]",1214.89,0.0,1.5,cpu_perf_counter,cpu
7,encoder.layer.8.intermediate.intermediate_act_fn,GELUActivation,0.1331,1.5,0.0,0,0,82,0.1337,none,"[1, 128, 3072]","[1, 128, 3072]",1214.89,0.0,1.5,cpu_perf_counter,cpu
7,encoder.layer.8.output.dense,Linear,1.4448,0.375,603979776.0,2360064,0,83,1.4454,counter,"[1, 128, 3072]","[1, 128, 768]",1214.89,0.0,0.375,cpu_perf_counter,cpu
7,encoder.layer.8.output.LayerNorm,LayerNorm,0.0397,0.375,491520.0,1536,0,84,0.0403,analytic,"[1, 128, 768]","[1, 128, 768]",1214.89,0.0,0.375,cpu_perf_counter,cpu
7,encoder.layer.9.attention.self.query,Linear,0.3854,0.375,150994944.0,590592,0,85,0.386,counter,"[1, 128, 768]","[1, 128, 768]",1214.89,0.0,0.375,cpu_perf_counter,cpu
7,encoder.layer.9.attention.self.key,Linear,0.4008,0.375,150994944.0,590592,0,86,0.4014,counter,"[1, 128, 768]","[1, 128, 768]",1214.89,0.0,0.375,cpu_perf_counter,cpu
7,encoder.layer.9.attention.self.value,Linear,0.4038,0.375,150994944.0,590592,0,87,0.4044,counter,"[1, 128, 768]","[1, 128, 768]",1214.89,0.0,0.375,cpu_perf_counter,cpu
7,encoder.layer.9.attention.output.dense,Linear,0.4296,0.375,150994944.0,590592,0,88,0.4302,counter,"[1, 128, 768]","[1, 128, 768]",1214.89,0.0,0.375,cpu_perf_counter,cpu
7,encoder.layer.9.attention.output.LayerNorm,LayerNorm,0.0342,0.375,491520.0,1536,0,89,0.0348,analytic,"[1, 128, 768]","[1, 128, 768]",1214.89,0.0,0.375,cpu_perf_counter,cpu
7,encoder.layer.9.intermediate.dense,Linear,1.8374,1.5,603979776.0,2362368,0,90,1.838,counter,"[1, 128, 768]","[1, 128, 3072]",1214.89,0.0,1.5,cpu_perf_counter,cpu
7,encoder.layer.9.intermediate.intermediate_act_fn,GELUActivation,0.1262,1.5,0.0,0,0,91,0.1268,none,"[1, 128, 3072]","[1, 128, 3072]",1214.89,0.0,1.5,cpu_perf_counter,cpu
7,encoder.layer.9.output.dense,Linear,1.474,0.375,603979776.0,2360064,0,92,1.4746,counter,"[1, 128, 3072]","[1, 128, 768]",1214.89,0.0,0.375,cpu_perf_counter,cpu
7,encoder.layer.9.output.LayerNorm,LayerNorm,0.0372,0.375,491520.0,1536,0,93,0.0378,analytic,"[1, 128, 768]","[1, 128, 768]",1214.89,0.0,0.375,cpu_perf_counter,cpu
7,encoder.layer.10.attention.self.query,Linear,0.3883,0.375,150994944.0,590592,0,94,0.3889,counter,"[1, 128, 768]","[1, 128, 768]",1214.89,0.0,0.375,cpu_perf_counter,cpu
7,encoder.layer.10.attention.self.key,Linear,0.3715,0.375,150994944.0,590592,0,95,0.3721,counter,"[1, 128, 768]","[1, 128, 768]",1214.89,0.0,0.375,cpu_perf_counter,cpu
7,encoder.layer.10.attention.self.value,Linear,0.3797,0.375,150994944.0,590592,0,96,0.3803,counter,"[1, 128, 768]","[1, 128, 768]",1214.89,0.0,0.375,cpu_perf_counter,cpu
7,encoder.layer.10.attention.output.dense,Linear,0.3801,0.375,150994944.0,590592,0,97,0.3807,counter,"[1, 128, 768]","[1, 128, 768]",1214.89,0.0,0.375,cpu_perf_counter,cpu
7,encoder.layer.10.attention.output.LayerNorm,LayerNorm,0.0272,0.375,491520.0,1536,0,98,0.0278,analytic,"[1, 128, 768]","[1, 128, 768]",1214.89,0.0,0.375,cpu_perf_counter,cpu
7,encoder.layer.10.intermediate.dense,Linear,1.8441,1.5,603979776.0,2362368,0,99,1.8447,counter,"[1, 128, 768]","[1, 128, 3072]",1214.89,0.0,1.5,cpu_perf_counter,cpu
7,encoder.layer.10.intermediate.intermediate_act_fn,GELUActivation,0.1434,1.5,0.0,0,0,100,0.144,none,"[1, 128, 3072]","[1, 128, 3072]",1214.89,0.0,1.5,cpu_perf_counter,cpu
7,encoder.layer.10.output.dense,Linear,1.6406,0.375,603979776.0,2360064,0,101,1.6412,counter,"[1, 128, 3072]","[1, 128, 768]",1214.89,0.0,0.375,cpu_perf_counter,cpu
7,encoder.layer.10.output.LayerNorm,LayerNorm,0.0408,0.375,491520.0,1536,0,102,0.0414,analytic,"[1, 128, 768]","[1, 128, 768]",1214.89,0.0,0.375,cpu_perf_counter,cpu
7,encoder.layer.11.attention.self.query,Linear,0.3889,0.375,150994944.0,590592,0,103,0.3895,counter,"[1, 128, 768]","[1, 128, 768]",1214.89,0.0,0.375,cpu_perf_counter,cpu
7,encoder.layer.11.attention.self.key,Linear,0.3753,0.375,150994944.0,590592,0,104,0.3759,counter,"[1, 128, 768]","[1, 128, 768]",1214.89,0.0,0.375,cpu_perf_counter,cpu
7,encoder.layer.11.attention.self.value,Linear,0.3945,0.375,150994944.0,590592,0,105,0.3951,counter,"[1, 128, 768]","[1, 128, 768]",1214.89,0.0,0.375,cpu_perf_counter,cpu
7,encoder.layer.11.attention.output.dense,Linear,0.3896,0.375,150994944.0,590592,0,106,0.3902,counter,"[1, 128, 768]","[1, 128, 768]",1214.89,0.0,0.375,cpu_perf_counter,cpu
7,encoder.layer.11.attention.output.LayerNorm,LayerNorm,0.0312,0.375,491520.0,1536,0,107,0.0318,analytic,"[1, 128, 768]","[1, 128, 768]",1214.89,0.0,0.375,cpu_perf_counter,cpu
7,encoder.layer.11.intermediate.dense,Linear,1.7042,1.5,603979776.0,2362368,0,108,1.7048,counter,"[1, 128, 768]","[1, 128, 3072]",1214.89,0.0,1.5,cpu_perf_counter,cpu
7,encoder.layer.11.intermediate.intermediate_act_fn,GELUActivation,0.1202,1.5,0.0,0,0,109,0.1208,none,"[1, 128, 3072]","[1, 128, 3072]",1214.89,0.0,1.5,cpu_perf_counter,cpu
7,encoder.layer.11.output.dense,Linear,1.4725,0.375,603979776.0,2360064,0,110,1.4731,counter,"[1, 128, 3072]","[1, 128, 768]",1214.89,0.0,0.375,cpu_perf_counter,cpu
7,encoder.layer.11.output.LayerNorm,LayerNorm,0.0432,0.375,491520.0,1536,0,111,0.0438,analytic,"[1, 128, 768]","[1, 128, 768]",1214.89,0.0,0.375,cpu_perf_counter,cpu
7,pooler.dense,Linear,0.13,0.00293,1179648.0,590592,0,112,0.1306,counter,"[1, 768]","[1, 768]",1214.89,0.0,0.003,cpu_perf_counter,cpu
7,pooler.activation,Tanh,0.026,0.00293,3072.0,0,0,113,0.0266,analytic,"[1, 768]","[1, 768]",1214.89,0.0,0.003,cpu_perf_counter,cpu
8,embeddings.word_embeddings,Embedding,0.049,0.375,0.0,23440896,0,0,0.0496,none,"[1, 128]","[1, 128, 768]",1214.89,0.0,0.375,cpu_perf_counter,cpu
8,embeddings.token_type_embeddings,Embedding,0.0199,0.375,0.0,1536,0,1,0.0205,none,"[1, 128]","[1, 128, 768]",1214.89,0.0,0.375,cpu_perf_counter,cpu
8,embeddings.position_embeddings,Embedding,0.02,0.375,0.0,393216,0,2,0.0206,none,"[1, 128]","[1, 128, 768]",1214.89,0.0,0.375,cpu_perf_counter,cpu
8,embeddings.LayerNorm,LayerNorm,0.0234,0.375,491520.0,1536,0,3,0.024,analytic,"[1, 128, 768]","[1, 128, 768]",1214.89,0.0,0.375,cpu_perf_counter,cpu
8,encoder.layer.0.attention.self.query,Linear,0.3843,0.375,150994944.0,590592,0,4,0.3849,counter,"[1, 128, 768]","[1, 128, 768]",1214.89,0.0,0.375,cpu_perf_counter,cpu
8,encoder.layer.0.attention.self.key,Linear,0.3882,0.375,150994944.0,590592,0,5,0.3888,counter,"[1, 128, 768]","[1, 128, 768]",1214.89,0.0,0.375,cpu_perf_counter,cpu
8,encoder.layer.0.attention.self.value,Linear,0.386,0.375,150994944.0,590592,0,6,0.3866,counter,"[1, 128, 768]","[1, 128, 768]",1214.89,0.0,0.375,cpu_perf_counter,cpu
8,encoder.layer.0.attention.output.dense,Linear,0.3799,0.375,150994944.0,590592,0,7,0.3805,counter,"[1, 128, 768]","[1, 128, 768]",1214.89,0.0,0.375,cpu_perf_counter,cpu
8,encoder.layer.0.attention.output.LayerNorm,LayerNorm,0.0278,0.375,491520.0,1536,0,8,0.0284,analytic,"[1, 128, 768]","[1, 128, 768]",1214.89,0.0,0.375,cpu_perf_counter,cpu
8,encoder.layer.0.intermediate.dense,Linear,1.7384,1.5,603979776.0,2362368,0,9,1.739,counter,"[1, 128, 768]","[1, 128, 3072]",1214.89,0.0,1.5,cpu_perf_counter,cpu
8,encoder.layer.0.intermediate.intermediate_act_fn,GELUActivation,0.1325,1.5,0.0,0,0,10,0.1331,none,"[1, 128, 3072]","[1, 128, 3072]",1214.89,0.0,1.5,cpu_perf_counter,cpu
8,encoder.layer.0.output.dense,Linear,1.4551,0.375,603979776.0,2360064,0,11,1.4557,counter,"[1, 128, 3072]","[1, 128, 768]",1214.89,0.0,0.375,cpu_perf_counter,cpu
8,encoder.layer.0.output.LayerNorm,LayerNorm,0.0397,0.375,491520.0,1536,0,12,0.0403,analytic,"[1, 128, 768]","[1, 128, 768]",1214.89,0.0,0.375,cpu_perf_counter,cpu
8,encoder.layer.1.attention.self.query,Linear,0.4287,0.375,150994944.0,590592,0,13,0.4293,counter,"[1, 128, 768]","[1, 128, 768]",1214.89,0.0,0.375,cpu_perf_counter,cpu
8,encoder.layer.1.attention.self.key,Linear,0.3389,0.375,150994944.0,590592,0,14,0.3395,counter,"[1, 128, 768]","[1, 128, 768]",1214.89,0.0,0.375,cpu_perf_counter,cpu
8,encoder.layer.1.attention.self.value,Linear,0.3777,0.375,150994944.0,590592,0,15,0.3783,counter,"[1, 128, 768]","[1, 128, 768]",1214.89,0.0,0.375,cpu_perf_counter,cpu
8,encoder.layer.1.attention.output.dense,Linear,0.3655,0.375,150994944.0,590592,0,16,0.3661,counter,"[1, 128, 768]","[1, 128, 768]",1214.89,0.0,0.375,cpu_perf_counter,cpu
8,encoder.layer.1.attention.output.LayerNorm,LayerNorm,0.0305,0.375,491520.0,1536,0,17,0.0311,analytic,"[1, 128, 768]","[1, 128, 768]",1214.89,0.0,0.375,cpu_perf_counter,cpu
8,encoder.layer.1.intermediate.dense,Linear,1.6921,1.5,603979776.0,2362368,0,18,1.6927,counter,"[1, 128, 768]","[1, 128, 3072]",1214.89,0.0,1.5,cpu_perf_counter,cpu
8,encoder.layer.1.intermediate.intermediate_act_fn,GELUActivation,0.124,1.5,0.0,0,0,19,0.1246,none,"[1, 128, 3072]","[1, 128, 3072]",1214.89,0.0,1.5,cpu_perf_counter,cpu
8,encoder.layer.1.output.dense,Linear,1.4661,0.375,603979776.0,2360064,0,20,1.4667,counter,"[1, 128, 3072]","[1, 128, 768]",1214.89,0.0,0.375,cpu_perf_counter,cpu
8,encoder.layer.1.output.LayerNorm,LayerNorm,0.0417,0.375,491520.0,1536,0,21,0.0423,analytic,"[1, 128, 768]","[1, 128, 768]",1214.89,0.0,0.375,cpu_perf_counter,cpu
8,encoder.layer.2.attention.self.query,Linear,0.3866,0.375,150994944.0,590592,0,22,0.3872,counter,"[1, 128, 768]","[1, 128, 768]",1214.89,0.0,0.375,cpu_perf_counter,cpu
8,encoder.layer.2.attention.self.key,Linear,0.3664,0.375,150994944.0,590592,0,23,0.367,counter,"[1, 128, 768]","[1, 128, 768]",1214.89,0.0,0.375,cpu_perf_counter,cpu
8,encoder.layer.2.attention.self.value,Linear,0.3629,0.375,150994944.0,590592,0,24,0.3635,counter,"[1, 128, 768]","[1, 128, 768]",1214.89,0.0,0.375,cpu_perf_counter,cpu
8,encoder.layer.2.attention.output.dense,Linear,0.3686,0.375,150994944.0,590592,0,25,0.3692,counter,"[1, 128, 768]","[1, 128, 768]",1214.89,0.0,0.375,cpu_perf_counter,cpu
8,encoder.layer.2.attention.output.LayerNorm,LayerNorm,0.0309,0.375,491520.0,1536,0,26,0.0315,analytic,"[1, 128, 768]","[1, 128, 768]",1214.89,0.0,0.375,cpu_perf_counter,cpu
8,encoder.layer.2.intermediate.dense,Linear,1.7456,1.5,603979776.0,2362368,0,27,1.7462,counter,"[1, 128, 768]","[1, 128, 3072]",1214.89,0.0,1.5,cpu_perf_counter,cpu
8,encoder.layer.2.intermediate.intermediate_act_fn,GELUActivation,0.134,1.5,0.0,0,0,28,0.1346,none,"[1, 128, 3072]","[1, 128, 3072]",1214.89,0.0,1.5,cpu_perf_counter,cpu
8,encoder.layer.2.output.dense,Linear,1.2808,0.375,603979776.0,2360064,0,29,1.2814,counter,"[1, 128, 3072]","[1, 128, 768]",1214.89,0.0,0.375,cpu_perf_counter,cpu
8,encoder.layer.2.output.LayerNorm,LayerNorm,0.0425,0.375,491520.0,1536,0,30,0.0431,analytic,"[1, 128, 768]","[1, 128, 768]",1214.89,0.0,0.375,cpu_perf_counter,cpu
8,encoder.layer.3.attention.self.query,Linear,0.3946,0.375,150994944.0,590592,0,31,0.3952,counter,"[1, 128, 768]","[1, 128, 768]",1214.89,0.0,0.375,cpu_perf_counter,cpu
8,encoder.layer.3.attention.self.key,Linear,0.3777,0.375,150994944.0,590592,0,32,0.3783,counter,"[1, 128, 768]","[1, 128, 768]",1214.89,0.0,0.375,cpu_perf_counter,cpu
8,encoder.layer.3.attention.self.value,Linear,0.3864,0.375,150994944.0,590592,0,33,0.387,counter,"[1, 128, 768]","[1, 128, 768]",1214.89,0.0,0.375,cpu_perf_counter,cpu
8,encoder.layer.3.attention.output.dense,Linear,0.3685,0.375,150994944.0,590592,0,34,0.3691,counter,"[1, 128, 768]","[1, 128, 768]",1214.89,0.0,0.375,cpu_perf_counter,cpu
8,encoder.layer.3.attention.output.LayerNorm,LayerNorm,0.0273,0.375,491520.0,1536,0,35,0.0279,analytic,"[1, 128, 768]","[1, 128, 768]",1214.89,0.0,0.375,cpu_perf_counter,cpu
8,encoder.layer.3.intermediate.dense,Linear,1.738,1.5,603979776.0,2362368,0,36,1.7386,counter,"[1, 128, 768]","[1, 128, 3072]",1214.89,0.0,1.5,cpu_perf_counter,cpu
8,encoder.layer.3.intermediate.intermediate_act_fn,GELUActivation,0.1444,1.5,0.0,0,0,37,0.145,none,"[1, 128, 3072]","[1, 128, 3072]",1214.89,0.0,1.5,cpu_perf_counter,cpu
8,encoder.layer.3.output.dense,Linear,1.4496,0.375,603979776.0,2360064,0,38,1.4502,counter,"[1, 128, 3072]","[1, 128, 768]",1214.89,0.0,0.375,cpu_perf_counter,cpu
8,encoder.layer.3.output.LayerNorm,LayerNorm,0.0395,0.375,491520.0,1536,0,39,0.0401,analytic,"[1, 128, 768]","[1, 128, 768]",1214.89,0.0,0.375,cpu_perf_counter,cpu
8,encoder.layer.4.attention.self.query,Linear,0.3784,0.375,150994944.0,590592,0,40,0.379,counter,"[1, 128, 768]","[1, 128, 768]",1214.89,0.0,0.375,cpu_perf_counter,cpu
8,encoder.layer.4.attention.self.key,Linear,0.3761,0.375,150994944.0,590592,0,41,0.3767,counter,"[1, 128, 768]","[1, 128, 768]",1214.89,0.0,0.375,cpu_perf_counter,cpu
8,encoder.layer.4.attention.self.value,Linear,0.3927,0.375,150994944.0,590592,0,42,0.3933,counter,"[1, 128, 768]","[1, 128, 768]",1214.89,0.0,0.375,cpu_perf_counter,cpu
8,encoder.layer.4.attention.output.dense,Linear,0.3703,0.375,150994944.0,590592,0,43,0.3709,counter,"[1, 128, 768]","[1, 128, 768]",1214.89,0.0,0.375,cpu_perf_counter,cpu
8,encoder.layer.4.attention.output.LayerNorm,LayerNorm,0.0278,0.375,491520.0,1536,0,44,0.0284,analytic,"[1, 128, 768]","[1, 128, 768]",1214.89,0.0,0.375,cpu_perf_counter,cpu
8,encoder.layer.4.intermediate.dense,Linear,1.7975,1.5,603979776.0,2362368,0,45,1.7981,counter,"[1, 128, 768]","[1, 128, 3072]",1214.89,0.0,1.5,cpu_perf_counter,cpu
8,encoder.layer.4.intermediate.intermediate_act_fn,GELUActivation,0.1588,1.5,0.0,0,0,46,0.1594,none,"[1, 128, 3072]","[1, 128, 3072]",1214.89,0.0,1.5,cpu_perf_counter,cpu
8,encoder.layer.4.output.dense,Linear,1.5218,0.375,603979776.0,2360064,0,47,1.5224,counter,"[1, 128, 3072]","[1, 128, 768]",1214.89,0.0,0.375,cpu_perf_counter,cpu
8,encoder.layer.4.output.LayerNorm,LayerNorm,0.046,0.375,491520.0,1536,0,48,0.0466,analytic,"[1, 128, 768]","[1, 128, 768]",1214.89,0.0,0.375,cpu_perf_counter,cpu
8,encoder.layer.5.attention.self.query,Linear,0.394,0.375,150994944.0,590592,0,49,0.3946,counter,"[1, 128, 768]","[1, 128, 768]",1214.89,0.0,0.375,cpu_perf_counter,cpu
8,encoder.layer.5.attention.self.key,Linear,0.3655,0.375,150994944.0,590592,0,50,0.3661,counter,"[1, 128, 768]","[1, 128, 768]",1214.89,0.0,0.375,cpu_perf_counter,cpu
8,encoder.layer.5.attention.self.value,Linear,0.3966,0.375,150994944.0,590592,0,51,0.3972,counter,"[1, 128, 768]","[1, 128, 768]",1214.89,0.0,0.375,cpu_perf_counter,cpu
8,encoder.layer.5.attention.output.dense,Linear,0.3734,0.375,150994944.0,590592,0,52,0.374,counter,"[1, 128, 768]","[1, 128, 768]",1214.89,0.0,0.375,cpu_perf_counter,cpu
8,encoder.layer.5.attention.output.LayerNorm,LayerNorm,0.0298,0.375,491520.0,1536,0,53,0.0304,analytic,"[1, 128, 768]","[1, 128, 768]",1214.89,0.0,0.375,cpu_perf_counter,cpu
8,encoder.layer.5.intermediate.dense,Linear,1.772,1.5,603979776.0,2362368,0,54,1.7726,counter,"[1, 128, 768]","[1, 128, 3072]",1214.89,0.0,1.5,cpu_perf_counter,cpu
8,encoder.layer.5.intermediate.intermediate_act_fn,GELUActivation,0.1552,1.5,0.0,0,0,55,0.1558,none,"[1, 128, 3072]","[1, 128, 3072]",1214.89,0.0,1.5,cpu_perf_counter,cpu
8,encoder.layer.5.output.dense,Linear,1.3632,0.375,603979776.0,2360064,0,56,1.3638,counter,"[1, 128, 3072]","[1, 128, 768]",1214.89,0.0,0.375,cpu_perf_counter,cpu
8,encoder.layer.5.output.LayerNorm,LayerNorm,0.0511,0.375,491520.0,1536,0,57,0.0517,analytic,"[1, 128, 768]","[1, 128, 768]",1214.89,0.0,0.375,cpu_perf_counter,cpu
8,encoder.layer.6.attention.self.query,Linear,0.4113,0.375,150994944.0,590592,0,58,0.4119,counter,"[1, 128, 768]","[1, 128, 768]",1214.89,0.0,0.375,cpu_perf_counter,cpu
8,encoder.layer.6.attention.self.key,Linear,0.382,0.375,150994944.0,590592,0,59,0.3826,counter,"[1, 128, 768]","[1, 128, 768]",1214.89,0.0,0.375,cpu_perf_counter,cpu
8,encoder.layer.6.attention.self.value,Linear,0.4111,0.375,150994944.0,590592,0,60,0.4117,counter,"[1, 128, 768]","[1, 128, 768]",1214.89,0.0,0.375,cpu_perf_counter,cpu
8,encoder.layer.6.attention.output.dense,Linear,0.3883,0.375,150994944.0,590592,0,61,0.3889,counter,"[1, 128, 768]","[1, 128, 768]",1214.89,0.0,0.375,cpu_perf_counter,cpu
8,encoder.layer.6.attention.output.LayerNorm,LayerNorm,0.0355,0.375,491520.0,1536,0,62,0.0361,analytic,"[1, 128, 768]","[1, 128, 768]",1214.89,0.0,0.375,cpu_perf_counter,cpu
8,encoder.layer.6.intermediate.dense,Linear,1.7616,1.5,603979776.0,2362368,0,63,1.7622,counter,"[1, 128, 768]","[1, 128, 3072]",1214.89,0.0,1.5,cpu_perf_counter,cpu
8,encoder.layer.6.intermediate.intermediate_act_fn,GELUActivation,0.163,1.5,0.0,0,0,64,0.1636,none,"[1, 128, 3072]","[1, 128, 3072]",1214.89,0.0,1.5,cpu_perf_counter,cpu
8,encoder.layer.6.output.dense,Linear,1.5248,0.375,603979776.0,2360064,0,65,1.5254,counter,"[1, 128, 3072]","[1, 128, 768]",1214.89,0.0,0.375,cpu_perf_counter,cpu
8,encoder.layer.6.output.LayerNorm,LayerNorm,0.044,0.375,491520.0,1536,0,66,0.0446,analytic,"[1, 128, 768]","[1, 128, 768]",1214.89,0.0,0.375,cpu_perf_counter,cpu
8,encoder.layer.7.attention.self.query,Linear,0.4001,0.375,150994944.0,590592,0,67,0.4007,counter,"[1, 128, 768]","[1, 128, 768]",1214.89,0.0,0.375,cpu_perf_counter,cpu
8,encoder.layer.7.attention.self.key,Linear,0.3782,0.375,150994944.0,590592,0,68,0.3788,counter,"[1, 128, 768]","[1, 128, 768]",1214.89,0.0,0.375,cpu_perf_counter,cpu
8,encoder.layer.7.attention.self.value,Linear,0.3913,0.375,150994944.0,590592,0,69,0.3919,counter,"[1, 128, 768]","[1, 128, 768]",1214.89,0.0,0.375,cpu_perf_counter,cpu
8,encoder.layer.7.attention.output.dense,Linear,0.3837,0.375,150994944.0,590592,0,70,0.3843,counter,"[1, 128, 768]","[1, 128, 768]",1214.89,0.0,0.375,cpu_perf_counter,cpu
8,encoder.layer.7.attention.output.LayerNorm,LayerNorm,0.0278,0.375,491520.0,1536,0,71,0.0284,analytic,"[1, 128, 768]","[1, 128, 768]",1214.89,0.0,0.375,cpu_perf_counter,cpu
8,encoder.layer.7.intermediate.dense,Linear,1.7126,1.5,603979776.0,2362368,0,72,1.7132,counter,"[1, 128, 768]","[1, 128, 3072]",1214.89,0.0,1.5,cpu_perf_counter,cpu
8,encoder.layer.7.intermediate.intermediate_act_fn,GELUActivation,0.1323,1.5,0.0,0,0,73,0.1329,none,"[1, 128, 3072]","[1, 128, 3072]",1214.89,0.0,1.5,cpu_perf_counter,cpu
8,encoder.layer.7.output.dense,Linear,1.4554,0.375,603979776.0,2360064,0,74,1.456,counter,"[1, 128, 3072]","[1, 128, 768]",1214.89,0.0,0.375,cpu_perf_counter,cpu
8,encoder.layer.7.output.LayerNorm,LayerNorm,0.0391,0.375,491520.0,1536,0,75,0.0397,analytic,"[1, 128, 768]","[1, 128, 768]",1214.89,0.0,0.375,cpu_perf_counter,cpu
8,encoder.layer.8.attention.self.query,Linear,0.3817,0.375,150994944.0,590592,0,76,0.3823,counter,"[1, 128, 768]","[1, 128, 768]",1214.89,0.0,0.375,cpu_perf_counter,cpu
8,encoder.layer.8.attention.self.key,Linear,0.3737,0.375,150994944.0,590592,0,77,0.3743,counter,"[1, 128, 768]","[1, 128, 768]",1214.89,0.0,0.375,cpu_perf_counter,cpu
8,encoder.layer.8.attention.self.value,Linear,0.3789,0.375,150994944.0,590592,0,78,0.3795,counter,"[1, 128, 768]","[1, 128, 768]",1214.89,0.0,0.375,cpu_perf_counter,cpu
8,encoder.layer.8.attention.output.dense,Linear,0.3753,0.375,150994944.0,590592,0,79,0.3759,counter,"[1, 128, 768]","[1, 128, 768]",1214.89,0.0,0.375,cpu_perf_counter,cpu
8,encoder.layer.8.attention.output.LayerNorm,LayerNorm,0.0314,0.375,491520.0,1536,0,80,0.032,analytic,"[1, 128, 768]","[1, 128, 768]",1214.89,0.0,0.375,cpu_perf_counter,cpu
8,encoder.layer.8.intermediate.dense,Linear,1.7594,1.5,603979776.0,2362368,0,81,1.76,counter,"[1, 128, 768]","[1, 128, 3072]",1214.89,0.0,1.5,cpu_perf_counter,cpu
8,encoder.layer.8.intermediate.intermediate_act_fn,GELUActivation,0.1285,1.5,0.0,0,0,82,0.1291,none,"[1, 128, 3072]","[1, 128, 3072]",1214.89,0.0,1.5,cpu_perf_counter,cpu
8,encoder.layer.8.output.dense,Linear,1.5457,0.375,603979776.0,2360064,0,83,1.5463,counter,"[1, 128, 3072]","[1, 128, 768]",1214.89,0.0,0.375,cpu_perf_counter,cpu
8,encoder.layer.8.output.LayerNorm,LayerNorm,0.0444,0.375,491520.0,1536,0,84,0.045,analytic,"[1, 128, 768]","[1, 128, 768]",1214.89,0.0,0.375,cpu_perf_counter,cpu
8,encoder.layer.9.attention.self.query,Linear,0.3918,0.375,150994944.0,590592,0,85,0.3924,counter,"[1, 128, 768]","[1, 128, 768]",1214.89,0.0,0.375,cpu_perf_counter,cpu
8,encoder.layer.9.attention.self.key,Linear,0.4029,0.375,150994944.0,590592,0,86,0.4035,counter,"[1, 128, 768]","[1, 128, 768]",1214.89,0.0,0.375,cpu_perf_counter,cpu
8,encoder.layer.9.attention.self.value,Linear,0.3891,0.375,150994944.0,590592,0,87,0.3897,counter,"[1, 128, 768]","[1, 128, 768]",1214.89,0.0,0.375,cpu_perf_counter,cpu
8,encoder.layer.9.attention.output.dense,Linear,0.3792,0.375,150994944.0,590592,0,88,0.3798,counter,"[1, 128, 768]","[1, 128, 768]",1214.89,0.0,0.375,cpu_perf_counter,cpu
8,encoder.layer.9.attention.output.LayerNorm,LayerNorm,0.0315,0.375,491520.0,1536,0,89,0.0321,analytic,"[1, 128, 768]","[1, 128, 768]",1214.89,0.0,0.375,cpu_perf_counter,cpu
8,encoder.layer.9.intermediate.dense,Linear,1.7927,1.5,603979776.0,2362368,0,90,1.7933,counter,"[1, 128, 768]","[1, 128, 3072]",1214.89,0.0,1.5,cpu_perf_counter,cpu
8,encoder.layer.9.intermediate.intermediate_act_fn,GELUActivation,0.13,1.5,0.0,0,0,91,0.1306,none,"[1, 128, 3072]","[1, 128, 3072]",1214.89,0.0,1.5,cpu_perf_counter,cpu
8,encoder.layer.9.output.dense,Linear,1.5122,0.375,603979776.0,2360064,0,92,1.5128,counter,"[1, 128, 3072]","[1, 128, 768]",1214.89,0.0,0.375,cpu_perf_counter,cpu
8,encoder.layer.9.output.LayerNorm,LayerNorm,0.0388,0.375,491520.0,1536,0,93,0.0394,analytic,"[1, 128, 768]","[1, 128, 768]",1214.89,0.0,0.375,cpu_perf_counter,cpu
8,encoder.layer.10.attention.self.query,Linear,0.3874,0.375,150994944.0,590592,0,94,0.388,counter,"[1, 128, 768]","[1, 128, 768]",1214.89,0.0,0.375,cpu_perf_counter,cpu
8,encoder.layer.10.attention.self.key,Linear,0.3676,0.375,150994944.0,590592,0,95,0.3682,counter,"[1, 128, 768]","[1, 128, 768]",1214.89,0.0,0.375,cpu_perf_counter,cpu
8,encoder.layer.10.attention.self.value,Linear,0.3702,0.375,150994944.0,590592,0,96,0.3708,counter,"[1, 128, 768]","[1, 128, 768]",1214.89,0.0,0.375,cpu_perf_counter,cpu
8,encoder.layer.10.attention.output.dense,Linear,0.3979,0.375,150994944.0,590592,0,97,0.3985,counter,"[1, 128, 768]","[1, 128, 768]",1214.89,0.0,0.375,cpu_perf_counter,cpu
8,encoder.layer.10.attention.output.LayerNorm,LayerNorm,0.0748,0.375,491520.0,1536,0,98,0.0754,analytic,"[1, 128, 768]","[1, 128, 768]",1214.89,0.0,0.375,cpu_perf_counter,cpu
8,encoder.layer.10.intermediate.dense,Linear,1.7977,1.5,603979776.0,2362368,0,99,1.7983,counter,"[1, 128, 768]","[1, 128, 3072]",1214.89,0.0,1.5,cpu_perf_counter,cpu
8,encoder.layer.10.intermediate.intermediate_act_fn,GELUActivation,0.1437,1.5,0.0,0,0,100,0.1443,none,"[1, 128, 3072]","[1, 128, 3072]",1214.89,0.0,1.5,cpu_perf_counter,cpu
8,encoder.layer.10.output.dense,Linear,1.4726,0.375,603979776.0,2360064,0,101,1.4732,counter,"[1, 128, 3072]","[1, 128, 768]",1214.89,0.0,0.375,cpu_perf_counter,cpu
8,encoder.layer.10.output.LayerNorm,LayerNorm,0.0493,0.375,491520.0,1536,0,102,0.0499,analytic,"[1, 128, 768]","[1, 128, 768]",1214.89,0.0,0.375,cpu_perf_counter,cpu
8,encoder.layer.11.attention.self.query,Linear,0.3904,0.375,150994944.0,590592,0,103,0.391,counter,"[1, 128, 768]","[1, 128, 768]",1214.89,0.0,0.375,cpu_perf_counter,cpu
8,encoder.layer.11.attention.self.key,Linear,0.3794,0.375,150994944.0,590592,0,104,0.38,counter,"[1, 128, 768]","[1, 128, 768]",1214.89,0.0,0.375,cpu_perf_counter,cpu
8,encoder.layer.11.attention.self.value,Linear,0.3795,0.375,150994944.0,590592,0,105,0.3801,counter,"[1, 128, 768]","[1, 128, 768]",1214.89,0.0,0.375,cpu_perf_counter,cpu
8,encoder.layer.11.attention.output.dense,Linear,0.3745,0.375,150994944.0,590592,0,106,0.3751,counter,"[1, 128, 768]","[1, 128, 768]",1214.89,0.0,0.375,cpu_perf_counter,cpu
8,encoder.layer.11.attention.output.LayerNorm,LayerNorm,0.034,0.375,491520.0,1536,0,107,0.0346,analytic,"[1, 128, 768]","[1, 128, 768]",1214.89,0.0,0.375,cpu_perf_counter,cpu
8,encoder.layer.11.intermediate.dense,Linear,1.686,1.5,603979776.0,2362368,0,108,1.6866,counter,"[1, 128, 768]","[1, 128, 3072]",1214.89,0.0,1.5,cpu_perf_counter,cpu
8,encoder.layer.11.intermediate.intermediate_act_fn,GELUActivation,0.1712,1.5,0.0,0,0,109,0.1718,none,"[1, 128, 3072]","[1, 128, 3072]",1214.89,0.0,1.5,cpu_perf_counter,cpu
8,encoder.layer.11.output.dense,Linear,1.552,0.375,603979776.0,2360064,0,110,1.5526,counter,"[1, 128, 3072]","[1, 128, 768]",1214.89,0.0,0.375,cpu_perf_counter,cpu
8,encoder.layer.11.output.LayerNorm,LayerNorm,0.0654,0.375,491520.0,1536,0,111,0.066,analytic,"[1, 128, 768]","[1, 128, 768]",1214.89,0.0,0.375,cpu_perf_counter,cpu
8,pooler.dense,Linear,0.1558,0.00293,1179648.0,590592,0,112,0.1564,counter,"[1, 768]","[1, 768]",1214.89,0.0,0.003,cpu_perf_counter,cpu
8,pooler.activation,Tanh,0.0193,0.00293,3072.0,0,0,113,0.0199,analytic,"[1, 768]","[1, 768]",1214.89,0.0,0.003,cpu_perf_counter,cpu
9,embeddings.word_embeddings,Embedding,0.0558,0.375,0.0,23440896,0,0,0.0564,none,"[1, 128]","[1, 128, 768]",1214.89,0.0,0.375,cpu_perf_counter,cpu
9,embeddings.token_type_embeddings,Embedding,0.0234,0.375,0.0,1536,0,1,0.024,none,"[1, 128]","[1, 128, 768]",1214.89,0.0,0.375,cpu_perf_counter,cpu
9,embeddings.position_embeddings,Embedding,0.0336,0.375,0.0,393216,0,2,0.0342,none,"[1, 128]","[1, 128, 768]",1214.89,0.0,0.375,cpu_perf_counter,cpu
9,embeddings.LayerNorm,LayerNorm,0.0307,0.375,491520.0,1536,0,3,0.0313,analytic,"[1, 128, 768]","[1, 128, 768]",1214.89,0.0,0.375,cpu_perf_counter,cpu
9,encoder.layer.0.attention.self.query,Linear,0.397,0.375,150994944.0,590592,0,4,0.3976,counter,"[1, 128, 768]","[1, 128, 768]",1214.89,0.0,0.375,cpu_perf_counter,cpu
9,encoder.layer.0.attention.self.key,Linear,0.3585,0.375,150994944.0,590592,0,5,0.3591,counter,"[1, 128, 768]","[1, 128, 768]",1214.89,0.0,0.375,cpu_perf_counter,cpu
9,encoder.layer.0.attention.self.value,Linear,0.37,0.375,150994944.0,590592,0,6,0.3706,counter,"[1, 128, 768]","[1, 128, 768]",1214.89,0.0,0.375,cpu_perf_counter,cpu
9,encoder.layer.0.attention.output.dense,Linear,0.382,0.375,150994944.0,590592,0,7,0.3826,counter,"[1, 128, 768]","[1, 128, 768]",1214.89,0.0,0.375,cpu_perf_counter,cpu
9,encoder.layer.0.attention.output.LayerNorm,LayerNorm,0.0328,0.375,491520.0,1536,0,8,0.0334,analytic,"[1, 128, 768]","[1, 128, 768]",1214.89,0.0,0.375,cpu_perf_counter,cpu
9,encoder.layer.0.intermediate.dense,Linear,1.7727,1.5,603979776.0,2362368,0,9,1.7733,counter,"[1, 128, 768]","[1, 128, 3072]",1214.89,0.0,1.5,cpu_perf_counter,cpu
9,encoder.layer.0.intermediate.intermediate_act_fn,GELUActivation,0.1803,1.5,0.0,0,0,10,0.1809,none,"[1, 128, 3072]","[1, 128, 3072]",1214.89,0.0,1.5,cpu_perf_counter,cpu
9,encoder.layer.0.output.dense,Linear,1.5138,0.375,603979776.0,2360064,0,11,1.5144,counter,"[1, 128, 3072]","[1, 128, 768]",1214.89,0.0,0.375,cpu_perf_counter,cpu
9,encoder.layer.0.output.LayerNorm,LayerNorm,0.0501,0.375,491520.0,1536,0,12,0.0507,analytic,"[1, 128, 768]","[1, 128, 768]",1214.89,0.0,0.375,cpu_perf_counter,cpu
9,encoder.layer.1.attention.self.query,Linear,0.445,0.375,150994944.0,590592,0,13,0.4456,counter,"[1, 128, 768]","[1, 128, 768]",1214.89,0.0,0.375,cpu_perf_counter,cpu
9,encoder.layer.1.attention.self.key,Linear,0.3751,0.375,150994944.0,590592,0,14,0.3757,counter,"[1, 128, 768]","[1, 128, 768]",1214.89,0.0,0.375,cpu_perf_counter,cpu
9,encoder.layer.1.attention.self.value,Linear,0.3747,0.375,150994944.0,590592,0,15,0.3753,counter,"[1, 128, 768]","[1, 128, 768]",1214.89,0.0,0.375,cpu_perf_counter,cpu
9,encoder.layer.1.attention.output.dense,Linear,0.3793,0.375,150994944.0,590592,0,16,0.3799,counter,"[1, 128, 768]","[1, 128, 768]",1214.89,0.0,0.375,cpu_perf_counter,cpu
9,encoder.layer.1.attention.output.LayerNorm,LayerNorm,0.0433,0.375,491520.0,1536,0,17,0.0439,analytic,"[1, 128, 768]","[1, 128, 768]",1214.89,0.0,0.375,cpu_perf_counter,cpu
9,encoder.layer.1.intermediate.dense,Linear,1.7341,1.5,603979776.0,2362368,0,18,1.7347,counter,"[1, 128, 768]","[1, 128, 3072]",1214.89,0.0,1.5,cpu_perf_counter,cpu
9,encoder.layer.1.intermediate.intermediate_act_fn,GELUActivation,0.155,1.5,0.0,0,0,19,0.1556,none,"[1, 128, 3072]","[1, 128, 3072]",1214.89,0.0,1.5,cpu_perf_counter,cpu
9,encoder.layer.1.output.dense,Linear,1.4971,0.375,603979776.0,2360064,0,20,1.4977,counter,"[1, 128, 3072]","[1, 128, 768]",1214.89,0.0,0.375,cpu_perf_counter,cpu
9,encoder.layer.1.output.LayerNorm,LayerNorm,0.0476,0.375,491520.0,1536,0,21,0.0482,analytic,"[1, 128, 768]","[1, 128, 768]",1214.89,0.0,0.375,cpu_perf_counter,cpu
9,encoder.layer.2.attention.self.query,Linear,0.3982,0.375,150994944.0,590592,0,22,0.3988,counter,"[1, 128, 768]","[1, 128, 768]",1214.89,0.0,0.375,cpu_perf_counter,cpu
9,encoder.layer.2.attention.self.key,Linear,0.4206,0.375,150994944.0,590592,0,23,0.4212,counter,"[1, 128, 768]","[1, 128, 768]",1214.89,0.0,0.375,cpu_perf_counter,cpu
9,encoder.layer.2.attention.self.value,Linear,0.3933,0.375,150994944.0,590592,0,24,0.3939,counter,"[1, 128, 768]","[1, 128, 768]",1214.89,0.0,0.375,cpu_perf_counter,cpu
9,encoder.layer.2.attention.output.dense,Linear,0.4225,0.375,150994944.0,590592,0,25,0.4231,counter,"[1, 128, 768]","[1, 128, 768]",1214.89,0.0,0.375,cpu_perf_counter,cpu
9,encoder.layer.2.attention.output.LayerNorm,LayerNorm,0.042,0.375,491520.0,1536,0,26,0.0426,analytic,"[1, 128, 768]","[1, 128, 768]",1214.89,0.0,0.375,cpu_perf_counter,cpu
9,encoder.layer.2.intermediate.dense,Linear,1.8156,1.5,603979776.0,2362368,0,27,1.8162,counter,"[1, 128, 768]","[1, 128, 3072]",1214.89,0.0,1.5,cpu_perf_counter,cpu
9,encoder.layer.2.intermediate.intermediate_act_fn,GELUActivation,0.1381,1.5,0.0,0,0,28,0.1387,none,"[1, 128, 3072]","[1, 128, 3072]",1214.89,0.0,1.5,cpu_perf_counter,cpu
9,encoder.layer.2.output.dense,Linear,1.5626,0.375,603979776.0,2360064,0,29,1.5632,counter,"[1, 128, 3072]","[1, 128, 768]",1214.89,0.0,0.375,cpu_perf_counter,cpu
9,encoder.layer.2.output.LayerNorm,LayerNorm,0.0451,0.375,491520.0,1536,0,30,0.0457,analytic,"[1, 128, 768]","[1, 128, 768]",1214.89,0.0,0.375,cpu_perf_counter,cpu
9,encoder.layer.3.attention.self.query,Linear,0.3945,0.375,150994944.0,590592,0,31,0.3951,counter,"[1, 128, 768]","[1, 128, 768]",1214.89,0.0,0.375,cpu_perf_counter,cpu
9,encoder.layer.3.attention.self.key,Linear,0.3867,0.375,150994944.0,590592,0,32,0.3873,counter,"[1, 128, 768]","[1, 128, 768]",1214.89,0.0,0.375,cpu_perf_counter,cpu
9,encoder.layer.3.attention.self.value,Linear,0.3963,0.375,150994944.0,590592,0,33,0.3969,counter,"[1, 128, 768]","[1, 128, 768]",1214.89,0.0,0.375,cpu_perf_counter,cpu
9,encoder.layer.3.attention.output.dense,Linear,0.3915,0.375,150994944.0,590592,0,34,0.3921,counter,"[1, 128, 768]","[1, 128, 768]",1214.89,0.0,0.375,cpu_perf_counter,cpu
9,encoder.layer.3.attention.output.LayerNorm,LayerNorm,0.0312,0.375,491520.0,1536,0,35,0.0318,analytic,"[1, 128, 768]","[1, 128, 768]",1214.89,0.0,0.375,cpu_perf_counter,cpu
9,encoder.layer.3.intermediate.dense,Linear,1.6932,1.5,603979776.0,2362368,0,36,1.6938,counter,"[1, 128, 768]","[1, 128, 3072]",1214.89,0.0,1.5,cpu_perf_counter,cpu
9,encoder.layer.3.intermediate.intermediate_act_fn,GELUActivation,0.1596,1.5,0.0,0,0,37,0.1602,none,"[1, 128, 3072]","[1, 128, 3072]",1214.89,0.0,1.5,cpu_perf_counter,cpu
9,encoder.layer.3.output.dense,Linear,1.4579,0.375,603979776.0,2360064,0,38,1.4585,counter,"[1, 128, 3072]","[1, 128, 768]",1214.89,0.0,0.375,cpu_perf_counter,cpu
9,encoder.layer.3.output.LayerNorm,LayerNorm,0.0463,0.375,491520.0,1536,0,39,0.0469,analytic,"[1, 128, 768]","[1, 128, 768]",1214.89,0.0,0.375,cpu_perf_counter,cpu
9,encoder.layer.4.attention.self.query,Linear,0.3884,0.375,150994944.0,590592,0,40,0.389,counter,"[1, 128, 768]","[1, 128, 768]",1214.89,0.0,0.375,cpu_perf_counter,cpu
9,encoder.layer.4.attention.self.key,Linear,0.3877,0.375,150994944.0,590592,0,41,0.3883,counter,"[1, 128, 768]","[1, 128, 768]",1214.89,0.0,0.375,cpu_perf_counter,cpu
9,encoder.layer.4.attention.self.value,Linear,0.3914,0.375,150994944.0,590592,0,42,0.392,counter,"[1, 128, 768]","[1, 128, 768]",1214.89,0.0,0.375,cpu_perf_counter,cpu
9,encoder.layer.4.attention.output.dense,Linear,0.3728,0.375,150994944.0,590592,0,43,0.3734,counter,"[1, 128, 768]","[1, 128, 768]",1214.89,0.0,0.375,cpu_perf_counter,cpu
9,encoder.layer.4.attention.output.LayerNorm,LayerNorm,0.031,0.375,491520.0,1536,0,44,0.0316,analytic,"[1, 128, 768]","[1, 128, 768]",1214.89,0.0,0.375,cpu_perf_counter,cpu
9,encoder.layer.4.intermediate.dense,Linear,1.7224,1.5,603979776.0,2362368,0,45,1.723,counter,"[1, 128, 768]","[1, 128, 3072]",1214.89,0.0,1.5,cpu_perf_counter,cpu
9,encoder.layer.4.intermediate.intermediate_act_fn,GELUActivation,0.1456,1.5,0.0,0,0,46,0.1462,none,"[1, 128, 3072]","[1, 128, 3072]",1214.89,0.0,1.5,cpu_perf_counter,cpu
9,encoder.layer.4.output.dense,Linear,1.4825,0.375,603979776.0,2360064,0,47,1.4831,counter,"[1, 128, 3072]","[1, 128, 768]",1214.89,0.0,0.375,cpu_perf_counter,cpu
9,encoder.layer.4.output.LayerNorm,LayerNorm,0.0461,0.375,491520.0,1536,0,48,0.0467,analytic,"[1, 128, 768]","[1, 128, 768]",1214.89,0.0,0.375,cpu_perf_counter,cpu
9,encoder.layer.5.attention.self.query,Linear,0.4077,0.375,150994944.0,590592,0,49,0.4083,counter,"[1, 128, 768]","[1, 128, 768]",1214.89,0.0,0.375,cpu_perf_counter,cpu
9,encoder.layer.5.attention.self.key,Linear,0.3868,0.375,150994944.0,590592,0,50,0.3874,counter,"[1, 128, 768]","[1, 128, 768]",1214.89,0.0,0.375,cpu_perf_counter,cpu
9,encoder.layer.5.attention.self.value,Linear,0.3822,0.375,150994944.0,590592,0,51,0.3828,counter,"[1, 128, 768]","[1, 128, 768]",1214.89,0.0,0.375,cpu_perf_counter,cpu
9,encoder.layer.5.attention.output.dense,Linear,0.3762,0.375,150994944.0,590592,0,52,0.3768,counter,"[1, 128, 768]","[1, 128, 768]",1214.89,0.0,0.375,cpu_perf_counter,cpu
9,encoder.layer.5.attention.output.LayerNorm,LayerNorm,0.0324,0.375,491520.0,1536,0,53,0.033,analytic,"[1, 128, 768]","[1, 128, 768]",1214.89,0.0,0.375,cpu_perf_counter,cpu
9,encoder.layer.5.intermediate.dense,Linear,1.6899,1.5,603979776.0,2362368,0,54,1.6905,counter,"[1, 128, 768]","[1, 128, 3072]",1214.89,0.0,1.5,cpu_perf_counter,cpu
9,encoder.layer.5.intermediate.intermediate_act_fn,GELUActivation,0.1328,1.5,0.0,0,0,55,0.1334,none,"[1, 128, 3072]","[1, 128, 3072]",1214.89,0.0,1.5,cpu_perf_counter,cpu
9,encoder.layer.5.output.dense,Linear,1.4788,0.375,603979776.0,2360064,0,56,1.4794,counter,"[1, 128, 3072]","[1, 128, 768]",1214.89,0.0,0.375,cpu_perf_counter,cpu
9,encoder.layer.5.output.LayerNorm,LayerNorm,0.0541,0.375,491520.0,1536,0,57,0.0547,analytic,"[1, 128, 768]","[1, 128, 768]",1214.89,0.0,0.375,cpu_perf_counter,cpu
9,encoder.layer.6.attention.self.query,Linear,0.4053,0.375,150994944.0,590592,0,58,0.4059,counter,"[1, 128, 768]","[1, 128, 768]",1214.89,0.0,0.375,cpu_perf_counter,cpu
9,encoder.layer.6.attention.self.key,Linear,0.3772,0.375,150994944.0,590592,0,59,0.3778,counter,"[1, 128, 768]","[1, 128, 768]",1214.89,0.0,0.375,cpu_perf_counter,cpu
9,encoder.layer.6.attention.self.value,Linear,0.3714,0.375,150994944.0,590592,0,60,0.372,counter,"[1, 128, 768]","[1, 128, 768]",1214.89,0.0,0.375,cpu_perf_counter,cpu
9,encoder.layer.6.attention.output.dense,Linear,0.3771,0.375,150994944.0,590592,0,61,0.3777,counter,"[1, 128, 768]","[1, 128, 768]",1214.89,0.0,0.375,cpu_perf_counter,cpu
9,encoder.layer.6.attention.output.LayerNorm,LayerNorm,0.0342,0.375,491520.0,1536,0,62,0.0348,analytic,"[1, 128, 768]","[1, 128, 768]",1214.89,0.0,0.375,cpu_perf_counter,cpu
9,encoder.layer.6.intermediate.dense,Linear,1.6925,1.5,603979776.0,2362368,0,63,1.6931,counter,"[1, 128, 768]","[1, 128, 3072]",1214.89,0.0,1.5,cpu_perf_counter,cpu
9,encoder.layer.6.intermediate.intermediate_act_fn,GELUActivation,0.1552,1.5,0.0,0,0,64,0.1558,none,"[1, 128, 3072]","[1, 128, 3072]",1214.89,0.0,1.5,cpu_perf_counter,cpu
9,encoder.layer.6.output.dense,Linear,1.5109,0.375,603979776.0,2360064,0,65,1.5115,counter,"[1, 128, 3072]","[1, 128, 768]",1214.89,0.0,0.375,cpu_perf_counter,cpu
9,encoder.layer.6.output.LayerNorm,LayerNorm,0.05,0.375,491520.0,1536,0,66,0.0506,analytic,"[1, 128, 768]","[1, 128, 768]",1214.89,0.0,0.375,cpu_perf_counter,cpu
9,encoder.layer.7.attention.self.query,Linear,0.4262,0.375,150994944.0,590592,0,67,0.4268,counter,"[1, 128, 768]","[1, 128, 768]",1214.89,0.0,0.375,cpu_perf_counter,cpu
9,encoder.layer.7.attention.self.key,Linear,0.3976,0.375,150994944.0,590592,0,68,0.3982,counter,"[1, 128, 768]","[1, 128, 768]",1214.89,0.0,0.375,cpu_perf_counter,cpu
9,encoder.layer.7.attention.self.value,Linear,0.3922,0.375,150994944.0,590592,0,69,0.3928,counter,"[1, 128, 768]","[1, 128, 768]",1214.89,0.0,0.375,cpu_perf_counter,cpu
9,encoder.layer.7.attention.output.dense,Linear,0.3906,0.375,150994944.0,590592,0,70,0.3912,counter,"[1, 128, 768]","[1, 128, 768]",1214.89,0.0,0.375,cpu_perf_counter,cpu
9,encoder.layer.7.attention.output.LayerNorm,LayerNorm,0.0411,0.375,491520.0,1536,0,71,0.0417,analytic,"[1, 128, 768]","[1, 128, 768]",1214.89,0.0,0.375,cpu_perf_counter,cpu
9,encoder.layer.7.intermediate.dense,Linear,1.8766,1.5,603979776.0,2362368,0,72,1.8772,counter,"[1, 128, 768]","[1, 128, 3072]",1214.89,0.0,1.5,cpu_perf_counter,cpu
9,encoder.layer.7.intermediate.intermediate_act_fn,GELUActivation,0.1556,1.5,0.0,0,0,73,0.1562,none,"[1, 128, 3072]","[1, 128, 3072]",1214.89,0.0,1.5,cpu_perf_counter,cpu
9,encoder.layer.7.output.dense,Linear,1.5048,0.375,603979776.0,2360064,0,74,1.5054,counter,"[1, 128, 3072]","[1, 128, 768]",1214.89,0.0,0.375,cpu_perf_counter,cpu
9,encoder.layer.7.output.LayerNorm,LayerNorm,0.0422,0.375,491520.0,1536,0,75,0.0428,analytic,"[1, 128, 768]","[1, 128, 768]",1214.89,0.0,0.375,cpu_perf_counter,cpu
9,encoder.layer.8.attention.self.query,Linear,0.3965,0.375,150994944.0,590592,0,76,0.3971,counter,"[1, 128, 768]","[1, 128, 768]",1214.89,0.0,0.375,cpu_perf_counter,cpu
9,encoder.layer.8.attention.self.key,Linear,0.3813,0.375,150994944.0,590592,0,77,0.3819,counter,"[1, 128, 768]","[1, 128, 768]",1214.89,0.0,0.375,cpu_perf_counter,cpu
9,encoder.layer.8.attention.self.value,Linear,0.3726,0.375,150994944.0,590592,0,78,0.3732,counter,"[1, 128, 768]","[1, 128, 768]",1214.89,0.0,0.375,cpu_perf_counter,cpu
9,encoder.layer.8.attention.output.dense,Linear,0.3984,0.375,150994944.0,590592,0,79,0.399,counter,"[1, 128, 768]","[1, 128, 768]",1214.89,0.0,0.375,cpu_perf_counter,cpu
9,encoder.layer.8.attention.output.LayerNorm,LayerNorm,0.0383,0.375,491520.0,1536,0,80,0.0389,analytic,"[1, 128, 768]","[1, 128, 768]",1214.89,0.0,0.375,cpu_perf_counter,cpu
9,encoder.layer.8.intermediate.dense,Linear,1.8592,1.5,603979776.0,2362368,0,81,1.8598,counter,"[1, 128, 768]","[1, 128, 3072]",1214.89,0.0,1.5,cpu_perf_counter,cpu
9,encoder.layer.8.intermediate.intermediate_act_fn,GELUActivation,0.1341,1.5,0.0,0,0,82,0.1347,none,"[1, 128, 3072]","[1, 128, 3072]",1214.89,0.0,1.5,cpu_perf_counter,cpu
9,encoder.layer.8.output.dense,Linear,1.4639,0.375,603979776.0,2360064,0,83,1.4645,counter,"[1, 128, 3072]","[1, 128, 768]",1214.89,0.0,0.375,cpu_perf_counter,cpu
9,encoder.layer.8.output.LayerNorm,LayerNorm,0.0403,0.375,491520.0,1536,0,84,0.0409,analytic,"[1, 128, 768]","[1, 128, 768]",1214.89,0.0,0.375,cpu_perf_counter,cpu
9,encoder.layer.9.attention.self.query,Linear,0.3896,0.375,150994944.0,590592,0,85,0.3902,counter,"[1, 128, 768]","[1, 128, 768]",1214.89,0.0,0.375,cpu_perf_counter,cpu
9,encoder.layer.9.attention.self.key,Linear,0.3828,0.375,150994944.0,590592,0,86,0.3834,counter,"[1, 128, 768]","[1, 128, 768]",1214.89,0.0,0.375,cpu_perf_counter,cpu
9,encoder.layer.9.attention.self.value,Linear,0.3796,0.375,150994944.0,590592,0,87,0.3802,counter,"[1, 128, 768]","[1, 128, 768]",1214.89,0.0,0.375,cpu_perf_counter,cpu
9,encoder.layer.9.attention.output.dense,Linear,0.3762,0.375,150994944.0,590592,0,88,0.3768,counter,"[1, 128, 768]","[1, 128, 768]",1214.89,0.0,0.375,cpu_perf_counter,cpu
9,encoder.layer.9.attention.output.LayerNorm,LayerNorm,0.0311,0.375,491520.0,1536,0,89,0.0317,analytic,"[1, 128, 768]","[1, 128, 768]",1214.89,0.0,0.375,cpu_perf_counter,cpu
9,encoder.layer.9.intermediate.dense,Linear,1.9253,1.5,603979776.0,2362368,0,90,1.9259,counter,"[1, 128, 768]","[1, 128, 3072]",1214.89,0.0,1.5,cpu_perf_counter,cpu
9,encoder.layer.9.intermediate.intermediate_act_fn,GELUActivation,0.1284,1.5,0.0,0,0,91,0.129,none,"[1, 128, 3072]","[1, 128, 3072]",1214.89,0.0,1.5,cpu_perf_counter,cpu
9,encoder.layer.9.output.dense,Linear,1.4704,0.375,603979776.0,2360064,0,92,1.471,counter,"[1, 128, 3072]","[1, 128, 768]",1214.89,0.0,0.375,cpu_perf_counter,cpu
9,encoder.layer.9.output.LayerNorm,LayerNorm,0.0401,0.375,491520.0,1536,0,93,0.0407,analytic,"[1, 128, 768]","[1, 128, 768]",1214.89,0.0,0.375,cpu_perf_counter,cpu
9,encoder.layer.10.attention.self.query,Linear,0.3914,0.375,150994944.0,590592,0,94,0.392,counter,"[1, 128, 768]","[1, 128, 768]",1214.89,0.0,0.375,cpu_perf_counter,cpu
9,encoder.layer.10.attention.self.key,Linear,0.3679,0.375,150994944.0,590592,0,95,0.3685,counter,"[1, 128, 768]","[1, 128, 768]",1214.89,0.0,0.375,cpu_perf_counter,cpu
9,encoder.layer.10.attention.self.value,Linear,0.3735,0.375,150994944.0,590592,0,96,0.3741,counter,"[1, 128, 768]","[1, 128, 768]",1214.89,0.0,0.375,cpu_perf_counter,cpu
9,encoder.layer.10.attention.output.dense,Linear,0.3851,0.375,150994944.0,590592,0,97,0.3857,counter,"[1, 128, 768]","[1, 128, 768]",1214.89,0.0,0.375,cpu_perf_counter,cpu
9,encoder.layer.10.attention.output.LayerNorm,LayerNorm,0.0303,0.375,491520.0,1536,0,98,0.0309,analytic,"[1, 128, 768]","[1, 128, 768]",1214.89,0.0,0.375,cpu_perf_counter,cpu
9,encoder.layer.10.intermediate.dense,Linear,1.6448,1.5,603979776.0,2362368,0,99,1.6454,counter,"[1, 128, 768]","[1, 128, 3072]",1214.89,0.0,1.5,cpu_perf_counter,cpu
9,encoder.layer.10.intermediate.intermediate_act_fn,GELUActivation,0.148,1.5,0.0,0,0,100,0.1486,none,"[1, 128, 3072]","[1, 128, 3072]",1214.89,0.0,1.5,cpu_perf_counter,cpu
9,encoder.layer.10.output.dense,Linear,1.4189,0.375,603979776.0,2360064,0,101,1.4195,counter,"[1, 128, 3072]","[1, 128, 768]",1214.89,0.0,0.375,cpu_perf_counter,cpu
9,encoder.layer.10.output.LayerNorm,LayerNorm,0.0559,0.375,491520.0,1536,0,102,0.0565,analytic,"[1, 128, 768]","[1, 128, 768]",1214.89,0.0,0.375,cpu_perf_counter,cpu
9,encoder.layer.11.attention.self.query,Linear,0.4106,0.375,150994944.0,590592,0,103,0.4112,counter,"[1, 128, 768]","[1, 128, 768]",1214.89,0.0,0.375,cpu_perf_counter,cpu
9,encoder.layer.11.attention.self.key,Linear,0.4021,0.375,150994944.0,590592,0,104,0.4027,counter,"[1, 128, 768]","[1, 128, 768]",1214.89,0.0,0.375,cpu_perf_counter,cpu
9,encoder.layer.11.attention.self.value,Linear,0.3847,0.375,150994944.0,590592,0,105,0.3853,counter,"[1, 128, 768]","[1, 128, 768]",1214.89,0.0,0.375,cpu_perf_counter,cpu
9,encoder.layer.11.attention.output.dense,Linear,0.375,0.375,150994944.0,590592,0,106,0.3756,counter,"[1, 128, 768]","[1, 128, 768]",1214.89,0.0,0.375,cpu_perf_counter,cpu
9,encoder.layer.11.attention.output.LayerNorm,LayerNorm,0.0332,0.375,491520.0,1536,0,107,0.0338,analytic,"[1, 128, 768]","[1, 128, 768]",1214.89,0.0,0.375,cpu_perf_counter,cpu
9,encoder.layer.11.intermediate.dense,Linear,1.6825,1.5,603979776.0,2362368,0,108,1.6831,counter,"[1, 128, 768]","[1, 128, 3072]",1214.89,0.0,1.5,cpu_perf_counter,cpu
9,encoder.layer.11.intermediate.intermediate_act_fn,GELUActivation,0.1238,1.5,0.0,0,0,109,0.1244,none,"[1, 128, 3072]","[1, 128, 3072]",1214.89,0.0,1.5,cpu_perf_counter,cpu
9,encoder.layer.11.output.dense,Linear,1.5326,0.375,603979776.0,2360064,0,110,1.5332,counter,"[1, 128, 3072]","[1, 128, 768]",1214.89,0.0,0.375,cpu_perf_counter,cpu
9,encoder.layer.11.output.LayerNorm,LayerNorm,0.0375,0.375,491520.0,1536,0,111,0.0381,analytic,"[1, 128, 768]","[1, 128, 768]",1214.89,0.0,0.375,cpu_perf_counter,cpu
9,pooler.dense,Linear,0.1124,0.00293,1179648.0,590592,0,112,0.113,counter,"[1, 768]","[1, 768]",1214.89,0.0,0.003,cpu_perf_counter,cpu
9,pooler.activation,Tanh,0.0149,0.00293,3072.0,0,0,113,0.0155,analytic,"[1, 768]","[1, 768]",1214.89,0.0,0.003,cpu_perf_counter,cpu
10,embeddings.word_embeddings,Embedding,0.0453,0.375,0.0,23440896,0,0,0.0459,none,"[1, 128]","[1, 128, 768]",1214.89,0.0,0.375,cpu_perf_counter,cpu
10,embeddings.token_type_embeddings,Embedding,0.0195,0.375,0.0,1536,0,1,0.0201,none,"[1, 128]","[1, 128, 768]",1214.89,0.0,0.375,cpu_perf_counter,cpu
10,embeddings.position_embeddings,Embedding,0.019,0.375,0.0,393216,0,2,0.0196,none,"[1, 128]","[1, 128, 768]",1214.89,0.0,0.375,cpu_perf_counter,cpu
10,embeddings.LayerNorm,LayerNorm,0.0235,0.375,491520.0,1536,0,3,0.0241,analytic,"[1, 128, 768]","[1, 128, 768]",1214.89,0.0,0.375,cpu_perf_counter,cpu
10,encoder.layer.0.attention.self.query,Linear,0.3692,0.375,150994944.0,590592,0,4,0.3698,counter,"[1, 128, 768]","[1, 128, 768]",1214.89,0.0,0.375,cpu_perf_counter,cpu
10,encoder.layer.0.attention.self.key,Linear,0.3567,0.375,150994944.0,590592,0,5,0.3573,counter,"[1, 128, 768]","[1, 128, 768]",1214.89,0.0,0.375,cpu_perf_counter,cpu
10,encoder.layer.0.attention.self.value,Linear,0.3642,0.375,150994944.0,590592,0,6,0.3648,counter,"[1, 128, 768]","[1, 128, 768]",1214.89,0.0,0.375,cpu_perf_counter,cpu
10,encoder.layer.0.attention.output.dense,Linear,0.3715,0.375,150994944.0,590592,0,7,0.3721,counter,"[1, 128, 768]","[1, 128, 768]",1214.89,0.0,0.375,cpu_perf_counter,cpu
10,encoder.layer.0.attention.output.LayerNorm,LayerNorm,0.0256,0.375,491520.0,1536,0,8,0.0262,analytic,"[1, 128, 768]","[1, 128, 768]",1214.89,0.0,0.375,cpu_perf_counter,cpu
10,encoder.layer.0.intermediate.dense,Linear,1.7088,1.5,603979776.0,2362368,0,9,1.7094,counter,"[1, 128, 768]","[1, 128, 3072]",1214.89,0.0,1.5,cpu_perf_counter,cpu
10,encoder.layer.0.intermediate.intermediate_act_fn,GELUActivation,0.1333,1.5,0.0,0,0,10,0.1339,none,"[1, 128, 3072]","[1, 128, 3072]",1214.89,0.0,1.5,cpu_perf_counter,cpu
10,encoder.layer.0.output.dense,Linear,1.4829,0.375,603979776.0,2360064,0,11,1.4835,counter,"[1, 128, 3072]","[1, 128, 768]",1214.89,0.0,0.375,cpu_perf_counter,cpu
10,encoder.layer.0.output.LayerNorm,LayerNorm,0.0411,0.375,491520.0,1536,0,12,0.0417,analytic,"[1, 128, 768]","[1, 128, 768]",1214.89,0.0,0.375,cpu_perf_counter,cpu
10,encoder.layer.1.attention.self.query,Linear,0.3948,0.375,150994944.0,590592,0,13,0.3954,counter,"[1, 128, 768]","[1, 128, 768]",1214.89,0.0,0.375,cpu_perf_counter,cpu
10,encoder.layer.1.attention.self.key,Linear,0.3688,0.375,150994944.0,590592,0,14,0.3694,counter,"[1, 128, 768]","[1, 128, 768]",1214.89,0.0,0.375,cpu_perf_counter,cpu
10,encoder.layer.1.attention.self.value,Linear,0.3759,0.375,150994944.0,590592,0,15,0.3765,counter,"[1, 128, 768]","[1, 128, 768]",1214.89,0.0,0.375,cpu_perf_counter,cpu
10,encoder.layer.1.attention.output.dense,Linear,0.379,0.375,150994944.0,590592,0,16,0.3796,counter,"[1, 128, 768]","[1, 128, 768]",1214.89,0.0,0.375,cpu_perf_counter,cpu
10,encoder.layer.1.attention.output.LayerNorm,LayerNorm,0.0332,0.375,491520.0,1536,0,17,0.0338,analytic,"[1, 128, 768]","[1, 128, 768]",1214.89,0.0,0.375,cpu_perf_counter,cpu
10,encoder.layer.1.intermediate.dense,Linear,1.7298,1.5,603979776.0,2362368,0,18,1.7304,counter,"[1, 128, 768]","[1, 128, 3072]",1214.89,0.0,1.5,cpu_perf_counter,cpu
10,encoder.layer.1.intermediate.intermediate_act_fn,GELUActivation,0.1408,1.5,0.0,0,0,19,0.1414,none,"[1, 128, 3072]","[1, 128, 3072]",1214.89,0.0,1.5,cpu_perf_counter,cpu
10,encoder.layer.1.output.dense,Linear,1.5264,0.375,603979776.0,2360064,0,20,1.527,counter,"[1, 128, 3072]","[1, 128, 768]",1214.89,0.0,0.375,cpu_perf_counter,cpu
10,encoder.layer.1.output.LayerNorm,LayerNorm,0.0492,0.375,491520.0,1536,0,21,0.0498,analytic,"[1, 128, 768]","[1, 128, 768]",1214.89,0.0,0.375,cpu_perf_counter,cpu
10,encoder.layer.2.attention.self.query,Linear,0.4098,0.375,150994944.0,590592,0,22,0.4104,counter,"[1, 128, 768]","[1, 128, 768]",1214.89,0.0,0.375,cpu_perf_counter,cpu
10,encoder.layer.2.attention.self.key,Linear,0.3725,0.375,150994944.0,590592,0,23,0.3731,counter,"[1, 128, 768]","[1, 128, 768]",1214.89,0.0,0.375,cpu_perf_counter,cpu
10,encoder.layer.2.attention.self.value,Linear,0.3693,0.375,150994944.0,590592,0,24,0.3699,counter,"[1, 128, 768]","[1, 128, 768]",1214.89,0.0,0.375,cpu_perf_counter,cpu
10,encoder.layer.2.attention.output.dense,Linear,0.3825,0.375,150994944.0,590592,0,25,0.3831,counter,"[1, 128, 768]","[1, 128, 768]",1214.89,0.0,0.375,cpu_perf_counter,cpu
10,encoder.layer.2.attention.output.LayerNorm,LayerNorm,0.0318,0.375,491520.0,1536,0,26,0.0324,analytic,"[1, 128, 768]","[1, 128, 768]",1214.89,0.0,0.375,cpu_perf_counter,cpu
10,encoder.layer.2.intermediate.dense,Linear,1.6914,1.5,603979776.0,2362368,0,27,1.692,counter,"[1, 128, 768]","[1, 128, 3072]",1214.89,0.0,1.5,cpu_perf_counter,cpu
10,encoder.layer.2.intermediate.intermediate_act_fn,GELUActivation,0.1271,1.5,0.0,0,0,28,0.1277,none,"[1, 128, 3072]","[1, 128, 3072]",1214.89,0.0,1.5,cpu_perf_counter,cpu
10,encoder.layer.2.output.dense,Linear,1.4859,0.375,603979776.0,2360064,0,29,1.4865,counter,"[1, 128, 3072]","[1, 128, 768]",1214.89,0.0,0.375,cpu_perf_counter,cpu
10,encoder.layer.2.output.LayerNorm,LayerNorm,0.0405,0.375,491520.0,1536,0,30,0.0411,analytic,"[1, 128, 768]","[1, 128, 768]",1214.89,0.0,0.375,cpu_perf_counter,cpu
10,encoder.layer.3.attention.self.query,Linear,0.3802,0.375,150994944.0,590592,0,31,0.3808,counter,"[1, 128, 768]","[1, 128, 768]",1214.89,0.0,0.375,cpu_perf_counter,cpu
10,encoder.layer.3.attention.self.key,Linear,0.3763,0.375,150994944.0,590592,0,32,0.3769,counter,"[1, 128, 768]","[1, 128, 768]",1214.89,0.0,0.375,cpu_perf_counter,cpu
10,encoder.layer.3.attention.self.value,Linear,0.3726,0.375,150994944.0,590592,0,33,0.3732,counter,"[1, 128, 768]","[1, 128, 768]",1214.89,0.0,0.375,cpu_perf_counter,cpu
10,encoder.layer.3.attention.output.dense,Linear,0.3745,0.375,150994944.0,590592,0,34,0.3751,counter,"[1, 128, 768]","[1, 128, 768]",1214.89,0.0,0.375,cpu_perf_counter,cpu
10,encoder.layer.3.attention.output.LayerNorm,LayerNorm,0.0251,0.375,491520.0,1536,0,35,0.0257,analytic,"[1, 128, 768]","[1, 128, 768]",1214.89,0.0,0.375,cpu_perf_counter,cpu
10,encoder.layer.3.intermediate.dense,Linear,1.6892,1.5,603979776.0,2362368,0,36,1.6898,counter,"[1, 128, 768]","[1, 128, 3072]",1214.89,0.0,1.5,cpu_perf_counter,cpu
10,encoder.layer.3.intermediate.intermediate_act_fn,GELUActivation,0.1316,1.5,0.0,0,0,37,0.1322,none,"[1, 128, 3072]","[1, 128, 3072]",1214.89,0.0,1.5,cpu_perf_counter,cpu
10,encoder.layer.3.output.dense,Linear,1.742,0.375,603979776.0,2360064,0,38,1.7426,counter,"[1, 128, 3072]","[1, 128, 768]",1214.89,0.0,0.375,cpu_perf_counter,cpu
10,encoder.layer.3.output.LayerNorm,LayerNorm,0.088,0.375,491520.0,1536,0,39,0.0886,analytic,"[1, 128, 768]","[1, 128, 768]",1214.89,0.0,0.375,cpu_perf_counter,cpu
10,encoder.layer.4.attention.self.query,Linear,0.407,0.375,150994944.0,590592,0,40,0.4076,counter,"[1, 128, 768]","[1, 128, 768]",1214.89,0.0,0.375,cpu_perf_counter,cpu
10,encoder.layer.4.attention.self.key,Linear,0.3958,0.375,150994944.0,590592,0,41,0.3964,counter,"[1, 128, 768]","[1, 128, 768]",1214.89,0.0,0.375,cpu_perf_counter,cpu
10,encoder.layer.4.attention.self.value,Linear,0.3807,0.375,150994944.0,590592,0,42,0.3813,counter,"[1, 128, 768]","[1, 128, 768]",1214.89,0.0,0.375,cpu_perf_counter,cpu
10,encoder.layer.4.attention.output.dense,Linear,0.589,0.375,150994944.0,590592,0,43,0.5896,counter,"[1, 128, 768]","[1, 128, 768]",1214.89,0.0,0.375,cpu_perf_counter,cpu
10,encoder.layer.4.attention.output.LayerNorm,LayerNorm,0.034,0.375,491520.0,1536,0,44,0.0346,analytic,"[1, 128, 768]","[1, 128, 768]",1214.89,0.0,0.375,cpu_perf_counter,cpu
10,encoder.layer.4.intermediate.dense,Linear,1.3691,1.5,603979776.0,2362368,0,45,1.3697,counter,"[1, 128, 768]","[1, 128, 3072]",1214.89,0.0,1.5,cpu_perf_counter,cpu
10,encoder.layer.4.intermediate.intermediate_act_fn,GELUActivation,0.1356,1.5,0.0,0,0,46,0.1362,none,"[1, 128, 3072]","[1, 128, 3072]",1214.89,0.0,1.5,cpu_perf_counter,cpu
10,encoder.layer.4.output.dense,Linear,0.9791,0.375,603979776.0,2360064,0,47,0.9797,counter,"[1, 128, 3072]","[1, 128, 768]",1214.89,0.0,0.375,cpu_perf_counter,cpu
10,encoder.layer.4.output.LayerNorm,LayerNorm,0.053,0.375,491520.0,1536,0,48,0.0536,analytic,"[1, 128, 768]","[1, 128, 768]",1214.89,0.0,0.375,cpu_perf_counter,cpu
10,encoder.layer.5.attention.self.query,Linear,0.4418,0.375,150994944.0,590592,0,49,0.4424,counter,"[1, 128, 768]","[1, 128, 768]",1214.89,0.0,0.375,cpu_perf_counter,cpu
10,encoder.layer.5.attention.self.key,Linear,0.4165,0.375,150994944.0,590592,0,50,0.4171,counter,"[1, 128, 768]","[1, 128, 768]",1214.89,0.0,0.375,cpu_perf_counter,cpu
10,encoder.layer.5.attention.self.value,Linear,0.2976,0.375,150994944.0,590592,0,51,0.2982,counter,"[1, 128, 768]","[1, 128, 768]",1214.89,0.0,0.375,cpu_perf_counter,cpu
10,encoder.layer.5.attention.output.dense,Linear,0.2837,0.375,150994944.0,590592,0,52,0.2843,counter,"[1, 128, 768]","[1, 128, 768]",1214.89,0.0,0.375,cpu_perf_counter,cpu
10,encoder.layer.5.attention.output.LayerNorm,LayerNorm,0.0334,0.375,491520.0,1536,0,53,0.034,analytic,"[1, 128, 768]","[1, 128, 768]",1214.89,0.0,0.375,cpu_perf_counter,cpu
10,encoder.layer.5.intermediate.dense,Linear,1.3097,1.5,603979776.0,2362368,0,54,1.3103,counter,"[1, 128, 768]","[1, 128, 3072]",1214.89,0.0,1.5,cpu_perf_counter,cpu
10,encoder.layer.5.intermediate.intermediate_act_fn,GELUActivation,0.1401,1.5,0.0,0,0,55,0.1407,none,"[1, 128, 3072]","[1, 128, 3072]",1214.89,0.0,1.5,cpu_perf_counter,cpu
10,encoder.layer.5.output.dense,Linear,1.0154,0.375,603979776.0,2360064,0,56,1.016,counter,"[1, 128, 3072]","[1, 128, 768]",1214.89,0.0,0.375,cpu_perf_counter,cpu
10,encoder.layer.5.output.LayerNorm,LayerNorm,0.0397,0.375,491520.0,1536,0,57,0.0403,analytic,"[1, 128, 768]","[1, 128, 768]",1214.89,0.0,0.375,cpu_perf_counter,cpu
10,encoder.layer.6.attention.self.query,Linear,0.2885,0.375,150994944.0,590592,0,58,0.2891,counter,"[1, 128, 768]","[1, 128, 768]",1214.89,0.0,0.375,cpu_perf_counter,cpu
10,encoder.layer.6.attention.self.key,Linear,0.2597,0.375,150994944.0,590592,0,59,0.2603,counter,"[1, 128, 768]","[1, 128, 768]",1214.89,0.0,0.375,cpu_perf_counter,cpu
10,encoder.layer.6.attention.self.value,Linear,0.2647,0.375,150994944.0,590592,0,60,0.2653,counter,"[1, 128, 768]","[1, 128, 768]",1214.89,0.0,0.375,cpu_perf_counter,cpu
10,encoder.layer.6.attention.output.dense,Linear,0.2716,0.375,150994944.0,590592,0,61,0.2722,counter,"[1, 128, 768]","[1, 128, 768]",1214.89,0.0,0.375,cpu_perf_counter,cpu
10,encoder.layer.6.attention.output.LayerNorm,LayerNorm,0.0273,0.375,491520.0,1536,0,62,0.0279,analytic,"[1, 128, 768]","[1, 128, 768]",1214.89,0.0,0.375,cpu_perf_counter,cpu
10,encoder.layer.6.intermediate.dense,Linear,1.3205,1.5,603979776.0,2362368,0,63,1.3211,counter,"[1, 128, 768]","[1, 128, 3072]",1214.89,0.0,1.5,cpu_perf_counter,cpu
10,encoder.layer.6.intermediate.intermediate_act_fn,GELUActivation,0.1199,1.5,0.0,0,0,64,0.1205,none,"[1, 128, 3072]","[1, 128, 3072]",1214.89,0.0,1.5,cpu_perf_counter,cpu
10,encoder.layer.6.output.dense,Linear,0.9645,0.375,603979776.0,2360064,0,65,0.9651,counter,"[1, 128, 3072]","[1, 128, 768]",1214.89,0.0,0.375,cpu_perf_counter,cpu
10,encoder.layer.6.output.LayerNorm,LayerNorm,0.0406,0.375,491520.0,1536,0,66,0.0412,analytic,"[1, 128, 768]","[1, 128, 768]",1214.89,0.0,0.375,cpu_perf_counter,cpu
10,encoder.layer.7.attention.self.query,Linear,0.2758,0.375,150994944.0,590592,0,67,0.2764,counter,"[1, 128, 768]","[1, 128, 768]",1214.89,0.0,0.375,cpu_perf_counter,cpu
10,encoder.layer.7.attention.self.key,Linear,0.2662,0.375,150994944.0,590592,0,68,0.2668,counter,"[1, 128, 768]","[1, 128, 768]",1214.89,0.0,0.375,cpu_perf_counter,cpu
10,encoder.layer.7.attention.self.value,Linear,0.2916,0.375,150994944.0,590592,0,69,0.2922,counter,"[1, 128, 768]","[1, 128, 768]",1214.89,0.0,0.375,cpu_perf_counter,cpu
10,encoder.layer.7.attention.output.dense,Linear,0.2714,0.375,150994944.0,590592,0,70,0.272,counter,"[1, 128, 768]","[1, 128, 768]",1214.89,0.0,0.375,cpu_perf_counter,cpu
10,encoder.layer.7.attention.output.LayerNorm,LayerNorm,0.0281,0.375,491520.0,1536,0,71,0.0287,analytic,"[1, 128, 768]","[1, 128, 768]",1214.89,0.0,0.375,cpu_perf_counter,cpu
10,encoder.layer.7.intermediate.dense,Linear,1.352,1.5,603979776.0,2362368,0,72,1.3526,counter,"[1, 128, 768]","[1, 128, 3072]",1214.89,0.0,1.5,cpu_perf_counter,cpu
10,encoder.layer.7.intermediate.intermediate_act_fn,GELUActivation,0.1229,1.5,0.0,0,0,73,0.1235,none,"[1, 128, 3072]","[1, 128, 3072]",1214.89,0.0,1.5,cpu_perf_counter,cpu
10,encoder.layer.7.output.dense,Linear,0.9566,0.375,603979776.0,2360064,0,74,0.9572,counter,"[1, 128, 3072]","[1, 128, 768]",1214.89,0.0,0.375,cpu_perf_counter,cpu
10,encoder.layer.7.output.LayerNorm,LayerNorm,0.039,0.375,491520.0,1536,0,75,0.0396,analytic,"[1, 128, 768]","[1, 128, 768]",1214.89,0.0,0.375,cpu_perf_counter,cpu
10,encoder.layer.8.attention.self.query,Linear,0.334,0.375,150994944.0,590592,0,76,0.3346,counter,"[1, 128, 768]","[1, 128, 768]",1214.89,0.0,0.375,cpu_perf_counter,cpu
10,encoder.layer.8.attention.self.key,Linear,0.3848,0.375,150994944.0,590592,0,77,0.3854,counter,"[1, 128, 768]","[1, 128, 768]",1214.89,0.0,0.375,cpu_perf_counter,cpu
10,encoder.layer.8.attention.self.value,Linear,0.3797,0.375,150994944.0,590592,0,78,0.3803,counter,"[1, 128, 768]","[1, 128, 768]",1214.89,0.0,0.375,cpu_perf_counter,cpu
10,encoder.layer.8.attention.output.dense,Linear,0.4063,0.375,150994944.0,590592,0,79,0.4069,counter,"[1, 128, 768]","[1, 128, 768]",1214.89,0.0,0.375,cpu_perf_counter,cpu
10,encoder.layer.8.attention.output.LayerNorm,LayerNorm,0.0349,0.375,491520.0,1536,0,80,0.0355,analytic,"[1, 128, 768]","[1, 128, 768]",1214.89,0.0,0.375,cpu_perf_counter,cpu
10,encoder.layer.8.intermediate.dense,Linear,1.8193,1.5,603979776.0,2362368,0,81,1.8199,counter,"[1, 128, 768]","[1, 128, 3072]",1214.89,0.0,1.5,cpu_perf_counter,cpu
10,encoder.layer.8.intermediate.intermediate_act_fn,GELUActivation,0.1277,1.5,0.0,0,0,82,0.1283,none,"[1, 128, 3072]","[1, 128, 3072]",1214.89,0.0,1.5,cpu_perf_counter,cpu
10,encoder.layer.8.output.dense,Linear,1.496,0.375,603979776.0,2360064,0,83,1.4966,counter,"[1, 128, 3072]","[1, 128, 768]",1214.89,0.0,0.375,cpu_perf_counter,cpu
10,encoder.layer.8.output.LayerNorm,LayerNorm,0.0393,0.375,491520.0,1536,0,84,0.0399,analytic,"[1, 128, 768]","[1, 128, 768]",1214.89,0.0,0.375,cpu_perf_counter,cpu
10,encoder.layer.9.attention.self.query,Linear,0.3827,0.375,150994944.0,590592,0,85,0.3833,counter,"[1, 128, 768]","[1, 128, 768]",1214.89,0.0,0.375,cpu_perf_counter,cpu
10,encoder.layer.9.attention.self.key,Linear,0.3751,0.375,150994944.0,590592,0,86,0.3757,counter,"[1, 128, 768]","[1, 128, 768]",1214.89,0.0,0.375,cpu_perf_counter,cpu
10,encoder.layer.9.attention.self.value,Linear,0.3721,0.375,150994944.0,590592,0,87,0.3727,counter,"[1, 128, 768]","[1, 128, 768]",1214.89,0.0,0.375,cpu_perf_counter,cpu
10,encoder.layer.9.attention.output.dense,Linear,0.3754,0.375,150994944.0,590592,0,88,0.376,counter,"[1, 128, 768]","[1, 128, 768]",1214.89,0.0,0.375,cpu_perf_counter,cpu
10,encoder.layer.9.attention.output.LayerNorm,LayerNorm,0.0276,0.375,491520.0,1536,0,89,0.0282,analytic,"[1, 128, 768]","[1, 128, 768]",1214.89,0.0,0.375,cpu_perf_counter,cpu
10,encoder.layer.9.intermediate.dense,Linear,1.8427,1.5,603979776.0,2362368,0,90,1.8433,counter,"[1, 128, 768]","[1, 128, 3072]",1214.89,0.0,1.5,cpu_perf_counter,cpu
10,encoder.layer.9.intermediate.intermediate_act_fn,GELUActivation,0.1261,1.5,0.0,0,0,91,0.1267,none,"[1, 128, 3072]","[1, 128, 3072]",1214.89,0.0,1.5,cpu_perf_counter,cpu
10,encoder.layer.9.output.dense,Linear,1.4776,0.375,603979776.0,2360064,0,92,1.4782,counter,"[1, 128, 3072]","[1, 128, 768]",1214.89,0.0,0.375,cpu_perf_counter,cpu
10,encoder.layer.9.output.LayerNorm,LayerNorm,0.04,0.375,491520.0,1536,0,93,0.0406,analytic,"[1, 128, 768]","[1, 128, 768]",1214.89,0.0,0.375,cpu_perf_counter,cpu
10,encoder.layer.10.attention.self.query,Linear,0.3842,0.375,150994944.0,590592,0,94,0.3848,counter,"[1, 128, 768]","[1, 128, 768]",1214.89,0.0,0.375,cpu_perf_counter,cpu
10,encoder.layer.10.attention.self.key,Linear,0.3795,0.375,150994944.0,590592,0,95,0.3801,counter,"[1, 128, 768]","[1, 128, 768]",1214.89,0.0,0.375,cpu_perf_counter,cpu
10,encoder.layer.10.attention.self.value,Linear,0.3781,0.375,150994944.0,590592,0,96,0.3787,counter,"[1, 128, 768]","[1, 128, 768]",1214.89,0.0,0.375,cpu_perf_counter,cpu
10,encoder.layer.10.attention.output.dense,Linear,0.3795,0.375,150994944.0,590592,0,97,0.3801,counter,"[1, 128, 768]","[1, 128, 768]",1214.89,0.0,0.375,cpu_perf_counter,cpu
10,encoder.layer.10.attention.output.LayerNorm,LayerNorm,0.0303,0.375,491520.0,1536,0,98,0.0309,analytic,"[1, 128, 768]","[1, 128, 768]",1214.89,0.0,0.375,cpu_perf_counter,cpu
10,encoder.layer.10.intermediate.dense,Linear,1.7448,1.5,603979776.0,2362368,0,99,1.7454,counter,"[1, 128, 768]","[1, 128, 3072]",1214.89,0.0,1.5,cpu_perf_counter,cpu
10,encoder.layer.10.intermediate.intermediate_act_fn,GELUActivation,0.1253,1.5,0.0,0,0,100,0.1259,none,"[1, 128, 3072]","[1, 128, 3072]",1214.89,0.0,1.5,cpu_perf_counter,cpu
10,encoder.layer.10.output.dense,Linear,1.5002,0.375,603979776.0,2360064,0,101,1.5008,counter,"[1, 128, 3072]","[1, 128, 768]",1214.89,0.0,0.375,cpu_perf_counter,cpu
10,encoder.layer.10.output.LayerNorm,LayerNorm,0.0401,0.375,491520.0,1536,0,102,0.0407,analytic,"[1, 128, 768]","[1, 128, 768]",1214.89,0.0,0.375,cpu_perf_counter,cpu
10,encoder.layer.11.attention.self.query,Linear,0.3775,0.375,150994944.0,590592,0,103,0.3781,counter,"[1, 128, 768]","[1, 128, 768]",1214.89,0.0,0.375,cpu_perf_counter,cpu
10,encoder.layer.11.attention.self.key,Linear,0.3713,0.375,150994944.0,590592,0,104,0.3719,counter,"[1, 128, 768]","[1, 128, 768]",1214.89,0.0,0.375,cpu_perf_counter,cpu
10,encoder.layer.11.attention.self.value,Linear,0.3732,0.375,150994944.0,590592,0,105,0.3738,counter,"[1, 128, 768]","[1, 128, 768]",1214.89,0.0,0.375,cpu_perf_counter,cpu
10,encoder.layer.11.attention.output.dense,Linear,0.3745,0.375,150994944.0,590592,0,106,0.3751,counter,"[1, 128, 768]","[1, 128, 768]",1214.89,0.0,0.375,cpu_perf_counter,cpu
10,encoder.layer.11.attention.output.LayerNorm,LayerNorm,0.0314,0.375,491520.0,1536,0,107,0.032,analytic,"[1, 128, 768]","[1, 128, 768]",1214.89,0.0,0.375,cpu_perf_counter,cpu
10,encoder.layer.11.intermediate.dense,Linear,1.7198,1.5,603979776.0,2362368,0,108,1.7204,counter,"[1, 128, 768]","[1, 128, 3072]",1214.89,0.0,1.5,cpu_perf_counter,cpu
10,encoder.layer.11.intermediate.intermediate_act_fn,GELUActivation,0.1266,1.5,0.0,0,0,109,0.1272,none,"[1, 128, 3072]","[1, 128, 3072]",1214.89,0.0,1.5,cpu_perf_counter,cpu
10,encoder.layer.11.output.dense,Linear,1.4889,0.375,603979776.0,2360064,0,110,1.4895,counter,"[1, 128, 3072]","[1, 128, 768]",1214.89,0.0,0.375,cpu_perf_counter,cpu
10,encoder.layer.11.output.LayerNorm,LayerNorm,0.0408,0.375,491520.0,1536,0,111,0.0414,analytic,"[1, 128, 768]","[1, 128, 768]",1214.89,0.0,0.375,cpu_perf_counter,cpu
10,pooler.dense,Linear,0.1294,0.00293,1179648.0,590592,0,112,0.13,counter,"[1, 768]","[1, 768]",1214.89,0.0,0.003,cpu_perf_counter,cpu
10,pooler.activation,Tanh,0.0162,0.00293,3072.0,0,0,113,0.0168,analytic,"[1, 768]","[1, 768]",1214.89,0.0,0.003,cpu_perf_counter,cpu
11,embeddings.word_embeddings,Embedding,0.0488,0.375,0.0,23440896,0,0,0.0494,none,"[1, 128]","[1, 128, 768]",1214.89,0.0,0.375,cpu_perf_counter,cpu
11,embeddings.token_type_embeddings,Embedding,0.0194,0.375,0.0,1536,0,1,0.02,none,"[1, 128]","[1, 128, 768]",1214.89,0.0,0.375,cpu_perf_counter,cpu
11,embeddings.position_embeddings,Embedding,0.0197,0.375,0.0,393216,0,2,0.0203,none,"[1, 128]","[1, 128, 768]",1214.89,0.0,0.375,cpu_perf_counter,cpu
11,embeddings.LayerNorm,LayerNorm,0.0249,0.375,491520.0,1536,0,3,0.0255,analytic,"[1, 128, 768]","[1, 128, 768]",1214.89,0.0,0.375,cpu_perf_counter,cpu
11,encoder.layer.0.attention.self.query,Linear,0.3785,0.375,150994944.0,590592,0,4,0.3791,counter,"[1, 128, 768]","[1, 128, 768]",1214.89,0.0,0.375,cpu_perf_counter,cpu
11,encoder.layer.0.attention.self.key,Linear,0.3564,0.375,150994944.0,590592,0,5,0.357,counter,"[1, 128, 768]","[1, 128, 768]",1214.89,0.0,0.375,cpu_perf_counter,cpu
11,encoder.layer.0.attention.self.value,Linear,0.3759,0.375,150994944.0,590592,0,6,0.3765,counter,"[1, 128, 768]","[1, 128, 768]",1214.89,0.0,0.375,cpu_perf_counter,cpu
11,encoder.layer.0.attention.output.dense,Linear,0.3698,0.375,150994944.0,590592,0,7,0.3704,counter,"[1, 128, 768]","[1, 128, 768]",1214.89,0.0,0.375,cpu_perf_counter,cpu
11,encoder.layer.0.attention.output.LayerNorm,LayerNorm,0.0264,0.375,491520.0,1536,0,8,0.027,analytic,"[1, 128, 768]","[1, 128, 768]",1214.89,0.0,0.375,cpu_perf_counter,cpu
11,encoder.layer.0.intermediate.dense,Linear,1.6798,1.5,603979776.0,2362368,0,9,1.6804,counter,"[1, 128, 768]","[1, 128, 3072]",1214.89,0.0,1.5,cpu_perf_counter,cpu
11,encoder.layer.0.intermediate.intermediate_act_fn,GELUActivation,0.1272,1.5,0.0,0,0,10,0.1278,none,"[1, 128, 3072]","[1, 128, 3072]",1214.89,0.0,1.5,cpu_perf_counter,cpu
11,encoder.layer.0.output.dense,Linear,1.4637,0.375,603979776.0,2360064,0,11,1.4643,counter,"[1, 128, 3072]","[1, 128, 768]",1214.89,0.0,0.375,cpu_perf_counter,cpu
11,encoder.layer.0.output.LayerNorm,LayerNorm,0.0393,0.375,491520.0,1536,0,12,0.0399,analytic,"[1, 128, 768]","[1, 128, 768]",1214.89,0.0,0.375,cpu_perf_counter,cpu
11,encoder.layer.1.attention.self.query,Linear,0.3986,0.375,150994944.0,590592,0,13,0.3992,counter,"[1, 128, 768]","[1, 128, 768]",1214.89,0.0,0.375,cpu_perf_counter,cpu
11,encoder.layer.1.attention.self.key,Linear,0.3631,0.375,150994944.0,590592,0,14,0.3637,counter,"[1, 128, 768]","[1, 128, 768]",1214.89,0.0,0.375,cpu_perf_counter,cpu
11,encoder.layer.1.attention.self.value,Linear,0.3721,0.375,150994944.0,590592,0,15,0.3727,counter,"[1, 128, 768]","[1, 128, 768]",1214.89,0.0,0.375,cpu_perf_counter,cpu
11,encoder.layer.1.attention.output.dense,Linear,0.374,0.375,150994944.0,590592,0,16,0.3746,counter,"[1, 128, 768]","[1, 128, 768]",1214.89,0.0,0.375,cpu_perf_counter,cpu
11,encoder.layer.1.attention.output.LayerNorm,LayerNorm,0.0306,0.375,491520.0,1536,0,17,0.0312,analytic,"[1, 128, 768]","[1, 128, 768]",1214.89,0.0,0.375,cpu_perf_counter,cpu
11,encoder.layer.1.intermediate.dense,Linear,1.6807,1.5,603979776.0,2362368,0,18,1.6813,counter,"[1, 128, 768]","[1, 128, 3072]",1214.89,0.0,1.5,cpu_perf_counter,cpu
11,encoder.layer.1.intermediate.intermediate_act_fn,GELUActivation,0.1307,1.5,0.0,0,0,19,0.1313,none,"[1, 128, 3072]","[1, 128, 3072]",1214.89,0.0,1.5,cpu_perf_counter,cpu
11,encoder.layer.1.output.dense,Linear,1.5335,0.375,603979776.0,2360064,0,20,1.5341,counter,"[1, 128, 3072]","[1, 128, 768]",1214.89,0.0,0.375,cpu_perf_counter,cpu
11,encoder.layer.1.output.LayerNorm,LayerNorm,0.0423,0.375,491520.0,1536,0,21,0.0429,analytic,"[1, 128, 768]","[1, 128, 768]",1214.89,0.0,0.375,cpu_perf_counter,cpu
11,encoder.layer.2.attention.self.query,Linear,0.3881,0.375,150994944.0,590592,0,22,0.3887,counter,"[1, 128, 768]","[1, 128, 768]",1214.89,0.0,0.375,cpu_perf_counter,cpu
11,encoder.layer.2.attention.self.key,Linear,0.3698,0.375,150994944.0,590592,0,23,0.3704,counter,"[1, 128, 768]","[1, 128, 768]",1214.89,0.0,0.375,cpu_perf_counter,cpu
11,encoder.layer.2.attention.self.value,Linear,0.3725,0.375,150994944.0,590592,0,24,0.3731,counter,"[1, 128, 768]","[1, 128, 768]",1214.89,0.0,0.375,cpu_perf_counter,cpu
11,encoder.layer.2.attention.output.dense,Linear,0.3806,0.375,150994944.0,590592,0,25,0.3812,counter,"[1, 128, 768]","[1, 128, 768]",1214.89,0.0,0.375,cpu_perf_counter,cpu
11,encoder.layer.2.attention.output.LayerNorm,LayerNorm,0.0307,0.375,491520.0,1536,0,26,0.0313,analytic,"[1, 128, 768]","[1, 128, 768]",1214.89,0.0,0.375,cpu_perf_counter,cpu
11,encoder.layer.2.intermediate.dense,Linear,1.7018,1.5,603979776.0,2362368,0,27,1.7024,counter,"[1, 128, 768]","[1, 128, 3072]",1214.89,0.0,1.5,cpu_perf_counter,cpu
11,encoder.layer.2.intermediate.intermediate_act_fn,GELUActivation,0.1278,1.5,0.0,0,0,28,0.1284,none,"[1, 128, 3072]","[1, 128, 3072]",1214.89,0.0,1.5,cpu_perf_counter,cpu
11,encoder.layer.2.output.dense,Linear,1.4831,0.375,603979776.0,2360064,0,29,1.4837,counter,"[1, 128, 3072]","[1, 128, 768]",1214.89,0.0,0.375,cpu_perf_counter,cpu
11,encoder.layer.2.output.LayerNorm,LayerNorm,0.0402,0.375,491520.0,1536,0,30,0.0408,analytic,"[1, 128, 768]","[1, 128, 768]",1214.89,0.0,0.375,cpu_perf_counter,cpu
11,encoder.layer.3.attention.self.query,Linear,0.4026,0.375,150994944.0,590592,0,31,0.4032,counter,"[1, 128, 768]","[1, 128, 768]",1214.89,0.0,0.375,cpu_perf_counter,cpu
11,encoder.layer.3.attention.self.key,Linear,0.3763,0.375,150994944.0,590592,0,32,0.3769,counter,"[1, 128, 768]","[1, 128, 768]",1214.89,0.0,0.375,cpu_perf_counter,cpu
11,encoder.layer.3.attention.self.value,Linear,0.381,0.375,150994944.0,590592,0,33,0.3816,counter,"[1, 128, 768]","[1, 128, 768]",1214.89,0.0,0.375,cpu_perf_counter,cpu
11,encoder.layer.3.attention.output.dense,Linear,0.3836,0.375,150994944.0,590592,0,34,0.3842,counter,"[1, 128, 768]","[1, 128, 768]",1214.89,0.0,0.375,cpu_perf_counter,cpu
11,encoder.layer.3.attention.output.LayerNorm,LayerNorm,0.0281,0.375,491520.0,1536,0,35,0.0287,analytic,"[1, 128, 768]","[1, 128, 768]",1214.89,0.0,0.375,cpu_perf_counter,cpu
11,encoder.layer.3.intermediate.dense,Linear,1.6794,1.5,603979776.0,2362368,0,36,1.68,counter,"[1, 128, 768]","[1, 128, 3072]",1214.89,0.0,1.5,cpu_perf_counter,cpu
11,encoder.layer.3.intermediate.intermediate_act_fn,GELUActivation,0.1311,1.5,0.0,0,0,37,0.1317,none,"[1, 128, 3072]","[1, 128, 3072]",1214.89,0.0,1.5,cpu_perf_counter,cpu
11,encoder.layer.3.output.dense,Linear,1.478,0.375,603979776.0,2360064,0,38,1.4786,counter,"[1, 128, 3072]","[1, 128, 768]",1214.89,0.0,0.375,cpu_perf_counter,cpu
11,encoder.layer.3.output.LayerNorm,LayerNorm,0.0415,0.375,491520.0,1536,0,39,0.0421,analytic,"[1, 128, 768]","[1, 128, 768]",1214.89,0.0,0.375,cpu_perf_counter,cpu
11,encoder.layer.4.attention.self.query,Linear,0.3843,0.375,150994944.0,590592,0,40,0.3849,counter,"[1, 128, 768]","[1, 128, 768]",1214.89,0.0,0.375,cpu_perf_counter,cpu
11,encoder.layer.4.attention.self.key,Linear,0.381,0.375,150994944.0,590592,0,41,0.3816,counter,"[1, 128, 768]","[1, 128, 768]",1214.89,0.0,0.375,cpu_perf_counter,cpu
11,encoder.layer.4.attention.self.value,Linear,0.3688,0.375,150994944.0,590592,0,42,0.3694,counter,"[1, 128, 768]","[1, 128, 768]",1214.89,0.0,0.375,cpu_perf_counter,cpu
11,encoder.layer.4.attention.output.dense,Linear,0.3759,0.375,150994944.0,590592,0,43,0.3765,counter,"[1, 128, 768]","[1, 128, 768]",1214.89,0.0,0.375,cpu_perf_counter,cpu
11,encoder.layer.4.attention.output.LayerNorm,LayerNorm,0.0277,0.375,491520.0,1536,0,44,0.0283,analytic,"[1, 128, 768]","[1, 128, 768]",1214.89,0.0,0.375,cpu_perf_counter,cpu
11,encoder.layer.4.intermediate.dense,Linear,1.8045,1.5,603979776.0,2362368,0,45,1.8051,counter,"[1, 128, 768]","[1, 128, 3072]",1214.89,0.0,1.5,cpu_perf_counter,cpu
11,encoder.layer.4.intermediate.intermediate_act_fn,GELUActivation,0.1494,1.5,0.0,0,0,46,0.15,none,"[1, 128, 3072]","[1, 128, 3072]",1214.89,0.0,1.5,cpu_perf_counter,cpu
11,encoder.layer.4.output.dense,Linear,1.4623,0.375,603979776.0,2360064,0,47,1.4629,counter,"[1, 128, 3072]","[1, 128, 768]",1214.89,0.0,0.375,cpu_perf_counter,cpu
11,encoder.layer.4.output.LayerNorm,LayerNorm,0.0422,0.375,491520.0,1536,0,48,0.0428,analytic,"[1, 128, 768]","[1, 128, 768]",1214.89,0.0,0.375,cpu_perf_counter,cpu
11,encoder.layer.5.attention.self.query,Linear,0.3841,0.375,150994944.0,590592,0,49,0.3847,counter,"[1, 128, 768]","[1, 128, 768]",1214.89,0.0,0.375,cpu_perf_counter,cpu
11,encoder.layer.5.attention.self.key,Linear,0.3642,0.375,150994944.0,590592,0,50,0.3648,counter,"[1, 128, 768]","[1, 128, 768]",1214.89,0.0,0.375,cpu_perf_counter,cpu
11,encoder.layer.5.attention.self.value,Linear,0.3649,0.375,150994944.0,590592,0,51,0.3655,counter,"[1, 128, 768]","[1, 128, 768]",1214.89,0.0,0.375,cpu_perf_counter,cpu
11,encoder.layer.5.attention.output.dense,Linear,0.378,0.375,150994944.0,590592,0,52,0.3786,counter,"[1, 128, 768]","[1, 128, 768]",1214.89,0.0,0.375,cpu_perf_counter,cpu
11,encoder.layer.5.attention.output.LayerNorm,LayerNorm,0.03,0.375,491520.0,1536,0,53,0.0306,analytic,"[1, 128, 768]","[1, 128, 768]",1214.89,0.0,0.375,cpu_perf_counter,cpu
11,encoder.layer.5.intermediate.dense,Linear,1.6898,1.5,603979776.0,2362368,0,54,1.6904,counter,"[1, 128, 768]","[1, 128, 3072]",1214.89,0.0,1.5,cpu_perf_counter,cpu
11,encoder.layer.5.intermediate.intermediate_act_fn,GELUActivation,0.1403,1.5,0.0,0,0,55,0.1409,none,"[1, 128, 3072]","[1, 128, 3072]",1214.89,0.0,1.5,cpu_perf_counter,cpu
11,encoder.layer.5.output.dense,Linear,1.5166,0.375,603979776.0,2360064,0,56,1.5172,counter,"[1, 128, 3072]","[1, 128, 768]",1214.89,0.0,0.375,cpu_perf_counter,cpu
11,encoder.layer.5.output.LayerNorm,LayerNorm,0.0415,0.375,491520.0,1536,0,57,0.0421,analytic,"[1, 128, 768]","[1, 128, 768]",1214.89,0.0,0.375,cpu_perf_counter,cpu
11,encoder.layer.6.attention.self.query,Linear,0.3871,0.375,150994944.0,590592,0,58,0.3877,counter,"[1, 128, 768]","[1, 128, 768]",1214.89,0.0,0.375,cpu_perf_counter,cpu
11,encoder.layer.6.attention.self.key,Linear,0.3733,0.375,150994944.0,590592,0,59,0.3739,counter,"[1, 128, 768]","[1, 128, 768]",1214.89,0.0,0.375,cpu_perf_counter,cpu
11,encoder.layer.6.attention.self.value,Linear,0.372,0.375,150994944.0,590592,0,60,0.3726,counter,"[1, 128, 768]","[1, 128, 768]",1214.89,0.0,0.375,cpu_perf_counter,cpu
11,encoder.layer.6.attention.output.dense,Linear,0.3743,0.375,150994944.0,590592,0,61,0.3749,counter,"[1, 128, 768]","[1, 128, 768]",1214.89,0.0,0.375,cpu_perf_counter,cpu
11,encoder.layer.6.attention.output.LayerNorm,LayerNorm,0.0285,0.375,491520.0,1536,0,62,0.0291,analytic,"[1, 128, 768]","[1, 128, 768]",1214.89,0.0,0.375,cpu_perf_counter,cpu
11,encoder.layer.6.intermediate.dense,Linear,1.6797,1.5,603979776.0,2362368,0,63,1.6803,counter,"[1, 128, 768]","[1, 128, 3072]",1214.89,0.0,1.5,cpu_perf_counter,cpu
11,encoder.layer.6.intermediate.intermediate_act_fn,GELUActivation,0.1283,1.5,0.0,0,0,64,0.1289,none,"[1, 128, 3072]","[1, 128, 3072]",1214.89,0.0,1.5,cpu_perf_counter,cpu
11,encoder.layer.6.output.dense,Linear,1.4777,0.375,603979776.0,2360064,0,65,1.4783,counter,"[1, 128, 3072]","[1, 128, 768]",1214.89,0.0,0.375,cpu_perf_counter,cpu
11,encoder.layer.6.output.LayerNorm,LayerNorm,0.0434,0.375,491520.0,1536,0,66,0.044,analytic,"[1, 128, 768]","[1, 128, 768]",1214.89,0.0,0.375,cpu_perf_counter,cpu
11,encoder.layer.7.attention.self.query,Linear,0.3835,0.375,150994944.0,590592,0,67,0.3841,counter,"[1, 128, 768]","[1, 128, 768]",1214.89,0.0,0.375,cpu_perf_counter,cpu
11,encoder.layer.7.attention.self.key,Linear,0.3698,0.375,150994944.0,590592,0,68,0.3704,counter,"[1, 128, 768]","[1, 128, 768]",1214.89,0.0,0.375,cpu_perf_counter,cpu
11,encoder.layer.7.attention.self.value,Linear,0.3766,0.375,150994944.0,590592,0,69,0.3772,counter,"[1, 128, 768]","[1, 128, 768]",1214.89,0.0,0.375,cpu_perf_counter,cpu
11,encoder.layer.7.attention.output.dense,Linear,0.3781,0.375,150994944.0,590592,0,70,0.3787,counter,"[1, 128, 768]","[1, 128, 768]",1214.89,0.0,0.375,cpu_perf_counter,cpu
11,encoder.layer.7.attention.output.LayerNorm,LayerNorm,0.0289,0.375,491520.0,1536,0,71,0.0295,analytic,"[1, 128, 768]","[1, 128, 768]",1214.89,0.0,0.375,cpu_perf_counter,cpu
11,encoder.layer.7.intermediate.dense,Linear,1.696,1.5,603979776.0,2362368,0,72,1.6966,counter,"[1, 128, 768]","[1, 128, 3072]",1214.89,0.0,1.5,cpu_perf_counter,cpu
11,encoder.layer.7.intermediate.intermediate_act_fn,GELUActivation,0.1332,1.5,0.0,0,0,73,0.1338,none,"[1, 128, 3072]","[1, 128, 3072]",1214.89,0.0,1.5,cpu_perf_counter,cpu
11,encoder.layer.7.output.dense,Linear,1.4901,0.375,603979776.0,2360064,0,74,1.4907,counter,"[1, 128, 3072]","[1, 128, 768]",1214.89,0.0,0.375,cpu_perf_counter,cpu
11,encoder.layer.7.output.LayerNorm,LayerNorm,0.0407,0.375,491520.0,1536,0,75,0.0413,analytic,"[1, 128, 768]","[1, 128, 768]",1214.89,0.0,0.375,cpu_perf_counter,cpu
11,encoder.layer.8.attention.self.query,Linear,0.3803,0.375,150994944.0,590592,0,76,0.3809,counter,"[1, 128, 768]","[1, 128, 768]",1214.89,0.0,0.375,cpu_perf_counter,cpu
11,encoder.layer.8.attention.self.key,Linear,0.3731,0.375,150994944.0,590592,0,77,0.3737,counter,"[1, 128, 768]","[1, 128, 768]",1214.89,0.0,0.375,cpu_perf_counter,cpu
11,encoder.layer.8.attention.self.value,Linear,0.3643,0.375,150994944.0,590592,0,78,0.3649,counter,"[1, 128, 768]","[1, 128, 768]",1214.89,0.0,0.375,cpu_perf_counter,cpu
11,encoder.layer.8.attention.output.dense,Linear,0.3793,0.375,150994944.0,590592,0,79,0.3799,counter,"[1, 128, 768]","[1, 128, 768]",1214.89,0.0,0.375,cpu_perf_counter,cpu
11,encoder.layer.8.attention.output.LayerNorm,LayerNorm,0.0293,0.375,491520.0,1536,0,80,0.0299,analytic,"[1, 128, 768]","[1, 128, 768]",1214.89,0.0,0.375,cpu_perf_counter,cpu
11,encoder.layer.8.intermediate.dense,Linear,1.7188,1.5,603979776.0,2362368,0,81,1.7194,counter,"[1, 128, 768]","[1, 128, 3072]",1214.89,0.0,1.5,cpu_perf_counter,cpu
11,encoder.layer.8.intermediate.intermediate_act_fn,GELUActivation,0.1237,1.5,0.0,0,0,82,0.1243,none,"[1, 128, 3072]","[1, 128, 3072]",1214.89,0.0,1.5,cpu_perf_counter,cpu
11,encoder.layer.8.output.dense,Linear,1.4831,0.375,603979776.0,2360064,0,83,1.4837,counter,"[1, 128, 3072]","[1, 128, 768]",1214.89,0.0,0.375,cpu_perf_counter,cpu
11,encoder.layer.8.output.LayerNorm,LayerNorm,0.04,0.375,491520.0,1536,0,84,0.0406,analytic,"[1, 128, 768]","[1, 128, 768]",1214.89,0.0,0.375,cpu_perf_counter,cpu
11,encoder.layer.9.attention.self.query,Linear,0.3787,0.375,150994944.0,590592,0,85,0.3793,counter,"[1, 128, 768]","[1, 128, 768]",1214.89,0.0,0.375,cpu_perf_counter,cpu
11,encoder.layer.9.attention.self.key,Linear,0.3755,0.375,150994944.0,590592,0,86,0.3761,counter,"[1, 128, 768]","[1, 128, 768]",1214.89,0.0,0.375,cpu_perf_counter,cpu
11,encoder.layer.9.attention.self.value,Linear,0.3751,0.375,150994944.0,590592,0,87,0.3757,counter,"[1, 128, 768]","[1, 128, 768]",1214.89,0.0,0.375,cpu_perf_counter,cpu
11,encoder.layer.9.attention.output.dense,Linear,0.3714,0.375,150994944.0,590592,0,88,0.372,counter,"[1, 128, 768]","[1, 128, 768]",1214.89,0.0,0.375,cpu_perf_counter,cpu
11,encoder.layer.9.attention.output.LayerNorm,LayerNorm,0.0277,0.375,491520.0,1536,0,89,0.0283,analytic,"[1, 128, 768]","[1, 128, 768]",1214.89,0.0,0.375,cpu_perf_counter,cpu
11,encoder.layer.9.intermediate.dense,Linear,1.8555,1.5,603979776.0,2362368,0,90,1.8561,counter,"[1, 128, 768]","[1, 128, 3072]",1214.89,0.0,1.5,cpu_perf_counter,cpu
11,encoder.layer.9.intermediate.intermediate_act_fn,GELUActivation,0.1322,1.5,0.0,0,0,91,0.1328,none,"[1, 128, 3072]","[1, 128, 3072]",1214.89,0.0,1.5,cpu_perf_counter,cpu
11,encoder.layer.9.output.dense,Linear,1.4692,0.375,603979776.0,2360064,0,92,1.4698,counter,"[1, 128, 3072]","[1, 128, 768]",1214.89,0.0,0.375,cpu_perf_counter,cpu
11,encoder.layer.9.output.LayerNorm,LayerNorm,0.042,0.375,491520.0,1536,0,93,0.0426,analytic,"[1, 128, 768]","[1, 128, 768]",1214.89,0.0,0.375,cpu_perf_counter,cpu
11,encoder.layer.10.attention.self.query,Linear,0.4122,0.375,150994944.0,590592,0,94,0.4128,counter,"[1, 128, 768]","[1, 128, 768]",1214.89,0.0,0.375,cpu_perf_counter,cpu
11,encoder.layer.10.attention.self.key,Linear,0.3783,0.375,150994944.0,590592,0,95,0.3789,counter,"[1, 128, 768]","[1, 128, 768]",1214.89,0.0,0.375,cpu_perf_counter,cpu
11,encoder.layer.10.attention.self.value,Linear,0.3764,0.375,150994944.0,590592,0,96,0.377,counter,"[1, 128, 768]","[1, 128, 768]",1214.89,0.0,0.375,cpu_perf_counter,cpu
11,encoder.layer.10.attention.output.dense,Linear,0.3778,0.375,150994944.0,590592,0,97,0.3784,counter,"[1, 128, 768]","[1, 128, 768]",1214.89,0.0,0.375,cpu_perf_counter,cpu
11,encoder.layer.10.attention.output.LayerNorm,LayerNorm,0.0306,0.375,491520.0,1536,0,98,0.0312,analytic,"[1, 128, 768]","[1, 128, 768]",1214.89,0.0,0.375,cpu_perf_counter,cpu
11,encoder.layer.10.intermediate.dense,Linear,1.6696,1.5,603979776.0,2362368,0,99,1.6702,counter,"[1, 128, 768]","[1, 128, 3072]",1214.89,0.0,1.5,cpu_perf_counter,cpu
11,encoder.layer.10.intermediate.intermediate_act_fn,GELUActivation,0.1319,1.5,0.0,0,0,100,0.1325,none,"[1, 128, 3072]","[1, 128, 3072]",1214.89,0.0,1.5,cpu_perf_counter,cpu
11,encoder.layer.10.output.dense,Linear,1.5438,0.375,603979776.0,2360064,0,101,1.5444,counter,"[1, 128, 3072]","[1, 128, 768]",1214.89,0.0,0.375,cpu_perf_counter,cpu
11,encoder.layer.10.output.LayerNorm,LayerNorm,0.0417,0.375,491520.0,1536,0,102,0.0423,analytic,"[1, 128, 768]","[1, 128, 768]",1214.89,0.0,0.375,cpu_perf_counter,cpu
11,encoder.layer.11.attention.self.query,Linear,0.4086,0.375,150994944.0,590592,0,103,0.4092,counter,"[1, 128, 768]","[1, 128, 768]",1214.89,0.0,0.375,cpu_perf_counter,cpu
11,encoder.layer.11.attention.self.key,Linear,0.3833,0.375,150994944.0,590592,0,104,0.3839,counter,"[1, 128, 768]","[1, 128, 768]",1214.89,0.0,0.375,cpu_perf_counter,cpu
11,encoder.layer.11.attention.self.value,Linear,0.376,0.375,150994944.0,590592,0,105,0.3766,counter,"[1, 128, 768]","[1, 128, 768]",1214.89,0.0,0.375,cpu_perf_counter,cpu
11,encoder.layer.11.attention.output.dense,Linear,0.3767,0.375,150994944.0,590592,0,106,0.3773,counter,"[1, 128, 768]","[1, 128, 768]",1214.89,0.0,0.375,cpu_perf_counter,cpu
11,encoder.layer.11.attention.output.LayerNorm,LayerNorm,0.0302,0.375,491520.0,1536,0,107,0.0308,analytic,"[1, 128, 768]","[1, 128, 768]",1214.89,0.0,0.375,cpu_perf_counter,cpu
11,encoder.layer.11.intermediate.dense,Linear,1.7321,1.5,603979776.0,2362368,0,108,1.7327,counter,"[1, 128, 768]","[1, 128, 3072]",1214.89,0.0,1.5,cpu_perf_counter,cpu
11,encoder.layer.11.intermediate.intermediate_act_fn,GELUActivation,0.1227,1.5,0.0,0,0,109,0.1233,none,"[1, 128, 3072]","[1, 128, 3072]",1214.89,0.0,1.5,cpu_perf_counter,cpu
11,encoder.layer.11.output.dense,Linear,1.4719,0.375,603979776.0,2360064,0,110,1.4725,counter,"[1, 128, 3072]","[1, 128, 768]",1214.89,0.0,0.375,cpu_perf_counter,cpu
11,encoder.layer.11.output.LayerNorm,LayerNorm,0.0365,0.375,491520.0,1536,0,111,0.0371,analytic,"[1, 128, 768]","[1, 128, 768]",1214.89,0.0,0.375,cpu_perf_counter,cpu
11,pooler.dense,Linear,0.1145,0.00293,1179648.0,590592,0,112,0.1151,counter,"[1, 768]","[1, 768]",1214.89,0.0,0.003,cpu_perf_counter,cpu
11,pooler.activation,Tanh,0.0152,0.00293,3072.0,0,0,113,0.0158,analytic,"[1, 768]","[1, 768]",1214.89,0.0,0.003,cpu_perf_counter,cpu
12,embeddings.word_embeddings,Embedding,0.0442,0.375,0.0,23440896,0,0,0.0448,none,"[1, 128]","[1, 128, 768]",1214.89,0.0,0.375,cpu_perf_counter,cpu
12,embeddings.token_type_embeddings,Embedding,0.0198,0.375,0.0,1536,0,1,0.0204,none,"[1, 128]","[1, 128, 768]",1214.89,0.0,0.375,cpu_perf_counter,cpu
12,embeddings.position_embeddings,Embedding,0.0184,0.375,0.0,393216,0,2,0.019,none,"[1, 128]","[1, 128, 768]",1214.89,0.0,0.375,cpu_perf_counter,cpu
12,embeddings.LayerNorm,LayerNorm,0.0221,0.375,491520.0,1536,0,3,0.0227,analytic,"[1, 128, 768]","[1, 128, 768]",1214.89,0.0,0.375,cpu_perf_counter,cpu
12,encoder.layer.0.attention.self.query,Linear,0.3681,0.375,150994944.0,590592,0,4,0.3687,counter,"[1, 128, 768]","[1, 128, 768]",1214.89,0.0,0.375,cpu_perf_counter,cpu
12,encoder.layer.0.attention.self.key,Linear,0.3523,0.375,150994944.0,590592,0,5,0.3529,counter,"[1, 128, 768]","[1, 128, 768]",1214.89,0.0,0.375,cpu_perf_counter,cpu
12,encoder.layer.0.attention.self.value,Linear,0.3656,0.375,150994944.0,590592,0,6,0.3662,counter,"[1, 128, 768]","[1, 128, 768]",1214.89,0.0,0.375,cpu_perf_counter,cpu
12,encoder.layer.0.attention.output.dense,Linear,0.3669,0.375,150994944.0,590592,0,7,0.3675,counter,"[1, 128, 768]","[1, 128, 768]",1214.89,0.0,0.375,cpu_perf_counter,cpu
12,encoder.layer.0.attention.output.LayerNorm,LayerNorm,0.0233,0.375,491520.0,1536,0,8,0.0239,analytic,"[1, 128, 768]","[1, 128, 768]",1214.89,0.0,0.375,cpu_perf_counter,cpu
12,encoder.layer.0.intermediate.dense,Linear,1.7635,1.5,603979776.0,2362368,0,9,1.7641,counter,"[1, 128, 768]","[1, 128, 3072]",1214.89,0.0,1.5,cpu_perf_counter,cpu
12,encoder.layer.0.intermediate.intermediate_act_fn,GELUActivation,0.1524,1.5,0.0,0,0,10,0.153,none,"[1, 128, 3072]","[1, 128, 3072]",1214.89,0.0,1.5,cpu_perf_counter,cpu
12,encoder.layer.0.output.dense,Linear,1.4829,0.375,603979776.0,2360064,0,11,1.4835,counter,"[1, 128, 3072]","[1, 128, 768]",1214.89,0.0,0.375,cpu_perf_counter,cpu
12,encoder.layer.0.output.LayerNorm,LayerNorm,0.0496,0.375,491520.0,1536,0,12,0.0502,analytic,"[1, 128, 768]","[1, 128, 768]",1214.89,0.0,0.375,cpu_perf_counter,cpu
12,encoder.layer.1.attention.self.query,Linear,0.4057,0.375,150994944.0,590592,0,13,0.4063,counter,"[1, 128, 768]","[1, 128, 768]",1214.89,0.0,0.375,cpu_perf_counter,cpu
12,encoder.layer.1.attention.self.key,Linear,0.3656,0.375,150994944.0,590592,0,14,0.3662,counter,"[1, 128, 768]","[1, 128, 768]",1214.89,0.0,0.375,cpu_perf_counter,cpu
12,encoder.layer.1.attention.self.value,Linear,0.3759,0.375,150994944.0,590592,0,15,0.3765,counter,"[1, 128, 768]","[1, 128, 768]",1214.89,0.0,0.375,cpu_perf_counter,cpu
12,encoder.layer.1.attention.output.dense,Linear,0.3828,0.375,150994944.0,590592,0,16,0.3834,counter,"[1, 128, 768]","[1, 128, 768]",1214.89,0.0,0.375,cpu_perf_counter,cpu
12,encoder.layer.1.attention.output.LayerNorm,LayerNorm,0.0347,0.375,491520.0,1536,0,17,0.0353,analytic,"[1, 128, 768]","[1, 128, 768]",1214.89,0.0,0.375,cpu_perf_counter,cpu
12,encoder.layer.1.intermediate.dense,Linear,1.7849,1.5,603979776.0,2362368,0,18,1.7855,counter,"[1, 128, 768]","[1, 128, 3072]",1214.89,0.0,1.5,cpu_perf_counter,cpu
12,encoder.layer.1.intermediate.intermediate_act_fn,GELUActivation,0.1452,1.5,0.0,0,0,19,0.1458,none,"[1, 128, 3072]","[1, 128, 3072]",1214.89,0.0,1.5,cpu_perf_counter,cpu
12,encoder.layer.1.output.dense,Linear,1.4922,0.375,603979776.0,2360064,0,20,1.4928,counter,"[1, 128, 3072]","[1, 128, 768]",1214.89,0.0,0.375,cpu_perf_counter,cpu
12,encoder.layer.1.output.LayerNorm,LayerNorm,0.0437,0.375,491520.0,1536,0,21,0.0443,analytic,"[1, 128, 768]","[1, 128, 768]",1214.89,0.0,0.375,cpu_perf_counter,cpu
12,encoder.layer.2.attention.self.query,Linear,0.391,0.375,150994944.0,590592,0,22,0.3916,counter,"[1, 128, 768]","[1, 128, 768]",1214.89,0.0,0.375,cpu_perf_counter,cpu
12,encoder.layer.2.attention.self.key,Linear,0.383,0.375,150994944.0,590592,0,23,0.3836,counter,"[1, 128, 768]","[1, 128, 768]",1214.89,0.0,0.375,cpu_perf_counter,cpu
12,encoder.layer.2.attention.self.value,Linear,0.3844,0.375,150994944.0,590592,0,24,0.385,counter,"[1, 128, 768]","[1, 128, 768]",1214.89,0.0,0.375,cpu_perf_counter,cpu
12,encoder.layer.2.attention.output.dense,Linear,0.3899,0.375,150994944.0,590592,0,25,0.3905,counter,"[1, 128, 768]","[1, 128, 768]",1214.89,0.0,0.375,cpu_perf_counter,cpu
12,encoder.layer.2.attention.output.LayerNorm,LayerNorm,0.034,0.375,491520.0,1536,0,26,0.0346,analytic,"[1, 128, 768]","[1, 128, 768]",1214.89,0.0,0.375,cpu_perf_counter,cpu
12,encoder.layer.2.intermediate.dense,Linear,1.7714,1.5,603979776.0,2362368,0,27,1.772,counter,"[1, 128, 768]","[1, 128, 3072]",1214.89,0.0,1.5,cpu_perf_counter,cpu
12,encoder.layer.2.intermediate.intermediate_act_fn,GELUActivation,0.1273,1.5,0.0,0,0,28,0.1279,none,"[1, 128, 3072]","[1, 128, 3072]",1214.89,0.0,1.5,cpu_perf_counter,cpu
12,encoder.layer.2.output.dense,Linear,1.4693,0.375,603979776.0,2360064,0,29,1.4699,counter,"[1, 128, 3072]","[1, 128, 768]",1214.89,0.0,0.375,cpu_perf_counter,cpu
12,encoder.layer.2.output.LayerNorm,LayerNorm,0.0404,0.375,491520.0,1536,0,30,0.041,analytic,"[1, 128, 768]","[1, 128, 768]",1214.89,0.0,0.375,cpu_perf_counter,cpu
12,encoder.layer.3.attention.self.query,Linear,0.3785,0.375,150994944.0,590592,0,31,0.3791,counter,"[1, 128, 768]","[1, 128, 768]",1214.89,0.0,0.375,cpu_perf_counter,cpu
12,encoder.layer.3.attention.self.key,Linear,0.3706,0.375,150994944.0,590592,0,32,0.3712,counter,"[1, 128, 768]","[1, 128, 768]",1214.89,0.0,0.375,cpu_perf_counter,cpu
12,encoder.layer.3.attention.self.value,Linear,0.3768,0.375,150994944.0,590592,0,33,0.3774,counter,"[1, 128, 768]","[1, 128, 768]",1214.89,0.0,0.375,cpu_perf_counter,cpu
12,encoder.layer.3.attention.output.dense,Linear,0.3744,0.375,150994944.0,590592,0,34,0.375,counter,"[1, 128, 768]","[1, 128, 768]",1214.89,0.0,0.375,cpu_perf_counter,cpu
12,encoder.layer.3.attention.output.LayerNorm,LayerNorm,0.0271,0.375,491520.0,1536,0,35,0.0277,analytic,"[1, 128, 768]","[1, 128, 768]",1214.89,0.0,0.375,cpu_perf_counter,cpu
12,encoder.layer.3.intermediate.dense,Linear,1.7206,1.5,603979776.0,2362368,0,36,1.7212,counter,"[1, 128, 768]","[1, 128, 3072]",1214.89,0.0,1.5,cpu_perf_counter,cpu
12,encoder.layer.3.intermediate.intermediate_act_fn,GELUActivation,0.1262,1.5,0.0,0,0,37,0.1268,none,"[1, 128, 3072]","[1, 128, 3072]",1214.89,0.0,1.5,cpu_perf_counter,cpu
12,encoder.layer.3.output.dense,Linear,1.464,0.375,603979776.0,2360064,0,38,1.4646,counter,"[1, 128, 3072]","[1, 128, 768]",1214.89,0.0,0.375,cpu_perf_counter,cpu
12,encoder.layer.3.output.LayerNorm,LayerNorm,0.0416,0.375,491520.0,1536,0,39,0.0422,analytic,"[1, 128, 768]","[1, 128, 768]",1214.89,0.0,0.375,cpu_perf_counter,cpu
12,encoder.layer.4.attention.self.query,Linear,0.3826,0.375,150994944.0,590592,0,40,0.3832,counter,"[1, 128, 768]","[1, 128, 768]",1214.89,0.0,0.375,cpu_perf_counter,cpu
12,encoder.layer.4.attention.self.key,Linear,0.3768,0.375,150994944.0,590592,0,41,0.3774,counter,"[1, 128, 768]","[1, 128, 768]",1214.89,0.0,0.375,cpu_perf_counter,cpu
12,encoder.layer.4.attention.self.value,Linear,0.3739,0.375,150994944.0,590592,0,42,0.3745,counter,"[1, 128, 768]","[1, 128, 768]",1214.89,0.0,0.375,cpu_perf_counter,cpu
12,encoder.layer.4.attention.output.dense,Linear,0.3684,0.375,150994944.0,590592,0,43,0.369,counter,"[1, 128, 768]","[1, 128, 768]",1214.89,0.0,0.375,cpu_perf_counter,cpu
12,encoder.layer.4.attention.output.LayerNorm,LayerNorm,0.0262,0.375,491520.0,1536,0,44,0.0268,analytic,"[1, 128, 768]","[1, 128, 768]",1214.89,0.0,0.375,cpu_perf_counter,cpu
12,encoder.layer.4.intermediate.dense,Linear,1.7932,1.5,603979776.0,2362368,0,45,1.7938,counter,"[1, 128, 768]","[1, 128, 3072]",1214.89,0.0,1.5,cpu_perf_counter,cpu
12,encoder.layer.4.intermediate.intermediate_act_fn,GELUActivation,0.1424,1.5,0.0,0,0,46,0.143,none,"[1, 128, 3072]","[1, 128, 3072]",1214.89,0.0,1.5,cpu_perf_counter,cpu
12,encoder.layer.4.output.dense,Linear,1.4848,0.375,603979776.0,2360064,0,47,1.4854,counter,"[1, 128, 3072]","[1, 128, 768]",1214.89,0.0,0.375,cpu_perf_counter,cpu
12,encoder.layer.4.output.LayerNorm,LayerNorm,0.042,0.375,491520.0,1536,0,48,0.0426,analytic,"[1, 128, 768]","[1, 128, 768]",1214.89,0.0,0.375,cpu_perf_counter,cpu
12,encoder.layer.5.attention.self.query,Linear,0.3877,0.375,150994944.0,590592,0,49,0.3883,counter,"[1, 128, 768]","[1, 128, 768]",1214.89,0.0,0.375,cpu_perf_counter,cpu
12,encoder.layer.5.attention.self.key,Linear,0.3794,0.375,150994944.0,590592,0,50,0.38,counter,"[1, 128, 768]","[1, 128, 768]",1214.89,0.0,0.375,cpu_perf_counter,cpu
12,encoder.layer.5.attention.self.value,Linear,0.3675,0.375,150994944.0,590592,0,51,0.3681,counter,"[1, 128, 768]","[1, 128, 768]",1214.89,0.0,0.375,cpu_perf_counter,cpu
12,encoder.layer.5.attention.output.dense,Linear,0.3862,0.375,150994944.0,590592,0,52,0.3868,counter,"[1, 128, 768]","[1, 128, 768]",1214.89,0.0,0.375,cpu_perf_counter,cpu
12,encoder.layer.5.attention.output.LayerNorm,LayerNorm,0.0297,0.375,491520.0,1536,0,53,0.0303,analytic,"[1, 128, 768]","[1, 128, 768]",1214.89,0.0,0.375,cpu_perf_counter,cpu
12,encoder.layer.5.intermediate.dense,Linear,1.7436,1.5,603979776.0,2362368,0,54,1.7442,counter,"[1, 128, 768]","[1, 128, 3072]",1214.89,0.0,1.5,cpu_perf_counter,cpu
12,encoder.layer.5.intermediate.intermediate_act_fn,GELUActivation,0.1285,1.5,0.0,0,0,55,0.1291,none,"[1, 128, 3072]","[1, 128, 3072]",1214.89,0.0,1.5,cpu_perf_counter,cpu
12,encoder.layer.5.output.dense,Linear,1.4747,0.375,603979776.0,2360064,0,56,1.4753,counter,"[1, 128, 3072]","[1, 128, 768]",1214.89,0.0,0.375,cpu_perf_counter,cpu
12,encoder.layer.5.output.LayerNorm,LayerNorm,0.0405,0.375,491520.0,1536,0,57,0.0411,analytic,"[1, 128, 768]","[1, 128, 768]",1214.89,0.0,0.375,cpu_perf_counter,cpu
12,encoder.layer.6.attention.self.query,Linear,0.3821,0.375,150994944.0,590592,0,58,0.3827,counter,"[1, 128, 768]","[1, 128, 768]",1214.89,0.0,0.375,cpu_perf_counter,cpu
12,encoder.layer.6.attention.self.key,Linear,0.3869,0.375,150994944.0,590592,0,59,0.3875,counter,"[1, 128, 768]","[1, 128, 768]",1214.89,0.0,0.375,cpu_perf_counter,cpu
12,encoder.layer.6.attention.self.value,Linear,0.3719,0.375,150994944.0,590592,0,60,0.3725,counter,"[1, 128, 768]","[1, 128, 768]",1214.89,0.0,0.375,cpu_perf_counter,cpu
12,encoder.layer.6.attention.output.dense,Linear,0.3753,0.375,150994944.0,590592,0,61,0.3759,counter,"[1, 128, 768]","[1, 128, 768]",1214.89,0.0,0.375,cpu_perf_counter,cpu
12,encoder.layer.6.attention.output.LayerNorm,LayerNorm,0.0285,0.375,491520.0,1536,0,62,0.0291,analytic,"[1, 128, 768]","[1, 128, 768]",1214.89,0.0,0.375,cpu_perf_counter,cpu
12,encoder.layer.6.intermediate.dense,Linear,1.7292,1.5,603979776.0,2362368,0,63,1.7298,counter,"[1, 128, 768]","[1, 128, 3072]",1214.89,0.0,1.5,cpu_perf_counter,cpu
12,encoder.layer.6.intermediate.intermediate_act_fn,GELUActivation,0.1242,1.5,0.0,0,0,64,0.1248,none,"[1, 128, 3072]","[1, 128, 3072]",1214.89,0.0,1.5,cpu_perf_counter,cpu
12,encoder.layer.6.output.dense,Linear,1.4703,0.375,603979776.0,2360064,0,65,1.4709,counter,"[1, 128, 3072]","[1, 128, 768]",1214.89,0.0,0.375,cpu_perf_counter,cpu
12,encoder.layer.6.output.LayerNorm,LayerNorm,0.0419,0.375,491520.0,1536,0,66,0.0425,analytic,"[1, 128, 768]","[1, 128, 768]",1214.89,0.0,0.375,cpu_perf_counter,cpu
12,encoder.layer.7.attention.self.query,Linear,0.3824,0.375,150994944.0,590592,0,67,0.383,counter,"[1, 128, 768]","[1, 128, 768]",1214.89,0.0,0.375,cpu_perf_counter,cpu
12,encoder.layer.7.attention.self.key,Linear,0.3895,0.375,150994944.0,590592,0,68,0.3901,counter,"[1, 128, 768]","[1, 128, 768]",1214.89,0.0,0.375,cpu_perf_counter,cpu
12,encoder.layer.7.attention.self.value,Linear,0.3868,0.375,150994944.0,590592,0,69,0.3874,counter,"[1, 128, 768]","[1, 128, 768]",1214.89,0.0,0.375,cpu_perf_counter,cpu
12,encoder.layer.7.attention.output.dense,Linear,0.3856,0.375,150994944.0,590592,0,70,0.3862,counter,"[1, 128, 768]","[1, 128, 768]",1214.89,0.0,0.375,cpu_perf_counter,cpu
12,encoder.layer.7.attention.output.LayerNorm,LayerNorm,0.0299,0.375,491520.0,1536,0,71,0.0305,analytic,"[1, 128, 768]","[1, 128, 768]",1214.89,0.0,0.375,cpu_perf_counter,cpu
12,encoder.layer.7.intermediate.dense,Linear,1.7787,1.5,603979776.0,2362368,0,72,1.7793,counter,"[1, 128, 768]","[1, 128, 3072]",1214.89,0.0,1.5,cpu_perf_counter,cpu
12,encoder.layer.7.intermediate.intermediate_act_fn,GELUActivation,0.1375,1.5,0.0,0,0,73,0.1381,none,"[1, 128, 3072]","[1, 128, 3072]",1214.89,0.0,1.5,cpu_perf_counter,cpu
12,encoder.layer.7.output.dense,Linear,1.4431,0.375,603979776.0,2360064,0,74,1.4437,counter,"[1, 128, 3072]","[1, 128, 768]",1214.89,0.0,0.375,cpu_perf_counter,cpu
12,encoder.layer.7.output.LayerNorm,LayerNorm,0.0407,0.375,491520.0,1536,0,75,0.0413,analytic,"[1, 128, 768]","[1, 128, 768]",1214.89,0.0,0.375,cpu_perf_counter,cpu
12,encoder.layer.8.attention.self.query,Linear,0.3905,0.375,150994944.0,590592,0,76,0.3911,counter,"[1, 128, 768]","[1, 128, 768]",1214.89,0.0,0.375,cpu_perf_counter,cpu
12,encoder.layer.8.attention.self.key,Linear,0.3788,0.375,150994944.0,590592,0,77,0.3794,counter,"[1, 128, 768]","[1, 128, 768]",1214.89,0.0,0.375,cpu_perf_counter,cpu
12,encoder.layer.8.attention.self.value,Linear,0.3647,0.375,150994944.0,590592,0,78,0.3653,counter,"[1, 128, 768]","[1, 128, 768]",1214.89,0.0,0.375,cpu_perf_counter,cpu
12,encoder.layer.8.attention.output.dense,Linear,0.3726,0.375,150994944.0,590592,0,79,0.3732,counter,"[1, 128, 768]","[1, 128, 768]",1214.89,0.0,0.375,cpu_perf_counter,cpu
12,encoder.layer.8.attention.output.LayerNorm,LayerNorm,0.0266,0.375,491520.0,1536,0,80,0.0272,analytic,"[1, 128, 768]","[1, 128, 768]",1214.89,0.0,0.375,cpu_perf_counter,cpu
12,encoder.layer.8.intermediate.dense,Linear,1.7418,1.5,603979776.0,2362368,0,81,1.7424,counter,"[1, 128, 768]","[1, 128, 3072]",1214.89,0.0,1.5,cpu_perf_counter,cpu
12,encoder.layer.8.intermediate.intermediate_act_fn,GELUActivation,0.1289,1.5,0.0,0,0,82,0.1295,none,"[1, 128, 3072]","[1, 128, 3072]",1214.89,0.0,1.5,cpu_perf_counter,cpu
12,encoder.layer.8.output.dense,Linear,1.4479,0.375,603979776.0,2360064,0,83,1.4485,counter,"[1, 128, 3072]","[1, 128, 768]",1214.89,0.0,0.375,cpu_perf_counter,cpu
12,encoder.layer.8.output.LayerNorm,LayerNorm,0.0416,0.375,491520.0,1536,0,84,0.0422,analytic,"[1, 128, 768]","[1, 128, 768]",1214.89,0.0,0.375,cpu_perf_counter,cpu
12,encoder.layer.9.attention.self.query,Linear,0.3873,0.375,150994944.0,590592,0,85,0.3879,counter,"[1, 128, 768]","[1, 128, 768]",1214.89,0.0,0.375,cpu_perf_counter,cpu
12,encoder.layer.9.attention.self.key,Linear,0.38,0.375,150994944.0,590592,0,86,0.3806,counter,"[1, 128, 768]","[1, 128, 768]",1214.89,0.0,0.375,cpu_perf_counter,cpu
12,encoder.layer.9.attention.self.value,Linear,0.3703,0.375,150994944.0,590592,0,87,0.3709,counter,"[1, 128, 768]","[1, 128, 768]",1214.89,0.0,0.375,cpu_perf_counter,cpu
12,encoder.layer.9.attention.output.dense,Linear,0.3749,0.375,150994944.0,590592,0,88,0.3755,counter,"[1, 128, 768]","[1, 128, 768]",1214.89,0.0,0.375,cpu_perf_counter,cpu
12,encoder.layer.9.attention.output.LayerNorm,LayerNorm,0.0294,0.375,491520.0,1536,0,89,0.03,analytic,"[1, 128, 768]","[1, 128, 768]",1214.89,0.0,0.375,cpu_perf_counter,cpu
12,encoder.layer.9.intermediate.dense,Linear,1.8479,1.5,603979776.0,2362368,0,90,1.8485,counter,"[1, 128, 768]","[1, 128, 3072]",1214.89,0.0,1.5,cpu_perf_counter,cpu
12,encoder.layer.9.intermediate.intermediate_act_fn,GELUActivation,0.1282,1.5,0.0,0,0,91,0.1288,none,"[1, 128, 3072]","[1, 128, 3072]",1214.89,0.0,1.5,cpu_perf_counter,cpu
12,encoder.layer.9.output.dense,Linear,1.5104,0.375,603979776.0,2360064,0,92,1.511,counter,"[1, 128, 3072]","[1, 128, 768]",1214.89,0.0,0.375,cpu_perf_counter,cpu
12,encoder.layer.9.output.LayerNorm,LayerNorm,0.0415,0.375,491520.0,1536,0,93,0.0421,analytic,"[1, 128, 768]","[1, 128, 768]",1214.89,0.0,0.375,cpu_perf_counter,cpu
12,encoder.layer.10.attention.self.query,Linear,0.3818,0.375,150994944.0,590592,0,94,0.3824,counter,"[1, 128, 768]","[1, 128, 768]",1214.89,0.0,0.375,cpu_perf_counter,cpu
12,encoder.layer.10.attention.self.key,Linear,0.3694,0.375,150994944.0,590592,0,95,0.37,counter,"[1, 128, 768]","[1, 128, 768]",1214.89,0.0,0.375,cpu_perf_counter,cpu
12,encoder.layer.10.attention.self.value,Linear,0.377,0.375,150994944.0,590592,0,96,0.3776,counter,"[1, 128, 768]","[1, 128, 768]",1214.89,0.0,0.375,cpu_perf_counter,cpu
12,encoder.layer.10.attention.output.dense,Linear,0.4143,0.375,150994944.0,590592,0,97,0.4149,counter,"[1, 128, 768]","[1, 128, 768]",1214.89,0.0,0.375,cpu_perf_counter,cpu
12,encoder.layer.10.attention.output.LayerNorm,LayerNorm,0.0449,0.375,491520.0,1536,0,98,0.0455,analytic,"[1, 128, 768]","[1, 128, 768]",1214.89,0.0,0.375,cpu_perf_counter,cpu
12,encoder.layer.10.intermediate.dense,Linear,1.9143,1.5,603979776.0,2362368,0,99,1.9149,counter,"[1, 128, 768]","[1, 128, 3072]",1214.89,0.0,1.5,cpu_perf_counter,cpu
12,encoder.layer.10.intermediate.intermediate_act_fn,GELUActivation,0.1424,1.5,0.0,0,0,100,0.143,none,"[1, 128, 3072]","[1, 128, 3072]",1214.89,0.0,1.5,cpu_perf_counter,cpu
12,encoder.layer.10.output.dense,Linear,1.4695,0.375,603979776.0,2360064,0,101,1.4701,counter,"[1, 128, 3072]","[1, 128, 768]",1214.89,0.0,0.375,cpu_perf_counter,cpu
12,encoder.layer.10.output.LayerNorm,LayerNorm,0.0526,0.375,491520.0,1536,0,102,0.0532,analytic,"[1, 128, 768]","[1, 128, 768]",1214.89,0.0,0.375,cpu_perf_counter,cpu
12,encoder.layer.11.attention.self.query,Linear,0.3806,0.375,150994944.0,590592,0,103,0.3812,counter,"[1, 128, 768]","[1, 128, 768]",1214.89,0.0,0.375,cpu_perf_counter,cpu
12,encoder.layer.11.attention.self.key,Linear,0.3794,0.375,150994944.0,590592,0,104,0.38,counter,"[1, 128, 768]","[1, 128, 768]",1214.89,0.0,0.375,cpu_perf_counter,cpu
12,encoder.layer.11.attention.self.value,Linear,0.3791,0.375,150994944.0,590592,0,105,0.3797,counter,"[1, 128, 768]","[1, 128, 768]",1214.89,0.0,0.375,cpu_perf_counter,cpu
12,encoder.layer.11.attention.output.dense,Linear,0.3735,0.375,150994944.0,590592,0,106,0.3741,counter,"[1, 128, 768]","[1, 128, 768]",1214.89,0.0,0.375,cpu_perf_counter,cpu
12,encoder.layer.11.attention.output.LayerNorm,LayerNorm,0.0325,0.375,491520.0,1536,0,107,0.0331,analytic,"[1, 128, 768]","[1, 128, 768]",1214.89,0.0,0.375,cpu_perf_counter,cpu
12,encoder.layer.11.intermediate.dense,Linear,1.7334,1.5,603979776.0,2362368,0,108,1.734,counter,"[1, 128, 768]","[1, 128, 3072]",1214.89,0.0,1.5,cpu_perf_counter,cpu
12,encoder.layer.11.intermediate.intermediate_act_fn,GELUActivation,0.129,1.5,0.0,0,0,109,0.1296,none,"[1, 128, 3072]","[1, 128, 3072]",1214.89,0.0,1.5,cpu_perf_counter,cpu
12,encoder.layer.11.output.dense,Linear,1.5054,0.375,603979776.0,2360064,0,110,1.506,counter,"[1, 128, 3072]","[1, 128, 768]",1214.89,0.0,0.375,cpu_perf_counter,cpu
12,encoder.layer.11.output.LayerNorm,LayerNorm,0.0384,0.375,491520.0,1536,0,111,0.039,analytic,"[1, 128, 768]","[1, 128, 768]",1214.89,0.0,0.375,cpu_perf_counter,cpu
12,pooler.dense,Linear,0.113,0.00293,1179648.0,590592,0,112,0.1136,counter,"[1, 768]","[1, 768]",1214.89,0.0,0.003,cpu_perf_counter,cpu
12,pooler.activation,Tanh,0.0151,0.00293,3072.0,0,0,113,0.0157,analytic,"[1, 768]","[1, 768]",1214.89,0.0,0.003,cpu_perf_counter,cpu
13,embeddings.word_embeddings,Embedding,0.0473,0.375,0.0,23440896,0,0,0.0479,none,"[1, 128]","[1, 128, 768]",1214.89,0.0,0.375,cpu_perf_counter,cpu
13,embeddings.token_type_embeddings,Embedding,0.0187,0.375,0.0,1536,0,1,0.0193,none,"[1, 128]","[1, 128, 768]",1214.89,0.0,0.375,cpu_perf_counter,cpu
13,embeddings.position_embeddings,Embedding,0.0191,0.375,0.0,393216,0,2,0.0197,none,"[1, 128]","[1, 128, 768]",1214.89,0.0,0.375,cpu_perf_counter,cpu
13,embeddings.LayerNorm,LayerNorm,0.0251,0.375,491520.0,1536,0,3,0.0257,analytic,"[1, 128, 768]","[1, 128, 768]",1214.89,0.0,0.375,cpu_perf_counter,cpu
13,encoder.layer.0.attention.self.query,Linear,0.3726,0.375,150994944.0,590592,0,4,0.3732,counter,"[1, 128, 768]","[1, 128, 768]",1214.89,0.0,0.375,cpu_perf_counter,cpu
13,encoder.layer.0.attention.self.key,Linear,0.3541,0.375,150994944.0,590592,0,5,0.3547,counter,"[1, 128, 768]","[1, 128, 768]",1214.89,0.0,0.375,cpu_perf_counter,cpu
13,encoder.layer.0.attention.self.value,Linear,0.3585,0.375,150994944.0,590592,0,6,0.3591,counter,"[1, 128, 768]","[1, 128, 768]",1214.89,0.0,0.375,cpu_perf_counter,cpu
13,encoder.layer.0.attention.output.dense,Linear,0.3879,0.375,150994944.0,590592,0,7,0.3885,counter,"[1, 128, 768]","[1, 128, 768]",1214.89,0.0,0.375,cpu_perf_counter,cpu
13,encoder.layer.0.attention.output.LayerNorm,LayerNorm,0.0311,0.375,491520.0,1536,0,8,0.0317,analytic,"[1, 128, 768]","[1, 128, 768]",1214.89,0.0,0.375,cpu_perf_counter,cpu
13,encoder.layer.0.intermediate.dense,Linear,1.8702,1.5,603979776.0,2362368,0,9,1.8708,counter,"[1, 128, 768]","[1, 128, 3072]",1214.89,0.0,1.5,cpu_perf_counter,cpu
13,encoder.layer.0.intermediate.intermediate_act_fn,GELUActivation,0.1501,1.5,0.0,0,0,10,0.1507,none,"[1, 128, 3072]","[1, 128, 3072]",1214.89,0.0,1.5,cpu_perf_counter,cpu
13,encoder.layer.0.output.dense,Linear,1.5775,0.375,603979776.0,2360064,0,11,1.5781,counter,"[1, 128, 3072]","[1, 128, 768]",1214.89,0.0,0.375,cpu_perf_counter,cpu
13,encoder.layer.0.output.LayerNorm,LayerNorm,0.0509,0.375,491520.0,1536,0,12,0.0515,analytic,"[1, 128, 768]","[1, 128, 768]",1214.89,0.0,0.375,cpu_perf_counter,cpu
13,encoder.layer.1.attention.self.query,Linear,0.435,0.375,150994944.0,590592,0,13,0.4356,counter,"[1, 128, 768]","[1, 128, 768]",1214.89,0.0,0.375,cpu_perf_counter,cpu
13,encoder.layer.1.attention.self.key,Linear,0.3768,0.375,150994944.0,590592,0,14,0.3774,counter,"[1, 128, 768]","[1, 128, 768]",1214.89,0.0,0.375,cpu_perf_counter,cpu
13,encoder.layer.1.attention.self.value,Linear,0.3854,0.375,150994944.0,590592,0,15,0.386,counter,"[1, 128, 768]","[1, 128, 768]",1214.89,0.0,0.375,cpu_perf_counter,cpu
13,encoder.layer.1.attention.output.dense,Linear,0.3944,0.375,150994944.0,590592,0,16,0.395,counter,"[1, 128, 768]","[1, 128, 768]",1214.89,0.0,0.375,cpu_perf_counter,cpu
13,encoder.layer.1.attention.output.LayerNorm,LayerNorm,0.0391,0.375,491520.0,1536,0,17,0.0397,analytic,"[1, 128, 768]","[1, 128, 768]",1214.89,0.0,0.375,cpu_perf_counter,cpu
13,encoder.layer.1.intermediate.dense,Linear,1.7278,1.5,603979776.0,2362368,0,18,1.7284,counter,"[1, 128, 768]","[1, 128, 3072]",1214.89,0.0,1.5,cpu_perf_counter,cpu
13,encoder.layer.1.intermediate.intermediate_act_fn,GELUActivation,0.1297,1.5,0.0,0,0,19,0.1303,none,"[1, 128, 3072]","[1, 128, 3072]",1214.89,0.0,1.5,cpu_perf_counter,cpu
13,encoder.layer.1.output.dense,Linear,1.4726,0.375,603979776.0,2360064,0,20,1.4732,counter,"[1, 128, 3072]","[1, 128, 768]",1214.89,0.0,0.375,cpu_perf_counter,cpu
13,encoder.layer.1.output.LayerNorm,LayerNorm,0.0385,0.375,491520.0,1536,0,21,0.0391,analytic,"[1, 128, 768]","[1, 128, 768]",1214.89,0.0,0.375,cpu_perf_counter,cpu
13,encoder.layer.2.attention.self.query,Linear,0.3905,0.375,150994944.0,590592,0,22,0.3911,counter,"[1, 128, 768]","[1, 128, 768]",1214.89,0.0,0.375,cpu_perf_counter,cpu
13,encoder.layer.2.attention.self.key,Linear,0.3675,0.375,150994944.0,590592,0,23,0.3681,counter,"[1, 128, 768]","[1, 128, 768]",1214.89,0.0,0.375,cpu_perf_counter,cpu
13,encoder.layer.2.attention.self.value,Linear,0.3705,0.375,150994944.0,590592,0,24,0.3711,counter,"[1, 128, 768]","[1, 128, 768]",1214.89,0.0,0.375,cpu_perf_counter,cpu
13,encoder.layer.2.attention.output.dense,Linear,0.3794,0.375,150994944.0,590592,0,25,0.38,counter,"[1, 128, 768]","[1, 128, 768]",1214.89,0.0,0.375,cpu_perf_counter,cpu
13,encoder.layer.2.attention.output.LayerNorm,LayerNorm,0.033,0.375,491520.0,1536,0,26,0.0336,analytic,"[1, 128, 768]","[1, 128, 768]",1214.89,0.0,0.375,cpu_perf_counter,cpu
13,encoder.layer.2.intermediate.dense,Linear,1.7431,1.5,603979776.0,2362368,0,27,1.7437,counter,"[1, 128, 768]","[1, 128, 3072]",1214.89,0.0,1.5,cpu_perf_counter,cpu
13,encoder.layer.2.intermediate.intermediate_act_fn,GELUActivation,0.1281,1.5,0.0,0,0,28,0.1287,none,"[1, 128, 3072]","[1, 128, 3072]",1214.89,0.0,1.5,cpu_perf_counter,cpu
13,encoder.layer.2.output.dense,Linear,1.453,0.375,603979776.0,2360064,0,29,1.4536,counter,"[1, 128, 3072]","[1, 128, 768]",1214.89,0.0,0.375,cpu_perf_counter,cpu
13,encoder.layer.2.output.LayerNorm,LayerNorm,0.044,0.375,491520.0,1536,0,30,0.0446,analytic,"[1, 128, 768]","[1, 128, 768]",1214.89,0.0,0.375,cpu_perf_counter,cpu
13,encoder.layer.3.attention.self.query,Linear,0.3854,0.375,150994944.0,590592,0,31,0.386,counter,"[1, 128, 768]","[1, 128, 768]",1214.89,0.0,0.375,cpu_perf_counter,cpu
13,encoder.layer.3.attention.self.key,Linear,0.3735,0.375,150994944.0,590592,0,32,0.3741,counter,"[1, 128, 768]","[1, 128, 768]",1214.89,0.0,0.375,cpu_perf_counter,cpu
13,encoder.layer.3.attention.self.value,Linear,0.3735,0.375,150994944.0,590592,0,33,0.3741,counter,"[1, 128, 768]","[1, 128, 768]",1214.89,0.0,0.375,cpu_perf_counter,cpu
13,encoder.layer.3.attention.output.dense,Linear,0.3737,0.375,150994944.0,590592,0,34,0.3743,counter,"[1, 128, 768]","[1, 128, 768]",1214.89,0.0,0.375,cpu_perf_counter,cpu
13,encoder.layer.3.attention.output.LayerNorm,LayerNorm,0.0265,0.375,491520.0,1536,0,35,0.0271,analytic,"[1, 128, 768]","[1, 128, 768]",1214.89,0.0,0.375,cpu_perf_counter,cpu
13,encoder.layer.3.intermediate.dense,Linear,1.7824,1.5,603979776.0,2362368,0,36,1.783,counter,"[1, 128, 768]","[1, 128, 3072]",1214.89,0.0,1.5,cpu_perf_counter,cpu
13,encoder.layer.3.intermediate.intermediate_act_fn,GELUActivation,0.1446,1.5,0.0,0,0,37,0.1452,none,"[1, 128, 3072]","[1, 128, 3072]",1214.89,0.0,1.5,cpu_perf_counter,cpu
13,encoder.layer.3.output.dense,Linear,1.46,0.375,603979776.0,2360064,0,38,1.4606,counter,"[1, 128, 3072]","[1, 128, 768]",1214.89,0.0,0.375,cpu_perf_counter,cpu
13,encoder.layer.3.output.LayerNorm,LayerNorm,0.0423,0.375,491520.0,1536,0,39,0.0429,analytic,"[1, 128, 768]","[1, 128, 768]",1214.89,0.0,0.375,cpu_perf_counter,cpu
13,encoder.layer.4.attention.self.query,Linear,0.3826,0.375,150994944.0,590592,0,40,0.3832,counter,"[1, 128, 768]","[1, 128, 768]",1214.89,0.0,0.375,cpu_perf_counter,cpu
13,encoder.layer.4.attention.self.key,Linear,0.3838,0.375,150994944.0,590592,0,41,0.3844,counter,"[1, 128, 768]","[1, 128, 768]",1214.89,0.0,0.375,cpu_perf_counter,cpu
13,encoder.layer.4.attention.self.value,Linear,0.3797,0.375,150994944.0,590592,0,42,0.3803,counter,"[1, 128, 768]","[1, 128, 768]",1214.89,0.0,0.375,cpu_perf_counter,cpu
13,encoder.layer.4.attention.output.dense,Linear,0.382,0.375,150994944.0,590592,0,43,0.3826,counter,"[1, 128, 768]","[1, 128, 768]",1214.89,0.0,0.375,cpu_perf_counter,cpu
13,encoder.layer.4.attention.output.LayerNorm,LayerNorm,0.0294,0.375,491520.0,1536,0,44,0.03,analytic,"[1, 128, 768]","[1, 128, 768]",1214.89,0.0,0.375,cpu_perf_counter,cpu
13,encoder.layer.4.intermediate.dense,Linear,1.6939,1.5,603979776.0,2362368,0,45,1.6945,counter,"[1, 128, 768]","[1, 128, 3072]",1214.89,0.0,1.5,cpu_perf_counter,cpu
13,encoder.layer.4.intermediate.intermediate_act_fn,GELUActivation,0.1284,1.5,0.0,0,0,46,0.129,none,"[1, 128, 3072]","[1, 128, 3072]",1214.89,0.0,1.5,cpu_perf_counter,cpu
13,encoder.layer.4.output.dense,Linear,1.5383,0.375,603979776.0,2360064,0,47,1.5389,counter,"[1, 128, 3072]","[1, 128, 768]",1214.89,0.0,0.375,cpu_perf_counter,cpu
13,encoder.layer.4.output.LayerNorm,LayerNorm,0.0412,0.375,491520.0,1536,0,48,0.0418,analytic,"[1, 128, 768]","[1, 128, 768]",1214.89,0.0,0.375,cpu_perf_counter,cpu
13,encoder.layer.5.attention.self.query,Linear,0.4012,0.375,150994944.0,590592,0,49,0.4018,counter,"[1, 128, 768]","[1, 128, 768]",1214.89,0.0,0.375,cpu_perf_counter,cpu
13,encoder.layer.5.attention.self.key,Linear,0.3715,0.375,150994944.0,590592,0,50,0.3721,counter,"[1, 128, 768]","[1, 128, 768]",1214.89,0.0,0.375,cpu_perf_counter,cpu
13,encoder.layer.5.attention.self.value,Linear,0.3717,0.375,150994944.0,590592,0,51,0.3723,counter,"[1, 128, 768]","[1, 128, 768]",1214.89,0.0,0.375,cpu_perf_counter,cpu
13,encoder.layer.5.attention.output.dense,Linear,0.3828,0.375,150994944.0,590592,0,52,0.3834,counter,"[1, 128, 768]","[1, 128, 768]",1214.89,0.0,0.375,cpu_perf_counter,cpu
13,encoder.layer.5.attention.output.LayerNorm,LayerNorm,0.0353,0.375,491520.0,1536,0,53,0.0359,analytic,"[1, 128, 768]","[1, 128, 768]",1214.89,0.0,0.375,cpu_perf_counter,cpu
13,encoder.layer.5.intermediate.dense,Linear,1.7254,1.5,603979776.0,2362368,0,54,1.726,counter,"[1, 128, 768]","[1, 128, 3072]",1214.89,0.0,1.5,cpu_perf_counter,cpu
13,encoder.layer.5.intermediate.intermediate_act_fn,GELUActivation,0.1273,1.5,0.0,0,0,55,0.1279,none,"[1, 128, 3072]","[1, 128, 3072]",1214.89,0.0,1.5,cpu_perf_counter,cpu
13,encoder.layer.5.output.dense,Linear,1.4482,0.375,603979776.0,2360064,0,56,1.4488,counter,"[1, 128, 3072]","[1, 128, 768]",1214.89,0.0,0.375,cpu_perf_counter,cpu
13,encoder.layer.5.output.LayerNorm,LayerNorm,0.0401,0.375,491520.0,1536,0,57,0.0407,analytic,"[1, 128, 768]","[1, 128, 768]",1214.89,0.0,0.375,cpu_perf_counter,cpu
13,encoder.layer.6.attention.self.query,Linear,0.3848,0.375,150994944.0,590592,0,58,0.3854,counter,"[1, 128, 768]","[1, 128, 768]",1214.89,0.0,0.375,cpu_perf_counter,cpu
13,encoder.layer.6.attention.self.key,Linear,0.368,0.375,150994944.0,590592,0,59,0.3686,counter,"[1, 128, 768]","[1, 128, 768]",1214.89,0.0,0.375,cpu_perf_counter,cpu
13,encoder.layer.6.attention.self.value,Linear,0.3647,0.375,150994944.0,590592,0,60,0.3653,counter,"[1, 128, 768]","[1, 128, 768]",1214.89,0.0,0.375,cpu_perf_counter,cpu
13,encoder.layer.6.attention.output.dense,Linear,0.3803,0.375,150994944.0,590592,0,61,0.3809,counter,"[1, 128, 768]","[1, 128, 768]",1214.89,0.0,0.375,cpu_perf_counter,cpu
13,encoder.layer.6.attention.output.LayerNorm,LayerNorm,0.0299,0.375,491520.0,1536,0,62,0.0305,analytic,"[1, 128, 768]","[1, 128, 768]",1214.89,0.0,0.375,cpu_perf_counter,cpu
13,encoder.layer.6.intermediate.dense,Linear,1.7309,1.5,603979776.0,2362368,0,63,1.7315,counter,"[1, 128, 768]","[1, 128, 3072]",1214.89,0.0,1.5,cpu_perf_counter,cpu
13,encoder.layer.6.intermediate.intermediate_act_fn,GELUActivation,0.133,1.5,0.0,0,0,64,0.1336,none,"[1, 128, 3072]","[1, 128, 3072]",1214.89,0.0,1.5,cpu_perf_counter,cpu
13,encoder.layer.6.output.dense,Linear,1.4867,0.375,603979776.0,2360064,0,65,1.4873,counter,"[1, 128, 3072]","[1, 128, 768]",1214.89,0.0,0.375,cpu_perf_counter,cpu
13,encoder.layer.6.output.LayerNorm,LayerNorm,0.0419,0.375,491520.0,1536,0,66,0.0425,analytic,"[1, 128, 768]","[1, 128, 768]",1214.89,0.0,0.375,cpu_perf_counter,cpu
13,encoder.layer.7.attention.self.query,Linear,0.3907,0.375,150994944.0,590592,0,67,0.3913,counter,"[1, 128, 768]","[1, 128, 768]",1214.89,0.0,0.375,cpu_perf_counter,cpu
13,encoder.layer.7.attention.self.key,Linear,0.3725,0.375,150994944.0,590592,0,68,0.3731,counter,"[1, 128, 768]","[1, 128, 768]",1214.89,0.0,0.375,cpu_perf_counter,cpu
13,encoder.layer.7.attention.self.value,Linear,0.3812,0.375,150994944.0,590592,0,69,0.3818,counter,"[1, 128, 768]","[1, 128, 768]",1214.89,0.0,0.375,cpu_perf_counter,cpu
13,encoder.layer.7.attention.output.dense,Linear,0.3813,0.375,150994944.0,590592,0,70,0.3819,counter,"[1, 128, 768]","[1, 128, 768]",1214.89,0.0,0.375,cpu_perf_counter,cpu
13,encoder.layer.7.attention.output.LayerNorm,LayerNorm,0.0268,0.375,491520.0,1536,0,71,0.0274,analytic,"[1, 128, 768]","[1, 128, 768]",1214.89,0.0,0.375,cpu_perf_counter,cpu
13,encoder.layer.7.intermediate.dense,Linear,1.7558,1.5,603979776.0,2362368,0,72,1.7564,counter,"[1, 128, 768]","[1, 128, 3072]",1214.89,0.0,1.5,cpu_perf_counter,cpu
13,encoder.layer.7.intermediate.intermediate_act_fn,GELUActivation,0.1268,1.5,0.0,0,0,73,0.1274,none,"[1, 128, 3072]","[1, 128, 3072]",1214.89,0.0,1.5,cpu_perf_counter,cpu
13,encoder.layer.7.output.dense,Linear,1.4672,0.375,603979776.0,2360064,0,74,1.4678,counter,"[1, 128, 3072]","[1, 128, 768]",1214.89,0.0,0.375,cpu_perf_counter,cpu
13,encoder.layer.7.output.LayerNorm,LayerNorm,0.0442,0.375,491520.0,1536,0,75,0.0448,analytic,"[1, 128, 768]","[1, 128, 768]",1214.89,0.0,0.375,cpu_perf_counter,cpu
13,encoder.layer.8.attention.self.query,Linear,0.3882,0.375,150994944.0,590592,0,76,0.3888,counter,"[1, 128, 768]","[1, 128, 768]",1214.89,0.0,0.375,cpu_perf_counter,cpu
13,encoder.layer.8.attention.self.key,Linear,0.3802,0.375,150994944.0,590592,0,77,0.3808,counter,"[1, 128, 768]","[1, 128, 768]",1214.89,0.0,0.375,cpu_perf_counter,cpu
13,encoder.layer.8.attention.self.value,Linear,0.3682,0.375,150994944.0,590592,0,78,0.3688,counter,"[1, 128, 768]","[1, 128, 768]",1214.89,0.0,0.375,cpu_perf_counter,cpu
13,encoder.layer.8.attention.output.dense,Linear,0.3774,0.375,150994944.0,590592,0,79,0.378,counter,"[1, 128, 768]","[1, 128, 768]",1214.89,0.0,0.375,cpu_perf_counter,cpu
13,encoder.layer.8.attention.output.LayerNorm,LayerNorm,0.0374,0.375,491520.0,1536,0,80,0.038,analytic,"[1, 128, 768]","[1, 128, 768]",1214.89,0.0,0.375,cpu_perf_counter,cpu
13,encoder.layer.8.intermediate.dense,Linear,1.8023,1.5,603979776.0,2362368,0,81,1.8029,counter,"[1, 128, 768]","[1, 128, 3072]",1214.89,0.0,1.5,cpu_perf_counter,cpu
13,encoder.layer.8.intermediate.intermediate_act_fn,GELUActivation,0.1578,1.5,0.0,0,0,82,0.1584,none,"[1, 128, 3072]","[1, 128, 3072]",1214.89,0.0,1.5,cpu_perf_counter,cpu
13,encoder.layer.8.output.dense,Linear,1.4882,0.375,603979776.0,2360064,0,83,1.4888,counter,"[1, 128, 3072]","[1, 128, 768]",1214.89,0.0,0.375,cpu_perf_counter,cpu
13,encoder.layer.8.output.LayerNorm,LayerNorm,0.0425,0.375,491520.0,1536,0,84,0.0431,analytic,"[1, 128, 768]","[1, 128, 768]",1214.89,0.0,0.375,cpu_perf_counter,cpu
13,encoder.layer.9.attention.self.query,Linear,0.4088,0.375,150994944.0,590592,0,85,0.4094,counter,"[1, 128, 768]","[1, 128, 768]",1214.89,0.0,0.375,cpu_perf_counter,cpu
13,encoder.layer.9.attention.self.key,Linear,0.3922,0.375,150994944.0,590592,0,86,0.3928,counter,"[1, 128, 768]","[1, 128, 768]",1214.89,0.0,0.375,cpu_perf_counter,cpu
13,encoder.layer.9.attention.self.value,Linear,0.3909,0.375,150994944.0,590592,0,87,0.3915,counter,"[1, 128, 768]","[1, 128, 768]",1214.89,0.0,0.375,cpu_perf_counter,cpu
13,encoder.layer.9.attention.output.dense,Linear,0.3933,0.375,150994944.0,590592,0,88,0.3939,counter,"[1, 128, 768]","[1, 128, 768]",1214.89,0.0,0.375,cpu_perf_counter,cpu
13,encoder.layer.9.attention.output.LayerNorm,LayerNorm,0.0368,0.375,491520.0,1536,0,89,0.0374,analytic,"[1, 128, 768]","[1, 128, 768]",1214.89,0.0,0.375,cpu_perf_counter,cpu
13,encoder.layer.9.intermediate.dense,Linear,2.0147,1.5,603979776.0,2362368,0,90,2.0153,counter,"[1, 128, 768]","[1, 128, 3072]",1214.89,0.0,1.5,cpu_perf_counter,cpu
13,encoder.layer.9.intermediate.intermediate_act_fn,GELUActivation,0.1533,1.5,0.0,0,0,91,0.1539,none,"[1, 128, 3072]","[1, 128, 3072]",1214.89,0.0,1.5,cpu_perf_counter,cpu
13,encoder.layer.9.output.dense,Linear,1.4839,0.375,603979776.0,2360064,0,92,1.4845,counter,"[1, 128, 3072]","[1, 128, 768]",1214.89,0.0,0.375,cpu_perf_counter,cpu
13,encoder.layer.9.output.LayerNorm,LayerNorm,0.0411,0.375,491520.0,1536,0,93,0.0417,analytic,"[1, 128, 768]","[1, 128, 768]",1214.89,0.0,0.375,cpu_perf_counter,cpu
13,encoder.layer.10.attention.self.query,Linear,0.3754,0.375,150994944.0,590592,0,94,0.376,counter,"[1, 128, 768]","[1, 128, 768]",1214.89,0.0,0.375,cpu_perf_counter,cpu
13,encoder.layer.10.attention.self.key,Linear,0.3658,0.375,150994944.0,590592,0,95,0.3664,counter,"[1, 128, 768]","[1, 128, 768]",1214.89,0.0,0.375,cpu_perf_counter,cpu
13,encoder.layer.10.attention.self.value,Linear,0.3816,0.375,150994944.0,590592,0,96,0.3822,counter,"[1, 128, 768]","[1, 128, 768]",1214.89,0.0,0.375,cpu_perf_counter,cpu
13,encoder.layer.10.attention.output.dense,Linear,0.3705,0.375,150994944.0,590592,0,97,0.3711,counter,"[1, 128, 768]","[1, 128, 768]",1214.89,0.0,0.375,cpu_perf_counter,cpu
13,encoder.layer.10.attention.output.LayerNorm,LayerNorm,0.0288,0.375,491520.0,1536,0,98,0.0294,analytic,"[1, 128, 768]","[1, 128, 768]",1214.89,0.0,0.375,cpu_perf_counter,cpu
13,encoder.layer.10.intermediate.dense,Linear,1.7985,1.5,603979776.0,2362368,0,99,1.7991,counter,"[1, 128, 768]","[1, 128, 3072]",1214.89,0.0,1.5,cpu_perf_counter,cpu
13,encoder.layer.10.intermediate.intermediate_act_fn,GELUActivation,0.1282,1.5,0.0,0,0,100,0.1288,none,"[1, 128, 3072]","[1, 128, 3072]",1214.89,0.0,1.5,cpu_perf_counter,cpu
13,encoder.layer.10.output.dense,Linear,1.4524,0.375,603979776.0,2360064,0,101,1.453,counter,"[1, 128, 3072]","[1, 128, 768]",1214.89,0.0,0.375,cpu_perf_counter,cpu
13,encoder.layer.10.output.LayerNorm,LayerNorm,0.0394,0.375,491520.0,1536,0,102,0.04,analytic,"[1, 128, 768]","[1, 128, 768]",1214.89,0.0,0.375,cpu_perf_counter,cpu
13,encoder.layer.11.attention.self.query,Linear,0.3766,0.375,150994944.0,590592,0,103,0.3772,counter,"[1, 128, 768]","[1, 128, 768]",1214.89,0.0,0.375,cpu_perf_counter,cpu
13,encoder.layer.11.attention.self.key,Linear,0.3665,0.375,150994944.0,590592,0,104,0.3671,counter,"[1, 128, 768]","[1, 128, 768]",1214.89,0.0,0.375,cpu_perf_counter,cpu
13,encoder.layer.11.attention.self.value,Linear,0.3679,0.375,150994944.0,590592,0,105,0.3685,counter,"[1, 128, 768]","[1, 128, 768]",1214.89,0.0,0.375,cpu_perf_counter,cpu
13,encoder.layer.11.attention.output.dense,Linear,0.3703,0.375,150994944.0,590592,0,106,0.3709,counter,"[1, 128, 768]","[1, 128, 768]",1214.89,0.0,0.375,cpu_perf_counter,cpu
13,encoder.layer.11.attention.output.LayerNorm,LayerNorm,0.0297,0.375,491520.0,1536,0,107,0.0303,analytic,"[1, 128, 768]","[1, 128, 768]",1214.89,0.0,0.375,cpu_perf_counter,cpu
13,encoder.layer.11.intermediate.dense,Linear,1.7381,1.5,603979776.0,2362368,0,108,1.7387,counter,"[1, 128, 768]","[1, 128, 3072]",1214.89,0.0,1.5,cpu_perf_counter,cpu
13,encoder.layer.11.intermediate.intermediate_act_fn,GELUActivation,0.1169,1.5,0.0,0,0,109,0.1175,none,"[1, 128, 3072]","[1, 128, 3072]",1214.89,0.0,1.5,cpu_perf_counter,cpu
13,encoder.layer.11.output.dense,Linear,1.5159,0.375,603979776.0,2360064,0,110,1.5165,counter,"[1, 128, 3072]","[1, 128, 768]",1214.89,0.0,0.375,cpu_perf_counter,cpu
13,encoder.layer.11.output.LayerNorm,LayerNorm,0.0386,0.375,491520.0,1536,0,111,0.0392,analytic,"[1, 128, 768]","[1, 128, 768]",1214.89,0.0,0.375,cpu_perf_counter,cpu
13,pooler.dense,Linear,0.1164,0.00293,1179648.0,590592,0,112,0.117,counter,"[1, 768]","[1, 768]",1214.89,0.0,0.003,cpu_perf_counter,cpu
13,pooler.activation,Tanh,0.0157,0.00293,3072.0,0,0,113,0.0163,analytic,"[1, 768]","[1, 768]",1214.89,0.0,0.003,cpu_perf_counter,cpu
14,embeddings.word_embeddings,Embedding,0.0471,0.375,0.0,23440896,0,0,0.0477,none,"[1, 128]","[1, 128, 768]",1214.89,0.0,0.375,cpu_perf_counter,cpu
14,embeddings.token_type_embeddings,Embedding,0.019,0.375,0.0,1536,0,1,0.0196,none,"[1, 128]","[1, 128, 768]",1214.89,0.0,0.375,cpu_perf_counter,cpu
14,embeddings.position_embeddings,Embedding,0.0203,0.375,0.0,393216,0,2,0.0209,none,"[1, 128]","[1, 128, 768]",1214.89,0.0,0.375,cpu_perf_counter,cpu
14,embeddings.LayerNorm,LayerNorm,0.0238,0.375,491520.0,1536,0,3,0.0244,analytic,"[1, 128, 768]","[1, 128, 768]",1214.89,0.0,0.375,cpu_perf_counter,cpu
14,encoder.layer.0.attention.self.query,Linear,0.3702,0.375,150994944.0,590592,0,4,0.3708,counter,"[1, 128, 768]","[1, 128, 768]",1214.89,0.0,0.375,cpu_perf_counter,cpu
14,encoder.layer.0.attention.self.key,Linear,0.3577,0.375,150994944.0,590592,0,5,0.3583,counter,"[1, 128, 768]","[1, 128, 768]",1214.89,0.0,0.375,cpu_perf_counter,cpu
14,encoder.layer.0.attention.self.value,Linear,0.371,0.375,150994944.0,590592,0,6,0.3716,counter,"[1, 128, 768]","[1, 128, 768]",1214.89,0.0,0.375,cpu_perf_counter,cpu
14,encoder.layer.0.attention.output.dense,Linear,0.3879,0.375,150994944.0,590592,0,7,0.3885,counter,"[1, 128, 768]","[1, 128, 768]",1214.89,0.0,0.375,cpu_perf_counter,cpu
14,encoder.layer.0.attention.output.LayerNorm,LayerNorm,0.0312,0.375,491520.0,1536,0,8,0.0318,analytic,"[1, 128, 768]","[1, 128, 768]",1214.89,0.0,0.375,cpu_perf_counter,cpu
14,encoder.layer.0.intermediate.dense,Linear,1.7703,1.5,603979776.0,2362368,0,9,1.7709,counter,"[1, 128, 768]","[1, 128, 3072]",1214.89,0.0,1.5,cpu_perf_counter,cpu
14,encoder.layer.0.intermediate.intermediate_act_fn,GELUActivation,0.1356,1.5,0.0,0,0,10,0.1362,none,"[1, 128, 3072]","[1, 128, 3072]",1214.89,0.0,1.5,cpu_perf_counter,cpu
14,encoder.layer.0.output.dense,Linear,1.5002,0.375,603979776.0,2360064,0,11,1.5008,counter,"[1, 128, 3072]","[1, 128, 768]",1214.89,0.0,0.375,cpu_perf_counter,cpu
14,encoder.layer.0.output.LayerNorm,LayerNorm,0.0409,0.375,491520.0,1536,0,12,0.0415,analytic,"[1, 128, 768]","[1, 128, 768]",1214.89,0.0,0.375,cpu_perf_counter,cpu
14,encoder.layer.1.attention.self.query,Linear,0.4053,0.375,150994944.0,590592,0,13,0.4059,counter,"[1, 128, 768]","[1, 128, 768]",1214.89,0.0,0.375,cpu_perf_counter,cpu
14,encoder.layer.1.attention.self.key,Linear,0.3596,0.375,150994944.0,590592,0,14,0.3602,counter,"[1, 128, 768]","[1, 128, 768]",1214.89,0.0,0.375,cpu_perf_counter,cpu
14,encoder.layer.1.attention.self.value,Linear,0.3634,0.375,150994944.0,590592,0,15,0.364,counter,"[1, 128, 768]","[1, 128, 768]",1214.89,0.0,0.375,cpu_perf_counter,cpu
14,encoder.layer.1.attention.output.dense,Linear,0.3726,0.375,150994944.0,590592,0,16,0.3732,counter,"[1, 128, 768]","[1, 128, 768]",1214.89,0.0,0.375,cpu_perf_counter,cpu
14,encoder.layer.1.attention.output.LayerNorm,LayerNorm,0.0312,0.375,491520.0,1536,0,17,0.0318,analytic,"[1, 128, 768]","[1, 128, 768]",1214.89,0.0,0.375,cpu_perf_counter,cpu
14,encoder.layer.1.intermediate.dense,Linear,1.7713,1.5,603979776.0,2362368,0,18,1.7719,counter,"[1, 128, 768]","[1, 128, 3072]",1214.89,0.0,1.5,cpu_perf_counter,cpu
14,encoder.layer.1.intermediate.intermediate_act_fn,GELUActivation,0.1312,1.5,0.0,0,0,19,0.1318,none,"[1, 128, 3072]","[1, 128, 3072]",1214.89,0.0,1.5,cpu_perf_counter,cpu
14,encoder.layer.1.output.dense,Linear,1.5161,0.375,603979776.0,2360064,0,20,1.5167,counter,"[1, 128, 3072]","[1, 128, 768]",1214.89,0.0,0.375,cpu_perf_counter,cpu
14,encoder.layer.1.output.LayerNorm,LayerNorm,0.042,0.375,491520.0,1536,0,21,0.0426,analytic,"[1, 128, 768]","[1, 128, 768]",1214.89,0.0,0.375,cpu_perf_counter,cpu
14,encoder.layer.2.attention.self.query,Linear,0.3798,0.375,150994944.0,590592,0,22,0.3804,counter,"[1, 128, 768]","[1, 128, 768]",1214.89,0.0,0.375,cpu_perf_counter,cpu
14,encoder.layer.2.attention.self.key,Linear,0.3682,0.375,150994944.0,590592,0,23,0.3688,counter,"[1, 128, 768]","[1, 128, 768]",1214.89,0.0,0.375,cpu_perf_counter,cpu
14,encoder.layer.2.attention.self.value,Linear,0.3637,0.375,150994944.0,590592,0,24,0.3643,counter,"[1, 128, 768]","[1, 128, 768]",1214.89,0.0,0.375,cpu_perf_counter,cpu
14,encoder.layer.2.attention.output.dense,Linear,0.3824,0.375,150994944.0,590592,0,25,0.383,counter,"[1, 128, 768]","[1, 128, 768]",1214.89,0.0,0.375,cpu_perf_counter,cpu
14,encoder.layer.2.attention.output.LayerNorm,LayerNorm,0.0311,0.375,491520.0,1536,0,26,0.0317,analytic,"[1, 128, 768]","[1, 128, 768]",1214.89,0.0,0.375,cpu_perf_counter,cpu
14,encoder.layer.2.intermediate.dense,Linear,1.6933,1.5,603979776.0,2362368,0,27,1.6939,counter,"[1, 128, 768]","[1, 128, 3072]",1214.89,0.0,1.5,cpu_perf_counter,cpu
14,encoder.layer.2.intermediate.intermediate_act_fn,GELUActivation,0.1313,1.5,0.0,0,0,28,0.1319,none,"[1, 128, 3072]","[1, 128, 3072]",1214.89,0.0,1.5,cpu_perf_counter,cpu
14,encoder.layer.2.output.dense,Linear,1.464,0.375,603979776.0,2360064,0,29,1.4646,counter,"[1, 128, 3072]","[1, 128, 768]",1214.89,0.0,0.375,cpu_perf_counter,cpu
14,encoder.layer.2.output.LayerNorm,LayerNorm,0.0459,0.375,491520.0,1536,0,30,0.0465,analytic,"[1, 128, 768]","[1, 128, 768]",1214.89,0.0,0.375,cpu_perf_counter,cpu
14,encoder.layer.3.attention.self.query,Linear,0.39,0.375,150994944.0,590592,0,31,0.3906,counter,"[1, 128, 768]","[1, 128, 768]",1214.89,0.0,0.375,cpu_perf_counter,cpu
14,encoder.layer.3.attention.self.key,Linear,0.3834,0.375,150994944.0,590592,0,32,0.384,counter,"[1, 128, 768]","[1, 128, 768]",1214.89,0.0,0.375,cpu_perf_counter,cpu
14,encoder.layer.3.attention.self.value,Linear,0.3897,0.375,150994944.0,590592,0,33,0.3903,counter,"[1, 128, 768]","[1, 128, 768]",1214.89,0.0,0.375,cpu_perf_counter,cpu
14,encoder.layer.3.attention.output.dense,Linear,0.4082,0.375,150994944.0,590592,0,34,0.4088,counter,"[1, 128, 768]","[1, 128, 768]",1214.89,0.0,0.375,cpu_perf_counter,cpu
14,encoder.layer.3.attention.output.LayerNorm,LayerNorm,0.0346,0.375,491520.0,1536,0,35,0.0352,analytic,"[1, 128, 768]","[1, 128, 768]",1214.89,0.0,0.375,cpu_perf_counter,cpu
14,encoder.layer.3.intermediate.dense,Linear,1.7566,1.5,603979776.0,2362368,0,36,1.7572,counter,"[1, 128, 768]","[1, 128, 3072]",1214.89,0.0,1.5,cpu_perf_counter,cpu
14,encoder.layer.3.intermediate.intermediate_act_fn,GELUActivation,0.1259,1.5,0.0,0,0,37,0.1265,none,"[1, 128, 3072]","[1, 128, 3072]",1214.89,0.0,1.5,cpu_perf_counter,cpu
14,encoder.layer.3.output.dense,Linear,1.5018,0.375,603979776.0,2360064,0,38,1.5024,counter,"[1, 128, 3072]","[1, 128, 768]",1214.89,0.0,0.375,cpu_perf_counter,cpu
14,encoder.layer.3.output.LayerNorm,LayerNorm,0.0429,0.375,491520.0,1536,0,39,0.0435,analytic,"[1, 128, 768]","[1, 128, 768]",1214.89,0.0,0.375,cpu_perf_counter,cpu
14,encoder.layer.4.attention.self.query,Linear,0.3993,0.375,150994944.0,590592,0,40,0.3999,counter,"[1, 128, 768]","[1, 128, 768]",1214.89,0.0,0.375,cpu_perf_counter,cpu
14,encoder.layer.4.attention.self.key,Linear,0.3925,0.375,150994944.0,590592,0,41,0.3931,counter,"[1, 128, 768]","[1, 128, 768]",1214.89,0.0,0.375,cpu_perf_counter,cpu
14,encoder.layer.4.attention.self.value,Linear,0.3757,0.375,150994944.0,590592,0,42,0.3763,counter,"[1, 128, 768]","[1, 128, 768]",1214.89,0.0,0.375,cpu_perf_counter,cpu
14,encoder.layer.4.attention.output.dense,Linear,0.3819,0.375,150994944.0,590592,0,43,0.3825,counter,"[1, 128, 768]","[1, 128, 768]",1214.89,0.0,0.375,cpu_perf_counter,cpu
14,encoder.layer.4.attention.output.LayerNorm,LayerNorm,0.0295,0.375,491520.0,1536,0,44,0.0301,analytic,"[1, 128, 768]","[1, 128, 768]",1214.89,0.0,0.375,cpu_perf_counter,cpu
14,encoder.layer.4.intermediate.dense,Linear,1.6786,1.5,603979776.0,2362368,0,45,1.6792,counter,"[1, 128, 768]","[1, 128, 3072]",1214.89,0.0,1.5,cpu_perf_counter,cpu
14,encoder.layer.4.intermediate.intermediate_act_fn,GELUActivation,0.124,1.5,0.0,0,0,46,0.1246,none,"[1, 128, 3072]","[1, 128, 3072]",1214.89,0.0,1.5,cpu_perf_counter,cpu
14,encoder.layer.4.output.dense,Linear,1.4583,0.375,603979776.0,2360064,0,47,1.4589,counter,"[1, 128, 3072]","[1, 128, 768]",1214.89,0.0,0.375,cpu_perf_counter,cpu
14,encoder.layer.4.output.LayerNorm,LayerNorm,0.0556,0.375,491520.0,1536,0,48,0.0562,analytic,"[1, 128, 768]","[1, 128, 768]",1214.89,0.0,0.375,cpu_perf_counter,cpu
14,encoder.layer.5.attention.self.query,Linear,0.3888,0.375,150994944.0,590592,0,49,0.3894,counter,"[1, 128, 768]","[1, 128, 768]",1214.89,0.0,0.375,cpu_perf_counter,cpu
14,encoder.layer.5.attention.self.key,Linear,0.3707,0.375,150994944.0,590592,0,50,0.3713,counter,"[1, 128, 768]","[1, 128, 768]",1214.89,0.0,0.375,cpu_perf_counter,cpu
14,encoder.layer.5.attention.self.value,Linear,0.3671,0.375,150994944.0,590592,0,51,0.3677,counter,"[1, 128, 768]","[1, 128, 768]",1214.89,0.0,0.375,cpu_perf_counter,cpu
14,encoder.layer.5.attention.output.dense,Linear,0.3765,0.375,150994944.0,590592,0,52,0.3771,counter,"[1, 128, 768]","[1, 128, 768]",1214.89,0.0,0.375,cpu_perf_counter,cpu
14,encoder.layer.5.attention.output.LayerNorm,LayerNorm,0.0326,0.375,491520.0,1536,0,53,0.0332,analytic,"[1, 128, 768]","[1, 128, 768]",1214.89,0.0,0.375,cpu_perf_counter,cpu
14,encoder.layer.5.intermediate.dense,Linear,1.7774,1.5,603979776.0,2362368,0,54,1.778,counter,"[1, 128, 768]","[1, 128, 3072]",1214.89,0.0,1.5,cpu_perf_counter,cpu
14,encoder.layer.5.intermediate.intermediate_act_fn,GELUActivation,0.1465,1.5,0.0,0,0,55,0.1471,none,"[1, 128, 3072]","[1, 128, 3072]",1214.89,0.0,1.5,cpu_perf_counter,cpu
14,encoder.layer.5.output.dense,Linear,1.5322,0.375,603979776.0,2360064,0,56,1.5328,counter,"[1, 128, 3072]","[1, 128, 768]",1214.89,0.0,0.375,cpu_perf_counter,cpu
14,encoder.layer.5.output.LayerNorm,LayerNorm,0.0425,0.375,491520.0,1536,0,57,0.0431,analytic,"[1, 128, 768]","[1, 128, 768]",1214.89,0.0,0.375,cpu_perf_counter,cpu
14,encoder.layer.6.attention.self.query,Linear,0.3982,0.375,150994944.0,590592,0,58,0.3988,counter,"[1, 128, 768]","[1, 128, 768]",1214.89,0.0,0.375,cpu_perf_counter,cpu
14,encoder.layer.6.attention.self.key,Linear,0.3766,0.375,150994944.0,590592,0,59,0.3772,counter,"[1, 128, 768]","[1, 128, 768]",1214.89,0.0,0.375,cpu_perf_counter,cpu
14,encoder.layer.6.attention.self.value,Linear,0.3691,0.375,150994944.0,590592,0,60,0.3697,counter,"[1, 128, 768]","[1, 128, 768]",1214.89,0.0,0.375,cpu_perf_counter,cpu
14,encoder.layer.6.attention.output.dense,Linear,0.3828,0.375,150994944.0,590592,0,61,0.3834,counter,"[1, 128, 768]","[1, 128, 768]",1214.89,0.0,0.375,cpu_perf_counter,cpu
14,encoder.layer.6.attention.output.LayerNorm,LayerNorm,0.0297,0.375,491520.0,1536,0,62,0.0303,analytic,"[1, 128, 768]","[1, 128, 768]",1214.89,0.0,0.375,cpu_perf_counter,cpu
14,encoder.layer.6.intermediate.dense,Linear,1.7879,1.5,603979776.0,2362368,0,63,1.7885,counter,"[1, 128, 768]","[1, 128, 3072]",1214.89,0.0,1.5,cpu_perf_counter,cpu
14,encoder.layer.6.intermediate.intermediate_act_fn,GELUActivation,0.1465,1.5,0.0,0,0,64,0.1471,none,"[1, 128, 3072]","[1, 128, 3072]",1214.89,0.0,1.5,cpu_perf_counter,cpu
14,encoder.layer.6.output.dense,Linear,1.4678,0.375,603979776.0,2360064,0,65,1.4684,counter,"[1, 128, 3072]","[1, 128, 768]",1214.89,0.0,0.375,cpu_perf_counter,cpu
14,encoder.layer.6.output.LayerNorm,LayerNorm,0.0399,0.375,491520.0,1536,0,66,0.0405,analytic,"[1, 128, 768]","[1, 128, 768]",1214.89,0.0,0.375,cpu_perf_counter,cpu
14,encoder.layer.7.attention.self.query,Linear,0.3913,0.375,150994944.0,590592,0,67,0.3919,counter,"[1, 128, 768]","[1, 128, 768]",1214.89,0.0,0.375,cpu_perf_counter,cpu
14,encoder.layer.7.attention.self.key,Linear,0.3787,0.375,150994944.0,590592,0,68,0.3793,counter,"[1, 128, 768]","[1, 128, 768]",1214.89,0.0,0.375,cpu_perf_counter,cpu
14,encoder.layer.7.attention.self.value,Linear,0.3754,0.375,150994944.0,590592,0,69,0.376,counter,"[1, 128, 768]","[1, 128, 768]",1214.89,0.0,0.375,cpu_perf_counter,cpu
14,encoder.layer.7.attention.output.dense,Linear,0.3746,0.375,150994944.0,590592,0,70,0.3752,counter,"[1, 128, 768]","[1, 128, 768]",1214.89,0.0,0.375,cpu_perf_counter,cpu
14,encoder.layer.7.attention.output.LayerNorm,LayerNorm,0.0271,0.375,491520.0,1536,0,71,0.0277,analytic,"[1, 128, 768]","[1, 128, 768]",1214.89,0.0,0.375,cpu_perf_counter,cpu
14,encoder.layer.7.intermediate.dense,Linear,1.7448,1.5,603979776.0,2362368,0,72,1.7454,counter,"[1, 128, 768]","[1, 128, 3072]",1214.89,0.0,1.5,cpu_perf_counter,cpu
14,encoder.layer.7.intermediate.intermediate_act_fn,GELUActivation,0.1269,1.5,0.0,0,0,73,0.1275,none,"[1, 128, 3072]","[1, 128, 3072]",1214.89,0.0,1.5,cpu_perf_counter,cpu
14,encoder.layer.7.output.dense,Linear,1.4815,0.375,603979776.0,2360064,0,74,1.4821,counter,"[1, 128, 3072]","[1, 128, 768]",1214.89,0.0,0.375,cpu_perf_counter,cpu
14,encoder.layer.7.output.LayerNorm,LayerNorm,0.045,0.375,491520.0,1536,0,75,0.0456,analytic,"[1, 128, 768]","[1, 128, 768]",1214.89,0.0,0.375,cpu_perf_counter,cpu
14,encoder.layer.8.attention.self.query,Linear,0.389,0.375,150994944.0,590592,0,76,0.3896,counter,"[1, 128, 768]","[1, 128, 768]",1214.89,0.0,0.375,cpu_perf_counter,cpu
14,encoder.layer.8.attention.self.key,Linear,0.3768,0.375,150994944.0,590592,0,77,0.3774,counter,"[1, 128, 768]","[1, 128, 768]",1214.89,0.0,0.375,cpu_perf_counter,cpu
14,encoder.layer.8.attention.self.value,Linear,0.378,0.375,150994944.0,590592,0,78,0.3786,counter,"[1, 128, 768]","[1, 128, 768]",1214.89,0.0,0.375,cpu_perf_counter,cpu
14,encoder.layer.8.attention.output.dense,Linear,0.3844,0.375,150994944.0,590592,0,79,0.385,counter,"[1, 128, 768]","[1, 128, 768]",1214.89,0.0,0.375,cpu_perf_counter,cpu
14,encoder.layer.8.attention.output.LayerNorm,LayerNorm,0.031,0.375,491520.0,1536,0,80,0.0316,analytic,"[1, 128, 768]","[1, 128, 768]",1214.89,0.0,0.375,cpu_perf_counter,cpu
14,encoder.layer.8.intermediate.dense,Linear,1.797,1.5,603979776.0,2362368,0,81,1.7976,counter,"[1, 128, 768]","[1, 128, 3072]",1214.89,0.0,1.5,cpu_perf_counter,cpu
14,encoder.layer.8.intermediate.intermediate_act_fn,GELUActivation,0.1273,1.5,0.0,0,0,82,0.1279,none,"[1, 128, 3072]","[1, 128, 3072]",1214.89,0.0,1.5,cpu_perf_counter,cpu
14,encoder.layer.8.output.dense,Linear,1.5001,0.375,603979776.0,2360064,0,83,1.5007,counter,"[1, 128, 3072]","[1, 128, 768]",1214.89,0.0,0.375,cpu_perf_counter,cpu
14,encoder.layer.8.output.LayerNorm,LayerNorm,0.0412,0.375,491520.0,1536,0,84,0.0418,analytic,"[1, 128, 768]","[1, 128, 768]",1214.89,0.0,0.375,cpu_perf_counter,cpu
14,encoder.layer.9.attention.self.query,Linear,0.4069,0.375,150994944.0,590592,0,85,0.4075,counter,"[1, 128, 768]","[1, 128, 768]",1214.89,0.0,0.375,cpu_perf_counter,cpu
14,encoder.layer.9.attention.self.key,Linear,0.382,0.375,150994944.0,590592,0,86,0.3826,counter,"[1, 128, 768]","[1, 128, 768]",1214.89,0.0,0.375,cpu_perf_counter,cpu
14,encoder.layer.9.attention.self.value,Linear,0.3689,0.375,150994944.0,590592,0,87,0.3695,counter,"[1, 128, 768]","[1, 128, 768]",1214.89,0.0,0.375,cpu_perf_counter,cpu
14,encoder.layer.9.attention.output.dense,Linear,0.372,0.375,150994944.0,590592,0,88,0.3726,counter,"[1, 128, 768]","[1, 128, 768]",1214.89,0.0,0.375,cpu_perf_counter,cpu
14,encoder.layer.9.attention.output.LayerNorm,LayerNorm,0.0298,0.375,491520.0,1536,0,89,0.0304,analytic,"[1, 128, 768]","[1, 128, 768]",1214.89,0.0,0.375,cpu_perf_counter,cpu
14,encoder.layer.9.intermediate.dense,Linear,1.8323,1.5,603979776.0,2362368,0,90,1.8329,counter,"[1, 128, 768]","[1, 128, 3072]",1214.89,0.0,1.5,cpu_perf_counter,cpu
14,encoder.layer.9.intermediate.intermediate_act_fn,GELUActivation,0.1301,1.5,0.0,0,0,91,0.1307,none,"[1, 128, 3072]","[1, 128, 3072]",1214.89,0.0,1.5,cpu_perf_counter,cpu
14,encoder.layer.9.output.dense,Linear,1.4675,0.375,603979776.0,2360064,0,92,1.4681,counter,"[1, 128, 3072]","[1, 128, 768]",1214.89,0.0,0.375,cpu_perf_counter,cpu
14,encoder.layer.9.output.LayerNorm,LayerNorm,0.0401,0.375,491520.0,1536,0,93,0.0407,analytic,"[1, 128, 768]","[1, 128, 768]",1214.89,0.0,0.375,cpu_perf_counter,cpu
14,encoder.layer.10.attention.self.query,Linear,0.3832,0.375,150994944.0,590592,0,94,0.3838,counter,"[1, 128, 768]","[1, 128, 768]",1214.89,0.0,0.375,cpu_perf_counter,cpu
14,encoder.layer.10.attention.self.key,Linear,0.365,0.375,150994944.0,590592,0,95,0.3656,counter,"[1, 128, 768]","[1, 128, 768]",1214.89,0.0,0.375,cpu_perf_counter,cpu
14,encoder.layer.10.attention.self.value,Linear,0.3713,0.375,150994944.0,590592,0,96,0.3719,counter,"[1, 128, 768]","[1, 128, 768]",1214.89,0.0,0.375,cpu_perf_counter,cpu
14,encoder.layer.10.attention.output.dense,Linear,0.3841,0.375,150994944.0,590592,0,97,0.3847,counter,"[1, 128, 768]","[1, 128, 768]",1214.89,0.0,0.375,cpu_perf_counter,cpu
14,encoder.layer.10.attention.output.LayerNorm,LayerNorm,0.0318,0.375,491520.0,1536,0,98,0.0324,analytic,"[1, 128, 768]","[1, 128, 768]",1214.89,0.0,0.375,cpu_perf_counter,cpu
14,encoder.layer.10.intermediate.dense,Linear,1.8258,1.5,603979776.0,2362368,0,99,1.8264,counter,"[1, 128, 768]","[1, 128, 3072]",1214.89,0.0,1.5,cpu_perf_counter,cpu
14,encoder.layer.10.intermediate.intermediate_act_fn,GELUActivation,0.1278,1.5,0.0,0,0,100,0.1284,none,"[1, 128, 3072]","[1, 128, 3072]",1214.89,0.0,1.5,cpu_perf_counter,cpu
14,encoder.layer.10.output.dense,Linear,1.4554,0.375,603979776.0,2360064,0,101,1.456,counter,"[1, 128, 3072]","[1, 128, 768]",1214.89,0.0,0.375,cpu_perf_counter,cpu
14,encoder.layer.10.output.LayerNorm,LayerNorm,0.0403,0.375,491520.0,1536,0,102,0.0409,analytic,"[1, 128, 768]","[1, 128, 768]",1214.89,0.0,0.375,cpu_perf_counter,cpu
14,encoder.layer.11.attention.self.query,Linear,0.381,0.375,150994944.0,590592,0,103,0.3816,counter,"[1, 128, 768]","[1, 128, 768]",1214.89,0.0,0.375,cpu_perf_counter,cpu
14,encoder.layer.11.attention.self.key,Linear,0.3726,0.375,150994944.0,590592,0,104,0.3732,counter,"[1, 128, 768]","[1, 128, 768]",1214.89,0.0,0.375,cpu_perf_counter,cpu
14,encoder.layer.11.attention.self.value,Linear,0.3878,0.375,150994944.0,590592,0,105,0.3884,counter,"[1, 128, 768]","[1, 128, 768]",1214.89,0.0,0.375,cpu_perf_counter,cpu
14,encoder.layer.11.attention.output.dense,Linear,0.3805,0.375,150994944.0,590592,0,106,0.3811,counter,"[1, 128, 768]","[1, 128, 768]",1214.89,0.0,0.375,cpu_perf_counter,cpu
14,encoder.layer.11.attention.output.LayerNorm,LayerNorm,0.0307,0.375,491520.0,1536,0,107,0.0313,analytic,"[1, 128, 768]","[1, 128, 768]",1214.89,0.0,0.375,cpu_perf_counter,cpu
14,encoder.layer.11.intermediate.dense,Linear,1.7055,1.5,603979776.0,2362368,0,108,1.7061,counter,"[1, 128, 768]","[1, 128, 3072]",1214.89,0.0,1.5,cpu_perf_counter,cpu
14,encoder.layer.11.intermediate.intermediate_act_fn,GELUActivation,0.122,1.5,0.0,0,0,109,0.1226,none,"[1, 128, 3072]","[1, 128, 3072]",1214.89,0.0,1.5,cpu_perf_counter,cpu
14,encoder.layer.11.output.dense,Linear,1.5072,0.375,603979776.0,2360064,0,110,1.5078,counter,"[1, 128, 3072]","[1, 128, 768]",1214.89,0.0,0.375,cpu_perf_counter,cpu
14,encoder.layer.11.output.LayerNorm,LayerNorm,0.0392,0.375,491520.0,1536,0,111,0.0398,analytic,"[1, 128, 768]","[1, 128, 768]",1214.89,0.0,0.375,cpu_perf_counter,cpu
14,pooler.dense,Linear,0.1415,0.00293,1179648.0,590592,0,112,0.1421,counter,"[1, 768]","[1, 768]",1214.89,0.0,0.003,cpu_perf_counter,cpu
14,pooler.activation,Tanh,0.0162,0.00293,3072.0,0,0,113,0.0168,analytic,"[1, 768]","[1, 768]",1214.89,0.0,0.003,cpu_perf_counter,cpu
15,embeddings.word_embeddings,Embedding,0.0562,0.375,0.0,23440896,0,0,0.0568,none,"[1, 128]","[1, 128, 768]",1214.89,0.0,0.375,cpu_perf_counter,cpu
15,embeddings.token_type_embeddings,Embedding,0.0211,0.375,0.0,1536,0,1,0.0217,none,"[1, 128]","[1, 128, 768]",1214.89,0.0,0.375,cpu_perf_counter,cpu
15,embeddings.position_embeddings,Embedding,0.0222,0.375,0.0,393216,0,2,0.0228,none,"[1, 128]","[1, 128, 768]",1214.89,0.0,0.375,cpu_perf_counter,cpu
15,embeddings.LayerNorm,LayerNorm,0.0284,0.375,491520.0,1536,0,3,0.029,analytic,"[1, 128, 768]","[1, 128, 768]",1214.89,0.0,0.375,cpu_perf_counter,cpu
15,encoder.layer.0.attention.self.query,Linear,0.3893,0.375,150994944.0,590592,0,4,0.3899,counter,"[1, 128, 768]","[1, 128, 768]",1214.89,0.0,0.375,cpu_perf_counter,cpu
15,encoder.layer.0.attention.self.key,Linear,0.3586,0.375,150994944.0,590592,0,5,0.3592,counter,"[1, 128, 768]","[1, 128, 768]",1214.89,0.0,0.375,cpu_perf_counter,cpu
15,encoder.layer.0.attention.self.value,Linear,0.3642,0.375,150994944.0,590592,0,6,0.3648,counter,"[1, 128, 768]","[1, 128, 768]",1214.89,0.0,0.375,cpu_perf_counter,cpu
15,encoder.layer.0.attention.output.dense,Linear,0.3768,0.375,150994944.0,590592,0,7,0.3774,counter,"[1, 128, 768]","[1, 128, 768]",1214.89,0.0,0.375,cpu_perf_counter,cpu
15,encoder.layer.0.attention.output.LayerNorm,LayerNorm,0.0292,0.375,491520.0,1536,0,8,0.0298,analytic,"[1, 128, 768]","[1, 128, 768]",1214.89,0.0,0.375,cpu_perf_counter,cpu
15,encoder.layer.0.intermediate.dense,Linear,1.7539,1.5,603979776.0,2362368,0,9,1.7545,counter,"[1, 128, 768]","[1, 128, 3072]",1214.89,0.0,1.5,cpu_perf_counter,cpu
15,encoder.layer.0.intermediate.intermediate_act_fn,GELUActivation,0.1342,1.5,0.0,0,0,10,0.1348,none,"[1, 128, 3072]","[1, 128, 3072]",1214.89,0.0,1.5,cpu_perf_counter,cpu
15,encoder.layer.0.output.dense,Linear,1.4521,0.375,603979776.0,2360064,0,11,1.4527,counter,"[1, 128, 3072]","[1, 128, 768]",1214.89,0.0,0.375,cpu_perf_counter,cpu
15,encoder.layer.0.output.LayerNorm,LayerNorm,0.0403,0.375,491520.0,1536,0,12,0.0409,analytic,"[1, 128, 768]","[1, 128, 768]",1214.89,0.0,0.375,cpu_perf_counter,cpu
15,encoder.layer.1.attention.self.query,Linear,0.4043,0.375,150994944.0,590592,0,13,0.4049,counter,"[1, 128, 768]","[1, 128, 768]",1214.89,0.0,0.375,cpu_perf_counter,cpu
15,encoder.layer.1.attention.self.key,Linear,0.3636,0.375,150994944.0,590592,0,14,0.3642,counter,"[1, 128, 768]","[1, 128, 768]",1214.89,0.0,0.375,cpu_perf_counter,cpu
15,encoder.layer.1.attention.self.value,Linear,0.3627,0.375,150994944.0,590592,0,15,0.3633,counter,"[1, 128, 768]","[1, 128, 768]",1214.89,0.0,0.375,cpu_perf_counter,cpu
15,encoder.layer.1.attention.output.dense,Linear,0.3721,0.375,150994944.0,590592,0,16,0.3727,counter,"[1, 128, 768]","[1, 128, 768]",1214.89,0.0,0.375,cpu_perf_counter,cpu
15,encoder.layer.1.attention.output.LayerNorm,LayerNorm,0.0293,0.375,491520.0,1536,0,17,0.0299,analytic,"[1, 128, 768]","[1, 128, 768]",1214.89,0.0,0.375,cpu_perf_counter,cpu
15,encoder.layer.1.intermediate.dense,Linear,1.7733,1.5,603979776.0,2362368,0,18,1.7739,counter,"[1, 128, 768]","[1, 128, 3072]",1214.89,0.0,1.5,cpu_perf_counter,cpu
15,encoder.layer.1.intermediate.intermediate_act_fn,GELUActivation,0.151,1.5,0.0,0,0,19,0.1516,none,"[1, 128, 3072]","[1, 128, 3072]",1214.89,0.0,1.5,cpu_perf_counter,cpu
15,encoder.layer.1.output.dense,Linear,1.5098,0.375,603979776.0,2360064,0,20,1.5104,counter,"[1, 128, 3072]","[1, 128, 768]",1214.89,0.0,0.375,cpu_perf_counter,cpu
15,encoder.layer.1.output.LayerNorm,LayerNorm,0.0432,0.375,491520.0,1536,0,21,0.0438,analytic,"[1, 128, 768]","[1, 128, 768]",1214.89,0.0,0.375,cpu_perf_counter,cpu
15,encoder.layer.2.attention.self.query,Linear,0.3915,0.375,150994944.0,590592,0,22,0.3921,counter,"[1, 128, 768]","[1, 128, 768]",1214.89,0.0,0.375,cpu_perf_counter,cpu
15,encoder.layer.2.attention.self.key,Linear,0.3836,0.375,150994944.0,590592,0,23,0.3842,counter,"[1, 128, 768]","[1, 128, 768]",1214.89,0.0,0.375,cpu_perf_counter,cpu
15,encoder.layer.2.attention.self.value,Linear,0.3748,0.375,150994944.0,590592,0,24,0.3754,counter,"[1, 128, 768]","[1, 128, 768]",1214.89,0.0,0.375,cpu_perf_counter,cpu
15,encoder.layer.2.attention.output.dense,Linear,0.3765,0.375,150994944.0,590592,0,25,0.3771,counter,"[1, 128, 768]","[1, 128, 768]",1214.89,0.0,0.375,cpu_perf_counter,cpu
15,encoder.layer.2.attention.output.LayerNorm,LayerNorm,0.0288,0.375,491520.0,1536,0,26,0.0294,analytic,"[1, 128, 768]","[1, 128, 768]",1214.89,0.0,0.375,cpu_perf_counter,cpu
15,encoder.layer.2.intermediate.dense,Linear,1.7468,1.5,603979776.0,2362368,0,27,1.7474,counter,"[1, 128, 768]","[1, 128, 3072]",1214.89,0.0,1.5,cpu_perf_counter,cpu
15,encoder.layer.2.intermediate.intermediate_act_fn,GELUActivation,0.1404,1.5,0.0,0,0,28,0.141,none,"[1, 128, 3072]","[1, 128, 3072]",1214.89,0.0,1.5,cpu_perf_counter,cpu
15,encoder.layer.2.output.dense,Linear,1.4804,0.375,603979776.0,2360064,0,29,1.481,counter,"[1, 128, 3072]","[1, 128, 768]",1214.89,0.0,0.375,cpu_perf_counter,cpu
15,encoder.layer.2.output.LayerNorm,LayerNorm,0.0421,0.375,491520.0,1536,0,30,0.0427,analytic,"[1, 128, 768]","[1, 128, 768]",1214.89,0.0,0.375,cpu_perf_counter,cpu
15,encoder.layer.3.attention.self.query,Linear,0.3889,0.375,150994944.0,590592,0,31,0.3895,counter,"[1, 128, 768]","[1, 128, 768]",1214.89,0.0,0.375,cpu_perf_counter,cpu
15,encoder.layer.3.attention.self.key,Linear,0.3752,0.375,150994944.0,590592,0,32,0.3758,counter,"[1, 128, 768]","[1, 128, 768]",1214.89,0.0,0.375,cpu_perf_counter,cpu
15,encoder.layer.3.attention.self.value,Linear,0.3856,0.375,150994944.0,590592,0,33,0.3862,counter,"[1, 128, 768]","[1, 128, 768]",1214.89,0.0,0.375,cpu_perf_counter,cpu
15,encoder.layer.3.attention.output.dense,Linear,0.3833,0.375,150994944.0,590592,0,34,0.3839,counter,"[1, 128, 768]","[1, 128, 768]",1214.89,0.0,0.375,cpu_perf_counter,cpu
15,encoder.layer.3.attention.output.LayerNorm,LayerNorm,0.0285,0.375,491520.0,1536,0,35,0.0291,analytic,"[1, 128, 768]","[1, 128, 768]",1214.89,0.0,0.375,cpu_perf_counter,cpu
15,encoder.layer.3.intermediate.dense,Linear,1.7553,1.5,603979776.0,2362368,0,36,1.7559,counter,"[1, 128, 768]","[1, 128, 3072]",1214.89,0.0,1.5,cpu_perf_counter,cpu
15,encoder.layer.3.intermediate.intermediate_act_fn,GELUActivation,0.1326,1.5,0.0,0,0,37,0.1332,none,"[1, 128, 3072]","[1, 128, 3072]",1214.89,0.0,1.5,cpu_perf_counter,cpu
15,encoder.layer.3.output.dense,Linear,1.4644,0.375,603979776.0,2360064,0,38,1.465,counter,"[1, 128, 3072]","[1, 128, 768]",1214.89,0.0,0.375,cpu_perf_counter,cpu
15,encoder.layer.3.output.LayerNorm,LayerNorm,0.0381,0.375,491520.0,1536,0,39,0.0387,analytic,"[1, 128, 768]","[1, 128, 768]",1214.89,0.0,0.375,cpu_perf_counter,cpu
15,encoder.layer.4.attention.self.query,Linear,0.3799,0.375,150994944.0,590592,0,40,0.3805,counter,"[1, 128, 768]","[1, 128, 768]",1214.89,0.0,0.375,cpu_perf_counter,cpu
15,encoder.layer.4.attention.self.key,Linear,0.3736,0.375,150994944.0,590592,0,41,0.3742,counter,"[1, 128, 768]","[1, 128, 768]",1214.89,0.0,0.375,cpu_perf_counter,cpu
15,encoder.layer.4.attention.self.value,Linear,0.368,0.375,150994944.0,590592,0,42,0.3686,counter,"[1, 128, 768]","[1, 128, 768]",1214.89,0.0,0.375,cpu_perf_counter,cpu
15,encoder.layer.4.attention.output.dense,Linear,0.4042,0.375,150994944.0,590592,0,43,0.4048,counter,"[1, 128, 768]","[1, 128, 768]",1214.89,0.0,0.375,cpu_perf_counter,cpu
15,encoder.layer.4.attention.output.LayerNorm,LayerNorm,0.0313,0.375,491520.0,1536,0,44,0.0319,analytic,"[1, 128, 768]","[1, 128, 768]",1214.89,0.0,0.375,cpu_perf_counter,cpu
15,encoder.layer.4.intermediate.dense,Linear,1.8084,1.5,603979776.0,2362368,0,45,1.809,counter,"[1, 128, 768]","[1, 128, 3072]",1214.89,0.0,1.5,cpu_perf_counter,cpu
15,encoder.layer.4.intermediate.intermediate_act_fn,GELUActivation,0.1315,1.5,0.0,0,0,46,0.1321,none,"[1, 128, 3072]","[1, 128, 3072]",1214.89,0.0,1.5,cpu_perf_counter,cpu
15,encoder.layer.4.output.dense,Linear,1.4596,0.375,603979776.0,2360064,0,47,1.4602,counter,"[1, 128, 3072]","[1, 128, 768]",1214.89,0.0,0.375,cpu_perf_counter,cpu
15,encoder.layer.4.output.LayerNorm,LayerNorm,0.0406,0.375,491520.0,1536,0,48,0.0412,analytic,"[1, 128, 768]","[1, 128, 768]",1214.89,0.0,0.375,cpu_perf_counter,cpu
15,encoder.layer.5.attention.self.query,Linear,0.399,0.375,150994944.0,590592,0,49,0.3996,counter,"[1, 128, 768]","[1, 128, 768]",1214.89,0.0,0.375,cpu_perf_counter,cpu
15,encoder.layer.5.attention.self.key,Linear,0.3738,0.375,150994944.0,590592,0,50,0.3744,counter,"[1, 128, 768]","[1, 128, 768]",1214.89,0.0,0.375,cpu_perf_counter,cpu
15,encoder.layer.5.attention.self.value,Linear,0.3778,0.375,150994944.0,590592,0,51,0.3784,counter,"[1, 128, 768]","[1, 128, 768]",1214.89,0.0,0.375,cpu_perf_counter,cpu
15,encoder.layer.5.attention.output.dense,Linear,0.3807,0.375,150994944.0,590592,0,52,0.3813,counter,"[1, 128, 768]","[1, 128, 768]",1214.89,0.0,0.375,cpu_perf_counter,cpu
15,encoder.layer.5.attention.output.LayerNorm,LayerNorm,0.0299,0.375,491520.0,1536,0,53,0.0305,analytic,"[1, 128, 768]","[1, 128, 768]",1214.89,0.0,0.375,cpu_perf_counter,cpu
15,encoder.layer.5.intermediate.dense,Linear,1.8214,1.5,603979776.0,2362368,0,54,1.822,counter,"[1, 128, 768]","[1, 128, 3072]",1214.89,0.0,1.5,cpu_perf_counter,cpu
15,encoder.layer.5.intermediate.intermediate_act_fn,GELUActivation,0.1436,1.5,0.0,0,0,55,0.1442,none,"[1, 128, 3072]","[1, 128, 3072]",1214.89,0.0,1.5,cpu_perf_counter,cpu
15,encoder.layer.5.output.dense,Linear,1.5012,0.375,603979776.0,2360064,0,56,1.5018,counter,"[1, 128, 3072]","[1, 128, 768]",1214.89,0.0,0.375,cpu_perf_counter,cpu
15,encoder.layer.5.output.LayerNorm,LayerNorm,0.0392,0.375,491520.0,1536,0,57,0.0398,analytic,"[1, 128, 768]","[1, 128, 768]",1214.89,0.0,0.375,cpu_perf_counter,cpu
15,encoder.layer.6.attention.self.query,Linear,0.3828,0.375,150994944.0,590592,0,58,0.3834,counter,"[1, 128, 768]","[1, 128, 768]",1214.89,0.0,0.375,cpu_perf_counter,cpu
15,encoder.layer.6.attention.self.key,Linear,0.3736,0.375,150994944.0,590592,0,59,0.3742,counter,"[1, 128, 768]","[1, 128, 768]",1214.89,0.0,0.375,cpu_perf_counter,cpu
15,encoder.layer.6.attention.self.value,Linear,0.3674,0.375,150994944.0,590592,0,60,0.368,counter,"[1, 128, 768]","[1, 128, 768]",1214.89,0.0,0.375,cpu_perf_counter,cpu
15,encoder.layer.6.attention.output.dense,Linear,0.3796,0.375,150994944.0,590592,0,61,0.3802,counter,"[1, 128, 768]","[1, 128, 768]",1214.89,0.0,0.375,cpu_perf_counter,cpu
15,encoder.layer.6.attention.output.LayerNorm,LayerNorm,0.0293,0.375,491520.0,1536,0,62,0.0299,analytic,"[1, 128, 768]","[1, 128, 768]",1214.89,0.0,0.375,cpu_perf_counter,cpu
15,encoder.layer.6.intermediate.dense,Linear,1.7233,1.5,603979776.0,2362368,0,63,1.7239,counter,"[1, 128, 768]","[1, 128, 3072]",1214.89,0.0,1.5,cpu_perf_counter,cpu
15,encoder.layer.6.intermediate.intermediate_act_fn,GELUActivation,0.1299,1.5,0.0,0,0,64,0.1305,none,"[1, 128, 3072]","[1, 128, 3072]",1214.89,0.0,1.5,cpu_perf_counter,cpu
15,encoder.layer.6.output.dense,Linear,1.5631,0.375,603979776.0,2360064,0,65,1.5637,counter,"[1, 128, 3072]","[1, 128, 768]",1214.89,0.0,0.375,cpu_perf_counter,cpu
15,encoder.layer.6.output.LayerNorm,LayerNorm,0.0475,0.375,491520.0,1536,0,66,0.0481,analytic,"[1, 128, 768]","[1, 128, 768]",1214.89,0.0,0.375,cpu_perf_counter,cpu
15,encoder.layer.7.attention.self.query,Linear,0.4234,0.375,150994944.0,590592,0,67,0.424,counter,"[1, 128, 768]","[1, 128, 768]",1214.89,0.0,0.375,cpu_perf_counter,cpu
15,encoder.layer.7.attention.self.key,Linear,0.3982,0.375,150994944.0,590592,0,68,0.3988,counter,"[1, 128, 768]","[1, 128, 768]",1214.89,0.0,0.375,cpu_perf_counter,cpu
15,encoder.layer.7.attention.self.value,Linear,0.3934,0.375,150994944.0,590592,0,69,0.394,counter,"[1, 128, 768]","[1, 128, 768]",1214.89,0.0,0.375,cpu_perf_counter,cpu
15,encoder.layer.7.attention.output.dense,Linear,0.3965,0.375,150994944.0,590592,0,70,0.3971,counter,"[1, 128, 768]","[1, 128, 768]",1214.89,0.0,0.375,cpu_perf_counter,cpu
15,encoder.layer.7.attention.output.LayerNorm,LayerNorm,0.0345,0.375,491520.0,1536,0,71,0.0351,analytic,"[1, 128, 768]","[1, 128, 768]",1214.89,0.0,0.375,cpu_perf_counter,cpu
15,encoder.layer.7.intermediate.dense,Linear,1.8627,1.5,603979776.0,2362368,0,72,1.8633,counter,"[1, 128, 768]","[1, 128, 3072]",1214.89,0.0,1.5,cpu_perf_counter,cpu
15,encoder.layer.7.intermediate.intermediate_act_fn,GELUActivation,0.1473,1.5,0.0,0,0,73,0.1479,none,"[1, 128, 3072]","[1, 128, 3072]",1214.89,0.0,1.5,cpu_perf_counter,cpu
15,encoder.layer.7.output.dense,Linear,1.6641,0.375,603979776.0,2360064,0,74,1.6647,counter,"[1, 128, 3072]","[1, 128, 768]",1214.89,0.0,0.375,cpu_perf_counter,cpu
15,encoder.layer.7.output.LayerNorm,LayerNorm,0.0468,0.375,491520.0,1536,0,75,0.0474,analytic,"[1, 128, 768]","[1, 128, 768]",1214.89,0.0,0.375,cpu_perf_counter,cpu
15,encoder.layer.8.attention.self.query,Linear,0.4151,0.375,150994944.0,590592,0,76,0.4157,counter,"[1, 128, 768]","[1, 128, 768]",1214.89,0.0,0.375,cpu_perf_counter,cpu
15,encoder.layer.8.attention.self.key,Linear,0.3869,0.375,150994944.0,590592,0,77,0.3875,counter,"[1, 128, 768]","[1, 128, 768]",1214.89,0.0,0.375,cpu_perf_counter,cpu
15,encoder.layer.8.attention.self.value,Linear,0.3977,0.375,150994944.0,590592,0,78,0.3983,counter,"[1, 128, 768]","[1, 128, 768]",1214.89,0.0,0.375,cpu_perf_counter,cpu
15,encoder.layer.8.attention.output.dense,Linear,0.3978,0.375,150994944.0,590592,0,79,0.3984,counter,"[1, 128, 768]","[1, 128, 768]",1214.89,0.0,0.375,cpu_perf_counter,cpu
15,encoder.layer.8.attention.output.LayerNorm,LayerNorm,0.0317,0.375,491520.0,1536,0,80,0.0323,analytic,"[1, 128, 768]","[1, 128, 768]",1214.89,0.0,0.375,cpu_perf_counter,cpu
15,encoder.layer.8.intermediate.dense,Linear,1.9548,1.5,603979776.0,2362368,0,81,1.9554,counter,"[1, 128, 768]","[1, 128, 3072]",1214.89,0.0,1.5,cpu_perf_counter,cpu
15,encoder.layer.8.intermediate.intermediate_act_fn,GELUActivation,0.1536,1.5,0.0,0,0,82,0.1542,none,"[1, 128, 3072]","[1, 128, 3072]",1214.89,0.0,1.5,cpu_perf_counter,cpu
15,encoder.layer.8.output.dense,Linear,1.6593,0.375,603979776.0,2360064,0,83,1.6599,counter,"[1, 128, 3072]","[1, 128, 768]",1214.89,0.0,0.375,cpu_perf_counter,cpu
15,encoder.layer.8.output.LayerNorm,LayerNorm,0.0459,0.375,491520.0,1536,0,84,0.0465,analytic,"[1, 128, 768]","[1, 128, 768]",1214.89,0.0,0.375,cpu_perf_counter,cpu
15,encoder.layer.9.attention.self.query,Linear,0.4101,0.375,150994944.0,590592,0,85,0.4107,counter,"[1, 128, 768]","[1, 128, 768]",1214.89,0.0,0.375,cpu_perf_counter,cpu
15,encoder.layer.9.attention.self.key,Linear,0.385,0.375,150994944.0,590592,0,86,0.3856,counter,"[1, 128, 768]","[1, 128, 768]",1214.89,0.0,0.375,cpu_perf_counter,cpu
15,encoder.layer.9.attention.self.value,Linear,0.3809,0.375,150994944.0,590592,0,87,0.3815,counter,"[1, 128, 768]","[1, 128, 768]",1214.89,0.0,0.375,cpu_perf_counter,cpu
15,encoder.layer.9.attention.output.dense,Linear,0.3995,0.375,150994944.0,590592,0,88,0.4001,counter,"[1, 128, 768]","[1, 128, 768]",1214.89,0.0,0.375,cpu_perf_counter,cpu
15,encoder.layer.9.attention.output.LayerNorm,LayerNorm,0.0332,0.375,491520.0,1536,0,89,0.0338,analytic,"[1, 128, 768]","[1, 128, 768]",1214.89,0.0,0.375,cpu_perf_counter,cpu
15,encoder.layer.9.intermediate.dense,Linear,1.8957,1.5,603979776.0,2362368,0,90,1.8963,counter,"[1, 128, 768]","[1, 128, 3072]",1214.89,0.0,1.5,cpu_perf_counter,cpu
15,encoder.layer.9.intermediate.intermediate_act_fn,GELUActivation,0.1376,1.5,0.0,0,0,91,0.1382,none,"[1, 128, 3072]","[1, 128, 3072]",1214.89,0.0,1.5,cpu_perf_counter,cpu
15,encoder.layer.9.output.dense,Linear,1.646,0.375,603979776.0,2360064,0,92,1.6466,counter,"[1, 128, 3072]","[1, 128, 768]",1214.89,0.0,0.375,cpu_perf_counter,cpu
15,encoder.layer.9.output.LayerNorm,LayerNorm,0.042,0.375,491520.0,1536,0,93,0.0426,analytic,"[1, 128, 768]","[1, 128, 768]",1214.89,0.0,0.375,cpu_perf_counter,cpu
15,encoder.layer.10.attention.self.query,Linear,0.3945,0.375,150994944.0,590592,0,94,0.3951,counter,"[1, 128, 768]","[1, 128, 768]",1214.89,0.0,0.375,cpu_perf_counter,cpu
15,encoder.layer.10.attention.self.key,Linear,0.3829,0.375,150994944.0,590592,0,95,0.3835,counter,"[1, 128, 768]","[1, 128, 768]",1214.89,0.0,0.375,cpu_perf_counter,cpu
15,encoder.layer.10.attention.self.value,Linear,0.3838,0.375,150994944.0,590592,0,96,0.3844,counter,"[1, 128, 768]","[1, 128, 768]",1214.89,0.0,0.375,cpu_perf_counter,cpu
15,encoder.layer.10.attention.output.dense,Linear,0.3912,0.375,150994944.0,590592,0,97,0.3918,counter,"[1, 128, 768]","[1, 128, 768]",1214.89,0.0,0.375,cpu_perf_counter,cpu
15,encoder.layer.10.attention.output.LayerNorm,LayerNorm,0.0276,0.375,491520.0,1536,0,98,0.0282,analytic,"[1, 128, 768]","[1, 128, 768]",1214.89,0.0,0.375,cpu_perf_counter,cpu
15,encoder.layer.10.intermediate.dense,Linear,1.8553,1.5,603979776.0,2362368,0,99,1.8559,counter,"[1, 128, 768]","[1, 128, 3072]",1214.89,0.0,1.5,cpu_perf_counter,cpu
15,encoder.layer.10.intermediate.intermediate_act_fn,GELUActivation,0.1307,1.5,0.0,0,0,100,0.1313,none,"[1, 128, 3072]","[1, 128, 3072]",1214.89,0.0,1.5,cpu_perf_counter,cpu
15,encoder.layer.10.output.dense,Linear,1.7132,0.375,603979776.0,2360064,0,101,1.7138,counter,"[1, 128, 3072]","[1, 128, 768]",1214.89,0.0,0.375,cpu_perf_counter,cpu
15,encoder.layer.10.output.LayerNorm,LayerNorm,0.0413,0.375,491520.0,1536,0,102,0.0419,analytic,"[1, 128, 768]","[1, 128, 768]",1214.89,0.0,0.375,cpu_perf_counter,cpu
15,encoder.layer.11.attention.self.query,Linear,0.3995,0.375,150994944.0,590592,0,103,0.4001,counter,"[1, 128, 768]","[1, 128, 768]",1214.89,0.0,0.375,cpu_perf_counter,cpu
15,encoder.layer.11.attention.self.key,Linear,0.3878,0.375,150994944.0,590592,0,104,0.3884,counter,"[1, 128, 768]","[1, 128, 768]",1214.89,0.0,0.375,cpu_perf_counter,cpu
15,encoder.layer.11.attention.self.value,Linear,0.385,0.375,150994944.0,590592,0,105,0.3856,counter,"[1, 128, 768]","[1, 128, 768]",1214.89,0.0,0.375,cpu_perf_counter,cpu
15,encoder.layer.11.attention.output.dense,Linear,0.388,0.375,150994944.0,590592,0,106,0.3886,counter,"[1, 128, 768]","[1, 128, 768]",1214.89,0.0,0.375,cpu_perf_counter,cpu
15,encoder.layer.11.attention.output.LayerNorm,LayerNorm,0.0323,0.375,491520.0,1536,0,107,0.0329,analytic,"[1, 128, 768]","[1, 128, 768]",1214.89,0.0,0.375,cpu_perf_counter,cpu
15,encoder.layer.11.intermediate.dense,Linear,1.7366,1.5,603979776.0,2362368,0,108,1.7372,counter,"[1, 128, 768]","[1, 128, 3072]",1214.89,0.0,1.5,cpu_perf_counter,cpu
15,encoder.layer.11.intermediate.intermediate_act_fn,GELUActivation,0.1224,1.5,0.0,0,0,109,0.123,none,"[1, 128, 3072]","[1, 128, 3072]",1214.89,0.0,1.5,cpu_perf_counter,cpu
15,encoder.layer.11.output.dense,Linear,1.7504,0.375,603979776.0,2360064,0,110,1.751,counter,"[1, 128, 3072]","[1, 128, 768]",1214.89,0.0,0.375,cpu_perf_counter,cpu
15,encoder.layer.11.output.LayerNorm,LayerNorm,0.0382,0.375,491520.0,1536,0,111,0.0388,analytic,"[1, 128, 768]","[1, 128, 768]",1214.89,0.0,0.375,cpu_perf_counter,cpu
15,pooler.dense,Linear,0.1208,0.00293,1179648.0,590592,0,112,0.1214,counter,"[1, 768]","[1, 768]",1214.89,0.0,0.003,cpu_perf_counter,cpu
15,pooler.activation,Tanh,0.0153,0.00293,3072.0,0,0,113,0.0159,analytic,"[1, 768]","[1, 768]",1214.89,0.0,0.003,cpu_perf_counter,cpu
16,embeddings.word_embeddings,Embedding,0.0484,0.375,0.0,23440896,0,0,0.049,none,"[1, 128]","[1, 128, 768]",1214.89,0.0,0.375,cpu_perf_counter,cpu
16,embeddings.token_type_embeddings,Embedding,0.019,0.375,0.0,1536,0,1,0.0196,none,"[1, 128]","[1, 128, 768]",1214.89,0.0,0.375,cpu_perf_counter,cpu
16,embeddings.position_embeddings,Embedding,0.0191,0.375,0.0,393216,0,2,0.0197,none,"[1, 128]","[1, 128, 768]",1214.89,0.0,0.375,cpu_perf_counter,cpu
16,embeddings.LayerNorm,LayerNorm,0.0242,0.375,491520.0,1536,0,3,0.0248,analytic,"[1, 128, 768]","[1, 128, 768]",1214.89,0.0,0.375,cpu_perf_counter,cpu
16,encoder.layer.0.attention.self.query,Linear,0.3825,0.375,150994944.0,590592,0,4,0.3831,counter,"[1, 128, 768]","[1, 128, 768]",1214.89,0.0,0.375,cpu_perf_counter,cpu
16,encoder.layer.0.attention.self.key,Linear,0.3643,0.375,150994944.0,590592,0,5,0.3649,counter,"[1, 128, 768]","[1, 128, 768]",1214.89,0.0,0.375,cpu_perf_counter,cpu
16,encoder.layer.0.attention.self.value,Linear,0.3676,0.375,150994944.0,590592,0,6,0.3682,counter,"[1, 128, 768]","[1, 128, 768]",1214.89,0.0,0.375,cpu_perf_counter,cpu
16,encoder.layer.0.attention.output.dense,Linear,0.3755,0.375,150994944.0,590592,0,7,0.3761,counter,"[1, 128, 768]","[1, 128, 768]",1214.89,0.0,0.375,cpu_perf_counter,cpu
16,encoder.layer.0.attention.output.LayerNorm,LayerNorm,0.0252,0.375,491520.0,1536,0,8,0.0258,analytic,"[1, 128, 768]","[1, 128, 768]",1214.89,0.0,0.375,cpu_perf_counter,cpu
16,encoder.layer.0.intermediate.dense,Linear,1.8084,1.5,603979776.0,2362368,0,9,1.809,counter,"[1, 128, 768]","[1, 128, 3072]",1214.89,0.0,1.5,cpu_perf_counter,cpu
16,encoder.layer.0.intermediate.intermediate_act_fn,GELUActivation,0.1355,1.5,0.0,0,0,10,0.1361,none,"[1, 128, 3072]","[1, 128, 3072]",1214.89,0.0,1.5,cpu_perf_counter,cpu
16,encoder.layer.0.output.dense,Linear,1.6356,0.375,603979776.0,2360064,0,11,1.6362,counter,"[1, 128, 3072]","[1, 128, 768]",1214.89,0.0,0.375,cpu_perf_counter,cpu
16,encoder.layer.0.output.LayerNorm,LayerNorm,0.0418,0.375,491520.0,1536,0,12,0.0424,analytic,"[1, 128, 768]","[1, 128, 768]",1214.89,0.0,0.375,cpu_perf_counter,cpu
16,encoder.layer.1.attention.self.query,Linear,0.4098,0.375,150994944.0,590592,0,13,0.4104,counter,"[1, 128, 768]","[1, 128, 768]",1214.89,0.0,0.375,cpu_perf_counter,cpu
16,encoder.layer.1.attention.self.key,Linear,0.3646,0.375,150994944.0,590592,0,14,0.3652,counter,"[1, 128, 768]","[1, 128, 768]",1214.89,0.0,0.375,cpu_perf_counter,cpu
16,encoder.layer.1.attention.self.value,Linear,0.3717,0.375,150994944.0,590592,0,15,0.3723,counter,"[1, 128, 768]","[1, 128, 768]",1214.89,0.0,0.375,cpu_perf_counter,cpu
16,encoder.layer.1.attention.output.dense,Linear,0.3838,0.375,150994944.0,590592,0,16,0.3844,counter,"[1, 128, 768]","[1, 128, 768]",1214.89,0.0,0.375,cpu_perf_counter,cpu
16,encoder.layer.1.attention.output.LayerNorm,LayerNorm,0.0299,0.375,491520.0,1536,0,17,0.0305,analytic,"[1, 128, 768]","[1, 128, 768]",1214.89,0.0,0.375,cpu_perf_counter,cpu
16,encoder.layer.1.intermediate.dense,Linear,1.725,1.5,603979776.0,2362368,0,18,1.7256,counter,"[1, 128, 768]","[1, 128, 3072]",1214.89,0.0,1.5,cpu_perf_counter,cpu
16,encoder.layer.1.intermediate.intermediate_act_fn,GELUActivation,0.1258,1.5,0.0,0,0,19,0.1264,none,"[1, 128, 3072]","[1, 128, 3072]",1214.89,0.0,1.5,cpu_perf_counter,cpu
16,encoder.layer.1.output.dense,Linear,1.4891,0.375,603979776.0,2360064,0,20,1.4897,counter,"[1, 128, 3072]","[1, 128, 768]",1214.89,0.0,0.375,cpu_perf_counter,cpu
16,encoder.layer.1.output.LayerNorm,LayerNorm,0.0444,0.375,491520.0,1536,0,21,0.045,analytic,"[1, 128, 768]","[1, 128, 768]",1214.89,0.0,0.375,cpu_perf_counter,cpu
16,encoder.layer.2.attention.self.query,Linear,0.4049,0.375,150994944.0,590592,0,22,0.4055,counter,"[1, 128, 768]","[1, 128, 768]",1214.89,0.0,0.375,cpu_perf_counter,cpu
16,encoder.layer.2.attention.self.key,Linear,0.3928,0.375,150994944.0,590592,0,23,0.3934,counter,"[1, 128, 768]","[1, 128, 768]",1214.89,0.0,0.375,cpu_perf_counter,cpu
16,encoder.layer.2.attention.self.value,Linear,0.3902,0.375,150994944.0,590592,0,24,0.3908,counter,"[1, 128, 768]","[1, 128, 768]",1214.89,0.0,0.375,cpu_perf_counter,cpu
16,encoder.layer.2.attention.output.dense,Linear,0.4023,0.375,150994944.0,590592,0,25,0.4029,counter,"[1, 128, 768]","[1, 128, 768]",1214.89,0.0,0.375,cpu_perf_counter,cpu
16,encoder.layer.2.attention.output.LayerNorm,LayerNorm,0.0361,0.375,491520.0,1536,0,26,0.0367,analytic,"[1, 128, 768]","[1, 128, 768]",1214.89,0.0,0.375,cpu_perf_counter,cpu
16,encoder.layer.2.intermediate.dense,Linear,1.8098,1.5,603979776.0,2362368,0,27,1.8104,counter,"[1, 128, 768]","[1, 128, 3072]",1214.89,0.0,1.5,cpu_perf_counter,cpu
16,encoder.layer.2.intermediate.intermediate_act_fn,GELUActivation,0.1537,1.5,0.0,0,0,28,0.1543,none,"[1, 128, 3072]","[1, 128, 3072]",1214.89,0.0,1.5,cpu_perf_counter,cpu
16,encoder.layer.2.output.dense,Linear,1.7201,0.375,603979776.0,2360064,0,29,1.7207,counter,"[1, 128, 3072]","[1, 128, 768]",1214.89,0.0,0.375,cpu_perf_counter,cpu
16,encoder.layer.2.output.LayerNorm,LayerNorm,0.0537,0.375,491520.0,1536,0,30,0.0543,analytic,"[1, 128, 768]","[1, 128, 768]",1214.89,0.0,0.375,cpu_perf_counter,cpu
16,encoder.layer.3.attention.self.query,Linear,0.3944,0.375,150994944.0,590592,0,31,0.395,counter,"[1, 128, 768]","[1, 128, 768]",1214.89,0.0,0.375,cpu_perf_counter,cpu
16,encoder.layer.3.attention.self.key,Linear,0.3898,0.375,150994944.0,590592,0,32,0.3904,counter,"[1, 128, 768]","[1, 128, 768]",1214.89,0.0,0.375,cpu_perf_counter,cpu
16,encoder.layer.3.attention.self.value,Linear,0.3905,0.375,150994944.0,590592,0,33,0.3911,counter,"[1, 128, 768]","[1, 128, 768]",1214.89,0.0,0.375,cpu_perf_counter,cpu
16,encoder.layer.3.attention.output.dense,Linear,0.3883,0.375,150994944.0,590592,0,34,0.3889,counter,"[1, 128, 768]","[1, 128, 768]",1214.89,0.0,0.375,cpu_perf_counter,cpu
16,encoder.layer.3.attention.output.LayerNorm,LayerNorm,0.0272,0.375,491520.0,1536,0,35,0.0278,analytic,"[1, 128, 768]","[1, 128, 768]",1214.89,0.0,0.375,cpu_perf_counter,cpu
16,encoder.layer.3.intermediate.dense,Linear,1.7145,1.5,603979776.0,2362368,0,36,1.7151,counter,"[1, 128, 768]","[1, 128, 3072]",1214.89,0.0,1.5,cpu_perf_counter,cpu
16,encoder.layer.3.intermediate.intermediate_act_fn,GELUActivation,0.1261,1.5,0.0,0,0,37,0.1267,none,"[1, 128, 3072]","[1, 128, 3072]",1214.89,0.0,1.5,cpu_perf_counter,cpu
16,encoder.layer.3.output.dense,Linear,1.6083,0.375,603979776.0,2360064,0,38,1.6089,counter,"[1, 128, 3072]","[1, 128, 768]",1214.89,0.0,0.375,cpu_perf_counter,cpu
16,encoder.layer.3.output.LayerNorm,LayerNorm,0.0396,0.375,491520.0,1536,0,39,0.0402,analytic,"[1, 128, 768]","[1, 128, 768]",1214.89,0.0,0.375,cpu_perf_counter,cpu
16,encoder.layer.4.attention.self.query,Linear,0.3922,0.375,150994944.0,590592,0,40,0.3928,counter,"[1, 128, 768]","[1, 128, 768]",1214.89,0.0,0.375,cpu_perf_counter,cpu
16,encoder.layer.4.attention.self.key,Linear,0.3849,0.375,150994944.0,590592,0,41,0.3855,counter,"[1, 128, 768]","[1, 128, 768]",1214.89,0.0,0.375,cpu_perf_counter,cpu
16,encoder.layer.4.attention.self.value,Linear,0.3773,0.375,150994944.0,590592,0,42,0.3779,counter,"[1, 128, 768]","[1, 128, 768]",1214.89,0.0,0.375,cpu_perf_counter,cpu
16,encoder.layer.4.attention.output.dense,Linear,0.383,0.375,150994944.0,590592,0,43,0.3836,counter,"[1, 128, 768]","[1, 128, 768]",1214.89,0.0,0.375,cpu_perf_counter,cpu
16,encoder.layer.4.attention.output.LayerNorm,LayerNorm,0.0245,0.375,491520.0,1536,0,44,0.0251,analytic,"[1, 128, 768]","[1, 128, 768]",1214.89,0.0,0.375,cpu_perf_counter,cpu
16,encoder.layer.4.intermediate.dense,Linear,1.7058,1.5,603979776.0,2362368,0,45,1.7064,counter,"[1, 128, 768]","[1, 128, 3072]",1214.89,0.0,1.5,cpu_perf_counter,cpu
16,encoder.layer.4.intermediate.intermediate_act_fn,GELUActivation,0.1239,1.5,0.0,0,0,46,0.1245,none,"[1, 128, 3072]","[1, 128, 3072]",1214.89,0.0,1.5,cpu_perf_counter,cpu
16,encoder.layer.4.output.dense,Linear,1.6454,0.375,603979776.0,2360064,0,47,1.646,counter,"[1, 128, 3072]","[1, 128, 768]",1214.89,0.0,0.375,cpu_perf_counter,cpu
16,encoder.layer.4.output.LayerNorm,LayerNorm,0.0457,0.375,491520.0,1536,0,48,0.0463,analytic,"[1, 128, 768]","[1, 128, 768]",1214.89,0.0,0.375,cpu_perf_counter,cpu
16,encoder.layer.5.attention.self.query,Linear,0.4115,0.375,150994944.0,590592,0,49,0.4121,counter,"[1, 128, 768]","[1, 128, 768]",1214.89,0.0,0.375,cpu_perf_counter,cpu
16,encoder.layer.5.attention.self.key,Linear,0.3777,0.375,150994944.0,590592,0,50,0.3783,counter,"[1, 128, 768]","[1, 128, 768]",1214.89,0.0,0.375,cpu_perf_counter,cpu
16,encoder.layer.5.attention.self.value,Linear,0.3907,0.375,150994944.0,590592,0,51,0.3913,counter,"[1, 128, 768]","[1, 128, 768]",1214.89,0.0,0.375,cpu_perf_counter,cpu
16,encoder.layer.5.attention.output.dense,Linear,0.4044,0.375,150994944.0,590592,0,52,0.405,counter,"[1, 128, 768]","[1, 128, 768]",1214.89,0.0,0.375,cpu_perf_counter,cpu
16,encoder.layer.5.attention.output.LayerNorm,LayerNorm,0.0417,0.375,491520.0,1536,0,53,0.0423,analytic,"[1, 128, 768]","[1, 128, 768]",1214.89,0.0,0.375,cpu_perf_counter,cpu
16,encoder.layer.5.intermediate.dense,Linear,1.8578,1.5,603979776.0,2362368,0,54,1.8584,counter,"[1, 128, 768]","[1, 128, 3072]",1214.89,0.0,1.5,cpu_perf_counter,cpu
16,encoder.layer.5.intermediate.intermediate_act_fn,GELUActivation,0.1365,1.5,0.0,0,0,55,0.1371,none,"[1, 128, 3072]","[1, 128, 3072]",1214.89,0.0,1.5,cpu_perf_counter,cpu
16,encoder.layer.5.output.dense,Linear,1.4466,0.375,603979776.0,2360064,0,56,1.4472,counter,"[1, 128, 3072]","[1, 128, 768]",1214.89,0.0,0.375,cpu_perf_counter,cpu
16,encoder.layer.5.output.LayerNorm,LayerNorm,0.042,0.375,491520.0,1536,0,57,0.0426,analytic,"[1, 128, 768]","[1, 128, 768]",1214.89,0.0,0.375,cpu_perf_counter,cpu
16,encoder.layer.6.attention.self.query,Linear,0.3826,0.375,150994944.0,590592,0,58,0.3832,counter,"[1, 128, 768]","[1, 128, 768]",1214.89,0.0,0.375,cpu_perf_counter,cpu
16,encoder.layer.6.attention.self.key,Linear,0.3663,0.375,150994944.0,590592,0,59,0.3669,counter,"[1, 128, 768]","[1, 128, 768]",1214.89,0.0,0.375,cpu_perf_counter,cpu
16,encoder.layer.6.attention.self.value,Linear,0.3644,0.375,150994944.0,590592,0,60,0.365,counter,"[1, 128, 768]","[1, 128, 768]",1214.89,0.0,0.375,cpu_perf_counter,cpu
16,encoder.layer.6.attention.output.dense,Linear,0.3761,0.375,150994944.0,590592,0,61,0.3767,counter,"[1, 128, 768]","[1, 128, 768]",1214.89,0.0,0.375,cpu_perf_counter,cpu
16,encoder.layer.6.attention.output.LayerNorm,LayerNorm,0.0289,0.375,491520.0,1536,0,62,0.0295,analytic,"[1, 128, 768]","[1, 128, 768]",1214.89,0.0,0.375,cpu_perf_counter,cpu
16,encoder.layer.6.intermediate.dense,Linear,1.766,1.5,603979776.0,2362368,0,63,1.7666,counter,"[1, 128, 768]","[1, 128, 3072]",1214.89,0.0,1.5,cpu_perf_counter,cpu
16,encoder.layer.6.intermediate.intermediate_act_fn,GELUActivation,0.1308,1.5,0.0,0,0,64,0.1314,none,"[1, 128, 3072]","[1, 128, 3072]",1214.89,0.0,1.5,cpu_perf_counter,cpu
16,encoder.layer.6.output.dense,Linear,1.4568,0.375,603979776.0,2360064,0,65,1.4574,counter,"[1, 128, 3072]","[1, 128, 768]",1214.89,0.0,0.375,cpu_perf_counter,cpu
16,encoder.layer.6.output.LayerNorm,LayerNorm,0.3808,0.375,491520.0,1536,0,66,0.3814,analytic,"[1, 128, 768]","[1, 128, 768]",1214.89,0.0,0.375,cpu_perf_counter,cpu
16,encoder.layer.7.attention.self.query,Linear,0.3873,0.375,150994944.0,590592,0,67,0.3879,counter,"[1, 128, 768]","[1, 128, 768]",1214.89,0.0,0.375,cpu_perf_counter,cpu
16,encoder.layer.7.attention.self.key,Linear,0.3679,0.375,150994944.0,590592,0,68,0.3685,counter,"[1, 128, 768]","[1, 128, 768]",1214.89,0.0,0.375,cpu_perf_counter,cpu
16,encoder.layer.7.attention.self.value,Linear,0.3732,0.375,150994944.0,590592,0,69,0.3738,counter,"[1, 128, 768]","[1, 128, 768]",1214.89,0.0,0.375,cpu_perf_counter,cpu
16,encoder.layer.7.attention.output.dense,Linear,0.3795,0.375,150994944.0,590592,0,70,0.3801,counter,"[1, 128, 768]","[1, 128, 768]",1214.89,0.0,0.375,cpu_perf_counter,cpu
16,encoder.layer.7.attention.output.LayerNorm,LayerNorm,0.0283,0.375,491520.0,1536,0,71,0.0289,analytic,"[1, 128, 768]","[1, 128, 768]",1214.89,0.0,0.375,cpu_perf_counter,cpu
16,encoder.layer.7.intermediate.dense,Linear,1.6851,1.5,603979776.0,2362368,0,72,1.6857,counter,"[1, 128, 768]","[1, 128, 3072]",1214.89,0.0,1.5,cpu_perf_counter,cpu
16,encoder.layer.7.intermediate.intermediate_act_fn,GELUActivation,0.1317,1.5,0.0,0,0,73,0.1323,none,"[1, 128, 3072]","[1, 128, 3072]",1214.89,0.0,1.5,cpu_perf_counter,cpu
16,encoder.layer.7.output.dense,Linear,1.4738,0.375,603979776.0,2360064,0,74,1.4744,counter,"[1, 128, 3072]","[1, 128, 768]",1214.89,0.0,0.375,cpu_perf_counter,cpu
16,encoder.layer.7.output.LayerNorm,LayerNorm,0.0421,0.375,491520.0,1536,0,75,0.0427,analytic,"[1, 128, 768]","[1, 128, 768]",1214.89,0.0,0.375,cpu_perf_counter,cpu
16,encoder.layer.8.attention.self.query,Linear,0.3832,0.375,150994944.0,590592,0,76,0.3838,counter,"[1, 128, 768]","[1, 128, 768]",1214.89,0.0,0.375,cpu_perf_counter,cpu
16,encoder.layer.8.attention.self.key,Linear,0.3755,0.375,150994944.0,590592,0,77,0.3761,counter,"[1, 128, 768]","[1, 128, 768]",1214.89,0.0,0.375,cpu_perf_counter,cpu
16,encoder.layer.8.attention.self.value,Linear,0.3745,0.375,150994944.0,590592,0,78,0.3751,counter,"[1, 128, 768]","[1, 128, 768]",1214.89,0.0,0.375,cpu_perf_counter,cpu
16,encoder.layer.8.attention.output.dense,Linear,0.3865,0.375,150994944.0,590592,0,79,0.3871,counter,"[1, 128, 768]","[1, 128, 768]",1214.89,0.0,0.375,cpu_perf_counter,cpu
16,encoder.layer.8.attention.output.LayerNorm,LayerNorm,0.0283,0.375,491520.0,1536,0,80,0.0289,analytic,"[1, 128, 768]","[1, 128, 768]",1214.89,0.0,0.375,cpu_perf_counter,cpu
16,encoder.layer.8.intermediate.dense,Linear,1.6639,1.5,603979776.0,2362368,0,81,1.6645,counter,"[1, 128, 768]","[1, 128, 3072]",1214.89,0.0,1.5,cpu_perf_counter,cpu
16,encoder.layer.8.intermediate.intermediate_act_fn,GELUActivation,0.1241,1.5,0.0,0,0,82,0.1247,none,"[1, 128, 3072]","[1, 128, 3072]",1214.89,0.0,1.5,cpu_perf_counter,cpu
16,encoder.layer.8.output.dense,Linear,1.4571,0.375,603979776.0,2360064,0,83,1.4577,counter,"[1, 128, 3072]","[1, 128, 768]",1214.89,0.0,0.375,cpu_perf_counter,cpu
16,encoder.layer.8.output.LayerNorm,LayerNorm,0.0405,0.375,491520.0,1536,0,84,0.0411,analytic,"[1, 128, 768]","[1, 128, 768]",1214.89,0.0,0.375,cpu_perf_counter,cpu
16,encoder.layer.9.attention.self.query,Linear,0.4321,0.375,150994944.0,590592,0,85,0.4327,counter,"[1, 128, 768]","[1, 128, 768]",1214.89,0.0,0.375,cpu_perf_counter,cpu
16,encoder.layer.9.attention.self.key,Linear,0.3958,0.375,150994944.0,590592,0,86,0.3964,counter,"[1, 128, 768]","[1, 128, 768]",1214.89,0.0,0.375,cpu_perf_counter,cpu
16,encoder.layer.9.attention.self.value,Linear,0.3783,0.375,150994944.0,590592,0,87,0.3789,counter,"[1, 128, 768]","[1, 128, 768]",1214.89,0.0,0.375,cpu_perf_counter,cpu
16,encoder.layer.9.attention.output.dense,Linear,0.3949,0.375,150994944.0,590592,0,88,0.3955,counter,"[1, 128, 768]","[1, 128, 768]",1214.89,0.0,0.375,cpu_perf_counter,cpu
16,encoder.layer.9.attention.output.LayerNorm,LayerNorm,0.0383,0.375,491520.0,1536,0,89,0.0389,analytic,"[1, 128, 768]","[1, 128, 768]",1214.89,0.0,0.375,cpu_perf_counter,cpu
16,encoder.layer.9.intermediate.dense,Linear,1.922,1.5,603979776.0,2362368,0,90,1.9226,counter,"[1, 128, 768]","[1, 128, 3072]",1214.89,0.0,1.5,cpu_perf_counter,cpu
16,encoder.layer.9.intermediate.intermediate_act_fn,GELUActivation,0.1545,1.5,0.0,0,0,91,0.1551,none,"[1, 128, 3072]","[1, 128, 3072]",1214.89,0.0,1.5,cpu_perf_counter,cpu
16,encoder.layer.9.output.dense,Linear,1.5053,0.375,603979776.0,2360064,0,92,1.5059,counter,"[1, 128, 3072]","[1, 128, 768]",1214.89,0.0,0.375,cpu_perf_counter,cpu
16,encoder.layer.9.output.LayerNorm,LayerNorm,0.0444,0.375,491520.0,1536,0,93,0.045,analytic,"[1, 128, 768]","[1, 128, 768]",1214.89,0.0,0.375,cpu_perf_counter,cpu
16,encoder.layer.10.attention.self.query,Linear,0.3907,0.375,150994944.0,590592,0,94,0.3913,counter,"[1, 128, 768]","[1, 128, 768]",1214.89,0.0,0.375,cpu_perf_counter,cpu
16,encoder.layer.10.attention.self.key,Linear,0.3732,0.375,150994944.0,590592,0,95,0.3738,counter,"[1, 128, 768]","[1, 128, 768]",1214.89,0.0,0.375,cpu_perf_counter,cpu
16,encoder.layer.10.attention.self.value,Linear,0.3826,0.375,150994944.0,590592,0,96,0.3832,counter,"[1, 128, 768]","[1, 128, 768]",1214.89,0.0,0.375,cpu_perf_counter,cpu
16,encoder.layer.10.attention.output.dense,Linear,0.3997,0.375,150994944.0,590592,0,97,0.4003,counter,"[1, 128, 768]","[1, 128, 768]",1214.89,0.0,0.375,cpu_perf_counter,cpu
16,encoder.layer.10.attention.output.LayerNorm,LayerNorm,0.034,0.375,491520.0,1536,0,98,0.0346,analytic,"[1, 128, 768]","[1, 128, 768]",1214.89,0.0,0.375,cpu_perf_counter,cpu
16,encoder.layer.10.intermediate.dense,Linear,1.8173,1.5,603979776.0,2362368,0,99,1.8179,counter,"[1, 128, 768]","[1, 128, 3072]",1214.89,0.0,1.5,cpu_perf_counter,cpu
16,encoder.layer.10.intermediate.intermediate_act_fn,GELUActivation,0.1462,1.5,0.0,0,0,100,0.1468,none,"[1, 128, 3072]","[1, 128, 3072]",1214.89,0.0,1.5,cpu_perf_counter,cpu
16,encoder.layer.10.output.dense,Linear,1.6013,0.375,603979776.0,2360064,0,101,1.6019,counter,"[1, 128, 3072]","[1, 128, 768]",1214.89,0.0,0.375,cpu_perf_counter,cpu
16,encoder.layer.10.output.LayerNorm,LayerNorm,0.0466,0.375,491520.0,1536,0,102,0.0472,analytic,"[1, 128, 768]","[1, 128, 768]",1214.89,0.0,0.375,cpu_perf_counter,cpu
16,encoder.layer.11.attention.self.query,Linear,0.3951,0.375,150994944.0,590592,0,103,0.3957,counter,"[1, 128, 768]","[1, 128, 768]",1214.89,0.0,0.375,cpu_perf_counter,cpu
16,encoder.layer.11.attention.self.key,Linear,0.3874,0.375,150994944.0,590592,0,104,0.388,counter,"[1, 128, 768]","[1, 128, 768]",1214.89,0.0,0.375,cpu_perf_counter,cpu
16,encoder.layer.11.attention.self.value,Linear,0.3952,0.375,150994944.0,590592,0,105,0.3958,counter,"[1, 128, 768]","[1, 128, 768]",1214.89,0.0,0.375,cpu_perf_counter,cpu
16,encoder.layer.11.attention.output.dense,Linear,0.3867,0.375,150994944.0,590592,0,106,0.3873,counter,"[1, 128, 768]","[1, 128, 768]",1214.89,0.0,0.375,cpu_perf_counter,cpu
16,encoder.layer.11.attention.output.LayerNorm,LayerNorm,0.0352,0.375,491520.0,1536,0,107,0.0358,analytic,"[1, 128, 768]","[1, 128, 768]",1214.89,0.0,0.375,cpu_perf_counter,cpu
16,encoder.layer.11.intermediate.dense,Linear,1.7738,1.5,603979776.0,2362368,0,108,1.7744,counter,"[1, 128, 768]","[1, 128, 3072]",1214.89,0.0,1.5,cpu_perf_counter,cpu
16,encoder.layer.11.intermediate.intermediate_act_fn,GELUActivation,0.1605,1.5,0.0,0,0,109,0.1611,none,"[1, 128, 3072]","[1, 128, 3072]",1214.89,0.0,1.5,cpu_perf_counter,cpu
16,encoder.layer.11.output.dense,Linear,1.5186,0.375,603979776.0,2360064,0,110,1.5192,counter,"[1, 128, 3072]","[1, 128, 768]",1214.89,0.0,0.375,cpu_perf_counter,cpu
16,encoder.layer.11.output.LayerNorm,LayerNorm,0.0449,0.375,491520.0,1536,0,111,0.0455,analytic,"[1, 128, 768]","[1, 128, 768]",1214.89,0.0,0.375,cpu_perf_counter,cpu
16,pooler.dense,Linear,0.1315,0.00293,1179648.0,590592,0,112,0.1321,counter,"[1, 768]","[1, 768]",1214.89,0.0,0.003,cpu_perf_counter,cpu
16,pooler.activation,Tanh,0.0181,0.00293,3072.0,0,0,113,0.0187,analytic,"[1, 768]","[1, 768]",1214.89,0.0,0.003,cpu_perf_counter,cpu
17,embeddings.word_embeddings,Embedding,0.0617,0.375,0.0,23440896,0,0,0.0623,none,"[1, 128]","[1, 128, 768]",1214.89,0.0,0.375,cpu_perf_counter,cpu
17,embeddings.token_type_embeddings,Embedding,0.0223,0.375,0.0,1536,0,1,0.0229,none,"[1, 128]","[1, 128, 768]",1214.89,0.0,0.375,cpu_perf_counter,cpu
17,embeddings.position_embeddings,Embedding,0.0227,0.375,0.0,393216,0,2,0.0233,none,"[1, 128]","[1, 128, 768]",1214.89,0.0,0.375,cpu_perf_counter,cpu
17,embeddings.LayerNorm,LayerNorm,0.0317,0.375,491520.0,1536,0,3,0.0323,analytic,"[1, 128, 768]","[1, 128, 768]",1214.89,0.0,0.375,cpu_perf_counter,cpu
17,encoder.layer.0.attention.self.query,Linear,0.3903,0.375,150994944.0,590592,0,4,0.3909,counter,"[1, 128, 768]","[1, 128, 768]",1214.89,0.0,0.375,cpu_perf_counter,cpu
17,encoder.layer.0.attention.self.key,Linear,0.3675,0.375,150994944.0,590592,0,5,0.3681,counter,"[1, 128, 768]","[1, 128, 768]",1214.89,0.0,0.375,cpu_perf_counter,cpu
17,encoder.layer.0.attention.self.value,Linear,0.3715,0.375,150994944.0,590592,0,6,0.3721,counter,"[1, 128, 768]","[1, 128, 768]",1214.89,0.0,0.375,cpu_perf_counter,cpu
17,encoder.layer.0.attention.output.dense,Linear,0.4187,0.375,150994944.0,590592,0,7,0.4193,counter,"[1, 128, 768]","[1, 128, 768]",1214.89,0.0,0.375,cpu_perf_counter,cpu
17,encoder.layer.0.attention.output.LayerNorm,LayerNorm,0.032,0.375,491520.0,1536,0,8,0.0326,analytic,"[1, 128, 768]","[1, 128, 768]",1214.89,0.0,0.375,cpu_perf_counter,cpu
17,encoder.layer.0.intermediate.dense,Linear,1.7874,1.5,603979776.0,2362368,0,9,1.788,counter,"[1, 128, 768]","[1, 128, 3072]",1214.89,0.0,1.5,cpu_perf_counter,cpu
17,encoder.layer.0.intermediate.intermediate_act_fn,GELUActivation,0.149,1.5,0.0,0,0,10,0.1496,none,"[1, 128, 3072]","[1, 128, 3072]",1214.89,0.0,1.5,cpu_perf_counter,cpu
17,encoder.layer.0.output.dense,Linear,1.5005,0.375,603979776.0,2360064,0,11,1.5011,counter,"[1, 128, 3072]","[1, 128, 768]",1214.89,0.0,0.375,cpu_perf_counter,cpu
17,encoder.layer.0.output.LayerNorm,LayerNorm,0.0478,0.375,491520.0,1536,0,12,0.0484,analytic,"[1, 128, 768]","[1, 128, 768]",1214.89,0.0,0.375,cpu_perf_counter,cpu
17,encoder.layer.1.attention.self.query,Linear,0.4527,0.375,150994944.0,590592,0,13,0.4533,counter,"[1, 128, 768]","[1, 128, 768]",1214.89,0.0,0.375,cpu_perf_counter,cpu
17,encoder.layer.1.attention.self.key,Linear,0.3816,0.375,150994944.0,590592,0,14,0.3822,counter,"[1, 128, 768]","[1, 128, 768]",1214.89,0.0,0.375,cpu_perf_counter,cpu
17,encoder.layer.1.attention.self.value,Linear,0.3976,0.375,150994944.0,590592,0,15,0.3982,counter,"[1, 128, 768]","[1, 128, 768]",1214.89,0.0,0.375,cpu_perf_counter,cpu
17,encoder.layer.1.attention.output.dense,Linear,0.3937,0.375,150994944.0,590592,0,16,0.3943,counter,"[1, 128, 768]","[1, 128, 768]",1214.89,0.0,0.375,cpu_perf_counter,cpu
17,encoder.layer.1.attention.output.LayerNorm,LayerNorm,0.0397,0.375,491520.0,1536,0,17,0.0403,analytic,"[1, 128, 768]","[1, 128, 768]",1214.89,0.0,0.375,cpu_perf_counter,cpu
17,encoder.layer.1.intermediate.dense,Linear,1.7964,1.5,603979776.0,2362368,0,18,1.797,counter,"[1, 128, 768]","[1, 128, 3072]",1214.89,0.0,1.5,cpu_perf_counter,cpu
17,encoder.layer.1.intermediate.intermediate_act_fn,GELUActivation,0.1548,1.5,0.0,0,0,19,0.1554,none,"[1, 128, 3072]","[1, 128, 3072]",1214.89,0.0,1.5,cpu_perf_counter,cpu
17,encoder.layer.1.output.dense,Linear,1.5281,0.375,603979776.0,2360064,0,20,1.5287,counter,"[1, 128, 3072]","[1, 128, 768]",1214.89,0.0,0.375,cpu_perf_counter,cpu
17,encoder.layer.1.output.LayerNorm,LayerNorm,0.0488,0.375,491520.0,1536,0,21,0.0494,analytic,"[1, 128, 768]","[1, 128, 768]",1214.89,0.0,0.375,cpu_perf_counter,cpu
17,encoder.layer.2.attention.self.query,Linear,0.4006,0.375,150994944.0,590592,0,22,0.4012,counter,"[1, 128, 768]","[1, 128, 768]",1214.89,0.0,0.375,cpu_perf_counter,cpu
17,encoder.layer.2.attention.self.key,Linear,0.3978,0.375,150994944.0,590592,0,23,0.3984,counter,"[1, 128, 768]","[1, 128, 768]",1214.89,0.0,0.375,cpu_perf_counter,cpu
17,encoder.layer.2.attention.self.value,Linear,0.3884,0.375,150994944.0,590592,0,24,0.389,counter,"[1, 128, 768]","[1, 128, 768]",1214.89,0.0,0.375,cpu_perf_counter,cpu
17,encoder.layer.2.attention.output.dense,Linear,0.3993,0.375,150994944.0,590592,0,25,0.3999,counter,"[1, 128, 768]","[1, 128, 768]",1214.89,0.0,0.375,cpu_perf_counter,cpu
17,encoder.layer.2.attention.output.LayerNorm,LayerNorm,0.0392,0.375,491520.0,1536,0,26,0.0398,analytic,"[1, 128, 768]","[1, 128, 768]",1214.89,0.0,0.375,cpu_perf_counter,cpu
17,encoder.layer.2.intermediate.dense,Linear,1.8338,1.5,603979776.0,2362368,0,27,1.8344,counter,"[1, 128, 768]","[1, 128, 3072]",1214.89,0.0,1.5,cpu_perf_counter,cpu
17,encoder.layer.2.intermediate.intermediate_act_fn,GELUActivation,0.1451,1.5,0.0,0,0,28,0.1457,none,"[1, 128, 3072]","[1, 128, 3072]",1214.89,0.0,1.5,cpu_perf_counter,cpu
17,encoder.layer.2.output.dense,Linear,1.5016,0.375,603979776.0,2360064,0,29,1.5022,counter,"[1, 128, 3072]","[1, 128, 768]",1214.89,0.0,0.375,cpu_perf_counter,cpu
17,encoder.layer.2.output.LayerNorm,LayerNorm,0.0466,0.375,491520.0,1536,0,30,0.0472,analytic,"[1, 128, 768]","[1, 128, 768]",1214.89,0.0,0.375,cpu_perf_counter,cpu
17,encoder.layer.3.attention.self.query,Linear,0.3973,0.375,150994944.0,590592,0,31,0.3979,counter,"[1, 128, 768]","[1, 128, 768]",1214.89,0.0,0.375,cpu_perf_counter,cpu
17,encoder.layer.3.attention.self.key,Linear,0.386,0.375,150994944.0,590592,0,32,0.3866,counter,"[1, 128, 768]","[1, 128, 768]",1214.89,0.0,0.375,cpu_perf_counter,cpu
17,encoder.layer.3.attention.self.value,Linear,0.3929,0.375,150994944.0,590592,0,33,0.3935,counter,"[1, 128, 768]","[1, 128, 768]",1214.89,0.0,0.375,cpu_perf_counter,cpu
17,encoder.layer.3.attention.output.dense,Linear,0.3846,0.375,150994944.0,590592,0,34,0.3852,counter,"[1, 128, 768]","[1, 128, 768]",1214.89,0.0,0.375,cpu_perf_counter,cpu
17,encoder.layer.3.attention.output.LayerNorm,LayerNorm,0.0328,0.375,491520.0,1536,0,35,0.0334,analytic,"[1, 128, 768]","[1, 128, 768]",1214.89,0.0,0.375,cpu_perf_counter,cpu
17,encoder.layer.3.intermediate.dense,Linear,1.8563,1.5,603979776.0,2362368,0,36,1.8569,counter,"[1, 128, 768]","[1, 128, 3072]",1214.89,0.0,1.5,cpu_perf_counter,cpu
17,encoder.layer.3.intermediate.intermediate_act_fn,GELUActivation,0.1459,1.5,0.0,0,0,37,0.1465,none,"[1, 128, 3072]","[1, 128, 3072]",1214.89,0.0,1.5,cpu_perf_counter,cpu
17,encoder.layer.3.output.dense,Linear,1.4667,0.375,603979776.0,2360064,0,38,1.4673,counter,"[1, 128, 3072]","[1, 128, 768]",1214.89,0.0,0.375,cpu_perf_counter,cpu
17,encoder.layer.3.output.LayerNorm,LayerNorm,0.045,0.375,491520.0,1536,0,39,0.0456,analytic,"[1, 128, 768]","[1, 128, 768]",1214.89,0.0,0.375,cpu_perf_counter,cpu
17,encoder.layer.4.attention.self.query,Linear,0.3965,0.375,150994944.0,590592,0,40,0.3971,counter,"[1, 128, 768]","[1, 128, 768]",1214.89,0.0,0.375,cpu_perf_counter,cpu
17,encoder.layer.4.attention.self.key,Linear,0.4125,0.375,150994944.0,590592,0,41,0.4131,counter,"[1, 128, 768]","[1, 128, 768]",1214.89,0.0,0.375,cpu_perf_counter,cpu
17,encoder.layer.4.attention.self.value,Linear,0.4035,0.375,150994944.0,590592,0,42,0.4041,counter,"[1, 128, 768]","[1, 128, 768]",1214.89,0.0,0.375,cpu_perf_counter,cpu
17,encoder.layer.4.attention.output.dense,Linear,0.4026,0.375,150994944.0,590592,0,43,0.4032,counter,"[1, 128, 768]","[1, 128, 768]",1214.89,0.0,0.375,cpu_perf_counter,cpu
17,encoder.layer.4.attention.output.LayerNorm,LayerNorm,0.0372,0.375,491520.0,1536,0,44,0.0378,analytic,"[1, 128, 768]","[1, 128, 768]",1214.89,0.0,0.375,cpu_perf_counter,cpu
17,encoder.layer.4.intermediate.dense,Linear,1.8811,1.5,603979776.0,2362368,0,45,1.8817,counter,"[1, 128, 768]","[1, 128, 3072]",1214.89,0.0,1.5,cpu_perf_counter,cpu
17,encoder.layer.4.intermediate.intermediate_act_fn,GELUActivation,0.1622,1.5,0.0,0,0,46,0.1628,none,"[1, 128, 3072]","[1, 128, 3072]",1214.89,0.0,1.5,cpu_perf_counter,cpu
17,encoder.layer.4.output.dense,Linear,1.4713,0.375,603979776.0,2360064,0,47,1.4719,counter,"[1, 128, 3072]","[1, 128, 768]",1214.89,0.0,0.375,cpu_perf_counter,cpu
17,encoder.layer.4.output.LayerNorm,LayerNorm,0.0461,0.375,491520.0,1536,0,48,0.0467,analytic,"[1, 128, 768]","[1, 128, 768]",1214.89,0.0,0.375,cpu_perf_counter,cpu
17,encoder.layer.5.attention.self.query,Linear,0.3943,0.375,150994944.0,590592,0,49,0.3949,counter,"[1, 128, 768]","[1, 128, 768]",1214.89,0.0,0.375,cpu_perf_counter,cpu
17,encoder.layer.5.attention.self.key,Linear,0.3696,0.375,150994944.0,590592,0,50,0.3702,counter,"[1, 128, 768]","[1, 128, 768]",1214.89,0.0,0.375,cpu_perf_counter,cpu
17,encoder.layer.5.attention.self.value,Linear,0.379,0.375,150994944.0,590592,0,51,0.3796,counter,"[1, 128, 768]","[1, 128, 768]",1214.89,0.0,0.375,cpu_perf_counter,cpu
17,encoder.layer.5.attention.output.dense,Linear,0.3955,0.375,150994944.0,590592,0,52,0.3961,counter,"[1, 128, 768]","[1, 128, 768]",1214.89,0.0,0.375,cpu_perf_counter,cpu
17,encoder.layer.5.attention.output.LayerNorm,LayerNorm,0.0351,0.375,491520.0,1536,0,53,0.0357,analytic,"[1, 128, 768]","[1, 128, 768]",1214.89,0.0,0.375,cpu_perf_counter,cpu
17,encoder.layer.5.intermediate.dense,Linear,1.7656,1.5,603979776.0,2362368,0,54,1.7662,counter,"[1, 128, 768]","[1, 128, 3072]",1214.89,0.0,1.5,cpu_perf_counter,cpu
17,encoder.layer.5.intermediate.intermediate_act_fn,GELUActivation,0.1502,1.5,0.0,0,0,55,0.1508,none,"[1, 128, 3072]","[1, 128, 3072]",1214.89,0.0,1.5,cpu_perf_counter,cpu
17,encoder.layer.5.output.dense,Linear,1.4855,0.375,603979776.0,2360064,0,56,1.4861,counter,"[1, 128, 3072]","[1, 128, 768]",1214.89,0.0,0.375,cpu_perf_counter,cpu
17,encoder.layer.5.output.LayerNorm,LayerNorm,0.0468,0.375,491520.0,1536,0,57,0.0474,analytic,"[1, 128, 768]","[1, 128, 768]",1214.89,0.0,0.375,cpu_perf_counter,cpu
17,encoder.layer.6.attention.self.query,Linear,0.393,0.375,150994944.0,590592,0,58,0.3936,counter,"[1, 128, 768]","[1, 128, 768]",1214.89,0.0,0.375,cpu_perf_counter,cpu
17,encoder.layer.6.attention.self.key,Linear,0.3777,0.375,150994944.0,590592,0,59,0.3783,counter,"[1, 128, 768]","[1, 128, 768]",1214.89,0.0,0.375,cpu_perf_counter,cpu
17,encoder.layer.6.attention.self.value,Linear,0.3797,0.375,150994944.0,590592,0,60,0.3803,counter,"[1, 128, 768]","[1, 128, 768]",1214.89,0.0,0.375,cpu_perf_counter,cpu
17,encoder.layer.6.attention.output.dense,Linear,0.3783,0.375,150994944.0,590592,0,61,0.3789,counter,"[1, 128, 768]","[1, 128, 768]",1214.89,0.0,0.375,cpu_perf_counter,cpu
17,encoder.layer.6.attention.output.LayerNorm,LayerNorm,0.0326,0.375,491520.0,1536,0,62,0.0332,analytic,"[1, 128, 768]","[1, 128, 768]",1214.89,0.0,0.375,cpu_perf_counter,cpu
17,encoder.layer.6.intermediate.dense,Linear,1.7784,1.5,603979776.0,2362368,0,63,1.779,counter,"[1, 128, 768]","[1, 128, 3072]",1214.89,0.0,1.5,cpu_perf_counter,cpu
17,encoder.layer.6.intermediate.intermediate_act_fn,GELUActivation,0.1515,1.5,0.0,0,0,64,0.1521,none,"[1, 128, 3072]","[1, 128, 3072]",1214.89,0.0,1.5,cpu_perf_counter,cpu
17,encoder.layer.6.output.dense,Linear,1.5149,0.375,603979776.0,2360064,0,65,1.5155,counter,"[1, 128, 3072]","[1, 128, 768]",1214.89,0.0,0.375,cpu_perf_counter,cpu
17,encoder.layer.6.output.LayerNorm,LayerNorm,0.0454,0.375,491520.0,1536,0,66,0.046,analytic,"[1, 128, 768]","[1, 128, 768]",1214.89,0.0,0.375,cpu_perf_counter,cpu
17,encoder.layer.7.attention.self.query,Linear,0.4067,0.375,150994944.0,590592,0,67,0.4073,counter,"[1, 128, 768]","[1, 128, 768]",1214.89,0.0,0.375,cpu_perf_counter,cpu
17,encoder.layer.7.attention.self.key,Linear,0.3888,0.375,150994944.0,590592,0,68,0.3894,counter,"[1, 128, 768]","[1, 128, 768]",1214.89,0.0,0.375,cpu_perf_counter,cpu
17,encoder.layer.7.attention.self.value,Linear,0.4003,0.375,150994944.0,590592,0,69,0.4009,counter,"[1, 128, 768]","[1, 128, 768]",1214.89,0.0,0.375,cpu_perf_counter,cpu
17,encoder.layer.7.attention.output.dense,Linear,0.3932,0.375,150994944.0,590592,0,70,0.3938,counter,"[1, 128, 768]","[1, 128, 768]",1214.89,0.0,0.375,cpu_perf_counter,cpu
17,encoder.layer.7.attention.output.LayerNorm,LayerNorm,0.0321,0.375,491520.0,1536,0,71,0.0327,analytic,"[1, 128, 768]","[1, 128, 768]",1214.89,0.0,0.375,cpu_perf_counter,cpu
17,encoder.layer.7.intermediate.dense,Linear,1.7603,1.5,603979776.0,2362368,0,72,1.7609,counter,"[1, 128, 768]","[1, 128, 3072]",1214.89,0.0,1.5,cpu_perf_counter,cpu
17,encoder.layer.7.intermediate.intermediate_act_fn,GELUActivation,0.1489,1.5,0.0,0,0,73,0.1495,none,"[1, 128, 3072]","[1, 128, 3072]",1214.89,0.0,1.5,cpu_perf_counter,cpu
17,encoder.layer.7.output.dense,Linear,1.5098,0.375,603979776.0,2360064,0,74,1.5104,counter,"[1, 128, 3072]","[1, 128, 768]",1214.89,0.0,0.375,cpu_perf_counter,cpu
17,encoder.layer.7.output.LayerNorm,LayerNorm,0.046,0.375,491520.0,1536,0,75,0.0466,analytic,"[1, 128, 768]","[1, 128, 768]",1214.89,0.0,0.375,cpu_perf_counter,cpu
17,encoder.layer.8.attention.self.query,Linear,0.396,0.375,150994944.0,590592,0,76,0.3966,counter,"[1, 128, 768]","[1, 128, 768]",1214.89,0.0,0.375,cpu_perf_counter,cpu
17,encoder.layer.8.attention.self.key,Linear,0.3965,0.375,150994944.0,590592,0,77,0.3971,counter,"[1, 128, 768]","[1, 128, 768]",1214.89,0.0,0.375,cpu_perf_counter,cpu
17,encoder.layer.8.attention.self.value,Linear,0.3861,0.375,150994944.0,590592,0,78,0.3867,counter,"[1, 128, 768]","[1, 128, 768]",1214.89,0.0,0.375,cpu_perf_counter,cpu
17,encoder.layer.8.attention.output.dense,Linear,0.3973,0.375,150994944.0,590592,0,79,0.3979,counter,"[1, 128, 768]","[1, 128, 768]",1214.89,0.0,0.375,cpu_perf_counter,cpu
17,encoder.layer.8.attention.output.LayerNorm,LayerNorm,0.0364,0.375,491520.0,1536,0,80,0.037,analytic,"[1, 128, 768]","[1, 128, 768]",1214.89,0.0,0.375,cpu_perf_counter,cpu
17,encoder.layer.8.intermediate.dense,Linear,1.8476,1.5,603979776.0,2362368,0,81,1.8482,counter,"[1, 128, 768]","[1, 128, 3072]",1214.89,0.0,1.5,cpu_perf_counter,cpu
17,encoder.layer.8.intermediate.intermediate_act_fn,GELUActivation,0.1454,1.5,0.0,0,0,82,0.146,none,"[1, 128, 3072]","[1, 128, 3072]",1214.89,0.0,1.5,cpu_perf_counter,cpu
17,encoder.layer.8.output.dense,Linear,1.4669,0.375,603979776.0,2360064,0,83,1.4675,counter,"[1, 128, 3072]","[1, 128, 768]",1214.89,0.0,0.375,cpu_perf_counter,cpu
17,encoder.layer.8.output.LayerNorm,LayerNorm,0.0476,0.375,491520.0,1536,0,84,0.0482,analytic,"[1, 128, 768]","[1, 128, 768]",1214.89,0.0,0.375,cpu_perf_counter,cpu
17,encoder.layer.9.attention.self.query,Linear,0.3988,0.375,150994944.0,590592,0,85,0.3994,counter,"[1, 128, 768]","[1, 128, 768]",1214.89,0.0,0.375,cpu_perf_counter,cpu
17,encoder.layer.9.attention.self.key,Linear,0.3848,0.375,150994944.0,590592,0,86,0.3854,counter,"[1, 128, 768]","[1, 128, 768]",1214.89,0.0,0.375,cpu_perf_counter,cpu
17,encoder.layer.9.attention.self.value,Linear,0.3792,0.375,150994944.0,590592,0,87,0.3798,counter,"[1, 128, 768]","[1, 128, 768]",1214.89,0.0,0.375,cpu_perf_counter,cpu
17,encoder.layer.9.attention.output.dense,Linear,0.3816,0.375,150994944.0,590592,0,88,0.3822,counter,"[1, 128, 768]","[1, 128, 768]",1214.89,0.0,0.375,cpu_perf_counter,cpu
17,encoder.layer.9.attention.output.LayerNorm,LayerNorm,0.0306,0.375,491520.0,1536,0,89,0.0312,analytic,"[1, 128, 768]","[1, 128, 768]",1214.89,0.0,0.375,cpu_perf_counter,cpu
17,encoder.layer.9.intermediate.dense,Linear,1.786,1.5,603979776.0,2362368,0,90,1.7866,counter,"[1, 128, 768]","[1, 128, 3072]",1214.89,0.0,1.5,cpu_perf_counter,cpu
17,encoder.layer.9.intermediate.intermediate_act_fn,GELUActivation,0.1782,1.5,0.0,0,0,91,0.1788,none,"[1, 128, 3072]","[1, 128, 3072]",1214.89,0.0,1.5,cpu_perf_counter,cpu
17,encoder.layer.9.output.dense,Linear,1.4974,0.375,603979776.0,2360064,0,92,1.498,counter,"[1, 128, 3072]","[1, 128, 768]",1214.89,0.0,0.375,cpu_perf_counter,cpu
17,encoder.layer.9.output.LayerNorm,LayerNorm,0.0473,0.375,491520.0,1536,0,93,0.0479,analytic,"[1, 128, 768]","[1, 128, 768]",1214.89,0.0,0.375,cpu_perf_counter,cpu
17,encoder.layer.10.attention.self.query,Linear,0.3812,0.375,150994944.0,590592,0,94,0.3818,counter,"[1, 128, 768]","[1, 128, 768]",1214.89,0.0,0.375,cpu_perf_counter,cpu
17,encoder.layer.10.attention.self.key,Linear,0.3728,0.375,150994944.0,590592,0,95,0.3734,counter,"[1, 128, 768]","[1, 128, 768]",1214.89,0.0,0.375,cpu_perf_counter,cpu
17,encoder.layer.10.attention.self.value,Linear,0.3695,0.375,150994944.0,590592,0,96,0.3701,counter,"[1, 128, 768]","[1, 128, 768]",1214.89,0.0,0.375,cpu_perf_counter,cpu
17,encoder.layer.10.attention.output.dense,Linear,0.3842,0.375,150994944.0,590592,0,97,0.3848,counter,"[1, 128, 768]","[1, 128, 768]",1214.89,0.0,0.375,cpu_perf_counter,cpu
17,encoder.layer.10.attention.output.LayerNorm,LayerNorm,0.0357,0.375,491520.0,1536,0,98,0.0363,analytic,"[1, 128, 768]","[1, 128, 768]",1214.89,0.0,0.375,cpu_perf_counter,cpu
17,encoder.layer.10.intermediate.dense,Linear,1.814,1.5,603979776.0,2362368,0,99,1.8146,counter,"[1, 128, 768]","[1, 128, 3072]",1214.89,0.0,1.5,cpu_perf_counter,cpu
17,encoder.layer.10.intermediate.intermediate_act_fn,GELUActivation,0.1459,1.5,0.0,0,0,100,0.1465,none,"[1, 128, 3072]","[1, 128, 3072]",1214.89,0.0,1.5,cpu_perf_counter,cpu
17,encoder.layer.10.output.dense,Linear,1.5075,0.375,603979776.0,2360064,0,101,1.5081,counter,"[1, 128, 3072]","[1, 128, 768]",1214.89,0.0,0.375,cpu_perf_counter,cpu
17,encoder.layer.10.output.LayerNorm,LayerNorm,0.0473,0.375,491520.0,1536,0,102,0.0479,analytic,"[1, 128, 768]","[1, 128, 768]",1214.89,0.0,0.375,cpu_perf_counter,cpu
17,encoder.layer.11.attention.self.query,Linear,0.3873,0.375,150994944.0,590592,0,103,0.3879,counter,"[1, 128, 768]","[1, 128, 768]",1214.89,0.0,0.375,cpu_perf_counter,cpu
17,encoder.layer.11.attention.self.key,Linear,0.3803,0.375,150994944.0,590592,0,104,0.3809,counter,"[1, 128, 768]","[1, 128, 768]",1214.89,0.0,0.375,cpu_perf_counter,cpu
17,encoder.layer.11.attention.self.value,Linear,0.3794,0.375,150994944.0,590592,0,105,0.38,counter,"[1, 128, 768]","[1, 128, 768]",1214.89,0.0,0.375,cpu_perf_counter,cpu
17,encoder.layer.11.attention.output.dense,Linear,0.3821,0.375,150994944.0,590592,0,106,0.3827,counter,"[1, 128, 768]","[1, 128, 768]",1214.89,0.0,0.375,cpu_perf_counter,cpu
17,encoder.layer.11.attention.output.LayerNorm,LayerNorm,0.036,0.375,491520.0,1536,0,107,0.0366,analytic,"[1, 128, 768]","[1, 128, 768]",1214.89,0.0,0.375,cpu_perf_counter,cpu
17,encoder.layer.11.intermediate.dense,Linear,1.7431,1.5,603979776.0,2362368,0,108,1.7437,counter,"[1, 128, 768]","[1, 128, 3072]",1214.89,0.0,1.5,cpu_perf_counter,cpu
17,encoder.layer.11.intermediate.intermediate_act_fn,GELUActivation,0.1534,1.5,0.0,0,0,109,0.154,none,"[1, 128, 3072]","[1, 128, 3072]",1214.89,0.0,1.5,cpu_perf_counter,cpu
17,encoder.layer.11.output.dense,Linear,1.452,0.375,603979776.0,2360064,0,110,1.4526,counter,"[1, 128, 3072]","[1, 128, 768]",1214.89,0.0,0.375,cpu_perf_counter,cpu
17,encoder.layer.11.output.LayerNorm,LayerNorm,0.0437,0.375,491520.0,1536,0,111,0.0443,analytic,"[1, 128, 768]","[1, 128, 768]",1214.89,0.0,0.375,cpu_perf_counter,cpu
17,pooler.dense,Linear,0.1239,0.00293,1179648.0,590592,0,112,0.1245,counter,"[1, 768]","[1, 768]",1214.89,0.0,0.003,cpu_perf_counter,cpu
17,pooler.activation,Tanh,0.03,0.00293,3072.0,0,0,113,0.0306,analytic,"[1, 768]","[1, 768]",1214.89,0.0,0.003,cpu_perf_counter,cpu
18,embeddings.word_embeddings,Embedding,0.0602,0.375,0.0,23440896,0,0,0.0608,none,"[1, 128]","[1, 128, 768]",1214.89,0.0,0.375,cpu_perf_counter,cpu
18,embeddings.token_type_embeddings,Embedding,0.0224,0.375,0.0,1536,0,1,0.023,none,"[1, 128]","[1, 128, 768]",1214.89,0.0,0.375,cpu_perf_counter,cpu
18,embeddings.position_embeddings,Embedding,0.0241,0.375,0.0,393216,0,2,0.0247,none,"[1, 128]","[1, 128, 768]",1214.89,0.0,0.375,cpu_perf_counter,cpu
18,embeddings.LayerNorm,LayerNorm,0.0306,0.375,491520.0,1536,0,3,0.0312,analytic,"[1, 128, 768]","[1, 128, 768]",1214.89,0.0,0.375,cpu_perf_counter,cpu
18,encoder.layer.0.attention.self.query,Linear,0.3825,0.375,150994944.0,590592,0,4,0.3831,counter,"[1, 128, 768]","[1, 128, 768]",1214.89,0.0,0.375,cpu_perf_counter,cpu
18,encoder.layer.0.attention.self.key,Linear,0.363,0.375,150994944.0,590592,0,5,0.3636,counter,"[1, 128, 768]","[1, 128, 768]",1214.89,0.0,0.375,cpu_perf_counter,cpu
18,encoder.layer.0.attention.self.value,Linear,0.3702,0.375,150994944.0,590592,0,6,0.3708,counter,"[1, 128, 768]","[1, 128, 768]",1214.89,0.0,0.375,cpu_perf_counter,cpu
18,encoder.layer.0.attention.output.dense,Linear,0.376,0.375,150994944.0,590592,0,7,0.3766,counter,"[1, 128, 768]","[1, 128, 768]",1214.89,0.0,0.375,cpu_perf_counter,cpu
18,encoder.layer.0.attention.output.LayerNorm,LayerNorm,0.0305,0.375,491520.0,1536,0,8,0.0311,analytic,"[1, 128, 768]","[1, 128, 768]",1214.89,0.0,0.375,cpu_perf_counter,cpu
18,encoder.layer.0.intermediate.dense,Linear,1.7157,1.5,603979776.0,2362368,0,9,1.7163,counter,"[1, 128, 768]","[1, 128, 3072]",1214.89,0.0,1.5,cpu_perf_counter,cpu
18,encoder.layer.0.intermediate.intermediate_act_fn,GELUActivation,0.1637,1.5,0.0,0,0,10,0.1643,none,"[1, 128, 3072]","[1, 128, 3072]",1214.89,0.0,1.5,cpu_perf_counter,cpu
18,encoder.layer.0.output.dense,Linear,1.5102,0.375,603979776.0,2360064,0,11,1.5108,counter,"[1, 128, 3072]","[1, 128, 768]",1214.89,0.0,0.375,cpu_perf_counter,cpu
18,encoder.layer.0.output.LayerNorm,LayerNorm,0.0471,0.375,491520.0,1536,0,12,0.0477,analytic,"[1, 128, 768]","[1, 128, 768]",1214.89,0.0,0.375,cpu_perf_counter,cpu
18,encoder.layer.1.attention.self.query,Linear,0.4268,0.375,150994944.0,590592,0,13,0.4274,counter,"[1, 128, 768]","[1, 128, 768]",1214.89,0.0,0.375,cpu_perf_counter,cpu
18,encoder.layer.1.attention.self.key,Linear,0.3709,0.375,150994944.0,590592,0,14,0.3715,counter,"[1, 128, 768]","[1, 128, 768]",1214.89,0.0,0.375,cpu_perf_counter,cpu
18,encoder.layer.1.attention.self.value,Linear,0.3761,0.375,150994944.0,590592,0,15,0.3767,counter,"[1, 128, 768]","[1, 128, 768]",1214.89,0.0,0.375,cpu_perf_counter,cpu
18,encoder.layer.1.attention.output.dense,Linear,0.406,0.375,150994944.0,590592,0,16,0.4066,counter,"[1, 128, 768]","[1, 128, 768]",1214.89,0.0,0.375,cpu_perf_counter,cpu
18,encoder.layer.1.attention.output.LayerNorm,LayerNorm,0.0373,0.375,491520.0,1536,0,17,0.0379,analytic,"[1, 128, 768]","[1, 128, 768]",1214.89,0.0,0.375,cpu_perf_counter,cpu
18,encoder.layer.1.intermediate.dense,Linear,1.7574,1.5,603979776.0,2362368,0,18,1.758,counter,"[1, 128, 768]","[1, 128, 3072]",1214.89,0.0,1.5,cpu_perf_counter,cpu
18,encoder.layer.1.intermediate.intermediate_act_fn,GELUActivation,0.1471,1.5,0.0,0,0,19,0.1477,none,"[1, 128, 3072]","[1, 128, 3072]",1214.89,0.0,1.5,cpu_perf_counter,cpu
18,encoder.layer.1.output.dense,Linear,1.4645,0.375,603979776.0,2360064,0,20,1.4651,counter,"[1, 128, 3072]","[1, 128, 768]",1214.89,0.0,0.375,cpu_perf_counter,cpu
18,encoder.layer.1.output.LayerNorm,LayerNorm,0.0442,0.375,491520.0,1536,0,21,0.0448,analytic,"[1, 128, 768]","[1, 128, 768]",1214.89,0.0,0.375,cpu_perf_counter,cpu
18,encoder.layer.2.attention.self.query,Linear,0.3911,0.375,150994944.0,590592,0,22,0.3917,counter,"[1, 128, 768]","[1, 128, 768]",1214.89,0.0,0.375,cpu_perf_counter,cpu
18,encoder.layer.2.attention.self.key,Linear,0.3847,0.375,150994944.0,590592,0,23,0.3853,counter,"[1, 128, 768]","[1, 128, 768]",1214.89,0.0,0.375,cpu_perf_counter,cpu
18,encoder.layer.2.attention.self.value,Linear,0.376,0.375,150994944.0,590592,0,24,0.3766,counter,"[1, 128, 768]","[1, 128, 768]",1214.89,0.0,0.375,cpu_perf_counter,cpu
18,encoder.layer.2.attention.output.dense,Linear,0.3944,0.375,150994944.0,590592,0,25,0.395,counter,"[1, 128, 768]","[1, 128, 768]",1214.89,0.0,0.375,cpu_perf_counter,cpu
18,encoder.layer.2.attention.output.LayerNorm,LayerNorm,0.038,0.375,491520.0,1536,0,26,0.0386,analytic,"[1, 128, 768]","[1, 128, 768]",1214.89,0.0,0.375,cpu_perf_counter,cpu
18,encoder.layer.2.intermediate.dense,Linear,1.7686,1.5,603979776.0,2362368,0,27,1.7692,counter,"[1, 128, 768]","[1, 128, 3072]",1214.89,0.0,1.5,cpu_perf_counter,cpu
18,encoder.layer.2.intermediate.intermediate_act_fn,GELUActivation,0.1523,1.5,0.0,0,0,28,0.1529,none,"[1, 128, 3072]","[1, 128, 3072]",1214.89,0.0,1.5,cpu_perf_counter,cpu
18,encoder.layer.2.output.dense,Linear,1.4646,0.375,603979776.0,2360064,0,29,1.4652,counter,"[1, 128, 3072]","[1, 128, 768]",1214.89,0.0,0.375,cpu_perf_counter,cpu
18,encoder.layer.2.output.LayerNorm,LayerNorm,0.0584,0.375,491520.0,1536,0,30,0.059,analytic,"[1, 128, 768]","[1, 128, 768]",1214.89,0.0,0.375,cpu_perf_counter,cpu
18,encoder.layer.3.attention.self.query,Linear,0.3858,0.375,150994944.0,590592,0,31,0.3864,counter,"[1, 128, 768]","[1, 128, 768]",1214.89,0.0,0.375,cpu_perf_counter,cpu
18,encoder.layer.3.attention.self.key,Linear,0.3744,0.375,150994944.0,590592,0,32,0.375,counter,"[1, 128, 768]","[1, 128, 768]",1214.89,0.0,0.375,cpu_perf_counter,cpu
18,encoder.layer.3.attention.self.value,Linear,0.4042,0.375,150994944.0,590592,0,33,0.4048,counter,"[1, 128, 768]","[1, 128, 768]",1214.89,0.0,0.375,cpu_perf_counter,cpu
18,encoder.layer.3.attention.output.dense,Linear,0.4039,0.375,150994944.0,590592,0,34,0.4045,counter,"[1, 128, 768]","[1, 128, 768]",1214.89,0.0,0.375,cpu_perf_counter,cpu
18,encoder.layer.3.attention.output.LayerNorm,LayerNorm,0.0317,0.375,491520.0,1536,0,35,0.0323,analytic,"[1, 128, 768]","[1, 128, 768]",1214.89,0.0,0.375,cpu_perf_counter,cpu
18,encoder.layer.3.intermediate.dense,Linear,1.7904,1.5,603979776.0,2362368,0,36,1.791,counter,"[1, 128, 768]","[1, 128, 3072]",1214.89,0.0,1.5,cpu_perf_counter,cpu
18,encoder.layer.3.intermediate.intermediate_act_fn,GELUActivation,0.1515,1.5,0.0,0,0,37,0.1521,none,"[1, 128, 3072]","[1, 128, 3072]",1214.89,0.0,1.5,cpu_perf_counter,cpu
18,encoder.layer.3.output.dense,Linear,1.513,0.375,603979776.0,2360064,0,38,1.5136,counter,"[1, 128, 3072]","[1, 128, 768]",1214.89,0.0,0.375,cpu_perf_counter,cpu
18,encoder.layer.3.output.LayerNorm,LayerNorm,0.0448,0.375,491520.0,1536,0,39,0.0454,analytic,"[1, 128, 768]","[1, 128, 768]",1214.89,0.0,0.375,cpu_perf_counter,cpu
18,encoder.layer.4.attention.self.query,Linear,0.4011,0.375,150994944.0,590592,0,40,0.4017,counter,"[1, 128, 768]","[1, 128, 768]",1214.89,0.0,0.375,cpu_perf_counter,cpu
18,encoder.layer.4.attention.self.key,Linear,0.4149,0.375,150994944.0,590592,0,41,0.4155,counter,"[1, 128, 768]","[1, 128, 768]",1214.89,0.0,0.375,cpu_perf_counter,cpu
18,encoder.layer.4.attention.self.value,Linear,0.3991,0.375,150994944.0,590592,0,42,0.3997,counter,"[1, 128, 768]","[1, 128, 768]",1214.89,0.0,0.375,cpu_perf_counter,cpu
18,encoder.layer.4.attention.output.dense,Linear,0.3978,0.375,150994944.0,590592,0,43,0.3984,counter,"[1, 128, 768]","[1, 128, 768]",1214.89,0.0,0.375,cpu_perf_counter,cpu
18,encoder.layer.4.attention.output.LayerNorm,LayerNorm,0.0331,0.375,491520.0,1536,0,44,0.0337,analytic,"[1, 128, 768]","[1, 128, 768]",1214.89,0.0,0.375,cpu_perf_counter,cpu
18,encoder.layer.4.intermediate.dense,Linear,1.7164,1.5,603979776.0,2362368,0,45,1.717,counter,"[1, 128, 768]","[1, 128, 3072]",1214.89,0.0,1.5,cpu_perf_counter,cpu
18,encoder.layer.4.intermediate.intermediate_act_fn,GELUActivation,0.1471,1.5,0.0,0,0,46,0.1477,none,"[1, 128, 3072]","[1, 128, 3072]",1214.89,0.0,1.5,cpu_perf_counter,cpu
18,encoder.layer.4.output.dense,Linear,1.4917,0.375,603979776.0,2360064,0,47,1.4923,counter,"[1, 128, 3072]","[1, 128, 768]",1214.89,0.0,0.375,cpu_perf_counter,cpu
18,encoder.layer.4.output.LayerNorm,LayerNorm,0.0448,0.375,491520.0,1536,0,48,0.0454,analytic,"[1, 128, 768]","[1, 128, 768]",1214.89,0.0,0.375,cpu_perf_counter,cpu
18,encoder.layer.5.attention.self.query,Linear,0.4019,0.375,150994944.0,590592,0,49,0.4025,counter,"[1, 128, 768]","[1, 128, 768]",1214.89,0.0,0.375,cpu_perf_counter,cpu
18,encoder.layer.5.attention.self.key,Linear,0.379,0.375,150994944.0,590592,0,50,0.3796,counter,"[1, 128, 768]","[1, 128, 768]",1214.89,0.0,0.375,cpu_perf_counter,cpu
18,encoder.layer.5.attention.self.value,Linear,0.3809,0.375,150994944.0,590592,0,51,0.3815,counter,"[1, 128, 768]","[1, 128, 768]",1214.89,0.0,0.375,cpu_perf_counter,cpu
18,encoder.layer.5.attention.output.dense,Linear,0.3915,0.375,150994944.0,590592,0,52,0.3921,counter,"[1, 128, 768]","[1, 128, 768]",1214.89,0.0,0.375,cpu_perf_counter,cpu
18,encoder.layer.5.attention.output.LayerNorm,LayerNorm,0.0333,0.375,491520.0,1536,0,53,0.0339,analytic,"[1, 128, 768]","[1, 128, 768]",1214.89,0.0,0.375,cpu_perf_counter,cpu
18,encoder.layer.5.intermediate.dense,Linear,1.7652,1.5,603979776.0,2362368,0,54,1.7658,counter,"[1, 128, 768]","[1, 128, 3072]",1214.89,0.0,1.5,cpu_perf_counter,cpu
18,encoder.layer.5.intermediate.intermediate_act_fn,GELUActivation,0.16,1.5,0.0,0,0,55,0.1606,none,"[1, 128, 3072]","[1, 128, 3072]",1214.89,0.0,1.5,cpu_perf_counter,cpu
18,encoder.layer.5.output.dense,Linear,1.5033,0.375,603979776.0,2360064,0,56,1.5039,counter,"[1, 128, 3072]","[1, 128, 768]",1214.89,0.0,0.375,cpu_perf_counter,cpu
18,encoder.layer.5.output.LayerNorm,LayerNorm,0.0479,0.375,491520.0,1536,0,57,0.0485,analytic,"[1, 128, 768]","[1, 128, 768]",1214.89,0.0,0.375,cpu_perf_counter,cpu
18,encoder.layer.6.attention.self.query,Linear,0.3938,0.375,150994944.0,590592,0,58,0.3944,counter,"[1, 128, 768]","[1, 128, 768]",1214.89,0.0,0.375,cpu_perf_counter,cpu
18,encoder.layer.6.attention.self.key,Linear,0.3779,0.375,150994944.0,590592,0,59,0.3785,counter,"[1, 128, 768]","[1, 128, 768]",1214.89,0.0,0.375,cpu_perf_counter,cpu
18,encoder.layer.6.attention.self.value,Linear,0.3826,0.375,150994944.0,590592,0,60,0.3832,counter,"[1, 128, 768]","[1, 128, 768]",1214.89,0.0,0.375,cpu_perf_counter,cpu
18,encoder.layer.6.attention.output.dense,Linear,0.3779,0.375,150994944.0,590592,0,61,0.3785,counter,"[1, 128, 768]","[1, 128, 768]",1214.89,0.0,0.375,cpu_perf_counter,cpu
18,encoder.layer.6.attention.output.LayerNorm,LayerNorm,0.0313,0.375,491520.0,1536,0,62,0.0319,analytic,"[1, 128, 768]","[1, 128, 768]",1214.89,0.0,0.375,cpu_perf_counter,cpu
18,encoder.layer.6.intermediate.dense,Linear,1.6998,1.5,603979776.0,2362368,0,63,1.7004,counter,"[1, 128, 768]","[1, 128, 3072]",1214.89,0.0,1.5,cpu_perf_counter,cpu
18,encoder.layer.6.intermediate.intermediate_act_fn,GELUActivation,0.1456,1.5,0.0,0,0,64,0.1462,none,"[1, 128, 3072]","[1, 128, 3072]",1214.89,0.0,1.5,cpu_perf_counter,cpu
18,encoder.layer.6.output.dense,Linear,1.4462,0.375,603979776.0,2360064,0,65,1.4468,counter,"[1, 128, 3072]","[1, 128, 768]",1214.89,0.0,0.375,cpu_perf_counter,cpu
18,encoder.layer.6.output.LayerNorm,LayerNorm,0.0485,0.375,491520.0,1536,0,66,0.0491,analytic,"[1, 128, 768]","[1, 128, 768]",1214.89,0.0,0.375,cpu_perf_counter,cpu
18,encoder.layer.7.attention.self.query,Linear,0.3906,0.375,150994944.0,590592,0,67,0.3912,counter,"[1, 128, 768]","[1, 128, 768]",1214.89,0.0,0.375,cpu_perf_counter,cpu
18,encoder.layer.7.attention.self.key,Linear,0.381,0.375,150994944.0,590592,0,68,0.3816,counter,"[1, 128, 768]","[1, 128, 768]",1214.89,0.0,0.375,cpu_perf_counter,cpu
18,encoder.layer.7.attention.self.value,Linear,0.3895,0.375,150994944.0,590592,0,69,0.3901,counter,"[1, 128, 768]","[1, 128, 768]",1214.89,0.0,0.375,cpu_perf_counter,cpu
18,encoder.layer.7.attention.output.dense,Linear,0.3918,0.375,150994944.0,590592,0,70,0.3924,counter,"[1, 128, 768]","[1, 128, 768]",1214.89,0.0,0.375,cpu_perf_counter,cpu
18,encoder.layer.7.attention.output.LayerNorm,LayerNorm,0.0388,0.375,491520.0,1536,0,71,0.0394,analytic,"[1, 128, 768]","[1, 128, 768]",1214.89,0.0,0.375,cpu_perf_counter,cpu
18,encoder.layer.7.intermediate.dense,Linear,1.7561,1.5,603979776.0,2362368,0,72,1.7567,counter,"[1, 128, 768]","[1, 128, 3072]",1214.89,0.0,1.5,cpu_perf_counter,cpu
18,encoder.layer.7.intermediate.intermediate_act_fn,GELUActivation,0.1488,1.5,0.0,0,0,73,0.1494,none,"[1, 128, 3072]","[1, 128, 3072]",1214.89,0.0,1.5,cpu_perf_counter,cpu
18,encoder.layer.7.output.dense,Linear,1.4629,0.375,603979776.0,2360064,0,74,1.4635,counter,"[1, 128, 3072]","[1, 128, 768]",1214.89,0.0,0.375,cpu_perf_counter,cpu
18,encoder.layer.7.output.LayerNorm,LayerNorm,0.0462,0.375,491520.0,1536,0,75,0.0468,analytic,"[1, 128, 768]","[1, 128, 768]",1214.89,0.0,0.375,cpu_perf_counter,cpu
18,encoder.layer.8.attention.self.query,Linear,0.3925,0.375,150994944.0,590592,0,76,0.3931,counter,"[1, 128, 768]","[1, 128, 768]",1214.89,0.0,0.375,cpu_perf_counter,cpu
18,encoder.layer.8.attention.self.key,Linear,0.3794,0.375,150994944.0,590592,0,77,0.38,counter,"[1, 128, 768]","[1, 128, 768]",1214.89,0.0,0.375,cpu_perf_counter,cpu
18,encoder.layer.8.attention.self.value,Linear,0.3764,0.375,150994944.0,590592,0,78,0.377,counter,"[1, 128, 768]","[1, 128, 768]",1214.89,0.0,0.375,cpu_perf_counter,cpu
18,encoder.layer.8.attention.output.dense,Linear,0.3841,0.375,150994944.0,590592,0,79,0.3847,counter,"[1, 128, 768]","[1, 128, 768]",1214.89,0.0,0.375,cpu_perf_counter,cpu
18,encoder.layer.8.attention.output.LayerNorm,LayerNorm,0.0322,0.375,491520.0,1536,0,80,0.0328,analytic,"[1, 128, 768]","[1, 128, 768]",1214.89,0.0,0.375,cpu_perf_counter,cpu
18,encoder.layer.8.intermediate.dense,Linear,1.8787,1.5,603979776.0,2362368,0,81,1.8793,counter,"[1, 128, 768]","[1, 128, 3072]",1214.89,0.0,1.5,cpu_perf_counter,cpu
18,encoder.layer.8.intermediate.intermediate_act_fn,GELUActivation,0.1669,1.5,0.0,0,0,82,0.1675,none,"[1, 128, 3072]","[1, 128, 3072]",1214.89,0.0,1.5,cpu_perf_counter,cpu
18,encoder.layer.8.output.dense,Linear,1.5167,0.375,603979776.0,2360064,0,83,1.5173,counter,"[1, 128, 3072]","[1, 128, 768]",1214.89,0.0,0.375,cpu_perf_counter,cpu
18,encoder.layer.8.output.LayerNorm,LayerNorm,0.0549,0.375,491520.0,1536,0,84,0.0555,analytic,"[1, 128, 768]","[1, 128, 768]",1214.89,0.0,0.375,cpu_perf_counter,cpu
18,encoder.layer.9.attention.self.query,Linear,0.4104,0.375,150994944.0,590592,0,85,0.411,counter,"[1, 128, 768]","[1, 128, 768]",1214.89,0.0,0.375,cpu_perf_counter,cpu
18,encoder.layer.9.attention.self.key,Linear,0.4082,0.375,150994944.0,590592,0,86,0.4088,counter,"[1, 128, 768]","[1, 128, 768]",1214.89,0.0,0.375,cpu_perf_counter,cpu
18,encoder.layer.9.attention.self.value,Linear,0.3857,0.375,150994944.0,590592,0,87,0.3863,counter,"[1, 128, 768]","[1, 128, 768]",1214.89,0.0,0.375,cpu_perf_counter,cpu
18,encoder.layer.9.attention.output.dense,Linear,0.3876,0.375,150994944.0,590592,0,88,0.3882,counter,"[1, 128, 768]","[1, 128, 768]",1214.89,0.0,0.375,cpu_perf_counter,cpu
18,encoder.layer.9.attention.output.LayerNorm,LayerNorm,0.0377,0.375,491520.0,1536,0,89,0.0383,analytic,"[1, 128, 768]","[1, 128, 768]",1214.89,0.0,0.375,cpu_perf_counter,cpu
18,encoder.layer.9.intermediate.dense,Linear,1.9058,1.5,603979776.0,2362368,0,90,1.9064,counter,"[1, 128, 768]","[1, 128, 3072]",1214.89,0.0,1.5,cpu_perf_counter,cpu
18,encoder.layer.9.intermediate.intermediate_act_fn,GELUActivation,0.1587,1.5,0.0,0,0,91,0.1593,none,"[1, 128, 3072]","[1, 128, 3072]",1214.89,0.0,1.5,cpu_perf_counter,cpu
18,encoder.layer.9.output.dense,Linear,1.5103,0.375,603979776.0,2360064,0,92,1.5109,counter,"[1, 128, 3072]","[1, 128, 768]",1214.89,0.0,0.375,cpu_perf_counter,cpu
18,encoder.layer.9.output.LayerNorm,LayerNorm,0.0456,0.375,491520.0,1536,0,93,0.0462,analytic,"[1, 128, 768]","[1, 128, 768]",1214.89,0.0,0.375,cpu_perf_counter,cpu
18,encoder.layer.10.attention.self.query,Linear,0.3972,0.375,150994944.0,590592,0,94,0.3978,counter,"[1, 128, 768]","[1, 128, 768]",1214.89,0.0,0.375,cpu_perf_counter,cpu
18,encoder.layer.10.attention.self.key,Linear,0.3775,0.375,150994944.0,590592,0,95,0.3781,counter,"[1, 128, 768]","[1, 128, 768]",1214.89,0.0,0.375,cpu_perf_counter,cpu
18,encoder.layer.10.attention.self.value,Linear,0.3917,0.375,150994944.0,590592,0,96,0.3923,counter,"[1, 128, 768]","[1, 128, 768]",1214.89,0.0,0.375,cpu_perf_counter,cpu
18,encoder.layer.10.attention.output.dense,Linear,0.3834,0.375,150994944.0,590592,0,97,0.384,counter,"[1, 128, 768]","[1, 128, 768]",1214.89,0.0,0.375,cpu_perf_counter,cpu
18,encoder.layer.10.attention.output.LayerNorm,LayerNorm,0.0339,0.375,491520.0,1536,0,98,0.0345,analytic,"[1, 128, 768]","[1, 128, 768]",1214.89,0.0,0.375,cpu_perf_counter,cpu
18,encoder.layer.10.intermediate.dense,Linear,1.7932,1.5,603979776.0,2362368,0,99,1.7938,counter,"[1, 128, 768]","[1, 128, 3072]",1214.89,0.0,1.5,cpu_perf_counter,cpu
18,encoder.layer.10.intermediate.intermediate_act_fn,GELUActivation,0.1431,1.5,0.0,0,0,100,0.1437,none,"[1, 128, 3072]","[1, 128, 3072]",1214.89,0.0,1.5,cpu_perf_counter,cpu
18,encoder.layer.10.output.dense,Linear,1.5331,0.375,603979776.0,2360064,0,101,1.5337,counter,"[1, 128, 3072]","[1, 128, 768]",1214.89,0.0,0.375,cpu_perf_counter,cpu
18,encoder.layer.10.output.LayerNorm,LayerNorm,0.0448,0.375,491520.0,1536,0,102,0.0454,analytic,"[1, 128, 768]","[1, 128, 768]",1214.89,0.0,0.375,cpu_perf_counter,cpu
18,encoder.layer.11.attention.self.query,Linear,0.3866,0.375,150994944.0,590592,0,103,0.3872,counter,"[1, 128, 768]","[1, 128, 768]",1214.89,0.0,0.375,cpu_perf_counter,cpu
18,encoder.layer.11.attention.self.key,Linear,0.378,0.375,150994944.0,590592,0,104,0.3786,counter,"[1, 128, 768]","[1, 128, 768]",1214.89,0.0,0.375,cpu_perf_counter,cpu
18,encoder.layer.11.attention.self.value,Linear,0.4517,0.375,150994944.0,590592,0,105,0.4523,counter,"[1, 128, 768]","[1, 128, 768]",1214.89,0.0,0.375,cpu_perf_counter,cpu
18,encoder.layer.11.attention.output.dense,Linear,0.399,0.375,150994944.0,590592,0,106,0.3996,counter,"[1, 128, 768]","[1, 128, 768]",1214.89,0.0,0.375,cpu_perf_counter,cpu
18,encoder.layer.11.attention.output.LayerNorm,LayerNorm,0.0418,0.375,491520.0,1536,0,107,0.0424,analytic,"[1, 128, 768]","[1, 128, 768]",1214.89,0.0,0.375,cpu_perf_counter,cpu
18,encoder.layer.11.intermediate.dense,Linear,1.8928,1.5,603979776.0,2362368,0,108,1.8934,counter,"[1, 128, 768]","[1, 128, 3072]",1214.89,0.0,1.5,cpu_perf_counter,cpu
18,encoder.layer.11.intermediate.intermediate_act_fn,GELUActivation,0.1506,1.5,0.0,0,0,109,0.1512,none,"[1, 128, 3072]","[1, 128, 3072]",1214.89,0.0,1.5,cpu_perf_counter,cpu
18,encoder.layer.11.output.dense,Linear,1.4922,0.375,603979776.0,2360064,0,110,1.4928,counter,"[1, 128, 3072]","[1, 128, 768]",1214.89,0.0,0.375,cpu_perf_counter,cpu
18,encoder.layer.11.output.LayerNorm,LayerNorm,0.0446,0.375,491520.0,1536,0,111,0.0452,analytic,"[1, 128, 768]","[1, 128, 768]",1214.89,0.0,0.375,cpu_perf_counter,cpu
18,pooler.dense,Linear,0.1368,0.00293,1179648.0,590592,0,112,0.1374,counter,"[1, 768]","[1, 768]",1214.89,0.0,0.003,cpu_perf_counter,cpu
18,pooler.activation,Tanh,0.0172,0.00293,3072.0,0,0,113,0.0178,analytic,"[1, 768]","[1, 768]",1214.89,0.0,0.003,cpu_perf_counter,cpu
19,embeddings.word_embeddings,Embedding,0.0539,0.375,0.0,23440896,0,0,0.0545,none,"[1, 128]","[1, 128, 768]",1214.89,0.0,0.375,cpu_perf_counter,cpu
19,embeddings.token_type_embeddings,Embedding,0.0323,0.375,0.0,1536,0,1,0.0329,none,"[1, 128]","[1, 128, 768]",1214.89,0.0,0.375,cpu_perf_counter,cpu
19,embeddings.position_embeddings,Embedding,0.0235,0.375,0.0,393216,0,2,0.0241,none,"[1, 128]","[1, 128, 768]",1214.89,0.0,0.375,cpu_perf_counter,cpu
19,embeddings.LayerNorm,LayerNorm,0.0298,0.375,491520.0,1536,0,3,0.0304,analytic,"[1, 128, 768]","[1, 128, 768]",1214.89,0.0,0.375,cpu_perf_counter,cpu
19,encoder.layer.0.attention.self.query,Linear,0.3834,0.375,150994944.0,590592,0,4,0.384,counter,"[1, 128, 768]","[1, 128, 768]",1214.89,0.0,0.375,cpu_perf_counter,cpu
19,encoder.layer.0.attention.self.key,Linear,0.3684,0.375,150994944.0,590592,0,5,0.369,counter,"[1, 128, 768]","[1, 128, 768]",1214.89,0.0,0.375,cpu_perf_counter,cpu
19,encoder.layer.0.attention.self.value,Linear,0.3748,0.375,150994944.0,590592,0,6,0.3754,counter,"[1, 128, 768]","[1, 128, 768]",1214.89,0.0,0.375,cpu_perf_counter,cpu
19,encoder.layer.0.attention.output.dense,Linear,0.3905,0.375,150994944.0,590592,0,7,0.3911,counter,"[1, 128, 768]","[1, 128, 768]",1214.89,0.0,0.375,cpu_perf_counter,cpu
19,encoder.layer.0.attention.output.LayerNorm,LayerNorm,0.0316,0.375,491520.0,1536,0,8,0.0322,analytic,"[1, 128, 768]","[1, 128, 768]",1214.89,0.0,0.375,cpu_perf_counter,cpu
19,encoder.layer.0.intermediate.dense,Linear,1.7841,1.5,603979776.0,2362368,0,9,1.7847,counter,"[1, 128, 768]","[1, 128, 3072]",1214.89,0.0,1.5,cpu_perf_counter,cpu
19,encoder.layer.0.intermediate.intermediate_act_fn,GELUActivation,0.1539,1.5,0.0,0,0,10,0.1545,none,"[1, 128, 3072]","[1, 128, 3072]",1214.89,0.0,1.5,cpu_perf_counter,cpu
19,encoder.layer.0.output.dense,Linear,1.4824,0.375,603979776.0,2360064,0,11,1.483,counter,"[1, 128, 3072]","[1, 128, 768]",1214.89,0.0,0.375,cpu_perf_counter,cpu
19,encoder.layer.0.output.LayerNorm,LayerNorm,0.0586,0.375,491520.0,1536,0,12,0.0592,analytic,"[1, 128, 768]","[1, 128, 768]",1214.89,0.0,0.375,cpu_perf_counter,cpu
19,encoder.layer.1.attention.self.query,Linear,0.4424,0.375,150994944.0,590592,0,13,0.443,counter,"[1, 128, 768]","[1, 128, 768]",1214.89,0.0,0.375,cpu_perf_counter,cpu
19,encoder.layer.1.attention.self.key,Linear,0.3749,0.375,150994944.0,590592,0,14,0.3755,counter,"[1, 128, 768]","[1, 128, 768]",1214.89,0.0,0.375,cpu_perf_counter,cpu
19,encoder.layer.1.attention.self.value,Linear,0.3862,0.375,150994944.0,590592,0,15,0.3868,counter,"[1, 128, 768]","[1, 128, 768]",1214.89,0.0,0.375,cpu_perf_counter,cpu
19,encoder.layer.1.attention.output.dense,Linear,0.402,0.375,150994944.0,590592,0,16,0.4026,counter,"[1, 128, 768]","[1, 128, 768]",1214.89,0.0,0.375,cpu_perf_counter,cpu
19,encoder.layer.1.attention.output.LayerNorm,LayerNorm,0.0385,0.375,491520.0,1536,0,17,0.0391,analytic,"[1, 128, 768]","[1, 128, 768]",1214.89,0.0,0.375,cpu_perf_counter,cpu
19,encoder.layer.1.intermediate.dense,Linear,1.754,1.5,603979776.0,2362368,0,18,1.7546,counter,"[1, 128, 768]","[1, 128, 3072]",1214.89,0.0,1.5,cpu_perf_counter,cpu
19,encoder.layer.1.intermediate.intermediate_act_fn,GELUActivation,0.1323,1.5,0.0,0,0,19,0.1329,none,"[1, 128, 3072]","[1, 128, 3072]",1214.89,0.0,1.5,cpu_perf_counter,cpu
19,encoder.layer.1.output.dense,Linear,1.394,0.375,603979776.0,2360064,0,20,1.3946,counter,"[1, 128, 3072]","[1, 128, 768]",1214.89,0.0,0.375,cpu_perf_counter,cpu
19,encoder.layer.1.output.LayerNorm,LayerNorm,0.045,0.375,491520.0,1536,0,21,0.0456,analytic,"[1, 128, 768]","[1, 128, 768]",1214.89,0.0,0.375,cpu_perf_counter,cpu
19,encoder.layer.2.attention.self.query,Linear,0.4176,0.375,150994944.0,590592,0,22,0.4182,counter,"[1, 128, 768]","[1, 128, 768]",1214.89,0.0,0.375,cpu_perf_counter,cpu
19,encoder.layer.2.attention.self.key,Linear,0.4233,0.375,150994944.0,590592,0,23,0.4239,counter,"[1, 128, 768]","[1, 128, 768]",1214.89,0.0,0.375,cpu_perf_counter,cpu
19,encoder.layer.2.attention.self.value,Linear,0.403,0.375,150994944.0,590592,0,24,0.4036,counter,"[1, 128, 768]","[1, 128, 768]",1214.89,0.0,0.375,cpu_perf_counter,cpu
19,encoder.layer.2.attention.output.dense,Linear,0.4098,0.375,150994944.0,590592,0,25,0.4104,counter,"[1, 128, 768]","[1, 128, 768]",1214.89,0.0,0.375,cpu_perf_counter,cpu
19,encoder.layer.2.attention.output.LayerNorm,LayerNorm,0.0376,0.375,491520.0,1536,0,26,0.0382,analytic,"[1, 128, 768]","[1, 128, 768]",1214.89,0.0,0.375,cpu_perf_counter,cpu
19,encoder.layer.2.intermediate.dense,Linear,1.7982,1.5,603979776.0,2362368,0,27,1.7988,counter,"[1, 128, 768]","[1, 128, 3072]",1214.89,0.0,1.5,cpu_perf_counter,cpu
19,encoder.layer.2.intermediate.intermediate_act_fn,GELUActivation,0.1358,1.5,0.0,0,0,28,0.1364,none,"[1, 128, 3072]","[1, 128, 3072]",1214.89,0.0,1.5,cpu_perf_counter,cpu
19,encoder.layer.2.output.dense,Linear,1.544,0.375,603979776.0,2360064,0,29,1.5446,counter,"[1, 128, 3072]","[1, 128, 768]",1214.89,0.0,0.375,cpu_perf_counter,cpu
19,encoder.layer.2.output.LayerNorm,LayerNorm,0.042,0.375,491520.0,1536,0,30,0.0426,analytic,"[1, 128, 768]","[1, 128, 768]",1214.89,0.0,0.375,cpu_perf_counter,cpu
19,encoder.layer.3.attention.self.query,Linear,0.4049,0.375,150994944.0,590592,0,31,0.4055,counter,"[1, 128, 768]","[1, 128, 768]",1214.89,0.0,0.375,cpu_perf_counter,cpu
19,encoder.layer.3.attention.self.key,Linear,0.3861,0.375,150994944.0,590592,0,32,0.3867,counter,"[1, 128, 768]","[1, 128, 768]",1214.89,0.0,0.375,cpu_perf_counter,cpu
19,encoder.layer.3.attention.self.value,Linear,0.3957,0.375,150994944.0,590592,0,33,0.3963,counter,"[1, 128, 768]","[1, 128, 768]",1214.89,0.0,0.375,cpu_perf_counter,cpu
19,encoder.layer.3.attention.output.dense,Linear,0.3904,0.375,150994944.0,590592,0,34,0.391,counter,"[1, 128, 768]","[1, 128, 768]",1214.89,0.0,0.375,cpu_perf_counter,cpu
19,encoder.layer.3.attention.output.LayerNorm,LayerNorm,0.0275,0.375,491520.0,1536,0,35,0.0281,analytic,"[1, 128, 768]","[1, 128, 768]",1214.89,0.0,0.375,cpu_perf_counter,cpu
19,encoder.layer.3.intermediate.dense,Linear,1.767,1.5,603979776.0,2362368,0,36,1.7676,counter,"[1, 128, 768]","[1, 128, 3072]",1214.89,0.0,1.5,cpu_perf_counter,cpu
19,encoder.layer.3.intermediate.intermediate_act_fn,GELUActivation,0.1261,1.5,0.0,0,0,37,0.1267,none,"[1, 128, 3072]","[1, 128, 3072]",1214.89,0.0,1.5,cpu_perf_counter,cpu
19,encoder.layer.3.output.dense,Linear,1.5421,0.375,603979776.0,2360064,0,38,1.5427,counter,"[1, 128, 3072]","[1, 128, 768]",1214.89,0.0,0.375,cpu_perf_counter,cpu
19,encoder.layer.3.output.LayerNorm,LayerNorm,0.0395,0.375,491520.0,1536,0,39,0.0401,analytic,"[1, 128, 768]","[1, 128, 768]",1214.89,0.0,0.375,cpu_perf_counter,cpu
19,encoder.layer.4.attention.self.query,Linear,0.393,0.375,150994944.0,590592,0,40,0.3936,counter,"[1, 128, 768]","[1, 128, 768]",1214.89,0.0,0.375,cpu_perf_counter,cpu
19,encoder.layer.4.attention.self.key,Linear,0.3933,0.375,150994944.0,590592,0,41,0.3939,counter,"[1, 128, 768]","[1, 128, 768]",1214.89,0.0,0.375,cpu_perf_counter,cpu
19,encoder.layer.4.attention.self.value,Linear,0.3802,0.375,150994944.0,590592,0,42,0.3808,counter,"[1, 128, 768]","[1, 128, 768]",1214.89,0.0,0.375,cpu_perf_counter,cpu
19,encoder.layer.4.attention.output.dense,Linear,0.3817,0.375,150994944.0,590592,0,43,0.3823,counter,"[1, 128, 768]","[1, 128, 768]",1214.89,0.0,0.375,cpu_perf_counter,cpu
19,encoder.layer.4.attention.output.LayerNorm,LayerNorm,0.027,0.375,491520.0,1536,0,44,0.0276,analytic,"[1, 128, 768]","[1, 128, 768]",1214.89,0.0,0.375,cpu_perf_counter,cpu
19,encoder.layer.4.intermediate.dense,Linear,1.7757,1.5,603979776.0,2362368,0,45,1.7763,counter,"[1, 128, 768]","[1, 128, 3072]",1214.89,0.0,1.5,cpu_perf_counter,cpu
19,encoder.layer.4.intermediate.intermediate_act_fn,GELUActivation,0.1414,1.5,0.0,0,0,46,0.142,none,"[1, 128, 3072]","[1, 128, 3072]",1214.89,0.0,1.5,cpu_perf_counter,cpu
19,encoder.layer.4.output.dense,Linear,1.4837,0.375,603979776.0,2360064,0,47,1.4843,counter,"[1, 128, 3072]","[1, 128, 768]",1214.89,0.0,0.375,cpu_perf_counter,cpu
19,encoder.layer.4.output.LayerNorm,LayerNorm,0.0403,0.375,491520.0,1536,0,48,0.0409,analytic,"[1, 128, 768]","[1, 128, 768]",1214.89,0.0,0.375,cpu_perf_counter,cpu
19,encoder.layer.5.attention.self.query,Linear,0.409,0.375,150994944.0,590592,0,49,0.4096,counter,"[1, 128, 768]","[1, 128, 768]",1214.89,0.0,0.375,cpu_perf_counter,cpu
19,encoder.layer.5.attention.self.key,Linear,0.3655,0.375,150994944.0,590592,0,50,0.3661,counter,"[1, 128, 768]","[1, 128, 768]",1214.89,0.0,0.375,cpu_perf_counter,cpu
19,encoder.layer.5.attention.self.value,Linear,0.3753,0.375,150994944.0,590592,0,51,0.3759,counter,"[1, 128, 768]","[1, 128, 768]",1214.89,0.0,0.375,cpu_perf_counter,cpu
19,encoder.layer.5.attention.output.dense,Linear,0.3777,0.375,150994944.0,590592,0,52,0.3783,counter,"[1, 128, 768]","[1, 128, 768]",1214.89,0.0,0.375,cpu_perf_counter,cpu
19,encoder.layer.5.attention.output.LayerNorm,LayerNorm,0.0384,0.375,491520.0,1536,0,53,0.039,analytic,"[1, 128, 768]","[1, 128, 768]",1214.89,0.0,0.375,cpu_perf_counter,cpu
19,encoder.layer.5.intermediate.dense,Linear,1.6845,1.5,603979776.0,2362368,0,54,1.6851,counter,"[1, 128, 768]","[1, 128, 3072]",1214.89,0.0,1.5,cpu_perf_counter,cpu
19,encoder.layer.5.intermediate.intermediate_act_fn,GELUActivation,0.126,1.5,0.0,0,0,55,0.1266,none,"[1, 128, 3072]","[1, 128, 3072]",1214.89,0.0,1.5,cpu_perf_counter,cpu
19,encoder.layer.5.output.dense,Linear,1.4778,0.375,603979776.0,2360064,0,56,1.4784,counter,"[1, 128, 3072]","[1, 128, 768]",1214.89,0.0,0.375,cpu_perf_counter,cpu
19,encoder.layer.5.output.LayerNorm,LayerNorm,0.0427,0.375,491520.0,1536,0,57,0.0433,analytic,"[1, 128, 768]","[1, 128, 768]",1214.89,0.0,0.375,cpu_perf_counter,cpu
19,encoder.layer.6.attention.self.query,Linear,0.3905,0.375,150994944.0,590592,0,58,0.3911,counter,"[1, 128, 768]","[1, 128, 768]",1214.89,0.0,0.375,cpu_perf_counter,cpu
19,encoder.layer.6.attention.self.key,Linear,0.3695,0.375,150994944.0,590592,0,59,0.3701,counter,"[1, 128, 768]","[1, 128, 768]",1214.89,0.0,0.375,cpu_perf_counter,cpu
19,encoder.layer.6.attention.self.value,Linear,0.3647,0.375,150994944.0,590592,0,60,0.3653,counter,"[1, 128, 768]","[1, 128, 768]",1214.89,0.0,0.375,cpu_perf_counter,cpu
19,encoder.layer.6.attention.output.dense,Linear,0.3967,0.375,150994944.0,590592,0,61,0.3973,counter,"[1, 128, 768]","[1, 128, 768]",1214.89,0.0,0.375,cpu_perf_counter,cpu
19,encoder.layer.6.attention.output.LayerNorm,LayerNorm,0.0269,0.375,491520.0,1536,0,62,0.0275,analytic,"[1, 128, 768]","[1, 128, 768]",1214.89,0.0,0.375,cpu_perf_counter,cpu
19,encoder.layer.6.intermediate.dense,Linear,1.6127,1.5,603979776.0,2362368,0,63,1.6133,counter,"[1, 128, 768]","[1, 128, 3072]",1214.89,0.0,1.5,cpu_perf_counter,cpu
19,encoder.layer.6.intermediate.intermediate_act_fn,GELUActivation,0.1245,1.5,0.0,0,0,64,0.1251,none,"[1, 128, 3072]","[1, 128, 3072]",1214.89,0.0,1.5,cpu_perf_counter,cpu
19,encoder.layer.6.output.dense,Linear,1.4975,0.375,603979776.0,2360064,0,65,1.4981,counter,"[1, 128, 3072]","[1, 128, 768]",1214.89,0.0,0.375,cpu_perf_counter,cpu
19,encoder.layer.6.output.LayerNorm,LayerNorm,0.0411,0.375,491520.0,1536,0,66,0.0417,analytic,"[1, 128, 768]","[1, 128, 768]",1214.89,0.0,0.375,cpu_perf_counter,cpu
19,encoder.layer.7.attention.self.query,Linear,0.3846,0.375,150994944.0,590592,0,67,0.3852,counter,"[1, 128, 768]","[1, 128, 768]",1214.89,0.0,0.375,cpu_perf_counter,cpu
19,encoder.layer.7.attention.self.key,Linear,0.3722,0.375,150994944.0,590592,0,68,0.3728,counter,"[1, 128, 768]","[1, 128, 768]",1214.89,0.0,0.375,cpu_perf_counter,cpu
19,encoder.layer.7.attention.self.value,Linear,0.3833,0.375,150994944.0,590592,0,69,0.3839,counter,"[1, 128, 768]","[1, 128, 768]",1214.89,0.0,0.375,cpu_perf_counter,cpu
19,encoder.layer.7.attention.output.dense,Linear,0.3892,0.375,150994944.0,590592,0,70,0.3898,counter,"[1, 128, 768]","[1, 128, 768]",1214.89,0.0,0.375,cpu_perf_counter,cpu
19,encoder.layer.7.attention.output.LayerNorm,LayerNorm,0.0317,0.375,491520.0,1536,0,71,0.0323,analytic,"[1, 128, 768]","[1, 128, 768]",1214.89,0.0,0.375,cpu_perf_counter,cpu
19,encoder.layer.7.intermediate.dense,Linear,1.6237,1.5,603979776.0,2362368,0,72,1.6243,counter,"[1, 128, 768]","[1, 128, 3072]",1214.89,0.0,1.5,cpu_perf_counter,cpu
19,encoder.layer.7.intermediate.intermediate_act_fn,GELUActivation,0.1596,1.5,0.0,0,0,73,0.1602,none,"[1, 128, 3072]","[1, 128, 3072]",1214.89,0.0,1.5,cpu_perf_counter,cpu
19,encoder.layer.7.output.dense,Linear,1.3261,0.375,603979776.0,2360064,0,74,1.3267,counter,"[1, 128, 3072]","[1, 128, 768]",1214.89,0.0,0.375,cpu_perf_counter,cpu
19,encoder.layer.7.output.LayerNorm,LayerNorm,0.0547,0.375,491520.0,1536,0,75,0.0553,analytic,"[1, 128, 768]","[1, 128, 768]",1214.89,0.0,0.375,cpu_perf_counter,cpu
19,encoder.layer.8.attention.self.query,Linear,0.4173,0.375,150994944.0,590592,0,76,0.4179,counter,"[1, 128, 768]","[1, 128, 768]",1214.89,0.0,0.375,cpu_perf_counter,cpu
19,encoder.layer.8.attention.self.key,Linear,0.4296,0.375,150994944.0,590592,0,77,0.4302,counter,"[1, 128, 768]","[1, 128, 768]",1214.89,0.0,0.375,cpu_perf_counter,cpu
19,encoder.layer.8.attention.self.value,Linear,0.4015,0.375,150994944.0,590592,0,78,0.4021,counter,"[1, 128, 768]","[1, 128, 768]",1214.89,0.0,0.375,cpu_perf_counter,cpu
19,encoder.layer.8.attention.output.dense,Linear,0.3966,0.375,150994944.0,590592,0,79,0.3972,counter,"[1, 128, 768]","[1, 128, 768]",1214.89,0.0,0.375,cpu_perf_counter,cpu
19,encoder.layer.8.attention.output.LayerNorm,LayerNorm,0.0351,0.375,491520.0,1536,0,80,0.0357,analytic,"[1, 128, 768]","[1, 128, 768]",1214.89,0.0,0.375,cpu_perf_counter,cpu
19,encoder.layer.8.intermediate.dense,Linear,1.8413,1.5,603979776.0,2362368,0,81,1.8419,counter,"[1, 128, 768]","[1, 128, 3072]",1214.89,0.0,1.5,cpu_perf_counter,cpu
19,encoder.layer.8.intermediate.intermediate_act_fn,GELUActivation,0.1434,1.5,0.0,0,0,82,0.144,none,"[1, 128, 3072]","[1, 128, 3072]",1214.89,0.0,1.5,cpu_perf_counter,cpu
19,encoder.layer.8.output.dense,Linear,1.5142,0.375,603979776.0,2360064,0,83,1.5148,counter,"[1, 128, 3072]","[1, 128, 768]",1214.89,0.0,0.375,cpu_perf_counter,cpu
19,encoder.layer.8.output.LayerNorm,LayerNorm,0.0446,0.375,491520.0,1536,0,84,0.0452,analytic,"[1, 128, 768]","[1, 128, 768]",1214.89,0.0,0.375,cpu_perf_counter,cpu
19,encoder.layer.9.attention.self.query,Linear,0.3924,0.375,150994944.0,590592,0,85,0.393,counter,"[1, 128, 768]","[1, 128, 768]",1214.89,0.0,0.375,cpu_perf_counter,cpu
19,encoder.layer.9.attention.self.key,Linear,0.3778,0.375,150994944.0,590592,0,86,0.3784,counter,"[1, 128, 768]","[1, 128, 768]",1214.89,0.0,0.375,cpu_perf_counter,cpu
19,encoder.layer.9.attention.self.value,Linear,0.3725,0.375,150994944.0,590592,0,87,0.3731,counter,"[1, 128, 768]","[1, 128, 768]",1214.89,0.0,0.375,cpu_perf_counter,cpu
19,encoder.layer.9.attention.output.dense,Linear,0.3865,0.375,150994944.0,590592,0,88,0.3871,counter,"[1, 128, 768]","[1, 128, 768]",1214.89,0.0,0.375,cpu_perf_counter,cpu
19,encoder.layer.9.attention.output.LayerNorm,LayerNorm,0.0339,0.375,491520.0,1536,0,89,0.0345,analytic,"[1, 128, 768]","[1, 128, 768]",1214.89,0.0,0.375,cpu_perf_counter,cpu
19,encoder.layer.9.intermediate.dense,Linear,1.9591,1.5,603979776.0,2362368,0,90,1.9597,counter,"[1, 128, 768]","[1, 128, 3072]",1214.89,0.0,1.5,cpu_perf_counter,cpu
19,encoder.layer.9.intermediate.intermediate_act_fn,GELUActivation,0.1525,1.5,0.0,0,0,91,0.1531,none,"[1, 128, 3072]","[1, 128, 3072]",1214.89,0.0,1.5,cpu_perf_counter,cpu
19,encoder.layer.9.output.dense,Linear,1.4863,0.375,603979776.0,2360064,0,92,1.4869,counter,"[1, 128, 3072]","[1, 128, 768]",1214.89,0.0,0.375,cpu_perf_counter,cpu
19,encoder.layer.9.output.LayerNorm,LayerNorm,0.0461,0.375,491520.0,1536,0,93,0.0467,analytic,"[1, 128, 768]","[1, 128, 768]",1214.89,0.0,0.375,cpu_perf_counter,cpu
19,encoder.layer.10.attention.self.query,Linear,0.388,0.375,150994944.0,590592,0,94,0.3886,counter,"[1, 128, 768]","[1, 128, 768]",1214.89,0.0,0.375,cpu_perf_counter,cpu
19,encoder.layer.10.attention.self.key,Linear,0.3702,0.375,150994944.0,590592,0,95,0.3708,counter,"[1, 128, 768]","[1, 128, 768]",1214.89,0.0,0.375,cpu_perf_counter,cpu
19,encoder.layer.10.attention.self.value,Linear,0.3782,0.375,150994944.0,590592,0,96,0.3788,counter,"[1, 128, 768]","[1, 128, 768]",1214.89,0.0,0.375,cpu_perf_counter,cpu
19,encoder.layer.10.attention.output.dense,Linear,0.3832,0.375,150994944.0,590592,0,97,0.3838,counter,"[1, 128, 768]","[1, 128, 768]",1214.89,0.0,0.375,cpu_perf_counter,cpu
19,encoder.layer.10.attention.output.LayerNorm,LayerNorm,0.034,0.375,491520.0,1536,0,98,0.0346,analytic,"[1, 128, 768]","[1, 128, 768]",1214.89,0.0,0.375,cpu_perf_counter,cpu
19,encoder.layer.10.intermediate.dense,Linear,1.8719,1.5,603979776.0,2362368,0,99,1.8725,counter,"[1, 128, 768]","[1, 128, 3072]",1214.89,0.0,1.5,cpu_perf_counter,cpu
19,encoder.layer.10.intermediate.intermediate_act_fn,GELUActivation,0.1547,1.5,0.0,0,0,100,0.1553,none,"[1, 128, 3072]","[1, 128, 3072]",1214.89,0.0,1.5,cpu_perf_counter,cpu
19,encoder.layer.10.output.dense,Linear,1.4834,0.375,603979776.0,2360064,0,101,1.484,counter,"[1, 128, 3072]","[1, 128, 768]",1214.89,0.0,0.375,cpu_perf_counter,cpu
19,encoder.layer.10.output.LayerNorm,LayerNorm,0.0432,0.375,491520.0,1536,0,102,0.0438,analytic,"[1, 128, 768]","[1, 128, 768]",1214.89,0.0,0.375,cpu_perf_counter,cpu
19,encoder.layer.11.attention.self.query,Linear,0.3899,0.375,150994944.0,590592,0,103,0.3905,counter,"[1, 128, 768]","[1, 128, 768]",1214.89,0.0,0.375,cpu_perf_counter,cpu
19,encoder.layer.11.attention.self.key,Linear,0.3818,0.375,150994944.0,590592,0,104,0.3824,counter,"[1, 128, 768]","[1, 128, 768]",1214.89,0.0,0.375,cpu_perf_counter,cpu
19,encoder.layer.11.attention.self.value,Linear,0.3897,0.375,150994944.0,590592,0,105,0.3903,counter,"[1, 128, 768]","[1, 128, 768]",1214.89,0.0,0.375,cpu_perf_counter,cpu
19,encoder.layer.11.attention.output.dense,Linear,0.3866,0.375,150994944.0,590592,0,106,0.3872,counter,"[1, 128, 768]","[1, 128, 768]",1214.89,0.0,0.375,cpu_perf_counter,cpu
19,encoder.layer.11.attention.output.LayerNorm,LayerNorm,0.0339,0.375,491520.0,1536,0,107,0.0345,analytic,"[1, 128, 768]","[1, 128, 768]",1214.89,0.0,0.375,cpu_perf_counter,cpu
19,encoder.layer.11.intermediate.dense,Linear,1.8768,1.5,603979776.0,2362368,0,108,1.8774,counter,"[1, 128, 768]","[1, 128, 3072]",1214.89,0.0,1.5,cpu_perf_counter,cpu
19,encoder.layer.11.intermediate.intermediate_act_fn,GELUActivation,0.1392,1.5,0.0,0,0,109,0.1398,none,"[1, 128, 3072]","[1, 128, 3072]",1214.89,0.0,1.5,cpu_perf_counter,cpu
19,encoder.layer.11.output.dense,Linear,1.5217,0.375,603979776.0,2360064,0,110,1.5223,counter,"[1, 128, 3072]","[1, 128, 768]",1214.89,0.0,0.375,cpu_perf_counter,cpu
19,encoder.layer.11.output.LayerNorm,LayerNorm,0.0481,0.375,491520.0,1536,0,111,0.0487,analytic,"[1, 128, 768]","[1, 128, 768]",1214.89,0.0,0.375,cpu_perf_counter,cpu
19,pooler.dense,Linear,0.1329,0.00293,1179648.0,590592,0,112,0.1335,counter,"[1, 768]","[1, 768]",1214.89,0.0,0.003,cpu_perf_counter,cpu
19,pooler.activation,Tanh,0.0171,0.00293,3072.0,0,0,113,0.0177,analytic,"[1, 768]","[1, 768]",1214.89,0.0,0.003,cpu_perf_counter,cpu
20,embeddings.word_embeddings,Embedding,0.0541,0.375,0.0,23440896,0,0,0.0547,none,"[1, 128]","[1, 128, 768]",1214.89,0.0,0.375,cpu_perf_counter,cpu
20,embeddings.token_type_embeddings,Embedding,0.0228,0.375,0.0,1536,0,1,0.0234,none,"[1, 128]","[1, 128, 768]",1214.89,0.0,0.375,cpu_perf_counter,cpu
20,embeddings.position_embeddings,Embedding,0.0247,0.375,0.0,393216,0,2,0.0253,none,"[1, 128]","[1, 128, 768]",1214.89,0.0,0.375,cpu_perf_counter,cpu
20,embeddings.LayerNorm,LayerNorm,0.0299,0.375,491520.0,1536,0,3,0.0305,analytic,"[1, 128, 768]","[1, 128, 768]",1214.89,0.0,0.375,cpu_perf_counter,cpu
20,encoder.layer.0.attention.self.query,Linear,0.3977,0.375,150994944.0,590592,0,4,0.3983,counter,"[1, 128, 768]","[1, 128, 768]",1214.89,0.0,0.375,cpu_perf_counter,cpu
20,encoder.layer.0.attention.self.key,Linear,0.371,0.375,150994944.0,590592,0,5,0.3716,counter,"[1, 128, 768]","[1, 128, 768]",1214.89,0.0,0.375,cpu_perf_counter,cpu
20,encoder.layer.0.attention.self.value,Linear,0.3679,0.375,150994944.0,590592,0,6,0.3685,counter,"[1, 128, 768]","[1, 128, 768]",1214.89,0.0,0.375,cpu_perf_counter,cpu
20,encoder.layer.0.attention.output.dense,Linear,0.3799,0.375,150994944.0,590592,0,7,0.3805,counter,"[1, 128, 768]","[1, 128, 768]",1214.89,0.0,0.375,cpu_perf_counter,cpu
20,encoder.layer.0.attention.output.LayerNorm,LayerNorm,0.0285,0.375,491520.0,1536,0,8,0.0291,analytic,"[1, 128, 768]","[1, 128, 768]",1214.89,0.0,0.375,cpu_perf_counter,cpu
20,encoder.layer.0.intermediate.dense,Linear,1.7916,1.5,603979776.0,2362368,0,9,1.7922,counter,"[1, 128, 768]","[1, 128, 3072]",1214.89,0.0,1.5,cpu_perf_counter,cpu
20,encoder.layer.0.intermediate.intermediate_act_fn,GELUActivation,0.136,1.5,0.0,0,0,10,0.1366,none,"[1, 128, 3072]","[1, 128, 3072]",1214.89,0.0,1.5,cpu_perf_counter,cpu
20,encoder.layer.0.output.dense,Linear,1.6439,0.375,603979776.0,2360064,0,11,1.6445,counter,"[1, 128, 3072]","[1, 128, 768]",1214.89,0.0,0.375,cpu_perf_counter,cpu
20,encoder.layer.0.output.LayerNorm,LayerNorm,0.0417,0.375,491520.0,1536,0,12,0.0423,analytic,"[1, 128, 768]","[1, 128, 768]",1214.89,0.0,0.375,cpu_perf_counter,cpu
20,encoder.layer.1.attention.self.query,Linear,0.4336,0.375,150994944.0,590592,0,13,0.4342,counter,"[1, 128, 768]","[1, 128, 768]",1214.89,0.0,0.375,cpu_perf_counter,cpu
20,encoder.layer.1.attention.self.key,Linear,0.3807,0.375,150994944.0,590592,0,14,0.3813,counter,"[1, 128, 768]","[1, 128, 768]",1214.89,0.0,0.375,cpu_perf_counter,cpu
20,encoder.layer.1.attention.self.value,Linear,0.3846,0.375,150994944.0,590592,0,15,0.3852,counter,"[1, 128, 768]","[1, 128, 768]",1214.89,0.0,0.375,cpu_perf_counter,cpu
20,encoder.layer.1.attention.output.dense,Linear,0.3828,0.375,150994944.0,590592,0,16,0.3834,counter,"[1, 128, 768]","[1, 128, 768]",1214.89,0.0,0.375,cpu_perf_counter,cpu
20,encoder.layer.1.attention.output.LayerNorm,LayerNorm,0.0469,0.375,491520.0,1536,0,17,0.0475,analytic,"[1, 128, 768]","[1, 128, 768]",1214.89,0.0,0.375,cpu_perf_counter,cpu
20,encoder.layer.1.intermediate.dense,Linear,1.5403,1.5,603979776.0,2362368,0,18,1.5409,counter,"[1, 128, 768]","[1, 128, 3072]",1214.89,0.0,1.5,cpu_perf_counter,cpu
20,encoder.layer.1.intermediate.intermediate_act_fn,GELUActivation,0.1378,1.5,0.0,0,0,19,0.1384,none,"[1, 128, 3072]","[1, 128, 3072]",1214.89,0.0,1.5,cpu_perf_counter,cpu
20,encoder.layer.1.output.dense,Linear,1.4813,0.375,603979776.0,2360064,0,20,1.4819,counter,"[1, 128, 3072]","[1, 128, 768]",1214.89,0.0,0.375,cpu_perf_counter,cpu
20,encoder.layer.1.output.LayerNorm,LayerNorm,0.0456,0.375,491520.0,1536,0,21,0.0462,analytic,"[1, 128, 768]","[1, 128, 768]",1214.89,0.0,0.375,cpu_perf_counter,cpu
20,encoder.layer.2.attention.self.query,Linear,0.3906,0.375,150994944.0,590592,0,22,0.3912,counter,"[1, 128, 768]","[1, 128, 768]",1214.89,0.0,0.375,cpu_perf_counter,cpu
20,encoder.layer.2.attention.self.key,Linear,0.3714,0.375,150994944.0,590592,0,23,0.372,counter,"[1, 128, 768]","[1, 128, 768]",1214.89,0.0,0.375,cpu_perf_counter,cpu
20,encoder.layer.2.attention.self.value,Linear,0.3788,0.375,150994944.0,590592,0,24,0.3794,counter,"[1, 128, 768]","[1, 128, 768]",1214.89,0.0,0.375,cpu_perf_counter,cpu
20,encoder.layer.2.attention.output.dense,Linear,0.3898,0.375,150994944.0,590592,0,25,0.3904,counter,"[1, 128, 768]","[1, 128, 768]",1214.89,0.0,0.375,cpu_perf_counter,cpu
20,encoder.layer.2.attention.output.LayerNorm,LayerNorm,0.0311,0.375,491520.0,1536,0,26,0.0317,analytic,"[1, 128, 768]","[1, 128, 768]",1214.89,0.0,0.375,cpu_perf_counter,cpu
20,encoder.layer.2.intermediate.dense,Linear,1.7503,1.5,603979776.0,2362368,0,27,1.7509,counter,"[1, 128, 768]","[1, 128, 3072]",1214.89,0.0,1.5,cpu_perf_counter,cpu
20,encoder.layer.2.intermediate.intermediate_act_fn,GELUActivation,0.1369,1.5,0.0,0,0,28,0.1375,none,"[1, 128, 3072]","[1, 128, 3072]",1214.89,0.0,1.5,cpu_perf_counter,cpu
20,encoder.layer.2.output.dense,Linear,1.4426,0.375,603979776.0,2360064,0,29,1.4432,counter,"[1, 128, 3072]","[1, 128, 768]",1214.89,0.0,0.375,cpu_perf_counter,cpu
20,encoder.layer.2.output.LayerNorm,LayerNorm,0.0401,0.375,491520.0,1536,0,30,0.0407,analytic,"[1, 128, 768]","[1, 128, 768]",1214.89,0.0,0.375,cpu_perf_counter,cpu
20,encoder.layer.3.attention.self.query,Linear,0.3782,0.375,150994944.0,590592,0,31,0.3788,counter,"[1, 128, 768]","[1, 128, 768]",1214.89,0.0,0.375,cpu_perf_counter,cpu
20,encoder.layer.3.attention.self.key,Linear,0.3675,0.375,150994944.0,590592,0,32,0.3681,counter,"[1, 128, 768]","[1, 128, 768]",1214.89,0.0,0.375,cpu_perf_counter,cpu
20,encoder.layer.3.attention.self.value,Linear,0.3719,0.375,150994944.0,590592,0,33,0.3725,counter,"[1, 128, 768]","[1, 128, 768]",1214.89,0.0,0.375,cpu_perf_counter,cpu
20,encoder.layer.3.attention.output.dense,Linear,0.3698,0.375,150994944.0,590592,0,34,0.3704,counter,"[1, 128, 768]","[1, 128, 768]",1214.89,0.0,0.375,cpu_perf_counter,cpu
20,encoder.layer.3.attention.output.LayerNorm,LayerNorm,0.0285,0.375,491520.0,1536,0,35,0.0291,analytic,"[1, 128, 768]","[1, 128, 768]",1214.89,0.0,0.375,cpu_perf_counter,cpu
20,encoder.layer.3.intermediate.dense,Linear,1.7282,1.5,603979776.0,2362368,0,36,1.7288,counter,"[1, 128, 768]","[1, 128, 3072]",1214.89,0.0,1.5,cpu_perf_counter,cpu
20,encoder.layer.3.intermediate.intermediate_act_fn,GELUActivation,0.1275,1.5,0.0,0,0,37,0.1281,none,"[1, 128, 3072]","[1, 128, 3072]",1214.89,0.0,1.5,cpu_perf_counter,cpu
20,encoder.layer.3.output.dense,Linear,1.4311,0.375,603979776.0,2360064,0,38,1.4317,counter,"[1, 128, 3072]","[1, 128, 768]",1214.89,0.0,0.375,cpu_perf_counter,cpu
20,encoder.layer.3.output.LayerNorm,LayerNorm,0.0404,0.375,491520.0,1536,0,39,0.041,analytic,"[1, 128, 768]","[1, 128, 768]",1214.89,0.0,0.375,cpu_perf_counter,cpu
20,encoder.layer.4.attention.self.query,Linear,0.4254,0.375,150994944.0,590592,0,40,0.426,counter,"[1, 128, 768]","[1, 128, 768]",1214.89,0.0,0.375,cpu_perf_counter,cpu
20,encoder.layer.4.attention.self.key,Linear,0.3997,0.375,150994944.0,590592,0,41,0.4003,counter,"[1, 128, 768]","[1, 128, 768]",1214.89,0.0,0.375,cpu_perf_counter,cpu
20,encoder.layer.4.attention.self.value,Linear,0.4061,0.375,150994944.0,590592,0,42,0.4067,counter,"[1, 128, 768]","[1, 128, 768]",1214.89,0.0,0.375,cpu_perf_counter,cpu
20,encoder.layer.4.attention.output.dense,Linear,0.3986,0.375,150994944.0,590592,0,43,0.3992,counter,"[1, 128, 768]","[1, 128, 768]",1214.89,0.0,0.375,cpu_perf_counter,cpu
20,encoder.layer.4.attention.output.LayerNorm,LayerNorm,0.0323,0.375,491520.0,1536,0,44,0.0329,analytic,"[1, 128, 768]","[1, 128, 768]",1214.89,0.0,0.375,cpu_perf_counter,cpu
20,encoder.layer.4.intermediate.dense,Linear,1.8875,1.5,603979776.0,2362368,0,45,1.8881,counter,"[1, 128, 768]","[1, 128, 3072]",1214.89,0.0,1.5,cpu_perf_counter,cpu
20,encoder.layer.4.intermediate.intermediate_act_fn,GELUActivation,0.1386,1.5,0.0,0,0,46,0.1392,none,"[1, 128, 3072]","[1, 128, 3072]",1214.89,0.0,1.5,cpu_perf_counter,cpu
20,encoder.layer.4.output.dense,Linear,1.6719,0.375,603979776.0,2360064,0,47,1.6725,counter,"[1, 128, 3072]","[1, 128, 768]",1214.89,0.0,0.375,cpu_perf_counter,cpu
20,encoder.layer.4.output.LayerNorm,LayerNorm,0.0408,0.375,491520.0,1536,0,48,0.0414,analytic,"[1, 128, 768]","[1, 128, 768]",1214.89,0.0,0.375,cpu_perf_counter,cpu
20,encoder.layer.5.attention.self.query,Linear,0.4021,0.375,150994944.0,590592,0,49,0.4027,counter,"[1, 128, 768]","[1, 128, 768]",1214.89,0.0,0.375,cpu_perf_counter,cpu
20,encoder.layer.5.attention.self.key,Linear,0.3805,0.375,150994944.0,590592,0,50,0.3811,counter,"[1, 128, 768]","[1, 128, 768]",1214.89,0.0,0.375,cpu_perf_counter,cpu
20,encoder.layer.5.attention.self.value,Linear,0.3828,0.375,150994944.0,590592,0,51,0.3834,counter,"[1, 128, 768]","[1, 128, 768]",1214.89,0.0,0.375,cpu_perf_counter,cpu
20,encoder.layer.5.attention.output.dense,Linear,0.3857,0.375,150994944.0,590592,0,52,0.3863,counter,"[1, 128, 768]","[1, 128, 768]",1214.89,0.0,0.375,cpu_perf_counter,cpu
20,encoder.layer.5.attention.output.LayerNorm,LayerNorm,0.0312,0.375,491520.0,1536,0,53,0.0318,analytic,"[1, 128, 768]","[1, 128, 768]",1214.89,0.0,0.375,cpu_perf_counter,cpu
20,encoder.layer.5.intermediate.dense,Linear,1.7318,1.5,603979776.0,2362368,0,54,1.7324,counter,"[1, 128, 768]","[1, 128, 3072]",1214.89,0.0,1.5,cpu_perf_counter,cpu
20,encoder.layer.5.intermediate.intermediate_act_fn,GELUActivation,0.127,1.5,0.0,0,0,55,0.1276,none,"[1, 128, 3072]","[1, 128, 3072]",1214.89,0.0,1.5,cpu_perf_counter,cpu
20,encoder.layer.5.output.dense,Linear,1.673,0.375,603979776.0,2360064,0,56,1.6736,counter,"[1, 128, 3072]","[1, 128, 768]",1214.89,0.0,0.375,cpu_perf_counter,cpu
20,encoder.layer.5.output.LayerNorm,LayerNorm,0.0409,0.375,491520.0,1536,0,57,0.0415,analytic,"[1, 128, 768]","[1, 128, 768]",1214.89,0.0,0.375,cpu_perf_counter,cpu
20,encoder.layer.6.attention.self.query,Linear,0.383,0.375,150994944.0,590592,0,58,0.3836,counter,"[1, 128, 768]","[1, 128, 768]",1214.89,0.0,0.375,cpu_perf_counter,cpu
20,encoder.layer.6.attention.self.key,Linear,0.3724,0.375,150994944.0,590592,0,59,0.373,counter,"[1, 128, 768]","[1, 128, 768]",1214.89,0.0,0.375,cpu_perf_counter,cpu
20,encoder.layer.6.attention.self.value,Linear,0.3852,0.375,150994944.0,590592,0,60,0.3858,counter,"[1, 128, 768]","[1, 128, 768]",1214.89,0.0,0.375,cpu_perf_counter,cpu
20,encoder.layer.6.attention.output.dense,Linear,0.3813,0.375,150994944.0,590592,0,61,0.3819,counter,"[1, 128, 768]","[1, 128, 768]",1214.89,0.0,0.375,cpu_perf_counter,cpu
20,encoder.layer.6.attention.output.LayerNorm,LayerNorm,0.0294,0.375,491520.0,1536,0,62,0.03,analytic,"[1, 128, 768]","[1, 128, 768]",1214.89,0.0,0.375,cpu_perf_counter,cpu
20,encoder.layer.6.intermediate.dense,Linear,1.7759,1.5,603979776.0,2362368,0,63,1.7765,counter,"[1, 128, 768]","[1, 128, 3072]",1214.89,0.0,1.5,cpu_perf_counter,cpu
20,encoder.layer.6.intermediate.intermediate_act_fn,GELUActivation,0.1736,1.5,0.0,0,0,64,0.1742,none,"[1, 128, 3072]","[1, 128, 3072]",1214.89,0.0,1.5,cpu_perf_counter,cpu
20,encoder.layer.6.output.dense,Linear,1.3994,0.375,603979776.0,2360064,0,65,1.4,counter,"[1, 128, 3072]","[1, 128, 768]",1214.89,0.0,0.375,cpu_perf_counter,cpu
20,encoder.layer.6.output.LayerNorm,LayerNorm,0.044,0.375,491520.0,1536,0,66,0.0446,analytic,"[1, 128, 768]","[1, 128, 768]",1214.89,0.0,0.375,cpu_perf_counter,cpu
20,encoder.layer.7.attention.self.query,Linear,0.4004,0.375,150994944.0,590592,0,67,0.401,counter,"[1, 128, 768]","[1, 128, 768]",1214.89,0.0,0.375,cpu_perf_counter,cpu
20,encoder.layer.7.attention.self.key,Linear,0.6187,0.375,150994944.0,590592,0,68,0.6193,counter,"[1, 128, 768]","[1, 128, 768]",1214.89,0.0,0.375,cpu_perf_counter,cpu
20,encoder.layer.7.attention.self.value,Linear,0.3977,0.375,150994944.0,590592,0,69,0.3983,counter,"[1, 128, 768]","[1, 128, 768]",1214.89,0.0,0.375,cpu_perf_counter,cpu
20,encoder.layer.7.attention.output.dense,Linear,0.3901,0.375,150994944.0,590592,0,70,0.3907,counter,"[1, 128, 768]","[1, 128, 768]",1214.89,0.0,0.375,cpu_perf_counter,cpu
20,encoder.layer.7.attention.output.LayerNorm,LayerNorm,0.0334,0.375,491520.0,1536,0,71,0.034,analytic,"[1, 128, 768]","[1, 128, 768]",1214.89,0.0,0.375,cpu_perf_counter,cpu
20,encoder.layer.7.intermediate.dense,Linear,1.7417,1.5,603979776.0,2362368,0,72,1.7423,counter,"[1, 128, 768]","[1, 128, 3072]",1214.89,0.0,1.5,cpu_perf_counter,cpu
20,encoder.layer.7.intermediate.intermediate_act_fn,GELUActivation,0.138,1.5,0.0,0,0,73,0.1386,none,"[1, 128, 3072]","[1, 128, 3072]",1214.89,0.0,1.5,cpu_perf_counter,cpu
20,encoder.layer.7.output.dense,Linear,1.4743,0.375,603979776.0,2360064,0,74,1.4749,counter,"[1, 128, 3072]","[1, 128, 768]",1214.89,0.0,0.375,cpu_perf_counter,cpu
20,encoder.layer.7.output.LayerNorm,LayerNorm,0.0401,0.375,491520.0,1536,0,75,0.0407,analytic,"[1, 128, 768]","[1, 128, 768]",1214.89,0.0,0.375,cpu_perf_counter,cpu
20,encoder.layer.8.attention.self.query,Linear,0.3919,0.375,150994944.0,590592,0,76,0.3925,counter,"[1, 128, 768]","[1, 128, 768]",1214.89,0.0,0.375,cpu_perf_counter,cpu
20,encoder.layer.8.attention.self.key,Linear,0.3786,0.375,150994944.0,590592,0,77,0.3792,counter,"[1, 128, 768]","[1, 128, 768]",1214.89,0.0,0.375,cpu_perf_counter,cpu
20,encoder.layer.8.attention.self.value,Linear,0.3814,0.375,150994944.0,590592,0,78,0.382,counter,"[1, 128, 768]","[1, 128, 768]",1214.89,0.0,0.375,cpu_perf_counter,cpu
20,encoder.layer.8.attention.output.dense,Linear,0.3744,0.375,150994944.0,590592,0,79,0.375,counter,"[1, 128, 768]","[1, 128, 768]",1214.89,0.0,0.375,cpu_perf_counter,cpu
20,encoder.layer.8.attention.output.LayerNorm,LayerNorm,0.0407,0.375,491520.0,1536,0,80,0.0413,analytic,"[1, 128, 768]","[1, 128, 768]",1214.89,0.0,0.375,cpu_perf_counter,cpu
20,encoder.layer.8.intermediate.dense,Linear,1.7907,1.5,603979776.0,2362368,0,81,1.7913,counter,"[1, 128, 768]","[1, 128, 3072]",1214.89,0.0,1.5,cpu_perf_counter,cpu
20,encoder.layer.8.intermediate.intermediate_act_fn,GELUActivation,0.1362,1.5,0.0,0,0,82,0.1368,none,"[1, 128, 3072]","[1, 128, 3072]",1214.89,0.0,1.5,cpu_perf_counter,cpu
20,encoder.layer.8.output.dense,Linear,1.5001,0.375,603979776.0,2360064,0,83,1.5007,counter,"[1, 128, 3072]","[1, 128, 768]",1214.89,0.0,0.375,cpu_perf_counter,cpu
20,encoder.layer.8.output.LayerNorm,LayerNorm,0.0395,0.375,491520.0,1536,0,84,0.0401,analytic,"[1, 128, 768]","[1, 128, 768]",1214.89,0.0,0.375,cpu_perf_counter,cpu
20,encoder.layer.9.attention.self.query,Linear,0.3825,0.375,150994944.0,590592,0,85,0.3831,counter,"[1, 128, 768]","[1, 128, 768]",1214.89,0.0,0.375,cpu_perf_counter,cpu
20,encoder.layer.9.attention.self.key,Linear,0.3752,0.375,150994944.0,590592,0,86,0.3758,counter,"[1, 128, 768]","[1, 128, 768]",1214.89,0.0,0.375,cpu_perf_counter,cpu
20,encoder.layer.9.attention.self.value,Linear,0.3635,0.375,150994944.0,590592,0,87,0.3641,counter,"[1, 128, 768]","[1, 128, 768]",1214.89,0.0,0.375,cpu_perf_counter,cpu
20,encoder.layer.9.attention.output.dense,Linear,0.3731,0.375,150994944.0,590592,0,88,0.3737,counter,"[1, 128, 768]","[1, 128, 768]",1214.89,0.0,0.375,cpu_perf_counter,cpu
20,encoder.layer.9.attention.output.LayerNorm,LayerNorm,0.0301,0.375,491520.0,1536,0,89,0.0307,analytic,"[1, 128, 768]","[1, 128, 768]",1214.89,0.0,0.375,cpu_perf_counter,cpu
20,encoder.layer.9.intermediate.dense,Linear,1.8936,1.5,603979776.0,2362368,0,90,1.8942,counter,"[1, 128, 768]","[1, 128, 3072]",1214.89,0.0,1.5,cpu_perf_counter,cpu
20,encoder.layer.9.intermediate.intermediate_act_fn,GELUActivation,0.1365,1.5,0.0,0,0,91,0.1371,none,"[1, 128, 3072]","[1, 128, 3072]",1214.89,0.0,1.5,cpu_perf_counter,cpu
20,encoder.layer.9.output.dense,Linear,1.463,0.375,603979776.0,2360064,0,92,1.4636,counter,"[1, 128, 3072]","[1, 128, 768]",1214.89,0.0,0.375,cpu_perf_counter,cpu
20,encoder.layer.9.output.LayerNorm,LayerNorm,0.0406,0.375,491520.0,1536,0,93,0.0412,analytic,"[1, 128, 768]","[1, 128, 768]",1214.89,0.0,0.375,cpu_perf_counter,cpu
20,encoder.layer.10.attention.self.query,Linear,0.3772,0.375,150994944.0,590592,0,94,0.3778,counter,"[1, 128, 768]","[1, 128, 768]",1214.89,0.0,0.375,cpu_perf_counter,cpu
20,encoder.layer.10.attention.self.key,Linear,0.3651,0.375,150994944.0,590592,0,95,0.3657,counter,"[1, 128, 768]","[1, 128, 768]",1214.89,0.0,0.375,cpu_perf_counter,cpu
20,encoder.layer.10.attention.self.value,Linear,0.3691,0.375,150994944.0,590592,0,96,0.3697,counter,"[1, 128, 768]","[1, 128, 768]",1214.89,0.0,0.375,cpu_perf_counter,cpu
20,encoder.layer.10.attention.output.dense,Linear,0.38,0.375,150994944.0,590592,0,97,0.3806,counter,"[1, 128, 768]","[1, 128, 768]",1214.89,0.0,0.375,cpu_perf_counter,cpu
20,encoder.layer.10.attention.output.LayerNorm,LayerNorm,0.0281,0.375,491520.0,1536,0,98,0.0287,analytic,"[1, 128, 768]","[1, 128, 768]",1214.89,0.0,0.375,cpu_perf_counter,cpu
20,encoder.layer.10.intermediate.dense,Linear,1.8178,1.5,603979776.0,2362368,0,99,1.8184,counter,"[1, 128, 768]","[1, 128, 3072]",1214.89,0.0,1.5,cpu_perf_counter,cpu
20,encoder.layer.10.intermediate.intermediate_act_fn,GELUActivation,0.1282,1.5,0.0,0,0,100,0.1288,none,"[1, 128, 3072]","[1, 128, 3072]",1214.89,0.0,1.5,cpu_perf_counter,cpu
20,encoder.layer.10.output.dense,Linear,1.5012,0.375,603979776.0,2360064,0,101,1.5018,counter,"[1, 128, 3072]","[1, 128, 768]",1214.89,0.0,0.375,cpu_perf_counter,cpu
20,encoder.layer.10.output.LayerNorm,LayerNorm,0.043,0.375,491520.0,1536,0,102,0.0436,analytic,"[1, 128, 768]","[1, 128, 768]",1214.89,0.0,0.375,cpu_perf_counter,cpu
20,encoder.layer.11.attention.self.query,Linear,0.4007,0.375,150994944.0,590592,0,103,0.4013,counter,"[1, 128, 768]","[1, 128, 768]",1214.89,0.0,0.375,cpu_perf_counter,cpu
20,encoder.layer.11.attention.self.key,Linear,0.3782,0.375,150994944.0,590592,0,104,0.3788,counter,"[1, 128, 768]","[1, 128, 768]",1214.89,0.0,0.375,cpu_perf_counter,cpu
20,encoder.layer.11.attention.self.value,Linear,0.3815,0.375,150994944.0,590592,0,105,0.3821,counter,"[1, 128, 768]","[1, 128, 768]",1214.89,0.0,0.375,cpu_perf_counter,cpu
20,encoder.layer.11.attention.output.dense,Linear,0.3838,0.375,150994944.0,590592,0,106,0.3844,counter,"[1, 128, 768]","[1, 128, 768]",1214.89,0.0,0.375,cpu_perf_counter,cpu
20,encoder.layer.11.attention.output.LayerNorm,LayerNorm,0.0294,0.375,491520.0,1536,0,107,0.03,analytic,"[1, 128, 768]","[1, 128, 768]",1214.89,0.0,0.375,cpu_perf_counter,cpu
20,encoder.layer.11.intermediate.dense,Linear,1.8047,1.5,603979776.0,2362368,0,108,1.8053,counter,"[1, 128, 768]","[1, 128, 3072]",1214.89,0.0,1.5,cpu_perf_counter,cpu
20,encoder.layer.11.intermediate.intermediate_act_fn,GELUActivation,0.13,1.5,0.0,0,0,109,0.1306,none,"[1, 128, 3072]","[1, 128, 3072]",1214.89,0.0,1.5,cpu_perf_counter,cpu
20,encoder.layer.11.output.dense,Linear,1.4673,0.375,603979776.0,2360064,0,110,1.4679,counter,"[1, 128, 3072]","[1, 128, 768]",1214.89,0.0,0.375,cpu_perf_counter,cpu
20,encoder.layer.11.output.LayerNorm,LayerNorm,0.0426,0.375,491520.0,1536,0,111,0.0432,analytic,"[1, 128, 768]","[1, 128, 768]",1214.89,0.0,0.375,cpu_perf_counter,cpu
20,pooler.dense,Linear,0.1155,0.00293,1179648.0,590592,0,112,0.1161,counter,"[1, 768]","[1, 768]",1214.89,0.0,0.003,cpu_perf_counter,cpu
20,pooler.activation,Tanh,0.0158,0.00293,3072.0,0,0,113,0.0164,analytic,"[1, 768]","[1, 768]",1214.89,0.0,0.003,cpu_perf_counter,cpu
21,embeddings.word_embeddings,Embedding,0.0455,0.375,0.0,23440896,0,0,0.0461,none,"[1, 128]","[1, 128, 768]",1214.89,0.0,0.375,cpu_perf_counter,cpu
21,embeddings.token_type_embeddings,Embedding,0.0195,0.375,0.0,1536,0,1,0.0201,none,"[1, 128]","[1, 128, 768]",1214.89,0.0,0.375,cpu_perf_counter,cpu
21,embeddings.position_embeddings,Embedding,0.0183,0.375,0.0,393216,0,2,0.0189,none,"[1, 128]","[1, 128, 768]",1214.89,0.0,0.375,cpu_perf_counter,cpu
21,embeddings.LayerNorm,LayerNorm,0.0228,0.375,491520.0,1536,0,3,0.0234,analytic,"[1, 128, 768]","[1, 128, 768]",1214.89,0.0,0.375,cpu_perf_counter,cpu
21,encoder.layer.0.attention.self.query,Linear,0.3654,0.375,150994944.0,590592,0,4,0.366,counter,"[1, 128, 768]","[1, 128, 768]",1214.89,0.0,0.375,cpu_perf_counter,cpu
21,encoder.layer.0.attention.self.key,Linear,0.3627,0.375,150994944.0,590592,0,5,0.3633,counter,"[1, 128, 768]","[1, 128, 768]",1214.89,0.0,0.375,cpu_perf_counter,cpu
21,encoder.layer.0.attention.self.value,Linear,0.3626,0.375,150994944.0,590592,0,6,0.3632,counter,"[1, 128, 768]","[1, 128, 768]",1214.89,0.0,0.375,cpu_perf_counter,cpu
21,encoder.layer.0.attention.output.dense,Linear,0.3736,0.375,150994944.0,590592,0,7,0.3742,counter,"[1, 128, 768]","[1, 128, 768]",1214.89,0.0,0.375,cpu_perf_counter,cpu
21,encoder.layer.0.attention.output.LayerNorm,LayerNorm,0.0241,0.375,491520.0,1536,0,8,0.0247,analytic,"[1, 128, 768]","[1, 128, 768]",1214.89,0.0,0.375,cpu_perf_counter,cpu
21,encoder.layer.0.intermediate.dense,Linear,1.7831,1.5,603979776.0,2362368,0,9,1.7837,counter,"[1, 128, 768]","[1, 128, 3072]",1214.89,0.0,1.5,cpu_perf_counter,cpu
21,encoder.layer.0.intermediate.intermediate_act_fn,GELUActivation,0.1433,1.5,0.0,0,0,10,0.1439,none,"[1, 128, 3072]","[1, 128, 3072]",1214.89,0.0,1.5,cpu_perf_counter,cpu
21,encoder.layer.0.output.dense,Linear,1.4574,0.375,603979776.0,2360064,0,11,1.458,counter,"[1, 128, 3072]","[1, 128, 768]",1214.89,0.0,0.375,cpu_perf_counter,cpu
21,encoder.layer.0.output.LayerNorm,LayerNorm,0.0423,0.375,491520.0,1536,0,12,0.0429,analytic,"[1, 128, 768]","[1, 128, 768]",1214.89,0.0,0.375,cpu_perf_counter,cpu
21,encoder.layer.1.attention.self.query,Linear,0.4535,0.375,150994944.0,590592,0,13,0.4541,counter,"[1, 128, 768]","[1, 128, 768]",1214.89,0.0,0.375,cpu_perf_counter,cpu
21,encoder.layer.1.attention.self.key,Linear,0.3848,0.375,150994944.0,590592,0,14,0.3854,counter,"[1, 128, 768]","[1, 128, 768]",1214.89,0.0,0.375,cpu_perf_counter,cpu
21,encoder.layer.1.attention.self.value,Linear,0.3842,0.375,150994944.0,590592,0,15,0.3848,counter,"[1, 128, 768]","[1, 128, 768]",1214.89,0.0,0.375,cpu_perf_counter,cpu
21,encoder.layer.1.attention.output.dense,Linear,0.4011,0.375,150994944.0,590592,0,16,0.4017,counter,"[1, 128, 768]","[1, 128, 768]",1214.89,0.0,0.375,cpu_perf_counter,cpu
21,encoder.layer.1.attention.output.LayerNorm,LayerNorm,0.0324,0.375,491520.0,1536,0,17,0.033,analytic,"[1, 128, 768]","[1, 128, 768]",1214.89,0.0,0.375,cpu_perf_counter,cpu
21,encoder.layer.1.intermediate.dense,Linear,1.8618,1.5,603979776.0,2362368,0,18,1.8624,counter,"[1, 128, 768]","[1, 128, 3072]",1214.89,0.0,1.5,cpu_perf_counter,cpu
21,encoder.layer.1.intermediate.intermediate_act_fn,GELUActivation,0.1657,1.5,0.0,0,0,19,0.1663,none,"[1, 128, 3072]","[1, 128, 3072]",1214.89,0.0,1.5,cpu_perf_counter,cpu
21,encoder.layer.1.output.dense,Linear,1.4949,0.375,603979776.0,2360064,0,20,1.4955,counter,"[1, 128, 3072]","[1, 128, 768]",1214.89,0.0,0.375,cpu_perf_counter,cpu
21,encoder.layer.1.output.LayerNorm,LayerNorm,0.0448,0.375,491520.0,1536,0,21,0.0454,analytic,"[1, 128, 768]","[1, 128, 768]",1214.89,0.0,0.375,cpu_perf_counter,cpu
21,encoder.layer.2.attention.self.query,Linear,0.391,0.375,150994944.0,590592,0,22,0.3916,counter,"[1, 128, 768]","[1, 128, 768]",1214.89,0.0,0.375,cpu_perf_counter,cpu
21,encoder.layer.2.attention.self.key,Linear,0.3817,0.375,150994944.0,590592,0,23,0.3823,counter,"[1, 128, 768]","[1, 128, 768]",1214.89,0.0,0.375,cpu_perf_counter,cpu
21,encoder.layer.2.attention.self.value,Linear,0.3832,0.375,150994944.0,590592,0,24,0.3838,counter,"[1, 128, 768]","[1, 128, 768]",1214.89,0.0,0.375,cpu_perf_counter,cpu
21,encoder.layer.2.attention.output.dense,Linear,0.3934,0.375,150994944.0,590592,0,25,0.394,counter,"[1, 128, 768]","[1, 128, 768]",1214.89,0.0,0.375,cpu_perf_counter,cpu
21,encoder.layer.2.attention.output.LayerNorm,LayerNorm,0.0335,0.375,491520.0,1536,0,26,0.0341,analytic,"[1, 128, 768]","[1, 128, 768]",1214.89,0.0,0.375,cpu_perf_counter,cpu
21,encoder.layer.2.intermediate.dense,Linear,1.8563,1.5,603979776.0,2362368,0,27,1.8569,counter,"[1, 128, 768]","[1, 128, 3072]",1214.89,0.0,1.5,cpu_perf_counter,cpu
21,encoder.layer.2.intermediate.intermediate_act_fn,GELUActivation,0.1512,1.5,0.0,0,0,28,0.1518,none,"[1, 128, 3072]","[1, 128, 3072]",1214.89,0.0,1.5,cpu_perf_counter,cpu
21,encoder.layer.2.output.dense,Linear,1.4569,0.375,603979776.0,2360064,0,29,1.4575,counter,"[1, 128, 3072]","[1, 128, 768]",1214.89,0.0,0.375,cpu_perf_counter,cpu
21,encoder.layer.2.output.LayerNorm,LayerNorm,0.041,0.375,491520.0,1536,0,30,0.0416,analytic,"[1, 128, 768]","[1, 128, 768]",1214.89,0.0,0.375,cpu_perf_counter,cpu
21,encoder.layer.3.attention.self.query,Linear,0.3779,0.375,150994944.0,590592,0,31,0.3785,counter,"[1, 128, 768]","[1, 128, 768]",1214.89,0.0,0.375,cpu_perf_counter,cpu
21,encoder.layer.3.attention.self.key,Linear,0.3646,0.375,150994944.0,590592,0,32,0.3652,counter,"[1, 128, 768]","[1, 128, 768]",1214.89,0.0,0.375,cpu_perf_counter,cpu
21,encoder.layer.3.attention.self.value,Linear,0.3783,0.375,150994944.0,590592,0,33,0.3789,counter,"[1, 128, 768]","[1, 128, 768]",1214.89,0.0,0.375,cpu_perf_counter,cpu
21,encoder.layer.3.attention.output.dense,Linear,0.3774,0.375,150994944.0,590592,0,34,0.378,counter,"[1, 128, 768]","[1, 128, 768]",1214.89,0.0,0.375,cpu_perf_counter,cpu
21,encoder.layer.3.attention.output.LayerNorm,LayerNorm,0.0252,0.375,491520.0,1536,0,35,0.0258,analytic,"[1, 128, 768]","[1, 128, 768]",1214.89,0.0,0.375,cpu_perf_counter,cpu
21,encoder.layer.3.intermediate.dense,Linear,1.7913,1.5,603979776.0,2362368,0,36,1.7919,counter,"[1, 128, 768]","[1, 128, 3072]",1214.89,0.0,1.5,cpu_perf_counter,cpu
21,encoder.layer.3.intermediate.intermediate_act_fn,GELUActivation,0.1494,1.5,0.0,0,0,37,0.15,none,"[1, 128, 3072]","[1, 128, 3072]",1214.89,0.0,1.5,cpu_perf_counter,cpu
21,encoder.layer.3.output.dense,Linear,1.5568,0.375,603979776.0,2360064,0,38,1.5574,counter,"[1, 128, 3072]","[1, 128, 768]",1214.89,0.0,0.375,cpu_perf_counter,cpu
21,encoder.layer.3.output.LayerNorm,LayerNorm,0.0413,0.375,491520.0,1536,0,39,0.0419,analytic,"[1, 128, 768]","[1, 128, 768]",1214.89,0.0,0.375,cpu_perf_counter,cpu
21,encoder.layer.4.attention.self.query,Linear,0.4049,0.375,150994944.0,590592,0,40,0.4055,counter,"[1, 128, 768]","[1, 128, 768]",1214.89,0.0,0.375,cpu_perf_counter,cpu
21,encoder.layer.4.attention.self.key,Linear,0.413,0.375,150994944.0,590592,0,41,0.4136,counter,"[1, 128, 768]","[1, 128, 768]",1214.89,0.0,0.375,cpu_perf_counter,cpu
21,encoder.layer.4.attention.self.value,Linear,0.4016,0.375,150994944.0,590592,0,42,0.4022,counter,"[1, 128, 768]","[1, 128, 768]",1214.89,0.0,0.375,cpu_perf_counter,cpu
21,encoder.layer.4.attention.output.dense,Linear,0.3922,0.375,150994944.0,590592,0,43,0.3928,counter,"[1, 128, 768]","[1, 128, 768]",1214.89,0.0,0.375,cpu_perf_counter,cpu
21,encoder.layer.4.attention.output.LayerNorm,LayerNorm,0.0323,0.375,491520.0,1536,0,44,0.0329,analytic,"[1, 128, 768]","[1, 128, 768]",1214.89,0.0,0.375,cpu_perf_counter,cpu
21,encoder.layer.4.intermediate.dense,Linear,1.8134,1.5,603979776.0,2362368,0,45,1.814,counter,"[1, 128, 768]","[1, 128, 3072]",1214.89,0.0,1.5,cpu_perf_counter,cpu
21,encoder.layer.4.intermediate.intermediate_act_fn,GELUActivation,0.1363,1.5,0.0,0,0,46,0.1369,none,"[1, 128, 3072]","[1, 128, 3072]",1214.89,0.0,1.5,cpu_perf_counter,cpu
21,encoder.layer.4.output.dense,Linear,1.4953,0.375,603979776.0,2360064,0,47,1.4959,counter,"[1, 128, 3072]","[1, 128, 768]",1214.89,0.0,0.375,cpu_perf_counter,cpu
21,encoder.layer.4.output.LayerNorm,LayerNorm,0.0415,0.375,491520.0,1536,0,48,0.0421,analytic,"[1, 128, 768]","[1, 128, 768]",1214.89,0.0,0.375,cpu_perf_counter,cpu
21,encoder.layer.5.attention.self.query,Linear,0.4073,0.375,150994944.0,590592,0,49,0.4079,counter,"[1, 128, 768]","[1, 128, 768]",1214.89,0.0,0.375,cpu_perf_counter,cpu
21,encoder.layer.5.attention.self.key,Linear,0.3666,0.375,150994944.0,590592,0,50,0.3672,counter,"[1, 128, 768]","[1, 128, 768]",1214.89,0.0,0.375,cpu_perf_counter,cpu
21,encoder.layer.5.attention.self.value,Linear,0.3732,0.375,150994944.0,590592,0,51,0.3738,counter,"[1, 128, 768]","[1, 128, 768]",1214.89,0.0,0.375,cpu_perf_counter,cpu
21,encoder.layer.5.attention.output.dense,Linear,0.3875,0.375,150994944.0,590592,0,52,0.3881,counter,"[1, 128, 768]","[1, 128, 768]",1214.89,0.0,0.375,cpu_perf_counter,cpu
21,encoder.layer.5.attention.output.LayerNorm,LayerNorm,0.0314,0.375,491520.0,1536,0,53,0.032,analytic,"[1, 128, 768]","[1, 128, 768]",1214.89,0.0,0.375,cpu_perf_counter,cpu
21,encoder.layer.5.intermediate.dense,Linear,1.7445,1.5,603979776.0,2362368,0,54,1.7451,counter,"[1, 128, 768]","[1, 128, 3072]",1214.89,0.0,1.5,cpu_perf_counter,cpu
21,encoder.layer.5.intermediate.intermediate_act_fn,GELUActivation,0.1264,1.5,0.0,0,0,55,0.127,none,"[1, 128, 3072]","[1, 128, 3072]",1214.89,0.0,1.5,cpu_perf_counter,cpu
21,encoder.layer.5.output.dense,Linear,1.4504,0.375,603979776.0,2360064,0,56,1.451,counter,"[1, 128, 3072]","[1, 128, 768]",1214.89,0.0,0.375,cpu_perf_counter,cpu
21,encoder.layer.5.output.LayerNorm,LayerNorm,0.0418,0.375,491520.0,1536,0,57,0.0424,analytic,"[1, 128, 768]","[1, 128, 768]",1214.89,0.0,0.375,cpu_perf_counter,cpu
21,encoder.layer.6.attention.self.query,Linear,0.4092,0.375,150994944.0,590592,0,58,0.4098,counter,"[1, 128, 768]","[1, 128, 768]",1214.89,0.0,0.375,cpu_perf_counter,cpu
21,encoder.layer.6.attention.self.key,Linear,0.3592,0.375,150994944.0,590592,0,59,0.3598,counter,"[1, 128, 768]","[1, 128, 768]",1214.89,0.0,0.375,cpu_perf_counter,cpu
21,encoder.layer.6.attention.self.value,Linear,0.3824,0.375,150994944.0,590592,0,60,0.383,counter,"[1, 128, 768]","[1, 128, 768]",1214.89,0.0,0.375,cpu_perf_counter,cpu
21,encoder.layer.6.attention.output.dense,Linear,0.3906,0.375,150994944.0,590592,0,61,0.3912,counter,"[1, 128, 768]","[1, 128, 768]",1214.89,0.0,0.375,cpu_perf_counter,cpu
21,encoder.layer.6.attention.output.LayerNorm,LayerNorm,0.0343,0.375,491520.0,1536,0,62,0.0349,analytic,"[1, 128, 768]","[1, 128, 768]",1214.89,0.0,0.375,cpu_perf_counter,cpu
21,encoder.layer.6.intermediate.dense,Linear,1.8097,1.5,603979776.0,2362368,0,63,1.8103,counter,"[1, 128, 768]","[1, 128, 3072]",1214.89,0.0,1.5,cpu_perf_counter,cpu
21,encoder.layer.6.intermediate.intermediate_act_fn,GELUActivation,0.142,1.5,0.0,0,0,64,0.1426,none,"[1, 128, 3072]","[1, 128, 3072]",1214.89,0.0,1.5,cpu_perf_counter,cpu
21,encoder.layer.6.output.dense,Linear,1.4876,0.375,603979776.0,2360064,0,65,1.4882,counter,"[1, 128, 3072]","[1, 128, 768]",1214.89,0.0,0.375,cpu_perf_counter,cpu
21,encoder.layer.6.output.LayerNorm,LayerNorm,0.041,0.375,491520.0,1536,0,66,0.0416,analytic,"[1, 128, 768]","[1, 128, 768]",1214.89,0.0,0.375,cpu_perf_counter,cpu
21,encoder.layer.7.attention.self.query,Linear,0.3934,0.375,150994944.0,590592,0,67,0.394,counter,"[1, 128, 768]","[1, 128, 768]",1214.89,0.0,0.375,cpu_perf_counter,cpu
21,encoder.layer.7.attention.self.key,Linear,0.3745,0.375,150994944.0,590592,0,68,0.3751,counter,"[1, 128, 768]","[1, 128, 768]",1214.89,0.0,0.375,cpu_perf_counter,cpu
21,encoder.layer.7.attention.self.value,Linear,0.3758,0.375,150994944.0,590592,0,69,0.3764,counter,"[1, 128, 768]","[1, 128, 768]",1214.89,0.0,0.375,cpu_perf_counter,cpu
21,encoder.layer.7.attention.output.dense,Linear,0.3814,0.375,150994944.0,590592,0,70,0.382,counter,"[1, 128, 768]","[1, 128, 768]",1214.89,0.0,0.375,cpu_perf_counter,cpu
21,encoder.layer.7.attention.output.LayerNorm,LayerNorm,0.0281,0.375,491520.0,1536,0,71,0.0287,analytic,"[1, 128, 768]","[1, 128, 768]",1214.89,0.0,0.375,cpu_perf_counter,cpu
21,encoder.layer.7.intermediate.dense,Linear,1.7499,1.5,603979776.0,2362368,0,72,1.7505,counter,"[1, 128, 768]","[1, 128, 3072]",1214.89,0.0,1.5,cpu_perf_counter,cpu
21,encoder.layer.7.intermediate.intermediate_act_fn,GELUActivation,0.13,1.5,0.0,0,0,73,0.1306,none,"[1, 128, 3072]","[1, 128, 3072]",1214.89,0.0,1.5,cpu_perf_counter,cpu
21,encoder.layer.7.output.dense,Linear,1.4938,0.375,603979776.0,2360064,0,74,1.4944,counter,"[1, 128, 3072]","[1, 128, 768]",1214.89,0.0,0.375,cpu_perf_counter,cpu
21,encoder.layer.7.output.LayerNorm,LayerNorm,0.0407,0.375,491520.0,1536,0,75,0.0413,analytic,"[1, 128, 768]","[1, 128, 768]",1214.89,0.0,0.375,cpu_perf_counter,cpu
21,encoder.layer.8.attention.self.query,Linear,0.3855,0.375,150994944.0,590592,0,76,0.3861,counter,"[1, 128, 768]","[1, 128, 768]",1214.89,0.0,0.375,cpu_perf_counter,cpu
21,encoder.layer.8.attention.self.key,Linear,0.3713,0.375,150994944.0,590592,0,77,0.3719,counter,"[1, 128, 768]","[1, 128, 768]",1214.89,0.0,0.375,cpu_perf_counter,cpu
21,encoder.layer.8.attention.self.value,Linear,0.3675,0.375,150994944.0,590592,0,78,0.3681,counter,"[1, 128, 768]","[1, 128, 768]",1214.89,0.0,0.375,cpu_perf_counter,cpu
21,encoder.layer.8.attention.output.dense,Linear,0.3771,0.375,150994944.0,590592,0,79,0.3777,counter,"[1, 128, 768]","[1, 128, 768]",1214.89,0.0,0.375,cpu_perf_counter,cpu
21,encoder.layer.8.attention.output.LayerNorm,LayerNorm,0.028,0.375,491520.0,1536,0,80,0.0286,analytic,"[1, 128, 768]","[1, 128, 768]",1214.89,0.0,0.375,cpu_perf_counter,cpu
21,encoder.layer.8.intermediate.dense,Linear,1.7585,1.5,603979776.0,2362368,0,81,1.7591,counter,"[1, 128, 768]","[1, 128, 3072]",1214.89,0.0,1.5,cpu_perf_counter,cpu
21,encoder.layer.8.intermediate.intermediate_act_fn,GELUActivation,0.1212,1.5,0.0,0,0,82,0.1218,none,"[1, 128, 3072]","[1, 128, 3072]",1214.89,0.0,1.5,cpu_perf_counter,cpu
21,encoder.layer.8.output.dense,Linear,1.5198,0.375,603979776.0,2360064,0,83,1.5204,counter,"[1, 128, 3072]","[1, 128, 768]",1214.89,0.0,0.375,cpu_perf_counter,cpu
21,encoder.layer.8.output.LayerNorm,LayerNorm,0.0409,0.375,491520.0,1536,0,84,0.0415,analytic,"[1, 128, 768]","[1, 128, 768]",1214.89,0.0,0.375,cpu_perf_counter,cpu
21,encoder.layer.9.attention.self.query,Linear,0.386,0.375,150994944.0,590592,0,85,0.3866,counter,"[1, 128, 768]","[1, 128, 768]",1214.89,0.0,0.375,cpu_perf_counter,cpu
21,encoder.layer.9.attention.self.key,Linear,0.3719,0.375,150994944.0,590592,0,86,0.3725,counter,"[1, 128, 768]","[1, 128, 768]",1214.89,0.0,0.375,cpu_perf_counter,cpu
21,encoder.layer.9.attention.self.value,Linear,0.3611,0.375,150994944.0,590592,0,87,0.3617,counter,"[1, 128, 768]","[1, 128, 768]",1214.89,0.0,0.375,cpu_perf_counter,cpu
21,encoder.layer.9.attention.output.dense,Linear,0.3886,0.375,150994944.0,590592,0,88,0.3892,counter,"[1, 128, 768]","[1, 128, 768]",1214.89,0.0,0.375,cpu_perf_counter,cpu
21,encoder.layer.9.attention.output.LayerNorm,LayerNorm,0.0322,0.375,491520.0,1536,0,89,0.0328,analytic,"[1, 128, 768]","[1, 128, 768]",1214.89,0.0,0.375,cpu_perf_counter,cpu
21,encoder.layer.9.intermediate.dense,Linear,1.7327,1.5,603979776.0,2362368,0,90,1.7333,counter,"[1, 128, 768]","[1, 128, 3072]",1214.89,0.0,1.5,cpu_perf_counter,cpu
21,encoder.layer.9.intermediate.intermediate_act_fn,GELUActivation,0.1403,1.5,0.0,0,0,91,0.1409,none,"[1, 128, 3072]","[1, 128, 3072]",1214.89,0.0,1.5,cpu_perf_counter,cpu
21,encoder.layer.9.output.dense,Linear,0.9824,0.375,603979776.0,2360064,0,92,0.983,counter,"[1, 128, 3072]","[1, 128, 768]",1214.89,0.0,0.375,cpu_perf_counter,cpu
21,encoder.layer.9.output.LayerNorm,LayerNorm,0.0421,0.375,491520.0,1536,0,93,0.0427,analytic,"[1, 128, 768]","[1, 128, 768]",1214.89,0.0,0.375,cpu_perf_counter,cpu
21,encoder.layer.10.attention.self.query,Linear,0.3906,0.375,150994944.0,590592,0,94,0.3912,counter,"[1, 128, 768]","[1, 128, 768]",1214.89,0.0,0.375,cpu_perf_counter,cpu
21,encoder.layer.10.attention.self.key,Linear,0.3751,0.375,150994944.0,590592,0,95,0.3757,counter,"[1, 128, 768]","[1, 128, 768]",1214.89,0.0,0.375,cpu_perf_counter,cpu
21,encoder.layer.10.attention.self.value,Linear,0.3772,0.375,150994944.0,590592,0,96,0.3778,counter,"[1, 128, 768]","[1, 128, 768]",1214.89,0.0,0.375,cpu_perf_counter,cpu
21,encoder.layer.10.attention.output.dense,Linear,0.3838,0.375,150994944.0,590592,0,97,0.3844,counter,"[1, 128, 768]","[1, 128, 768]",1214.89,0.0,0.375,cpu_perf_counter,cpu
21,encoder.layer.10.attention.output.LayerNorm,LayerNorm,0.0312,0.375,491520.0,1536,0,98,0.0318,analytic,"[1, 128, 768]","[1, 128, 768]",1214.89,0.0,0.375,cpu_perf_counter,cpu
21,encoder.layer.10.intermediate.dense,Linear,1.9097,1.5,603979776.0,2362368,0,99,1.9103,counter,"[1, 128, 768]","[1, 128, 3072]",1214.89,0.0,1.5,cpu_perf_counter,cpu
21,encoder.layer.10.intermediate.intermediate_act_fn,GELUActivation,0.1385,1.5,0.0,0,0,100,0.1391,none,"[1, 128, 3072]","[1, 128, 3072]",1214.89,0.0,1.5,cpu_perf_counter,cpu
21,encoder.layer.10.output.dense,Linear,1.4621,0.375,603979776.0,2360064,0,101,1.4627,counter,"[1, 128, 3072]","[1, 128, 768]",1214.89,0.0,0.375,cpu_perf_counter,cpu
21,encoder.layer.10.output.LayerNorm,LayerNorm,0.0404,0.375,491520.0,1536,0,102,0.041,analytic,"[1, 128, 768]","[1, 128, 768]",1214.89,0.0,0.375,cpu_perf_counter,cpu
21,encoder.layer.11.attention.self.query,Linear,0.3749,0.375,150994944.0,590592,0,103,0.3755,counter,"[1, 128, 768]","[1, 128, 768]",1214.89,0.0,0.375,cpu_perf_counter,cpu
21,encoder.layer.11.attention.self.key,Linear,0.368,0.375,150994944.0,590592,0,104,0.3686,counter,"[1, 128, 768]","[1, 128, 768]",1214.89,0.0,0.375,cpu_perf_counter,cpu
21,encoder.layer.11.attention.self.value,Linear,0.3688,0.375,150994944.0,590592,0,105,0.3694,counter,"[1, 128, 768]","[1, 128, 768]",1214.89,0.0,0.375,cpu_perf_counter,cpu
21,encoder.layer.11.attention.output.dense,Linear,0.3778,0.375,150994944.0,590592,0,106,0.3784,counter,"[1, 128, 768]","[1, 128, 768]",1214.89,0.0,0.375,cpu_perf_counter,cpu
21,encoder.layer.11.attention.output.LayerNorm,LayerNorm,0.03,0.375,491520.0,1536,0,107,0.0306,analytic,"[1, 128, 768]","[1, 128, 768]",1214.89,0.0,0.375,cpu_perf_counter,cpu
21,encoder.layer.11.intermediate.dense,Linear,1.7675,1.5,603979776.0,2362368,0,108,1.7681,counter,"[1, 128, 768]","[1, 128, 3072]",1214.89,0.0,1.5,cpu_perf_counter,cpu
21,encoder.layer.11.intermediate.intermediate_act_fn,GELUActivation,0.1227,1.5,0.0,0,0,109,0.1233,none,"[1, 128, 3072]","[1, 128, 3072]",1214.89,0.0,1.5,cpu_perf_counter,cpu
21,encoder.layer.11.output.dense,Linear,1.4595,0.375,603979776.0,2360064,0,110,1.4601,counter,"[1, 128, 3072]","[1, 128, 768]",1214.89,0.0,0.375,cpu_perf_counter,cpu
21,encoder.layer.11.output.LayerNorm,LayerNorm,0.0367,0.375,491520.0,1536,0,111,0.0373,analytic,"[1, 128, 768]","[1, 128, 768]",1214.89,0.0,0.375,cpu_perf_counter,cpu
21,pooler.dense,Linear,0.1271,0.00293,1179648.0,590592,0,112,0.1277,counter,"[1, 768]","[1, 768]",1214.89,0.0,0.003,cpu_perf_counter,cpu
21,pooler.activation,Tanh,0.0148,0.00293,3072.0,0,0,113,0.0154,analytic,"[1, 768]","[1, 768]",1214.89,0.0,0.003,cpu_perf_counter,cpu
22,embeddings.word_embeddings,Embedding,0.0479,0.375,0.0,23440896,0,0,0.0485,none,"[1, 128]","[1, 128, 768]",1214.89,0.0,0.375,cpu_perf_counter,cpu
22,embeddings.token_type_embeddings,Embedding,0.02,0.375,0.0,1536,0,1,0.0206,none,"[1, 128]","[1, 128, 768]",1214.89,0.0,0.375,cpu_perf_counter,cpu
22,embeddings.position_embeddings,Embedding,0.021,0.375,0.0,393216,0,2,0.0216,none,"[1, 128]","[1, 128, 768]",1214.89,0.0,0.375,cpu_perf_counter,cpu
22,embeddings.LayerNorm,LayerNorm,0.026,0.375,491520.0,1536,0,3,0.0266,analytic,"[1, 128, 768]","[1, 128, 768]",1214.89,0.0,0.375,cpu_perf_counter,cpu
22,encoder.layer.0.attention.self.query,Linear,0.4143,0.375,150994944.0,590592,0,4,0.4149,counter,"[1, 128, 768]","[1, 128, 768]",1214.89,0.0,0.375,cpu_perf_counter,cpu
22,encoder.layer.0.attention.self.key,Linear,0.3697,0.375,150994944.0,590592,0,5,0.3703,counter,"[1, 128, 768]","[1, 128, 768]",1214.89,0.0,0.375,cpu_perf_counter,cpu
22,encoder.layer.0.attention.self.value,Linear,0.3708,0.375,150994944.0,590592,0,6,0.3714,counter,"[1, 128, 768]","[1, 128, 768]",1214.89,0.0,0.375,cpu_perf_counter,cpu
22,encoder.layer.0.attention.output.dense,Linear,0.3755,0.375,150994944.0,590592,0,7,0.3761,counter,"[1, 128, 768]","[1, 128, 768]",1214.89,0.0,0.375,cpu_perf_counter,cpu
22,encoder.layer.0.attention.output.LayerNorm,LayerNorm,0.0291,0.375,491520.0,1536,0,8,0.0297,analytic,"[1, 128, 768]","[1, 128, 768]",1214.89,0.0,0.375,cpu_perf_counter,cpu
22,encoder.layer.0.intermediate.dense,Linear,1.7725,1.5,603979776.0,2362368,0,9,1.7731,counter,"[1, 128, 768]","[1, 128, 3072]",1214.89,0.0,1.5,cpu_perf_counter,cpu
22,encoder.layer.0.intermediate.intermediate_act_fn,GELUActivation,0.1295,1.5,0.0,0,0,10,0.1301,none,"[1, 128, 3072]","[1, 128, 3072]",1214.89,0.0,1.5,cpu_perf_counter,cpu
22,encoder.layer.0.output.dense,Linear,1.4502,0.375,603979776.0,2360064,0,11,1.4508,counter,"[1, 128, 3072]","[1, 128, 768]",1214.89,0.0,0.375,cpu_perf_counter,cpu
22,encoder.layer.0.output.LayerNorm,LayerNorm,0.0409,0.375,491520.0,1536,0,12,0.0415,analytic,"[1, 128, 768]","[1, 128, 768]",1214.89,0.0,0.375,cpu_perf_counter,cpu
22,encoder.layer.1.attention.self.query,Linear,0.4471,0.375,150994944.0,590592,0,13,0.4477,counter,"[1, 128, 768]","[1, 128, 768]",1214.89,0.0,0.375,cpu_perf_counter,cpu
22,encoder.layer.1.attention.self.key,Linear,0.3751,0.375,150994944.0,590592,0,14,0.3757,counter,"[1, 128, 768]","[1, 128, 768]",1214.89,0.0,0.375,cpu_perf_counter,cpu
22,encoder.layer.1.attention.self.value,Linear,0.3708,0.375,150994944.0,590592,0,15,0.3714,counter,"[1, 128, 768]","[1, 128, 768]",1214.89,0.0,0.375,cpu_perf_counter,cpu
22,encoder.layer.1.attention.output.dense,Linear,0.3796,0.375,150994944.0,590592,0,16,0.3802,counter,"[1, 128, 768]","[1, 128, 768]",1214.89,0.0,0.375,cpu_perf_counter,cpu
22,encoder.layer.1.attention.output.LayerNorm,LayerNorm,0.0321,0.375,491520.0,1536,0,17,0.0327,analytic,"[1, 128, 768]","[1, 128, 768]",1214.89,0.0,0.375,cpu_perf_counter,cpu
22,encoder.layer.1.intermediate.dense,Linear,1.7763,1.5,603979776.0,2362368,0,18,1.7769,counter,"[1, 128, 768]","[1, 128, 3072]",1214.89,0.0,1.5,cpu_perf_counter,cpu
22,encoder.layer.1.intermediate.intermediate_act_fn,GELUActivation,0.1262,1.5,0.0,0,0,19,0.1268,none,"[1, 128, 3072]","[1, 128, 3072]",1214.89,0.0,1.5,cpu_perf_counter,cpu
22,encoder.layer.1.output.dense,Linear,1.4545,0.375,603979776.0,2360064,0,20,1.4551,counter,"[1, 128, 3072]","[1, 128, 768]",1214.89,0.0,0.375,cpu_perf_counter,cpu
22,encoder.layer.1.output.LayerNorm,LayerNorm,0.0406,0.375,491520.0,1536,0,21,0.0412,analytic,"[1, 128, 768]","[1, 128, 768]",1214.89,0.0,0.375,cpu_perf_counter,cpu
22,encoder.layer.2.attention.self.query,Linear,0.3811,0.375,150994944.0,590592,0,22,0.3817,counter,"[1, 128, 768]","[1, 128, 768]",1214.89,0.0,0.375,cpu_perf_counter,cpu
22,encoder.layer.2.attention.self.key,Linear,0.3712,0.375,150994944.0,590592,0,23,0.3718,counter,"[1, 128, 768]","[1, 128, 768]",1214.89,0.0,0.375,cpu_perf_counter,cpu
22,encoder.layer.2.attention.self.value,Linear,0.3627,0.375,150994944.0,590592,0,24,0.3633,counter,"[1, 128, 768]","[1, 128, 768]",1214.89,0.0,0.375,cpu_perf_counter,cpu
22,encoder.layer.2.attention.output.dense,Linear,0.3756,0.375,150994944.0,590592,0,25,0.3762,counter,"[1, 128, 768]","[1, 128, 768]",1214.89,0.0,0.375,cpu_perf_counter,cpu
22,encoder.layer.2.attention.output.LayerNorm,LayerNorm,0.0318,0.375,491520.0,1536,0,26,0.0324,analytic,"[1, 128, 768]","[1, 128, 768]",1214.89,0.0,0.375,cpu_perf_counter,cpu
22,encoder.layer.2.intermediate.dense,Linear,1.7857,1.5,603979776.0,2362368,0,27,1.7863,counter,"[1, 128, 768]","[1, 128, 3072]",1214.89,0.0,1.5,cpu_perf_counter,cpu
22,encoder.layer.2.intermediate.intermediate_act_fn,GELUActivation,0.1266,1.5,0.0,0,0,28,0.1272,none,"[1, 128, 3072]","[1, 128, 3072]",1214.89,0.0,1.5,cpu_perf_counter,cpu
22,encoder.layer.2.output.dense,Linear,1.4926,0.375,603979776.0,2360064,0,29,1.4932,counter,"[1, 128, 3072]","[1, 128, 768]",1214.89,0.0,0.375,cpu_perf_counter,cpu
22,encoder.layer.2.output.LayerNorm,LayerNorm,0.0431,0.375,491520.0,1536,0,30,0.0437,analytic,"[1, 128, 768]","[1, 128, 768]",1214.89,0.0,0.375,cpu_perf_counter,cpu
22,encoder.layer.3.attention.self.query,Linear,0.3893,0.375,150994944.0,590592,0,31,0.3899,counter,"[1, 128, 768]","[1, 128, 768]",1214.89,0.0,0.375,cpu_perf_counter,cpu
22,encoder.layer.3.attention.self.key,Linear,0.3762,0.375,150994944.0,590592,0,32,0.3768,counter,"[1, 128, 768]","[1, 128, 768]",1214.89,0.0,0.375,cpu_perf_counter,cpu
22,encoder.layer.3.attention.self.value,Linear,0.3837,0.375,150994944.0,590592,0,33,0.3843,counter,"[1, 128, 768]","[1, 128, 768]",1214.89,0.0,0.375,cpu_perf_counter,cpu
22,encoder.layer.3.attention.output.dense,Linear,0.3857,0.375,150994944.0,590592,0,34,0.3863,counter,"[1, 128, 768]","[1, 128, 768]",1214.89,0.0,0.375,cpu_perf_counter,cpu
22,encoder.layer.3.attention.output.LayerNorm,LayerNorm,0.0311,0.375,491520.0,1536,0,35,0.0317,analytic,"[1, 128, 768]","[1, 128, 768]",1214.89,0.0,0.375,cpu_perf_counter,cpu
22,encoder.layer.3.intermediate.dense,Linear,1.7838,1.5,603979776.0,2362368,0,36,1.7844,counter,"[1, 128, 768]","[1, 128, 3072]",1214.89,0.0,1.5,cpu_perf_counter,cpu
22,encoder.layer.3.intermediate.intermediate_act_fn,GELUActivation,0.1352,1.5,0.0,0,0,37,0.1358,none,"[1, 128, 3072]","[1, 128, 3072]",1214.89,0.0,1.5,cpu_perf_counter,cpu
22,encoder.layer.3.output.dense,Linear,1.4789,0.375,603979776.0,2360064,0,38,1.4795,counter,"[1, 128, 3072]","[1, 128, 768]",1214.89,0.0,0.375,cpu_perf_counter,cpu
22,encoder.layer.3.output.LayerNorm,LayerNorm,0.0417,0.375,491520.0,1536,0,39,0.0423,analytic,"[1, 128, 768]","[1, 128, 768]",1214.89,0.0,0.375,cpu_perf_counter,cpu
22,encoder.layer.4.attention.self.query,Linear,0.3959,0.375,150994944.0,590592,0,40,0.3965,counter,"[1, 128, 768]","[1, 128, 768]",1214.89,0.0,0.375,cpu_perf_counter,cpu
22,encoder.layer.4.attention.self.key,Linear,0.6262,0.375,150994944.0,590592,0,41,0.6268,counter,"[1, 128, 768]","[1, 128, 768]",1214.89,0.0,0.375,cpu_perf_counter,cpu
22,encoder.layer.4.attention.self.value,Linear,0.4026,0.375,150994944.0,590592,0,42,0.4032,counter,"[1, 128, 768]","[1, 128, 768]",1214.89,0.0,0.375,cpu_perf_counter,cpu
22,encoder.layer.4.attention.output.dense,Linear,0.3863,0.375,150994944.0,590592,0,43,0.3869,counter,"[1, 128, 768]","[1, 128, 768]",1214.89,0.0,0.375,cpu_perf_counter,cpu
22,encoder.layer.4.attention.output.LayerNorm,LayerNorm,0.0315,0.375,491520.0,1536,0,44,0.0321,analytic,"[1, 128, 768]","[1, 128, 768]",1214.89,0.0,0.375,cpu_perf_counter,cpu
22,encoder.layer.4.intermediate.dense,Linear,1.7454,1.5,603979776.0,2362368,0,45,1.746,counter,"[1, 128, 768]","[1, 128, 3072]",1214.89,0.0,1.5,cpu_perf_counter,cpu
22,encoder.layer.4.intermediate.intermediate_act_fn,GELUActivation,0.1267,1.5,0.0,0,0,46,0.1273,none,"[1, 128, 3072]","[1, 128, 3072]",1214.89,0.0,1.5,cpu_perf_counter,cpu
22,encoder.layer.4.output.dense,Linear,1.4729,0.375,603979776.0,2360064,0,47,1.4735,counter,"[1, 128, 3072]","[1, 128, 768]",1214.89,0.0,0.375,cpu_perf_counter,cpu
22,encoder.layer.4.output.LayerNorm,LayerNorm,0.0411,0.375,491520.0,1536,0,48,0.0417,analytic,"[1, 128, 768]","[1, 128, 768]",1214.89,0.0,0.375,cpu_perf_counter,cpu
22,encoder.layer.5.attention.self.query,Linear,0.39,0.375,150994944.0,590592,0,49,0.3906,counter,"[1, 128, 768]","[1, 128, 768]",1214.89,0.0,0.375,cpu_perf_counter,cpu
22,encoder.layer.5.attention.self.key,Linear,0.3777,0.375,150994944.0,590592,0,50,0.3783,counter,"[1, 128, 768]","[1, 128, 768]",1214.89,0.0,0.375,cpu_perf_counter,cpu
22,encoder.layer.5.attention.self.value,Linear,0.37,0.375,150994944.0,590592,0,51,0.3706,counter,"[1, 128, 768]","[1, 128, 768]",1214.89,0.0,0.375,cpu_perf_counter,cpu
22,encoder.layer.5.attention.output.dense,Linear,0.3819,0.375,150994944.0,590592,0,52,0.3825,counter,"[1, 128, 768]","[1, 128, 768]",1214.89,0.0,0.375,cpu_perf_counter,cpu
22,encoder.layer.5.attention.output.LayerNorm,LayerNorm,0.0303,0.375,491520.0,1536,0,53,0.0309,analytic,"[1, 128, 768]","[1, 128, 768]",1214.89,0.0,0.375,cpu_perf_counter,cpu
22,encoder.layer.5.intermediate.dense,Linear,1.7726,1.5,603979776.0,2362368,0,54,1.7732,counter,"[1, 128, 768]","[1, 128, 3072]",1214.89,0.0,1.5,cpu_perf_counter,cpu
22,encoder.layer.5.intermediate.intermediate_act_fn,GELUActivation,0.1281,1.5,0.0,0,0,55,0.1287,none,"[1, 128, 3072]","[1, 128, 3072]",1214.89,0.0,1.5,cpu_perf_counter,cpu
22,encoder.layer.5.output.dense,Linear,1.4809,0.375,603979776.0,2360064,0,56,1.4815,counter,"[1, 128, 3072]","[1, 128, 768]",1214.89,0.0,0.375,cpu_perf_counter,cpu
22,encoder.layer.5.output.LayerNorm,LayerNorm,0.0423,0.375,491520.0,1536,0,57,0.0429,analytic,"[1, 128, 768]","[1, 128, 768]",1214.89,0.0,0.375,cpu_perf_counter,cpu
22,encoder.layer.6.attention.self.query,Linear,0.3987,0.375,150994944.0,590592,0,58,0.3993,counter,"[1, 128, 768]","[1, 128, 768]",1214.89,0.0,0.375,cpu_perf_counter,cpu
22,encoder.layer.6.attention.self.key,Linear,0.3792,0.375,150994944.0,590592,0,59,0.3798,counter,"[1, 128, 768]","[1, 128, 768]",1214.89,0.0,0.375,cpu_perf_counter,cpu
22,encoder.layer.6.attention.self.value,Linear,0.421,0.375,150994944.0,590592,0,60,0.4216,counter,"[1, 128, 768]","[1, 128, 768]",1214.89,0.0,0.375,cpu_perf_counter,cpu
22,encoder.layer.6.attention.output.dense,Linear,0.3836,0.375,150994944.0,590592,0,61,0.3842,counter,"[1, 128, 768]","[1, 128, 768]",1214.89,0.0,0.375,cpu_perf_counter,cpu
22,encoder.layer.6.attention.output.LayerNorm,LayerNorm,0.0297,0.375,491520.0,1536,0,62,0.0303,analytic,"[1, 128, 768]","[1, 128, 768]",1214.89,0.0,0.375,cpu_perf_counter,cpu
22,encoder.layer.6.intermediate.dense,Linear,1.9029,1.5,603979776.0,2362368,0,63,1.9035,counter,"[1, 128, 768]","[1, 128, 3072]",1214.89,0.0,1.5,cpu_perf_counter,cpu
22,encoder.layer.6.intermediate.intermediate_act_fn,GELUActivation,0.1818,1.5,0.0,0,0,64,0.1824,none,"[1, 128, 3072]","[1, 128, 3072]",1214.89,0.0,1.5,cpu_perf_counter,cpu
22,encoder.layer.6.output.dense,Linear,1.4858,0.375,603979776.0,2360064,0,65,1.4864,counter,"[1, 128, 3072]","[1, 128, 768]",1214.89,0.0,0.375,cpu_perf_counter,cpu
22,encoder.layer.6.output.LayerNorm,LayerNorm,0.0413,0.375,491520.0,1536,0,66,0.0419,analytic,"[1, 128, 768]","[1, 128, 768]",1214.89,0.0,0.375,cpu_perf_counter,cpu
22,encoder.layer.7.attention.self.query,Linear,0.3926,0.375,150994944.0,590592,0,67,0.3932,counter,"[1, 128, 768]","[1, 128, 768]",1214.89,0.0,0.375,cpu_perf_counter,cpu
22,encoder.layer.7.attention.self.key,Linear,0.3726,0.375,150994944.0,590592,0,68,0.3732,counter,"[1, 128, 768]","[1, 128, 768]",1214.89,0.0,0.375,cpu_perf_counter,cpu
22,encoder.layer.7.attention.self.value,Linear,0.3805,0.375,150994944.0,590592,0,69,0.3811,counter,"[1, 128, 768]","[1, 128, 768]",1214.89,0.0,0.375,cpu_perf_counter,cpu
22,encoder.layer.7.attention.output.dense,Linear,0.3831,0.375,150994944.0,590592,0,70,0.3837,counter,"[1, 128, 768]","[1, 128, 768]",1214.89,0.0,0.375,cpu_perf_counter,cpu
22,encoder.layer.7.attention.output.LayerNorm,LayerNorm,0.0277,0.375,491520.0,1536,0,71,0.0283,analytic,"[1, 128, 768]","[1, 128, 768]",1214.89,0.0,0.375,cpu_perf_counter,cpu
22,encoder.layer.7.intermediate.dense,Linear,1.775,1.5,603979776.0,2362368,0,72,1.7756,counter,"[1, 128, 768]","[1, 128, 3072]",1214.89,0.0,1.5,cpu_perf_counter,cpu
22,encoder.layer.7.intermediate.intermediate_act_fn,GELUActivation,0.1287,1.5,0.0,0,0,73,0.1293,none,"[1, 128, 3072]","[1, 128, 3072]",1214.89,0.0,1.5,cpu_perf_counter,cpu
22,encoder.layer.7.output.dense,Linear,1.4721,0.375,603979776.0,2360064,0,74,1.4727,counter,"[1, 128, 3072]","[1, 128, 768]",1214.89,0.0,0.375,cpu_perf_counter,cpu
22,encoder.layer.7.output.LayerNorm,LayerNorm,0.0398,0.375,491520.0,1536,0,75,0.0404,analytic,"[1, 128, 768]","[1, 128, 768]",1214.89,0.0,0.375,cpu_perf_counter,cpu
22,encoder.layer.8.attention.self.query,Linear,0.3898,0.375,150994944.0,590592,0,76,0.3904,counter,"[1, 128, 768]","[1, 128, 768]",1214.89,0.0,0.375,cpu_perf_counter,cpu
22,encoder.layer.8.attention.self.key,Linear,0.3753,0.375,150994944.0,590592,0,77,0.3759,counter,"[1, 128, 768]","[1, 128, 768]",1214.89,0.0,0.375,cpu_perf_counter,cpu
22,encoder.layer.8.attention.self.value,Linear,0.3639,0.375,150994944.0,590592,0,78,0.3645,counter,"[1, 128, 768]","[1, 128, 768]",1214.89,0.0,0.375,cpu_perf_counter,cpu
22,encoder.layer.8.attention.output.dense,Linear,0.377,0.375,150994944.0,590592,0,79,0.3776,counter,"[1, 128, 768]","[1, 128, 768]",1214.89,0.0,0.375,cpu_perf_counter,cpu
22,encoder.layer.8.attention.output.LayerNorm,LayerNorm,0.0296,0.375,491520.0,1536,0,80,0.0302,analytic,"[1, 128, 768]","[1, 128, 768]",1214.89,0.0,0.375,cpu_perf_counter,cpu
22,encoder.layer.8.intermediate.dense,Linear,1.7975,1.5,603979776.0,2362368,0,81,1.7981,counter,"[1, 128, 768]","[1, 128, 3072]",1214.89,0.0,1.5,cpu_perf_counter,cpu
22,encoder.layer.8.intermediate.intermediate_act_fn,GELUActivation,0.1358,1.5,0.0,0,0,82,0.1364,none,"[1, 128, 3072]","[1, 128, 3072]",1214.89,0.0,1.5,cpu_perf_counter,cpu
22,encoder.layer.8.output.dense,Linear,1.5069,0.375,603979776.0,2360064,0,83,1.5075,counter,"[1, 128, 3072]","[1, 128, 768]",1214.89,0.0,0.375,cpu_perf_counter,cpu
22,encoder.layer.8.output.LayerNorm,LayerNorm,0.0502,0.375,491520.0,1536,0,84,0.0508,analytic,"[1, 128, 768]","[1, 128, 768]",1214.89,0.0,0.375,cpu_perf_counter,cpu
22,encoder.layer.9.attention.self.query,Linear,0.3912,0.375,150994944.0,590592,0,85,0.3918,counter,"[1, 128, 768]","[1, 128, 768]",1214.89,0.0,0.375,cpu_perf_counter,cpu
22,encoder.layer.9.attention.self.key,Linear,0.3827,0.375,150994944.0,590592,0,86,0.3833,counter,"[1, 128, 768]","[1, 128, 768]",1214.89,0.0,0.375,cpu_perf_counter,cpu
22,encoder.layer.9.attention.self.value,Linear,0.3708,0.375,150994944.0,590592,0,87,0.3714,counter,"[1, 128, 768]","[1, 128, 768]",1214.89,0.0,0.375,cpu_perf_counter,cpu
22,encoder.layer.9.attention.output.dense,Linear,0.3792,0.375,150994944.0,590592,0,88,0.3798,counter,"[1, 128, 768]","[1, 128, 768]",1214.89,0.0,0.375,cpu_perf_counter,cpu
22,encoder.layer.9.attention.output.LayerNorm,LayerNorm,0.0309,0.375,491520.0,1536,0,89,0.0315,analytic,"[1, 128, 768]","[1, 128, 768]",1214.89,0.0,0.375,cpu_perf_counter,cpu
22,encoder.layer.9.intermediate.dense,Linear,1.8778,1.5,603979776.0,2362368,0,90,1.8784,counter,"[1, 128, 768]","[1, 128, 3072]",1214.89,0.0,1.5,cpu_perf_counter,cpu
22,encoder.layer.9.intermediate.intermediate_act_fn,GELUActivation,0.1339,1.5,0.0,0,0,91,0.1345,none,"[1, 128, 3072]","[1, 128, 3072]",1214.89,0.0,1.5,cpu_perf_counter,cpu
22,encoder.layer.9.output.dense,Linear,1.4539,0.375,603979776.0,2360064,0,92,1.4545,counter,"[1, 128, 3072]","[1, 128, 768]",1214.89,0.0,0.375,cpu_perf_counter,cpu
22,encoder.layer.9.output.LayerNorm,LayerNorm,0.0437,0.375,491520.0,1536,0,93,0.0443,analytic,"[1, 128, 768]","[1, 128, 768]",1214.89,0.0,0.375,cpu_perf_counter,cpu
22,encoder.layer.10.attention.self.query,Linear,0.3876,0.375,150994944.0,590592,0,94,0.3882,counter,"[1, 128, 768]","[1, 128, 768]",1214.89,0.0,0.375,cpu_perf_counter,cpu
22,encoder.layer.10.attention.self.key,Linear,0.3651,0.375,150994944.0,590592,0,95,0.3657,counter,"[1, 128, 768]","[1, 128, 768]",1214.89,0.0,0.375,cpu_perf_counter,cpu
22,encoder.layer.10.attention.self.value,Linear,0.3672,0.375,150994944.0,590592,0,96,0.3678,counter,"[1, 128, 768]","[1, 128, 768]",1214.89,0.0,0.375,cpu_perf_counter,cpu
22,encoder.layer.10.attention.output.dense,Linear,0.3842,0.375,150994944.0,590592,0,97,0.3848,counter,"[1, 128, 768]","[1, 128, 768]",1214.89,0.0,0.375,cpu_perf_counter,cpu
22,encoder.layer.10.attention.output.LayerNorm,LayerNorm,0.0294,0.375,491520.0,1536,0,98,0.03,analytic,"[1, 128, 768]","[1, 128, 768]",1214.89,0.0,0.375,cpu_perf_counter,cpu
22,encoder.layer.10.intermediate.dense,Linear,1.8184,1.5,603979776.0,2362368,0,99,1.819,counter,"[1, 128, 768]","[1, 128, 3072]",1214.89,0.0,1.5,cpu_perf_counter,cpu
22,encoder.layer.10.intermediate.intermediate_act_fn,GELUActivation,0.1258,1.5,0.0,0,0,100,0.1264,none,"[1, 128, 3072]","[1, 128, 3072]",1214.89,0.0,1.5,cpu_perf_counter,cpu
22,encoder.layer.10.output.dense,Linear,1.4441,0.375,603979776.0,2360064,0,101,1.4447,counter,"[1, 128, 3072]","[1, 128, 768]",1214.89,0.0,0.375,cpu_perf_counter,cpu
22,encoder.layer.10.output.LayerNorm,LayerNorm,0.0389,0.375,491520.0,1536,0,102,0.0395,analytic,"[1, 128, 768]","[1, 128, 768]",1214.89,0.0,0.375,cpu_perf_counter,cpu
22,encoder.layer.11.attention.self.query,Linear,0.381,0.375,150994944.0,590592,0,103,0.3816,counter,"[1, 128, 768]","[1, 128, 768]",1214.89,0.0,0.375,cpu_perf_counter,cpu
22,encoder.layer.11.attention.self.key,Linear,0.377,0.375,150994944.0,590592,0,104,0.3776,counter,"[1, 128, 768]","[1, 128, 768]",1214.89,0.0,0.375,cpu_perf_counter,cpu
22,encoder.layer.11.attention.self.value,Linear,0.3858,0.375,150994944.0,590592,0,105,0.3864,counter,"[1, 128, 768]","[1, 128, 768]",1214.89,0.0,0.375,cpu_perf_counter,cpu
22,encoder.layer.11.attention.output.dense,Linear,0.4327,0.375,150994944.0,590592,0,106,0.4333,counter,"[1, 128, 768]","[1, 128, 768]",1214.89,0.0,0.375,cpu_perf_counter,cpu
22,encoder.layer.11.attention.output.LayerNorm,LayerNorm,0.0393,0.375,491520.0,1536,0,107,0.0399,analytic,"[1, 128, 768]","[1, 128, 768]",1214.89,0.0,0.375,cpu_perf_counter,cpu
22,encoder.layer.11.intermediate.dense,Linear,1.8888,1.5,603979776.0,2362368,0,108,1.8894,counter,"[1, 128, 768]","[1, 128, 3072]",1214.89,0.0,1.5,cpu_perf_counter,cpu
22,encoder.layer.11.intermediate.intermediate_act_fn,GELUActivation,0.1369,1.5,0.0,0,0,109,0.1375,none,"[1, 128, 3072]","[1, 128, 3072]",1214.89,0.0,1.5,cpu_perf_counter,cpu
22,encoder.layer.11.output.dense,Linear,1.4796,0.375,603979776.0,2360064,0,110,1.4802,counter,"[1, 128, 3072]","[1, 128, 768]",1214.89,0.0,0.375,cpu_perf_counter,cpu
22,encoder.layer.11.output.LayerNorm,LayerNorm,0.0415,0.375,491520.0,1536,0,111,0.0421,analytic,"[1, 128, 768]","[1, 128, 768]",1214.89,0.0,0.375,cpu_perf_counter,cpu
22,pooler.dense,Linear,0.1219,0.00293,1179648.0,590592,0,112,0.1225,counter,"[1, 768]","[1, 768]",1214.89,0.0,0.003,cpu_perf_counter,cpu
22,pooler.activation,Tanh,0.0157,0.00293,3072.0,0,0,113,0.0163,analytic,"[1, 768]","[1, 768]",1214.89,0.0,0.003,cpu_perf_counter,cpu
23,embeddings.word_embeddings,Embedding,0.049,0.375,0.0,23440896,0,0,0.0496,none,"[1, 128]","[1, 128, 768]",1214.89,0.0,0.375,cpu_perf_counter,cpu
23,embeddings.token_type_embeddings,Embedding,0.0205,0.375,0.0,1536,0,1,0.0211,none,"[1, 128]","[1, 128, 768]",1214.89,0.0,0.375,cpu_perf_counter,cpu
23,embeddings.position_embeddings,Embedding,0.0211,0.375,0.0,393216,0,2,0.0217,none,"[1, 128]","[1, 128, 768]",1214.89,0.0,0.375,cpu_perf_counter,cpu
23,embeddings.LayerNorm,LayerNorm,0.0255,0.375,491520.0,1536,0,3,0.0261,analytic,"[1, 128, 768]","[1, 128, 768]",1214.89,0.0,0.375,cpu_perf_counter,cpu
23,encoder.layer.0.attention.self.query,Linear,0.3746,0.375,150994944.0,590592,0,4,0.3752,counter,"[1, 128, 768]","[1, 128, 768]",1214.89,0.0,0.375,cpu_perf_counter,cpu
23,encoder.layer.0.attention.self.key,Linear,0.3607,0.375,150994944.0,590592,0,5,0.3613,counter,"[1, 128, 768]","[1, 128, 768]",1214.89,0.0,0.375,cpu_perf_counter,cpu
23,encoder.layer.0.attention.self.value,Linear,0.3652,0.375,150994944.0,590592,0,6,0.3658,counter,"[1, 128, 768]","[1, 128, 768]",1214.89,0.0,0.375,cpu_perf_counter,cpu
23,encoder.layer.0.attention.output.dense,Linear,0.3732,0.375,150994944.0,590592,0,7,0.3738,counter,"[1, 128, 768]","[1, 128, 768]",1214.89,0.0,0.375,cpu_perf_counter,cpu
23,encoder.layer.0.attention.output.LayerNorm,LayerNorm,0.0268,0.375,491520.0,1536,0,8,0.0274,analytic,"[1, 128, 768]","[1, 128, 768]",1214.89,0.0,0.375,cpu_perf_counter,cpu
23,encoder.layer.0.intermediate.dense,Linear,1.7916,1.5,603979776.0,2362368,0,9,1.7922,counter,"[1, 128, 768]","[1, 128, 3072]",1214.89,0.0,1.5,cpu_perf_counter,cpu
23,encoder.layer.0.intermediate.intermediate_act_fn,GELUActivation,0.129,1.5,0.0,0,0,10,0.1296,none,"[1, 128, 3072]","[1, 128, 3072]",1214.89,0.0,1.5,cpu_perf_counter,cpu
23,encoder.layer.0.output.dense,Linear,1.4517,0.375,603979776.0,2360064,0,11,1.4523,counter,"[1, 128, 3072]","[1, 128, 768]",1214.89,0.0,0.375,cpu_perf_counter,cpu
23,encoder.layer.0.output.LayerNorm,LayerNorm,0.0389,0.375,491520.0,1536,0,12,0.0395,analytic,"[1, 128, 768]","[1, 128, 768]",1214.89,0.0,0.375,cpu_perf_counter,cpu
23,encoder.layer.1.attention.self.query,Linear,0.4146,0.375,150994944.0,590592,0,13,0.4152,counter,"[1, 128, 768]","[1, 128, 768]",1214.89,0.0,0.375,cpu_perf_counter,cpu
23,encoder.layer.1.attention.self.key,Linear,0.3703,0.375,150994944.0,590592,0,14,0.3709,counter,"[1, 128, 768]","[1, 128, 768]",1214.89,0.0,0.375,cpu_perf_counter,cpu
23,encoder.layer.1.attention.self.value,Linear,0.3484,0.375,150994944.0,590592,0,15,0.349,counter,"[1, 128, 768]","[1, 128, 768]",1214.89,0.0,0.375,cpu_perf_counter,cpu
23,encoder.layer.1.attention.output.dense,Linear,0.3811,0.375,150994944.0,590592,0,16,0.3817,counter,"[1, 128, 768]","[1, 128, 768]",1214.89,0.0,0.375,cpu_perf_counter,cpu
23,encoder.layer.1.attention.output.LayerNorm,LayerNorm,0.0291,0.375,491520.0,1536,0,17,0.0297,analytic,"[1, 128, 768]","[1, 128, 768]",1214.89,0.0,0.375,cpu_perf_counter,cpu
23,encoder.layer.1.intermediate.dense,Linear,1.7418,1.5,603979776.0,2362368,0,18,1.7424,counter,"[1, 128, 768]","[1, 128, 3072]",1214.89,0.0,1.5,cpu_perf_counter,cpu
23,encoder.layer.1.intermediate.intermediate_act_fn,GELUActivation,0.1262,1.5,0.0,0,0,19,0.1268,none,"[1, 128, 3072]","[1, 128, 3072]",1214.89,0.0,1.5,cpu_perf_counter,cpu
23,encoder.layer.1.output.dense,Linear,1.5402,0.375,603979776.0,2360064,0,20,1.5408,counter,"[1, 128, 3072]","[1, 128, 768]",1214.89,0.0,0.375,cpu_perf_counter,cpu
23,encoder.layer.1.output.LayerNorm,LayerNorm,0.0504,0.375,491520.0,1536,0,21,0.051,analytic,"[1, 128, 768]","[1, 128, 768]",1214.89,0.0,0.375,cpu_perf_counter,cpu
23,encoder.layer.2.attention.self.query,Linear,0.4057,0.375,150994944.0,590592,0,22,0.4063,counter,"[1, 128, 768]","[1, 128, 768]",1214.89,0.0,0.375,cpu_perf_counter,cpu
23,encoder.layer.2.attention.self.key,Linear,0.3817,0.375,150994944.0,590592,0,23,0.3823,counter,"[1, 128, 768]","[1, 128, 768]",1214.89,0.0,0.375,cpu_perf_counter,cpu
23,encoder.layer.2.attention.self.value,Linear,0.393,0.375,150994944.0,590592,0,24,0.3936,counter,"[1, 128, 768]","[1, 128, 768]",1214.89,0.0,0.375,cpu_perf_counter,cpu
23,encoder.layer.2.attention.output.dense,Linear,0.4092,0.375,150994944.0,590592,0,25,0.4098,counter,"[1, 128, 768]","[1, 128, 768]",1214.89,0.0,0.375,cpu_perf_counter,cpu
23,encoder.layer.2.attention.output.LayerNorm,LayerNorm,0.0521,0.375,491520.0,1536,0,26,0.0527,analytic,"[1, 128, 768]","[1, 128, 768]",1214.89,0.0,0.375,cpu_perf_counter,cpu
23,encoder.layer.2.intermediate.dense,Linear,1.7457,1.5,603979776.0,2362368,0,27,1.7463,counter,"[1, 128, 768]","[1, 128, 3072]",1214.89,0.0,1.5,cpu_perf_counter,cpu
23,encoder.layer.2.intermediate.intermediate_act_fn,GELUActivation,0.1444,1.5,0.0,0,0,28,0.145,none,"[1, 128, 3072]","[1, 128, 3072]",1214.89,0.0,1.5,cpu_perf_counter,cpu
23,encoder.layer.2.output.dense,Linear,1.4543,0.375,603979776.0,2360064,0,29,1.4549,counter,"[1, 128, 3072]","[1, 128, 768]",1214.89,0.0,0.375,cpu_perf_counter,cpu
23,encoder.layer.2.output.LayerNorm,LayerNorm,0.0457,0.375,491520.0,1536,0,30,0.0463,analytic,"[1, 128, 768]","[1, 128, 768]",1214.89,0.0,0.375,cpu_perf_counter,cpu
23,encoder.layer.3.attention.self.query,Linear,0.3893,0.375,150994944.0,590592,0,31,0.3899,counter,"[1, 128, 768]","[1, 128, 768]",1214.89,0.0,0.375,cpu_perf_counter,cpu
23,encoder.layer.3.attention.self.key,Linear,0.3786,0.375,150994944.0,590592,0,32,0.3792,counter,"[1, 128, 768]","[1, 128, 768]",1214.89,0.0,0.375,cpu_perf_counter,cpu
23,encoder.layer.3.attention.self.value,Linear,0.4116,0.375,150994944.0,590592,0,33,0.4122,counter,"[1, 128, 768]","[1, 128, 768]",1214.89,0.0,0.375,cpu_perf_counter,cpu
23,encoder.layer.3.attention.output.dense,Linear,0.3819,0.375,150994944.0,590592,0,34,0.3825,counter,"[1, 128, 768]","[1, 128, 768]",1214.89,0.0,0.375,cpu_perf_counter,cpu
23,encoder.layer.3.attention.output.LayerNorm,LayerNorm,0.0314,0.375,491520.0,1536,0,35,0.032,analytic,"[1, 128, 768]","[1, 128, 768]",1214.89,0.0,0.375,cpu_perf_counter,cpu
23,encoder.layer.3.intermediate.dense,Linear,1.7599,1.5,603979776.0,2362368,0,36,1.7605,counter,"[1, 128, 768]","[1, 128, 3072]",1214.89,0.0,1.5,cpu_perf_counter,cpu
23,encoder.layer.3.intermediate.intermediate_act_fn,GELUActivation,0.131,1.5,0.0,0,0,37,0.1316,none,"[1, 128, 3072]","[1, 128, 3072]",1214.89,0.0,1.5,cpu_perf_counter,cpu
23,encoder.layer.3.output.dense,Linear,1.47,0.375,603979776.0,2360064,0,38,1.4706,counter,"[1, 128, 3072]","[1, 128, 768]",1214.89,0.0,0.375,cpu_perf_counter,cpu
23,encoder.layer.3.output.LayerNorm,LayerNorm,0.0513,0.375,491520.0,1536,0,39,0.0519,analytic,"[1, 128, 768]","[1, 128, 768]",1214.89,0.0,0.375,cpu_perf_counter,cpu
23,encoder.layer.4.attention.self.query,Linear,0.4285,0.375,150994944.0,590592,0,40,0.4291,counter,"[1, 128, 768]","[1, 128, 768]",1214.89,0.0,0.375,cpu_perf_counter,cpu
23,encoder.layer.4.attention.self.key,Linear,0.4385,0.375,150994944.0,590592,0,41,0.4391,counter,"[1, 128, 768]","[1, 128, 768]",1214.89,0.0,0.375,cpu_perf_counter,cpu
23,encoder.layer.4.attention.self.value,Linear,0.3964,0.375,150994944.0,590592,0,42,0.397,counter,"[1, 128, 768]","[1, 128, 768]",1214.89,0.0,0.375,cpu_perf_counter,cpu
23,encoder.layer.4.attention.output.dense,Linear,0.3853,0.375,150994944.0,590592,0,43,0.3859,counter,"[1, 128, 768]","[1, 128, 768]",1214.89,0.0,0.375,cpu_perf_counter,cpu
23,encoder.layer.4.attention.output.LayerNorm,LayerNorm,0.0372,0.375,491520.0,1536,0,44,0.0378,analytic,"[1, 128, 768]","[1, 128, 768]",1214.89,0.0,0.375,cpu_perf_counter,cpu
23,encoder.layer.4.intermediate.dense,Linear,1.7641,1.5,603979776.0,2362368,0,45,1.7647,counter,"[1, 128, 768]","[1, 128, 3072]",1214.89,0.0,1.5,cpu_perf_counter,cpu
23,encoder.layer.4.intermediate.intermediate_act_fn,GELUActivation,0.1515,1.5,0.0,0,0,46,0.1521,none,"[1, 128, 3072]","[1, 128, 3072]",1214.89,0.0,1.5,cpu_perf_counter,cpu
23,encoder.layer.4.output.dense,Linear,1.5345,0.375,603979776.0,2360064,0,47,1.5351,counter,"[1, 128, 3072]","[1, 128, 768]",1214.89,0.0,0.375,cpu_perf_counter,cpu
23,encoder.layer.4.output.LayerNorm,LayerNorm,0.0462,0.375,491520.0,1536,0,48,0.0468,analytic,"[1, 128, 768]","[1, 128, 768]",1214.89,0.0,0.375,cpu_perf_counter,cpu
23,encoder.layer.5.attention.self.query,Linear,0.4075,0.375,150994944.0,590592,0,49,0.4081,counter,"[1, 128, 768]","[1, 128, 768]",1214.89,0.0,0.375,cpu_perf_counter,cpu
23,encoder.layer.5.attention.self.key,Linear,0.3829,0.375,150994944.0,590592,0,50,0.3835,counter,"[1, 128, 768]","[1, 128, 768]",1214.89,0.0,0.375,cpu_perf_counter,cpu
23,encoder.layer.5.attention.self.value,Linear,0.3951,0.375,150994944.0,590592,0,51,0.3957,counter,"[1, 128, 768]","[1, 128, 768]",1214.89,0.0,0.375,cpu_perf_counter,cpu
23,encoder.layer.5.attention.output.dense,Linear,0.4144,0.375,150994944.0,590592,0,52,0.415,counter,"[1, 128, 768]","[1, 128, 768]",1214.89,0.0,0.375,cpu_perf_counter,cpu
23,encoder.layer.5.attention.output.LayerNorm,LayerNorm,0.0398,0.375,491520.0,1536,0,53,0.0404,analytic,"[1, 128, 768]","[1, 128, 768]",1214.89,0.0,0.375,cpu_perf_counter,cpu
23,encoder.layer.5.intermediate.dense,Linear,1.8629,1.5,603979776.0,2362368,0,54,1.8635,counter,"[1, 128, 768]","[1, 128, 3072]",1214.89,0.0,1.5,cpu_perf_counter,cpu
23,encoder.layer.5.intermediate.intermediate_act_fn,GELUActivation,0.1491,1.5,0.0,0,0,55,0.1497,none,"[1, 128, 3072]","[1, 128, 3072]",1214.89,0.0,1.5,cpu_perf_counter,cpu
23,encoder.layer.5.output.dense,Linear,1.5268,0.375,603979776.0,2360064,0,56,1.5274,counter,"[1, 128, 3072]","[1, 128, 768]",1214.89,0.0,0.375,cpu_perf_counter,cpu
23,encoder.layer.5.output.LayerNorm,LayerNorm,0.0485,0.375,491520.0,1536,0,57,0.0491,analytic,"[1, 128, 768]","[1, 128, 768]",1214.89,0.0,0.375,cpu_perf_counter,cpu
23,encoder.layer.6.attention.self.query,Linear,0.4022,0.375,150994944.0,590592,0,58,0.4028,counter,"[1, 128, 768]","[1, 128, 768]",1214.89,0.0,0.375,cpu_perf_counter,cpu
23,encoder.layer.6.attention.self.key,Linear,0.3856,0.375,150994944.0,590592,0,59,0.3862,counter,"[1, 128, 768]","[1, 128, 768]",1214.89,0.0,0.375,cpu_perf_counter,cpu
23,encoder.layer.6.attention.self.value,Linear,0.3854,0.375,150994944.0,590592,0,60,0.386,counter,"[1, 128, 768]","[1, 128, 768]",1214.89,0.0,0.375,cpu_perf_counter,cpu
23,encoder.layer.6.attention.output.dense,Linear,0.3893,0.375,150994944.0,590592,0,61,0.3899,counter,"[1, 128, 768]","[1, 128, 768]",1214.89,0.0,0.375,cpu_perf_counter,cpu
23,encoder.layer.6.attention.output.LayerNorm,LayerNorm,0.0391,0.375,491520.0,1536,0,62,0.0397,analytic,"[1, 128, 768]","[1, 128, 768]",1214.89,0.0,0.375,cpu_perf_counter,cpu
23,encoder.layer.6.intermediate.dense,Linear,1.8487,1.5,603979776.0,2362368,0,63,1.8493,counter,"[1, 128, 768]","[1, 128, 3072]",1214.89,0.0,1.5,cpu_perf_counter,cpu
23,encoder.layer.6.intermediate.intermediate_act_fn,GELUActivation,0.1555,1.5,0.0,0,0,64,0.1561,none,"[1, 128, 3072]","[1, 128, 3072]",1214.89,0.0,1.5,cpu_perf_counter,cpu
23,encoder.layer.6.output.dense,Linear,1.5031,0.375,603979776.0,2360064,0,65,1.5037,counter,"[1, 128, 3072]","[1, 128, 768]",1214.89,0.0,0.375,cpu_perf_counter,cpu
23,encoder.layer.6.output.LayerNorm,LayerNorm,0.0461,0.375,491520.0,1536,0,66,0.0467,analytic,"[1, 128, 768]","[1, 128, 768]",1214.89,0.0,0.375,cpu_perf_counter,cpu
23,encoder.layer.7.attention.self.query,Linear,0.4002,0.375,150994944.0,590592,0,67,0.4008,counter,"[1, 128, 768]","[1, 128, 768]",1214.89,0.0,0.375,cpu_perf_counter,cpu
23,encoder.layer.7.attention.self.key,Linear,0.3828,0.375,150994944.0,590592,0,68,0.3834,counter,"[1, 128, 768]","[1, 128, 768]",1214.89,0.0,0.375,cpu_perf_counter,cpu
23,encoder.layer.7.attention.self.value,Linear,0.389,0.375,150994944.0,590592,0,69,0.3896,counter,"[1, 128, 768]","[1, 128, 768]",1214.89,0.0,0.375,cpu_perf_counter,cpu
23,encoder.layer.7.attention.output.dense,Linear,0.3917,0.375,150994944.0,590592,0,70,0.3923,counter,"[1, 128, 768]","[1, 128, 768]",1214.89,0.0,0.375,cpu_perf_counter,cpu
23,encoder.layer.7.attention.output.LayerNorm,LayerNorm,0.0319,0.375,491520.0,1536,0,71,0.0325,analytic,"[1, 128, 768]","[1, 128, 768]",1214.89,0.0,0.375,cpu_perf_counter,cpu
23,encoder.layer.7.intermediate.dense,Linear,1.6021,1.5,603979776.0,2362368,0,72,1.6027,counter,"[1, 128, 768]","[1, 128, 3072]",1214.89,0.0,1.5,cpu_perf_counter,cpu
23,encoder.layer.7.intermediate.intermediate_act_fn,GELUActivation,0.1585,1.5,0.0,0,0,73,0.1591,none,"[1, 128, 3072]","[1, 128, 3072]",1214.89,0.0,1.5,cpu_perf_counter,cpu
23,encoder.layer.7.output.dense,Linear,1.3935,0.375,603979776.0,2360064,0,74,1.3941,counter,"[1, 128, 3072]","[1, 128, 768]",1214.89,0.0,0.375,cpu_perf_counter,cpu
23,encoder.layer.7.output.LayerNorm,LayerNorm,0.0506,0.375,491520.0,1536,0,75,0.0512,analytic,"[1, 128, 768]","[1, 128, 768]",1214.89,0.0,0.375,cpu_perf_counter,cpu
23,encoder.layer.8.attention.self.query,Linear,0.401,0.375,150994944.0,590592,0,76,0.4016,counter,"[1, 128, 768]","[1, 128, 768]",1214.89,0.0,0.375,cpu_perf_counter,cpu
23,encoder.layer.8.attention.self.key,Linear,0.3794,0.375,150994944.0,590592,0,77,0.38,counter,"[1, 128, 768]","[1, 128, 768]",1214.89,0.0,0.375,cpu_perf_counter,cpu
23,encoder.layer.8.attention.self.value,Linear,0.3783,0.375,150994944.0,590592,0,78,0.3789,counter,"[1, 128, 768]","[1, 128, 768]",1214.89,0.0,0.375,cpu_perf_counter,cpu
23,encoder.layer.8.attention.output.dense,Linear,0.3975,0.375,150994944.0,590592,0,79,0.3981,counter,"[1, 128, 768]","[1, 128, 768]",1214.89,0.0,0.375,cpu_perf_counter,cpu
23,encoder.layer.8.attention.output.LayerNorm,LayerNorm,0.035,0.375,491520.0,1536,0,80,0.0356,analytic,"[1, 128, 768]","[1, 128, 768]",1214.89,0.0,0.375,cpu_perf_counter,cpu
23,encoder.layer.8.intermediate.dense,Linear,1.874,1.5,603979776.0,2362368,0,81,1.8746,counter,"[1, 128, 768]","[1, 128, 3072]",1214.89,0.0,1.5,cpu_perf_counter,cpu
23,encoder.layer.8.intermediate.intermediate_act_fn,GELUActivation,0.1504,1.5,0.0,0,0,82,0.151,none,"[1, 128, 3072]","[1, 128, 3072]",1214.89,0.0,1.5,cpu_perf_counter,cpu
23,encoder.layer.8.output.dense,Linear,1.4406,0.375,603979776.0,2360064,0,83,1.4412,counter,"[1, 128, 3072]","[1, 128, 768]",1214.89,0.0,0.375,cpu_perf_counter,cpu
23,encoder.layer.8.output.LayerNorm,LayerNorm,0.0475,0.375,491520.0,1536,0,84,0.0481,analytic,"[1, 128, 768]","[1, 128, 768]",1214.89,0.0,0.375,cpu_perf_counter,cpu
23,encoder.layer.9.attention.self.query,Linear,0.4016,0.375,150994944.0,590592,0,85,0.4022,counter,"[1, 128, 768]","[1, 128, 768]",1214.89,0.0,0.375,cpu_perf_counter,cpu
23,encoder.layer.9.attention.self.key,Linear,0.3779,0.375,150994944.0,590592,0,86,0.3785,counter,"[1, 128, 768]","[1, 128, 768]",1214.89,0.0,0.375,cpu_perf_counter,cpu
23,encoder.layer.9.attention.self.value,Linear,0.3839,0.375,150994944.0,590592,0,87,0.3845,counter,"[1, 128, 768]","[1, 128, 768]",1214.89,0.0,0.375,cpu_perf_counter,cpu
23,encoder.layer.9.attention.output.dense,Linear,0.3831,0.375,150994944.0,590592,0,88,0.3837,counter,"[1, 128, 768]","[1, 128, 768]",1214.89,0.0,0.375,cpu_perf_counter,cpu
23,encoder.layer.9.attention.output.LayerNorm,LayerNorm,0.0367,0.375,491520.0,1536,0,89,0.0373,analytic,"[1, 128, 768]","[1, 128, 768]",1214.89,0.0,0.375,cpu_perf_counter,cpu
23,encoder.layer.9.intermediate.dense,Linear,2.0216,1.5,603979776.0,2362368,0,90,2.0222,counter,"[1, 128, 768]","[1, 128, 3072]",1214.89,0.0,1.5,cpu_perf_counter,cpu
23,encoder.layer.9.intermediate.intermediate_act_fn,GELUActivation,0.1523,1.5,0.0,0,0,91,0.1529,none,"[1, 128, 3072]","[1, 128, 3072]",1214.89,0.0,1.5,cpu_perf_counter,cpu
23,encoder.layer.9.output.dense,Linear,1.4737,0.375,603979776.0,2360064,0,92,1.4743,counter,"[1, 128, 3072]","[1, 128, 768]",1214.89,0.0,0.375,cpu_perf_counter,cpu
23,encoder.layer.9.output.LayerNorm,LayerNorm,0.045,0.375,491520.0,1536,0,93,0.0456,analytic,"[1, 128, 768]","[1, 128, 768]",1214.89,0.0,0.375,cpu_perf_counter,cpu
23,encoder.layer.10.attention.self.query,Linear,0.3766,0.375,150994944.0,590592,0,94,0.3772,counter,"[1, 128, 768]","[1, 128, 768]",1214.89,0.0,0.375,cpu_perf_counter,cpu
23,encoder.layer.10.attention.self.key,Linear,0.3634,0.375,150994944.0,590592,0,95,0.364,counter,"[1, 128, 768]","[1, 128, 768]",1214.89,0.0,0.375,cpu_perf_counter,cpu
23,encoder.layer.10.attention.self.value,Linear,0.3747,0.375,150994944.0,590592,0,96,0.3753,counter,"[1, 128, 768]","[1, 128, 768]",1214.89,0.0,0.375,cpu_perf_counter,cpu
23,encoder.layer.10.attention.output.dense,Linear,0.3778,0.375,150994944.0,590592,0,97,0.3784,counter,"[1, 128, 768]","[1, 128, 768]",1214.89,0.0,0.375,cpu_perf_counter,cpu
23,encoder.layer.10.attention.output.LayerNorm,LayerNorm,0.0324,0.375,491520.0,1536,0,98,0.033,analytic,"[1, 128, 768]","[1, 128, 768]",1214.89,0.0,0.375,cpu_perf_counter,cpu
23,encoder.layer.10.intermediate.dense,Linear,1.7599,1.5,603979776.0,2362368,0,99,1.7605,counter,"[1, 128, 768]","[1, 128, 3072]",1214.89,0.0,1.5,cpu_perf_counter,cpu
23,encoder.layer.10.intermediate.intermediate_act_fn,GELUActivation,0.1483,1.5,0.0,0,0,100,0.1489,none,"[1, 128, 3072]","[1, 128, 3072]",1214.89,0.0,1.5,cpu_perf_counter,cpu
23,encoder.layer.10.output.dense,Linear,1.4979,0.375,603979776.0,2360064,0,101,1.4985,counter,"[1, 128, 3072]","[1, 128, 768]",1214.89,0.0,0.375,cpu_perf_counter,cpu
23,encoder.layer.10.output.LayerNorm,LayerNorm,0.0481,0.375,491520.0,1536,0,102,0.0487,analytic,"[1, 128, 768]","[1, 128, 768]",1214.89,0.0,0.375,cpu_perf_counter,cpu
23,encoder.layer.11.attention.self.query,Linear,0.4234,0.375,150994944.0,590592,0,103,0.424,counter,"[1, 128, 768]","[1, 128, 768]",1214.89,0.0,0.375,cpu_perf_counter,cpu
23,encoder.layer.11.attention.self.key,Linear,0.4011,0.375,150994944.0,590592,0,104,0.4017,counter,"[1, 128, 768]","[1, 128, 768]",1214.89,0.0,0.375,cpu_perf_counter,cpu
23,encoder.layer.11.attention.self.value,Linear,0.4064,0.375,150994944.0,590592,0,105,0.407,counter,"[1, 128, 768]","[1, 128, 768]",1214.89,0.0,0.375,cpu_perf_counter,cpu
23,encoder.layer.11.attention.output.dense,Linear,0.4111,0.375,150994944.0,590592,0,106,0.4117,counter,"[1, 128, 768]","[1, 128, 768]",1214.89,0.0,0.375,cpu_perf_counter,cpu
23,encoder.layer.11.attention.output.LayerNorm,LayerNorm,0.039,0.375,491520.0,1536,0,107,0.0396,analytic,"[1, 128, 768]","[1, 128, 768]",1214.89,0.0,0.375,cpu_perf_counter,cpu
23,encoder.layer.11.intermediate.dense,Linear,1.8753,1.5,603979776.0,2362368,0,108,1.8759,counter,"[1, 128, 768]","[1, 128, 3072]",1214.89,0.0,1.5,cpu_perf_counter,cpu
23,encoder.layer.11.intermediate.intermediate_act_fn,GELUActivation,0.1469,1.5,0.0,0,0,109,0.1475,none,"[1, 128, 3072]","[1, 128, 3072]",1214.89,0.0,1.5,cpu_perf_counter,cpu
23,encoder.layer.11.output.dense,Linear,1.5244,0.375,603979776.0,2360064,0,110,1.525,counter,"[1, 128, 3072]","[1, 128, 768]",1214.89,0.0,0.375,cpu_perf_counter,cpu
23,encoder.layer.11.output.LayerNorm,LayerNorm,0.0442,0.375,491520.0,1536,0,111,0.0448,analytic,"[1, 128, 768]","[1, 128, 768]",1214.89,0.0,0.375,cpu_perf_counter,cpu
23,pooler.dense,Linear,0.1295,0.00293,1179648.0,590592,0,112,0.1301,counter,"[1, 768]","[1, 768]",1214.89,0.0,0.003,cpu_perf_counter,cpu
23,pooler.activation,Tanh,0.0179,0.00293,3072.0,0,0,113,0.0185,analytic,"[1, 768]","[1, 768]",1214.89,0.0,0.003,cpu_perf_counter,cpu
24,embeddings.word_embeddings,Embedding,0.0548,0.375,0.0,23440896,0,0,0.0554,none,"[1, 128]","[1, 128, 768]",1214.89,0.0,0.375,cpu_perf_counter,cpu
24,embeddings.token_type_embeddings,Embedding,0.0234,0.375,0.0,1536,0,1,0.024,none,"[1, 128]","[1, 128, 768]",1214.89,0.0,0.375,cpu_perf_counter,cpu
24,embeddings.position_embeddings,Embedding,0.0233,0.375,0.0,393216,0,2,0.0239,none,"[1, 128]","[1, 128, 768]",1214.89,0.0,0.375,cpu_perf_counter,cpu
24,embeddings.LayerNorm,LayerNorm,0.0275,0.375,491520.0,1536,0,3,0.0281,analytic,"[1, 128, 768]","[1, 128, 768]",1214.89,0.0,0.375,cpu_perf_counter,cpu
24,encoder.layer.0.attention.self.query,Linear,0.3755,0.375,150994944.0,590592,0,4,0.3761,counter,"[1, 128, 768]","[1, 128, 768]",1214.89,0.0,0.375,cpu_perf_counter,cpu
24,encoder.layer.0.attention.self.key,Linear,0.3644,0.375,150994944.0,590592,0,5,0.365,counter,"[1, 128, 768]","[1, 128, 768]",1214.89,0.0,0.375,cpu_perf_counter,cpu
24,encoder.layer.0.attention.self.value,Linear,0.3714,0.375,150994944.0,590592,0,6,0.372,counter,"[1, 128, 768]","[1, 128, 768]",1214.89,0.0,0.375,cpu_perf_counter,cpu
24,encoder.layer.0.attention.output.dense,Linear,0.3768,0.375,150994944.0,590592,0,7,0.3774,counter,"[1, 128, 768]","[1, 128, 768]",1214.89,0.0,0.375,cpu_perf_counter,cpu
24,encoder.layer.0.attention.output.LayerNorm,LayerNorm,0.0286,0.375,491520.0,1536,0,8,0.0292,analytic,"[1, 128, 768]","[1, 128, 768]",1214.89,0.0,0.375,cpu_perf_counter,cpu
24,encoder.layer.0.intermediate.dense,Linear,1.7792,1.5,603979776.0,2362368,0,9,1.7798,counter,"[1, 128, 768]","[1, 128, 3072]",1214.89,0.0,1.5,cpu_perf_counter,cpu
24,encoder.layer.0.intermediate.intermediate_act_fn,GELUActivation,0.149,1.5,0.0,0,0,10,0.1496,none,"[1, 128, 3072]","[1, 128, 3072]",1214.89,0.0,1.5,cpu_perf_counter,cpu
24,encoder.layer.0.output.dense,Linear,1.3841,0.375,603979776.0,2360064,0,11,1.3847,counter,"[1, 128, 3072]","[1, 128, 768]",1214.89,0.0,0.375,cpu_perf_counter,cpu
24,encoder.layer.0.output.LayerNorm,LayerNorm,0.0416,0.375,491520.0,1536,0,12,0.0422,analytic,"[1, 128, 768]","[1, 128, 768]",1214.89,0.0,0.375,cpu_perf_counter,cpu
24,encoder.layer.1.attention.self.query,Linear,0.3989,0.375,150994944.0,590592,0,13,0.3995,counter,"[1, 128, 768]","[1, 128, 768]",1214.89,0.0,0.375,cpu_perf_counter,cpu
24,encoder.layer.1.attention.self.key,Linear,0.3609,0.375,150994944.0,590592,0,14,0.3615,counter,"[1, 128, 768]","[1, 128, 768]",1214.89,0.0,0.375,cpu_perf_counter,cpu
24,encoder.layer.1.attention.self.value,Linear,0.3692,0.375,150994944.0,590592,0,15,0.3698,counter,"[1, 128, 768]","[1, 128, 768]",1214.89,0.0,0.375,cpu_perf_counter,cpu
24,encoder.layer.1.attention.output.dense,Linear,0.3835,0.375,150994944.0,590592,0,16,0.3841,counter,"[1, 128, 768]","[1, 128, 768]",1214.89,0.0,0.375,cpu_perf_counter,cpu
24,encoder.layer.1.attention.output.LayerNorm,LayerNorm,0.0434,0.375,491520.0,1536,0,17,0.044,analytic,"[1, 128, 768]","[1, 128, 768]",1214.89,0.0,0.375,cpu_perf_counter,cpu
24,encoder.layer.1.intermediate.dense,Linear,1.8459,1.5,603979776.0,2362368,0,18,1.8465,counter,"[1, 128, 768]","[1, 128, 3072]",1214.89,0.0,1.5,cpu_perf_counter,cpu
24,encoder.layer.1.intermediate.intermediate_act_fn,GELUActivation,0.152,1.5,0.0,0,0,19,0.1526,none,"[1, 128, 3072]","[1, 128, 3072]",1214.89,0.0,1.5,cpu_perf_counter,cpu
24,encoder.layer.1.output.dense,Linear,1.5005,0.375,603979776.0,2360064,0,20,1.5011,counter,"[1, 128, 3072]","[1, 128, 768]",1214.89,0.0,0.375,cpu_perf_counter,cpu
24,encoder.layer.1.output.LayerNorm,LayerNorm,0.0427,0.375,491520.0,1536,0,21,0.0433,analytic,"[1, 128, 768]","[1, 128, 768]",1214.89,0.0,0.375,cpu_perf_counter,cpu
24,encoder.layer.2.attention.self.query,Linear,0.4055,0.375,150994944.0,590592,0,22,0.4061,counter,"[1, 128, 768]","[1, 128, 768]",1214.89,0.0,0.375,cpu_perf_counter,cpu
24,encoder.layer.2.attention.self.key,Linear,0.3908,0.375,150994944.0,590592,0,23,0.3914,counter,"[1, 128, 768]","[1, 128, 768]",1214.89,0.0,0.375,cpu_perf_counter,cpu
24,encoder.layer.2.attention.self.value,Linear,0.3922,0.375,150994944.0,590592,0,24,0.3928,counter,"[1, 128, 768]","[1, 128, 768]",1214.89,0.0,0.375,cpu_perf_counter,cpu
24,encoder.layer.2.attention.output.dense,Linear,0.3897,0.375,150994944.0,590592,0,25,0.3903,counter,"[1, 128, 768]","[1, 128, 768]",1214.89,0.0,0.375,cpu_perf_counter,cpu
24,encoder.layer.2.attention.output.LayerNorm,LayerNorm,0.0321,0.375,491520.0,1536,0,26,0.0327,analytic,"[1, 128, 768]","[1, 128, 768]",1214.89,0.0,0.375,cpu_perf_counter,cpu
24,encoder.layer.2.intermediate.dense,Linear,1.7947,1.5,603979776.0,2362368,0,27,1.7953,counter,"[1, 128, 768]","[1, 128, 3072]",1214.89,0.0,1.5,cpu_perf_counter,cpu
24,encoder.layer.2.intermediate.intermediate_act_fn,GELUActivation,0.1285,1.5,0.0,0,0,28,0.1291,none,"[1, 128, 3072]","[1, 128, 3072]",1214.89,0.0,1.5,cpu_perf_counter,cpu
24,encoder.layer.2.output.dense,Linear,1.4741,0.375,603979776.0,2360064,0,29,1.4747,counter,"[1, 128, 3072]","[1, 128, 768]",1214.89,0.0,0.375,cpu_perf_counter,cpu
24,encoder.layer.2.output.LayerNorm,LayerNorm,0.0391,0.375,491520.0,1536,0,30,0.0397,analytic,"[1, 128, 768]","[1, 128, 768]",1214.89,0.0,0.375,cpu_perf_counter,cpu
24,encoder.layer.3.attention.self.query,Linear,0.3916,0.375,150994944.0,590592,0,31,0.3922,counter,"[1, 128, 768]","[1, 128, 768]",1214.89,0.0,0.375,cpu_perf_counter,cpu
24,encoder.layer.3.attention.self.key,Linear,0.3814,0.375,150994944.0,590592,0,32,0.382,counter,"[1, 128, 768]","[1, 128, 768]",1214.89,0.0,0.375,cpu_perf_counter,cpu
24,encoder.layer.3.attention.self.value,Linear,0.3935,0.375,150994944.0,590592,0,33,0.3941,counter,"[1, 128, 768]","[1, 128, 768]",1214.89,0.0,0.375,cpu_perf_counter,cpu
24,encoder.layer.3.attention.output.dense,Linear,0.3893,0.375,150994944.0,590592,0,34,0.3899,counter,"[1, 128, 768]","[1, 128, 768]",1214.89,0.0,0.375,cpu_perf_counter,cpu
24,encoder.layer.3.attention.output.LayerNorm,LayerNorm,0.0317,0.375,491520.0,1536,0,35,0.0323,analytic,"[1, 128, 768]","[1, 128, 768]",1214.89,0.0,0.375,cpu_perf_counter,cpu
24,encoder.layer.3.intermediate.dense,Linear,1.816,1.5,603979776.0,2362368,0,36,1.8166,counter,"[1, 128, 768]","[1, 128, 3072]",1214.89,0.0,1.5,cpu_perf_counter,cpu
24,encoder.layer.3.intermediate.intermediate_act_fn,GELUActivation,0.1264,1.5,0.0,0,0,37,0.127,none,"[1, 128, 3072]","[1, 128, 3072]",1214.89,0.0,1.5,cpu_perf_counter,cpu
24,encoder.layer.3.output.dense,Linear,1.4711,0.375,603979776.0,2360064,0,38,1.4717,counter,"[1, 128, 3072]","[1, 128, 768]",1214.89,0.0,0.375,cpu_perf_counter,cpu
24,encoder.layer.3.output.LayerNorm,LayerNorm,0.0554,0.375,491520.0,1536,0,39,0.056,analytic,"[1, 128, 768]","[1, 128, 768]",1214.89,0.0,0.375,cpu_perf_counter,cpu
24,encoder.layer.4.attention.self.query,Linear,0.43,0.375,150994944.0,590592,0,40,0.4306,counter,"[1, 128, 768]","[1, 128, 768]",1214.89,0.0,0.375,cpu_perf_counter,cpu
24,encoder.layer.4.attention.self.key,Linear,0.4238,0.375,150994944.0,590592,0,41,0.4244,counter,"[1, 128, 768]","[1, 128, 768]",1214.89,0.0,0.375,cpu_perf_counter,cpu
24,encoder.layer.4.attention.self.value,Linear,0.4233,0.375,150994944.0,590592,0,42,0.4239,counter,"[1, 128, 768]","[1, 128, 768]",1214.89,0.0,0.375,cpu_perf_counter,cpu
24,encoder.layer.4.attention.output.dense,Linear,0.384,0.375,150994944.0,590592,0,43,0.3846,counter,"[1, 128, 768]","[1, 128, 768]",1214.89,0.0,0.375,cpu_perf_counter,cpu
24,encoder.layer.4.attention.output.LayerNorm,LayerNorm,0.0343,0.375,491520.0,1536,0,44,0.0349,analytic,"[1, 128, 768]","[1, 128, 768]",1214.89,0.0,0.375,cpu_perf_counter,cpu
24,encoder.layer.4.intermediate.dense,Linear,1.9024,1.5,603979776.0,2362368,0,45,1.903,counter,"[1, 128, 768]","[1, 128, 3072]",1214.89,0.0,1.5,cpu_perf_counter,cpu
24,encoder.layer.4.intermediate.intermediate_act_fn,GELUActivation,0.1707,1.5,0.0,0,0,46,0.1713,none,"[1, 128, 3072]","[1, 128, 3072]",1214.89,0.0,1.5,cpu_perf_counter,cpu
24,encoder.layer.4.output.dense,Linear,1.4915,0.375,603979776.0,2360064,0,47,1.4921,counter,"[1, 128, 3072]","[1, 128, 768]",1214.89,0.0,0.375,cpu_perf_counter,cpu
24,encoder.layer.4.output.LayerNorm,LayerNorm,0.0458,0.375,491520.0,1536,0,48,0.0464,analytic,"[1, 128, 768]","[1, 128, 768]",1214.89,0.0,0.375,cpu_perf_counter,cpu
24,encoder.layer.5.attention.self.query,Linear,0.3995,0.375,150994944.0,590592,0,49,0.4001,counter,"[1, 128, 768]","[1, 128, 768]",1214.89,0.0,0.375,cpu_perf_counter,cpu
24,encoder.layer.5.attention.self.key,Linear,0.3762,0.375,150994944.0,590592,0,50,0.3768,counter,"[1, 128, 768]","[1, 128, 768]",1214.89,0.0,0.375,cpu_perf_counter,cpu
24,encoder.layer.5.attention.self.value,Linear,0.3751,0.375,150994944.0,590592,0,51,0.3757,counter,"[1, 128, 768]","[1, 128, 768]",1214.89,0.0,0.375,cpu_perf_counter,cpu
24,encoder.layer.5.attention.output.dense,Linear,0.3821,0.375,150994944.0,590592,0,52,0.3827,counter,"[1, 128, 768]","[1, 128, 768]",1214.89,0.0,0.375,cpu_perf_counter,cpu
24,encoder.layer.5.attention.output.LayerNorm,LayerNorm,0.0356,0.375,491520.0,1536,0,53,0.0362,analytic,"[1, 128, 768]","[1, 128, 768]",1214.89,0.0,0.375,cpu_perf_counter,cpu
24,encoder.layer.5.intermediate.dense,Linear,1.7197,1.5,603979776.0,2362368,0,54,1.7203,counter,"[1, 128, 768]","[1, 128, 3072]",1214.89,0.0,1.5,cpu_perf_counter,cpu
24,encoder.layer.5.intermediate.intermediate_act_fn,GELUActivation,0.144,1.5,0.0,0,0,55,0.1446,none,"[1, 128, 3072]","[1, 128, 3072]",1214.89,0.0,1.5,cpu_perf_counter,cpu
24,encoder.layer.5.output.dense,Linear,1.482,0.375,603979776.0,2360064,0,56,1.4826,counter,"[1, 128, 3072]","[1, 128, 768]",1214.89,0.0,0.375,cpu_perf_counter,cpu
24,encoder.layer.5.output.LayerNorm,LayerNorm,0.0448,0.375,491520.0,1536,0,57,0.0454,analytic,"[1, 128, 768]","[1, 128, 768]",1214.89,0.0,0.375,cpu_perf_counter,cpu
24,encoder.layer.6.attention.self.query,Linear,0.3966,0.375,150994944.0,590592,0,58,0.3972,counter,"[1, 128, 768]","[1, 128, 768]",1214.89,0.0,0.375,cpu_perf_counter,cpu
24,encoder.layer.6.attention.self.key,Linear,0.3789,0.375,150994944.0,590592,0,59,0.3795,counter,"[1, 128, 768]","[1, 128, 768]",1214.89,0.0,0.375,cpu_perf_counter,cpu
24,encoder.layer.6.attention.self.value,Linear,0.3855,0.375,150994944.0,590592,0,60,0.3861,counter,"[1, 128, 768]","[1, 128, 768]",1214.89,0.0,0.375,cpu_perf_counter,cpu
24,encoder.layer.6.attention.output.dense,Linear,0.3835,0.375,150994944.0,590592,0,61,0.3841,counter,"[1, 128, 768]","[1, 128, 768]",1214.89,0.0,0.375,cpu_perf_counter,cpu
24,encoder.layer.6.attention.output.LayerNorm,LayerNorm,0.0362,0.375,491520.0,1536,0,62,0.0368,analytic,"[1, 128, 768]","[1, 128, 768]",1214.89,0.0,0.375,cpu_perf_counter,cpu
24,encoder.layer.6.intermediate.dense,Linear,1.6291,1.5,603979776.0,2362368,0,63,1.6297,counter,"[1, 128, 768]","[1, 128, 3072]",1214.89,0.0,1.5,cpu_perf_counter,cpu
24,encoder.layer.6.intermediate.intermediate_act_fn,GELUActivation,0.1522,1.5,0.0,0,0,64,0.1528,none,"[1, 128, 3072]","[1, 128, 3072]",1214.89,0.0,1.5,cpu_perf_counter,cpu
24,encoder.layer.6.output.dense,Linear,1.4594,0.375,603979776.0,2360064,0,65,1.46,counter,"[1, 128, 3072]","[1, 128, 768]",1214.89,0.0,0.375,cpu_perf_counter,cpu
24,encoder.layer.6.output.LayerNorm,LayerNorm,0.0565,0.375,491520.0,1536,0,66,0.0571,analytic,"[1, 128, 768]","[1, 128, 768]",1214.89,0.0,0.375,cpu_perf_counter,cpu
24,encoder.layer.7.attention.self.query,Linear,0.4082,0.375,150994944.0,590592,0,67,0.4088,counter,"[1, 128, 768]","[1, 128, 768]",1214.89,0.0,0.375,cpu_perf_counter,cpu
24,encoder.layer.7.attention.self.key,Linear,0.3838,0.375,150994944.0,590592,0,68,0.3844,counter,"[1, 128, 768]","[1, 128, 768]",1214.89,0.0,0.375,cpu_perf_counter,cpu
24,encoder.layer.7.attention.self.value,Linear,0.3962,0.375,150994944.0,590592,0,69,0.3968,counter,"[1, 128, 768]","[1, 128, 768]",1214.89,0.0,0.375,cpu_perf_counter,cpu
24,encoder.layer.7.attention.output.dense,Linear,0.4054,0.375,150994944.0,590592,0,70,0.406,counter,"[1, 128, 768]","[1, 128, 768]",1214.89,0.0,0.375,cpu_perf_counter,cpu
24,encoder.layer.7.attention.output.LayerNorm,LayerNorm,0.0392,0.375,491520.0,1536,0,71,0.0398,analytic,"[1, 128, 768]","[1, 128, 768]",1214.89,0.0,0.375,cpu_perf_counter,cpu
24,encoder.layer.7.intermediate.dense,Linear,1.838,1.5,603979776.0,2362368,0,72,1.8386,counter,"[1, 128, 768]","[1, 128, 3072]",1214.89,0.0,1.5,cpu_perf_counter,cpu
24,encoder.layer.7.intermediate.intermediate_act_fn,GELUActivation,0.1677,1.5,0.0,0,0,73,0.1683,none,"[1, 128, 3072]","[1, 128, 3072]",1214.89,0.0,1.5,cpu_perf_counter,cpu
24,encoder.layer.7.output.dense,Linear,1.5076,0.375,603979776.0,2360064,0,74,1.5082,counter,"[1, 128, 3072]","[1, 128, 768]",1214.89,0.0,0.375,cpu_perf_counter,cpu
24,encoder.layer.7.output.LayerNorm,LayerNorm,0.0505,0.375,491520.0,1536,0,75,0.0511,analytic,"[1, 128, 768]","[1, 128, 768]",1214.89,0.0,0.375,cpu_perf_counter,cpu
24,encoder.layer.8.attention.self.query,Linear,0.4087,0.375,150994944.0,590592,0,76,0.4093,counter,"[1, 128, 768]","[1, 128, 768]",1214.89,0.0,0.375,cpu_perf_counter,cpu
24,encoder.layer.8.attention.self.key,Linear,0.3944,0.375,150994944.0,590592,0,77,0.395,counter,"[1, 128, 768]","[1, 128, 768]",1214.89,0.0,0.375,cpu_perf_counter,cpu
24,encoder.layer.8.attention.self.value,Linear,0.3781,0.375,150994944.0,590592,0,78,0.3787,counter,"[1, 128, 768]","[1, 128, 768]",1214.89,0.0,0.375,cpu_perf_counter,cpu
24,encoder.layer.8.attention.output.dense,Linear,0.3874,0.375,150994944.0,590592,0,79,0.388,counter,"[1, 128, 768]","[1, 128, 768]",1214.89,0.0,0.375,cpu_perf_counter,cpu
24,encoder.layer.8.attention.output.LayerNorm,LayerNorm,0.0332,0.375,491520.0,1536,0,80,0.0338,analytic,"[1, 128, 768]","[1, 128, 768]",1214.89,0.0,0.375,cpu_perf_counter,cpu
24,encoder.layer.8.intermediate.dense,Linear,1.8501,1.5,603979776.0,2362368,0,81,1.8507,counter,"[1, 128, 768]","[1, 128, 3072]",1214.89,0.0,1.5,cpu_perf_counter,cpu
24,encoder.layer.8.intermediate.intermediate_act_fn,GELUActivation,0.1478,1.5,0.0,0,0,82,0.1484,none,"[1, 128, 3072]","[1, 128, 3072]",1214.89,0.0,1.5,cpu_perf_counter,cpu
24,encoder.layer.8.output.dense,Linear,1.463,0.375,603979776.0,2360064,0,83,1.4636,counter,"[1, 128, 3072]","[1, 128, 768]",1214.89,0.0,0.375,cpu_perf_counter,cpu
24,encoder.layer.8.output.LayerNorm,LayerNorm,0.0485,0.375,491520.0,1536,0,84,0.0491,analytic,"[1, 128, 768]","[1, 128, 768]",1214.89,0.0,0.375,cpu_perf_counter,cpu
24,encoder.layer.9.attention.self.query,Linear,0.397,0.375,150994944.0,590592,0,85,0.3976,counter,"[1, 128, 768]","[1, 128, 768]",1214.89,0.0,0.375,cpu_perf_counter,cpu
24,encoder.layer.9.attention.self.key,Linear,0.3799,0.375,150994944.0,590592,0,86,0.3805,counter,"[1, 128, 768]","[1, 128, 768]",1214.89,0.0,0.375,cpu_perf_counter,cpu
24,encoder.layer.9.attention.self.value,Linear,0.3816,0.375,150994944.0,590592,0,87,0.3822,counter,"[1, 128, 768]","[1, 128, 768]",1214.89,0.0,0.375,cpu_perf_counter,cpu
24,encoder.layer.9.attention.output.dense,Linear,0.3856,0.375,150994944.0,590592,0,88,0.3862,counter,"[1, 128, 768]","[1, 128, 768]",1214.89,0.0,0.375,cpu_perf_counter,cpu
24,encoder.layer.9.attention.output.LayerNorm,LayerNorm,0.0336,0.375,491520.0,1536,0,89,0.0342,analytic,"[1, 128, 768]","[1, 128, 768]",1214.89,0.0,0.375,cpu_perf_counter,cpu
24,encoder.layer.9.intermediate.dense,Linear,2.0333,1.5,603979776.0,2362368,0,90,2.0339,counter,"[1, 128, 768]","[1, 128, 3072]",1214.89,0.0,1.5,cpu_perf_counter,cpu
24,encoder.layer.9.intermediate.intermediate_act_fn,GELUActivation,0.167,1.5,0.0,0,0,91,0.1676,none,"[1, 128, 3072]","[1, 128, 3072]",1214.89,0.0,1.5,cpu_perf_counter,cpu
24,encoder.layer.9.output.dense,Linear,1.5011,0.375,603979776.0,2360064,0,92,1.5017,counter,"[1, 128, 3072]","[1, 128, 768]",1214.89,0.0,0.375,cpu_perf_counter,cpu
24,encoder.layer.9.output.LayerNorm,LayerNorm,0.0463,0.375,491520.0,1536,0,93,0.0469,analytic,"[1, 128, 768]","[1, 128, 768]",1214.89,0.0,0.375,cpu_perf_counter,cpu
24,encoder.layer.10.attention.self.query,Linear,0.3862,0.375,150994944.0,590592,0,94,0.3868,counter,"[1, 128, 768]","[1, 128, 768]",1214.89,0.0,0.375,cpu_perf_counter,cpu
24,encoder.layer.10.attention.self.key,Linear,0.3681,0.375,150994944.0,590592,0,95,0.3687,counter,"[1, 128, 768]","[1, 128, 768]",1214.89,0.0,0.375,cpu_perf_counter,cpu
24,encoder.layer.10.attention.self.value,Linear,0.3691,0.375,150994944.0,590592,0,96,0.3697,counter,"[1, 128, 768]","[1, 128, 768]",1214.89,0.0,0.375,cpu_perf_counter,cpu
24,encoder.layer.10.attention.output.dense,Linear,0.3852,0.375,150994944.0,590592,0,97,0.3858,counter,"[1, 128, 768]","[1, 128, 768]",1214.89,0.0,0.375,cpu_perf_counter,cpu
24,encoder.layer.10.attention.output.LayerNorm,LayerNorm,0.0377,0.375,491520.0,1536,0,98,0.0383,analytic,"[1, 128, 768]","[1, 128, 768]",1214.89,0.0,0.375,cpu_perf_counter,cpu
24,encoder.layer.10.intermediate.dense,Linear,1.8139,1.5,603979776.0,2362368,0,99,1.8145,counter,"[1, 128, 768]","[1, 128, 3072]",1214.89,0.0,1.5,cpu_perf_counter,cpu
24,encoder.layer.10.intermediate.intermediate_act_fn,GELUActivation,0.148,1.5,0.0,0,0,100,0.1486,none,"[1, 128, 3072]","[1, 128, 3072]",1214.89,0.0,1.5,cpu_perf_counter,cpu
24,encoder.layer.10.output.dense,Linear,1.5182,0.375,603979776.0,2360064,0,101,1.5188,counter,"[1, 128, 3072]","[1, 128, 768]",1214.89,0.0,0.375,cpu_perf_counter,cpu
24,encoder.layer.10.output.LayerNorm,LayerNorm,0.0461,0.375,491520.0,1536,0,102,0.0467,analytic,"[1, 128, 768]","[1, 128, 768]",1214.89,0.0,0.375,cpu_perf_counter,cpu
24,encoder.layer.11.attention.self.query,Linear,0.3925,0.375,150994944.0,590592,0,103,0.3931,counter,"[1, 128, 768]","[1, 128, 768]",1214.89,0.0,0.375,cpu_perf_counter,cpu
24,encoder.layer.11.attention.self.key,Linear,0.3783,0.375,150994944.0,590592,0,104,0.3789,counter,"[1, 128, 768]","[1, 128, 768]",1214.89,0.0,0.375,cpu_perf_counter,cpu
24,encoder.layer.11.attention.self.value,Linear,0.3706,0.375,150994944.0,590592,0,105,0.3712,counter,"[1, 128, 768]","[1, 128, 768]",1214.89,0.0,0.375,cpu_perf_counter,cpu
24,encoder.layer.11.attention.output.dense,Linear,0.3819,0.375,150994944.0,590592,0,106,0.3825,counter,"[1, 128, 768]","[1, 128, 768]",1214.89,0.0,0.375,cpu_perf_counter,cpu
24,encoder.layer.11.attention.output.LayerNorm,LayerNorm,0.0348,0.375,491520.0,1536,0,107,0.0354,analytic,"[1, 128, 768]","[1, 128, 768]",1214.89,0.0,0.375,cpu_perf_counter,cpu
24,encoder.layer.11.intermediate.dense,Linear,1.784,1.5,603979776.0,2362368,0,108,1.7846,counter,"[1, 128, 768]","[1, 128, 3072]",1214.89,0.0,1.5,cpu_perf_counter,cpu
24,encoder.layer.11.intermediate.intermediate_act_fn,GELUActivation,0.1431,1.5,0.0,0,0,109,0.1437,none,"[1, 128, 3072]","[1, 128, 3072]",1214.89,0.0,1.5,cpu_perf_counter,cpu
24,encoder.layer.11.output.dense,Linear,1.46,0.375,603979776.0,2360064,0,110,1.4606,counter,"[1, 128, 3072]","[1, 128, 768]",1214.89,0.0,0.375,cpu_perf_counter,cpu
24,encoder.layer.11.output.LayerNorm,LayerNorm,0.0444,0.375,491520.0,1536,0,111,0.045,analytic,"[1, 128, 768]","[1, 128, 768]",1214.89,0.0,0.375,cpu_perf_counter,cpu
24,pooler.dense,Linear,0.1225,0.00293,1179648.0,590592,0,112,0.1231,counter,"[1, 768]","[1, 768]",1214.89,0.0,0.003,cpu_perf_counter,cpu
24,pooler.activation,Tanh,0.0178,0.00293,3072.0,0,0,113,0.0184,analytic,"[1, 768]","[1, 768]",1214.89,0.0,0.003,cpu_perf_counter,cpu
25,embeddings.word_embeddings,Embedding,0.0535,0.375,0.0,23440896,0,0,0.0541,none,"[1, 128]","[1, 128, 768]",1214.89,0.0,0.375,cpu_perf_counter,cpu
25,embeddings.token_type_embeddings,Embedding,0.0226,0.375,0.0,1536,0,1,0.0232,none,"[1, 128]","[1, 128, 768]",1214.89,0.0,0.375,cpu_perf_counter,cpu
25,embeddings.position_embeddings,Embedding,0.0263,0.375,0.0,393216,0,2,0.0269,none,"[1, 128]","[1, 128, 768]",1214.89,0.0,0.375,cpu_perf_counter,cpu
25,embeddings.LayerNorm,LayerNorm,0.0267,0.375,491520.0,1536,0,3,0.0273,analytic,"[1, 128, 768]","[1, 128, 768]",1214.89,0.0,0.375,cpu_perf_counter,cpu
25,encoder.layer.0.attention.self.query,Linear,0.3988,0.375,150994944.0,590592,0,4,0.3994,counter,"[1, 128, 768]","[1, 128, 768]",1214.89,0.0,0.375,cpu_perf_counter,cpu
25,encoder.layer.0.attention.self.key,Linear,0.3642,0.375,150994944.0,590592,0,5,0.3648,counter,"[1, 128, 768]","[1, 128, 768]",1214.89,0.0,0.375,cpu_perf_counter,cpu
25,encoder.layer.0.attention.self.value,Linear,0.3717,0.375,150994944.0,590592,0,6,0.3723,counter,"[1, 128, 768]","[1, 128, 768]",1214.89,0.0,0.375,cpu_perf_counter,cpu
25,encoder.layer.0.attention.output.dense,Linear,0.4013,0.375,150994944.0,590592,0,7,0.4019,counter,"[1, 128, 768]","[1, 128, 768]",1214.89,0.0,0.375,cpu_perf_counter,cpu
25,encoder.layer.0.attention.output.LayerNorm,LayerNorm,0.0331,0.375,491520.0,1536,0,8,0.0337,analytic,"[1, 128, 768]","[1, 128, 768]",1214.89,0.0,0.375,cpu_perf_counter,cpu
25,encoder.layer.0.intermediate.dense,Linear,1.7277,1.5,603979776.0,2362368,0,9,1.7283,counter,"[1, 128, 768]","[1, 128, 3072]",1214.89,0.0,1.5,cpu_perf_counter,cpu
25,encoder.layer.0.intermediate.intermediate_act_fn,GELUActivation,0.1481,1.5,0.0,0,0,10,0.1487,none,"[1, 128, 3072]","[1, 128, 3072]",1214.89,0.0,1.5,cpu_perf_counter,cpu
25,encoder.layer.0.output.dense,Linear,1.4666,0.375,603979776.0,2360064,0,11,1.4672,counter,"[1, 128, 3072]","[1, 128, 768]",1214.89,0.0,0.375,cpu_perf_counter,cpu
25,encoder.layer.0.output.LayerNorm,LayerNorm,0.0473,0.375,491520.0,1536,0,12,0.0479,analytic,"[1, 128, 768]","[1, 128, 768]",1214.89,0.0,0.375,cpu_perf_counter,cpu
25,encoder.layer.1.attention.self.query,Linear,0.443,0.375,150994944.0,590592,0,13,0.4436,counter,"[1, 128, 768]","[1, 128, 768]",1214.89,0.0,0.375,cpu_perf_counter,cpu
25,encoder.layer.1.attention.self.key,Linear,0.4006,0.375,150994944.0,590592,0,14,0.4012,counter,"[1, 128, 768]","[1, 128, 768]",1214.89,0.0,0.375,cpu_perf_counter,cpu
25,encoder.layer.1.attention.self.value,Linear,0.3773,0.375,150994944.0,590592,0,15,0.3779,counter,"[1, 128, 768]","[1, 128, 768]",1214.89,0.0,0.375,cpu_perf_counter,cpu
25,encoder.layer.1.attention.output.dense,Linear,0.3851,0.375,150994944.0,590592,0,16,0.3857,counter,"[1, 128, 768]","[1, 128, 768]",1214.89,0.0,0.375,cpu_perf_counter,cpu
25,encoder.layer.1.attention.output.LayerNorm,LayerNorm,0.0345,0.375,491520.0,1536,0,17,0.0351,analytic,"[1, 128, 768]","[1, 128, 768]",1214.89,0.0,0.375,cpu_perf_counter,cpu
25,encoder.layer.1.intermediate.dense,Linear,1.7375,1.5,603979776.0,2362368,0,18,1.7381,counter,"[1, 128, 768]","[1, 128, 3072]",1214.89,0.0,1.5,cpu_perf_counter,cpu
25,encoder.layer.1.intermediate.intermediate_act_fn,GELUActivation,0.1463,1.5,0.0,0,0,19,0.1469,none,"[1, 128, 3072]","[1, 128, 3072]",1214.89,0.0,1.5,cpu_perf_counter,cpu
25,encoder.layer.1.output.dense,Linear,1.5111,0.375,603979776.0,2360064,0,20,1.5117,counter,"[1, 128, 3072]","[1, 128, 768]",1214.89,0.0,0.375,cpu_perf_counter,cpu
25,encoder.layer.1.output.LayerNorm,LayerNorm,0.0465,0.375,491520.0,1536,0,21,0.0471,analytic,"[1, 128, 768]","[1, 128, 768]",1214.89,0.0,0.375,cpu_perf_counter,cpu
25,encoder.layer.2.attention.self.query,Linear,0.3909,0.375,150994944.0,590592,0,22,0.3915,counter,"[1, 128, 768]","[1, 128, 768]",1214.89,0.0,0.375,cpu_perf_counter,cpu
25,encoder.layer.2.attention.self.key,Linear,0.3805,0.375,150994944.0,590592,0,23,0.3811,counter,"[1, 128, 768]","[1, 128, 768]",1214.89,0.0,0.375,cpu_perf_counter,cpu
25,encoder.layer.2.attention.self.value,Linear,0.3699,0.375,150994944.0,590592,0,24,0.3705,counter,"[1, 128, 768]","[1, 128, 768]",1214.89,0.0,0.375,cpu_perf_counter,cpu
25,encoder.layer.2.attention.output.dense,Linear,0.3796,0.375,150994944.0,590592,0,25,0.3802,counter,"[1, 128, 768]","[1, 128, 768]",1214.89,0.0,0.375,cpu_perf_counter,cpu
25,encoder.layer.2.attention.output.LayerNorm,LayerNorm,0.0349,0.375,491520.0,1536,0,26,0.0355,analytic,"[1, 128, 768]","[1, 128, 768]",1214.89,0.0,0.375,cpu_perf_counter,cpu
25,encoder.layer.2.intermediate.dense,Linear,1.7517,1.5,603979776.0,2362368,0,27,1.7523,counter,"[1, 128, 768]","[1, 128, 3072]",1214.89,0.0,1.5,cpu_perf_counter,cpu
25,encoder.layer.2.intermediate.intermediate_act_fn,GELUActivation,0.149,1.5,0.0,0,0,28,0.1496,none,"[1, 128, 3072]","[1, 128, 3072]",1214.89,0.0,1.5,cpu_perf_counter,cpu
25,encoder.layer.2.output.dense,Linear,1.4389,0.375,603979776.0,2360064,0,29,1.4395,counter,"[1, 128, 3072]","[1, 128, 768]",1214.89,0.0,0.375,cpu_perf_counter,cpu
25,encoder.layer.2.output.LayerNorm,LayerNorm,0.0496,0.375,491520.0,1536,0,30,0.0502,analytic,"[1, 128, 768]","[1, 128, 768]",1214.89,0.0,0.375,cpu_perf_counter,cpu
25,encoder.layer.3.attention.self.query,Linear,0.4029,0.375,150994944.0,590592,0,31,0.4035,counter,"[1, 128, 768]","[1, 128, 768]",1214.89,0.0,0.375,cpu_perf_counter,cpu
25,encoder.layer.3.attention.self.key,Linear,0.379,0.375,150994944.0,590592,0,32,0.3796,counter,"[1, 128, 768]","[1, 128, 768]",1214.89,0.0,0.375,cpu_perf_counter,cpu
25,encoder.layer.3.attention.self.value,Linear,0.4146,0.375,150994944.0,590592,0,33,0.4152,counter,"[1, 128, 768]","[1, 128, 768]",1214.89,0.0,0.375,cpu_perf_counter,cpu
25,encoder.layer.3.attention.output.dense,Linear,0.3969,0.375,150994944.0,590592,0,34,0.3975,counter,"[1, 128, 768]","[1, 128, 768]",1214.89,0.0,0.375,cpu_perf_counter,cpu
25,encoder.layer.3.attention.output.LayerNorm,LayerNorm,0.0355,0.375,491520.0,1536,0,35,0.0361,analytic,"[1, 128, 768]","[1, 128, 768]",1214.89,0.0,0.375,cpu_perf_counter,cpu
25,encoder.layer.3.intermediate.dense,Linear,1.8158,1.5,603979776.0,2362368,0,36,1.8164,counter,"[1, 128, 768]","[1, 128, 3072]",1214.89,0.0,1.5,cpu_perf_counter,cpu
25,encoder.layer.3.intermediate.intermediate_act_fn,GELUActivation,0.1609,1.5,0.0,0,0,37,0.1615,none,"[1, 128, 3072]","[1, 128, 3072]",1214.89,0.0,1.5,cpu_perf_counter,cpu
25,encoder.layer.3.output.dense,Linear,1.4892,0.375,603979776.0,2360064,0,38,1.4898,counter,"[1, 128, 3072]","[1, 128, 768]",1214.89,0.0,0.375,cpu_perf_counter,cpu
25,encoder.layer.3.output.LayerNorm,LayerNorm,0.0493,0.375,491520.0,1536,0,39,0.0499,analytic,"[1, 128, 768]","[1, 128, 768]",1214.89,0.0,0.375,cpu_perf_counter,cpu
25,encoder.layer.4.attention.self.query,Linear,0.4016,0.375,150994944.0,590592,0,40,0.4022,counter,"[1, 128, 768]","[1, 128, 768]",1214.89,0.0,0.375,cpu_perf_counter,cpu
25,encoder.layer.4.attention.self.key,Linear,0.4,0.375,150994944.0,590592,0,41,0.4006,counter,"[1, 128, 768]","[1, 128, 768]",1214.89,0.0,0.375,cpu_perf_counter,cpu
25,encoder.layer.4.attention.self.value,Linear,0.3876,0.375,150994944.0,590592,0,42,0.3882,counter,"[1, 128, 768]","[1, 128, 768]",1214.89,0.0,0.375,cpu_perf_counter,cpu
25,encoder.layer.4.attention.output.dense,Linear,0.3871,0.375,150994944.0,590592,0,43,0.3877,counter,"[1, 128, 768]","[1, 128, 768]",1214.89,0.0,0.375,cpu_perf_counter,cpu
25,encoder.layer.4.attention.output.LayerNorm,LayerNorm,0.0289,0.375,491520.0,1536,0,44,0.0295,analytic,"[1, 128, 768]","[1, 128, 768]",1214.89,0.0,0.375,cpu_perf_counter,cpu
25,encoder.layer.4.intermediate.dense,Linear,1.7784,1.5,603979776.0,2362368,0,45,1.779,counter,"[1, 128, 768]","[1, 128, 3072]",1214.89,0.0,1.5,cpu_perf_counter,cpu
25,encoder.layer.4.intermediate.intermediate_act_fn,GELUActivation,0.1504,1.5,0.0,0,0,46,0.151,none,"[1, 128, 3072]","[1, 128, 3072]",1214.89,0.0,1.5,cpu_perf_counter,cpu
25,encoder.layer.4.output.dense,Linear,1.5239,0.375,603979776.0,2360064,0,47,1.5245,counter,"[1, 128, 3072]","[1, 128, 768]",1214.89,0.0,0.375,cpu_perf_counter,cpu
25,encoder.layer.4.output.LayerNorm,LayerNorm,0.0471,0.375,491520.0,1536,0,48,0.0477,analytic,"[1, 128, 768]","[1, 128, 768]",1214.89,0.0,0.375,cpu_perf_counter,cpu
25,encoder.layer.5.attention.self.query,Linear,0.4009,0.375,150994944.0,590592,0,49,0.4015,counter,"[1, 128, 768]","[1, 128, 768]",1214.89,0.0,0.375,cpu_perf_counter,cpu
25,encoder.layer.5.attention.self.key,Linear,0.4122,0.375,150994944.0,590592,0,50,0.4128,counter,"[1, 128, 768]","[1, 128, 768]",1214.89,0.0,0.375,cpu_perf_counter,cpu
25,encoder.layer.5.attention.self.value,Linear,0.3865,0.375,150994944.0,590592,0,51,0.3871,counter,"[1, 128, 768]","[1, 128, 768]",1214.89,0.0,0.375,cpu_perf_counter,cpu
25,encoder.layer.5.attention.output.dense,Linear,0.3895,0.375,150994944.0,590592,0,52,0.3901,counter,"[1, 128, 768]","[1, 128, 768]",1214.89,0.0,0.375,cpu_perf_counter,cpu
25,encoder.layer.5.attention.output.LayerNorm,LayerNorm,0.0357,0.375,491520.0,1536,0,53,0.0363,analytic,"[1, 128, 768]","[1, 128, 768]",1214.89,0.0,0.375,cpu_perf_counter,cpu
25,encoder.layer.5.intermediate.dense,Linear,1.7349,1.5,603979776.0,2362368,0,54,1.7355,counter,"[1, 128, 768]","[1, 128, 3072]",1214.89,0.0,1.5,cpu_perf_counter,cpu
25,encoder.layer.5.intermediate.intermediate_act_fn,GELUActivation,0.1473,1.5,0.0,0,0,55,0.1479,none,"[1, 128, 3072]","[1, 128, 3072]",1214.89,0.0,1.5,cpu_perf_counter,cpu
25,encoder.layer.5.output.dense,Linear,1.5168,0.375,603979776.0,2360064,0,56,1.5174,counter,"[1, 128, 3072]","[1, 128, 768]",1214.89,0.0,0.375,cpu_perf_counter,cpu
25,encoder.layer.5.output.LayerNorm,LayerNorm,0.0489,0.375,491520.0,1536,0,57,0.0495,analytic,"[1, 128, 768]","[1, 128, 768]",1214.89,0.0,0.375,cpu_perf_counter,cpu
25,encoder.layer.6.attention.self.query,Linear,0.406,0.375,150994944.0,590592,0,58,0.4066,counter,"[1, 128, 768]","[1, 128, 768]",1214.89,0.0,0.375,cpu_perf_counter,cpu
25,encoder.layer.6.attention.self.key,Linear,0.3855,0.375,150994944.0,590592,0,59,0.3861,counter,"[1, 128, 768]","[1, 128, 768]",1214.89,0.0,0.375,cpu_perf_counter,cpu
25,encoder.layer.6.attention.self.value,Linear,0.3858,0.375,150994944.0,590592,0,60,0.3864,counter,"[1, 128, 768]","[1, 128, 768]",1214.89,0.0,0.375,cpu_perf_counter,cpu
25,encoder.layer.6.attention.output.dense,Linear,0.3875,0.375,150994944.0,590592,0,61,0.3881,counter,"[1, 128, 768]","[1, 128, 768]",1214.89,0.0,0.375,cpu_perf_counter,cpu
25,encoder.layer.6.attention.output.LayerNorm,LayerNorm,0.0326,0.375,491520.0,1536,0,62,0.0332,analytic,"[1, 128, 768]","[1, 128, 768]",1214.89,0.0,0.375,cpu_perf_counter,cpu
25,encoder.layer.6.intermediate.dense,Linear,1.834,1.5,603979776.0,2362368,0,63,1.8346,counter,"[1, 128, 768]","[1, 128, 3072]",1214.89,0.0,1.5,cpu_perf_counter,cpu
25,encoder.layer.6.intermediate.intermediate_act_fn,GELUActivation,0.1577,1.5,0.0,0,0,64,0.1583,none,"[1, 128, 3072]","[1, 128, 3072]",1214.89,0.0,1.5,cpu_perf_counter,cpu
25,encoder.layer.6.output.dense,Linear,1.4798,0.375,603979776.0,2360064,0,65,1.4804,counter,"[1, 128, 3072]","[1, 128, 768]",1214.89,0.0,0.375,cpu_perf_counter,cpu
25,encoder.layer.6.output.LayerNorm,LayerNorm,0.0468,0.375,491520.0,1536,0,66,0.0474,analytic,"[1, 128, 768]","[1, 128, 768]",1214.89,0.0,0.375,cpu_perf_counter,cpu
25,encoder.layer.7.attention.self.query,Linear,0.3937,0.375,150994944.0,590592,0,67,0.3943,counter,"[1, 128, 768]","[1, 128, 768]",1214.89,0.0,0.375,cpu_perf_counter,cpu
25,encoder.layer.7.attention.self.key,Linear,0.3756,0.375,150994944.0,590592,0,68,0.3762,counter,"[1, 128, 768]","[1, 128, 768]",1214.89,0.0,0.375,cpu_perf_counter,cpu
25,encoder.layer.7.attention.self.value,Linear,0.3839,0.375,150994944.0,590592,0,69,0.3845,counter,"[1, 128, 768]","[1, 128, 768]",1214.89,0.0,0.375,cpu_perf_counter,cpu
25,encoder.layer.7.attention.output.dense,Linear,0.391,0.375,150994944.0,590592,0,70,0.3916,counter,"[1, 128, 768]","[1, 128, 768]",1214.89,0.0,0.375,cpu_perf_counter,cpu
25,encoder.layer.7.attention.output.LayerNorm,LayerNorm,0.0316,0.375,491520.0,1536,0,71,0.0322,analytic,"[1, 128, 768]","[1, 128, 768]",1214.89,0.0,0.375,cpu_perf_counter,cpu
25,encoder.layer.7.intermediate.dense,Linear,1.7993,1.5,603979776.0,2362368,0,72,1.7999,counter,"[1, 128, 768]","[1, 128, 3072]",1214.89,0.0,1.5,cpu_perf_counter,cpu
25,encoder.layer.7.intermediate.intermediate_act_fn,GELUActivation,0.1472,1.5,0.0,0,0,73,0.1478,none,"[1, 128, 3072]","[1, 128, 3072]",1214.89,0.0,1.5,cpu_perf_counter,cpu
25,encoder.layer.7.output.dense,Linear,1.4879,0.375,603979776.0,2360064,0,74,1.4885,counter,"[1, 128, 3072]","[1, 128, 768]",1214.89,0.0,0.375,cpu_perf_counter,cpu
25,encoder.layer.7.output.LayerNorm,LayerNorm,0.0455,0.375,491520.0,1536,0,75,0.0461,analytic,"[1, 128, 768]","[1, 128, 768]",1214.89,0.0,0.375,cpu_perf_counter,cpu
25,encoder.layer.8.attention.self.query,Linear,0.3986,0.375,150994944.0,590592,0,76,0.3992,counter,"[1, 128, 768]","[1, 128, 768]",1214.89,0.0,0.375,cpu_perf_counter,cpu
25,encoder.layer.8.attention.self.key,Linear,0.3884,0.375,150994944.0,590592,0,77,0.389,counter,"[1, 128, 768]","[1, 128, 768]",1214.89,0.0,0.375,cpu_perf_counter,cpu
25,encoder.layer.8.attention.self.value,Linear,0.3799,0.375,150994944.0,590592,0,78,0.3805,counter,"[1, 128, 768]","[1, 128, 768]",1214.89,0.0,0.375,cpu_perf_counter,cpu
25,encoder.layer.8.attention.output.dense,Linear,0.3858,0.375,150994944.0,590592,0,79,0.3864,counter,"[1, 128, 768]","[1, 128, 768]",1214.89,0.0,0.375,cpu_perf_counter,cpu
25,encoder.layer.8.attention.output.LayerNorm,LayerNorm,0.0311,0.375,491520.0,1536,0,80,0.0317,analytic,"[1, 128, 768]","[1, 128, 768]",1214.89,0.0,0.375,cpu_perf_counter,cpu
25,encoder.layer.8.intermediate.dense,Linear,1.7579,1.5,603979776.0,2362368,0,81,1.7585,counter,"[1, 128, 768]","[1, 128, 3072]",1214.89,0.0,1.5,cpu_perf_counter,cpu
25,encoder.layer.8.intermediate.intermediate_act_fn,GELUActivation,0.2083,1.5,0.0,0,0,82,0.2089,none,"[1, 128, 3072]","[1, 128, 3072]",1214.89,0.0,1.5,cpu_perf_counter,cpu
25,encoder.layer.8.output.dense,Linear,1.6172,0.375,603979776.0,2360064,0,83,1.6178,counter,"[1, 128, 3072]","[1, 128, 768]",1214.89,0.0,0.375,cpu_perf_counter,cpu
25,encoder.layer.8.output.LayerNorm,LayerNorm,0.0541,0.375,491520.0,1536,0,84,0.0547,analytic,"[1, 128, 768]","[1, 128, 768]",1214.89,0.0,0.375,cpu_perf_counter,cpu
25,encoder.layer.9.attention.self.query,Linear,0.4272,0.375,150994944.0,590592,0,85,0.4278,counter,"[1, 128, 768]","[1, 128, 768]",1214.89,0.0,0.375,cpu_perf_counter,cpu
25,encoder.layer.9.attention.self.key,Linear,0.3949,0.375,150994944.0,590592,0,86,0.3955,counter,"[1, 128, 768]","[1, 128, 768]",1214.89,0.0,0.375,cpu_perf_counter,cpu
25,encoder.layer.9.attention.self.value,Linear,0.3882,0.375,150994944.0,590592,0,87,0.3888,counter,"[1, 128, 768]","[1, 128, 768]",1214.89,0.0,0.375,cpu_perf_counter,cpu
25,encoder.layer.9.attention.output.dense,Linear,0.3965,0.375,150994944.0,590592,0,88,0.3971,counter,"[1, 128, 768]","[1, 128, 768]",1214.89,0.0,0.375,cpu_perf_counter,cpu
25,encoder.layer.9.attention.output.LayerNorm,LayerNorm,0.0321,0.375,491520.0,1536,0,89,0.0327,analytic,"[1, 128, 768]","[1, 128, 768]",1214.89,0.0,0.375,cpu_perf_counter,cpu
25,encoder.layer.9.intermediate.dense,Linear,1.9329,1.5,603979776.0,2362368,0,90,1.9335,counter,"[1, 128, 768]","[1, 128, 3072]",1214.89,0.0,1.5,cpu_perf_counter,cpu
25,encoder.layer.9.intermediate.intermediate_act_fn,GELUActivation,0.1468,1.5,0.0,0,0,91,0.1474,none,"[1, 128, 3072]","[1, 128, 3072]",1214.89,0.0,1.5,cpu_perf_counter,cpu
25,encoder.layer.9.output.dense,Linear,1.5063,0.375,603979776.0,2360064,0,92,1.5069,counter,"[1, 128, 3072]","[1, 128, 768]",1214.89,0.0,0.375,cpu_perf_counter,cpu
25,encoder.layer.9.output.LayerNorm,LayerNorm,0.0444,0.375,491520.0,1536,0,93,0.045,analytic,"[1, 128, 768]","[1, 128, 768]",1214.89,0.0,0.375,cpu_perf_counter,cpu
25,encoder.layer.10.attention.self.query,Linear,0.3947,0.375,150994944.0,590592,0,94,0.3953,counter,"[1, 128, 768]","[1, 128, 768]",1214.89,0.0,0.375,cpu_perf_counter,cpu
25,encoder.layer.10.attention.self.key,Linear,0.3981,0.375,150994944.0,590592,0,95,0.3987,counter,"[1, 128, 768]","[1, 128, 768]",1214.89,0.0,0.375,cpu_perf_counter,cpu
25,encoder.layer.10.attention.self.value,Linear,0.3969,0.375,150994944.0,590592,0,96,0.3975,counter,"[1, 128, 768]","[1, 128, 768]",1214.89,0.0,0.375,cpu_perf_counter,cpu
25,encoder.layer.10.attention.output.dense,Linear,0.3976,0.375,150994944.0,590592,0,97,0.3982,counter,"[1, 128, 768]","[1, 128, 768]",1214.89,0.0,0.375,cpu_perf_counter,cpu
25,encoder.layer.10.attention.output.LayerNorm,LayerNorm,0.0359,0.375,491520.0,1536,0,98,0.0365,analytic,"[1, 128, 768]","[1, 128, 768]",1214.89,0.0,0.375,cpu_perf_counter,cpu
25,encoder.layer.10.intermediate.dense,Linear,1.8707,1.5,603979776.0,2362368,0,99,1.8713,counter,"[1, 128, 768]","[1, 128, 3072]",1214.89,0.0,1.5,cpu_perf_counter,cpu
25,encoder.layer.10.intermediate.intermediate_act_fn,GELUActivation,0.1437,1.5,0.0,0,0,100,0.1443,none,"[1, 128, 3072]","[1, 128, 3072]",1214.89,0.0,1.5,cpu_perf_counter,cpu
25,encoder.layer.10.output.dense,Linear,1.7528,0.375,603979776.0,2360064,0,101,1.7534,counter,"[1, 128, 3072]","[1, 128, 768]",1214.89,0.0,0.375,cpu_perf_counter,cpu
25,encoder.layer.10.output.LayerNorm,LayerNorm,0.0437,0.375,491520.0,1536,0,102,0.0443,analytic,"[1, 128, 768]","[1, 128, 768]",1214.89,0.0,0.375,cpu_perf_counter,cpu
25,encoder.layer.11.attention.self.query,Linear,0.4009,0.375,150994944.0,590592,0,103,0.4015,counter,"[1, 128, 768]","[1, 128, 768]",1214.89,0.0,0.375,cpu_perf_counter,cpu
25,encoder.layer.11.attention.self.key,Linear,0.3973,0.375,150994944.0,590592,0,104,0.3979,counter,"[1, 128, 768]","[1, 128, 768]",1214.89,0.0,0.375,cpu_perf_counter,cpu
25,encoder.layer.11.attention.self.value,Linear,0.4003,0.375,150994944.0,590592,0,105,0.4009,counter,"[1, 128, 768]","[1, 128, 768]",1214.89,0.0,0.375,cpu_perf_counter,cpu
25,encoder.layer.11.attention.output.dense,Linear,0.3847,0.375,150994944.0,590592,0,106,0.3853,counter,"[1, 128, 768]","[1, 128, 768]",1214.89,0.0,0.375,cpu_perf_counter,cpu
25,encoder.layer.11.attention.output.LayerNorm,LayerNorm,0.0331,0.375,491520.0,1536,0,107,0.0337,analytic,"[1, 128, 768]","[1, 128, 768]",1214.89,0.0,0.375,cpu_perf_counter,cpu
25,encoder.layer.11.intermediate.dense,Linear,1.9389,1.5,603979776.0,2362368,0,108,1.9395,counter,"[1, 128, 768]","[1, 128, 3072]",1214.89,0.0,1.5,cpu_perf_counter,cpu
25,encoder.layer.11.intermediate.intermediate_act_fn,GELUActivation,0.1516,1.5,0.0,0,0,109,0.1522,none,"[1, 128, 3072]","[1, 128, 3072]",1214.89,0.0,1.5,cpu_perf_counter,cpu
25,encoder.layer.11.output.dense,Linear,1.5387,0.375,603979776.0,2360064,0,110,1.5393,counter,"[1, 128, 3072]","[1, 128, 768]",1214.89,0.0,0.375,cpu_perf_counter,cpu
25,encoder.layer.11.output.LayerNorm,LayerNorm,0.0614,0.375,491520.0,1536,0,111,0.062,analytic,"[1, 128, 768]","[1, 128, 768]",1214.89,0.0,0.375,cpu_perf_counter,cpu
25,pooler.dense,Linear,0.1511,0.00293,1179648.0,590592,0,112,0.1517,counter,"[1, 768]","[1, 768]",1214.89,0.0,0.003,cpu_perf_counter,cpu
25,pooler.activation,Tanh,0.0183,0.00293,3072.0,0,0,113,0.0189,analytic,"[1, 768]","[1, 768]",1214.89,0.0,0.003,cpu_perf_counter,cpu
26,embeddings.word_embeddings,Embedding,0.0544,0.375,0.0,23440896,0,0,0.055,none,"[1, 128]","[1, 128, 768]",1214.89,0.0,0.375,cpu_perf_counter,cpu
26,embeddings.token_type_embeddings,Embedding,0.0242,0.375,0.0,1536,0,1,0.0248,none,"[1, 128]","[1, 128, 768]",1214.89,0.0,0.375,cpu_perf_counter,cpu
26,embeddings.position_embeddings,Embedding,0.0257,0.375,0.0,393216,0,2,0.0263,none,"[1, 128]","[1, 128, 768]",1214.89,0.0,0.375,cpu_perf_counter,cpu
26,embeddings.LayerNorm,LayerNorm,0.0315,0.375,491520.0,1536,0,3,0.0321,analytic,"[1, 128, 768]","[1, 128, 768]",1214.89,0.0,0.375,cpu_perf_counter,cpu
26,encoder.layer.0.attention.self.query,Linear,0.4145,0.375,150994944.0,590592,0,4,0.4151,counter,"[1, 128, 768]","[1, 128, 768]",1214.89,0.0,0.375,cpu_perf_counter,cpu
26,encoder.layer.0.attention.self.key,Linear,0.3733,0.375,150994944.0,590592,0,5,0.3739,counter,"[1, 128, 768]","[1, 128, 768]",1214.89,0.0,0.375,cpu_perf_counter,cpu
26,encoder.layer.0.attention.self.value,Linear,0.3822,0.375,150994944.0,590592,0,6,0.3828,counter,"[1, 128, 768]","[1, 128, 768]",1214.89,0.0,0.375,cpu_perf_counter,cpu
26,encoder.layer.0.attention.output.dense,Linear,0.4307,0.375,150994944.0,590592,0,7,0.4313,counter,"[1, 128, 768]","[1, 128, 768]",1214.89,0.0,0.375,cpu_perf_counter,cpu
26,encoder.layer.0.attention.output.LayerNorm,LayerNorm,0.0399,0.375,491520.0,1536,0,8,0.0405,analytic,"[1, 128, 768]","[1, 128, 768]",1214.89,0.0,0.375,cpu_perf_counter,cpu
26,encoder.layer.0.intermediate.dense,Linear,1.6938,1.5,603979776.0,2362368,0,9,1.6944,counter,"[1, 128, 768]","[1, 128, 3072]",1214.89,0.0,1.5,cpu_perf_counter,cpu
26,encoder.layer.0.intermediate.intermediate_act_fn,GELUActivation,0.1322,1.5,0.0,0,0,10,0.1328,none,"[1, 128, 3072]","[1, 128, 3072]",1214.89,0.0,1.5,cpu_perf_counter,cpu
26,encoder.layer.0.output.dense,Linear,1.486,0.375,603979776.0,2360064,0,11,1.4866,counter,"[1, 128, 3072]","[1, 128, 768]",1214.89,0.0,0.375,cpu_perf_counter,cpu
26,encoder.layer.0.output.LayerNorm,LayerNorm,0.0406,0.375,491520.0,1536,0,12,0.0412,analytic,"[1, 128, 768]","[1, 128, 768]",1214.89,0.0,0.375,cpu_perf_counter,cpu
26,encoder.layer.1.attention.self.query,Linear,0.3948,0.375,150994944.0,590592,0,13,0.3954,counter,"[1, 128, 768]","[1, 128, 768]",1214.89,0.0,0.375,cpu_perf_counter,cpu
26,encoder.layer.1.attention.self.key,Linear,0.3604,0.375,150994944.0,590592,0,14,0.361,counter,"[1, 128, 768]","[1, 128, 768]",1214.89,0.0,0.375,cpu_perf_counter,cpu
26,encoder.layer.1.attention.self.value,Linear,0.3698,0.375,150994944.0,590592,0,15,0.3704,counter,"[1, 128, 768]","[1, 128, 768]",1214.89,0.0,0.375,cpu_perf_counter,cpu
26,encoder.layer.1.attention.output.dense,Linear,0.3664,0.375,150994944.0,590592,0,16,0.367,counter,"[1, 128, 768]","[1, 128, 768]",1214.89,0.0,0.375,cpu_perf_counter,cpu
26,encoder.layer.1.attention.output.LayerNorm,LayerNorm,0.0287,0.375,491520.0,1536,0,17,0.0293,analytic,"[1, 128, 768]","[1, 128, 768]",1214.89,0.0,0.375,cpu_perf_counter,cpu
26,encoder.layer.1.intermediate.dense,Linear,1.6467,1.5,603979776.0,2362368,0,18,1.6473,counter,"[1, 128, 768]","[1, 128, 3072]",1214.89,0.0,1.5,cpu_perf_counter,cpu
26,encoder.layer.1.intermediate.intermediate_act_fn,GELUActivation,0.1271,1.5,0.0,0,0,19,0.1277,none,"[1, 128, 3072]","[1, 128, 3072]",1214.89,0.0,1.5,cpu_perf_counter,cpu
26,encoder.layer.1.output.dense,Linear,1.4596,0.375,603979776.0,2360064,0,20,1.4602,counter,"[1, 128, 3072]","[1, 128, 768]",1214.89,0.0,0.375,cpu_perf_counter,cpu
26,encoder.layer.1.output.LayerNorm,LayerNorm,0.0497,0.375,491520.0,1536,0,21,0.0503,analytic,"[1, 128, 768]","[1, 128, 768]",1214.89,0.0,0.375,cpu_perf_counter,cpu
26,encoder.layer.2.attention.self.query,Linear,0.4242,0.375,150994944.0,590592,0,22,0.4248,counter,"[1, 128, 768]","[1, 128, 768]",1214.89,0.0,0.375,cpu_perf_counter,cpu
26,encoder.layer.2.attention.self.key,Linear,0.4142,0.375,150994944.0,590592,0,23,0.4148,counter,"[1, 128, 768]","[1, 128, 768]",1214.89,0.0,0.375,cpu_perf_counter,cpu
26,encoder.layer.2.attention.self.value,Linear,0.3907,0.375,150994944.0,590592,0,24,0.3913,counter,"[1, 128, 768]","[1, 128, 768]",1214.89,0.0,0.375,cpu_perf_counter,cpu
26,encoder.layer.2.attention.output.dense,Linear,0.3817,0.375,150994944.0,590592,0,25,0.3823,counter,"[1, 128, 768]","[1, 128, 768]",1214.89,0.0,0.375,cpu_perf_counter,cpu
26,encoder.layer.2.attention.output.LayerNorm,LayerNorm,0.0337,0.375,491520.0,1536,0,26,0.0343,analytic,"[1, 128, 768]","[1, 128, 768]",1214.89,0.0,0.375,cpu_perf_counter,cpu
26,encoder.layer.2.intermediate.dense,Linear,1.6836,1.5,603979776.0,2362368,0,27,1.6842,counter,"[1, 128, 768]","[1, 128, 3072]",1214.89,0.0,1.5,cpu_perf_counter,cpu
26,encoder.layer.2.intermediate.intermediate_act_fn,GELUActivation,0.1319,1.5,0.0,0,0,28,0.1325,none,"[1, 128, 3072]","[1, 128, 3072]",1214.89,0.0,1.5,cpu_perf_counter,cpu
26,encoder.layer.2.output.dense,Linear,1.5342,0.375,603979776.0,2360064,0,29,1.5348,counter,"[1, 128, 3072]","[1, 128, 768]",1214.89,0.0,0.375,cpu_perf_counter,cpu
26,encoder.layer.2.output.LayerNorm,LayerNorm,0.0418,0.375,491520.0,1536,0,30,0.0424,analytic,"[1, 128, 768]","[1, 128, 768]",1214.89,0.0,0.375,cpu_perf_counter,cpu
26,encoder.layer.3.attention.self.query,Linear,0.38,0.375,150994944.0,590592,0,31,0.3806,counter,"[1, 128, 768]","[1, 128, 768]",1214.89,0.0,0.375,cpu_perf_counter,cpu
26,encoder.layer.3.attention.self.key,Linear,0.3666,0.375,150994944.0,590592,0,32,0.3672,counter,"[1, 128, 768]","[1, 128, 768]",1214.89,0.0,0.375,cpu_perf_counter,cpu
26,encoder.layer.3.attention.self.value,Linear,0.3672,0.375,150994944.0,590592,0,33,0.3678,counter,"[1, 128, 768]","[1, 128, 768]",1214.89,0.0,0.375,cpu_perf_counter,cpu
26,encoder.layer.3.attention.output.dense,Linear,0.3782,0.375,150994944.0,590592,0,34,0.3788,counter,"[1, 128, 768]","[1, 128, 768]",1214.89,0.0,0.375,cpu_perf_counter,cpu
26,encoder.layer.3.attention.output.LayerNorm,LayerNorm,0.0244,0.375,491520.0,1536,0,35,0.025,analytic,"[1, 128, 768]","[1, 128, 768]",1214.89,0.0,0.375,cpu_perf_counter,cpu
26,encoder.layer.3.intermediate.dense,Linear,1.6868,1.5,603979776.0,2362368,0,36,1.6874,counter,"[1, 128, 768]","[1, 128, 3072]",1214.89,0.0,1.5,cpu_perf_counter,cpu
26,encoder.layer.3.intermediate.intermediate_act_fn,GELUActivation,0.1312,1.5,0.0,0,0,37,0.1318,none,"[1, 128, 3072]","[1, 128, 3072]",1214.89,0.0,1.5,cpu_perf_counter,cpu
26,encoder.layer.3.output.dense,Linear,1.5165,0.375,603979776.0,2360064,0,38,1.5171,counter,"[1, 128, 3072]","[1, 128, 768]",1214.89,0.0,0.375,cpu_perf_counter,cpu
26,encoder.layer.3.output.LayerNorm,LayerNorm,0.0441,0.375,491520.0,1536,0,39,0.0447,analytic,"[1, 128, 768]","[1, 128, 768]",1214.89,0.0,0.375,cpu_perf_counter,cpu
26,encoder.layer.4.attention.self.query,Linear,0.3899,0.375,150994944.0,590592,0,40,0.3905,counter,"[1, 128, 768]","[1, 128, 768]",1214.89,0.0,0.375,cpu_perf_counter,cpu
26,encoder.layer.4.attention.self.key,Linear,0.3948,0.375,150994944.0,590592,0,41,0.3954,counter,"[1, 128, 768]","[1, 128, 768]",1214.89,0.0,0.375,cpu_perf_counter,cpu
26,encoder.layer.4.attention.self.value,Linear,0.3774,0.375,150994944.0,590592,0,42,0.378,counter,"[1, 128, 768]","[1, 128, 768]",1214.89,0.0,0.375,cpu_perf_counter,cpu
26,encoder.layer.4.attention.output.dense,Linear,0.3772,0.375,150994944.0,590592,0,43,0.3778,counter,"[1, 128, 768]","[1, 128, 768]",1214.89,0.0,0.375,cpu_perf_counter,cpu
26,encoder.layer.4.attention.output.LayerNorm,LayerNorm,0.0271,0.375,491520.0,1536,0,44,0.0277,analytic,"[1, 128, 768]","[1, 128, 768]",1214.89,0.0,0.375,cpu_perf_counter,cpu
26,encoder.layer.4.intermediate.dense,Linear,1.6794,1.5,603979776.0,2362368,0,45,1.68,counter,"[1, 128, 768]","[1, 128, 3072]",1214.89,0.0,1.5,cpu_perf_counter,cpu
26,encoder.layer.4.intermediate.intermediate_act_fn,GELUActivation,0.1276,1.5,0.0,0,0,46,0.1282,none,"[1, 128, 3072]","[1, 128, 3072]",1214.89,0.0,1.5,cpu_perf_counter,cpu
26,encoder.layer.4.output.dense,Linear,1.5222,0.375,603979776.0,2360064,0,47,1.5228,counter,"[1, 128, 3072]","[1, 128, 768]",1214.89,0.0,0.375,cpu_perf_counter,cpu
26,encoder.layer.4.output.LayerNorm,LayerNorm,0.039,0.375,491520.0,1536,0,48,0.0396,analytic,"[1, 128, 768]","[1, 128, 768]",1214.89,0.0,0.375,cpu_perf_counter,cpu
26,encoder.layer.5.attention.self.query,Linear,0.3882,0.375,150994944.0,590592,0,49,0.3888,counter,"[1, 128, 768]","[1, 128, 768]",1214.89,0.0,0.375,cpu_perf_counter,cpu
26,encoder.layer.5.attention.self.key,Linear,0.3752,0.375,150994944.0,590592,0,50,0.3758,counter,"[1, 128, 768]","[1, 128, 768]",1214.89,0.0,0.375,cpu_perf_counter,cpu
26,encoder.layer.5.attention.self.value,Linear,0.3914,0.375,150994944.0,590592,0,51,0.392,counter,"[1, 128, 768]","[1, 128, 768]",1214.89,0.0,0.375,cpu_perf_counter,cpu
26,encoder.layer.5.attention.output.dense,Linear,0.3955,0.375,150994944.0,590592,0,52,0.3961,counter,"[1, 128, 768]","[1, 128, 768]",1214.89,0.0,0.375,cpu_perf_counter,cpu
26,encoder.layer.5.attention.output.LayerNorm,LayerNorm,0.0503,0.375,491520.0,1536,0,53,0.0509,analytic,"[1, 128, 768]","[1, 128, 768]",1214.89,0.0,0.375,cpu_perf_counter,cpu
26,encoder.layer.5.intermediate.dense,Linear,1.7582,1.5,603979776.0,2362368,0,54,1.7588,counter,"[1, 128, 768]","[1, 128, 3072]",1214.89,0.0,1.5,cpu_perf_counter,cpu
26,encoder.layer.5.intermediate.intermediate_act_fn,GELUActivation,0.1499,1.5,0.0,0,0,55,0.1505,none,"[1, 128, 3072]","[1, 128, 3072]",1214.89,0.0,1.5,cpu_perf_counter,cpu
26,encoder.layer.5.output.dense,Linear,1.5499,0.375,603979776.0,2360064,0,56,1.5505,counter,"[1, 128, 3072]","[1, 128, 768]",1214.89,0.0,0.375,cpu_perf_counter,cpu
26,encoder.layer.5.output.LayerNorm,LayerNorm,0.0427,0.375,491520.0,1536,0,57,0.0433,analytic,"[1, 128, 768]","[1, 128, 768]",1214.89,0.0,0.375,cpu_perf_counter,cpu
26,encoder.layer.6.attention.self.query,Linear,0.3981,0.375,150994944.0,590592,0,58,0.3987,counter,"[1, 128, 768]","[1, 128, 768]",1214.89,0.0,0.375,cpu_perf_counter,cpu
26,encoder.layer.6.attention.self.key,Linear,0.369,0.375,150994944.0,590592,0,59,0.3696,counter,"[1, 128, 768]","[1, 128, 768]",1214.89,0.0,0.375,cpu_perf_counter,cpu
26,encoder.layer.6.attention.self.value,Linear,0.3666,0.375,150994944.0,590592,0,60,0.3672,counter,"[1, 128, 768]","[1, 128, 768]",1214.89,0.0,0.375,cpu_perf_counter,cpu
26,encoder.layer.6.attention.output.dense,Linear,0.3723,0.375,150994944.0,590592,0,61,0.3729,counter,"[1, 128, 768]","[1, 128, 768]",1214.89,0.0,0.375,cpu_perf_counter,cpu
26,encoder.layer.6.attention.output.LayerNorm,LayerNorm,0.0297,0.375,491520.0,1536,0,62,0.0303,analytic,"[1, 128, 768]","[1, 128, 768]",1214.89,0.0,0.375,cpu_perf_counter,cpu
26,encoder.layer.6.intermediate.dense,Linear,1.6438,1.5,603979776.0,2362368,0,63,1.6444,counter,"[1, 128, 768]","[1, 128, 3072]",1214.89,0.0,1.5,cpu_perf_counter,cpu
26,encoder.layer.6.intermediate.intermediate_act_fn,GELUActivation,0.1301,1.5,0.0,0,0,64,0.1307,none,"[1, 128, 3072]","[1, 128, 3072]",1214.89,0.0,1.5,cpu_perf_counter,cpu
26,encoder.layer.6.output.dense,Linear,1.4557,0.375,603979776.0,2360064,0,65,1.4563,counter,"[1, 128, 3072]","[1, 128, 768]",1214.89,0.0,0.375,cpu_perf_counter,cpu
26,encoder.layer.6.output.LayerNorm,LayerNorm,0.042,0.375,491520.0,1536,0,66,0.0426,analytic,"[1, 128, 768]","[1, 128, 768]",1214.89,0.0,0.375,cpu_perf_counter,cpu
26,encoder.layer.7.attention.self.query,Linear,0.3846,0.375,150994944.0,590592,0,67,0.3852,counter,"[1, 128, 768]","[1, 128, 768]",1214.89,0.0,0.375,cpu_perf_counter,cpu
26,encoder.layer.7.attention.self.key,Linear,0.3789,0.375,150994944.0,590592,0,68,0.3795,counter,"[1, 128, 768]","[1, 128, 768]",1214.89,0.0,0.375,cpu_perf_counter,cpu
26,encoder.layer.7.attention.self.value,Linear,0.3763,0.375,150994944.0,590592,0,69,0.3769,counter,"[1, 128, 768]","[1, 128, 768]",1214.89,0.0,0.375,cpu_perf_counter,cpu
26,encoder.layer.7.attention.output.dense,Linear,0.3754,0.375,150994944.0,590592,0,70,0.376,counter,"[1, 128, 768]","[1, 128, 768]",1214.89,0.0,0.375,cpu_perf_counter,cpu
26,encoder.layer.7.attention.output.LayerNorm,LayerNorm,0.0283,0.375,491520.0,1536,0,71,0.0289,analytic,"[1, 128, 768]","[1, 128, 768]",1214.89,0.0,0.375,cpu_perf_counter,cpu
26,encoder.layer.7.intermediate.dense,Linear,1.6715,1.5,603979776.0,2362368,0,72,1.6721,counter,"[1, 128, 768]","[1, 128, 3072]",1214.89,0.0,1.5,cpu_perf_counter,cpu
26,encoder.layer.7.intermediate.intermediate_act_fn,GELUActivation,0.1328,1.5,0.0,0,0,73,0.1334,none,"[1, 128, 3072]","[1, 128, 3072]",1214.89,0.0,1.5,cpu_perf_counter,cpu
26,encoder.layer.7.output.dense,Linear,1.54,0.375,603979776.0,2360064,0,74,1.5406,counter,"[1, 128, 3072]","[1, 128, 768]",1214.89,0.0,0.375,cpu_perf_counter,cpu
26,encoder.layer.7.output.LayerNorm,LayerNorm,0.05,0.375,491520.0,1536,0,75,0.0506,analytic,"[1, 128, 768]","[1, 128, 768]",1214.89,0.0,0.375,cpu_perf_counter,cpu
26,encoder.layer.8.attention.self.query,Linear,0.406,0.375,150994944.0,590592,0,76,0.4066,counter,"[1, 128, 768]","[1, 128, 768]",1214.89,0.0,0.375,cpu_perf_counter,cpu
26,encoder.layer.8.attention.self.key,Linear,0.4018,0.375,150994944.0,590592,0,77,0.4024,counter,"[1, 128, 768]","[1, 128, 768]",1214.89,0.0,0.375,cpu_perf_counter,cpu
26,encoder.layer.8.attention.self.value,Linear,0.3907,0.375,150994944.0,590592,0,78,0.3913,counter,"[1, 128, 768]","[1, 128, 768]",1214.89,0.0,0.375,cpu_perf_counter,cpu
26,encoder.layer.8.attention.output.dense,Linear,0.4002,0.375,150994944.0,590592,0,79,0.4008,counter,"[1, 128, 768]","[1, 128, 768]",1214.89,0.0,0.375,cpu_perf_counter,cpu
26,encoder.layer.8.attention.output.LayerNorm,LayerNorm,0.0405,0.375,491520.0,1536,0,80,0.0411,analytic,"[1, 128, 768]","[1, 128, 768]",1214.89,0.0,0.375,cpu_perf_counter,cpu
26,encoder.layer.8.intermediate.dense,Linear,1.7977,1.5,603979776.0,2362368,0,81,1.7983,counter,"[1, 128, 768]","[1, 128, 3072]",1214.89,0.0,1.5,cpu_perf_counter,cpu
26,encoder.layer.8.intermediate.intermediate_act_fn,GELUActivation,0.1439,1.5,0.0,0,0,82,0.1445,none,"[1, 128, 3072]","[1, 128, 3072]",1214.89,0.0,1.5,cpu_perf_counter,cpu
26,encoder.layer.8.output.dense,Linear,1.5479,0.375,603979776.0,2360064,0,83,1.5485,counter,"[1, 128, 3072]","[1, 128, 768]",1214.89,0.0,0.375,cpu_perf_counter,cpu
26,encoder.layer.8.output.LayerNorm,LayerNorm,0.0474,0.375,491520.0,1536,0,84,0.048,analytic,"[1, 128, 768]","[1, 128, 768]",1214.89,0.0,0.375,cpu_perf_counter,cpu
26,encoder.layer.9.attention.self.query,Linear,0.4135,0.375,150994944.0,590592,0,85,0.4141,counter,"[1, 128, 768]","[1, 128, 768]",1214.89,0.0,0.375,cpu_perf_counter,cpu
26,encoder.layer.9.attention.self.key,Linear,0.389,0.375,150994944.0,590592,0,86,0.3896,counter,"[1, 128, 768]","[1, 128, 768]",1214.89,0.0,0.375,cpu_perf_counter,cpu
26,encoder.layer.9.attention.self.value,Linear,0.3888,0.375,150994944.0,590592,0,87,0.3894,counter,"[1, 128, 768]","[1, 128, 768]",1214.89,0.0,0.375,cpu_perf_counter,cpu
26,encoder.layer.9.attention.output.dense,Linear,0.3843,0.375,150994944.0,590592,0,88,0.3849,counter,"[1, 128, 768]","[1, 128, 768]",1214.89,0.0,0.375,cpu_perf_counter,cpu
26,encoder.layer.9.attention.output.LayerNorm,LayerNorm,0.0316,0.375,491520.0,1536,0,89,0.0322,analytic,"[1, 128, 768]","[1, 128, 768]",1214.89,0.0,0.375,cpu_perf_counter,cpu
26,encoder.layer.9.intermediate.dense,Linear,1.932,1.5,603979776.0,2362368,0,90,1.9326,counter,"[1, 128, 768]","[1, 128, 3072]",1214.89,0.0,1.5,cpu_perf_counter,cpu
26,encoder.layer.9.intermediate.intermediate_act_fn,GELUActivation,0.1448,1.5,0.0,0,0,91,0.1454,none,"[1, 128, 3072]","[1, 128, 3072]",1214.89,0.0,1.5,cpu_perf_counter,cpu
26,encoder.layer.9.output.dense,Linear,1.4846,0.375,603979776.0,2360064,0,92,1.4852,counter,"[1, 128, 3072]","[1, 128, 768]",1214.89,0.0,0.375,cpu_perf_counter,cpu
26,encoder.layer.9.output.LayerNorm,LayerNorm,0.0448,0.375,491520.0,1536,0,93,0.0454,analytic,"[1, 128, 768]","[1, 128, 768]",1214.89,0.0,0.375,cpu_perf_counter,cpu
26,encoder.layer.10.attention.self.query,Linear,0.4143,0.375,150994944.0,590592,0,94,0.4149,counter,"[1, 128, 768]","[1, 128, 768]",1214.89,0.0,0.375,cpu_perf_counter,cpu
26,encoder.layer.10.attention.self.key,Linear,0.3917,0.375,150994944.0,590592,0,95,0.3923,counter,"[1, 128, 768]","[1, 128, 768]",1214.89,0.0,0.375,cpu_perf_counter,cpu
26,encoder.layer.10.attention.self.value,Linear,0.3905,0.375,150994944.0,590592,0,96,0.3911,counter,"[1, 128, 768]","[1, 128, 768]",1214.89,0.0,0.375,cpu_perf_counter,cpu
26,encoder.layer.10.attention.output.dense,Linear,0.3907,0.375,150994944.0,590592,0,97,0.3913,counter,"[1, 128, 768]","[1, 128, 768]",1214.89,0.0,0.375,cpu_perf_counter,cpu
26,encoder.layer.10.attention.output.LayerNorm,LayerNorm,0.0341,0.375,491520.0,1536,0,98,0.0347,analytic,"[1, 128, 768]","[1, 128, 768]",1214.89,0.0,0.375,cpu_perf_counter,cpu
26,encoder.layer.10.intermediate.dense,Linear,1.9236,1.5,603979776.0,2362368,0,99,1.9242,counter,"[1, 128, 768]","[1, 128, 3072]",1214.89,0.0,1.5,cpu_perf_counter,cpu
26,encoder.layer.10.intermediate.intermediate_act_fn,GELUActivation,0.1479,1.5,0.0,0,0,100,0.1485,none,"[1, 128, 3072]","[1, 128, 3072]",1214.89,0.0,1.5,cpu_perf_counter,cpu
26,encoder.layer.10.output.dense,Linear,1.5159,0.375,603979776.0,2360064,0,101,1.5165,counter,"[1, 128, 3072]","[1, 128, 768]",1214.89,0.0,0.375,cpu_perf_counter,cpu
26,encoder.layer.10.output.LayerNorm,LayerNorm,0.0413,0.375,491520.0,1536,0,102,0.0419,analytic,"[1, 128, 768]","[1, 128, 768]",1214.89,0.0,0.375,cpu_perf_counter,cpu
26,encoder.layer.11.attention.self.query,Linear,0.3803,0.375,150994944.0,590592,0,103,0.3809,counter,"[1, 128, 768]","[1, 128, 768]",1214.89,0.0,0.375,cpu_perf_counter,cpu
26,encoder.layer.11.attention.self.key,Linear,0.3698,0.375,150994944.0,590592,0,104,0.3704,counter,"[1, 128, 768]","[1, 128, 768]",1214.89,0.0,0.375,cpu_perf_counter,cpu
26,encoder.layer.11.attention.self.value,Linear,0.3704,0.375,150994944.0,590592,0,105,0.371,counter,"[1, 128, 768]","[1, 128, 768]",1214.89,0.0,0.375,cpu_perf_counter,cpu
26,encoder.layer.11.attention.output.dense,Linear,0.3765,0.375,150994944.0,590592,0,106,0.3771,counter,"[1, 128, 768]","[1, 128, 768]",1214.89,0.0,0.375,cpu_perf_counter,cpu
26,encoder.layer.11.attention.output.LayerNorm,LayerNorm,0.0302,0.375,491520.0,1536,0,107,0.0308,analytic,"[1, 128, 768]","[1, 128, 768]",1214.89,0.0,0.375,cpu_perf_counter,cpu
26,encoder.layer.11.intermediate.dense,Linear,1.9512,1.5,603979776.0,2362368,0,108,1.9518,counter,"[1, 128, 768]","[1, 128, 3072]",1214.89,0.0,1.5,cpu_perf_counter,cpu
26,encoder.layer.11.intermediate.intermediate_act_fn,GELUActivation,0.1495,1.5,0.0,0,0,109,0.1501,none,"[1, 128, 3072]","[1, 128, 3072]",1214.89,0.0,1.5,cpu_perf_counter,cpu
26,encoder.layer.11.output.dense,Linear,1.5121,0.375,603979776.0,2360064,0,110,1.5127,counter,"[1, 128, 3072]","[1, 128, 768]",1214.89,0.0,0.375,cpu_perf_counter,cpu
26,encoder.layer.11.output.LayerNorm,LayerNorm,0.0442,0.375,491520.0,1536,0,111,0.0448,analytic,"[1, 128, 768]","[1, 128, 768]",1214.89,0.0,0.375,cpu_perf_counter,cpu
26,pooler.dense,Linear,0.1247,0.00293,1179648.0,590592,0,112,0.1253,counter,"[1, 768]","[1, 768]",1214.89,0.0,0.003,cpu_perf_counter,cpu
26,pooler.activation,Tanh,0.0166,0.00293,3072.0,0,0,113,0.0172,analytic,"[1, 768]","[1, 768]",1214.89,0.0,0.003,cpu_perf_counter,cpu
27,embeddings.word_embeddings,Embedding,0.0513,0.375,0.0,23440896,0,0,0.0519,none,"[1, 128]","[1, 128, 768]",1214.89,0.0,0.375,cpu_perf_counter,cpu
27,embeddings.token_type_embeddings,Embedding,0.0213,0.375,0.0,1536,0,1,0.0219,none,"[1, 128]","[1, 128, 768]",1214.89,0.0,0.375,cpu_perf_counter,cpu
27,embeddings.position_embeddings,Embedding,0.0225,0.375,0.0,393216,0,2,0.0231,none,"[1, 128]","[1, 128, 768]",1214.89,0.0,0.375,cpu_perf_counter,cpu
27,embeddings.LayerNorm,LayerNorm,0.026,0.375,491520.0,1536,0,3,0.0266,analytic,"[1, 128, 768]","[1, 128, 768]",1214.89,0.0,0.375,cpu_perf_counter,cpu
27,encoder.layer.0.attention.self.query,Linear,0.4043,0.375,150994944.0,590592,0,4,0.4049,counter,"[1, 128, 768]","[1, 128, 768]",1214.89,0.0,0.375,cpu_perf_counter,cpu
27,encoder.layer.0.attention.self.key,Linear,0.3925,0.375,150994944.0,590592,0,5,0.3931,counter,"[1, 128, 768]","[1, 128, 768]",1214.89,0.0,0.375,cpu_perf_counter,cpu
27,encoder.layer.0.attention.self.value,Linear,0.3836,0.375,150994944.0,590592,0,6,0.3842,counter,"[1, 128, 768]","[1, 128, 768]",1214.89,0.0,0.375,cpu_perf_counter,cpu
27,encoder.layer.0.attention.output.dense,Linear,0.3857,0.375,150994944.0,590592,0,7,0.3863,counter,"[1, 128, 768]","[1, 128, 768]",1214.89,0.0,0.375,cpu_perf_counter,cpu
27,encoder.layer.0.attention.output.LayerNorm,LayerNorm,0.0279,0.375,491520.0,1536,0,8,0.0285,analytic,"[1, 128, 768]","[1, 128, 768]",1214.89,0.0,0.375,cpu_perf_counter,cpu
27,encoder.layer.0.intermediate.dense,Linear,1.7222,1.5,603979776.0,2362368,0,9,1.7228,counter,"[1, 128, 768]","[1, 128, 3072]",1214.89,0.0,1.5,cpu_perf_counter,cpu
27,encoder.layer.0.intermediate.intermediate_act_fn,GELUActivation,0.1406,1.5,0.0,0,0,10,0.1412,none,"[1, 128, 3072]","[1, 128, 3072]",1214.89,0.0,1.5,cpu_perf_counter,cpu
27,encoder.layer.0.output.dense,Linear,1.5295,0.375,603979776.0,2360064,0,11,1.5301,counter,"[1, 128, 3072]","[1, 128, 768]",1214.89,0.0,0.375,cpu_perf_counter,cpu
27,encoder.layer.0.output.LayerNorm,LayerNorm,0.0414,0.375,491520.0,1536,0,12,0.042,analytic,"[1, 128, 768]","[1, 128, 768]",1214.89,0.0,0.375,cpu_perf_counter,cpu
27,encoder.layer.1.attention.self.query,Linear,0.4105,0.375,150994944.0,590592,0,13,0.4111,counter,"[1, 128, 768]","[1, 128, 768]",1214.89,0.0,0.375,cpu_perf_counter,cpu
27,encoder.layer.1.attention.self.key,Linear,0.3874,0.375,150994944.0,590592,0,14,0.388,counter,"[1, 128, 768]","[1, 128, 768]",1214.89,0.0,0.375,cpu_perf_counter,cpu
27,encoder.layer.1.attention.self.value,Linear,0.38,0.375,150994944.0,590592,0,15,0.3806,counter,"[1, 128, 768]","[1, 128, 768]",1214.89,0.0,0.375,cpu_perf_counter,cpu
27,encoder.layer.1.attention.output.dense,Linear,0.38,0.375,150994944.0,590592,0,16,0.3806,counter,"[1, 128, 768]","[1, 128, 768]",1214.89,0.0,0.375,cpu_perf_counter,cpu
27,encoder.layer.1.attention.output.LayerNorm,LayerNorm,0.0326,0.375,491520.0,1536,0,17,0.0332,analytic,"[1, 128, 768]","[1, 128, 768]",1214.89,0.0,0.375,cpu_perf_counter,cpu
27,encoder.layer.1.intermediate.dense,Linear,1.6901,1.5,603979776.0,2362368,0,18,1.6907,counter,"[1, 128, 768]","[1, 128, 3072]",1214.89,0.0,1.5,cpu_perf_counter,cpu
27,encoder.layer.1.intermediate.intermediate_act_fn,GELUActivation,0.1418,1.5,0.0,0,0,19,0.1424,none,"[1, 128, 3072]","[1, 128, 3072]",1214.89,0.0,1.5,cpu_perf_counter,cpu
27,encoder.layer.1.output.dense,Linear,1.5071,0.375,603979776.0,2360064,0,20,1.5077,counter,"[1, 128, 3072]","[1, 128, 768]",1214.89,0.0,0.375,cpu_perf_counter,cpu
27,encoder.layer.1.output.LayerNorm,LayerNorm,0.0464,0.375,491520.0,1536,0,21,0.047,analytic,"[1, 128, 768]","[1, 128, 768]",1214.89,0.0,0.375,cpu_perf_counter,cpu
27,encoder.layer.2.attention.self.query,Linear,0.4156,0.375,150994944.0,590592,0,22,0.4162,counter,"[1, 128, 768]","[1, 128, 768]",1214.89,0.0,0.375,cpu_perf_counter,cpu
27,encoder.layer.2.attention.self.key,Linear,0.3954,0.375,150994944.0,590592,0,23,0.396,counter,"[1, 128, 768]","[1, 128, 768]",1214.89,0.0,0.375,cpu_perf_counter,cpu
27,encoder.layer.2.attention.self.value,Linear,0.3741,0.375,150994944.0,590592,0,24,0.3747,counter,"[1, 128, 768]","[1, 128, 768]",1214.89,0.0,0.375,cpu_perf_counter,cpu
27,encoder.layer.2.attention.output.dense,Linear,0.3868,0.375,150994944.0,590592,0,25,0.3874,counter,"[1, 128, 768]","[1, 128, 768]",1214.89,0.0,0.375,cpu_perf_counter,cpu
27,encoder.layer.2.attention.output.LayerNorm,LayerNorm,0.0344,0.375,491520.0,1536,0,26,0.035,analytic,"[1, 128, 768]","[1, 128, 768]",1214.89,0.0,0.375,cpu_perf_counter,cpu
27,encoder.layer.2.intermediate.dense,Linear,1.7678,1.5,603979776.0,2362368,0,27,1.7684,counter,"[1, 128, 768]","[1, 128, 3072]",1214.89,0.0,1.5,cpu_perf_counter,cpu
27,encoder.layer.2.intermediate.intermediate_act_fn,GELUActivation,0.1352,1.5,0.0,0,0,28,0.1358,none,"[1, 128, 3072]","[1, 128, 3072]",1214.89,0.0,1.5,cpu_perf_counter,cpu
27,encoder.layer.2.output.dense,Linear,1.4446,0.375,603979776.0,2360064,0,29,1.4452,counter,"[1, 128, 3072]","[1, 128, 768]",1214.89,0.0,0.375,cpu_perf_counter,cpu
27,encoder.layer.2.output.LayerNorm,LayerNorm,0.0407,0.375,491520.0,1536,0,30,0.0413,analytic,"[1, 128, 768]","[1, 128, 768]",1214.89,0.0,0.375,cpu_perf_counter,cpu
27,encoder.layer.3.attention.self.query,Linear,0.3937,0.375,150994944.0,590592,0,31,0.3943,counter,"[1, 128, 768]","[1, 128, 768]",1214.89,0.0,0.375,cpu_perf_counter,cpu
27,encoder.layer.3.attention.self.key,Linear,0.3704,0.375,150994944.0,590592,0,32,0.371,counter,"[1, 128, 768]","[1, 128, 768]",1214.89,0.0,0.375,cpu_perf_counter,cpu
27,encoder.layer.3.attention.self.value,Linear,0.3828,0.375,150994944.0,590592,0,33,0.3834,counter,"[1, 128, 768]","[1, 128, 768]",1214.89,0.0,0.375,cpu_perf_counter,cpu
27,encoder.layer.3.attention.output.dense,Linear,0.3828,0.375,150994944.0,590592,0,34,0.3834,counter,"[1, 128, 768]","[1, 128, 768]",1214.89,0.0,0.375,cpu_perf_counter,cpu
27,encoder.layer.3.attention.output.LayerNorm,LayerNorm,0.0274,0.375,491520.0,1536,0,35,0.028,analytic,"[1, 128, 768]","[1, 128, 768]",1214.89,0.0,0.375,cpu_perf_counter,cpu
27,encoder.layer.3.intermediate.dense,Linear,1.7143,1.5,603979776.0,2362368,0,36,1.7149,counter,"[1, 128, 768]","[1, 128, 3072]",1214.89,0.0,1.5,cpu_perf_counter,cpu
27,encoder.layer.3.intermediate.intermediate_act_fn,GELUActivation,0.1626,1.5,0.0,0,0,37,0.1632,none,"[1, 128, 3072]","[1, 128, 3072]",1214.89,0.0,1.5,cpu_perf_counter,cpu
27,encoder.layer.3.output.dense,Linear,1.4874,0.375,603979776.0,2360064,0,38,1.488,counter,"[1, 128, 3072]","[1, 128, 768]",1214.89,0.0,0.375,cpu_perf_counter,cpu
27,encoder.layer.3.output.LayerNorm,LayerNorm,0.0434,0.375,491520.0,1536,0,39,0.044,analytic,"[1, 128, 768]","[1, 128, 768]",1214.89,0.0,0.375,cpu_perf_counter,cpu
27,encoder.layer.4.attention.self.query,Linear,0.3891,0.375,150994944.0,590592,0,40,0.3897,counter,"[1, 128, 768]","[1, 128, 768]",1214.89,0.0,0.375,cpu_perf_counter,cpu
27,encoder.layer.4.attention.self.key,Linear,0.3815,0.375,150994944.0,590592,0,41,0.3821,counter,"[1, 128, 768]","[1, 128, 768]",1214.89,0.0,0.375,cpu_perf_counter,cpu
27,encoder.layer.4.attention.self.value,Linear,0.3754,0.375,150994944.0,590592,0,42,0.376,counter,"[1, 128, 768]","[1, 128, 768]",1214.89,0.0,0.375,cpu_perf_counter,cpu
27,encoder.layer.4.attention.output.dense,Linear,0.4035,0.375,150994944.0,590592,0,43,0.4041,counter,"[1, 128, 768]","[1, 128, 768]",1214.89,0.0,0.375,cpu_perf_counter,cpu
27,encoder.layer.4.attention.output.LayerNorm,LayerNorm,0.0411,0.375,491520.0,1536,0,44,0.0417,analytic,"[1, 128, 768]","[1, 128, 768]",1214.89,0.0,0.375,cpu_perf_counter,cpu
27,encoder.layer.4.intermediate.dense,Linear,1.8416,1.5,603979776.0,2362368,0,45,1.8422,counter,"[1, 128, 768]","[1, 128, 3072]",1214.89,0.0,1.5,cpu_perf_counter,cpu
27,encoder.layer.4.intermediate.intermediate_act_fn,GELUActivation,0.1634,1.5,0.0,0,0,46,0.164,none,"[1, 128, 3072]","[1, 128, 3072]",1214.89,0.0,1.5,cpu_perf_counter,cpu
27,encoder.layer.4.output.dense,Linear,1.4886,0.375,603979776.0,2360064,0,47,1.4892,counter,"[1, 128, 3072]","[1, 128, 768]",1214.89,0.0,0.375,cpu_perf_counter,cpu
27,encoder.layer.4.output.LayerNorm,LayerNorm,0.0488,0.375,491520.0,1536,0,48,0.0494,analytic,"[1, 128, 768]","[1, 128, 768]",1214.89,0.0,0.375,cpu_perf_counter,cpu
27,encoder.layer.5.attention.self.query,Linear,0.3994,0.375,150994944.0,590592,0,49,0.4,counter,"[1, 128, 768]","[1, 128, 768]",1214.89,0.0,0.375,cpu_perf_counter,cpu
27,encoder.layer.5.attention.self.key,Linear,0.3893,0.375,150994944.0,590592,0,50,0.3899,counter,"[1, 128, 768]","[1, 128, 768]",1214.89,0.0,0.375,cpu_perf_counter,cpu
27,encoder.layer.5.attention.self.value,Linear,0.3896,0.375,150994944.0,590592,0,51,0.3902,counter,"[1, 128, 768]","[1, 128, 768]",1214.89,0.0,0.375,cpu_perf_counter,cpu
27,encoder.layer.5.attention.output.dense,Linear,0.4035,0.375,150994944.0,590592,0,52,0.4041,counter,"[1, 128, 768]","[1, 128, 768]",1214.89,0.0,0.375,cpu_perf_counter,cpu
27,encoder.layer.5.attention.output.LayerNorm,LayerNorm,0.0461,0.375,491520.0,1536,0,53,0.0467,analytic,"[1, 128, 768]","[1, 128, 768]",1214.89,0.0,0.375,cpu_perf_counter,cpu
27,encoder.layer.5.intermediate.dense,Linear,1.6868,1.5,603979776.0,2362368,0,54,1.6874,counter,"[1, 128, 768]","[1, 128, 3072]",1214.89,0.0,1.5,cpu_perf_counter,cpu
27,encoder.layer.5.intermediate.intermediate_act_fn,GELUActivation,0.1593,1.5,0.0,0,0,55,0.1599,none,"[1, 128, 3072]","[1, 128, 3072]",1214.89,0.0,1.5,cpu_perf_counter,cpu
27,encoder.layer.5.output.dense,Linear,1.5268,0.375,603979776.0,2360064,0,56,1.5274,counter,"[1, 128, 3072]","[1, 128, 768]",1214.89,0.0,0.375,cpu_perf_counter,cpu
27,encoder.layer.5.output.LayerNorm,LayerNorm,0.053,0.375,491520.0,1536,0,57,0.0536,analytic,"[1, 128, 768]","[1, 128, 768]",1214.89,0.0,0.375,cpu_perf_counter,cpu
27,encoder.layer.6.attention.self.query,Linear,0.4229,0.375,150994944.0,590592,0,58,0.4235,counter,"[1, 128, 768]","[1, 128, 768]",1214.89,0.0,0.375,cpu_perf_counter,cpu
27,encoder.layer.6.attention.self.key,Linear,0.3968,0.375,150994944.0,590592,0,59,0.3974,counter,"[1, 128, 768]","[1, 128, 768]",1214.89,0.0,0.375,cpu_perf_counter,cpu
27,encoder.layer.6.attention.self.value,Linear,0.3853,0.375,150994944.0,590592,0,60,0.3859,counter,"[1, 128, 768]","[1, 128, 768]",1214.89,0.0,0.375,cpu_perf_counter,cpu
27,encoder.layer.6.attention.output.dense,Linear,0.3925,0.375,150994944.0,590592,0,61,0.3931,counter,"[1, 128, 768]","[1, 128, 768]",1214.89,0.0,0.375,cpu_perf_counter,cpu
27,encoder.layer.6.attention.output.LayerNorm,LayerNorm,0.0555,0.375,491520.0,1536,0,62,0.0561,analytic,"[1, 128, 768]","[1, 128, 768]",1214.89,0.0,0.375,cpu_perf_counter,cpu
27,encoder.layer.6.intermediate.dense,Linear,1.7325,1.5,603979776.0,2362368,0,63,1.7331,counter,"[1, 128, 768]","[1, 128, 3072]",1214.89,0.0,1.5,cpu_perf_counter,cpu
27,encoder.layer.6.intermediate.intermediate_act_fn,GELUActivation,0.169,1.5,0.0,0,0,64,0.1696,none,"[1, 128, 3072]","[1, 128, 3072]",1214.89,0.0,1.5,cpu_perf_counter,cpu
27,encoder.layer.6.output.dense,Linear,1.5089,0.375,603979776.0,2360064,0,65,1.5095,counter,"[1, 128, 3072]","[1, 128, 768]",1214.89,0.0,0.375,cpu_perf_counter,cpu
27,encoder.layer.6.output.LayerNorm,LayerNorm,0.065,0.375,491520.0,1536,0,66,0.0656,analytic,"[1, 128, 768]","[1, 128, 768]",1214.89,0.0,0.375,cpu_perf_counter,cpu
27,encoder.layer.7.attention.self.query,Linear,0.4611,0.375,150994944.0,590592,0,67,0.4617,counter,"[1, 128, 768]","[1, 128, 768]",1214.89,0.0,0.375,cpu_perf_counter,cpu
27,encoder.layer.7.attention.self.key,Linear,0.4108,0.375,150994944.0,590592,0,68,0.4114,counter,"[1, 128, 768]","[1, 128, 768]",1214.89,0.0,0.375,cpu_perf_counter,cpu
27,encoder.layer.7.attention.self.value,Linear,0.4352,0.375,150994944.0,590592,0,69,0.4358,counter,"[1, 128, 768]","[1, 128, 768]",1214.89,0.0,0.375,cpu_perf_counter,cpu
27,encoder.layer.7.attention.output.dense,Linear,0.4014,0.375,150994944.0,590592,0,70,0.402,counter,"[1, 128, 768]","[1, 128, 768]",1214.89,0.0,0.375,cpu_perf_counter,cpu
27,encoder.layer.7.attention.output.LayerNorm,LayerNorm,0.0611,0.375,491520.0,1536,0,71,0.0617,analytic,"[1, 128, 768]","[1, 128, 768]",1214.89,0.0,0.375,cpu_perf_counter,cpu
27,encoder.layer.7.intermediate.dense,Linear,2.1843,1.5,603979776.0,2362368,0,72,2.1849,counter,"[1, 128, 768]","[1, 128, 3072]",1214.89,0.0,1.5,cpu_perf_counter,cpu
27,encoder.layer.7.intermediate.intermediate_act_fn,GELUActivation,0.1302,1.5,0.0,0,0,73,0.1308,none,"[1, 128, 3072]","[1, 128, 3072]",1214.89,0.0,1.5,cpu_perf_counter,cpu
27,encoder.layer.7.output.dense,Linear,1.4888,0.375,603979776.0,2360064,0,74,1.4894,counter,"[1, 128, 3072]","[1, 128, 768]",1214.89,0.0,0.375,cpu_perf_counter,cpu
27,encoder.layer.7.output.LayerNorm,LayerNorm,0.0416,0.375,491520.0,1536,0,75,0.0422,analytic,"[1, 128, 768]","[1, 128, 768]",1214.89,0.0,0.375,cpu_perf_counter,cpu
27,encoder.layer.8.attention.self.query,Linear,0.3852,0.375,150994944.0,590592,0,76,0.3858,counter,"[1, 128, 768]","[1, 128, 768]",1214.89,0.0,0.375,cpu_perf_counter,cpu
27,encoder.layer.8.attention.self.key,Linear,0.3715,0.375,150994944.0,590592,0,77,0.3721,counter,"[1, 128, 768]","[1, 128, 768]",1214.89,0.0,0.375,cpu_perf_counter,cpu
27,encoder.layer.8.attention.self.value,Linear,0.362,0.375,150994944.0,590592,0,78,0.3626,counter,"[1, 128, 768]","[1, 128, 768]",1214.89,0.0,0.375,cpu_perf_counter,cpu
27,encoder.layer.8.attention.output.dense,Linear,0.3757,0.375,150994944.0,590592,0,79,0.3763,counter,"[1, 128, 768]","[1, 128, 768]",1214.89,0.0,0.375,cpu_perf_counter,cpu
27,encoder.layer.8.attention.output.LayerNorm,LayerNorm,0.0276,0.375,491520.0,1536,0,80,0.0282,analytic,"[1, 128, 768]","[1, 128, 768]",1214.89,0.0,0.375,cpu_perf_counter,cpu
27,encoder.layer.8.intermediate.dense,Linear,1.7605,1.5,603979776.0,2362368,0,81,1.7611,counter,"[1, 128, 768]","[1, 128, 3072]",1214.89,0.0,1.5,cpu_perf_counter,cpu
27,encoder.layer.8.intermediate.intermediate_act_fn,GELUActivation,0.1421,1.5,0.0,0,0,82,0.1427,none,"[1, 128, 3072]","[1, 128, 3072]",1214.89,0.0,1.5,cpu_perf_counter,cpu
27,encoder.layer.8.output.dense,Linear,1.4748,0.375,603979776.0,2360064,0,83,1.4754,counter,"[1, 128, 3072]","[1, 128, 768]",1214.89,0.0,0.375,cpu_perf_counter,cpu
27,encoder.layer.8.output.LayerNorm,LayerNorm,0.0425,0.375,491520.0,1536,0,84,0.0431,analytic,"[1, 128, 768]","[1, 128, 768]",1214.89,0.0,0.375,cpu_perf_counter,cpu
27,encoder.layer.9.attention.self.query,Linear,0.3808,0.375,150994944.0,590592,0,85,0.3814,counter,"[1, 128, 768]","[1, 128, 768]",1214.89,0.0,0.375,cpu_perf_counter,cpu
27,encoder.layer.9.attention.self.key,Linear,0.3726,0.375,150994944.0,590592,0,86,0.3732,counter,"[1, 128, 768]","[1, 128, 768]",1214.89,0.0,0.375,cpu_perf_counter,cpu
27,encoder.layer.9.attention.self.value,Linear,0.3712,0.375,150994944.0,590592,0,87,0.3718,counter,"[1, 128, 768]","[1, 128, 768]",1214.89,0.0,0.375,cpu_perf_counter,cpu
27,encoder.layer.9.attention.output.dense,Linear,0.3806,0.375,150994944.0,590592,0,88,0.3812,counter,"[1, 128, 768]","[1, 128, 768]",1214.89,0.0,0.375,cpu_perf_counter,cpu
27,encoder.layer.9.attention.output.LayerNorm,LayerNorm,0.0342,0.375,491520.0,1536,0,89,0.0348,analytic,"[1, 128, 768]","[1, 128, 768]",1214.89,0.0,0.375,cpu_perf_counter,cpu
27,encoder.layer.9.intermediate.dense,Linear,1.9605,1.5,603979776.0,2362368,0,90,1.9611,counter,"[1, 128, 768]","[1, 128, 3072]",1214.89,0.0,1.5,cpu_perf_counter,cpu
27,encoder.layer.9.intermediate.intermediate_act_fn,GELUActivation,0.1515,1.5,0.0,0,0,91,0.1521,none,"[1, 128, 3072]","[1, 128, 3072]",1214.89,0.0,1.5,cpu_perf_counter,cpu
27,encoder.layer.9.output.dense,Linear,1.4944,0.375,603979776.0,2360064,0,92,1.495,counter,"[1, 128, 3072]","[1, 128, 768]",1214.89,0.0,0.375,cpu_perf_counter,cpu
27,encoder.layer.9.output.LayerNorm,LayerNorm,0.0435,0.375,491520.0,1536,0,93,0.0441,analytic,"[1, 128, 768]","[1, 128, 768]",1214.89,0.0,0.375,cpu_perf_counter,cpu
27,encoder.layer.10.attention.self.query,Linear,0.3789,0.375,150994944.0,590592,0,94,0.3795,counter,"[1, 128, 768]","[1, 128, 768]",1214.89,0.0,0.375,cpu_perf_counter,cpu
27,encoder.layer.10.attention.self.key,Linear,0.3713,0.375,150994944.0,590592,0,95,0.3719,counter,"[1, 128, 768]","[1, 128, 768]",1214.89,0.0,0.375,cpu_perf_counter,cpu
27,encoder.layer.10.attention.self.value,Linear,0.3672,0.375,150994944.0,590592,0,96,0.3678,counter,"[1, 128, 768]","[1, 128, 768]",1214.89,0.0,0.375,cpu_perf_counter,cpu
27,encoder.layer.10.attention.output.dense,Linear,0.3728,0.375,150994944.0,590592,0,97,0.3734,counter,"[1, 128, 768]","[1, 128, 768]",1214.89,0.0,0.375,cpu_perf_counter,cpu
27,encoder.layer.10.attention.output.LayerNorm,LayerNorm,0.0288,0.375,491520.0,1536,0,98,0.0294,analytic,"[1, 128, 768]","[1, 128, 768]",1214.89,0.0,0.375,cpu_perf_counter,cpu
27,encoder.layer.10.intermediate.dense,Linear,1.693,1.5,603979776.0,2362368,0,99,1.6936,counter,"[1, 128, 768]","[1, 128, 3072]",1214.89,0.0,1.5,cpu_perf_counter,cpu
27,encoder.layer.10.intermediate.intermediate_act_fn,GELUActivation,0.1378,1.5,0.0,0,0,100,0.1384,none,"[1, 128, 3072]","[1, 128, 3072]",1214.89,0.0,1.5,cpu_perf_counter,cpu
27,encoder.layer.10.output.dense,Linear,1.5166,0.375,603979776.0,2360064,0,101,1.5172,counter,"[1, 128, 3072]","[1, 128, 768]",1214.89,0.0,0.375,cpu_perf_counter,cpu
27,encoder.layer.10.output.LayerNorm,LayerNorm,0.0406,0.375,491520.0,1536,0,102,0.0412,analytic,"[1, 128, 768]","[1, 128, 768]",1214.89,0.0,0.375,cpu_perf_counter,cpu
27,encoder.layer.11.attention.self.query,Linear,0.3904,0.375,150994944.0,590592,0,103,0.391,counter,"[1, 128, 768]","[1, 128, 768]",1214.89,0.0,0.375,cpu_perf_counter,cpu
27,encoder.layer.11.attention.self.key,Linear,0.3723,0.375,150994944.0,590592,0,104,0.3729,counter,"[1, 128, 768]","[1, 128, 768]",1214.89,0.0,0.375,cpu_perf_counter,cpu
27,encoder.layer.11.attention.self.value,Linear,0.3705,0.375,150994944.0,590592,0,105,0.3711,counter,"[1, 128, 768]","[1, 128, 768]",1214.89,0.0,0.375,cpu_perf_counter,cpu
27,encoder.layer.11.attention.output.dense,Linear,0.372,0.375,150994944.0,590592,0,106,0.3726,counter,"[1, 128, 768]","[1, 128, 768]",1214.89,0.0,0.375,cpu_perf_counter,cpu
27,encoder.layer.11.attention.output.LayerNorm,LayerNorm,0.0281,0.375,491520.0,1536,0,107,0.0287,analytic,"[1, 128, 768]","[1, 128, 768]",1214.89,0.0,0.375,cpu_perf_counter,cpu
27,encoder.layer.11.intermediate.dense,Linear,1.3897,1.5,603979776.0,2362368,0,108,1.3903,counter,"[1, 128, 768]","[1, 128, 3072]",1214.89,0.0,1.5,cpu_perf_counter,cpu
27,encoder.layer.11.intermediate.intermediate_act_fn,GELUActivation,0.1441,1.5,0.0,0,0,109,0.1447,none,"[1, 128, 3072]","[1, 128, 3072]",1214.89,0.0,1.5,cpu_perf_counter,cpu
27,encoder.layer.11.output.dense,Linear,0.9614,0.375,603979776.0,2360064,0,110,0.962,counter,"[1, 128, 3072]","[1, 128, 768]",1214.89,0.0,0.375,cpu_perf_counter,cpu
27,encoder.layer.11.output.LayerNorm,LayerNorm,0.0472,0.375,491520.0,1536,0,111,0.0478,analytic,"[1, 128, 768]","[1, 128, 768]",1214.89,0.0,0.375,cpu_perf_counter,cpu
27,pooler.dense,Linear,0.129,0.00293,1179648.0,590592,0,112,0.1296,counter,"[1, 768]","[1, 768]",1214.89,0.0,0.003,cpu_perf_counter,cpu
27,pooler.activation,Tanh,0.0183,0.00293,3072.0,0,0,113,0.0189,analytic,"[1, 768]","[1, 768]",1214.89,0.0,0.003,cpu_perf_counter,cpu
28,embeddings.word_embeddings,Embedding,0.0549,0.375,0.0,23440896,0,0,0.0555,none,"[1, 128]","[1, 128, 768]",1214.89,0.0,0.375,cpu_perf_counter,cpu
28,embeddings.token_type_embeddings,Embedding,0.0247,0.375,0.0,1536,0,1,0.0253,none,"[1, 128]","[1, 128, 768]",1214.89,0.0,0.375,cpu_perf_counter,cpu
28,embeddings.position_embeddings,Embedding,0.0237,0.375,0.0,393216,0,2,0.0243,none,"[1, 128]","[1, 128, 768]",1214.89,0.0,0.375,cpu_perf_counter,cpu
28,embeddings.LayerNorm,LayerNorm,0.027,0.375,491520.0,1536,0,3,0.0276,analytic,"[1, 128, 768]","[1, 128, 768]",1214.89,0.0,0.375,cpu_perf_counter,cpu
28,encoder.layer.0.attention.self.query,Linear,0.2691,0.375,150994944.0,590592,0,4,0.2697,counter,"[1, 128, 768]","[1, 128, 768]",1214.89,0.0,0.375,cpu_perf_counter,cpu
28,encoder.layer.0.attention.self.key,Linear,0.256,0.375,150994944.0,590592,0,5,0.2566,counter,"[1, 128, 768]","[1, 128, 768]",1214.89,0.0,0.375,cpu_perf_counter,cpu
28,encoder.layer.0.attention.self.value,Linear,0.2694,0.375,150994944.0,590592,0,6,0.27,counter,"[1, 128, 768]","[1, 128, 768]",1214.89,0.0,0.375,cpu_perf_counter,cpu
28,encoder.layer.0.attention.output.dense,Linear,0.2877,0.375,150994944.0,590592,0,7,0.2883,counter,"[1, 128, 768]","[1, 128, 768]",1214.89,0.0,0.375,cpu_perf_counter,cpu
28,encoder.layer.0.attention.output.LayerNorm,LayerNorm,0.0318,0.375,491520.0,1536,0,8,0.0324,analytic,"[1, 128, 768]","[1, 128, 768]",1214.89,0.0,0.375,cpu_perf_counter,cpu
28,encoder.layer.0.intermediate.dense,Linear,1.4083,1.5,603979776.0,2362368,0,9,1.4089,counter,"[1, 128, 768]","[1, 128, 3072]",1214.89,0.0,1.5,cpu_perf_counter,cpu
28,encoder.layer.0.intermediate.intermediate_act_fn,GELUActivation,0.1403,1.5,0.0,0,0,10,0.1409,none,"[1, 128, 3072]","[1, 128, 3072]",1214.89,0.0,1.5,cpu_perf_counter,cpu
28,encoder.layer.0.output.dense,Linear,1.0616,0.375,603979776.0,2360064,0,11,1.0622,counter,"[1, 128, 3072]","[1, 128, 768]",1214.89,0.0,0.375,cpu_perf_counter,cpu
28,encoder.layer.0.output.LayerNorm,LayerNorm,0.051,0.375,491520.0,1536,0,12,0.0516,analytic,"[1, 128, 768]","[1, 128, 768]",1214.89,0.0,0.375,cpu_perf_counter,cpu
28,encoder.layer.1.attention.self.query,Linear,0.4507,0.375,150994944.0,590592,0,13,0.4513,counter,"[1, 128, 768]","[1, 128, 768]",1214.89,0.0,0.375,cpu_perf_counter,cpu
28,encoder.layer.1.attention.self.key,Linear,0.3823,0.375,150994944.0,590592,0,14,0.3829,counter,"[1, 128, 768]","[1, 128, 768]",1214.89,0.0,0.375,cpu_perf_counter,cpu
28,encoder.layer.1.attention.self.value,Linear,0.386,0.375,150994944.0,590592,0,15,0.3866,counter,"[1, 128, 768]","[1, 128, 768]",1214.89,0.0,0.375,cpu_perf_counter,cpu
28,encoder.layer.1.attention.output.dense,Linear,0.3939,0.375,150994944.0,590592,0,16,0.3945,counter,"[1, 128, 768]","[1, 128, 768]",1214.89,0.0,0.375,cpu_perf_counter,cpu
28,encoder.layer.1.attention.output.LayerNorm,LayerNorm,0.0412,0.375,491520.0,1536,0,17,0.0418,analytic,"[1, 128, 768]","[1, 128, 768]",1214.89,0.0,0.375,cpu_perf_counter,cpu
28,encoder.layer.1.intermediate.dense,Linear,1.8048,1.5,603979776.0,2362368,0,18,1.8054,counter,"[1, 128, 768]","[1, 128, 3072]",1214.89,0.0,1.5,cpu_perf_counter,cpu
28,encoder.layer.1.intermediate.intermediate_act_fn,GELUActivation,0.1853,1.5,0.0,0,0,19,0.1859,none,"[1, 128, 3072]","[1, 128, 3072]",1214.89,0.0,1.5,cpu_perf_counter,cpu
28,encoder.layer.1.output.dense,Linear,1.565,0.375,603979776.0,2360064,0,20,1.5656,counter,"[1, 128, 3072]","[1, 128, 768]",1214.89,0.0,0.375,cpu_perf_counter,cpu
28,encoder.layer.1.output.LayerNorm,LayerNorm,0.0502,0.375,491520.0,1536,0,21,0.0508,analytic,"[1, 128, 768]","[1, 128, 768]",1214.89,0.0,0.375,cpu_perf_counter,cpu
28,encoder.layer.2.attention.self.query,Linear,0.4172,0.375,150994944.0,590592,0,22,0.4178,counter,"[1, 128, 768]","[1, 128, 768]",1214.89,0.0,0.375,cpu_perf_counter,cpu
28,encoder.layer.2.attention.self.key,Linear,0.3911,0.375,150994944.0,590592,0,23,0.3917,counter,"[1, 128, 768]","[1, 128, 768]",1214.89,0.0,0.375,cpu_perf_counter,cpu
28,encoder.layer.2.attention.self.value,Linear,0.3919,0.375,150994944.0,590592,0,24,0.3925,counter,"[1, 128, 768]","[1, 128, 768]",1214.89,0.0,0.375,cpu_perf_counter,cpu
28,encoder.layer.2.attention.output.dense,Linear,0.3955,0.375,150994944.0,590592,0,25,0.3961,counter,"[1, 128, 768]","[1, 128, 768]",1214.89,0.0,0.375,cpu_perf_counter,cpu
28,encoder.layer.2.attention.output.LayerNorm,LayerNorm,0.0382,0.375,491520.0,1536,0,26,0.0388,analytic,"[1, 128, 768]","[1, 128, 768]",1214.89,0.0,0.375,cpu_perf_counter,cpu
28,encoder.layer.2.intermediate.dense,Linear,1.8671,1.5,603979776.0,2362368,0,27,1.8677,counter,"[1, 128, 768]","[1, 128, 3072]",1214.89,0.0,1.5,cpu_perf_counter,cpu
28,encoder.layer.2.intermediate.intermediate_act_fn,GELUActivation,0.1525,1.5,0.0,0,0,28,0.1531,none,"[1, 128, 3072]","[1, 128, 3072]",1214.89,0.0,1.5,cpu_perf_counter,cpu
28,encoder.layer.2.output.dense,Linear,1.5102,0.375,603979776.0,2360064,0,29,1.5108,counter,"[1, 128, 3072]","[1, 128, 768]",1214.89,0.0,0.375,cpu_perf_counter,cpu
28,encoder.layer.2.output.LayerNorm,LayerNorm,0.0493,0.375,491520.0,1536,0,30,0.0499,analytic,"[1, 128, 768]","[1, 128, 768]",1214.89,0.0,0.375,cpu_perf_counter,cpu
28,encoder.layer.3.attention.self.query,Linear,0.4158,0.375,150994944.0,590592,0,31,0.4164,counter,"[1, 128, 768]","[1, 128, 768]",1214.89,0.0,0.375,cpu_perf_counter,cpu
28,encoder.layer.3.attention.self.key,Linear,0.3852,0.375,150994944.0,590592,0,32,0.3858,counter,"[1, 128, 768]","[1, 128, 768]",1214.89,0.0,0.375,cpu_perf_counter,cpu
28,encoder.layer.3.attention.self.value,Linear,0.4005,0.375,150994944.0,590592,0,33,0.4011,counter,"[1, 128, 768]","[1, 128, 768]",1214.89,0.0,0.375,cpu_perf_counter,cpu
28,encoder.layer.3.attention.output.dense,Linear,0.4063,0.375,150994944.0,590592,0,34,0.4069,counter,"[1, 128, 768]","[1, 128, 768]",1214.89,0.0,0.375,cpu_perf_counter,cpu
28,encoder.layer.3.attention.output.LayerNorm,LayerNorm,0.0404,0.375,491520.0,1536,0,35,0.041,analytic,"[1, 128, 768]","[1, 128, 768]",1214.89,0.0,0.375,cpu_perf_counter,cpu
28,encoder.layer.3.intermediate.dense,Linear,2.0248,1.5,603979776.0,2362368,0,36,2.0254,counter,"[1, 128, 768]","[1, 128, 3072]",1214.89,0.0,1.5,cpu_perf_counter,cpu
28,encoder.layer.3.intermediate.intermediate_act_fn,GELUActivation,0.1772,1.5,0.0,0,0,37,0.1778,none,"[1, 128, 3072]","[1, 128, 3072]",1214.89,0.0,1.5,cpu_perf_counter,cpu
28,encoder.layer.3.output.dense,Linear,1.5247,0.375,603979776.0,2360064,0,38,1.5253,counter,"[1, 128, 3072]","[1, 128, 768]",1214.89,0.0,0.375,cpu_perf_counter,cpu
28,encoder.layer.3.output.LayerNorm,LayerNorm,0.0522,0.375,491520.0,1536,0,39,0.0528,analytic,"[1, 128, 768]","[1, 128, 768]",1214.89,0.0,0.375,cpu_perf_counter,cpu
28,encoder.layer.4.attention.self.query,Linear,0.4122,0.375,150994944.0,590592,0,40,0.4128,counter,"[1, 128, 768]","[1, 128, 768]",1214.89,0.0,0.375,cpu_perf_counter,cpu
28,encoder.layer.4.attention.self.key,Linear,0.4188,0.375,150994944.0,590592,0,41,0.4194,counter,"[1, 128, 768]","[1, 128, 768]",1214.89,0.0,0.375,cpu_perf_counter,cpu
28,encoder.layer.4.attention.self.value,Linear,0.4137,0.375,150994944.0,590592,0,42,0.4143,counter,"[1, 128, 768]","[1, 128, 768]",1214.89,0.0,0.375,cpu_perf_counter,cpu
28,encoder.layer.4.attention.output.dense,Linear,0.4368,0.375,150994944.0,590592,0,43,0.4374,counter,"[1, 128, 768]","[1, 128, 768]",1214.89,0.0,0.375,cpu_perf_counter,cpu
28,encoder.layer.4.attention.output.LayerNorm,LayerNorm,0.0473,0.375,491520.0,1536,0,44,0.0479,analytic,"[1, 128, 768]","[1, 128, 768]",1214.89,0.0,0.375,cpu_perf_counter,cpu
28,encoder.layer.4.intermediate.dense,Linear,1.9101,1.5,603979776.0,2362368,0,45,1.9107,counter,"[1, 128, 768]","[1, 128, 3072]",1214.89,0.0,1.5,cpu_perf_counter,cpu
28,encoder.layer.4.intermediate.intermediate_act_fn,GELUActivation,0.1759,1.5,0.0,0,0,46,0.1765,none,"[1, 128, 3072]","[1, 128, 3072]",1214.89,0.0,1.5,cpu_perf_counter,cpu
28,encoder.layer.4.output.dense,Linear,1.5356,0.375,603979776.0,2360064,0,47,1.5362,counter,"[1, 128, 3072]","[1, 128, 768]",1214.89,0.0,0.375,cpu_perf_counter,cpu
28,encoder.layer.4.output.LayerNorm,LayerNorm,0.0576,0.375,491520.0,1536,0,48,0.0582,analytic,"[1, 128, 768]","[1, 128, 768]",1214.89,0.0,0.375,cpu_perf_counter,cpu
28,encoder.layer.5.attention.self.query,Linear,0.4456,0.375,150994944.0,590592,0,49,0.4462,counter,"[1, 128, 768]","[1, 128, 768]",1214.89,0.0,0.375,cpu_perf_counter,cpu
28,encoder.layer.5.attention.self.key,Linear,0.4147,0.375,150994944.0,590592,0,50,0.4153,counter,"[1, 128, 768]","[1, 128, 768]",1214.89,0.0,0.375,cpu_perf_counter,cpu
28,encoder.layer.5.attention.self.value,Linear,0.4175,0.375,150994944.0,590592,0,51,0.4181,counter,"[1, 128, 768]","[1, 128, 768]",1214.89,0.0,0.375,cpu_perf_counter,cpu
28,encoder.layer.5.attention.output.dense,Linear,0.4213,0.375,150994944.0,590592,0,52,0.4219,counter,"[1, 128, 768]","[1, 128, 768]",1214.89,0.0,0.375,cpu_perf_counter,cpu
28,encoder.layer.5.attention.output.LayerNorm,LayerNorm,0.0459,0.375,491520.0,1536,0,53,0.0465,analytic,"[1, 128, 768]","[1, 128, 768]",1214.89,0.0,0.375,cpu_perf_counter,cpu
28,encoder.layer.5.intermediate.dense,Linear,1.9847,1.5,603979776.0,2362368,0,54,1.9853,counter,"[1, 128, 768]","[1, 128, 3072]",1214.89,0.0,1.5,cpu_perf_counter,cpu
28,encoder.layer.5.intermediate.intermediate_act_fn,GELUActivation,0.1843,1.5,0.0,0,0,55,0.1849,none,"[1, 128, 3072]","[1, 128, 3072]",1214.89,0.0,1.5,cpu_perf_counter,cpu
28,encoder.layer.5.output.dense,Linear,1.6285,0.375,603979776.0,2360064,0,56,1.6291,counter,"[1, 128, 3072]","[1, 128, 768]",1214.89,0.0,0.375,cpu_perf_counter,cpu
28,encoder.layer.5.output.LayerNorm,LayerNorm,0.0653,0.375,491520.0,1536,0,57,0.0659,analytic,"[1, 128, 768]","[1, 128, 768]",1214.89,0.0,0.375,cpu_perf_counter,cpu
28,encoder.layer.6.attention.self.query,Linear,0.4674,0.375,150994944.0,590592,0,58,0.468,counter,"[1, 128, 768]","[1, 128, 768]",1214.89,0.0,0.375,cpu_perf_counter,cpu
28,encoder.layer.6.attention.self.key,Linear,0.4276,0.375,150994944.0,590592,0,59,0.4282,counter,"[1, 128, 768]","[1, 128, 768]",1214.89,0.0,0.375,cpu_perf_counter,cpu
28,encoder.layer.6.attention.self.value,Linear,0.4091,0.375,150994944.0,590592,0,60,0.4097,counter,"[1, 128, 768]","[1, 128, 768]",1214.89,0.0,0.375,cpu_perf_counter,cpu
28,encoder.layer.6.attention.output.dense,Linear,0.4067,0.375,150994944.0,590592,0,61,0.4073,counter,"[1, 128, 768]","[1, 128, 768]",1214.89,0.0,0.375,cpu_perf_counter,cpu
28,encoder.layer.6.attention.output.LayerNorm,LayerNorm,0.0387,0.375,491520.0,1536,0,62,0.0393,analytic,"[1, 128, 768]","[1, 128, 768]",1214.89,0.0,0.375,cpu_perf_counter,cpu
28,encoder.layer.6.intermediate.dense,Linear,1.9665,1.5,603979776.0,2362368,0,63,1.9671,counter,"[1, 128, 768]","[1, 128, 3072]",1214.89,0.0,1.5,cpu_perf_counter,cpu
28,encoder.layer.6.intermediate.intermediate_act_fn,GELUActivation,0.178,1.5,0.0,0,0,64,0.1786,none,"[1, 128, 3072]","[1, 128, 3072]",1214.89,0.0,1.5,cpu_perf_counter,cpu
28,encoder.layer.6.output.dense,Linear,1.5956,0.375,603979776.0,2360064,0,65,1.5962,counter,"[1, 128, 3072]","[1, 128, 768]",1214.89,0.0,0.375,cpu_perf_counter,cpu
28,encoder.layer.6.output.LayerNorm,LayerNorm,0.0506,0.375,491520.0,1536,0,66,0.0512,analytic,"[1, 128, 768]","[1, 128, 768]",1214.89,0.0,0.375,cpu_perf_counter,cpu
28,encoder.layer.7.attention.self.query,Linear,0.4051,0.375,150994944.0,590592,0,67,0.4057,counter,"[1, 128, 768]","[1, 128, 768]",1214.89,0.0,0.375,cpu_perf_counter,cpu
28,encoder.layer.7.attention.self.key,Linear,0.3885,0.375,150994944.0,590592,0,68,0.3891,counter,"[1, 128, 768]","[1, 128, 768]",1214.89,0.0,0.375,cpu_perf_counter,cpu
28,encoder.layer.7.attention.self.value,Linear,0.3978,0.375,150994944.0,590592,0,69,0.3984,counter,"[1, 128, 768]","[1, 128, 768]",1214.89,0.0,0.375,cpu_perf_counter,cpu
28,encoder.layer.7.attention.output.dense,Linear,0.3983,0.375,150994944.0,590592,0,70,0.3989,counter,"[1, 128, 768]","[1, 128, 768]",1214.89,0.0,0.375,cpu_perf_counter,cpu
28,encoder.layer.7.attention.output.LayerNorm,LayerNorm,0.0374,0.375,491520.0,1536,0,71,0.038,analytic,"[1, 128, 768]","[1, 128, 768]",1214.89,0.0,0.375,cpu_perf_counter,cpu
28,encoder.layer.7.intermediate.dense,Linear,1.8853,1.5,603979776.0,2362368,0,72,1.8859,counter,"[1, 128, 768]","[1, 128, 3072]",1214.89,0.0,1.5,cpu_perf_counter,cpu
28,encoder.layer.7.intermediate.intermediate_act_fn,GELUActivation,0.1531,1.5,0.0,0,0,73,0.1537,none,"[1, 128, 3072]","[1, 128, 3072]",1214.89,0.0,1.5,cpu_perf_counter,cpu
28,encoder.layer.7.output.dense,Linear,1.5468,0.375,603979776.0,2360064,0,74,1.5474,counter,"[1, 128, 3072]","[1, 128, 768]",1214.89,0.0,0.375,cpu_perf_counter,cpu
28,encoder.layer.7.output.LayerNorm,LayerNorm,0.0482,0.375,491520.0,1536,0,75,0.0488,analytic,"[1, 128, 768]","[1, 128, 768]",1214.89,0.0,0.375,cpu_perf_counter,cpu
28,encoder.layer.8.attention.self.query,Linear,0.4274,0.375,150994944.0,590592,0,76,0.428,counter,"[1, 128, 768]","[1, 128, 768]",1214.89,0.0,0.375,cpu_perf_counter,cpu
28,encoder.layer.8.attention.self.key,Linear,0.4077,0.375,150994944.0,590592,0,77,0.4083,counter,"[1, 128, 768]","[1, 128, 768]",1214.89,0.0,0.375,cpu_perf_counter,cpu
28,encoder.layer.8.attention.self.value,Linear,0.3969,0.375,150994944.0,590592,0,78,0.3975,counter,"[1, 128, 768]","[1, 128, 768]",1214.89,0.0,0.375,cpu_perf_counter,cpu
28,encoder.layer.8.attention.output.dense,Linear,0.406,0.375,150994944.0,590592,0,79,0.4066,counter,"[1, 128, 768]","[1, 128, 768]",1214.89,0.0,0.375,cpu_perf_counter,cpu
28,encoder.layer.8.attention.output.LayerNorm,LayerNorm,0.04,0.375,491520.0,1536,0,80,0.0406,analytic,"[1, 128, 768]","[1, 128, 768]",1214.89,0.0,0.375,cpu_perf_counter,cpu
28,encoder.layer.8.intermediate.dense,Linear,2.0355,1.5,603979776.0,2362368,0,81,2.0361,counter,"[1, 128, 768]","[1, 128, 3072]",1214.89,0.0,1.5,cpu_perf_counter,cpu
28,encoder.layer.8.intermediate.intermediate_act_fn,GELUActivation,0.1649,1.5,0.0,0,0,82,0.1655,none,"[1, 128, 3072]","[1, 128, 3072]",1214.89,0.0,1.5,cpu_perf_counter,cpu
28,encoder.layer.8.output.dense,Linear,1.5913,0.375,603979776.0,2360064,0,83,1.5919,counter,"[1, 128, 3072]","[1, 128, 768]",1214.89,0.0,0.375,cpu_perf_counter,cpu
28,encoder.layer.8.output.LayerNorm,LayerNorm,0.053,0.375,491520.0,1536,0,84,0.0536,analytic,"[1, 128, 768]","[1, 128, 768]",1214.89,0.0,0.375,cpu_perf_counter,cpu
28,encoder.layer.9.attention.self.query,Linear,0.434,0.375,150994944.0,590592,0,85,0.4346,counter,"[1, 128, 768]","[1, 128, 768]",1214.89,0.0,0.375,cpu_perf_counter,cpu
28,encoder.layer.9.attention.self.key,Linear,0.4319,0.375,150994944.0,590592,0,86,0.4325,counter,"[1, 128, 768]","[1, 128, 768]",1214.89,0.0,0.375,cpu_perf_counter,cpu
28,encoder.layer.9.attention.self.value,Linear,0.401,0.375,150994944.0,590592,0,87,0.4016,counter,"[1, 128, 768]","[1, 128, 768]",1214.89,0.0,0.375,cpu_perf_counter,cpu
28,encoder.layer.9.attention.output.dense,Linear,0.4293,0.375,150994944.0,590592,0,88,0.4299,counter,"[1, 128, 768]","[1, 128, 768]",1214.89,0.0,0.375,cpu_perf_counter,cpu
28,encoder.layer.9.attention.output.LayerNorm,LayerNorm,0.0432,0.375,491520.0,1536,0,89,0.0438,analytic,"[1, 128, 768]","[1, 128, 768]",1214.89,0.0,0.375,cpu_perf_counter,cpu
28,encoder.layer.9.intermediate.dense,Linear,2.2329,1.5,603979776.0,2362368,0,90,2.2335,counter,"[1, 128, 768]","[1, 128, 3072]",1214.89,0.0,1.5,cpu_perf_counter,cpu
28,encoder.layer.9.intermediate.intermediate_act_fn,GELUActivation,0.1787,1.5,0.0,0,0,91,0.1793,none,"[1, 128, 3072]","[1, 128, 3072]",1214.89,0.0,1.5,cpu_perf_counter,cpu
28,encoder.layer.9.output.dense,Linear,1.5828,0.375,603979776.0,2360064,0,92,1.5834,counter,"[1, 128, 3072]","[1, 128, 768]",1214.89,0.0,0.375,cpu_perf_counter,cpu
28,encoder.layer.9.output.LayerNorm,LayerNorm,0.048,0.375,491520.0,1536,0,93,0.0486,analytic,"[1, 128, 768]","[1, 128, 768]",1214.89,0.0,0.375,cpu_perf_counter,cpu
28,encoder.layer.10.attention.self.query,Linear,0.4058,0.375,150994944.0,590592,0,94,0.4064,counter,"[1, 128, 768]","[1, 128, 768]",1214.89,0.0,0.375,cpu_perf_counter,cpu
28,encoder.layer.10.attention.self.key,Linear,0.3861,0.375,150994944.0,590592,0,95,0.3867,counter,"[1, 128, 768]","[1, 128, 768]",1214.89,0.0,0.375,cpu_perf_counter,cpu
28,encoder.layer.10.attention.self.value,Linear,0.3962,0.375,150994944.0,590592,0,96,0.3968,counter,"[1, 128, 768]","[1, 128, 768]",1214.89,0.0,0.375,cpu_perf_counter,cpu
28,encoder.layer.10.attention.output.dense,Linear,0.3943,0.375,150994944.0,590592,0,97,0.3949,counter,"[1, 128, 768]","[1, 128, 768]",1214.89,0.0,0.375,cpu_perf_counter,cpu
28,encoder.layer.10.attention.output.LayerNorm,LayerNorm,0.0363,0.375,491520.0,1536,0,98,0.0369,analytic,"[1, 128, 768]","[1, 128, 768]",1214.89,0.0,0.375,cpu_perf_counter,cpu
28,encoder.layer.10.intermediate.dense,Linear,1.9711,1.5,603979776.0,2362368,0,99,1.9717,counter,"[1, 128, 768]","[1, 128, 3072]",1214.89,0.0,1.5,cpu_perf_counter,cpu
28,encoder.layer.10.intermediate.intermediate_act_fn,GELUActivation,0.1652,1.5,0.0,0,0,100,0.1658,none,"[1, 128, 3072]","[1, 128, 3072]",1214.89,0.0,1.5,cpu_perf_counter,cpu
28,encoder.layer.10.output.dense,Linear,1.6228,0.375,603979776.0,2360064,0,101,1.6234,counter,"[1, 128, 3072]","[1, 128, 768]",1214.89,0.0,0.375,cpu_perf_counter,cpu
28,encoder.layer.10.output.LayerNorm,LayerNorm,0.0542,0.375,491520.0,1536,0,102,0.0548,analytic,"[1, 128, 768]","[1, 128, 768]",1214.89,0.0,0.375,cpu_perf_counter,cpu
28,encoder.layer.11.attention.self.query,Linear,0.4576,0.375,150994944.0,590592,0,103,0.4582,counter,"[1, 128, 768]","[1, 128, 768]",1214.89,0.0,0.375,cpu_perf_counter,cpu
28,encoder.layer.11.attention.self.key,Linear,0.4765,0.375,150994944.0,590592,0,104,0.4771,counter,"[1, 128, 768]","[1, 128, 768]",1214.89,0.0,0.375,cpu_perf_counter,cpu
28,encoder.layer.11.attention.self.value,Linear,0.4623,0.375,150994944.0,590592,0,105,0.4629,counter,"[1, 128, 768]","[1, 128, 768]",1214.89,0.0,0.375,cpu_perf_counter,cpu
28,encoder.layer.11.attention.output.dense,Linear,0.418,0.375,150994944.0,590592,0,106,0.4186,counter,"[1, 128, 768]","[1, 128, 768]",1214.89,0.0,0.375,cpu_perf_counter,cpu
28,encoder.layer.11.attention.output.LayerNorm,LayerNorm,0.041,0.375,491520.0,1536,0,107,0.0416,analytic,"[1, 128, 768]","[1, 128, 768]",1214.89,0.0,0.375,cpu_perf_counter,cpu
28,encoder.layer.11.intermediate.dense,Linear,2.008,1.5,603979776.0,2362368,0,108,2.0086,counter,"[1, 128, 768]","[1, 128, 3072]",1214.89,0.0,1.5,cpu_perf_counter,cpu
28,encoder.layer.11.intermediate.intermediate_act_fn,GELUActivation,0.1731,1.5,0.0,0,0,109,0.1737,none,"[1, 128, 3072]","[1, 128, 3072]",1214.89,0.0,1.5,cpu_perf_counter,cpu
28,encoder.layer.11.output.dense,Linear,1.5501,0.375,603979776.0,2360064,0,110,1.5507,counter,"[1, 128, 3072]","[1, 128, 768]",1214.89,0.0,0.375,cpu_perf_counter,cpu
28,encoder.layer.11.output.LayerNorm,LayerNorm,0.0518,0.375,491520.0,1536,0,111,0.0524,analytic,"[1, 128, 768]","[1, 128, 768]",1214.89,0.0,0.375,cpu_perf_counter,cpu
28,pooler.dense,Linear,0.1905,0.00293,1179648.0,590592,0,112,0.1911,counter,"[1, 768]","[1, 768]",1214.89,0.0,0.003,cpu_perf_counter,cpu
28,pooler.activation,Tanh,0.0201,0.00293,3072.0,0,0,113,0.0207,analytic,"[1, 768]","[1, 768]",1214.89,0.0,0.003,cpu_perf_counter,cpu
29,embeddings.word_embeddings,Embedding,0.0612,0.375,0.0,23440896,0,0,0.0618,none,"[1, 128]","[1, 128, 768]",1214.89,0.0,0.375,cpu_perf_counter,cpu
29,embeddings.token_type_embeddings,Embedding,0.0258,0.375,0.0,1536,0,1,0.0264,none,"[1, 128]","[1, 128, 768]",1214.89,0.0,0.375,cpu_perf_counter,cpu
29,embeddings.position_embeddings,Embedding,0.0336,0.375,0.0,393216,0,2,0.0342,none,"[1, 128]","[1, 128, 768]",1214.89,0.0,0.375,cpu_perf_counter,cpu
29,embeddings.LayerNorm,LayerNorm,0.0329,0.375,491520.0,1536,0,3,0.0335,analytic,"[1, 128, 768]","[1, 128, 768]",1214.89,0.0,0.375,cpu_perf_counter,cpu
29,encoder.layer.0.attention.self.query,Linear,0.4137,0.375,150994944.0,590592,0,4,0.4143,counter,"[1, 128, 768]","[1, 128, 768]",1214.89,0.0,0.375,cpu_perf_counter,cpu
29,encoder.layer.0.attention.self.key,Linear,0.3836,0.375,150994944.0,590592,0,5,0.3842,counter,"[1, 128, 768]","[1, 128, 768]",1214.89,0.0,0.375,cpu_perf_counter,cpu
29,encoder.layer.0.attention.self.value,Linear,0.3831,0.375,150994944.0,590592,0,6,0.3837,counter,"[1, 128, 768]","[1, 128, 768]",1214.89,0.0,0.375,cpu_perf_counter,cpu
29,encoder.layer.0.attention.output.dense,Linear,0.3966,0.375,150994944.0,590592,0,7,0.3972,counter,"[1, 128, 768]","[1, 128, 768]",1214.89,0.0,0.375,cpu_perf_counter,cpu
29,encoder.layer.0.attention.output.LayerNorm,LayerNorm,0.0353,0.375,491520.0,1536,0,8,0.0359,analytic,"[1, 128, 768]","[1, 128, 768]",1214.89,0.0,0.375,cpu_perf_counter,cpu
29,encoder.layer.0.intermediate.dense,Linear,1.9038,1.5,603979776.0,2362368,0,9,1.9044,counter,"[1, 128, 768]","[1, 128, 3072]",1214.89,0.0,1.5,cpu_perf_counter,cpu
29,encoder.layer.0.intermediate.intermediate_act_fn,GELUActivation,0.1547,1.5,0.0,0,0,10,0.1553,none,"[1, 128, 3072]","[1, 128, 3072]",1214.89,0.0,1.5,cpu_perf_counter,cpu
29,encoder.layer.0.output.dense,Linear,1.508,0.375,603979776.0,2360064,0,11,1.5086,counter,"[1, 128, 3072]","[1, 128, 768]",1214.89,0.0,0.375,cpu_perf_counter,cpu
29,encoder.layer.0.output.LayerNorm,LayerNorm,0.0483,0.375,491520.0,1536,0,12,0.0489,analytic,"[1, 128, 768]","[1, 128, 768]",1214.89,0.0,0.375,cpu_perf_counter,cpu
29,encoder.layer.1.attention.self.query,Linear,0.4579,0.375,150994944.0,590592,0,13,0.4585,counter,"[1, 128, 768]","[1, 128, 768]",1214.89,0.0,0.375,cpu_perf_counter,cpu
29,encoder.layer.1.attention.self.key,Linear,0.3916,0.375,150994944.0,590592,0,14,0.3922,counter,"[1, 128, 768]","[1, 128, 768]",1214.89,0.0,0.375,cpu_perf_counter,cpu
29,encoder.layer.1.attention.self.value,Linear,0.3901,0.375,150994944.0,590592,0,15,0.3907,counter,"[1, 128, 768]","[1, 128, 768]",1214.89,0.0,0.375,cpu_perf_counter,cpu
29,encoder.layer.1.attention.output.dense,Linear,0.4086,0.375,150994944.0,590592,0,16,0.4092,counter,"[1, 128, 768]","[1, 128, 768]",1214.89,0.0,0.375,cpu_perf_counter,cpu
29,encoder.layer.1.attention.output.LayerNorm,LayerNorm,0.0366,0.375,491520.0,1536,0,17,0.0372,analytic,"[1, 128, 768]","[1, 128, 768]",1214.89,0.0,0.375,cpu_perf_counter,cpu
29,encoder.layer.1.intermediate.dense,Linear,1.9303,1.5,603979776.0,2362368,0,18,1.9309,counter,"[1, 128, 768]","[1, 128, 3072]",1214.89,0.0,1.5,cpu_perf_counter,cpu
29,encoder.layer.1.intermediate.intermediate_act_fn,GELUActivation,0.1532,1.5,0.0,0,0,19,0.1538,none,"[1, 128, 3072]","[1, 128, 3072]",1214.89,0.0,1.5,cpu_perf_counter,cpu
29,encoder.layer.1.output.dense,Linear,1.4812,0.375,603979776.0,2360064,0,20,1.4818,counter,"[1, 128, 3072]","[1, 128, 768]",1214.89,0.0,0.375,cpu_perf_counter,cpu
29,encoder.layer.1.output.LayerNorm,LayerNorm,0.0504,0.375,491520.0,1536,0,21,0.051,analytic,"[1, 128, 768]","[1, 128, 768]",1214.89,0.0,0.375,cpu_perf_counter,cpu
29,encoder.layer.2.attention.self.query,Linear,0.407,0.375,150994944.0,590592,0,22,0.4076,counter,"[1, 128, 768]","[1, 128, 768]",1214.89,0.0,0.375,cpu_perf_counter,cpu
29,encoder.layer.2.attention.self.key,Linear,0.3905,0.375,150994944.0,590592,0,23,0.3911,counter,"[1, 128, 768]","[1, 128, 768]",1214.89,0.0,0.375,cpu_perf_counter,cpu
29,encoder.layer.2.attention.self.value,Linear,0.3831,0.375,150994944.0,590592,0,24,0.3837,counter,"[1, 128, 768]","[1, 128, 768]",1214.89,0.0,0.375,cpu_perf_counter,cpu
29,encoder.layer.2.attention.output.dense,Linear,0.3898,0.375,150994944.0,590592,0,25,0.3904,counter,"[1, 128, 768]","[1, 128, 768]",1214.89,0.0,0.375,cpu_perf_counter,cpu
29,encoder.layer.2.attention.output.LayerNorm,LayerNorm,0.0358,0.375,491520.0,1536,0,26,0.0364,analytic,"[1, 128, 768]","[1, 128, 768]",1214.89,0.0,0.375,cpu_perf_counter,cpu
29,encoder.layer.2.intermediate.dense,Linear,1.8794,1.5,603979776.0,2362368,0,27,1.88,counter,"[1, 128, 768]","[1, 128, 3072]",1214.89,0.0,1.5,cpu_perf_counter,cpu
29,encoder.layer.2.intermediate.intermediate_act_fn,GELUActivation,0.1441,1.5,0.0,0,0,28,0.1447,none,"[1, 128, 3072]","[1, 128, 3072]",1214.89,0.0,1.5,cpu_perf_counter,cpu
29,encoder.layer.2.output.dense,Linear,1.4835,0.375,603979776.0,2360064,0,29,1.4841,counter,"[1, 128, 3072]","[1, 128, 768]",1214.89,0.0,0.375,cpu_perf_counter,cpu
29,encoder.layer.2.output.LayerNorm,LayerNorm,0.045,0.375,491520.0,1536,0,30,0.0456,analytic,"[1, 128, 768]","[1, 128, 768]",1214.89,0.0,0.375,cpu_perf_counter,cpu
29,encoder.layer.3.attention.self.query,Linear,0.3966,0.375,150994944.0,590592,0,31,0.3972,counter,"[1, 128, 768]","[1, 128, 768]",1214.89,0.0,0.375,cpu_perf_counter,cpu
29,encoder.layer.3.attention.self.key,Linear,0.3746,0.375,150994944.0,590592,0,32,0.3752,counter,"[1, 128, 768]","[1, 128, 768]",1214.89,0.0,0.375,cpu_perf_counter,cpu
29,encoder.layer.3.attention.self.value,Linear,0.3889,0.375,150994944.0,590592,0,33,0.3895,counter,"[1, 128, 768]","[1, 128, 768]",1214.89,0.0,0.375,cpu_perf_counter,cpu
29,encoder.layer.3.attention.output.dense,Linear,0.4054,0.375,150994944.0,590592,0,34,0.406,counter,"[1, 128, 768]","[1, 128, 768]",1214.89,0.0,0.375,cpu_perf_counter,cpu
29,encoder.layer.3.attention.output.LayerNorm,LayerNorm,0.0332,0.375,491520.0,1536,0,35,0.0338,analytic,"[1, 128, 768]","[1, 128, 768]",1214.89,0.0,0.375,cpu_perf_counter,cpu
29,encoder.layer.3.intermediate.dense,Linear,1.86,1.5,603979776.0,2362368,0,36,1.8606,counter,"[1, 128, 768]","[1, 128, 3072]",1214.89,0.0,1.5,cpu_perf_counter,cpu
29,encoder.layer.3.intermediate.intermediate_act_fn,GELUActivation,0.1608,1.5,0.0,0,0,37,0.1614,none,"[1, 128, 3072]","[1, 128, 3072]",1214.89,0.0,1.5,cpu_perf_counter,cpu
29,encoder.layer.3.output.dense,Linear,1.5056,0.375,603979776.0,2360064,0,38,1.5062,counter,"[1, 128, 3072]","[1, 128, 768]",1214.89,0.0,0.375,cpu_perf_counter,cpu
29,encoder.layer.3.output.LayerNorm,LayerNorm,0.0514,0.375,491520.0,1536,0,39,0.052,analytic,"[1, 128, 768]","[1, 128, 768]",1214.89,0.0,0.375,cpu_perf_counter,cpu
29,encoder.layer.4.attention.self.query,Linear,0.3818,0.375,150994944.0,590592,0,40,0.3824,counter,"[1, 128, 768]","[1, 128, 768]",1214.89,0.0,0.375,cpu_perf_counter,cpu
29,encoder.layer.4.attention.self.key,Linear,0.4104,0.375,150994944.0,590592,0,41,0.411,counter,"[1, 128, 768]","[1, 128, 768]",1214.89,0.0,0.375,cpu_perf_counter,cpu
29,encoder.layer.4.attention.self.value,Linear,0.3986,0.375,150994944.0,590592,0,42,0.3992,counter,"[1, 128, 768]","[1, 128, 768]",1214.89,0.0,0.375,cpu_perf_counter,cpu
29,encoder.layer.4.attention.output.dense,Linear,0.3781,0.375,150994944.0,590592,0,43,0.3787,counter,"[1, 128, 768]","[1, 128, 768]",1214.89,0.0,0.375,cpu_perf_counter,cpu
29,encoder.layer.4.attention.output.LayerNorm,LayerNorm,0.0359,0.375,491520.0,1536,0,44,0.0365,analytic,"[1, 128, 768]","[1, 128, 768]",1214.89,0.0,0.375,cpu_perf_counter,cpu
29,encoder.layer.4.intermediate.dense,Linear,1.7572,1.5,603979776.0,2362368,0,45,1.7578,counter,"[1, 128, 768]","[1, 128, 3072]",1214.89,0.0,1.5,cpu_perf_counter,cpu
29,encoder.layer.4.intermediate.intermediate_act_fn,GELUActivation,0.1605,1.5,0.0,0,0,46,0.1611,none,"[1, 128, 3072]","[1, 128, 3072]",1214.89,0.0,1.5,cpu_perf_counter,cpu
29,encoder.layer.4.output.dense,Linear,1.556,0.375,603979776.0,2360064,0,47,1.5566,counter,"[1, 128, 3072]","[1, 128, 768]",1214.89,0.0,0.375,cpu_perf_counter,cpu
29,encoder.layer.4.output.LayerNorm,LayerNorm,0.0494,0.375,491520.0,1536,0,48,0.05,analytic,"[1, 128, 768]","[1, 128, 768]",1214.89,0.0,0.375,cpu_perf_counter,cpu
29,encoder.layer.5.attention.self.query,Linear,0.4119,0.375,150994944.0,590592,0,49,0.4125,counter,"[1, 128, 768]","[1, 128, 768]",1214.89,0.0,0.375,cpu_perf_counter,cpu
29,encoder.layer.5.attention.self.key,Linear,0.3891,0.375,150994944.0,590592,0,50,0.3897,counter,"[1, 128, 768]","[1, 128, 768]",1214.89,0.0,0.375,cpu_perf_counter,cpu
29,encoder.layer.5.attention.self.value,Linear,0.3885,0.375,150994944.0,590592,0,51,0.3891,counter,"[1, 128, 768]","[1, 128, 768]",1214.89,0.0,0.375,cpu_perf_counter,cpu
29,encoder.layer.5.attention.output.dense,Linear,0.4145,0.375,150994944.0,590592,0,52,0.4151,counter,"[1, 128, 768]","[1, 128, 768]",1214.89,0.0,0.375,cpu_perf_counter,cpu
29,encoder.layer.5.attention.output.LayerNorm,LayerNorm,0.0392,0.375,491520.0,1536,0,53,0.0398,analytic,"[1, 128, 768]","[1, 128, 768]",1214.89,0.0,0.375,cpu_perf_counter,cpu
29,encoder.layer.5.intermediate.dense,Linear,1.7991,1.5,603979776.0,2362368,0,54,1.7997,counter,"[1, 128, 768]","[1, 128, 3072]",1214.89,0.0,1.5,cpu_perf_counter,cpu
29,encoder.layer.5.intermediate.intermediate_act_fn,GELUActivation,0.1508,1.5,0.0,0,0,55,0.1514,none,"[1, 128, 3072]","[1, 128, 3072]",1214.89,0.0,1.5,cpu_perf_counter,cpu
29,encoder.layer.5.output.dense,Linear,1.5218,0.375,603979776.0,2360064,0,56,1.5224,counter,"[1, 128, 3072]","[1, 128, 768]",1214.89,0.0,0.375,cpu_perf_counter,cpu
29,encoder.layer.5.output.LayerNorm,LayerNorm,0.0488,0.375,491520.0,1536,0,57,0.0494,analytic,"[1, 128, 768]","[1, 128, 768]",1214.89,0.0,0.375,cpu_perf_counter,cpu
29,encoder.layer.6.attention.self.query,Linear,0.3825,0.375,150994944.0,590592,0,58,0.3831,counter,"[1, 128, 768]","[1, 128, 768]",1214.89,0.0,0.375,cpu_perf_counter,cpu
29,encoder.layer.6.attention.self.key,Linear,0.3744,0.375,150994944.0,590592,0,59,0.375,counter,"[1, 128, 768]","[1, 128, 768]",1214.89,0.0,0.375,cpu_perf_counter,cpu
29,encoder.layer.6.attention.self.value,Linear,0.3912,0.375,150994944.0,590592,0,60,0.3918,counter,"[1, 128, 768]","[1, 128, 768]",1214.89,0.0,0.375,cpu_perf_counter,cpu
29,encoder.layer.6.attention.output.dense,Linear,0.3794,0.375,150994944.0,590592,0,61,0.38,counter,"[1, 128, 768]","[1, 128, 768]",1214.89,0.0,0.375,cpu_perf_counter,cpu
29,encoder.layer.6.attention.output.LayerNorm,LayerNorm,0.0321,0.375,491520.0,1536,0,62,0.0327,analytic,"[1, 128, 768]","[1, 128, 768]",1214.89,0.0,0.375,cpu_perf_counter,cpu
29,encoder.layer.6.intermediate.dense,Linear,1.7419,1.5,603979776.0,2362368,0,63,1.7425,counter,"[1, 128, 768]","[1, 128, 3072]",1214.89,0.0,1.5,cpu_perf_counter,cpu
29,encoder.layer.6.intermediate.intermediate_act_fn,GELUActivation,0.1498,1.5,0.0,0,0,64,0.1504,none,"[1, 128, 3072]","[1, 128, 3072]",1214.89,0.0,1.5,cpu_perf_counter,cpu
29,encoder.layer.6.output.dense,Linear,1.4617,0.375,603979776.0,2360064,0,65,1.4623,counter,"[1, 128, 3072]","[1, 128, 768]",1214.89,0.0,0.375,cpu_perf_counter,cpu
29,encoder.layer.6.output.LayerNorm,LayerNorm,0.0503,0.375,491520.0,1536,0,66,0.0509,analytic,"[1, 128, 768]","[1, 128, 768]",1214.89,0.0,0.375,cpu_perf_counter,cpu
29,encoder.layer.7.attention.self.query,Linear,0.4007,0.375,150994944.0,590592,0,67,0.4013,counter,"[1, 128, 768]","[1, 128, 768]",1214.89,0.0,0.375,cpu_perf_counter,cpu
29,encoder.layer.7.attention.self.key,Linear,0.3809,0.375,150994944.0,590592,0,68,0.3815,counter,"[1, 128, 768]","[1, 128, 768]",1214.89,0.0,0.375,cpu_perf_counter,cpu
29,encoder.layer.7.attention.self.value,Linear,0.3906,0.375,150994944.0,590592,0,69,0.3912,counter,"[1, 128, 768]","[1, 128, 768]",1214.89,0.0,0.375,cpu_perf_counter,cpu
29,encoder.layer.7.attention.output.dense,Linear,0.4057,0.375,150994944.0,590592,0,70,0.4063,counter,"[1, 128, 768]","[1, 128, 768]",1214.89,0.0,0.375,cpu_perf_counter,cpu
29,encoder.layer.7.attention.output.LayerNorm,LayerNorm,0.0342,0.375,491520.0,1536,0,71,0.0348,analytic,"[1, 128, 768]","[1, 128, 768]",1214.89,0.0,0.375,cpu_perf_counter,cpu
29,encoder.layer.7.intermediate.dense,Linear,1.8698,1.5,603979776.0,2362368,0,72,1.8704,counter,"[1, 128, 768]","[1, 128, 3072]",1214.89,0.0,1.5,cpu_perf_counter,cpu
29,encoder.layer.7.intermediate.intermediate_act_fn,GELUActivation,0.1544,1.5,0.0,0,0,73,0.155,none,"[1, 128, 3072]","[1, 128, 3072]",1214.89,0.0,1.5,cpu_perf_counter,cpu
29,encoder.layer.7.output.dense,Linear,1.526,0.375,603979776.0,2360064,0,74,1.5266,counter,"[1, 128, 3072]","[1, 128, 768]",1214.89,0.0,0.375,cpu_perf_counter,cpu
29,encoder.layer.7.output.LayerNorm,LayerNorm,0.0462,0.375,491520.0,1536,0,75,0.0468,analytic,"[1, 128, 768]","[1, 128, 768]",1214.89,0.0,0.375,cpu_perf_counter,cpu
29,encoder.layer.8.attention.self.query,Linear,0.3796,0.375,150994944.0,590592,0,76,0.3802,counter,"[1, 128, 768]","[1, 128, 768]",1214.89,0.0,0.375,cpu_perf_counter,cpu
29,encoder.layer.8.attention.self.key,Linear,0.369,0.375,150994944.0,590592,0,77,0.3696,counter,"[1, 128, 768]","[1, 128, 768]",1214.89,0.0,0.375,cpu_perf_counter,cpu
29,encoder.layer.8.attention.self.value,Linear,0.3613,0.375,150994944.0,590592,0,78,0.3619,counter,"[1, 128, 768]","[1, 128, 768]",1214.89,0.0,0.375,cpu_perf_counter,cpu
29,encoder.layer.8.attention.output.dense,Linear,0.3742,0.375,150994944.0,590592,0,79,0.3748,counter,"[1, 128, 768]","[1, 128, 768]",1214.89,0.0,0.375,cpu_perf_counter,cpu
29,encoder.layer.8.attention.output.LayerNorm,LayerNorm,0.0269,0.375,491520.0,1536,0,80,0.0275,analytic,"[1, 128, 768]","[1, 128, 768]",1214.89,0.0,0.375,cpu_perf_counter,cpu
29,encoder.layer.8.intermediate.dense,Linear,1.7295,1.5,603979776.0,2362368,0,81,1.7301,counter,"[1, 128, 768]","[1, 128, 3072]",1214.89,0.0,1.5,cpu_perf_counter,cpu
29,encoder.layer.8.intermediate.intermediate_act_fn,GELUActivation,0.1347,1.5,0.0,0,0,82,0.1353,none,"[1, 128, 3072]","[1, 128, 3072]",1214.89,0.0,1.5,cpu_perf_counter,cpu
29,encoder.layer.8.output.dense,Linear,1.442,0.375,603979776.0,2360064,0,83,1.4426,counter,"[1, 128, 3072]","[1, 128, 768]",1214.89,0.0,0.375,cpu_perf_counter,cpu
29,encoder.layer.8.output.LayerNorm,LayerNorm,0.0405,0.375,491520.0,1536,0,84,0.0411,analytic,"[1, 128, 768]","[1, 128, 768]",1214.89,0.0,0.375,cpu_perf_counter,cpu
29,encoder.layer.9.attention.self.query,Linear,0.3843,0.375,150994944.0,590592,0,85,0.3849,counter,"[1, 128, 768]","[1, 128, 768]",1214.89,0.0,0.375,cpu_perf_counter,cpu
29,encoder.layer.9.attention.self.key,Linear,0.3749,0.375,150994944.0,590592,0,86,0.3755,counter,"[1, 128, 768]","[1, 128, 768]",1214.89,0.0,0.375,cpu_perf_counter,cpu
29,encoder.layer.9.attention.self.value,Linear,0.3684,0.375,150994944.0,590592,0,87,0.369,counter,"[1, 128, 768]","[1, 128, 768]",1214.89,0.0,0.375,cpu_perf_counter,cpu
29,encoder.layer.9.attention.output.dense,Linear,0.3723,0.375,150994944.0,590592,0,88,0.3729,counter,"[1, 128, 768]","[1, 128, 768]",1214.89,0.0,0.375,cpu_perf_counter,cpu
29,encoder.layer.9.attention.output.LayerNorm,LayerNorm,0.0266,0.375,491520.0,1536,0,89,0.0272,analytic,"[1, 128, 768]","[1, 128, 768]",1214.89,0.0,0.375,cpu_perf_counter,cpu
29,encoder.layer.9.intermediate.dense,Linear,1.8282,1.5,603979776.0,2362368,0,90,1.8288,counter,"[1, 128, 768]","[1, 128, 3072]",1214.89,0.0,1.5,cpu_perf_counter,cpu
29,encoder.layer.9.intermediate.intermediate_act_fn,GELUActivation,0.1661,1.5,0.0,0,0,91,0.1667,none,"[1, 128, 3072]","[1, 128, 3072]",1214.89,0.0,1.5,cpu_perf_counter,cpu
29,encoder.layer.9.output.dense,Linear,1.5754,0.375,603979776.0,2360064,0,92,1.576,counter,"[1, 128, 3072]","[1, 128, 768]",1214.89,0.0,0.375,cpu_perf_counter,cpu
29,encoder.layer.9.output.LayerNorm,LayerNorm,0.0451,0.375,491520.0,1536,0,93,0.0457,analytic,"[1, 128, 768]","[1, 128, 768]",1214.89,0.0,0.375,cpu_perf_counter,cpu
29,encoder.layer.10.attention.self.query,Linear,0.3952,0.375,150994944.0,590592,0,94,0.3958,counter,"[1, 128, 768]","[1, 128, 768]",1214.89,0.0,0.375,cpu_perf_counter,cpu
29,encoder.layer.10.attention.self.key,Linear,0.3856,0.375,150994944.0,590592,0,95,0.3862,counter,"[1, 128, 768]","[1, 128, 768]",1214.89,0.0,0.375,cpu_perf_counter,cpu
29,encoder.layer.10.attention.self.value,Linear,0.3868,0.375,150994944.0,590592,0,96,0.3874,counter,"[1, 128, 768]","[1, 128, 768]",1214.89,0.0,0.375,cpu_perf_counter,cpu
29,encoder.layer.10.attention.output.dense,Linear,0.395,0.375,150994944.0,590592,0,97,0.3956,counter,"[1, 128, 768]","[1, 128, 768]",1214.89,0.0,0.375,cpu_perf_counter,cpu
29,encoder.layer.10.attention.output.LayerNorm,LayerNorm,0.0307,0.375,491520.0,1536,0,98,0.0313,analytic,"[1, 128, 768]","[1, 128, 768]",1214.89,0.0,0.375,cpu_perf_counter,cpu
29,encoder.layer.10.intermediate.dense,Linear,1.8325,1.5,603979776.0,2362368,0,99,1.8331,counter,"[1, 128, 768]","[1, 128, 3072]",1214.89,0.0,1.5,cpu_perf_counter,cpu
29,encoder.layer.10.intermediate.intermediate_act_fn,GELUActivation,0.1278,1.5,0.0,0,0,100,0.1284,none,"[1, 128, 3072]","[1, 128, 3072]",1214.89,0.0,1.5,cpu_perf_counter,cpu
29,encoder.layer.10.output.dense,Linear,1.6273,0.375,603979776.0,2360064,0,101,1.6279,counter,"[1, 128, 3072]","[1, 128, 768]",1214.89,0.0,0.375,cpu_perf_counter,cpu
29,encoder.layer.10.output.LayerNorm,LayerNorm,0.0393,0.375,491520.0,1536,0,102,0.0399,analytic,"[1, 128, 768]","[1, 128, 768]",1214.89,0.0,0.375,cpu_perf_counter,cpu
29,encoder.layer.11.attention.self.query,Linear,0.3955,0.375,150994944.0,590592,0,103,0.3961,counter,"[1, 128, 768]","[1, 128, 768]",1214.89,0.0,0.375,cpu_perf_counter,cpu
29,encoder.layer.11.attention.self.key,Linear,0.3769,0.375,150994944.0,590592,0,104,0.3775,counter,"[1, 128, 768]","[1, 128, 768]",1214.89,0.0,0.375,cpu_perf_counter,cpu
29,encoder.layer.11.attention.self.value,Linear,0.3781,0.375,150994944.0,590592,0,105,0.3787,counter,"[1, 128, 768]","[1, 128, 768]",1214.89,0.0,0.375,cpu_perf_counter,cpu
29,encoder.layer.11.attention.output.dense,Linear,0.389,0.375,150994944.0,590592,0,106,0.3896,counter,"[1, 128, 768]","[1, 128, 768]",1214.89,0.0,0.375,cpu_perf_counter,cpu
29,encoder.layer.11.attention.output.LayerNorm,LayerNorm,0.0345,0.375,491520.0,1536,0,107,0.0351,analytic,"[1, 128, 768]","[1, 128, 768]",1214.89,0.0,0.375,cpu_perf_counter,cpu
29,encoder.layer.11.intermediate.dense,Linear,1.7702,1.5,603979776.0,2362368,0,108,1.7708,counter,"[1, 128, 768]","[1, 128, 3072]",1214.89,0.0,1.5,cpu_perf_counter,cpu
29,encoder.layer.11.intermediate.intermediate_act_fn,GELUActivation,0.1328,1.5,0.0,0,0,109,0.1334,none,"[1, 128, 3072]","[1, 128, 3072]",1214.89,0.0,1.5,cpu_perf_counter,cpu
29,encoder.layer.11.output.dense,Linear,1.5645,0.375,603979776.0,2360064,0,110,1.5651,counter,"[1, 128, 3072]","[1, 128, 768]",1214.89,0.0,0.375,cpu_perf_counter,cpu
29,encoder.layer.11.output.LayerNorm,LayerNorm,0.042,0.375,491520.0,1536,0,111,0.0426,analytic,"[1, 128, 768]","[1, 128, 768]",1214.89,0.0,0.375,cpu_perf_counter,cpu
29,pooler.dense,Linear,0.123,0.00293,1179648.0,590592,0,112,0.1236,counter,"[1, 768]","[1, 768]",1214.89,0.0,0.003,cpu_perf_counter,cpu
29,pooler.activation,Tanh,0.0159,0.00293,3072.0,0,0,113,0.0165,analytic,"[1, 768]","[1, 768]",1214.89,0.0,0.003,cpu_perf_counter,cpu
30,embeddings.word_embeddings,Embedding,0.0519,0.375,0.0,23440896,0,0,0.0525,none,"[1, 128]","[1, 128, 768]",1214.89,0.0,0.375,cpu_perf_counter,cpu
30,embeddings.token_type_embeddings,Embedding,0.0205,0.375,0.0,1536,0,1,0.0211,none,"[1, 128]","[1, 128, 768]",1214.89,0.0,0.375,cpu_perf_counter,cpu
30,embeddings.position_embeddings,Embedding,0.0199,0.375,0.0,393216,0,2,0.0205,none,"[1, 128]","[1, 128, 768]",1214.89,0.0,0.375,cpu_perf_counter,cpu
30,embeddings.LayerNorm,LayerNorm,0.0236,0.375,491520.0,1536,0,3,0.0242,analytic,"[1, 128, 768]","[1, 128, 768]",1214.89,0.0,0.375,cpu_perf_counter,cpu
30,encoder.layer.0.attention.self.query,Linear,0.3929,0.375,150994944.0,590592,0,4,0.3935,counter,"[1, 128, 768]","[1, 128, 768]",1214.89,0.0,0.375,cpu_perf_counter,cpu
30,encoder.layer.0.attention.self.key,Linear,0.3755,0.375,150994944.0,590592,0,5,0.3761,counter,"[1, 128, 768]","[1, 128, 768]",1214.89,0.0,0.375,cpu_perf_counter,cpu
30,encoder.layer.0.attention.self.value,Linear,0.3862,0.375,150994944.0,590592,0,6,0.3868,counter,"[1, 128, 768]","[1, 128, 768]",1214.89,0.0,0.375,cpu_perf_counter,cpu
30,encoder.layer.0.attention.output.dense,Linear,0.3876,0.375,150994944.0,590592,0,7,0.3882,counter,"[1, 128, 768]","[1, 128, 768]",1214.89,0.0,0.375,cpu_perf_counter,cpu
30,encoder.layer.0.attention.output.LayerNorm,LayerNorm,0.0272,0.375,491520.0,1536,0,8,0.0278,analytic,"[1, 128, 768]","[1, 128, 768]",1214.89,0.0,0.375,cpu_perf_counter,cpu
30,encoder.layer.0.intermediate.dense,Linear,1.8886,1.5,603979776.0,2362368,0,9,1.8892,counter,"[1, 128, 768]","[1, 128, 3072]",1214.89,0.0,1.5,cpu_perf_counter,cpu
30,encoder.layer.0.intermediate.intermediate_act_fn,GELUActivation,0.1536,1.5,0.0,0,0,10,0.1542,none,"[1, 128, 3072]","[1, 128, 3072]",1214.89,0.0,1.5,cpu_perf_counter,cpu
30,encoder.layer.0.output.dense,Linear,1.519,0.375,603979776.0,2360064,0,11,1.5196,counter,"[1, 128, 3072]","[1, 128, 768]",1214.89,0.0,0.375,cpu_perf_counter,cpu
30,encoder.layer.0.output.LayerNorm,LayerNorm,0.0454,0.375,491520.0,1536,0,12,0.046,analytic,"[1, 128, 768]","[1, 128, 768]",1214.89,0.0,0.375,cpu_perf_counter,cpu
30,encoder.layer.1.attention.self.query,Linear,0.426,0.375,150994944.0,590592,0,13,0.4266,counter,"[1, 128, 768]","[1, 128, 768]",1214.89,0.0,0.375,cpu_perf_counter,cpu
30,encoder.layer.1.attention.self.key,Linear,0.3781,0.375,150994944.0,590592,0,14,0.3787,counter,"[1, 128, 768]","[1, 128, 768]",1214.89,0.0,0.375,cpu_perf_counter,cpu
30,encoder.layer.1.attention.self.value,Linear,0.3904,0.375,150994944.0,590592,0,15,0.391,counter,"[1, 128, 768]","[1, 128, 768]",1214.89,0.0,0.375,cpu_perf_counter,cpu
30,encoder.layer.1.attention.output.dense,Linear,0.388,0.375,150994944.0,590592,0,16,0.3886,counter,"[1, 128, 768]","[1, 128, 768]",1214.89,0.0,0.375,cpu_perf_counter,cpu
30,encoder.layer.1.attention.output.LayerNorm,LayerNorm,0.0274,0.375,491520.0,1536,0,17,0.028,analytic,"[1, 128, 768]","[1, 128, 768]",1214.89,0.0,0.375,cpu_perf_counter,cpu
30,encoder.layer.1.intermediate.dense,Linear,1.9788,1.5,603979776.0,2362368,0,18,1.9794,counter,"[1, 128, 768]","[1, 128, 3072]",1214.89,0.0,1.5,cpu_perf_counter,cpu
30,encoder.layer.1.intermediate.intermediate_act_fn,GELUActivation,0.1708,1.5,0.0,0,0,19,0.1714,none,"[1, 128, 3072]","[1, 128, 3072]",1214.89,0.0,1.5,cpu_perf_counter,cpu
30,encoder.layer.1.output.dense,Linear,1.5776,0.375,603979776.0,2360064,0,20,1.5782,counter,"[1, 128, 3072]","[1, 128, 768]",1214.89,0.0,0.375,cpu_perf_counter,cpu
30,encoder.layer.1.output.LayerNorm,LayerNorm,0.0447,0.375,491520.0,1536,0,21,0.0453,analytic,"[1, 128, 768]","[1, 128, 768]",1214.89,0.0,0.375,cpu_perf_counter,cpu
30,encoder.layer.2.attention.self.query,Linear,0.4352,0.375,150994944.0,590592,0,22,0.4358,counter,"[1, 128, 768]","[1, 128, 768]",1214.89,0.0,0.375,cpu_perf_counter,cpu
30,encoder.layer.2.attention.self.key,Linear,0.4171,0.375,150994944.0,590592,0,23,0.4177,counter,"[1, 128, 768]","[1, 128, 768]",1214.89,0.0,0.375,cpu_perf_counter,cpu
30,encoder.layer.2.attention.self.value,Linear,0.3752,0.375,150994944.0,590592,0,24,0.3758,counter,"[1, 128, 768]","[1, 128, 768]",1214.89,0.0,0.375,cpu_perf_counter,cpu
30,encoder.layer.2.attention.output.dense,Linear,0.3795,0.375,150994944.0,590592,0,25,0.3801,counter,"[1, 128, 768]","[1, 128, 768]",1214.89,0.0,0.375,cpu_perf_counter,cpu
30,encoder.layer.2.attention.output.LayerNorm,LayerNorm,0.0294,0.375,491520.0,1536,0,26,0.03,analytic,"[1, 128, 768]","[1, 128, 768]",1214.89,0.0,0.375,cpu_perf_counter,cpu
30,encoder.layer.2.intermediate.dense,Linear,1.7514,1.5,603979776.0,2362368,0,27,1.752,counter,"[1, 128, 768]","[1, 128, 3072]",1214.89,0.0,1.5,cpu_perf_counter,cpu
30,encoder.layer.2.intermediate.intermediate_act_fn,GELUActivation,0.1295,1.5,0.0,0,0,28,0.1301,none,"[1, 128, 3072]","[1, 128, 3072]",1214.89,0.0,1.5,cpu_perf_counter,cpu
30,encoder.layer.2.output.dense,Linear,1.4988,0.375,603979776.0,2360064,0,29,1.4994,counter,"[1, 128, 3072]","[1, 128, 768]",1214.89,0.0,0.375,cpu_perf_counter,cpu
30,encoder.layer.2.output.LayerNorm,LayerNorm,0.0434,0.375,491520.0,1536,0,30,0.044,analytic,"[1, 128, 768]","[1, 128, 768]",1214.89,0.0,0.375,cpu_perf_counter,cpu
30,encoder.layer.3.attention.self.query,Linear,0.3952,0.375,150994944.0,590592,0,31,0.3958,counter,"[1, 128, 768]","[1, 128, 768]",1214.89,0.0,0.375,cpu_perf_counter,cpu
30,encoder.layer.3.attention.self.key,Linear,0.4296,0.375,150994944.0,590592,0,32,0.4302,counter,"[1, 128, 768]","[1, 128, 768]",1214.89,0.0,0.375,cpu_perf_counter,cpu
30,encoder.layer.3.attention.self.value,Linear,0.3752,0.375,150994944.0,590592,0,33,0.3758,counter,"[1, 128, 768]","[1, 128, 768]",1214.89,0.0,0.375,cpu_perf_counter,cpu
30,encoder.layer.3.attention.output.dense,Linear,0.3879,0.375,150994944.0,590592,0,34,0.3885,counter,"[1, 128, 768]","[1, 128, 768]",1214.89,0.0,0.375,cpu_perf_counter,cpu
30,encoder.layer.3.attention.output.LayerNorm,LayerNorm,0.033,0.375,491520.0,1536,0,35,0.0336,analytic,"[1, 128, 768]","[1, 128, 768]",1214.89,0.0,0.375,cpu_perf_counter,cpu
30,encoder.layer.3.intermediate.dense,Linear,1.8112,1.5,603979776.0,2362368,0,36,1.8118,counter,"[1, 128, 768]","[1, 128, 3072]",1214.89,0.0,1.5,cpu_perf_counter,cpu
30,encoder.layer.3.intermediate.intermediate_act_fn,GELUActivation,0.1472,1.5,0.0,0,0,37,0.1478,none,"[1, 128, 3072]","[1, 128, 3072]",1214.89,0.0,1.5,cpu_perf_counter,cpu
30,encoder.layer.3.output.dense,Linear,1.4831,0.375,603979776.0,2360064,0,38,1.4837,counter,"[1, 128, 3072]","[1, 128, 768]",1214.89,0.0,0.375,cpu_perf_counter,cpu
30,encoder.layer.3.output.LayerNorm,LayerNorm,0.0559,0.375,491520.0,1536,0,39,0.0565,analytic,"[1, 128, 768]","[1, 128, 768]",1214.89,0.0,0.375,cpu_perf_counter,cpu
30,encoder.layer.4.attention.self.query,Linear,0.4247,0.375,150994944.0,590592,0,40,0.4253,counter,"[1, 128, 768]","[1, 128, 768]",1214.89,0.0,0.375,cpu_perf_counter,cpu
30,encoder.layer.4.attention.self.key,Linear,0.4478,0.375,150994944.0,590592,0,41,0.4484,counter,"[1, 128, 768]","[1, 128, 768]",1214.89,0.0,0.375,cpu_perf_counter,cpu
30,encoder.layer.4.attention.self.value,Linear,0.4198,0.375,150994944.0,590592,0,42,0.4204,counter,"[1, 128, 768]","[1, 128, 768]",1214.89,0.0,0.375,cpu_perf_counter,cpu
30,encoder.layer.4.attention.output.dense,Linear,0.3951,0.375,150994944.0,590592,0,43,0.3957,counter,"[1, 128, 768]","[1, 128, 768]",1214.89,0.0,0.375,cpu_perf_counter,cpu
30,encoder.layer.4.attention.output.LayerNorm,LayerNorm,0.0347,0.375,491520.0,1536,0,44,0.0353,analytic,"[1, 128, 768]","[1, 128, 768]",1214.89,0.0,0.375,cpu_perf_counter,cpu
30,encoder.layer.4.intermediate.dense,Linear,1.8284,1.5,603979776.0,2362368,0,45,1.829,counter,"[1, 128, 768]","[1, 128, 3072]",1214.89,0.0,1.5,cpu_perf_counter,cpu
30,encoder.layer.4.intermediate.intermediate_act_fn,GELUActivation,0.1586,1.5,0.0,0,0,46,0.1592,none,"[1, 128, 3072]","[1, 128, 3072]",1214.89,0.0,1.5,cpu_perf_counter,cpu
30,encoder.layer.4.output.dense,Linear,1.5378,0.375,603979776.0,2360064,0,47,1.5384,counter,"[1, 128, 3072]","[1, 128, 768]",1214.89,0.0,0.375,cpu_perf_counter,cpu
30,encoder.layer.4.output.LayerNorm,LayerNorm,0.0475,0.375,491520.0,1536,0,48,0.0481,analytic,"[1, 128, 768]","[1, 128, 768]",1214.89,0.0,0.375,cpu_perf_counter,cpu
30,encoder.layer.5.attention.self.query,Linear,0.4045,0.375,150994944.0,590592,0,49,0.4051,counter,"[1, 128, 768]","[1, 128, 768]",1214.89,0.0,0.375,cpu_perf_counter,cpu
30,encoder.layer.5.attention.self.key,Linear,0.3845,0.375,150994944.0,590592,0,50,0.3851,counter,"[1, 128, 768]","[1, 128, 768]",1214.89,0.0,0.375,cpu_perf_counter,cpu
30,encoder.layer.5.attention.self.value,Linear,0.3823,0.375,150994944.0,590592,0,51,0.3829,counter,"[1, 128, 768]","[1, 128, 768]",1214.89,0.0,0.375,cpu_perf_counter,cpu
30,encoder.layer.5.attention.output.dense,Linear,0.3931,0.375,150994944.0,590592,0,52,0.3937,counter,"[1, 128, 768]","[1, 128, 768]",1214.89,0.0,0.375,cpu_perf_counter,cpu
30,encoder.layer.5.attention.output.LayerNorm,LayerNorm,0.0322,0.375,491520.0,1536,0,53,0.0328,analytic,"[1, 128, 768]","[1, 128, 768]",1214.89,0.0,0.375,cpu_perf_counter,cpu
30,encoder.layer.5.intermediate.dense,Linear,1.8343,1.5,603979776.0,2362368,0,54,1.8349,counter,"[1, 128, 768]","[1, 128, 3072]",1214.89,0.0,1.5,cpu_perf_counter,cpu
30,encoder.layer.5.intermediate.intermediate_act_fn,GELUActivation,0.1576,1.5,0.0,0,0,55,0.1582,none,"[1, 128, 3072]","[1, 128, 3072]",1214.89,0.0,1.5,cpu_perf_counter,cpu
30,encoder.layer.5.output.dense,Linear,1.5073,0.375,603979776.0,2360064,0,56,1.5079,counter,"[1, 128, 3072]","[1, 128, 768]",1214.89,0.0,0.375,cpu_perf_counter,cpu
30,encoder.layer.5.output.LayerNorm,LayerNorm,0.0454,0.375,491520.0,1536,0,57,0.046,analytic,"[1, 128, 768]","[1, 128, 768]",1214.89,0.0,0.375,cpu_perf_counter,cpu
30,encoder.layer.6.attention.self.query,Linear,0.3969,0.375,150994944.0,590592,0,58,0.3975,counter,"[1, 128, 768]","[1, 128, 768]",1214.89,0.0,0.375,cpu_perf_counter,cpu
30,encoder.layer.6.attention.self.key,Linear,0.3827,0.375,150994944.0,590592,0,59,0.3833,counter,"[1, 128, 768]","[1, 128, 768]",1214.89,0.0,0.375,cpu_perf_counter,cpu
30,encoder.layer.6.attention.self.value,Linear,0.3784,0.375,150994944.0,590592,0,60,0.379,counter,"[1, 128, 768]","[1, 128, 768]",1214.89,0.0,0.375,cpu_perf_counter,cpu
30,encoder.layer.6.attention.output.dense,Linear,0.3805,0.375,150994944.0,590592,0,61,0.3811,counter,"[1, 128, 768]","[1, 128, 768]",1214.89,0.0,0.375,cpu_perf_counter,cpu
30,encoder.layer.6.attention.output.LayerNorm,LayerNorm,0.0289,0.375,491520.0,1536,0,62,0.0295,analytic,"[1, 128, 768]","[1, 128, 768]",1214.89,0.0,0.375,cpu_perf_counter,cpu
30,encoder.layer.6.intermediate.dense,Linear,1.8123,1.5,603979776.0,2362368,0,63,1.8129,counter,"[1, 128, 768]","[1, 128, 3072]",1214.89,0.0,1.5,cpu_perf_counter,cpu
30,encoder.layer.6.intermediate.intermediate_act_fn,GELUActivation,0.1836,1.5,0.0,0,0,64,0.1842,none,"[1, 128, 3072]","[1, 128, 3072]",1214.89,0.0,1.5,cpu_perf_counter,cpu
30,encoder.layer.6.output.dense,Linear,1.449,0.375,603979776.0,2360064,0,65,1.4496,counter,"[1, 128, 3072]","[1, 128, 768]",1214.89,0.0,0.375,cpu_perf_counter,cpu
30,encoder.layer.6.output.LayerNorm,LayerNorm,0.0473,0.375,491520.0,1536,0,66,0.0479,analytic,"[1, 128, 768]","[1, 128, 768]",1214.89,0.0,0.375,cpu_perf_counter,cpu
30,encoder.layer.7.attention.self.query,Linear,0.3952,0.375,150994944.0,590592,0,67,0.3958,counter,"[1, 128, 768]","[1, 128, 768]",1214.89,0.0,0.375,cpu_perf_counter,cpu
30,encoder.layer.7.attention.self.key,Linear,0.39,0.375,150994944.0,590592,0,68,0.3906,counter,"[1, 128, 768]","[1, 128, 768]",1214.89,0.0,0.375,cpu_perf_counter,cpu
30,encoder.layer.7.attention.self.value,Linear,0.4041,0.375,150994944.0,590592,0,69,0.4047,counter,"[1, 128, 768]","[1, 128, 768]",1214.89,0.0,0.375,cpu_perf_counter,cpu
30,encoder.layer.7.attention.output.dense,Linear,0.3898,0.375,150994944.0,590592,0,70,0.3904,counter,"[1, 128, 768]","[1, 128, 768]",1214.89,0.0,0.375,cpu_perf_counter,cpu
30,encoder.layer.7.attention.output.LayerNorm,LayerNorm,0.0342,0.375,491520.0,1536,0,71,0.0348,analytic,"[1, 128, 768]","[1, 128, 768]",1214.89,0.0,0.375,cpu_perf_counter,cpu
30,encoder.layer.7.intermediate.dense,Linear,1.756,1.5,603979776.0,2362368,0,72,1.7566,counter,"[1, 128, 768]","[1, 128, 3072]",1214.89,0.0,1.5,cpu_perf_counter,cpu
30,encoder.layer.7.intermediate.intermediate_act_fn,GELUActivation,0.1451,1.5,0.0,0,0,73,0.1457,none,"[1, 128, 3072]","[1, 128, 3072]",1214.89,0.0,1.5,cpu_perf_counter,cpu
30,encoder.layer.7.output.dense,Linear,1.4868,0.375,603979776.0,2360064,0,74,1.4874,counter,"[1, 128, 3072]","[1, 128, 768]",1214.89,0.0,0.375,cpu_perf_counter,cpu
30,encoder.layer.7.output.LayerNorm,LayerNorm,0.0457,0.375,491520.0,1536,0,75,0.0463,analytic,"[1, 128, 768]","[1, 128, 768]",1214.89,0.0,0.375,cpu_perf_counter,cpu
30,encoder.layer.8.attention.self.query,Linear,0.3871,0.375,150994944.0,590592,0,76,0.3877,counter,"[1, 128, 768]","[1, 128, 768]",1214.89,0.0,0.375,cpu_perf_counter,cpu
30,encoder.layer.8.attention.self.key,Linear,0.3798,0.375,150994944.0,590592,0,77,0.3804,counter,"[1, 128, 768]","[1, 128, 768]",1214.89,0.0,0.375,cpu_perf_counter,cpu
30,encoder.layer.8.attention.self.value,Linear,0.3783,0.375,150994944.0,590592,0,78,0.3789,counter,"[1, 128, 768]","[1, 128, 768]",1214.89,0.0,0.375,cpu_perf_counter,cpu
30,encoder.layer.8.attention.output.dense,Linear,0.3803,0.375,150994944.0,590592,0,79,0.3809,counter,"[1, 128, 768]","[1, 128, 768]",1214.89,0.0,0.375,cpu_perf_counter,cpu
30,encoder.layer.8.attention.output.LayerNorm,LayerNorm,0.0314,0.375,491520.0,1536,0,80,0.032,analytic,"[1, 128, 768]","[1, 128, 768]",1214.89,0.0,0.375,cpu_perf_counter,cpu
30,encoder.layer.8.intermediate.dense,Linear,1.8469,1.5,603979776.0,2362368,0,81,1.8475,counter,"[1, 128, 768]","[1, 128, 3072]",1214.89,0.0,1.5,cpu_perf_counter,cpu
30,encoder.layer.8.intermediate.intermediate_act_fn,GELUActivation,0.1648,1.5,0.0,0,0,82,0.1654,none,"[1, 128, 3072]","[1, 128, 3072]",1214.89,0.0,1.5,cpu_perf_counter,cpu
30,encoder.layer.8.output.dense,Linear,1.3352,0.375,603979776.0,2360064,0,83,1.3358,counter,"[1, 128, 3072]","[1, 128, 768]",1214.89,0.0,0.375,cpu_perf_counter,cpu
30,encoder.layer.8.output.LayerNorm,LayerNorm,0.0484,0.375,491520.0,1536,0,84,0.049,analytic,"[1, 128, 768]","[1, 128, 768]",1214.89,0.0,0.375,cpu_perf_counter,cpu
30,encoder.layer.9.attention.self.query,Linear,0.4057,0.375,150994944.0,590592,0,85,0.4063,counter,"[1, 128, 768]","[1, 128, 768]",1214.89,0.0,0.375,cpu_perf_counter,cpu
30,encoder.layer.9.attention.self.key,Linear,0.4394,0.375,150994944.0,590592,0,86,0.44,counter,"[1, 128, 768]","[1, 128, 768]",1214.89,0.0,0.375,cpu_perf_counter,cpu
30,encoder.layer.9.attention.self.value,Linear,0.3994,0.375,150994944.0,590592,0,87,0.4,counter,"[1, 128, 768]","[1, 128, 768]",1214.89,0.0,0.375,cpu_perf_counter,cpu
30,encoder.layer.9.attention.output.dense,Linear,0.3983,0.375,150994944.0,590592,0,88,0.3989,counter,"[1, 128, 768]","[1, 128, 768]",1214.89,0.0,0.375,cpu_perf_counter,cpu
30,encoder.layer.9.attention.output.LayerNorm,LayerNorm,0.0342,0.375,491520.0,1536,0,89,0.0348,analytic,"[1, 128, 768]","[1, 128, 768]",1214.89,0.0,0.375,cpu_perf_counter,cpu
30,encoder.layer.9.intermediate.dense,Linear,1.7716,1.5,603979776.0,2362368,0,90,1.7722,counter,"[1, 128, 768]","[1, 128, 3072]",1214.89,0.0,1.5,cpu_perf_counter,cpu
30,encoder.layer.9.intermediate.intermediate_act_fn,GELUActivation,0.1527,1.5,0.0,0,0,91,0.1533,none,"[1, 128, 3072]","[1, 128, 3072]",1214.89,0.0,1.5,cpu_perf_counter,cpu
30,encoder.layer.9.output.dense,Linear,1.5073,0.375,603979776.0,2360064,0,92,1.5079,counter,"[1, 128, 3072]","[1, 128, 768]",1214.89,0.0,0.375,cpu_perf_counter,cpu
30,encoder.layer.9.output.LayerNorm,LayerNorm,0.0442,0.375,491520.0,1536,0,93,0.0448,analytic,"[1, 128, 768]","[1, 128, 768]",1214.89,0.0,0.375,cpu_perf_counter,cpu
30,encoder.layer.10.attention.self.query,Linear,0.3736,0.375,150994944.0,590592,0,94,0.3742,counter,"[1, 128, 768]","[1, 128, 768]",1214.89,0.0,0.375,cpu_perf_counter,cpu
30,encoder.layer.10.attention.self.key,Linear,0.3671,0.375,150994944.0,590592,0,95,0.3677,counter,"[1, 128, 768]","[1, 128, 768]",1214.89,0.0,0.375,cpu_perf_counter,cpu
30,encoder.layer.10.attention.self.value,Linear,0.3641,0.375,150994944.0,590592,0,96,0.3647,counter,"[1, 128, 768]","[1, 128, 768]",1214.89,0.0,0.375,cpu_perf_counter,cpu
30,encoder.layer.10.attention.output.dense,Linear,0.3759,0.375,150994944.0,590592,0,97,0.3765,counter,"[1, 128, 768]","[1, 128, 768]",1214.89,0.0,0.375,cpu_perf_counter,cpu
30,encoder.layer.10.attention.output.LayerNorm,LayerNorm,0.0277,0.375,491520.0,1536,0,98,0.0283,analytic,"[1, 128, 768]","[1, 128, 768]",1214.89,0.0,0.375,cpu_perf_counter,cpu
30,encoder.layer.10.intermediate.dense,Linear,1.7058,1.5,603979776.0,2362368,0,99,1.7064,counter,"[1, 128, 768]","[1, 128, 3072]",1214.89,0.0,1.5,cpu_perf_counter,cpu
30,encoder.layer.10.intermediate.intermediate_act_fn,GELUActivation,0.1238,1.5,0.0,0,0,100,0.1244,none,"[1, 128, 3072]","[1, 128, 3072]",1214.89,0.0,1.5,cpu_perf_counter,cpu
30,encoder.layer.10.output.dense,Linear,1.4514,0.375,603979776.0,2360064,0,101,1.452,counter,"[1, 128, 3072]","[1, 128, 768]",1214.89,0.0,0.375,cpu_perf_counter,cpu
30,encoder.layer.10.output.LayerNorm,LayerNorm,0.0391,0.375,491520.0,1536,0,102,0.0397,analytic,"[1, 128, 768]","[1, 128, 768]",1214.89,0.0,0.375,cpu_perf_counter,cpu
30,encoder.layer.11.attention.self.query,Linear,0.3883,0.375,150994944.0,590592,0,103,0.3889,counter,"[1, 128, 768]","[1, 128, 768]",1214.89,0.0,0.375,cpu_perf_counter,cpu
30,encoder.layer.11.attention.self.key,Linear,0.3634,0.375,150994944.0,590592,0,104,0.364,counter,"[1, 128, 768]","[1, 128, 768]",1214.89,0.0,0.375,cpu_perf_counter,cpu
30,encoder.layer.11.attention.self.value,Linear,0.3718,0.375,150994944.0,590592,0,105,0.3724,counter,"[1, 128, 768]","[1, 128, 768]",1214.89,0.0,0.375,cpu_perf_counter,cpu
30,encoder.layer.11.attention.output.dense,Linear,0.3676,0.375,150994944.0,590592,0,106,0.3682,counter,"[1, 128, 768]","[1, 128, 768]",1214.89,0.0,0.375,cpu_perf_counter,cpu
30,encoder.layer.11.attention.output.LayerNorm,LayerNorm,0.0297,0.375,491520.0,1536,0,107,0.0303,analytic,"[1, 128, 768]","[1, 128, 768]",1214.89,0.0,0.375,cpu_perf_counter,cpu
30,encoder.layer.11.intermediate.dense,Linear,1.6927,1.5,603979776.0,2362368,0,108,1.6933,counter,"[1, 128, 768]","[1, 128, 3072]",1214.89,0.0,1.5,cpu_perf_counter,cpu
30,encoder.layer.11.intermediate.intermediate_act_fn,GELUActivation,0.125,1.5,0.0,0,0,109,0.1256,none,"[1, 128, 3072]","[1, 128, 3072]",1214.89,0.0,1.5,cpu_perf_counter,cpu
30,encoder.layer.11.output.dense,Linear,1.506,0.375,603979776.0,2360064,0,110,1.5066,counter,"[1, 128, 3072]","[1, 128, 768]",1214.89,0.0,0.375,cpu_perf_counter,cpu
30,encoder.layer.11.output.LayerNorm,LayerNorm,0.0573,0.375,491520.0,1536,0,111,0.0579,analytic,"[1, 128, 768]","[1, 128, 768]",1214.89,0.0,0.375,cpu_perf_counter,cpu
30,pooler.dense,Linear,0.1509,0.00293,1179648.0,590592,0,112,0.1515,counter,"[1, 768]","[1, 768]",1214.89,0.0,0.003,cpu_perf_counter,cpu
30,pooler.activation,Tanh,0.0186,0.00293,3072.0,0,0,113,0.0192,analytic,"[1, 768]","[1, 768]",1214.89,0.0,0.003,cpu_perf_counter,cpu
31,embeddings.word_embeddings,Embedding,0.0547,0.375,0.0,23440896,0,0,0.0553,none,"[1, 128]","[1, 128, 768]",1214.89,0.0,0.375,cpu_perf_counter,cpu
31,embeddings.token_type_embeddings,Embedding,0.0238,0.375,0.0,1536,0,1,0.0244,none,"[1, 128]","[1, 128, 768]",1214.89,0.0,0.375,cpu_perf_counter,cpu
31,embeddings.position_embeddings,Embedding,0.0256,0.375,0.0,393216,0,2,0.0262,none,"[1, 128]","[1, 128, 768]",1214.89,0.0,0.375,cpu_perf_counter,cpu
31,embeddings.LayerNorm,LayerNorm,0.0283,0.375,491520.0,1536,0,3,0.0289,analytic,"[1, 128, 768]","[1, 128, 768]",1214.89,0.0,0.375,cpu_perf_counter,cpu
31,encoder.layer.0.attention.self.query,Linear,0.4008,0.375,150994944.0,590592,0,4,0.4014,counter,"[1, 128, 768]","[1, 128, 768]",1214.89,0.0,0.375,cpu_perf_counter,cpu
31,encoder.layer.0.attention.self.key,Linear,0.3679,0.375,150994944.0,590592,0,5,0.3685,counter,"[1, 128, 768]","[1, 128, 768]",1214.89,0.0,0.375,cpu_perf_counter,cpu
31,encoder.layer.0.attention.self.value,Linear,0.3675,0.375,150994944.0,590592,0,6,0.3681,counter,"[1, 128, 768]","[1, 128, 768]",1214.89,0.0,0.375,cpu_perf_counter,cpu
31,encoder.layer.0.attention.output.dense,Linear,0.3745,0.375,150994944.0,590592,0,7,0.3751,counter,"[1, 128, 768]","[1, 128, 768]",1214.89,0.0,0.375,cpu_perf_counter,cpu
31,encoder.layer.0.attention.output.LayerNorm,LayerNorm,0.0292,0.375,491520.0,1536,0,8,0.0298,analytic,"[1, 128, 768]","[1, 128, 768]",1214.89,0.0,0.375,cpu_perf_counter,cpu
31,encoder.layer.0.intermediate.dense,Linear,1.8216,1.5,603979776.0,2362368,0,9,1.8222,counter,"[1, 128, 768]","[1, 128, 3072]",1214.89,0.0,1.5,cpu_perf_counter,cpu
31,encoder.layer.0.intermediate.intermediate_act_fn,GELUActivation,0.1524,1.5,0.0,0,0,10,0.153,none,"[1, 128, 3072]","[1, 128, 3072]",1214.89,0.0,1.5,cpu_perf_counter,cpu
31,encoder.layer.0.output.dense,Linear,1.4643,0.375,603979776.0,2360064,0,11,1.4649,counter,"[1, 128, 3072]","[1, 128, 768]",1214.89,0.0,0.375,cpu_perf_counter,cpu
31,encoder.layer.0.output.LayerNorm,LayerNorm,0.0449,0.375,491520.0,1536,0,12,0.0455,analytic,"[1, 128, 768]","[1, 128, 768]",1214.89,0.0,0.375,cpu_perf_counter,cpu
31,encoder.layer.1.attention.self.query,Linear,0.434,0.375,150994944.0,590592,0,13,0.4346,counter,"[1, 128, 768]","[1, 128, 768]",1214.89,0.0,0.375,cpu_perf_counter,cpu
31,encoder.layer.1.attention.self.key,Linear,0.3781,0.375,150994944.0,590592,0,14,0.3787,counter,"[1, 128, 768]","[1, 128, 768]",1214.89,0.0,0.375,cpu_perf_counter,cpu
31,encoder.layer.1.attention.self.value,Linear,0.3836,0.375,150994944.0,590592,0,15,0.3842,counter,"[1, 128, 768]","[1, 128, 768]",1214.89,0.0,0.375,cpu_perf_counter,cpu
31,encoder.layer.1.attention.output.dense,Linear,0.3799,0.375,150994944.0,590592,0,16,0.3805,counter,"[1, 128, 768]","[1, 128, 768]",1214.89,0.0,0.375,cpu_perf_counter,cpu
31,encoder.layer.1.attention.output.LayerNorm,LayerNorm,0.0293,0.375,491520.0,1536,0,17,0.0299,analytic,"[1, 128, 768]","[1, 128, 768]",1214.89,0.0,0.375,cpu_perf_counter,cpu
31,encoder.layer.1.intermediate.dense,Linear,1.7876,1.5,603979776.0,2362368,0,18,1.7882,counter,"[1, 128, 768]","[1, 128, 3072]",1214.89,0.0,1.5,cpu_perf_counter,cpu
31,encoder.layer.1.intermediate.intermediate_act_fn,GELUActivation,0.144,1.5,0.0,0,0,19,0.1446,none,"[1, 128, 3072]","[1, 128, 3072]",1214.89,0.0,1.5,cpu_perf_counter,cpu
31,encoder.layer.1.output.dense,Linear,1.4842,0.375,603979776.0,2360064,0,20,1.4848,counter,"[1, 128, 3072]","[1, 128, 768]",1214.89,0.0,0.375,cpu_perf_counter,cpu
31,encoder.layer.1.output.LayerNorm,LayerNorm,0.0452,0.375,491520.0,1536,0,21,0.0458,analytic,"[1, 128, 768]","[1, 128, 768]",1214.89,0.0,0.375,cpu_perf_counter,cpu
31,encoder.layer.2.attention.self.query,Linear,0.4025,0.375,150994944.0,590592,0,22,0.4031,counter,"[1, 128, 768]","[1, 128, 768]",1214.89,0.0,0.375,cpu_perf_counter,cpu
31,encoder.layer.2.attention.self.key,Linear,0.4073,0.375,150994944.0,590592,0,23,0.4079,counter,"[1, 128, 768]","[1, 128, 768]",1214.89,0.0,0.375,cpu_perf_counter,cpu
31,encoder.layer.2.attention.self.value,Linear,0.3873,0.375,150994944.0,590592,0,24,0.3879,counter,"[1, 128, 768]","[1, 128, 768]",1214.89,0.0,0.375,cpu_perf_counter,cpu
31,encoder.layer.2.attention.output.dense,Linear,0.4249,0.375,150994944.0,590592,0,25,0.4255,counter,"[1, 128, 768]","[1, 128, 768]",1214.89,0.0,0.375,cpu_perf_counter,cpu
31,encoder.layer.2.attention.output.LayerNorm,LayerNorm,0.0381,0.375,491520.0,1536,0,26,0.0387,analytic,"[1, 128, 768]","[1, 128, 768]",1214.89,0.0,0.375,cpu_perf_counter,cpu
31,encoder.layer.2.intermediate.dense,Linear,1.8598,1.5,603979776.0,2362368,0,27,1.8604,counter,"[1, 128, 768]","[1, 128, 3072]",1214.89,0.0,1.5,cpu_perf_counter,cpu
31,encoder.layer.2.intermediate.intermediate_act_fn,GELUActivation,0.196,1.5,0.0,0,0,28,0.1966,none,"[1, 128, 3072]","[1, 128, 3072]",1214.89,0.0,1.5,cpu_perf_counter,cpu
31,encoder.layer.2.output.dense,Linear,1.5507,0.375,603979776.0,2360064,0,29,1.5513,counter,"[1, 128, 3072]","[1, 128, 768]",1214.89,0.0,0.375,cpu_perf_counter,cpu
31,encoder.layer.2.output.LayerNorm,LayerNorm,0.0474,0.375,491520.0,1536,0,30,0.048,analytic,"[1, 128, 768]","[1, 128, 768]",1214.89,0.0,0.375,cpu_perf_counter,cpu
31,encoder.layer.3.attention.self.query,Linear,0.4239,0.375,150994944.0,590592,0,31,0.4245,counter,"[1, 128, 768]","[1, 128, 768]",1214.89,0.0,0.375,cpu_perf_counter,cpu
31,encoder.layer.3.attention.self.key,Linear,0.3796,0.375,150994944.0,590592,0,32,0.3802,counter,"[1, 128, 768]","[1, 128, 768]",1214.89,0.0,0.375,cpu_perf_counter,cpu
31,encoder.layer.3.attention.self.value,Linear,0.3819,0.375,150994944.0,590592,0,33,0.3825,counter,"[1, 128, 768]","[1, 128, 768]",1214.89,0.0,0.375,cpu_perf_counter,cpu
31,encoder.layer.3.attention.output.dense,Linear,0.3913,0.375,150994944.0,590592,0,34,0.3919,counter,"[1, 128, 768]","[1, 128, 768]",1214.89,0.0,0.375,cpu_perf_counter,cpu
31,encoder.layer.3.attention.output.LayerNorm,LayerNorm,0.0299,0.375,491520.0,1536,0,35,0.0305,analytic,"[1, 128, 768]","[1, 128, 768]",1214.89,0.0,0.375,cpu_perf_counter,cpu
31,encoder.layer.3.intermediate.dense,Linear,1.7575,1.5,603979776.0,2362368,0,36,1.7581,counter,"[1, 128, 768]","[1, 128, 3072]",1214.89,0.0,1.5,cpu_perf_counter,cpu
31,encoder.layer.3.intermediate.intermediate_act_fn,GELUActivation,0.1623,1.5,0.0,0,0,37,0.1629,none,"[1, 128, 3072]","[1, 128, 3072]",1214.89,0.0,1.5,cpu_perf_counter,cpu
31,encoder.layer.3.output.dense,Linear,1.5037,0.375,603979776.0,2360064,0,38,1.5043,counter,"[1, 128, 3072]","[1, 128, 768]",1214.89,0.0,0.375,cpu_perf_counter,cpu
31,encoder.layer.3.output.LayerNorm,LayerNorm,0.0403,0.375,491520.0,1536,0,39,0.0409,analytic,"[1, 128, 768]","[1, 128, 768]",1214.89,0.0,0.375,cpu_perf_counter,cpu
31,encoder.layer.4.attention.self.query,Linear,0.3923,0.375,150994944.0,590592,0,40,0.3929,counter,"[1, 128, 768]","[1, 128, 768]",1214.89,0.0,0.375,cpu_perf_counter,cpu
31,encoder.layer.4.attention.self.key,Linear,0.4068,0.375,150994944.0,590592,0,41,0.4074,counter,"[1, 128, 768]","[1, 128, 768]",1214.89,0.0,0.375,cpu_perf_counter,cpu
31,encoder.layer.4.attention.self.value,Linear,0.3898,0.375,150994944.0,590592,0,42,0.3904,counter,"[1, 128, 768]","[1, 128, 768]",1214.89,0.0,0.375,cpu_perf_counter,cpu
31,encoder.layer.4.attention.output.dense,Linear,0.3898,0.375,150994944.0,590592,0,43,0.3904,counter,"[1, 128, 768]","[1, 128, 768]",1214.89,0.0,0.375,cpu_perf_counter,cpu
31,encoder.layer.4.attention.output.LayerNorm,LayerNorm,0.0252,0.375,491520.0,1536,0,44,0.0258,analytic,"[1, 128, 768]","[1, 128, 768]",1214.89,0.0,0.375,cpu_perf_counter,cpu
31,encoder.layer.4.intermediate.dense,Linear,1.7513,1.5,603979776.0,2362368,0,45,1.7519,counter,"[1, 128, 768]","[1, 128, 3072]",1214.89,0.0,1.5,cpu_perf_counter,cpu
31,encoder.layer.4.intermediate.intermediate_act_fn,GELUActivation,0.1287,1.5,0.0,0,0,46,0.1293,none,"[1, 128, 3072]","[1, 128, 3072]",1214.89,0.0,1.5,cpu_perf_counter,cpu
31,encoder.layer.4.output.dense,Linear,1.5872,0.375,603979776.0,2360064,0,47,1.5878,counter,"[1, 128, 3072]","[1, 128, 768]",1214.89,0.0,0.375,cpu_perf_counter,cpu
31,encoder.layer.4.output.LayerNorm,LayerNorm,0.0425,0.375,491520.0,1536,0,48,0.0431,analytic,"[1, 128, 768]","[1, 128, 768]",1214.89,0.0,0.375,cpu_perf_counter,cpu
31,encoder.layer.5.attention.self.query,Linear,0.4319,0.375,150994944.0,590592,0,49,0.4325,counter,"[1, 128, 768]","[1, 128, 768]",1214.89,0.0,0.375,cpu_perf_counter,cpu
31,encoder.layer.5.attention.self.key,Linear,0.389,0.375,150994944.0,590592,0,50,0.3896,counter,"[1, 128, 768]","[1, 128, 768]",1214.89,0.0,0.375,cpu_perf_counter,cpu
31,encoder.layer.5.attention.self.value,Linear,0.4206,0.375,150994944.0,590592,0,51,0.4212,counter,"[1, 128, 768]","[1, 128, 768]",1214.89,0.0,0.375,cpu_perf_counter,cpu
31,encoder.layer.5.attention.output.dense,Linear,0.3641,0.375,150994944.0,590592,0,52,0.3647,counter,"[1, 128, 768]","[1, 128, 768]",1214.89,0.0,0.375,cpu_perf_counter,cpu
31,encoder.layer.5.attention.output.LayerNorm,LayerNorm,0.0319,0.375,491520.0,1536,0,53,0.0325,analytic,"[1, 128, 768]","[1, 128, 768]",1214.89,0.0,0.375,cpu_perf_counter,cpu
31,encoder.layer.5.intermediate.dense,Linear,1.7083,1.5,603979776.0,2362368,0,54,1.7089,counter,"[1, 128, 768]","[1, 128, 3072]",1214.89,0.0,1.5,cpu_perf_counter,cpu
31,encoder.layer.5.intermediate.intermediate_act_fn,GELUActivation,0.1371,1.5,0.0,0,0,55,0.1377,none,"[1, 128, 3072]","[1, 128, 3072]",1214.89,0.0,1.5,cpu_perf_counter,cpu
31,encoder.layer.5.output.dense,Linear,1.4703,0.375,603979776.0,2360064,0,56,1.4709,counter,"[1, 128, 3072]","[1, 128, 768]",1214.89,0.0,0.375,cpu_perf_counter,cpu
31,encoder.layer.5.output.LayerNorm,LayerNorm,0.044,0.375,491520.0,1536,0,57,0.0446,analytic,"[1, 128, 768]","[1, 128, 768]",1214.89,0.0,0.375,cpu_perf_counter,cpu
31,encoder.layer.6.attention.self.query,Linear,0.3808,0.375,150994944.0,590592,0,58,0.3814,counter,"[1, 128, 768]","[1, 128, 768]",1214.89,0.0,0.375,cpu_perf_counter,cpu
31,encoder.layer.6.attention.self.key,Linear,0.3753,0.375,150994944.0,590592,0,59,0.3759,counter,"[1, 128, 768]","[1, 128, 768]",1214.89,0.0,0.375,cpu_perf_counter,cpu
31,encoder.layer.6.attention.self.value,Linear,0.3676,0.375,150994944.0,590592,0,60,0.3682,counter,"[1, 128, 768]","[1, 128, 768]",1214.89,0.0,0.375,cpu_perf_counter,cpu
31,encoder.layer.6.attention.output.dense,Linear,0.3954,0.375,150994944.0,590592,0,61,0.396,counter,"[1, 128, 768]","[1, 128, 768]",1214.89,0.0,0.375,cpu_perf_counter,cpu
31,encoder.layer.6.attention.output.LayerNorm,LayerNorm,0.0299,0.375,491520.0,1536,0,62,0.0305,analytic,"[1, 128, 768]","[1, 128, 768]",1214.89,0.0,0.375,cpu_perf_counter,cpu
31,encoder.layer.6.intermediate.dense,Linear,1.6222,1.5,603979776.0,2362368,0,63,1.6228,counter,"[1, 128, 768]","[1, 128, 3072]",1214.89,0.0,1.5,cpu_perf_counter,cpu
31,encoder.layer.6.intermediate.intermediate_act_fn,GELUActivation,0.124,1.5,0.0,0,0,64,0.1246,none,"[1, 128, 3072]","[1, 128, 3072]",1214.89,0.0,1.5,cpu_perf_counter,cpu
31,encoder.layer.6.output.dense,Linear,1.5124,0.375,603979776.0,2360064,0,65,1.513,counter,"[1, 128, 3072]","[1, 128, 768]",1214.89,0.0,0.375,cpu_perf_counter,cpu
31,encoder.layer.6.output.LayerNorm,LayerNorm,0.0419,0.375,491520.0,1536,0,66,0.0425,analytic,"[1, 128, 768]","[1, 128, 768]",1214.89,0.0,0.375,cpu_perf_counter,cpu
31,encoder.layer.7.attention.self.query,Linear,0.389,0.375,150994944.0,590592,0,67,0.3896,counter,"[1, 128, 768]","[1, 128, 768]",1214.89,0.0,0.375,cpu_perf_counter,cpu
31,encoder.layer.7.attention.self.key,Linear,0.3641,0.375,150994944.0,590592,0,68,0.3647,counter,"[1, 128, 768]","[1, 128, 768]",1214.89,0.0,0.375,cpu_perf_counter,cpu
31,encoder.layer.7.attention.self.value,Linear,0.3759,0.375,150994944.0,590592,0,69,0.3765,counter,"[1, 128, 768]","[1, 128, 768]",1214.89,0.0,0.375,cpu_perf_counter,cpu
31,encoder.layer.7.attention.output.dense,Linear,0.3761,0.375,150994944.0,590592,0,70,0.3767,counter,"[1, 128, 768]","[1, 128, 768]",1214.89,0.0,0.375,cpu_perf_counter,cpu
31,encoder.layer.7.attention.output.LayerNorm,LayerNorm,0.0265,0.375,491520.0,1536,0,71,0.0271,analytic,"[1, 128, 768]","[1, 128, 768]",1214.89,0.0,0.375,cpu_perf_counter,cpu
31,encoder.layer.7.intermediate.dense,Linear,1.6714,1.5,603979776.0,2362368,0,72,1.672,counter,"[1, 128, 768]","[1, 128, 3072]",1214.89,0.0,1.5,cpu_perf_counter,cpu
31,encoder.layer.7.intermediate.intermediate_act_fn,GELUActivation,0.1268,1.5,0.0,0,0,73,0.1274,none,"[1, 128, 3072]","[1, 128, 3072]",1214.89,0.0,1.5,cpu_perf_counter,cpu
31,encoder.layer.7.output.dense,Linear,1.452,0.375,603979776.0,2360064,0,74,1.4526,counter,"[1, 128, 3072]","[1, 128, 768]",1214.89,0.0,0.375,cpu_perf_counter,cpu
31,encoder.layer.7.output.LayerNorm,LayerNorm,0.0498,0.375,491520.0,1536,0,75,0.0504,analytic,"[1, 128, 768]","[1, 128, 768]",1214.89,0.0,0.375,cpu_perf_counter,cpu
31,encoder.layer.8.attention.self.query,Linear,0.3811,0.375,150994944.0,590592,0,76,0.3817,counter,"[1, 128, 768]","[1, 128, 768]",1214.89,0.0,0.375,cpu_perf_counter,cpu
31,encoder.layer.8.attention.self.key,Linear,0.3715,0.375,150994944.0,590592,0,77,0.3721,counter,"[1, 128, 768]","[1, 128, 768]",1214.89,0.0,0.375,cpu_perf_counter,cpu
31,encoder.layer.8.attention.self.value,Linear,0.3708,0.375,150994944.0,590592,0,78,0.3714,counter,"[1, 128, 768]","[1, 128, 768]",1214.89,0.0,0.375,cpu_perf_counter,cpu
31,encoder.layer.8.attention.output.dense,Linear,0.3872,0.375,150994944.0,590592,0,79,0.3878,counter,"[1, 128, 768]","[1, 128, 768]",1214.89,0.0,0.375,cpu_perf_counter,cpu
31,encoder.layer.8.attention.output.LayerNorm,LayerNorm,0.0291,0.375,491520.0,1536,0,80,0.0297,analytic,"[1, 128, 768]","[1, 128, 768]",1214.89,0.0,0.375,cpu_perf_counter,cpu
31,encoder.layer.8.intermediate.dense,Linear,1.8697,1.5,603979776.0,2362368,0,81,1.8703,counter,"[1, 128, 768]","[1, 128, 3072]",1214.89,0.0,1.5,cpu_perf_counter,cpu
31,encoder.layer.8.intermediate.intermediate_act_fn,GELUActivation,0.1305,1.5,0.0,0,0,82,0.1311,none,"[1, 128, 3072]","[1, 128, 3072]",1214.89,0.0,1.5,cpu_perf_counter,cpu
31,encoder.layer.8.output.dense,Linear,1.5219,0.375,603979776.0,2360064,0,83,1.5225,counter,"[1, 128, 3072]","[1, 128, 768]",1214.89,0.0,0.375,cpu_perf_counter,cpu
31,encoder.layer.8.output.LayerNorm,LayerNorm,0.0488,0.375,491520.0,1536,0,84,0.0494,analytic,"[1, 128, 768]","[1, 128, 768]",1214.89,0.0,0.375,cpu_perf_counter,cpu
31,encoder.layer.9.attention.self.query,Linear,0.4359,0.375,150994944.0,590592,0,85,0.4365,counter,"[1, 128, 768]","[1, 128, 768]",1214.89,0.0,0.375,cpu_perf_counter,cpu
31,encoder.layer.9.attention.self.key,Linear,0.4134,0.375,150994944.0,590592,0,86,0.414,counter,"[1, 128, 768]","[1, 128, 768]",1214.89,0.0,0.375,cpu_perf_counter,cpu
31,encoder.layer.9.attention.self.value,Linear,0.3967,0.375,150994944.0,590592,0,87,0.3973,counter,"[1, 128, 768]","[1, 128, 768]",1214.89,0.0,0.375,cpu_perf_counter,cpu
31,encoder.layer.9.attention.output.dense,Linear,0.3931,0.375,150994944.0,590592,0,88,0.3937,counter,"[1, 128, 768]","[1, 128, 768]",1214.89,0.0,0.375,cpu_perf_counter,cpu
31,encoder.layer.9.attention.output.LayerNorm,LayerNorm,0.032,0.375,491520.0,1536,0,89,0.0326,analytic,"[1, 128, 768]","[1, 128, 768]",1214.89,0.0,0.375,cpu_perf_counter,cpu
31,encoder.layer.9.intermediate.dense,Linear,1.9668,1.5,603979776.0,2362368,0,90,1.9674,counter,"[1, 128, 768]","[1, 128, 3072]",1214.89,0.0,1.5,cpu_perf_counter,cpu
31,encoder.layer.9.intermediate.intermediate_act_fn,GELUActivation,0.1479,1.5,0.0,0,0,91,0.1485,none,"[1, 128, 3072]","[1, 128, 3072]",1214.89,0.0,1.5,cpu_perf_counter,cpu
31,encoder.layer.9.output.dense,Linear,1.4894,0.375,603979776.0,2360064,0,92,1.49,counter,"[1, 128, 3072]","[1, 128, 768]",1214.89,0.0,0.375,cpu_perf_counter,cpu
31,encoder.layer.9.output.LayerNorm,LayerNorm,0.0445,0.375,491520.0,1536,0,93,0.0451,analytic,"[1, 128, 768]","[1, 128, 768]",1214.89,0.0,0.375,cpu_perf_counter,cpu
31,encoder.layer.10.attention.self.query,Linear,0.3937,0.375,150994944.0,590592,0,94,0.3943,counter,"[1, 128, 768]","[1, 128, 768]",1214.89,0.0,0.375,cpu_perf_counter,cpu
31,encoder.layer.10.attention.self.key,Linear,0.3798,0.375,150994944.0,590592,0,95,0.3804,counter,"[1, 128, 768]","[1, 128, 768]",1214.89,0.0,0.375,cpu_perf_counter,cpu
31,encoder.layer.10.attention.self.value,Linear,0.3841,0.375,150994944.0,590592,0,96,0.3847,counter,"[1, 128, 768]","[1, 128, 768]",1214.89,0.0,0.375,cpu_perf_counter,cpu
31,encoder.layer.10.attention.output.dense,Linear,0.382,0.375,150994944.0,590592,0,97,0.3826,counter,"[1, 128, 768]","[1, 128, 768]",1214.89,0.0,0.375,cpu_perf_counter,cpu
31,encoder.layer.10.attention.output.LayerNorm,LayerNorm,0.0295,0.375,491520.0,1536,0,98,0.0301,analytic,"[1, 128, 768]","[1, 128, 768]",1214.89,0.0,0.375,cpu_perf_counter,cpu
31,encoder.layer.10.intermediate.dense,Linear,1.897,1.5,603979776.0,2362368,0,99,1.8976,counter,"[1, 128, 768]","[1, 128, 3072]",1214.89,0.0,1.5,cpu_perf_counter,cpu
31,encoder.layer.10.intermediate.intermediate_act_fn,GELUActivation,0.1433,1.5,0.0,0,0,100,0.1439,none,"[1, 128, 3072]","[1, 128, 3072]",1214.89,0.0,1.5,cpu_perf_counter,cpu
31,encoder.layer.10.output.dense,Linear,1.3326,0.375,603979776.0,2360064,0,101,1.3332,counter,"[1, 128, 3072]","[1, 128, 768]",1214.89,0.0,0.375,cpu_perf_counter,cpu
31,encoder.layer.10.output.LayerNorm,LayerNorm,0.0419,0.375,491520.0,1536,0,102,0.0425,analytic,"[1, 128, 768]","[1, 128, 768]",1214.89,0.0,0.375,cpu_perf_counter,cpu
31,encoder.layer.11.attention.self.query,Linear,0.3962,0.375,150994944.0,590592,0,103,0.3968,counter,"[1, 128, 768]","[1, 128, 768]",1214.89,0.0,0.375,cpu_perf_counter,cpu
31,encoder.layer.11.attention.self.key,Linear,0.3756,0.375,150994944.0,590592,0,104,0.3762,counter,"[1, 128, 768]","[1, 128, 768]",1214.89,0.0,0.375,cpu_perf_counter,cpu
31,encoder.layer.11.attention.self.value,Linear,0.3822,0.375,150994944.0,590592,0,105,0.3828,counter,"[1, 128, 768]","[1, 128, 768]",1214.89,0.0,0.375,cpu_perf_counter,cpu
31,encoder.layer.11.attention.output.dense,Linear,0.3933,0.375,150994944.0,590592,0,106,0.3939,counter,"[1, 128, 768]","[1, 128, 768]",1214.89,0.0,0.375,cpu_perf_counter,cpu
31,encoder.layer.11.attention.output.LayerNorm,LayerNorm,0.0296,0.375,491520.0,1536,0,107,0.0302,analytic,"[1, 128, 768]","[1, 128, 768]",1214.89,0.0,0.375,cpu_perf_counter,cpu
31,encoder.layer.11.intermediate.dense,Linear,1.8065,1.5,603979776.0,2362368,0,108,1.8071,counter,"[1, 128, 768]","[1, 128, 3072]",1214.89,0.0,1.5,cpu_perf_counter,cpu
31,encoder.layer.11.intermediate.intermediate_act_fn,GELUActivation,0.1399,1.5,0.0,0,0,109,0.1405,none,"[1, 128, 3072]","[1, 128, 3072]",1214.89,0.0,1.5,cpu_perf_counter,cpu
31,encoder.layer.11.output.dense,Linear,1.7654,0.375,603979776.0,2360064,0,110,1.766,counter,"[1, 128, 3072]","[1, 128, 768]",1214.89,0.0,0.375,cpu_perf_counter,cpu
31,encoder.layer.11.output.LayerNorm,LayerNorm,0.0426,0.375,491520.0,1536,0,111,0.0432,analytic,"[1, 128, 768]","[1, 128, 768]",1214.89,0.0,0.375,cpu_perf_counter,cpu
31,pooler.dense,Linear,0.125,0.00293,1179648.0,590592,0,112,0.1256,counter,"[1, 768]","[1, 768]",1214.89,0.0,0.003,cpu_perf_counter,cpu
31,pooler.activation,Tanh,0.0167,0.00293,3072.0,0,0,113,0.0173,analytic,"[1, 768]","[1, 768]",1214.89,0.0,0.003,cpu_perf_counter,cpu
32,embeddings.word_embeddings,Embedding,0.0491,0.375,0.0,23440896,0,0,0.0497,none,"[1, 128]","[1, 128, 768]",1214.89,0.0,0.375,cpu_perf_counter,cpu
32,embeddings.token_type_embeddings,Embedding,0.0204,0.375,0.0,1536,0,1,0.021,none,"[1, 128]","[1, 128, 768]",1214.89,0.0,0.375,cpu_perf_counter,cpu
32,embeddings.position_embeddings,Embedding,0.0197,0.375,0.0,393216,0,2,0.0203,none,"[1, 128]","[1, 128, 768]",1214.89,0.0,0.375,cpu_perf_counter,cpu
32,embeddings.LayerNorm,LayerNorm,0.0351,0.375,491520.0,1536,0,3,0.0357,analytic,"[1, 128, 768]","[1, 128, 768]",1214.89,0.0,0.375,cpu_perf_counter,cpu
32,encoder.layer.0.attention.self.query,Linear,0.3817,0.375,150994944.0,590592,0,4,0.3823,counter,"[1, 128, 768]","[1, 128, 768]",1214.89,0.0,0.375,cpu_perf_counter,cpu
32,encoder.layer.0.attention.self.key,Linear,0.3747,0.375,150994944.0,590592,0,5,0.3753,counter,"[1, 128, 768]","[1, 128, 768]",1214.89,0.0,0.375,cpu_perf_counter,cpu
32,encoder.layer.0.attention.self.value,Linear,0.3846,0.375,150994944.0,590592,0,6,0.3852,counter,"[1, 128, 768]","[1, 128, 768]",1214.89,0.0,0.375,cpu_perf_counter,cpu
32,encoder.layer.0.attention.output.dense,Linear,0.3832,0.375,150994944.0,590592,0,7,0.3838,counter,"[1, 128, 768]","[1, 128, 768]",1214.89,0.0,0.375,cpu_perf_counter,cpu
32,encoder.layer.0.attention.output.LayerNorm,LayerNorm,0.026,0.375,491520.0,1536,0,8,0.0266,analytic,"[1, 128, 768]","[1, 128, 768]",1214.89,0.0,0.375,cpu_perf_counter,cpu
32,encoder.layer.0.intermediate.dense,Linear,1.7555,1.5,603979776.0,2362368,0,9,1.7561,counter,"[1, 128, 768]","[1, 128, 3072]",1214.89,0.0,1.5,cpu_perf_counter,cpu
32,encoder.layer.0.intermediate.intermediate_act_fn,GELUActivation,0.1405,1.5,0.0,0,0,10,0.1411,none,"[1, 128, 3072]","[1, 128, 3072]",1214.89,0.0,1.5,cpu_perf_counter,cpu
32,encoder.layer.0.output.dense,Linear,1.6576,0.375,603979776.0,2360064,0,11,1.6582,counter,"[1, 128, 3072]","[1, 128, 768]",1214.89,0.0,0.375,cpu_perf_counter,cpu
32,encoder.layer.0.output.LayerNorm,LayerNorm,0.0416,0.375,491520.0,1536,0,12,0.0422,analytic,"[1, 128, 768]","[1, 128, 768]",1214.89,0.0,0.375,cpu_perf_counter,cpu
32,encoder.layer.1.attention.self.query,Linear,0.4287,0.375,150994944.0,590592,0,13,0.4293,counter,"[1, 128, 768]","[1, 128, 768]",1214.89,0.0,0.375,cpu_perf_counter,cpu
32,encoder.layer.1.attention.self.key,Linear,0.3912,0.375,150994944.0,590592,0,14,0.3918,counter,"[1, 128, 768]","[1, 128, 768]",1214.89,0.0,0.375,cpu_perf_counter,cpu
32,encoder.layer.1.attention.self.value,Linear,0.3979,0.375,150994944.0,590592,0,15,0.3985,counter,"[1, 128, 768]","[1, 128, 768]",1214.89,0.0,0.375,cpu_perf_counter,cpu
32,encoder.layer.1.attention.output.dense,Linear,0.3821,0.375,150994944.0,590592,0,16,0.3827,counter,"[1, 128, 768]","[1, 128, 768]",1214.89,0.0,0.375,cpu_perf_counter,cpu
32,encoder.layer.1.attention.output.LayerNorm,LayerNorm,0.0279,0.375,491520.0,1536,0,17,0.0285,analytic,"[1, 128, 768]","[1, 128, 768]",1214.89,0.0,0.375,cpu_perf_counter,cpu
32,encoder.layer.1.intermediate.dense,Linear,1.7743,1.5,603979776.0,2362368,0,18,1.7749,counter,"[1, 128, 768]","[1, 128, 3072]",1214.89,0.0,1.5,cpu_perf_counter,cpu
32,encoder.layer.1.intermediate.intermediate_act_fn,GELUActivation,0.161,1.5,0.0,0,0,19,0.1616,none,"[1, 128, 3072]","[1, 128, 3072]",1214.89,0.0,1.5,cpu_perf_counter,cpu
32,encoder.layer.1.output.dense,Linear,1.6494,0.375,603979776.0,2360064,0,20,1.65,counter,"[1, 128, 3072]","[1, 128, 768]",1214.89,0.0,0.375,cpu_perf_counter,cpu
32,encoder.layer.1.output.LayerNorm,LayerNorm,0.0458,0.375,491520.0,1536,0,21,0.0464,analytic,"[1, 128, 768]","[1, 128, 768]",1214.89,0.0,0.375,cpu_perf_counter,cpu
32,encoder.layer.2.attention.self.query,Linear,0.4194,0.375,150994944.0,590592,0,22,0.42,counter,"[1, 128, 768]","[1, 128, 768]",1214.89,0.0,0.375,cpu_perf_counter,cpu
32,encoder.layer.2.attention.self.key,Linear,0.4643,0.375,150994944.0,590592,0,23,0.4649,counter,"[1, 128, 768]","[1, 128, 768]",1214.89,0.0,0.375,cpu_perf_counter,cpu
32,encoder.layer.2.attention.self.value,Linear,0.439,0.375,150994944.0,590592,0,24,0.4396,counter,"[1, 128, 768]","[1, 128, 768]",1214.89,0.0,0.375,cpu_perf_counter,cpu
32,encoder.layer.2.attention.output.dense,Linear,0.4238,0.375,150994944.0,590592,0,25,0.4244,counter,"[1, 128, 768]","[1, 128, 768]",1214.89,0.0,0.375,cpu_perf_counter,cpu
32,encoder.layer.2.attention.output.LayerNorm,LayerNorm,0.0385,0.375,491520.0,1536,0,26,0.0391,analytic,"[1, 128, 768]","[1, 128, 768]",1214.89,0.0,0.375,cpu_perf_counter,cpu
32,encoder.layer.2.intermediate.dense,Linear,1.8525,1.5,603979776.0,2362368,0,27,1.8531,counter,"[1, 128, 768]","[1, 128, 3072]",1214.89,0.0,1.5,cpu_perf_counter,cpu
32,encoder.layer.2.intermediate.intermediate_act_fn,GELUActivation,0.1436,1.5,0.0,0,0,28,0.1442,none,"[1, 128, 3072]","[1, 128, 3072]",1214.89,0.0,1.5,cpu_perf_counter,cpu
32,encoder.layer.2.output.dense,Linear,1.5726,0.375,603979776.0,2360064,0,29,1.5732,counter,"[1, 128, 3072]","[1, 128, 768]",1214.89,0.0,0.375,cpu_perf_counter,cpu
32,encoder.layer.2.output.LayerNorm,LayerNorm,0.0524,0.375,491520.0,1536,0,30,0.053,analytic,"[1, 128, 768]","[1, 128, 768]",1214.89,0.0,0.375,cpu_perf_counter,cpu
32,encoder.layer.3.attention.self.query,Linear,0.3901,0.375,150994944.0,590592,0,31,0.3907,counter,"[1, 128, 768]","[1, 128, 768]",1214.89,0.0,0.375,cpu_perf_counter,cpu
32,encoder.layer.3.attention.self.key,Linear,0.3699,0.375,150994944.0,590592,0,32,0.3705,counter,"[1, 128, 768]","[1, 128, 768]",1214.89,0.0,0.375,cpu_perf_counter,cpu
32,encoder.layer.3.attention.self.value,Linear,0.3835,0.375,150994944.0,590592,0,33,0.3841,counter,"[1, 128, 768]","[1, 128, 768]",1214.89,0.0,0.375,cpu_perf_counter,cpu
32,encoder.layer.3.attention.output.dense,Linear,0.385,0.375,150994944.0,590592,0,34,0.3856,counter,"[1, 128, 768]","[1, 128, 768]",1214.89,0.0,0.375,cpu_perf_counter,cpu
32,encoder.layer.3.attention.output.LayerNorm,LayerNorm,0.0313,0.375,491520.0,1536,0,35,0.0319,analytic,"[1, 128, 768]","[1, 128, 768]",1214.89,0.0,0.375,cpu_perf_counter,cpu
32,encoder.layer.3.intermediate.dense,Linear,1.7279,1.5,603979776.0,2362368,0,36,1.7285,counter,"[1, 128, 768]","[1, 128, 3072]",1214.89,0.0,1.5,cpu_perf_counter,cpu
32,encoder.layer.3.intermediate.intermediate_act_fn,GELUActivation,0.1411,1.5,0.0,0,0,37,0.1417,none,"[1, 128, 3072]","[1, 128, 3072]",1214.89,0.0,1.5,cpu_perf_counter,cpu
32,encoder.layer.3.output.dense,Linear,1.7119,0.375,603979776.0,2360064,0,38,1.7125,counter,"[1, 128, 3072]","[1, 128, 768]",1214.89,0.0,0.375,cpu_perf_counter,cpu
32,encoder.layer.3.output.LayerNorm,LayerNorm,0.0385,0.375,491520.0,1536,0,39,0.0391,analytic,"[1, 128, 768]","[1, 128, 768]",1214.89,0.0,0.375,cpu_perf_counter,cpu
32,encoder.layer.4.attention.self.query,Linear,0.3956,0.375,150994944.0,590592,0,40,0.3962,counter,"[1, 128, 768]","[1, 128, 768]",1214.89,0.0,0.375,cpu_perf_counter,cpu
32,encoder.layer.4.attention.self.key,Linear,0.4172,0.375,150994944.0,590592,0,41,0.4178,counter,"[1, 128, 768]","[1, 128, 768]",1214.89,0.0,0.375,cpu_perf_counter,cpu
32,encoder.layer.4.attention.self.value,Linear,0.3962,0.375,150994944.0,590592,0,42,0.3968,counter,"[1, 128, 768]","[1, 128, 768]",1214.89,0.0,0.375,cpu_perf_counter,cpu
32,encoder.layer.4.attention.output.dense,Linear,0.3964,0.375,150994944.0,590592,0,43,0.397,counter,"[1, 128, 768]","[1, 128, 768]",1214.89,0.0,0.375,cpu_perf_counter,cpu
32,encoder.layer.4.attention.output.LayerNorm,LayerNorm,0.0403,0.375,491520.0,1536,0,44,0.0409,analytic,"[1, 128, 768]","[1, 128, 768]",1214.89,0.0,0.375,cpu_perf_counter,cpu
32,encoder.layer.4.intermediate.dense,Linear,1.7807,1.5,603979776.0,2362368,0,45,1.7813,counter,"[1, 128, 768]","[1, 128, 3072]",1214.89,0.0,1.5,cpu_perf_counter,cpu
32,encoder.layer.4.intermediate.intermediate_act_fn,GELUActivation,0.1271,1.5,0.0,0,0,46,0.1277,none,"[1, 128, 3072]","[1, 128, 3072]",1214.89,0.0,1.5,cpu_perf_counter,cpu
32,encoder.layer.4.output.dense,Linear,1.5518,0.375,603979776.0,2360064,0,47,1.5524,counter,"[1, 128, 3072]","[1, 128, 768]",1214.89,0.0,0.375,cpu_perf_counter,cpu
32,encoder.layer.4.output.LayerNorm,LayerNorm,0.0462,0.375,491520.0,1536,0,48,0.0468,analytic,"[1, 128, 768]","[1, 128, 768]",1214.89,0.0,0.375,cpu_perf_counter,cpu
32,encoder.layer.5.attention.self.query,Linear,0.4142,0.375,150994944.0,590592,0,49,0.4148,counter,"[1, 128, 768]","[1, 128, 768]",1214.89,0.0,0.375,cpu_perf_counter,cpu
32,encoder.layer.5.attention.self.key,Linear,0.3777,0.375,150994944.0,590592,0,50,0.3783,counter,"[1, 128, 768]","[1, 128, 768]",1214.89,0.0,0.375,cpu_perf_counter,cpu
32,encoder.layer.5.attention.self.value,Linear,0.3792,0.375,150994944.0,590592,0,51,0.3798,counter,"[1, 128, 768]","[1, 128, 768]",1214.89,0.0,0.375,cpu_perf_counter,cpu
32,encoder.layer.5.attention.output.dense,Linear,0.389,0.375,150994944.0,590592,0,52,0.3896,counter,"[1, 128, 768]","[1, 128, 768]",1214.89,0.0,0.375,cpu_perf_counter,cpu
32,encoder.layer.5.attention.output.LayerNorm,LayerNorm,0.0301,0.375,491520.0,1536,0,53,0.0307,analytic,"[1, 128, 768]","[1, 128, 768]",1214.89,0.0,0.375,cpu_perf_counter,cpu
32,encoder.layer.5.intermediate.dense,Linear,1.7305,1.5,603979776.0,2362368,0,54,1.7311,counter,"[1, 128, 768]","[1, 128, 3072]",1214.89,0.0,1.5,cpu_perf_counter,cpu
32,encoder.layer.5.intermediate.intermediate_act_fn,GELUActivation,0.1269,1.5,0.0,0,0,55,0.1275,none,"[1, 128, 3072]","[1, 128, 3072]",1214.89,0.0,1.5,cpu_perf_counter,cpu
32,encoder.layer.5.output.dense,Linear,1.6856,0.375,603979776.0,2360064,0,56,1.6862,counter,"[1, 128, 3072]","[1, 128, 768]",1214.89,0.0,0.375,cpu_perf_counter,cpu
32,encoder.layer.5.output.LayerNorm,LayerNorm,0.0411,0.375,491520.0,1536,0,57,0.0417,analytic,"[1, 128, 768]","[1, 128, 768]",1214.89,0.0,0.375,cpu_perf_counter,cpu
32,encoder.layer.6.attention.self.query,Linear,0.3846,0.375,150994944.0,590592,0,58,0.3852,counter,"[1, 128, 768]","[1, 128, 768]",1214.89,0.0,0.375,cpu_perf_counter,cpu
32,encoder.layer.6.attention.self.key,Linear,0.3795,0.375,150994944.0,590592,0,59,0.3801,counter,"[1, 128, 768]","[1, 128, 768]",1214.89,0.0,0.375,cpu_perf_counter,cpu
32,encoder.layer.6.attention.self.value,Linear,0.3702,0.375,150994944.0,590592,0,60,0.3708,counter,"[1, 128, 768]","[1, 128, 768]",1214.89,0.0,0.375,cpu_perf_counter,cpu
32,encoder.layer.6.attention.output.dense,Linear,0.3807,0.375,150994944.0,590592,0,61,0.3813,counter,"[1, 128, 768]","[1, 128, 768]",1214.89,0.0,0.375,cpu_perf_counter,cpu
32,encoder.layer.6.attention.output.LayerNorm,LayerNorm,0.0252,0.375,491520.0,1536,0,62,0.0258,analytic,"[1, 128, 768]","[1, 128, 768]",1214.89,0.0,0.375,cpu_perf_counter,cpu
32,encoder.layer.6.intermediate.dense,Linear,1.6902,1.5,603979776.0,2362368,0,63,1.6908,counter,"[1, 128, 768]","[1, 128, 3072]",1214.89,0.0,1.5,cpu_perf_counter,cpu
32,encoder.layer.6.intermediate.intermediate_act_fn,GELUActivation,0.1229,1.5,0.0,0,0,64,0.1235,none,"[1, 128, 3072]","[1, 128, 3072]",1214.89,0.0,1.5,cpu_perf_counter,cpu
32,encoder.layer.6.output.dense,Linear,1.6959,0.375,603979776.0,2360064,0,65,1.6965,counter,"[1, 128, 3072]","[1, 128, 768]",1214.89,0.0,0.375,cpu_perf_counter,cpu
32,encoder.layer.6.output.LayerNorm,LayerNorm,0.0412,0.375,491520.0,1536,0,66,0.0418,analytic,"[1, 128, 768]","[1, 128, 768]",1214.89,0.0,0.375,cpu_perf_counter,cpu
32,encoder.layer.7.attention.self.query,Linear,0.4069,0.375,150994944.0,590592,0,67,0.4075,counter,"[1, 128, 768]","[1, 128, 768]",1214.89,0.0,0.375,cpu_perf_counter,cpu
32,encoder.layer.7.attention.self.key,Linear,0.4033,0.375,150994944.0,590592,0,68,0.4039,counter,"[1, 128, 768]","[1, 128, 768]",1214.89,0.0,0.375,cpu_perf_counter,cpu
32,encoder.layer.7.attention.self.value,Linear,0.4149,0.375,150994944.0,590592,0,69,0.4155,counter,"[1, 128, 768]","[1, 128, 768]",1214.89,0.0,0.375,cpu_perf_counter,cpu
32,encoder.layer.7.attention.output.dense,Linear,0.3964,0.375,150994944.0,590592,0,70,0.397,counter,"[1, 128, 768]","[1, 128, 768]",1214.89,0.0,0.375,cpu_perf_counter,cpu
32,encoder.layer.7.attention.output.LayerNorm,LayerNorm,0.0321,0.375,491520.0,1536,0,71,0.0327,analytic,"[1, 128, 768]","[1, 128, 768]",1214.89,0.0,0.375,cpu_perf_counter,cpu
32,encoder.layer.7.intermediate.dense,Linear,1.8567,1.5,603979776.0,2362368,0,72,1.8573,counter,"[1, 128, 768]","[1, 128, 3072]",1214.89,0.0,1.5,cpu_perf_counter,cpu
32,encoder.layer.7.intermediate.intermediate_act_fn,GELUActivation,0.1353,1.5,0.0,0,0,73,0.1359,none,"[1, 128, 3072]","[1, 128, 3072]",1214.89,0.0,1.5,cpu_perf_counter,cpu
32,encoder.layer.7.output.dense,Linear,1.4974,0.375,603979776.0,2360064,0,74,1.498,counter,"[1, 128, 3072]","[1, 128, 768]",1214.89,0.0,0.375,cpu_perf_counter,cpu
32,encoder.layer.7.output.LayerNorm,LayerNorm,0.0416,0.375,491520.0,1536,0,75,0.0422,analytic,"[1, 128, 768]","[1, 128, 768]",1214.89,0.0,0.375,cpu_perf_counter,cpu
32,encoder.layer.8.attention.self.query,Linear,0.3925,0.375,150994944.0,590592,0,76,0.3931,counter,"[1, 128, 768]","[1, 128, 768]",1214.89,0.0,0.375,cpu_perf_counter,cpu
32,encoder.layer.8.attention.self.key,Linear,0.3899,0.375,150994944.0,590592,0,77,0.3905,counter,"[1, 128, 768]","[1, 128, 768]",1214.89,0.0,0.375,cpu_perf_counter,cpu
32,encoder.layer.8.attention.self.value,Linear,0.3756,0.375,150994944.0,590592,0,78,0.3762,counter,"[1, 128, 768]","[1, 128, 768]",1214.89,0.0,0.375,cpu_perf_counter,cpu
32,encoder.layer.8.attention.output.dense,Linear,0.3953,0.375,150994944.0,590592,0,79,0.3959,counter,"[1, 128, 768]","[1, 128, 768]",1214.89,0.0,0.375,cpu_perf_counter,cpu
32,encoder.layer.8.attention.output.LayerNorm,LayerNorm,0.0255,0.375,491520.0,1536,0,80,0.0261,analytic,"[1, 128, 768]","[1, 128, 768]",1214.89,0.0,0.375,cpu_perf_counter,cpu
32,encoder.layer.8.intermediate.dense,Linear,1.7744,1.5,603979776.0,2362368,0,81,1.775,counter,"[1, 128, 768]","[1, 128, 3072]",1214.89,0.0,1.5,cpu_perf_counter,cpu
32,encoder.layer.8.intermediate.intermediate_act_fn,GELUActivation,0.1261,1.5,0.0,0,0,82,0.1267,none,"[1, 128, 3072]","[1, 128, 3072]",1214.89,0.0,1.5,cpu_perf_counter,cpu
32,encoder.layer.8.output.dense,Linear,1.5634,0.375,603979776.0,2360064,0,83,1.564,counter,"[1, 128, 3072]","[1, 128, 768]",1214.89,0.0,0.375,cpu_perf_counter,cpu
32,encoder.layer.8.output.LayerNorm,LayerNorm,0.0401,0.375,491520.0,1536,0,84,0.0407,analytic,"[1, 128, 768]","[1, 128, 768]",1214.89,0.0,0.375,cpu_perf_counter,cpu
32,encoder.layer.9.attention.self.query,Linear,0.4018,0.375,150994944.0,590592,0,85,0.4024,counter,"[1, 128, 768]","[1, 128, 768]",1214.89,0.0,0.375,cpu_perf_counter,cpu
32,encoder.layer.9.attention.self.key,Linear,0.3877,0.375,150994944.0,590592,0,86,0.3883,counter,"[1, 128, 768]","[1, 128, 768]",1214.89,0.0,0.375,cpu_perf_counter,cpu
32,encoder.layer.9.attention.self.value,Linear,0.385,0.375,150994944.0,590592,0,87,0.3856,counter,"[1, 128, 768]","[1, 128, 768]",1214.89,0.0,0.375,cpu_perf_counter,cpu
32,encoder.layer.9.attention.output.dense,Linear,0.3942,0.375,150994944.0,590592,0,88,0.3948,counter,"[1, 128, 768]","[1, 128, 768]",1214.89,0.0,0.375,cpu_perf_counter,cpu
32,encoder.layer.9.attention.output.LayerNorm,LayerNorm,0.0325,0.375,491520.0,1536,0,89,0.0331,analytic,"[1, 128, 768]","[1, 128, 768]",1214.89,0.0,0.375,cpu_perf_counter,cpu
32,encoder.layer.9.intermediate.dense,Linear,1.8673,1.5,603979776.0,2362368,0,90,1.8679,counter,"[1, 128, 768]","[1, 128, 3072]",1214.89,0.0,1.5,cpu_perf_counter,cpu
32,encoder.layer.9.intermediate.intermediate_act_fn,GELUActivation,0.1329,1.5,0.0,0,0,91,0.1335,none,"[1, 128, 3072]","[1, 128, 3072]",1214.89,0.0,1.5,cpu_perf_counter,cpu
32,encoder.layer.9.output.dense,Linear,1.6556,0.375,603979776.0,2360064,0,92,1.6562,counter,"[1, 128, 3072]","[1, 128, 768]",1214.89,0.0,0.375,cpu_perf_counter,cpu
32,encoder.layer.9.output.LayerNorm,LayerNorm,0.0442,0.375,491520.0,1536,0,93,0.0448,analytic,"[1, 128, 768]","[1, 128, 768]",1214.89,0.0,0.375,cpu_perf_counter,cpu
32,encoder.layer.10.attention.self.query,Linear,0.3927,0.375,150994944.0,590592,0,94,0.3933,counter,"[1, 128, 768]","[1, 128, 768]",1214.89,0.0,0.375,cpu_perf_counter,cpu
32,encoder.layer.10.attention.self.key,Linear,0.3813,0.375,150994944.0,590592,0,95,0.3819,counter,"[1, 128, 768]","[1, 128, 768]",1214.89,0.0,0.375,cpu_perf_counter,cpu
32,encoder.layer.10.attention.self.value,Linear,0.4207,0.375,150994944.0,590592,0,96,0.4213,counter,"[1, 128, 768]","[1, 128, 768]",1214.89,0.0,0.375,cpu_perf_counter,cpu
32,encoder.layer.10.attention.output.dense,Linear,0.4518,0.375,150994944.0,590592,0,97,0.4524,counter,"[1, 128, 768]","[1, 128, 768]",1214.89,0.0,0.375,cpu_perf_counter,cpu
32,encoder.layer.10.attention.output.LayerNorm,LayerNorm,0.0286,0.375,491520.0,1536,0,98,0.0292,analytic,"[1, 128, 768]","[1, 128, 768]",1214.89,0.0,0.375,cpu_perf_counter,cpu
32,encoder.layer.10.intermediate.dense,Linear,1.8044,1.5,603979776.0,2362368,0,99,1.805,counter,"[1, 128, 768]","[1, 128, 3072]",1214.89,0.0,1.5,cpu_perf_counter,cpu
32,encoder.layer.10.intermediate.intermediate_act_fn,GELUActivation,0.1257,1.5,0.0,0,0,100,0.1263,none,"[1, 128, 3072]","[1, 128, 3072]",1214.89,0.0,1.5,cpu_perf_counter,cpu
32,encoder.layer.10.output.dense,Linear,1.6523,0.375,603979776.0,2360064,0,101,1.6529,counter,"[1, 128, 3072]","[1, 128, 768]",1214.89,0.0,0.375,cpu_perf_counter,cpu
32,encoder.layer.10.output.LayerNorm,LayerNorm,0.0381,0.375,491520.0,1536,0,102,0.0387,analytic,"[1, 128, 768]","[1, 128, 768]",1214.89,0.0,0.375,cpu_perf_counter,cpu
32,encoder.layer.11.attention.self.query,Linear,0.3848,0.375,150994944.0,590592,0,103,0.3854,counter,"[1, 128, 768]","[1, 128, 768]",1214.89,0.0,0.375,cpu_perf_counter,cpu
32,encoder.layer.11.attention.self.key,Linear,0.3731,0.375,150994944.0,590592,0,104,0.3737,counter,"[1, 128, 768]","[1, 128, 768]",1214.89,0.0,0.375,cpu_perf_counter,cpu
32,encoder.layer.11.attention.self.value,Linear,0.3842,0.375,150994944.0,590592,0,105,0.3848,counter,"[1, 128, 768]","[1, 128, 768]",1214.89,0.0,0.375,cpu_perf_counter,cpu
32,encoder.layer.11.attention.output.dense,Linear,0.3863,0.375,150994944.0,590592,0,106,0.3869,counter,"[1, 128, 768]","[1, 128, 768]",1214.89,0.0,0.375,cpu_perf_counter,cpu
32,encoder.layer.11.attention.output.LayerNorm,LayerNorm,0.0318,0.375,491520.0,1536,0,107,0.0324,analytic,"[1, 128, 768]","[1, 128, 768]",1214.89,0.0,0.375,cpu_perf_counter,cpu
32,encoder.layer.11.intermediate.dense,Linear,1.738,1.5,603979776.0,2362368,0,108,1.7386,counter,"[1, 128, 768]","[1, 128, 3072]",1214.89,0.0,1.5,cpu_perf_counter,cpu
32,encoder.layer.11.intermediate.intermediate_act_fn,GELUActivation,0.1245,1.5,0.0,0,0,109,0.1251,none,"[1, 128, 3072]","[1, 128, 3072]",1214.89,0.0,1.5,cpu_perf_counter,cpu
32,encoder.layer.11.output.dense,Linear,1.5413,0.375,603979776.0,2360064,0,110,1.5419,counter,"[1, 128, 3072]","[1, 128, 768]",1214.89,0.0,0.375,cpu_perf_counter,cpu
32,encoder.layer.11.output.LayerNorm,LayerNorm,0.0392,0.375,491520.0,1536,0,111,0.0398,analytic,"[1, 128, 768]","[1, 128, 768]",1214.89,0.0,0.375,cpu_perf_counter,cpu
32,pooler.dense,Linear,0.1182,0.00293,1179648.0,590592,0,112,0.1188,counter,"[1, 768]","[1, 768]",1214.89,0.0,0.003,cpu_perf_counter,cpu
32,pooler.activation,Tanh,0.0155,0.00293,3072.0,0,0,113,0.0161,analytic,"[1, 768]","[1, 768]",1214.89,0.0,0.003,cpu_perf_counter,cpu
33,embeddings.word_embeddings,Embedding,0.0485,0.375,0.0,23440896,0,0,0.0491,none,"[1, 128]","[1, 128, 768]",1214.89,0.0,0.375,cpu_perf_counter,cpu
33,embeddings.token_type_embeddings,Embedding,0.0202,0.375,0.0,1536,0,1,0.0208,none,"[1, 128]","[1, 128, 768]",1214.89,0.0,0.375,cpu_perf_counter,cpu
33,embeddings.position_embeddings,Embedding,0.0224,0.375,0.0,393216,0,2,0.023,none,"[1, 128]","[1, 128, 768]",1214.89,0.0,0.375,cpu_perf_counter,cpu
33,embeddings.LayerNorm,LayerNorm,0.0241,0.375,491520.0,1536,0,3,0.0247,analytic,"[1, 128, 768]","[1, 128, 768]",1214.89,0.0,0.375,cpu_perf_counter,cpu
33,encoder.layer.0.attention.self.query,Linear,0.3774,0.375,150994944.0,590592,0,4,0.378,counter,"[1, 128, 768]","[1, 128, 768]",1214.89,0.0,0.375,cpu_perf_counter,cpu
33,encoder.layer.0.attention.self.key,Linear,0.3514,0.375,150994944.0,590592,0,5,0.352,counter,"[1, 128, 768]","[1, 128, 768]",1214.89,0.0,0.375,cpu_perf_counter,cpu
33,encoder.layer.0.attention.self.value,Linear,0.3641,0.375,150994944.0,590592,0,6,0.3647,counter,"[1, 128, 768]","[1, 128, 768]",1214.89,0.0,0.375,cpu_perf_counter,cpu
33,encoder.layer.0.attention.output.dense,Linear,0.3674,0.375,150994944.0,590592,0,7,0.368,counter,"[1, 128, 768]","[1, 128, 768]",1214.89,0.0,0.375,cpu_perf_counter,cpu
33,encoder.layer.0.attention.output.LayerNorm,LayerNorm,0.0269,0.375,491520.0,1536,0,8,0.0275,analytic,"[1, 128, 768]","[1, 128, 768]",1214.89,0.0,0.375,cpu_perf_counter,cpu
33,encoder.layer.0.intermediate.dense,Linear,1.8827,1.5,603979776.0,2362368,0,9,1.8833,counter,"[1, 128, 768]","[1, 128, 3072]",1214.89,0.0,1.5,cpu_perf_counter,cpu
33,encoder.layer.0.intermediate.intermediate_act_fn,GELUActivation,0.2179,1.5,0.0,0,0,10,0.2185,none,"[1, 128, 3072]","[1, 128, 3072]",1214.89,0.0,1.5,cpu_perf_counter,cpu
33,encoder.layer.0.output.dense,Linear,1.8116,0.375,603979776.0,2360064,0,11,1.8122,counter,"[1, 128, 3072]","[1, 128, 768]",1214.89,0.0,0.375,cpu_perf_counter,cpu
33,encoder.layer.0.output.LayerNorm,LayerNorm,0.0509,0.375,491520.0,1536,0,12,0.0515,analytic,"[1, 128, 768]","[1, 128, 768]",1214.89,0.0,0.375,cpu_perf_counter,cpu
33,encoder.layer.1.attention.self.query,Linear,0.4502,0.375,150994944.0,590592,0,13,0.4508,counter,"[1, 128, 768]","[1, 128, 768]",1214.89,0.0,0.375,cpu_perf_counter,cpu
33,encoder.layer.1.attention.self.key,Linear,0.3846,0.375,150994944.0,590592,0,14,0.3852,counter,"[1, 128, 768]","[1, 128, 768]",1214.89,0.0,0.375,cpu_perf_counter,cpu
33,encoder.layer.1.attention.self.value,Linear,0.3976,0.375,150994944.0,590592,0,15,0.3982,counter,"[1, 128, 768]","[1, 128, 768]",1214.89,0.0,0.375,cpu_perf_counter,cpu
33,encoder.layer.1.attention.output.dense,Linear,0.3897,0.375,150994944.0,590592,0,16,0.3903,counter,"[1, 128, 768]","[1, 128, 768]",1214.89,0.0,0.375,cpu_perf_counter,cpu
33,encoder.layer.1.attention.output.LayerNorm,LayerNorm,0.0296,0.375,491520.0,1536,0,17,0.0302,analytic,"[1, 128, 768]","[1, 128, 768]",1214.89,0.0,0.375,cpu_perf_counter,cpu
33,encoder.layer.1.intermediate.dense,Linear,1.8722,1.5,603979776.0,2362368,0,18,1.8728,counter,"[1, 128, 768]","[1, 128, 3072]",1214.89,0.0,1.5,cpu_perf_counter,cpu
33,encoder.layer.1.intermediate.intermediate_act_fn,GELUActivation,0.1422,1.5,0.0,0,0,19,0.1428,none,"[1, 128, 3072]","[1, 128, 3072]",1214.89,0.0,1.5,cpu_perf_counter,cpu
33,encoder.layer.1.output.dense,Linear,1.5083,0.375,603979776.0,2360064,0,20,1.5089,counter,"[1, 128, 3072]","[1, 128, 768]",1214.89,0.0,0.375,cpu_perf_counter,cpu
33,encoder.layer.1.output.LayerNorm,LayerNorm,0.0449,0.375,491520.0,1536,0,21,0.0455,analytic,"[1, 128, 768]","[1, 128, 768]",1214.89,0.0,0.375,cpu_perf_counter,cpu
33,encoder.layer.2.attention.self.query,Linear,0.3991,0.375,150994944.0,590592,0,22,0.3997,counter,"[1, 128, 768]","[1, 128, 768]",1214.89,0.0,0.375,cpu_perf_counter,cpu
33,encoder.layer.2.attention.self.key,Linear,0.3902,0.375,150994944.0,590592,0,23,0.3908,counter,"[1, 128, 768]","[1, 128, 768]",1214.89,0.0,0.375,cpu_perf_counter,cpu
33,encoder.layer.2.attention.self.value,Linear,0.3835,0.375,150994944.0,590592,0,24,0.3841,counter,"[1, 128, 768]","[1, 128, 768]",1214.89,0.0,0.375,cpu_perf_counter,cpu
33,encoder.layer.2.attention.output.dense,Linear,0.3957,0.375,150994944.0,590592,0,25,0.3963,counter,"[1, 128, 768]","[1, 128, 768]",1214.89,0.0,0.375,cpu_perf_counter,cpu
33,encoder.layer.2.attention.output.LayerNorm,LayerNorm,0.0341,0.375,491520.0,1536,0,26,0.0347,analytic,"[1, 128, 768]","[1, 128, 768]",1214.89,0.0,0.375,cpu_perf_counter,cpu
33,encoder.layer.2.intermediate.dense,Linear,1.8682,1.5,603979776.0,2362368,0,27,1.8688,counter,"[1, 128, 768]","[1, 128, 3072]",1214.89,0.0,1.5,cpu_perf_counter,cpu
33,encoder.layer.2.intermediate.intermediate_act_fn,GELUActivation,0.1493,1.5,0.0,0,0,28,0.1499,none,"[1, 128, 3072]","[1, 128, 3072]",1214.89,0.0,1.5,cpu_perf_counter,cpu
33,encoder.layer.2.output.dense,Linear,1.5227,0.375,603979776.0,2360064,0,29,1.5233,counter,"[1, 128, 3072]","[1, 128, 768]",1214.89,0.0,0.375,cpu_perf_counter,cpu
33,encoder.layer.2.output.LayerNorm,LayerNorm,0.0493,0.375,491520.0,1536,0,30,0.0499,analytic,"[1, 128, 768]","[1, 128, 768]",1214.89,0.0,0.375,cpu_perf_counter,cpu
33,encoder.layer.3.attention.self.query,Linear,0.4138,0.375,150994944.0,590592,0,31,0.4144,counter,"[1, 128, 768]","[1, 128, 768]",1214.89,0.0,0.375,cpu_perf_counter,cpu
33,encoder.layer.3.attention.self.key,Linear,0.3857,0.375,150994944.0,590592,0,32,0.3863,counter,"[1, 128, 768]","[1, 128, 768]",1214.89,0.0,0.375,cpu_perf_counter,cpu
33,encoder.layer.3.attention.self.value,Linear,0.4062,0.375,150994944.0,590592,0,33,0.4068,counter,"[1, 128, 768]","[1, 128, 768]",1214.89,0.0,0.375,cpu_perf_counter,cpu
33,encoder.layer.3.attention.output.dense,Linear,0.3953,0.375,150994944.0,590592,0,34,0.3959,counter,"[1, 128, 768]","[1, 128, 768]",1214.89,0.0,0.375,cpu_perf_counter,cpu
33,encoder.layer.3.attention.output.LayerNorm,LayerNorm,0.0331,0.375,491520.0,1536,0,35,0.0337,analytic,"[1, 128, 768]","[1, 128, 768]",1214.89,0.0,0.375,cpu_perf_counter,cpu
33,encoder.layer.3.intermediate.dense,Linear,1.8052,1.5,603979776.0,2362368,0,36,1.8058,counter,"[1, 128, 768]","[1, 128, 3072]",1214.89,0.0,1.5,cpu_perf_counter,cpu
33,encoder.layer.3.intermediate.intermediate_act_fn,GELUActivation,0.1435,1.5,0.0,0,0,37,0.1441,none,"[1, 128, 3072]","[1, 128, 3072]",1214.89,0.0,1.5,cpu_perf_counter,cpu
33,encoder.layer.3.output.dense,Linear,1.5328,0.375,603979776.0,2360064,0,38,1.5334,counter,"[1, 128, 3072]","[1, 128, 768]",1214.89,0.0,0.375,cpu_perf_counter,cpu
33,encoder.layer.3.output.LayerNorm,LayerNorm,0.0542,0.375,491520.0,1536,0,39,0.0548,analytic,"[1, 128, 768]","[1, 128, 768]",1214.89,0.0,0.375,cpu_perf_counter,cpu
33,encoder.layer.4.attention.self.query,Linear,0.3896,0.375,150994944.0,590592,0,40,0.3902,counter,"[1, 128, 768]","[1, 128, 768]",1214.89,0.0,0.375,cpu_perf_counter,cpu
33,encoder.layer.4.attention.self.key,Linear,0.4173,0.375,150994944.0,590592,0,41,0.4179,counter,"[1, 128, 768]","[1, 128, 768]",1214.89,0.0,0.375,cpu_perf_counter,cpu
33,encoder.layer.4.attention.self.value,Linear,0.3973,0.375,150994944.0,590592,0,42,0.3979,counter,"[1, 128, 768]","[1, 128, 768]",1214.89,0.0,0.375,cpu_perf_counter,cpu
33,encoder.layer.4.attention.output.dense,Linear,0.3858,0.375,150994944.0,590592,0,43,0.3864,counter,"[1, 128, 768]","[1, 128, 768]",1214.89,0.0,0.375,cpu_perf_counter,cpu
33,encoder.layer.4.attention.output.LayerNorm,LayerNorm,0.028,0.375,491520.0,1536,0,44,0.0286,analytic,"[1, 128, 768]","[1, 128, 768]",1214.89,0.0,0.375,cpu_perf_counter,cpu
33,encoder.layer.4.intermediate.dense,Linear,1.8189,1.5,603979776.0,2362368,0,45,1.8195,counter,"[1, 128, 768]","[1, 128, 3072]",1214.89,0.0,1.5,cpu_perf_counter,cpu
33,encoder.layer.4.intermediate.intermediate_act_fn,GELUActivation,0.1504,1.5,0.0,0,0,46,0.151,none,"[1, 128, 3072]","[1, 128, 3072]",1214.89,0.0,1.5,cpu_perf_counter,cpu
33,encoder.layer.4.output.dense,Linear,1.5397,0.375,603979776.0,2360064,0,47,1.5403,counter,"[1, 128, 3072]","[1, 128, 768]",1214.89,0.0,0.375,cpu_perf_counter,cpu
33,encoder.layer.4.output.LayerNorm,LayerNorm,0.0462,0.375,491520.0,1536,0,48,0.0468,analytic,"[1, 128, 768]","[1, 128, 768]",1214.89,0.0,0.375,cpu_perf_counter,cpu
33,encoder.layer.5.attention.self.query,Linear,0.3944,0.375,150994944.0,590592,0,49,0.395,counter,"[1, 128, 768]","[1, 128, 768]",1214.89,0.0,0.375,cpu_perf_counter,cpu
33,encoder.layer.5.attention.self.key,Linear,0.3777,0.375,150994944.0,590592,0,50,0.3783,counter,"[1, 128, 768]","[1, 128, 768]",1214.89,0.0,0.375,cpu_perf_counter,cpu
33,encoder.layer.5.attention.self.value,Linear,0.3817,0.375,150994944.0,590592,0,51,0.3823,counter,"[1, 128, 768]","[1, 128, 768]",1214.89,0.0,0.375,cpu_perf_counter,cpu
33,encoder.layer.5.attention.output.dense,Linear,0.3969,0.375,150994944.0,590592,0,52,0.3975,counter,"[1, 128, 768]","[1, 128, 768]",1214.89,0.0,0.375,cpu_perf_counter,cpu
33,encoder.layer.5.attention.output.LayerNorm,LayerNorm,0.0326,0.375,491520.0,1536,0,53,0.0332,analytic,"[1, 128, 768]","[1, 128, 768]",1214.89,0.0,0.375,cpu_perf_counter,cpu
33,encoder.layer.5.intermediate.dense,Linear,1.9073,1.5,603979776.0,2362368,0,54,1.9079,counter,"[1, 128, 768]","[1, 128, 3072]",1214.89,0.0,1.5,cpu_perf_counter,cpu
33,encoder.layer.5.intermediate.intermediate_act_fn,GELUActivation,0.15,1.5,0.0,0,0,55,0.1506,none,"[1, 128, 3072]","[1, 128, 3072]",1214.89,0.0,1.5,cpu_perf_counter,cpu
33,encoder.layer.5.output.dense,Linear,1.4813,0.375,603979776.0,2360064,0,56,1.4819,counter,"[1, 128, 3072]","[1, 128, 768]",1214.89,0.0,0.375,cpu_perf_counter,cpu
33,encoder.layer.5.output.LayerNorm,LayerNorm,0.0504,0.375,491520.0,1536,0,57,0.051,analytic,"[1, 128, 768]","[1, 128, 768]",1214.89,0.0,0.375,cpu_perf_counter,cpu
33,encoder.layer.6.attention.self.query,Linear,0.3993,0.375,150994944.0,590592,0,58,0.3999,counter,"[1, 128, 768]","[1, 128, 768]",1214.89,0.0,0.375,cpu_perf_counter,cpu
33,encoder.layer.6.attention.self.key,Linear,0.3897,0.375,150994944.0,590592,0,59,0.3903,counter,"[1, 128, 768]","[1, 128, 768]",1214.89,0.0,0.375,cpu_perf_counter,cpu
33,encoder.layer.6.attention.self.value,Linear,0.3807,0.375,150994944.0,590592,0,60,0.3813,counter,"[1, 128, 768]","[1, 128, 768]",1214.89,0.0,0.375,cpu_perf_counter,cpu
33,encoder.layer.6.attention.output.dense,Linear,0.4124,0.375,150994944.0,590592,0,61,0.413,counter,"[1, 128, 768]","[1, 128, 768]",1214.89,0.0,0.375,cpu_perf_counter,cpu
33,encoder.layer.6.attention.output.LayerNorm,LayerNorm,0.0333,0.375,491520.0,1536,0,62,0.0339,analytic,"[1, 128, 768]","[1, 128, 768]",1214.89,0.0,0.375,cpu_perf_counter,cpu
33,encoder.layer.6.intermediate.dense,Linear,1.8646,1.5,603979776.0,2362368,0,63,1.8652,counter,"[1, 128, 768]","[1, 128, 3072]",1214.89,0.0,1.5,cpu_perf_counter,cpu
33,encoder.layer.6.intermediate.intermediate_act_fn,GELUActivation,0.1527,1.5,0.0,0,0,64,0.1533,none,"[1, 128, 3072]","[1, 128, 3072]",1214.89,0.0,1.5,cpu_perf_counter,cpu
33,encoder.layer.6.output.dense,Linear,1.4859,0.375,603979776.0,2360064,0,65,1.4865,counter,"[1, 128, 3072]","[1, 128, 768]",1214.89,0.0,0.375,cpu_perf_counter,cpu
33,encoder.layer.6.output.LayerNorm,LayerNorm,0.0459,0.375,491520.0,1536,0,66,0.0465,analytic,"[1, 128, 768]","[1, 128, 768]",1214.89,0.0,0.375,cpu_perf_counter,cpu
33,encoder.layer.7.attention.self.query,Linear,0.415,0.375,150994944.0,590592,0,67,0.4156,counter,"[1, 128, 768]","[1, 128, 768]",1214.89,0.0,0.375,cpu_perf_counter,cpu
33,encoder.layer.7.attention.self.key,Linear,0.3814,0.375,150994944.0,590592,0,68,0.382,counter,"[1, 128, 768]","[1, 128, 768]",1214.89,0.0,0.375,cpu_perf_counter,cpu
33,encoder.layer.7.attention.self.value,Linear,0.3943,0.375,150994944.0,590592,0,69,0.3949,counter,"[1, 128, 768]","[1, 128, 768]",1214.89,0.0,0.375,cpu_perf_counter,cpu
33,encoder.layer.7.attention.output.dense,Linear,0.389,0.375,150994944.0,590592,0,70,0.3896,counter,"[1, 128, 768]","[1, 128, 768]",1214.89,0.0,0.375,cpu_perf_counter,cpu
33,encoder.layer.7.attention.output.LayerNorm,LayerNorm,0.0297,0.375,491520.0,1536,0,71,0.0303,analytic,"[1, 128, 768]","[1, 128, 768]",1214.89,0.0,0.375,cpu_perf_counter,cpu
33,encoder.layer.7.intermediate.dense,Linear,1.8501,1.5,603979776.0,2362368,0,72,1.8507,counter,"[1, 128, 768]","[1, 128, 3072]",1214.89,0.0,1.5,cpu_perf_counter,cpu
33,encoder.layer.7.intermediate.intermediate_act_fn,GELUActivation,0.1475,1.5,0.0,0,0,73,0.1481,none,"[1, 128, 3072]","[1, 128, 3072]",1214.89,0.0,1.5,cpu_perf_counter,cpu
33,encoder.layer.7.output.dense,Linear,1.5388,0.375,603979776.0,2360064,0,74,1.5394,counter,"[1, 128, 3072]","[1, 128, 768]",1214.89,0.0,0.375,cpu_perf_counter,cpu
33,encoder.layer.7.output.LayerNorm,LayerNorm,0.045,0.375,491520.0,1536,0,75,0.0456,analytic,"[1, 128, 768]","[1, 128, 768]",1214.89,0.0,0.375,cpu_perf_counter,cpu
33,encoder.layer.8.attention.self.query,Linear,0.4214,0.375,150994944.0,590592,0,76,0.422,counter,"[1, 128, 768]","[1, 128, 768]",1214.89,0.0,0.375,cpu_perf_counter,cpu
33,encoder.layer.8.attention.self.key,Linear,0.3903,0.375,150994944.0,590592,0,77,0.3909,counter,"[1, 128, 768]","[1, 128, 768]",1214.89,0.0,0.375,cpu_perf_counter,cpu
33,encoder.layer.8.attention.self.value,Linear,0.373,0.375,150994944.0,590592,0,78,0.3736,counter,"[1, 128, 768]","[1, 128, 768]",1214.89,0.0,0.375,cpu_perf_counter,cpu
33,encoder.layer.8.attention.output.dense,Linear,0.3854,0.375,150994944.0,590592,0,79,0.386,counter,"[1, 128, 768]","[1, 128, 768]",1214.89,0.0,0.375,cpu_perf_counter,cpu
33,encoder.layer.8.attention.output.LayerNorm,LayerNorm,0.0408,0.375,491520.0,1536,0,80,0.0414,analytic,"[1, 128, 768]","[1, 128, 768]",1214.89,0.0,0.375,cpu_perf_counter,cpu
33,encoder.layer.8.intermediate.dense,Linear,1.7969,1.5,603979776.0,2362368,0,81,1.7975,counter,"[1, 128, 768]","[1, 128, 3072]",1214.89,0.0,1.5,cpu_perf_counter,cpu
33,encoder.layer.8.intermediate.intermediate_act_fn,GELUActivation,0.1614,1.5,0.0,0,0,82,0.162,none,"[1, 128, 3072]","[1, 128, 3072]",1214.89,0.0,1.5,cpu_perf_counter,cpu
33,encoder.layer.8.output.dense,Linear,1.5445,0.375,603979776.0,2360064,0,83,1.5451,counter,"[1, 128, 3072]","[1, 128, 768]",1214.89,0.0,0.375,cpu_perf_counter,cpu
33,encoder.layer.8.output.LayerNorm,LayerNorm,0.0484,0.375,491520.0,1536,0,84,0.049,analytic,"[1, 128, 768]","[1, 128, 768]",1214.89,0.0,0.375,cpu_perf_counter,cpu
33,encoder.layer.9.attention.self.query,Linear,0.3996,0.375,150994944.0,590592,0,85,0.4002,counter,"[1, 128, 768]","[1, 128, 768]",1214.89,0.0,0.375,cpu_perf_counter,cpu
33,encoder.layer.9.attention.self.key,Linear,0.3826,0.375,150994944.0,590592,0,86,0.3832,counter,"[1, 128, 768]","[1, 128, 768]",1214.89,0.0,0.375,cpu_perf_counter,cpu
33,encoder.layer.9.attention.self.value,Linear,0.3929,0.375,150994944.0,590592,0,87,0.3935,counter,"[1, 128, 768]","[1, 128, 768]",1214.89,0.0,0.375,cpu_perf_counter,cpu
33,encoder.layer.9.attention.output.dense,Linear,0.4015,0.375,150994944.0,590592,0,88,0.4021,counter,"[1, 128, 768]","[1, 128, 768]",1214.89,0.0,0.375,cpu_perf_counter,cpu
33,encoder.layer.9.attention.output.LayerNorm,LayerNorm,0.0374,0.375,491520.0,1536,0,89,0.038,analytic,"[1, 128, 768]","[1, 128, 768]",1214.89,0.0,0.375,cpu_perf_counter,cpu
33,encoder.layer.9.intermediate.dense,Linear,1.8834,1.5,603979776.0,2362368,0,90,1.884,counter,"[1, 128, 768]","[1, 128, 3072]",1214.89,0.0,1.5,cpu_perf_counter,cpu
33,encoder.layer.9.intermediate.intermediate_act_fn,GELUActivation,0.1689,1.5,0.0,0,0,91,0.1695,none,"[1, 128, 3072]","[1, 128, 3072]",1214.89,0.0,1.5,cpu_perf_counter,cpu
33,encoder.layer.9.output.dense,Linear,1.525,0.375,603979776.0,2360064,0,92,1.5256,counter,"[1, 128, 3072]","[1, 128, 768]",1214.89,0.0,0.375,cpu_perf_counter,cpu
33,encoder.layer.9.output.LayerNorm,LayerNorm,0.0482,0.375,491520.0,1536,0,93,0.0488,analytic,"[1, 128, 768]","[1, 128, 768]",1214.89,0.0,0.375,cpu_perf_counter,cpu
33,encoder.layer.10.attention.self.query,Linear,0.3887,0.375,150994944.0,590592,0,94,0.3893,counter,"[1, 128, 768]","[1, 128, 768]",1214.89,0.0,0.375,cpu_perf_counter,cpu
33,encoder.layer.10.attention.self.key,Linear,0.3743,0.375,150994944.0,590592,0,95,0.3749,counter,"[1, 128, 768]","[1, 128, 768]",1214.89,0.0,0.375,cpu_perf_counter,cpu
33,encoder.layer.10.attention.self.value,Linear,0.373,0.375,150994944.0,590592,0,96,0.3736,counter,"[1, 128, 768]","[1, 128, 768]",1214.89,0.0,0.375,cpu_perf_counter,cpu
33,encoder.layer.10.attention.output.dense,Linear,0.382,0.375,150994944.0,590592,0,97,0.3826,counter,"[1, 128, 768]","[1, 128, 768]",1214.89,0.0,0.375,cpu_perf_counter,cpu
33,encoder.layer.10.attention.output.LayerNorm,LayerNorm,0.0325,0.375,491520.0,1536,0,98,0.0331,analytic,"[1, 128, 768]","[1, 128, 768]",1214.89,0.0,0.375,cpu_perf_counter,cpu
33,encoder.layer.10.intermediate.dense,Linear,1.8004,1.5,603979776.0,2362368,0,99,1.801,counter,"[1, 128, 768]","[1, 128, 3072]",1214.89,0.0,1.5,cpu_perf_counter,cpu
33,encoder.layer.10.intermediate.intermediate_act_fn,GELUActivation,0.1516,1.5,0.0,0,0,100,0.1522,none,"[1, 128, 3072]","[1, 128, 3072]",1214.89,0.0,1.5,cpu_perf_counter,cpu
33,encoder.layer.10.output.dense,Linear,1.4885,0.375,603979776.0,2360064,0,101,1.4891,counter,"[1, 128, 3072]","[1, 128, 768]",1214.89,0.0,0.375,cpu_perf_counter,cpu
33,encoder.layer.10.output.LayerNorm,LayerNorm,0.0455,0.375,491520.0,1536,0,102,0.0461,analytic,"[1, 128, 768]","[1, 128, 768]",1214.89,0.0,0.375,cpu_perf_counter,cpu
33,encoder.layer.11.attention.self.query,Linear,0.3872,0.375,150994944.0,590592,0,103,0.3878,counter,"[1, 128, 768]","[1, 128, 768]",1214.89,0.0,0.375,cpu_perf_counter,cpu
33,encoder.layer.11.attention.self.key,Linear,0.37,0.375,150994944.0,590592,0,104,0.3706,counter,"[1, 128, 768]","[1, 128, 768]",1214.89,0.0,0.375,cpu_perf_counter,cpu
33,encoder.layer.11.attention.self.value,Linear,0.3741,0.375,150994944.0,590592,0,105,0.3747,counter,"[1, 128, 768]","[1, 128, 768]",1214.89,0.0,0.375,cpu_perf_counter,cpu
33,encoder.layer.11.attention.output.dense,Linear,0.3867,0.375,150994944.0,590592,0,106,0.3873,counter,"[1, 128, 768]","[1, 128, 768]",1214.89,0.0,0.375,cpu_perf_counter,cpu
33,encoder.layer.11.attention.output.LayerNorm,LayerNorm,0.0307,0.375,491520.0,1536,0,107,0.0313,analytic,"[1, 128, 768]","[1, 128, 768]",1214.89,0.0,0.375,cpu_perf_counter,cpu
33,encoder.layer.11.intermediate.dense,Linear,1.7497,1.5,603979776.0,2362368,0,108,1.7503,counter,"[1, 128, 768]","[1, 128, 3072]",1214.89,0.0,1.5,cpu_perf_counter,cpu
33,encoder.layer.11.intermediate.intermediate_act_fn,GELUActivation,0.16,1.5,0.0,0,0,109,0.1606,none,"[1, 128, 3072]","[1, 128, 3072]",1214.89,0.0,1.5,cpu_perf_counter,cpu
33,encoder.layer.11.output.dense,Linear,1.5468,0.375,603979776.0,2360064,0,110,1.5474,counter,"[1, 128, 3072]","[1, 128, 768]",1214.89,0.0,0.375,cpu_perf_counter,cpu
33,encoder.layer.11.output.LayerNorm,LayerNorm,0.0482,0.375,491520.0,1536,0,111,0.0488,analytic,"[1, 128, 768]","[1, 128, 768]",1214.89,0.0,0.375,cpu_perf_counter,cpu
33,pooler.dense,Linear,0.1407,0.00293,1179648.0,590592,0,112,0.1413,counter,"[1, 768]","[1, 768]",1214.89,0.0,0.003,cpu_perf_counter,cpu
33,pooler.activation,Tanh,0.0168,0.00293,3072.0,0,0,113,0.0174,analytic,"[1, 768]","[1, 768]",1214.89,0.0,0.003,cpu_perf_counter,cpu
34,embeddings.word_embeddings,Embedding,0.051,0.375,0.0,23440896,0,0,0.0516,none,"[1, 128]","[1, 128, 768]",1214.89,0.0,0.375,cpu_perf_counter,cpu
34,embeddings.token_type_embeddings,Embedding,0.0191,0.375,0.0,1536,0,1,0.0197,none,"[1, 128]","[1, 128, 768]",1214.89,0.0,0.375,cpu_perf_counter,cpu
34,embeddings.position_embeddings,Embedding,0.022,0.375,0.0,393216,0,2,0.0226,none,"[1, 128]","[1, 128, 768]",1214.89,0.0,0.375,cpu_perf_counter,cpu
34,embeddings.LayerNorm,LayerNorm,0.0251,0.375,491520.0,1536,0,3,0.0257,analytic,"[1, 128, 768]","[1, 128, 768]",1214.89,0.0,0.375,cpu_perf_counter,cpu
34,encoder.layer.0.attention.self.query,Linear,0.3967,0.375,150994944.0,590592,0,4,0.3973,counter,"[1, 128, 768]","[1, 128, 768]",1214.89,0.0,0.375,cpu_perf_counter,cpu
34,encoder.layer.0.attention.self.key,Linear,0.3658,0.375,150994944.0,590592,0,5,0.3664,counter,"[1, 128, 768]","[1, 128, 768]",1214.89,0.0,0.375,cpu_perf_counter,cpu
34,encoder.layer.0.attention.self.value,Linear,0.4108,0.375,150994944.0,590592,0,6,0.4114,counter,"[1, 128, 768]","[1, 128, 768]",1214.89,0.0,0.375,cpu_perf_counter,cpu
34,encoder.layer.0.attention.output.dense,Linear,0.3801,0.375,150994944.0,590592,0,7,0.3807,counter,"[1, 128, 768]","[1, 128, 768]",1214.89,0.0,0.375,cpu_perf_counter,cpu
34,encoder.layer.0.attention.output.LayerNorm,LayerNorm,0.0272,0.375,491520.0,1536,0,8,0.0278,analytic,"[1, 128, 768]","[1, 128, 768]",1214.89,0.0,0.375,cpu_perf_counter,cpu
34,encoder.layer.0.intermediate.dense,Linear,1.7524,1.5,603979776.0,2362368,0,9,1.753,counter,"[1, 128, 768]","[1, 128, 3072]",1214.89,0.0,1.5,cpu_perf_counter,cpu
34,encoder.layer.0.intermediate.intermediate_act_fn,GELUActivation,0.1315,1.5,0.0,0,0,10,0.1321,none,"[1, 128, 3072]","[1, 128, 3072]",1214.89,0.0,1.5,cpu_perf_counter,cpu
34,encoder.layer.0.output.dense,Linear,1.5096,0.375,603979776.0,2360064,0,11,1.5102,counter,"[1, 128, 3072]","[1, 128, 768]",1214.89,0.0,0.375,cpu_perf_counter,cpu
34,encoder.layer.0.output.LayerNorm,LayerNorm,0.0412,0.375,491520.0,1536,0,12,0.0418,analytic,"[1, 128, 768]","[1, 128, 768]",1214.89,0.0,0.375,cpu_perf_counter,cpu
34,encoder.layer.1.attention.self.query,Linear,0.4201,0.375,150994944.0,590592,0,13,0.4207,counter,"[1, 128, 768]","[1, 128, 768]",1214.89,0.0,0.375,cpu_perf_counter,cpu
34,encoder.layer.1.attention.self.key,Linear,0.379,0.375,150994944.0,590592,0,14,0.3796,counter,"[1, 128, 768]","[1, 128, 768]",1214.89,0.0,0.375,cpu_perf_counter,cpu
34,encoder.layer.1.attention.self.value,Linear,0.4011,0.375,150994944.0,590592,0,15,0.4017,counter,"[1, 128, 768]","[1, 128, 768]",1214.89,0.0,0.375,cpu_perf_counter,cpu
34,encoder.layer.1.attention.output.dense,Linear,0.3903,0.375,150994944.0,590592,0,16,0.3909,counter,"[1, 128, 768]","[1, 128, 768]",1214.89,0.0,0.375,cpu_perf_counter,cpu
34,encoder.layer.1.attention.output.LayerNorm,LayerNorm,0.0278,0.375,491520.0,1536,0,17,0.0284,analytic,"[1, 128, 768]","[1, 128, 768]",1214.89,0.0,0.375,cpu_perf_counter,cpu
34,encoder.layer.1.intermediate.dense,Linear,1.7286,1.5,603979776.0,2362368,0,18,1.7292,counter,"[1, 128, 768]","[1, 128, 3072]",1214.89,0.0,1.5,cpu_perf_counter,cpu
34,encoder.layer.1.intermediate.intermediate_act_fn,GELUActivation,0.1395,1.5,0.0,0,0,19,0.1401,none,"[1, 128, 3072]","[1, 128, 3072]",1214.89,0.0,1.5,cpu_perf_counter,cpu
34,encoder.layer.1.output.dense,Linear,1.4759,0.375,603979776.0,2360064,0,20,1.4765,counter,"[1, 128, 3072]","[1, 128, 768]",1214.89,0.0,0.375,cpu_perf_counter,cpu
34,encoder.layer.1.output.LayerNorm,LayerNorm,0.0403,0.375,491520.0,1536,0,21,0.0409,analytic,"[1, 128, 768]","[1, 128, 768]",1214.89,0.0,0.375,cpu_perf_counter,cpu
34,encoder.layer.2.attention.self.query,Linear,0.378,0.375,150994944.0,590592,0,22,0.3786,counter,"[1, 128, 768]","[1, 128, 768]",1214.89,0.0,0.375,cpu_perf_counter,cpu
34,encoder.layer.2.attention.self.key,Linear,0.3718,0.375,150994944.0,590592,0,23,0.3724,counter,"[1, 128, 768]","[1, 128, 768]",1214.89,0.0,0.375,cpu_perf_counter,cpu
34,encoder.layer.2.attention.self.value,Linear,0.359,0.375,150994944.0,590592,0,24,0.3596,counter,"[1, 128, 768]","[1, 128, 768]",1214.89,0.0,0.375,cpu_perf_counter,cpu
34,encoder.layer.2.attention.output.dense,Linear,0.442,0.375,150994944.0,590592,0,25,0.4426,counter,"[1, 128, 768]","[1, 128, 768]",1214.89,0.0,0.375,cpu_perf_counter,cpu
34,encoder.layer.2.attention.output.LayerNorm,LayerNorm,0.0341,0.375,491520.0,1536,0,26,0.0347,analytic,"[1, 128, 768]","[1, 128, 768]",1214.89,0.0,0.375,cpu_perf_counter,cpu
34,encoder.layer.2.intermediate.dense,Linear,1.656,1.5,603979776.0,2362368,0,27,1.6566,counter,"[1, 128, 768]","[1, 128, 3072]",1214.89,0.0,1.5,cpu_perf_counter,cpu
34,encoder.layer.2.intermediate.intermediate_act_fn,GELUActivation,0.1351,1.5,0.0,0,0,28,0.1357,none,"[1, 128, 3072]","[1, 128, 3072]",1214.89,0.0,1.5,cpu_perf_counter,cpu
34,encoder.layer.2.output.dense,Linear,1.4838,0.375,603979776.0,2360064,0,29,1.4844,counter,"[1, 128, 3072]","[1, 128, 768]",1214.89,0.0,0.375,cpu_perf_counter,cpu
34,encoder.layer.2.output.LayerNorm,LayerNorm,0.0412,0.375,491520.0,1536,0,30,0.0418,analytic,"[1, 128, 768]","[1, 128, 768]",1214.89,0.0,0.375,cpu_perf_counter,cpu
34,encoder.layer.3.attention.self.query,Linear,0.3811,0.375,150994944.0,590592,0,31,0.3817,counter,"[1, 128, 768]","[1, 128, 768]",1214.89,0.0,0.375,cpu_perf_counter,cpu
34,encoder.layer.3.attention.self.key,Linear,0.3581,0.375,150994944.0,590592,0,32,0.3587,counter,"[1, 128, 768]","[1, 128, 768]",1214.89,0.0,0.375,cpu_perf_counter,cpu
34,encoder.layer.3.attention.self.value,Linear,0.3676,0.375,150994944.0,590592,0,33,0.3682,counter,"[1, 128, 768]","[1, 128, 768]",1214.89,0.0,0.375,cpu_perf_counter,cpu
34,encoder.layer.3.attention.output.dense,Linear,0.3763,0.375,150994944.0,590592,0,34,0.3769,counter,"[1, 128, 768]","[1, 128, 768]",1214.89,0.0,0.375,cpu_perf_counter,cpu
34,encoder.layer.3.attention.output.LayerNorm,LayerNorm,0.0289,0.375,491520.0,1536,0,35,0.0295,analytic,"[1, 128, 768]","[1, 128, 768]",1214.89,0.0,0.375,cpu_perf_counter,cpu
34,encoder.layer.3.intermediate.dense,Linear,1.7116,1.5,603979776.0,2362368,0,36,1.7122,counter,"[1, 128, 768]","[1, 128, 3072]",1214.89,0.0,1.5,cpu_perf_counter,cpu
34,encoder.layer.3.intermediate.intermediate_act_fn,GELUActivation,0.136,1.5,0.0,0,0,37,0.1366,none,"[1, 128, 3072]","[1, 128, 3072]",1214.89,0.0,1.5,cpu_perf_counter,cpu
34,encoder.layer.3.output.dense,Linear,1.4647,0.375,603979776.0,2360064,0,38,1.4653,counter,"[1, 128, 3072]","[1, 128, 768]",1214.89,0.0,0.375,cpu_perf_counter,cpu
34,encoder.layer.3.output.LayerNorm,LayerNorm,0.0409,0.375,491520.0,1536,0,39,0.0415,analytic,"[1, 128, 768]","[1, 128, 768]",1214.89,0.0,0.375,cpu_perf_counter,cpu
34,encoder.layer.4.attention.self.query,Linear,0.371,0.375,150994944.0,590592,0,40,0.3716,counter,"[1, 128, 768]","[1, 128, 768]",1214.89,0.0,0.375,cpu_perf_counter,cpu
34,encoder.layer.4.attention.self.key,Linear,0.3909,0.375,150994944.0,590592,0,41,0.3915,counter,"[1, 128, 768]","[1, 128, 768]",1214.89,0.0,0.375,cpu_perf_counter,cpu
34,encoder.layer.4.attention.self.value,Linear,0.3701,0.375,150994944.0,590592,0,42,0.3707,counter,"[1, 128, 768]","[1, 128, 768]",1214.89,0.0,0.375,cpu_perf_counter,cpu
34,encoder.layer.4.attention.output.dense,Linear,0.3634,0.375,150994944.0,590592,0,43,0.364,counter,"[1, 128, 768]","[1, 128, 768]",1214.89,0.0,0.375,cpu_perf_counter,cpu
34,encoder.layer.4.attention.output.LayerNorm,LayerNorm,0.0241,0.375,491520.0,1536,0,44,0.0247,analytic,"[1, 128, 768]","[1, 128, 768]",1214.89,0.0,0.375,cpu_perf_counter,cpu
34,encoder.layer.4.intermediate.dense,Linear,1.6513,1.5,603979776.0,2362368,0,45,1.6519,counter,"[1, 128, 768]","[1, 128, 3072]",1214.89,0.0,1.5,cpu_perf_counter,cpu
34,encoder.layer.4.intermediate.intermediate_act_fn,GELUActivation,0.1265,1.5,0.0,0,0,46,0.1271,none,"[1, 128, 3072]","[1, 128, 3072]",1214.89,0.0,1.5,cpu_perf_counter,cpu
34,encoder.layer.4.output.dense,Linear,1.4383,0.375,603979776.0,2360064,0,47,1.4389,counter,"[1, 128, 3072]","[1, 128, 768]",1214.89,0.0,0.375,cpu_perf_counter,cpu
34,encoder.layer.4.output.LayerNorm,LayerNorm,0.0405,0.375,491520.0,1536,0,48,0.0411,analytic,"[1, 128, 768]","[1, 128, 768]",1214.89,0.0,0.375,cpu_perf_counter,cpu
34,encoder.layer.5.attention.self.query,Linear,0.3844,0.375,150994944.0,590592,0,49,0.385,counter,"[1, 128, 768]","[1, 128, 768]",1214.89,0.0,0.375,cpu_perf_counter,cpu
34,encoder.layer.5.attention.self.key,Linear,0.361,0.375,150994944.0,590592,0,50,0.3616,counter,"[1, 128, 768]","[1, 128, 768]",1214.89,0.0,0.375,cpu_perf_counter,cpu
34,encoder.layer.5.attention.self.value,Linear,0.3874,0.375,150994944.0,590592,0,51,0.388,counter,"[1, 128, 768]","[1, 128, 768]",1214.89,0.0,0.375,cpu_perf_counter,cpu
34,encoder.layer.5.attention.output.dense,Linear,0.4073,0.375,150994944.0,590592,0,52,0.4079,counter,"[1, 128, 768]","[1, 128, 768]",1214.89,0.0,0.375,cpu_perf_counter,cpu
34,encoder.layer.5.attention.output.LayerNorm,LayerNorm,0.0457,0.375,491520.0,1536,0,53,0.0463,analytic,"[1, 128, 768]","[1, 128, 768]",1214.89,0.0,0.375,cpu_perf_counter,cpu
34,encoder.layer.5.intermediate.dense,Linear,1.7242,1.5,603979776.0,2362368,0,54,1.7248,counter,"[1, 128, 768]","[1, 128, 3072]",1214.89,0.0,1.5,cpu_perf_counter,cpu
34,encoder.layer.5.intermediate.intermediate_act_fn,GELUActivation,0.1356,1.5,0.0,0,0,55,0.1362,none,"[1, 128, 3072]","[1, 128, 3072]",1214.89,0.0,1.5,cpu_perf_counter,cpu
34,encoder.layer.5.output.dense,Linear,1.4673,0.375,603979776.0,2360064,0,56,1.4679,counter,"[1, 128, 3072]","[1, 128, 768]",1214.89,0.0,0.375,cpu_perf_counter,cpu
34,encoder.layer.5.output.LayerNorm,LayerNorm,0.0417,0.375,491520.0,1536,0,57,0.0423,analytic,"[1, 128, 768]","[1, 128, 768]",1214.89,0.0,0.375,cpu_perf_counter,cpu
34,encoder.layer.6.attention.self.query,Linear,0.3739,0.375,150994944.0,590592,0,58,0.3745,counter,"[1, 128, 768]","[1, 128, 768]",1214.89,0.0,0.375,cpu_perf_counter,cpu
34,encoder.layer.6.attention.self.key,Linear,0.3621,0.375,150994944.0,590592,0,59,0.3627,counter,"[1, 128, 768]","[1, 128, 768]",1214.89,0.0,0.375,cpu_perf_counter,cpu
34,encoder.layer.6.attention.self.value,Linear,0.3626,0.375,150994944.0,590592,0,60,0.3632,counter,"[1, 128, 768]","[1, 128, 768]",1214.89,0.0,0.375,cpu_perf_counter,cpu
34,encoder.layer.6.attention.output.dense,Linear,0.3745,0.375,150994944.0,590592,0,61,0.3751,counter,"[1, 128, 768]","[1, 128, 768]",1214.89,0.0,0.375,cpu_perf_counter,cpu
34,encoder.layer.6.attention.output.LayerNorm,LayerNorm,0.0284,0.375,491520.0,1536,0,62,0.029,analytic,"[1, 128, 768]","[1, 128, 768]",1214.89,0.0,0.375,cpu_perf_counter,cpu
34,encoder.layer.6.intermediate.dense,Linear,1.7064,1.5,603979776.0,2362368,0,63,1.707,counter,"[1, 128, 768]","[1, 128, 3072]",1214.89,0.0,1.5,cpu_perf_counter,cpu
34,encoder.layer.6.intermediate.intermediate_act_fn,GELUActivation,0.1357,1.5,0.0,0,0,64,0.1363,none,"[1, 128, 3072]","[1, 128, 3072]",1214.89,0.0,1.5,cpu_perf_counter,cpu
34,encoder.layer.6.output.dense,Linear,1.4731,0.375,603979776.0,2360064,0,65,1.4737,counter,"[1, 128, 3072]","[1, 128, 768]",1214.89,0.0,0.375,cpu_perf_counter,cpu
34,encoder.layer.6.output.LayerNorm,LayerNorm,0.0415,0.375,491520.0,1536,0,66,0.0421,analytic,"[1, 128, 768]","[1, 128, 768]",1214.89,0.0,0.375,cpu_perf_counter,cpu
34,encoder.layer.7.attention.self.query,Linear,0.392,0.375,150994944.0,590592,0,67,0.3926,counter,"[1, 128, 768]","[1, 128, 768]",1214.89,0.0,0.375,cpu_perf_counter,cpu
34,encoder.layer.7.attention.self.key,Linear,0.3667,0.375,150994944.0,590592,0,68,0.3673,counter,"[1, 128, 768]","[1, 128, 768]",1214.89,0.0,0.375,cpu_perf_counter,cpu
34,encoder.layer.7.attention.self.value,Linear,0.3761,0.375,150994944.0,590592,0,69,0.3767,counter,"[1, 128, 768]","[1, 128, 768]",1214.89,0.0,0.375,cpu_perf_counter,cpu
34,encoder.layer.7.attention.output.dense,Linear,0.3853,0.375,150994944.0,590592,0,70,0.3859,counter,"[1, 128, 768]","[1, 128, 768]",1214.89,0.0,0.375,cpu_perf_counter,cpu
34,encoder.layer.7.attention.output.LayerNorm,LayerNorm,0.0274,0.375,491520.0,1536,0,71,0.028,analytic,"[1, 128, 768]","[1, 128, 768]",1214.89,0.0,0.375,cpu_perf_counter,cpu
34,encoder.layer.7.intermediate.dense,Linear,1.7188,1.5,603979776.0,2362368,0,72,1.7194,counter,"[1, 128, 768]","[1, 128, 3072]",1214.89,0.0,1.5,cpu_perf_counter,cpu
34,encoder.layer.7.intermediate.intermediate_act_fn,GELUActivation,0.127,1.5,0.0,0,0,73,0.1276,none,"[1, 128, 3072]","[1, 128, 3072]",1214.89,0.0,1.5,cpu_perf_counter,cpu
34,encoder.layer.7.output.dense,Linear,1.469,0.375,603979776.0,2360064,0,74,1.4696,counter,"[1, 128, 3072]","[1, 128, 768]",1214.89,0.0,0.375,cpu_perf_counter,cpu
34,encoder.layer.7.output.LayerNorm,LayerNorm,0.0418,0.375,491520.0,1536,0,75,0.0424,analytic,"[1, 128, 768]","[1, 128, 768]",1214.89,0.0,0.375,cpu_perf_counter,cpu
34,encoder.layer.8.attention.self.query,Linear,0.3858,0.375,150994944.0,590592,0,76,0.3864,counter,"[1, 128, 768]","[1, 128, 768]",1214.89,0.0,0.375,cpu_perf_counter,cpu
34,encoder.layer.8.attention.self.key,Linear,0.5961,0.375,150994944.0,590592,0,77,0.5967,counter,"[1, 128, 768]","[1, 128, 768]",1214.89,0.0,0.375,cpu_perf_counter,cpu
34,encoder.layer.8.attention.self.value,Linear,0.3837,0.375,150994944.0,590592,0,78,0.3843,counter,"[1, 128, 768]","[1, 128, 768]",1214.89,0.0,0.375,cpu_perf_counter,cpu
34,encoder.layer.8.attention.output.dense,Linear,0.3807,0.375,150994944.0,590592,0,79,0.3813,counter,"[1, 128, 768]","[1, 128, 768]",1214.89,0.0,0.375,cpu_perf_counter,cpu
34,encoder.layer.8.attention.output.LayerNorm,LayerNorm,0.0304,0.375,491520.0,1536,0,80,0.031,analytic,"[1, 128, 768]","[1, 128, 768]",1214.89,0.0,0.375,cpu_perf_counter,cpu
34,encoder.layer.8.intermediate.dense,Linear,1.6513,1.5,603979776.0,2362368,0,81,1.6519,counter,"[1, 128, 768]","[1, 128, 3072]",1214.89,0.0,1.5,cpu_perf_counter,cpu
34,encoder.layer.8.intermediate.intermediate_act_fn,GELUActivation,0.1289,1.5,0.0,0,0,82,0.1295,none,"[1, 128, 3072]","[1, 128, 3072]",1214.89,0.0,1.5,cpu_perf_counter,cpu
34,encoder.layer.8.output.dense,Linear,1.4979,0.375,603979776.0,2360064,0,83,1.4985,counter,"[1, 128, 3072]","[1, 128, 768]",1214.89,0.0,0.375,cpu_perf_counter,cpu
34,encoder.layer.8.output.LayerNorm,LayerNorm,0.04,0.375,491520.0,1536,0,84,0.0406,analytic,"[1, 128, 768]","[1, 128, 768]",1214.89,0.0,0.375,cpu_perf_counter,cpu
34,encoder.layer.9.attention.self.query,Linear,0.3835,0.375,150994944.0,590592,0,85,0.3841,counter,"[1, 128, 768]","[1, 128, 768]",1214.89,0.0,0.375,cpu_perf_counter,cpu
34,encoder.layer.9.attention.self.key,Linear,0.3624,0.375,150994944.0,590592,0,86,0.363,counter,"[1, 128, 768]","[1, 128, 768]",1214.89,0.0,0.375,cpu_perf_counter,cpu
34,encoder.layer.9.attention.self.value,Linear,0.3693,0.375,150994944.0,590592,0,87,0.3699,counter,"[1, 128, 768]","[1, 128, 768]",1214.89,0.0,0.375,cpu_perf_counter,cpu
34,encoder.layer.9.attention.output.dense,Linear,0.3749,0.375,150994944.0,590592,0,88,0.3755,counter,"[1, 128, 768]","[1, 128, 768]",1214.89,0.0,0.375,cpu_perf_counter,cpu
34,encoder.layer.9.attention.output.LayerNorm,LayerNorm,0.0277,0.375,491520.0,1536,0,89,0.0283,analytic,"[1, 128, 768]","[1, 128, 768]",1214.89,0.0,0.375,cpu_perf_counter,cpu
34,encoder.layer.9.intermediate.dense,Linear,1.7869,1.5,603979776.0,2362368,0,90,1.7875,counter,"[1, 128, 768]","[1, 128, 3072]",1214.89,0.0,1.5,cpu_perf_counter,cpu
34,encoder.layer.9.intermediate.intermediate_act_fn,GELUActivation,0.1331,1.5,0.0,0,0,91,0.1337,none,"[1, 128, 3072]","[1, 128, 3072]",1214.89,0.0,1.5,cpu_perf_counter,cpu
34,encoder.layer.9.output.dense,Linear,1.4453,0.375,603979776.0,2360064,0,92,1.4459,counter,"[1, 128, 3072]","[1, 128, 768]",1214.89,0.0,0.375,cpu_perf_counter,cpu
34,encoder.layer.9.output.LayerNorm,LayerNorm,0.041,0.375,491520.0,1536,0,93,0.0416,analytic,"[1, 128, 768]","[1, 128, 768]",1214.89,0.0,0.375,cpu_perf_counter,cpu
34,encoder.layer.10.attention.self.query,Linear,0.3685,0.375,150994944.0,590592,0,94,0.3691,counter,"[1, 128, 768]","[1, 128, 768]",1214.89,0.0,0.375,cpu_perf_counter,cpu
34,encoder.layer.10.attention.self.key,Linear,0.3705,0.375,150994944.0,590592,0,95,0.3711,counter,"[1, 128, 768]","[1, 128, 768]",1214.89,0.0,0.375,cpu_perf_counter,cpu
34,encoder.layer.10.attention.self.value,Linear,0.3596,0.375,150994944.0,590592,0,96,0.3602,counter,"[1, 128, 768]","[1, 128, 768]",1214.89,0.0,0.375,cpu_perf_counter,cpu
34,encoder.layer.10.attention.output.dense,Linear,0.3697,0.375,150994944.0,590592,0,97,0.3703,counter,"[1, 128, 768]","[1, 128, 768]",1214.89,0.0,0.375,cpu_perf_counter,cpu
34,encoder.layer.10.attention.output.LayerNorm,LayerNorm,0.0334,0.375,491520.0,1536,0,98,0.034,analytic,"[1, 128, 768]","[1, 128, 768]",1214.89,0.0,0.375,cpu_perf_counter,cpu
34,encoder.layer.10.intermediate.dense,Linear,1.7296,1.5,603979776.0,2362368,0,99,1.7302,counter,"[1, 128, 768]","[1, 128, 3072]",1214.89,0.0,1.5,cpu_perf_counter,cpu
34,encoder.layer.10.intermediate.intermediate_act_fn,GELUActivation,0.1286,1.5,0.0,0,0,100,0.1292,none,"[1, 128, 3072]","[1, 128, 3072]",1214.89,0.0,1.5,cpu_perf_counter,cpu
34,encoder.layer.10.output.dense,Linear,1.4461,0.375,603979776.0,2360064,0,101,1.4467,counter,"[1, 128, 3072]","[1, 128, 768]",1214.89,0.0,0.375,cpu_perf_counter,cpu
34,encoder.layer.10.output.LayerNorm,LayerNorm,0.0513,0.375,491520.0,1536,0,102,0.0519,analytic,"[1, 128, 768]","[1, 128, 768]",1214.89,0.0,0.375,cpu_perf_counter,cpu
34,encoder.layer.11.attention.self.query,Linear,0.4201,0.375,150994944.0,590592,0,103,0.4207,counter,"[1, 128, 768]","[1, 128, 768]",1214.89,0.0,0.375,cpu_perf_counter,cpu
34,encoder.layer.11.attention.self.key,Linear,0.3693,0.375,150994944.0,590592,0,104,0.3699,counter,"[1, 128, 768]","[1, 128, 768]",1214.89,0.0,0.375,cpu_perf_counter,cpu
34,encoder.layer.11.attention.self.value,Linear,0.3798,0.375,150994944.0,590592,0,105,0.3804,counter,"[1, 128, 768]","[1, 128, 768]",1214.89,0.0,0.375,cpu_perf_counter,cpu
34,encoder.layer.11.attention.output.dense,Linear,0.3709,0.375,150994944.0,590592,0,106,0.3715,counter,"[1, 128, 768]","[1, 128, 768]",1214.89,0.0,0.375,cpu_perf_counter,cpu
34,encoder.layer.11.attention.output.LayerNorm,LayerNorm,0.032,0.375,491520.0,1536,0,107,0.0326,analytic,"[1, 128, 768]","[1, 128, 768]",1214.89,0.0,0.375,cpu_perf_counter,cpu
34,encoder.layer.11.intermediate.dense,Linear,1.7048,1.5,603979776.0,2362368,0,108,1.7054,counter,"[1, 128, 768]","[1, 128, 3072]",1214.89,0.0,1.5,cpu_perf_counter,cpu
34,encoder.layer.11.intermediate.intermediate_act_fn,GELUActivation,0.1239,1.5,0.0,0,0,109,0.1245,none,"[1, 128, 3072]","[1, 128, 3072]",1214.89,0.0,1.5,cpu_perf_counter,cpu
34,encoder.layer.11.output.dense,Linear,1.5017,0.375,603979776.0,2360064,0,110,1.5023,counter,"[1, 128, 3072]","[1, 128, 768]",1214.89,0.0,0.375,cpu_perf_counter,cpu
34,encoder.layer.11.output.LayerNorm,LayerNorm,0.04,0.375,491520.0,1536,0,111,0.0406,analytic,"[1, 128, 768]","[1, 128, 768]",1214.89,0.0,0.375,cpu_perf_counter,cpu
34,pooler.dense,Linear,0.1156,0.00293,1179648.0,590592,0,112,0.1162,counter,"[1, 768]","[1, 768]",1214.89,0.0,0.003,cpu_perf_counter,cpu
34,pooler.activation,Tanh,0.0155,0.00293,3072.0,0,0,113,0.0161,analytic,"[1, 768]","[1, 768]",1214.89,0.0,0.003,cpu_perf_counter,cpu
35,embeddings.word_embeddings,Embedding,0.0498,0.375,0.0,23440896,0,0,0.0504,none,"[1, 128]","[1, 128, 768]",1214.89,0.0,0.375,cpu_perf_counter,cpu
35,embeddings.token_type_embeddings,Embedding,0.0203,0.375,0.0,1536,0,1,0.0209,none,"[1, 128]","[1, 128, 768]",1214.89,0.0,0.375,cpu_perf_counter,cpu
35,embeddings.position_embeddings,Embedding,0.0248,0.375,0.0,393216,0,2,0.0254,none,"[1, 128]","[1, 128, 768]",1214.89,0.0,0.375,cpu_perf_counter,cpu
35,embeddings.LayerNorm,LayerNorm,0.0232,0.375,491520.0,1536,0,3,0.0238,analytic,"[1, 128, 768]","[1, 128, 768]",1214.89,0.0,0.375,cpu_perf_counter,cpu
35,encoder.layer.0.attention.self.query,Linear,0.368,0.375,150994944.0,590592,0,4,0.3686,counter,"[1, 128, 768]","[1, 128, 768]",1214.89,0.0,0.375,cpu_perf_counter,cpu
35,encoder.layer.0.attention.self.key,Linear,0.3557,0.375,150994944.0,590592,0,5,0.3563,counter,"[1, 128, 768]","[1, 128, 768]",1214.89,0.0,0.375,cpu_perf_counter,cpu
35,encoder.layer.0.attention.self.value,Linear,0.3645,0.375,150994944.0,590592,0,6,0.3651,counter,"[1, 128, 768]","[1, 128, 768]",1214.89,0.0,0.375,cpu_perf_counter,cpu
35,encoder.layer.0.attention.output.dense,Linear,0.3723,0.375,150994944.0,590592,0,7,0.3729,counter,"[1, 128, 768]","[1, 128, 768]",1214.89,0.0,0.375,cpu_perf_counter,cpu
35,encoder.layer.0.attention.output.LayerNorm,LayerNorm,0.0245,0.375,491520.0,1536,0,8,0.0251,analytic,"[1, 128, 768]","[1, 128, 768]",1214.89,0.0,0.375,cpu_perf_counter,cpu
35,encoder.layer.0.intermediate.dense,Linear,1.6288,1.5,603979776.0,2362368,0,9,1.6294,counter,"[1, 128, 768]","[1, 128, 3072]",1214.89,0.0,1.5,cpu_perf_counter,cpu
35,encoder.layer.0.intermediate.intermediate_act_fn,GELUActivation,0.1276,1.5,0.0,0,0,10,0.1282,none,"[1, 128, 3072]","[1, 128, 3072]",1214.89,0.0,1.5,cpu_perf_counter,cpu
35,encoder.layer.0.output.dense,Linear,1.4434,0.375,603979776.0,2360064,0,11,1.444,counter,"[1, 128, 3072]","[1, 128, 768]",1214.89,0.0,0.375,cpu_perf_counter,cpu
35,encoder.layer.0.output.LayerNorm,LayerNorm,0.0388,0.375,491520.0,1536,0,12,0.0394,analytic,"[1, 128, 768]","[1, 128, 768]",1214.89,0.0,0.375,cpu_perf_counter,cpu
35,encoder.layer.1.attention.self.query,Linear,0.4172,0.375,150994944.0,590592,0,13,0.4178,counter,"[1, 128, 768]","[1, 128, 768]",1214.89,0.0,0.375,cpu_perf_counter,cpu
35,encoder.layer.1.attention.self.key,Linear,0.3701,0.375,150994944.0,590592,0,14,0.3707,counter,"[1, 128, 768]","[1, 128, 768]",1214.89,0.0,0.375,cpu_perf_counter,cpu
35,encoder.layer.1.attention.self.value,Linear,0.3686,0.375,150994944.0,590592,0,15,0.3692,counter,"[1, 128, 768]","[1, 128, 768]",1214.89,0.0,0.375,cpu_perf_counter,cpu
35,encoder.layer.1.attention.output.dense,Linear,0.3761,0.375,150994944.0,590592,0,16,0.3767,counter,"[1, 128, 768]","[1, 128, 768]",1214.89,0.0,0.375,cpu_perf_counter,cpu
35,encoder.layer.1.attention.output.LayerNorm,LayerNorm,0.0265,0.375,491520.0,1536,0,17,0.0271,analytic,"[1, 128, 768]","[1, 128, 768]",1214.89,0.0,0.375,cpu_perf_counter,cpu
35,encoder.layer.1.intermediate.dense,Linear,1.8129,1.5,603979776.0,2362368,0,18,1.8135,counter,"[1, 128, 768]","[1, 128, 3072]",1214.89,0.0,1.5,cpu_perf_counter,cpu
35,encoder.layer.1.intermediate.intermediate_act_fn,GELUActivation,0.1436,1.5,0.0,0,0,19,0.1442,none,"[1, 128, 3072]","[1, 128, 3072]",1214.89,0.0,1.5,cpu_perf_counter,cpu
35,encoder.layer.1.output.dense,Linear,1.4806,0.375,603979776.0,2360064,0,20,1.4812,counter,"[1, 128, 3072]","[1, 128, 768]",1214.89,0.0,0.375,cpu_perf_counter,cpu
35,encoder.layer.1.output.LayerNorm,LayerNorm,0.0463,0.375,491520.0,1536,0,21,0.0469,analytic,"[1, 128, 768]","[1, 128, 768]",1214.89,0.0,0.375,cpu_perf_counter,cpu
35,encoder.layer.2.attention.self.query,Linear,0.4205,0.375,150994944.0,590592,0,22,0.4211,counter,"[1, 128, 768]","[1, 128, 768]",1214.89,0.0,0.375,cpu_perf_counter,cpu
35,encoder.layer.2.attention.self.key,Linear,0.4031,0.375,150994944.0,590592,0,23,0.4037,counter,"[1, 128, 768]","[1, 128, 768]",1214.89,0.0,0.375,cpu_perf_counter,cpu
35,encoder.layer.2.attention.self.value,Linear,0.391,0.375,150994944.0,590592,0,24,0.3916,counter,"[1, 128, 768]","[1, 128, 768]",1214.89,0.0,0.375,cpu_perf_counter,cpu
35,encoder.layer.2.attention.output.dense,Linear,0.3741,0.375,150994944.0,590592,0,25,0.3747,counter,"[1, 128, 768]","[1, 128, 768]",1214.89,0.0,0.375,cpu_perf_counter,cpu
35,encoder.layer.2.attention.output.LayerNorm,LayerNorm,0.0329,0.375,491520.0,1536,0,26,0.0335,analytic,"[1, 128, 768]","[1, 128, 768]",1214.89,0.0,0.375,cpu_perf_counter,cpu
35,encoder.layer.2.intermediate.dense,Linear,1.7613,1.5,603979776.0,2362368,0,27,1.7619,counter,"[1, 128, 768]","[1, 128, 3072]",1214.89,0.0,1.5,cpu_perf_counter,cpu
35,encoder.layer.2.intermediate.intermediate_act_fn,GELUActivation,0.1451,1.5,0.0,0,0,28,0.1457,none,"[1, 128, 3072]","[1, 128, 3072]",1214.89,0.0,1.5,cpu_perf_counter,cpu
35,encoder.layer.2.output.dense,Linear,1.4779,0.375,603979776.0,2360064,0,29,1.4785,counter,"[1, 128, 3072]","[1, 128, 768]",1214.89,0.0,0.375,cpu_perf_counter,cpu
35,encoder.layer.2.output.LayerNorm,LayerNorm,0.0424,0.375,491520.0,1536,0,30,0.043,analytic,"[1, 128, 768]","[1, 128, 768]",1214.89,0.0,0.375,cpu_perf_counter,cpu
35,encoder.layer.3.attention.self.query,Linear,0.3882,0.375,150994944.0,590592,0,31,0.3888,counter,"[1, 128, 768]","[1, 128, 768]",1214.89,0.0,0.375,cpu_perf_counter,cpu
35,encoder.layer.3.attention.self.key,Linear,0.3727,0.375,150994944.0,590592,0,32,0.3733,counter,"[1, 128, 768]","[1, 128, 768]",1214.89,0.0,0.375,cpu_perf_counter,cpu
35,encoder.layer.3.attention.self.value,Linear,0.3856,0.375,150994944.0,590592,0,33,0.3862,counter,"[1, 128, 768]","[1, 128, 768]",1214.89,0.0,0.375,cpu_perf_counter,cpu
35,encoder.layer.3.attention.output.dense,Linear,0.3874,0.375,150994944.0,590592,0,34,0.388,counter,"[1, 128, 768]","[1, 128, 768]",1214.89,0.0,0.375,cpu_perf_counter,cpu
35,encoder.layer.3.attention.output.LayerNorm,LayerNorm,0.0277,0.375,491520.0,1536,0,35,0.0283,analytic,"[1, 128, 768]","[1, 128, 768]",1214.89,0.0,0.375,cpu_perf_counter,cpu
35,encoder.layer.3.intermediate.dense,Linear,1.78,1.5,603979776.0,2362368,0,36,1.7806,counter,"[1, 128, 768]","[1, 128, 3072]",1214.89,0.0,1.5,cpu_perf_counter,cpu
35,encoder.layer.3.intermediate.intermediate_act_fn,GELUActivation,0.1292,1.5,0.0,0,0,37,0.1298,none,"[1, 128, 3072]","[1, 128, 3072]",1214.89,0.0,1.5,cpu_perf_counter,cpu
35,encoder.layer.3.output.dense,Linear,1.4765,0.375,603979776.0,2360064,0,38,1.4771,counter,"[1, 128, 3072]","[1, 128, 768]",1214.89,0.0,0.375,cpu_perf_counter,cpu
35,encoder.layer.3.output.LayerNorm,LayerNorm,0.0513,0.375,491520.0,1536,0,39,0.0519,analytic,"[1, 128, 768]","[1, 128, 768]",1214.89,0.0,0.375,cpu_perf_counter,cpu
35,encoder.layer.4.attention.self.query,Linear,0.4027,0.375,150994944.0,590592,0,40,0.4033,counter,"[1, 128, 768]","[1, 128, 768]",1214.89,0.0,0.375,cpu_perf_counter,cpu
35,encoder.layer.4.attention.self.key,Linear,0.3999,0.375,150994944.0,590592,0,41,0.4005,counter,"[1, 128, 768]","[1, 128, 768]",1214.89,0.0,0.375,cpu_perf_counter,cpu
35,encoder.layer.4.attention.self.value,Linear,0.3768,0.375,150994944.0,590592,0,42,0.3774,counter,"[1, 128, 768]","[1, 128, 768]",1214.89,0.0,0.375,cpu_perf_counter,cpu
35,encoder.layer.4.attention.output.dense,Linear,0.3818,0.375,150994944.0,590592,0,43,0.3824,counter,"[1, 128, 768]","[1, 128, 768]",1214.89,0.0,0.375,cpu_perf_counter,cpu
35,encoder.layer.4.attention.output.LayerNorm,LayerNorm,0.0285,0.375,491520.0,1536,0,44,0.0291,analytic,"[1, 128, 768]","[1, 128, 768]",1214.89,0.0,0.375,cpu_perf_counter,cpu
35,encoder.layer.4.intermediate.dense,Linear,1.7857,1.5,603979776.0,2362368,0,45,1.7863,counter,"[1, 128, 768]","[1, 128, 3072]",1214.89,0.0,1.5,cpu_perf_counter,cpu
35,encoder.layer.4.intermediate.intermediate_act_fn,GELUActivation,0.2126,1.5,0.0,0,0,46,0.2132,none,"[1, 128, 3072]","[1, 128, 3072]",1214.89,0.0,1.5,cpu_perf_counter,cpu
35,encoder.layer.4.output.dense,Linear,1.52,0.375,603979776.0,2360064,0,47,1.5206,counter,"[1, 128, 3072]","[1, 128, 768]",1214.89,0.0,0.375,cpu_perf_counter,cpu
35,encoder.layer.4.output.LayerNorm,LayerNorm,0.0505,0.375,491520.0,1536,0,48,0.0511,analytic,"[1, 128, 768]","[1, 128, 768]",1214.89,0.0,0.375,cpu_perf_counter,cpu
35,encoder.layer.5.attention.self.query,Linear,0.4118,0.375,150994944.0,590592,0,49,0.4124,counter,"[1, 128, 768]","[1, 128, 768]",1214.89,0.0,0.375,cpu_perf_counter,cpu
35,encoder.layer.5.attention.self.key,Linear,0.3862,0.375,150994944.0,590592,0,50,0.3868,counter,"[1, 128, 768]","[1, 128, 768]",1214.89,0.0,0.375,cpu_perf_counter,cpu
35,encoder.layer.5.attention.self.value,Linear,0.3831,0.375,150994944.0,590592,0,51,0.3837,counter,"[1, 128, 768]","[1, 128, 768]",1214.89,0.0,0.375,cpu_perf_counter,cpu
35,encoder.layer.5.attention.output.dense,Linear,0.3883,0.375,150994944.0,590592,0,52,0.3889,counter,"[1, 128, 768]","[1, 128, 768]",1214.89,0.0,0.375,cpu_perf_counter,cpu
35,encoder.layer.5.attention.output.LayerNorm,LayerNorm,0.0331,0.375,491520.0,1536,0,53,0.0337,analytic,"[1, 128, 768]","[1, 128, 768]",1214.89,0.0,0.375,cpu_perf_counter,cpu
35,encoder.layer.5.intermediate.dense,Linear,1.7863,1.5,603979776.0,2362368,0,54,1.7869,counter,"[1, 128, 768]","[1, 128, 3072]",1214.89,0.0,1.5,cpu_perf_counter,cpu
35,encoder.layer.5.intermediate.intermediate_act_fn,GELUActivation,0.1492,1.5,0.0,0,0,55,0.1498,none,"[1, 128, 3072]","[1, 128, 3072]",1214.89,0.0,1.5,cpu_perf_counter,cpu
35,encoder.layer.5.output.dense,Linear,1.4773,0.375,603979776.0,2360064,0,56,1.4779,counter,"[1, 128, 3072]","[1, 128, 768]",1214.89,0.0,0.375,cpu_perf_counter,cpu
35,encoder.layer.5.output.LayerNorm,LayerNorm,0.0456,0.375,491520.0,1536,0,57,0.0462,analytic,"[1, 128, 768]","[1, 128, 768]",1214.89,0.0,0.375,cpu_perf_counter,cpu
35,encoder.layer.6.attention.self.query,Linear,0.3785,0.375,150994944.0,590592,0,58,0.3791,counter,"[1, 128, 768]","[1, 128, 768]",1214.89,0.0,0.375,cpu_perf_counter,cpu
35,encoder.layer.6.attention.self.key,Linear,0.3782,0.375,150994944.0,590592,0,59,0.3788,counter,"[1, 128, 768]","[1, 128, 768]",1214.89,0.0,0.375,cpu_perf_counter,cpu
35,encoder.layer.6.attention.self.value,Linear,0.3707,0.375,150994944.0,590592,0,60,0.3713,counter,"[1, 128, 768]","[1, 128, 768]",1214.89,0.0,0.375,cpu_perf_counter,cpu
35,encoder.layer.6.attention.output.dense,Linear,0.3954,0.375,150994944.0,590592,0,61,0.396,counter,"[1, 128, 768]","[1, 128, 768]",1214.89,0.0,0.375,cpu_perf_counter,cpu
35,encoder.layer.6.attention.output.LayerNorm,LayerNorm,0.034,0.375,491520.0,1536,0,62,0.0346,analytic,"[1, 128, 768]","[1, 128, 768]",1214.89,0.0,0.375,cpu_perf_counter,cpu
35,encoder.layer.6.intermediate.dense,Linear,1.7482,1.5,603979776.0,2362368,0,63,1.7488,counter,"[1, 128, 768]","[1, 128, 3072]",1214.89,0.0,1.5,cpu_perf_counter,cpu
35,encoder.layer.6.intermediate.intermediate_act_fn,GELUActivation,0.1432,1.5,0.0,0,0,64,0.1438,none,"[1, 128, 3072]","[1, 128, 3072]",1214.89,0.0,1.5,cpu_perf_counter,cpu
35,encoder.layer.6.output.dense,Linear,1.4563,0.375,603979776.0,2360064,0,65,1.4569,counter,"[1, 128, 3072]","[1, 128, 768]",1214.89,0.0,0.375,cpu_perf_counter,cpu
35,encoder.layer.6.output.LayerNorm,LayerNorm,0.043,0.375,491520.0,1536,0,66,0.0436,analytic,"[1, 128, 768]","[1, 128, 768]",1214.89,0.0,0.375,cpu_perf_counter,cpu
35,encoder.layer.7.attention.self.query,Linear,0.3817,0.375,150994944.0,590592,0,67,0.3823,counter,"[1, 128, 768]","[1, 128, 768]",1214.89,0.0,0.375,cpu_perf_counter,cpu
35,encoder.layer.7.attention.self.key,Linear,0.3714,0.375,150994944.0,590592,0,68,0.372,counter,"[1, 128, 768]","[1, 128, 768]",1214.89,0.0,0.375,cpu_perf_counter,cpu
35,encoder.layer.7.attention.self.value,Linear,0.3726,0.375,150994944.0,590592,0,69,0.3732,counter,"[1, 128, 768]","[1, 128, 768]",1214.89,0.0,0.375,cpu_perf_counter,cpu
35,encoder.layer.7.attention.output.dense,Linear,0.3764,0.375,150994944.0,590592,0,70,0.377,counter,"[1, 128, 768]","[1, 128, 768]",1214.89,0.0,0.375,cpu_perf_counter,cpu
35,encoder.layer.7.attention.output.LayerNorm,LayerNorm,0.0284,0.375,491520.0,1536,0,71,0.029,analytic,"[1, 128, 768]","[1, 128, 768]",1214.89,0.0,0.375,cpu_perf_counter,cpu
35,encoder.layer.7.intermediate.dense,Linear,1.739,1.5,603979776.0,2362368,0,72,1.7396,counter,"[1, 128, 768]","[1, 128, 3072]",1214.89,0.0,1.5,cpu_perf_counter,cpu
35,encoder.layer.7.intermediate.intermediate_act_fn,GELUActivation,0.1329,1.5,0.0,0,0,73,0.1335,none,"[1, 128, 3072]","[1, 128, 3072]",1214.89,0.0,1.5,cpu_perf_counter,cpu
35,encoder.layer.7.output.dense,Linear,1.4622,0.375,603979776.0,2360064,0,74,1.4628,counter,"[1, 128, 3072]","[1, 128, 768]",1214.89,0.0,0.375,cpu_perf_counter,cpu
35,encoder.layer.7.output.LayerNorm,LayerNorm,0.0426,0.375,491520.0,1536,0,75,0.0432,analytic,"[1, 128, 768]","[1, 128, 768]",1214.89,0.0,0.375,cpu_perf_counter,cpu
35,encoder.layer.8.attention.self.query,Linear,0.3732,0.375,150994944.0,590592,0,76,0.3738,counter,"[1, 128, 768]","[1, 128, 768]",1214.89,0.0,0.375,cpu_perf_counter,cpu
35,encoder.layer.8.attention.self.key,Linear,0.3798,0.375,150994944.0,590592,0,77,0.3804,counter,"[1, 128, 768]","[1, 128, 768]",1214.89,0.0,0.375,cpu_perf_counter,cpu
35,encoder.layer.8.attention.self.value,Linear,0.3669,0.375,150994944.0,590592,0,78,0.3675,counter,"[1, 128, 768]","[1, 128, 768]",1214.89,0.0,0.375,cpu_perf_counter,cpu
35,encoder.layer.8.attention.output.dense,Linear,0.3978,0.375,150994944.0,590592,0,79,0.3984,counter,"[1, 128, 768]","[1, 128, 768]",1214.89,0.0,0.375,cpu_perf_counter,cpu
35,encoder.layer.8.attention.output.LayerNorm,LayerNorm,0.0326,0.375,491520.0,1536,0,80,0.0332,analytic,"[1, 128, 768]","[1, 128, 768]",1214.89,0.0,0.375,cpu_perf_counter,cpu
35,encoder.layer.8.intermediate.dense,Linear,1.7294,1.5,603979776.0,2362368,0,81,1.73,counter,"[1, 128, 768]","[1, 128, 3072]",1214.89,0.0,1.5,cpu_perf_counter,cpu
35,encoder.layer.8.intermediate.intermediate_act_fn,GELUActivation,0.1262,1.5,0.0,0,0,82,0.1268,none,"[1, 128, 3072]","[1, 128, 3072]",1214.89,0.0,1.5,cpu_perf_counter,cpu
35,encoder.layer.8.output.dense,Linear,1.4365,0.375,603979776.0,2360064,0,83,1.4371,counter,"[1, 128, 3072]","[1, 128, 768]",1214.89,0.0,0.375,cpu_perf_counter,cpu
35,encoder.layer.8.output.LayerNorm,LayerNorm,0.0544,0.375,491520.0,1536,0,84,0.055,analytic,"[1, 128, 768]","[1, 128, 768]",1214.89,0.0,0.375,cpu_perf_counter,cpu
35,encoder.layer.9.attention.self.query,Linear,0.3883,0.375,150994944.0,590592,0,85,0.3889,counter,"[1, 128, 768]","[1, 128, 768]",1214.89,0.0,0.375,cpu_perf_counter,cpu
35,encoder.layer.9.attention.self.key,Linear,0.3657,0.375,150994944.0,590592,0,86,0.3663,counter,"[1, 128, 768]","[1, 128, 768]",1214.89,0.0,0.375,cpu_perf_counter,cpu
35,encoder.layer.9.attention.self.value,Linear,0.3761,0.375,150994944.0,590592,0,87,0.3767,counter,"[1, 128, 768]","[1, 128, 768]",1214.89,0.0,0.375,cpu_perf_counter,cpu
35,encoder.layer.9.attention.output.dense,Linear,0.3743,0.375,150994944.0,590592,0,88,0.3749,counter,"[1, 128, 768]","[1, 128, 768]",1214.89,0.0,0.375,cpu_perf_counter,cpu
35,encoder.layer.9.attention.output.LayerNorm,LayerNorm,0.029,0.375,491520.0,1536,0,89,0.0296,analytic,"[1, 128, 768]","[1, 128, 768]",1214.89,0.0,0.375,cpu_perf_counter,cpu
35,encoder.layer.9.intermediate.dense,Linear,1.7595,1.5,603979776.0,2362368,0,90,1.7601,counter,"[1, 128, 768]","[1, 128, 3072]",1214.89,0.0,1.5,cpu_perf_counter,cpu
35,encoder.layer.9.intermediate.intermediate_act_fn,GELUActivation,0.1352,1.5,0.0,0,0,91,0.1358,none,"[1, 128, 3072]","[1, 128, 3072]",1214.89,0.0,1.5,cpu_perf_counter,cpu
35,encoder.layer.9.output.dense,Linear,1.4558,0.375,603979776.0,2360064,0,92,1.4564,counter,"[1, 128, 3072]","[1, 128, 768]",1214.89,0.0,0.375,cpu_perf_counter,cpu
35,encoder.layer.9.output.LayerNorm,LayerNorm,0.039,0.375,491520.0,1536,0,93,0.0396,analytic,"[1, 128, 768]","[1, 128, 768]",1214.89,0.0,0.375,cpu_perf_counter,cpu
35,encoder.layer.10.attention.self.query,Linear,0.3685,0.375,150994944.0,590592,0,94,0.3691,counter,"[1, 128, 768]","[1, 128, 768]",1214.89,0.0,0.375,cpu_perf_counter,cpu
35,encoder.layer.10.attention.self.key,Linear,0.3621,0.375,150994944.0,590592,0,95,0.3627,counter,"[1, 128, 768]","[1, 128, 768]",1214.89,0.0,0.375,cpu_perf_counter,cpu
35,encoder.layer.10.attention.self.value,Linear,0.356,0.375,150994944.0,590592,0,96,0.3566,counter,"[1, 128, 768]","[1, 128, 768]",1214.89,0.0,0.375,cpu_perf_counter,cpu
35,encoder.layer.10.attention.output.dense,Linear,0.3647,0.375,150994944.0,590592,0,97,0.3653,counter,"[1, 128, 768]","[1, 128, 768]",1214.89,0.0,0.375,cpu_perf_counter,cpu
35,encoder.layer.10.attention.output.LayerNorm,LayerNorm,0.0273,0.375,491520.0,1536,0,98,0.0279,analytic,"[1, 128, 768]","[1, 128, 768]",1214.89,0.0,0.375,cpu_perf_counter,cpu
35,encoder.layer.10.intermediate.dense,Linear,1.8401,1.5,603979776.0,2362368,0,99,1.8407,counter,"[1, 128, 768]","[1, 128, 3072]",1214.89,0.0,1.5,cpu_perf_counter,cpu
35,encoder.layer.10.intermediate.intermediate_act_fn,GELUActivation,0.1411,1.5,0.0,0,0,100,0.1417,none,"[1, 128, 3072]","[1, 128, 3072]",1214.89,0.0,1.5,cpu_perf_counter,cpu
35,encoder.layer.10.output.dense,Linear,1.4606,0.375,603979776.0,2360064,0,101,1.4612,counter,"[1, 128, 3072]","[1, 128, 768]",1214.89,0.0,0.375,cpu_perf_counter,cpu
35,encoder.layer.10.output.LayerNorm,LayerNorm,0.041,0.375,491520.0,1536,0,102,0.0416,analytic,"[1, 128, 768]","[1, 128, 768]",1214.89,0.0,0.375,cpu_perf_counter,cpu
35,encoder.layer.11.attention.self.query,Linear,0.3733,0.375,150994944.0,590592,0,103,0.3739,counter,"[1, 128, 768]","[1, 128, 768]",1214.89,0.0,0.375,cpu_perf_counter,cpu
35,encoder.layer.11.attention.self.key,Linear,0.3593,0.375,150994944.0,590592,0,104,0.3599,counter,"[1, 128, 768]","[1, 128, 768]",1214.89,0.0,0.375,cpu_perf_counter,cpu
35,encoder.layer.11.attention.self.value,Linear,0.3715,0.375,150994944.0,590592,0,105,0.3721,counter,"[1, 128, 768]","[1, 128, 768]",1214.89,0.0,0.375,cpu_perf_counter,cpu
35,encoder.layer.11.attention.output.dense,Linear,0.3731,0.375,150994944.0,590592,0,106,0.3737,counter,"[1, 128, 768]","[1, 128, 768]",1214.89,0.0,0.375,cpu_perf_counter,cpu
35,encoder.layer.11.attention.output.LayerNorm,LayerNorm,0.0278,0.375,491520.0,1536,0,107,0.0284,analytic,"[1, 128, 768]","[1, 128, 768]",1214.89,0.0,0.375,cpu_perf_counter,cpu
35,encoder.layer.11.intermediate.dense,Linear,1.7451,1.5,603979776.0,2362368,0,108,1.7457,counter,"[1, 128, 768]","[1, 128, 3072]",1214.89,0.0,1.5,cpu_perf_counter,cpu
35,encoder.layer.11.intermediate.intermediate_act_fn,GELUActivation,0.1259,1.5,0.0,0,0,109,0.1265,none,"[1, 128, 3072]","[1, 128, 3072]",1214.89,0.0,1.5,cpu_perf_counter,cpu
35,encoder.layer.11.output.dense,Linear,1.5125,0.375,603979776.0,2360064,0,110,1.5131,counter,"[1, 128, 3072]","[1, 128, 768]",1214.89,0.0,0.375,cpu_perf_counter,cpu
35,encoder.layer.11.output.LayerNorm,LayerNorm,0.0414,0.375,491520.0,1536,0,111,0.042,analytic,"[1, 128, 768]","[1, 128, 768]",1214.89,0.0,0.375,cpu_perf_counter,cpu
35,pooler.dense,Linear,0.1253,0.00293,1179648.0,590592,0,112,0.1259,counter,"[1, 768]","[1, 768]",1214.89,0.0,0.003,cpu_perf_counter,cpu
35,pooler.activation,Tanh,0.0156,0.00293,3072.0,0,0,113,0.0162,analytic,"[1, 768]","[1, 768]",1214.89,0.0,0.003,cpu_perf_counter,cpu
36,embeddings.word_embeddings,Embedding,0.0465,0.375,0.0,23440896,0,0,0.0471,none,"[1, 128]","[1, 128, 768]",1214.89,0.0,0.375,cpu_perf_counter,cpu
36,embeddings.token_type_embeddings,Embedding,0.0201,0.375,0.0,1536,0,1,0.0207,none,"[1, 128]","[1, 128, 768]",1214.89,0.0,0.375,cpu_perf_counter,cpu
36,embeddings.position_embeddings,Embedding,0.0202,0.375,0.0,393216,0,2,0.0208,none,"[1, 128]","[1, 128, 768]",1214.89,0.0,0.375,cpu_perf_counter,cpu
36,embeddings.LayerNorm,LayerNorm,0.0237,0.375,491520.0,1536,0,3,0.0243,analytic,"[1, 128, 768]","[1, 128, 768]",1214.89,0.0,0.375,cpu_perf_counter,cpu
36,encoder.layer.0.attention.self.query,Linear,0.3771,0.375,150994944.0,590592,0,4,0.3777,counter,"[1, 128, 768]","[1, 128, 768]",1214.89,0.0,0.375,cpu_perf_counter,cpu
36,encoder.layer.0.attention.self.key,Linear,0.3581,0.375,150994944.0,590592,0,5,0.3587,counter,"[1, 128, 768]","[1, 128, 768]",1214.89,0.0,0.375,cpu_perf_counter,cpu
36,encoder.layer.0.attention.self.value,Linear,0.3731,0.375,150994944.0,590592,0,6,0.3737,counter,"[1, 128, 768]","[1, 128, 768]",1214.89,0.0,0.375,cpu_perf_counter,cpu
36,encoder.layer.0.attention.output.dense,Linear,0.3809,0.375,150994944.0,590592,0,7,0.3815,counter,"[1, 128, 768]","[1, 128, 768]",1214.89,0.0,0.375,cpu_perf_counter,cpu
36,encoder.layer.0.attention.output.LayerNorm,LayerNorm,0.026,0.375,491520.0,1536,0,8,0.0266,analytic,"[1, 128, 768]","[1, 128, 768]",1214.89,0.0,0.375,cpu_perf_counter,cpu
36,encoder.layer.0.intermediate.dense,Linear,1.7299,1.5,603979776.0,2362368,0,9,1.7305,counter,"[1, 128, 768]","[1, 128, 3072]",1214.89,0.0,1.5,cpu_perf_counter,cpu
36,encoder.layer.0.intermediate.intermediate_act_fn,GELUActivation,0.13,1.5,0.0,0,0,10,0.1306,none,"[1, 128, 3072]","[1, 128, 3072]",1214.89,0.0,1.5,cpu_perf_counter,cpu
36,encoder.layer.0.output.dense,Linear,1.4437,0.375,603979776.0,2360064,0,11,1.4443,counter,"[1, 128, 3072]","[1, 128, 768]",1214.89,0.0,0.375,cpu_perf_counter,cpu
36,encoder.layer.0.output.LayerNorm,LayerNorm,0.0407,0.375,491520.0,1536,0,12,0.0413,analytic,"[1, 128, 768]","[1, 128, 768]",1214.89,0.0,0.375,cpu_perf_counter,cpu
36,encoder.layer.1.attention.self.query,Linear,0.4182,0.375,150994944.0,590592,0,13,0.4188,counter,"[1, 128, 768]","[1, 128, 768]",1214.89,0.0,0.375,cpu_perf_counter,cpu
36,encoder.layer.1.attention.self.key,Linear,0.3628,0.375,150994944.0,590592,0,14,0.3634,counter,"[1, 128, 768]","[1, 128, 768]",1214.89,0.0,0.375,cpu_perf_counter,cpu
36,encoder.layer.1.attention.self.value,Linear,0.3842,0.375,150994944.0,590592,0,15,0.3848,counter,"[1, 128, 768]","[1, 128, 768]",1214.89,0.0,0.375,cpu_perf_counter,cpu
36,encoder.layer.1.attention.output.dense,Linear,0.3846,0.375,150994944.0,590592,0,16,0.3852,counter,"[1, 128, 768]","[1, 128, 768]",1214.89,0.0,0.375,cpu_perf_counter,cpu
36,encoder.layer.1.attention.output.LayerNorm,LayerNorm,0.0278,0.375,491520.0,1536,0,17,0.0284,analytic,"[1, 128, 768]","[1, 128, 768]",1214.89,0.0,0.375,cpu_perf_counter,cpu
36,encoder.layer.1.intermediate.dense,Linear,1.8216,1.5,603979776.0,2362368,0,18,1.8222,counter,"[1, 128, 768]","[1, 128, 3072]",1214.89,0.0,1.5,cpu_perf_counter,cpu
36,encoder.layer.1.intermediate.intermediate_act_fn,GELUActivation,0.1374,1.5,0.0,0,0,19,0.138,none,"[1, 128, 3072]","[1, 128, 3072]",1214.89,0.0,1.5,cpu_perf_counter,cpu
36,encoder.layer.1.output.dense,Linear,1.4709,0.375,603979776.0,2360064,0,20,1.4715,counter,"[1, 128, 3072]","[1, 128, 768]",1214.89,0.0,0.375,cpu_perf_counter,cpu
36,encoder.layer.1.output.LayerNorm,LayerNorm,0.0426,0.375,491520.0,1536,0,21,0.0432,analytic,"[1, 128, 768]","[1, 128, 768]",1214.89,0.0,0.375,cpu_perf_counter,cpu
36,encoder.layer.2.attention.self.query,Linear,0.3773,0.375,150994944.0,590592,0,22,0.3779,counter,"[1, 128, 768]","[1, 128, 768]",1214.89,0.0,0.375,cpu_perf_counter,cpu
36,encoder.layer.2.attention.self.key,Linear,0.3705,0.375,150994944.0,590592,0,23,0.3711,counter,"[1, 128, 768]","[1, 128, 768]",1214.89,0.0,0.375,cpu_perf_counter,cpu
36,encoder.layer.2.attention.self.value,Linear,0.3631,0.375,150994944.0,590592,0,24,0.3637,counter,"[1, 128, 768]","[1, 128, 768]",1214.89,0.0,0.375,cpu_perf_counter,cpu
36,encoder.layer.2.attention.output.dense,Linear,0.3807,0.375,150994944.0,590592,0,25,0.3813,counter,"[1, 128, 768]","[1, 128, 768]",1214.89,0.0,0.375,cpu_perf_counter,cpu
36,encoder.layer.2.attention.output.LayerNorm,LayerNorm,0.0268,0.375,491520.0,1536,0,26,0.0274,analytic,"[1, 128, 768]","[1, 128, 768]",1214.89,0.0,0.375,cpu_perf_counter,cpu
36,encoder.layer.2.intermediate.dense,Linear,1.709,1.5,603979776.0,2362368,0,27,1.7096,counter,"[1, 128, 768]","[1, 128, 3072]",1214.89,0.0,1.5,cpu_perf_counter,cpu
36,encoder.layer.2.intermediate.intermediate_act_fn,GELUActivation,0.1289,1.5,0.0,0,0,28,0.1295,none,"[1, 128, 3072]","[1, 128, 3072]",1214.89,0.0,1.5,cpu_perf_counter,cpu
36,encoder.layer.2.output.dense,Linear,1.5217,0.375,603979776.0,2360064,0,29,1.5223,counter,"[1, 128, 3072]","[1, 128, 768]",1214.89,0.0,0.375,cpu_perf_counter,cpu
36,encoder.layer.2.output.LayerNorm,LayerNorm,0.0406,0.375,491520.0,1536,0,30,0.0412,analytic,"[1, 128, 768]","[1, 128, 768]",1214.89,0.0,0.375,cpu_perf_counter,cpu
36,encoder.layer.3.attention.self.query,Linear,0.3897,0.375,150994944.0,590592,0,31,0.3903,counter,"[1, 128, 768]","[1, 128, 768]",1214.89,0.0,0.375,cpu_perf_counter,cpu
36,encoder.layer.3.attention.self.key,Linear,0.3636,0.375,150994944.0,590592,0,32,0.3642,counter,"[1, 128, 768]","[1, 128, 768]",1214.89,0.0,0.375,cpu_perf_counter,cpu
36,encoder.layer.3.attention.self.value,Linear,0.3706,0.375,150994944.0,590592,0,33,0.3712,counter,"[1, 128, 768]","[1, 128, 768]",1214.89,0.0,0.375,cpu_perf_counter,cpu
36,encoder.layer.3.attention.output.dense,Linear,0.374,0.375,150994944.0,590592,0,34,0.3746,counter,"[1, 128, 768]","[1, 128, 768]",1214.89,0.0,0.375,cpu_perf_counter,cpu
36,encoder.layer.3.attention.output.LayerNorm,LayerNorm,0.0269,0.375,491520.0,1536,0,35,0.0275,analytic,"[1, 128, 768]","[1, 128, 768]",1214.89,0.0,0.375,cpu_perf_counter,cpu
36,encoder.layer.3.intermediate.dense,Linear,1.6929,1.5,603979776.0,2362368,0,36,1.6935,counter,"[1, 128, 768]","[1, 128, 3072]",1214.89,0.0,1.5,cpu_perf_counter,cpu
36,encoder.layer.3.intermediate.intermediate_act_fn,GELUActivation,0.1321,1.5,0.0,0,0,37,0.1327,none,"[1, 128, 3072]","[1, 128, 3072]",1214.89,0.0,1.5,cpu_perf_counter,cpu
36,encoder.layer.3.output.dense,Linear,1.4449,0.375,603979776.0,2360064,0,38,1.4455,counter,"[1, 128, 3072]","[1, 128, 768]",1214.89,0.0,0.375,cpu_perf_counter,cpu
36,encoder.layer.3.output.LayerNorm,LayerNorm,0.0426,0.375,491520.0,1536,0,39,0.0432,analytic,"[1, 128, 768]","[1, 128, 768]",1214.89,0.0,0.375,cpu_perf_counter,cpu
36,encoder.layer.4.attention.self.query,Linear,0.3713,0.375,150994944.0,590592,0,40,0.3719,counter,"[1, 128, 768]","[1, 128, 768]",1214.89,0.0,0.375,cpu_perf_counter,cpu
36,encoder.layer.4.attention.self.key,Linear,0.3956,0.375,150994944.0,590592,0,41,0.3962,counter,"[1, 128, 768]","[1, 128, 768]",1214.89,0.0,0.375,cpu_perf_counter,cpu
36,encoder.layer.4.attention.self.value,Linear,0.3893,0.375,150994944.0,590592,0,42,0.3899,counter,"[1, 128, 768]","[1, 128, 768]",1214.89,0.0,0.375,cpu_perf_counter,cpu
36,encoder.layer.4.attention.output.dense,Linear,0.3751,0.375,150994944.0,590592,0,43,0.3757,counter,"[1, 128, 768]","[1, 128, 768]",1214.89,0.0,0.375,cpu_perf_counter,cpu
36,encoder.layer.4.attention.output.LayerNorm,LayerNorm,0.0252,0.375,491520.0,1536,0,44,0.0258,analytic,"[1, 128, 768]","[1, 128, 768]",1214.89,0.0,0.375,cpu_perf_counter,cpu
36,encoder.layer.4.intermediate.dense,Linear,1.7193,1.5,603979776.0,2362368,0,45,1.7199,counter,"[1, 128, 768]","[1, 128, 3072]",1214.89,0.0,1.5,cpu_perf_counter,cpu
36,encoder.layer.4.intermediate.intermediate_act_fn,GELUActivation,0.1379,1.5,0.0,0,0,46,0.1385,none,"[1, 128, 3072]","[1, 128, 3072]",1214.89,0.0,1.5,cpu_perf_counter,cpu
36,encoder.layer.4.output.dense,Linear,1.4638,0.375,603979776.0,2360064,0,47,1.4644,counter,"[1, 128, 3072]","[1, 128, 768]",1214.89,0.0,0.375,cpu_perf_counter,cpu
36,encoder.layer.4.output.LayerNorm,LayerNorm,0.0398,0.375,491520.0,1536,0,48,0.0404,analytic,"[1, 128, 768]","[1, 128, 768]",1214.89,0.0,0.375,cpu_perf_counter,cpu
36,encoder.layer.5.attention.self.query,Linear,0.3816,0.375,150994944.0,590592,0,49,0.3822,counter,"[1, 128, 768]","[1, 128, 768]",1214.89,0.0,0.375,cpu_perf_counter,cpu
36,encoder.layer.5.attention.self.key,Linear,0.369,0.375,150994944.0,590592,0,50,0.3696,counter,"[1, 128, 768]","[1, 128, 768]",1214.89,0.0,0.375,cpu_perf_counter,cpu
36,encoder.layer.5.attention.self.value,Linear,0.3735,0.375,150994944.0,590592,0,51,0.3741,counter,"[1, 128, 768]","[1, 128, 768]",1214.89,0.0,0.375,cpu_perf_counter,cpu
36,encoder.layer.5.attention.output.dense,Linear,0.3811,0.375,150994944.0,590592,0,52,0.3817,counter,"[1, 128, 768]","[1, 128, 768]",1214.89,0.0,0.375,cpu_perf_counter,cpu
36,encoder.layer.5.attention.output.LayerNorm,LayerNorm,0.0298,0.375,491520.0,1536,0,53,0.0304,analytic,"[1, 128, 768]","[1, 128, 768]",1214.89,0.0,0.375,cpu_perf_counter,cpu
36,encoder.layer.5.intermediate.dense,Linear,1.8724,1.5,603979776.0,2362368,0,54,1.873,counter,"[1, 128, 768]","[1, 128, 3072]",1214.89,0.0,1.5,cpu_perf_counter,cpu
36,encoder.layer.5.intermediate.intermediate_act_fn,GELUActivation,0.1503,1.5,0.0,0,0,55,0.1509,none,"[1, 128, 3072]","[1, 128, 3072]",1214.89,0.0,1.5,cpu_perf_counter,cpu
36,encoder.layer.5.output.dense,Linear,1.5571,0.375,603979776.0,2360064,0,56,1.5577,counter,"[1, 128, 3072]","[1, 128, 768]",1214.89,0.0,0.375,cpu_perf_counter,cpu
36,encoder.layer.5.output.LayerNorm,LayerNorm,0.0456,0.375,491520.0,1536,0,57,0.0462,analytic,"[1, 128, 768]","[1, 128, 768]",1214.89,0.0,0.375,cpu_perf_counter,cpu
36,encoder.layer.6.attention.self.query,Linear,0.3858,0.375,150994944.0,590592,0,58,0.3864,counter,"[1, 128, 768]","[1, 128, 768]",1214.89,0.0,0.375,cpu_perf_counter,cpu
36,encoder.layer.6.attention.self.key,Linear,0.3766,0.375,150994944.0,590592,0,59,0.3772,counter,"[1, 128, 768]","[1, 128, 768]",1214.89,0.0,0.375,cpu_perf_counter,cpu
36,encoder.layer.6.attention.self.value,Linear,0.3663,0.375,150994944.0,590592,0,60,0.3669,counter,"[1, 128, 768]","[1, 128, 768]",1214.89,0.0,0.375,cpu_perf_counter,cpu
36,encoder.layer.6.attention.output.dense,Linear,0.3721,0.375,150994944.0,590592,0,61,0.3727,counter,"[1, 128, 768]","[1, 128, 768]",1214.89,0.0,0.375,cpu_perf_counter,cpu
36,encoder.layer.6.attention.output.LayerNorm,LayerNorm,0.0277,0.375,491520.0,1536,0,62,0.0283,analytic,"[1, 128, 768]","[1, 128, 768]",1214.89,0.0,0.375,cpu_perf_counter,cpu
36,encoder.layer.6.intermediate.dense,Linear,1.689,1.5,603979776.0,2362368,0,63,1.6896,counter,"[1, 128, 768]","[1, 128, 3072]",1214.89,0.0,1.5,cpu_perf_counter,cpu
36,encoder.layer.6.intermediate.intermediate_act_fn,GELUActivation,0.1294,1.5,0.0,0,0,64,0.13,none,"[1, 128, 3072]","[1, 128, 3072]",1214.89,0.0,1.5,cpu_perf_counter,cpu
36,encoder.layer.6.output.dense,Linear,1.5031,0.375,603979776.0,2360064,0,65,1.5037,counter,"[1, 128, 3072]","[1, 128, 768]",1214.89,0.0,0.375,cpu_perf_counter,cpu
36,encoder.layer.6.output.LayerNorm,LayerNorm,0.0424,0.375,491520.0,1536,0,66,0.043,analytic,"[1, 128, 768]","[1, 128, 768]",1214.89,0.0,0.375,cpu_perf_counter,cpu
36,encoder.layer.7.attention.self.query,Linear,0.3975,0.375,150994944.0,590592,0,67,0.3981,counter,"[1, 128, 768]","[1, 128, 768]",1214.89,0.0,0.375,cpu_perf_counter,cpu
36,encoder.layer.7.attention.self.key,Linear,0.3754,0.375,150994944.0,590592,0,68,0.376,counter,"[1, 128, 768]","[1, 128, 768]",1214.89,0.0,0.375,cpu_perf_counter,cpu
36,encoder.layer.7.attention.self.value,Linear,0.3682,0.375,150994944.0,590592,0,69,0.3688,counter,"[1, 128, 768]","[1, 128, 768]",1214.89,0.0,0.375,cpu_perf_counter,cpu
36,encoder.layer.7.attention.output.dense,Linear,0.4154,0.375,150994944.0,590592,0,70,0.416,counter,"[1, 128, 768]","[1, 128, 768]",1214.89,0.0,0.375,cpu_perf_counter,cpu
36,encoder.layer.7.attention.output.LayerNorm,LayerNorm,0.0414,0.375,491520.0,1536,0,71,0.042,analytic,"[1, 128, 768]","[1, 128, 768]",1214.89,0.0,0.375,cpu_perf_counter,cpu
36,encoder.layer.7.intermediate.dense,Linear,1.8431,1.5,603979776.0,2362368,0,72,1.8437,counter,"[1, 128, 768]","[1, 128, 3072]",1214.89,0.0,1.5,cpu_perf_counter,cpu
36,encoder.layer.7.intermediate.intermediate_act_fn,GELUActivation,0.1472,1.5,0.0,0,0,73,0.1478,none,"[1, 128, 3072]","[1, 128, 3072]",1214.89,0.0,1.5,cpu_perf_counter,cpu
36,encoder.layer.7.output.dense,Linear,1.4729,0.375,603979776.0,2360064,0,74,1.4735,counter,"[1, 128, 3072]","[1, 128, 768]",1214.89,0.0,0.375,cpu_perf_counter,cpu
36,encoder.layer.7.output.LayerNorm,LayerNorm,0.0446,0.375,491520.0,1536,0,75,0.0452,analytic,"[1, 128, 768]","[1, 128, 768]",1214.89,0.0,0.375,cpu_perf_counter,cpu
36,encoder.layer.8.attention.self.query,Linear,0.3814,0.375,150994944.0,590592,0,76,0.382,counter,"[1, 128, 768]","[1, 128, 768]",1214.89,0.0,0.375,cpu_perf_counter,cpu
36,encoder.layer.8.attention.self.key,Linear,0.3887,0.375,150994944.0,590592,0,77,0.3893,counter,"[1, 128, 768]","[1, 128, 768]",1214.89,0.0,0.375,cpu_perf_counter,cpu
36,encoder.layer.8.attention.self.value,Linear,0.3732,0.375,150994944.0,590592,0,78,0.3738,counter,"[1, 128, 768]","[1, 128, 768]",1214.89,0.0,0.375,cpu_perf_counter,cpu
36,encoder.layer.8.attention.output.dense,Linear,0.4106,0.375,150994944.0,590592,0,79,0.4112,counter,"[1, 128, 768]","[1, 128, 768]",1214.89,0.0,0.375,cpu_perf_counter,cpu
36,encoder.layer.8.attention.output.LayerNorm,LayerNorm,0.0329,0.375,491520.0,1536,0,80,0.0335,analytic,"[1, 128, 768]","[1, 128, 768]",1214.89,0.0,0.375,cpu_perf_counter,cpu
36,encoder.layer.8.intermediate.dense,Linear,1.7949,1.5,603979776.0,2362368,0,81,1.7955,counter,"[1, 128, 768]","[1, 128, 3072]",1214.89,0.0,1.5,cpu_perf_counter,cpu
36,encoder.layer.8.intermediate.intermediate_act_fn,GELUActivation,0.1299,1.5,0.0,0,0,82,0.1305,none,"[1, 128, 3072]","[1, 128, 3072]",1214.89,0.0,1.5,cpu_perf_counter,cpu
36,encoder.layer.8.output.dense,Linear,1.86,0.375,603979776.0,2360064,0,83,1.8606,counter,"[1, 128, 3072]","[1, 128, 768]",1214.89,0.0,0.375,cpu_perf_counter,cpu
36,encoder.layer.8.output.LayerNorm,LayerNorm,0.0407,0.375,491520.0,1536,0,84,0.0413,analytic,"[1, 128, 768]","[1, 128, 768]",1214.89,0.0,0.375,cpu_perf_counter,cpu
36,encoder.layer.9.attention.self.query,Linear,0.4037,0.375,150994944.0,590592,0,85,0.4043,counter,"[1, 128, 768]","[1, 128, 768]",1214.89,0.0,0.375,cpu_perf_counter,cpu
36,encoder.layer.9.attention.self.key,Linear,0.395,0.375,150994944.0,590592,0,86,0.3956,counter,"[1, 128, 768]","[1, 128, 768]",1214.89,0.0,0.375,cpu_perf_counter,cpu
36,encoder.layer.9.attention.self.value,Linear,0.3852,0.375,150994944.0,590592,0,87,0.3858,counter,"[1, 128, 768]","[1, 128, 768]",1214.89,0.0,0.375,cpu_perf_counter,cpu
36,encoder.layer.9.attention.output.dense,Linear,0.3899,0.375,150994944.0,590592,0,88,0.3905,counter,"[1, 128, 768]","[1, 128, 768]",1214.89,0.0,0.375,cpu_perf_counter,cpu
36,encoder.layer.9.attention.output.LayerNorm,LayerNorm,0.0284,0.375,491520.0,1536,0,89,0.029,analytic,"[1, 128, 768]","[1, 128, 768]",1214.89,0.0,0.375,cpu_perf_counter,cpu
36,encoder.layer.9.intermediate.dense,Linear,1.9044,1.5,603979776.0,2362368,0,90,1.905,counter,"[1, 128, 768]","[1, 128, 3072]",1214.89,0.0,1.5,cpu_perf_counter,cpu
36,encoder.layer.9.intermediate.intermediate_act_fn,GELUActivation,0.1373,1.5,0.0,0,0,91,0.1379,none,"[1, 128, 3072]","[1, 128, 3072]",1214.89,0.0,1.5,cpu_perf_counter,cpu
36,encoder.layer.9.output.dense,Linear,1.6468,0.375,603979776.0,2360064,0,92,1.6474,counter,"[1, 128, 3072]","[1, 128, 768]",1214.89,0.0,0.375,cpu_perf_counter,cpu
36,encoder.layer.9.output.LayerNorm,LayerNorm,0.0417,0.375,491520.0,1536,0,93,0.0423,analytic,"[1, 128, 768]","[1, 128, 768]",1214.89,0.0,0.375,cpu_perf_counter,cpu
36,encoder.layer.10.attention.self.query,Linear,0.3946,0.375,150994944.0,590592,0,94,0.3952,counter,"[1, 128, 768]","[1, 128, 768]",1214.89,0.0,0.375,cpu_perf_counter,cpu
36,encoder.layer.10.attention.self.key,Linear,0.3946,0.375,150994944.0,590592,0,95,0.3952,counter,"[1, 128, 768]","[1, 128, 768]",1214.89,0.0,0.375,cpu_perf_counter,cpu
36,encoder.layer.10.attention.self.value,Linear,0.3758,0.375,150994944.0,590592,0,96,0.3764,counter,"[1, 128, 768]","[1, 128, 768]",1214.89,0.0,0.375,cpu_perf_counter,cpu
36,encoder.layer.10.attention.output.dense,Linear,0.382,0.375,150994944.0,590592,0,97,0.3826,counter,"[1, 128, 768]","[1, 128, 768]",1214.89,0.0,0.375,cpu_perf_counter,cpu
36,encoder.layer.10.attention.output.LayerNorm,LayerNorm,0.0309,0.375,491520.0,1536,0,98,0.0315,analytic,"[1, 128, 768]","[1, 128, 768]",1214.89,0.0,0.375,cpu_perf_counter,cpu
36,encoder.layer.10.intermediate.dense,Linear,1.7637,1.5,603979776.0,2362368,0,99,1.7643,counter,"[1, 128, 768]","[1, 128, 3072]",1214.89,0.0,1.5,cpu_perf_counter,cpu
36,encoder.layer.10.intermediate.intermediate_act_fn,GELUActivation,0.1276,1.5,0.0,0,0,100,0.1282,none,"[1, 128, 3072]","[1, 128, 3072]",1214.89,0.0,1.5,cpu_perf_counter,cpu
36,encoder.layer.10.output.dense,Linear,1.626,0.375,603979776.0,2360064,0,101,1.6266,counter,"[1, 128, 3072]","[1, 128, 768]",1214.89,0.0,0.375,cpu_perf_counter,cpu
36,encoder.layer.10.output.LayerNorm,LayerNorm,0.049,0.375,491520.0,1536,0,102,0.0496,analytic,"[1, 128, 768]","[1, 128, 768]",1214.89,0.0,0.375,cpu_perf_counter,cpu
36,encoder.layer.11.attention.self.query,Linear,0.4122,0.375,150994944.0,590592,0,103,0.4128,counter,"[1, 128, 768]","[1, 128, 768]",1214.89,0.0,0.375,cpu_perf_counter,cpu
36,encoder.layer.11.attention.self.key,Linear,0.3912,0.375,150994944.0,590592,0,104,0.3918,counter,"[1, 128, 768]","[1, 128, 768]",1214.89,0.0,0.375,cpu_perf_counter,cpu
36,encoder.layer.11.attention.self.value,Linear,0.3907,0.375,150994944.0,590592,0,105,0.3913,counter,"[1, 128, 768]","[1, 128, 768]",1214.89,0.0,0.375,cpu_perf_counter,cpu
36,encoder.layer.11.attention.output.dense,Linear,0.3883,0.375,150994944.0,590592,0,106,0.3889,counter,"[1, 128, 768]","[1, 128, 768]",1214.89,0.0,0.375,cpu_perf_counter,cpu
36,encoder.layer.11.attention.output.LayerNorm,LayerNorm,0.0341,0.375,491520.0,1536,0,107,0.0347,analytic,"[1, 128, 768]","[1, 128, 768]",1214.89,0.0,0.375,cpu_perf_counter,cpu
36,encoder.layer.11.intermediate.dense,Linear,1.7579,1.5,603979776.0,2362368,0,108,1.7585,counter,"[1, 128, 768]","[1, 128, 3072]",1214.89,0.0,1.5,cpu_perf_counter,cpu
36,encoder.layer.11.intermediate.intermediate_act_fn,GELUActivation,0.129,1.5,0.0,0,0,109,0.1296,none,"[1, 128, 3072]","[1, 128, 3072]",1214.89,0.0,1.5,cpu_perf_counter,cpu
36,encoder.layer.11.output.dense,Linear,1.6368,0.375,603979776.0,2360064,0,110,1.6374,counter,"[1, 128, 3072]","[1, 128, 768]",1214.89,0.0,0.375,cpu_perf_counter,cpu
36,encoder.layer.11.output.LayerNorm,LayerNorm,0.0378,0.375,491520.0,1536,0,111,0.0384,analytic,"[1, 128, 768]","[1, 128, 768]",1214.89,0.0,0.375,cpu_perf_counter,cpu
36,pooler.dense,Linear,0.1187,0.00293,1179648.0,590592,0,112,0.1193,counter,"[1, 768]","[1, 768]",1214.89,0.0,0.003,cpu_perf_counter,cpu
36,pooler.activation,Tanh,0.015,0.00293,3072.0,0,0,113,0.0156,analytic,"[1, 768]","[1, 768]",1214.89,0.0,0.003,cpu_perf_counter,cpu
37,embeddings.word_embeddings,Embedding,0.0518,0.375,0.0,23440896,0,0,0.0524,none,"[1, 128]","[1, 128, 768]",1214.89,0.0,0.375,cpu_perf_counter,cpu
37,embeddings.token_type_embeddings,Embedding,0.0209,0.375,0.0,1536,0,1,0.0215,none,"[1, 128]","[1, 128, 768]",1214.89,0.0,0.375,cpu_perf_counter,cpu
37,embeddings.position_embeddings,Embedding,0.0233,0.375,0.0,393216,0,2,0.0239,none,"[1, 128]","[1, 128, 768]",1214.89,0.0,0.375,cpu_perf_counter,cpu
37,embeddings.LayerNorm,LayerNorm,0.0262,0.375,491520.0,1536,0,3,0.0268,analytic,"[1, 128, 768]","[1, 128, 768]",1214.89,0.0,0.375,cpu_perf_counter,cpu
37,encoder.layer.0.attention.self.query,Linear,0.3928,0.375,150994944.0,590592,0,4,0.3934,counter,"[1, 128, 768]","[1, 128, 768]",1214.89,0.0,0.375,cpu_perf_counter,cpu
37,encoder.layer.0.attention.self.key,Linear,0.3708,0.375,150994944.0,590592,0,5,0.3714,counter,"[1, 128, 768]","[1, 128, 768]",1214.89,0.0,0.375,cpu_perf_counter,cpu
37,encoder.layer.0.attention.self.value,Linear,0.4003,0.375,150994944.0,590592,0,6,0.4009,counter,"[1, 128, 768]","[1, 128, 768]",1214.89,0.0,0.375,cpu_perf_counter,cpu
37,encoder.layer.0.attention.output.dense,Linear,0.3985,0.375,150994944.0,590592,0,7,0.3991,counter,"[1, 128, 768]","[1, 128, 768]",1214.89,0.0,0.375,cpu_perf_counter,cpu
37,encoder.layer.0.attention.output.LayerNorm,LayerNorm,0.0324,0.375,491520.0,1536,0,8,0.033,analytic,"[1, 128, 768]","[1, 128, 768]",1214.89,0.0,0.375,cpu_perf_counter,cpu
37,encoder.layer.0.intermediate.dense,Linear,1.8131,1.5,603979776.0,2362368,0,9,1.8137,counter,"[1, 128, 768]","[1, 128, 3072]",1214.89,0.0,1.5,cpu_perf_counter,cpu
37,encoder.layer.0.intermediate.intermediate_act_fn,GELUActivation,0.1514,1.5,0.0,0,0,10,0.152,none,"[1, 128, 3072]","[1, 128, 3072]",1214.89,0.0,1.5,cpu_perf_counter,cpu
37,encoder.layer.0.output.dense,Linear,1.5189,0.375,603979776.0,2360064,0,11,1.5195,counter,"[1, 128, 3072]","[1, 128, 768]",1214.89,0.0,0.375,cpu_perf_counter,cpu
37,encoder.layer.0.output.LayerNorm,LayerNorm,0.0453,0.375,491520.0,1536,0,12,0.0459,analytic,"[1, 128, 768]","[1, 128, 768]",1214.89,0.0,0.375,cpu_perf_counter,cpu
37,encoder.layer.1.attention.self.query,Linear,0.4168,0.375,150994944.0,590592,0,13,0.4174,counter,"[1, 128, 768]","[1, 128, 768]",1214.89,0.0,0.375,cpu_perf_counter,cpu
37,encoder.layer.1.attention.self.key,Linear,0.3763,0.375,150994944.0,590592,0,14,0.3769,counter,"[1, 128, 768]","[1, 128, 768]",1214.89,0.0,0.375,cpu_perf_counter,cpu
37,encoder.layer.1.attention.self.value,Linear,0.377,0.375,150994944.0,590592,0,15,0.3776,counter,"[1, 128, 768]","[1, 128, 768]",1214.89,0.0,0.375,cpu_perf_counter,cpu
37,encoder.layer.1.attention.output.dense,Linear,0.3882,0.375,150994944.0,590592,0,16,0.3888,counter,"[1, 128, 768]","[1, 128, 768]",1214.89,0.0,0.375,cpu_perf_counter,cpu
37,encoder.layer.1.attention.output.LayerNorm,LayerNorm,0.0266,0.375,491520.0,1536,0,17,0.0272,analytic,"[1, 128, 768]","[1, 128, 768]",1214.89,0.0,0.375,cpu_perf_counter,cpu
37,encoder.layer.1.intermediate.dense,Linear,1.7585,1.5,603979776.0,2362368,0,18,1.7591,counter,"[1, 128, 768]","[1, 128, 3072]",1214.89,0.0,1.5,cpu_perf_counter,cpu
37,encoder.layer.1.intermediate.intermediate_act_fn,GELUActivation,0.1414,1.5,0.0,0,0,19,0.142,none,"[1, 128, 3072]","[1, 128, 3072]",1214.89,0.0,1.5,cpu_perf_counter,cpu
37,encoder.layer.1.output.dense,Linear,1.4636,0.375,603979776.0,2360064,0,20,1.4642,counter,"[1, 128, 3072]","[1, 128, 768]",1214.89,0.0,0.375,cpu_perf_counter,cpu
37,encoder.layer.1.output.LayerNorm,LayerNorm,0.0406,0.375,491520.0,1536,0,21,0.0412,analytic,"[1, 128, 768]","[1, 128, 768]",1214.89,0.0,0.375,cpu_perf_counter,cpu
37,encoder.layer.2.attention.self.query,Linear,0.3718,0.375,150994944.0,590592,0,22,0.3724,counter,"[1, 128, 768]","[1, 128, 768]",1214.89,0.0,0.375,cpu_perf_counter,cpu
37,encoder.layer.2.attention.self.key,Linear,0.3712,0.375,150994944.0,590592,0,23,0.3718,counter,"[1, 128, 768]","[1, 128, 768]",1214.89,0.0,0.375,cpu_perf_counter,cpu
37,encoder.layer.2.attention.self.value,Linear,0.357,0.375,150994944.0,590592,0,24,0.3576,counter,"[1, 128, 768]","[1, 128, 768]",1214.89,0.0,0.375,cpu_perf_counter,cpu
37,encoder.layer.2.attention.output.dense,Linear,0.3731,0.375,150994944.0,590592,0,25,0.3737,counter,"[1, 128, 768]","[1, 128, 768]",1214.89,0.0,0.375,cpu_perf_counter,cpu
37,encoder.layer.2.attention.output.LayerNorm,LayerNorm,0.0285,0.375,491520.0,1536,0,26,0.0291,analytic,"[1, 128, 768]","[1, 128, 768]",1214.89,0.0,0.375,cpu_perf_counter,cpu
37,encoder.layer.2.intermediate.dense,Linear,1.6673,1.5,603979776.0,2362368,0,27,1.6679,counter,"[1, 128, 768]","[1, 128, 3072]",1214.89,0.0,1.5,cpu_perf_counter,cpu
37,encoder.layer.2.intermediate.intermediate_act_fn,GELUActivation,0.1268,1.5,0.0,0,0,28,0.1274,none,"[1, 128, 3072]","[1, 128, 3072]",1214.89,0.0,1.5,cpu_perf_counter,cpu
37,encoder.layer.2.output.dense,Linear,1.4696,0.375,603979776.0,2360064,0,29,1.4702,counter,"[1, 128, 3072]","[1, 128, 768]",1214.89,0.0,0.375,cpu_perf_counter,cpu
37,encoder.layer.2.output.LayerNorm,LayerNorm,0.0408,0.375,491520.0,1536,0,30,0.0414,analytic,"[1, 128, 768]","[1, 128, 768]",1214.89,0.0,0.375,cpu_perf_counter,cpu
37,encoder.layer.3.attention.self.query,Linear,0.3909,0.375,150994944.0,590592,0,31,0.3915,counter,"[1, 128, 768]","[1, 128, 768]",1214.89,0.0,0.375,cpu_perf_counter,cpu
37,encoder.layer.3.attention.self.key,Linear,0.3732,0.375,150994944.0,590592,0,32,0.3738,counter,"[1, 128, 768]","[1, 128, 768]",1214.89,0.0,0.375,cpu_perf_counter,cpu
37,encoder.layer.3.attention.self.value,Linear,0.3906,0.375,150994944.0,590592,0,33,0.3912,counter,"[1, 128, 768]","[1, 128, 768]",1214.89,0.0,0.375,cpu_perf_counter,cpu
37,encoder.layer.3.attention.output.dense,Linear,0.386,0.375,150994944.0,590592,0,34,0.3866,counter,"[1, 128, 768]","[1, 128, 768]",1214.89,0.0,0.375,cpu_perf_counter,cpu
37,encoder.layer.3.attention.output.LayerNorm,LayerNorm,0.028,0.375,491520.0,1536,0,35,0.0286,analytic,"[1, 128, 768]","[1, 128, 768]",1214.89,0.0,0.375,cpu_perf_counter,cpu
37,encoder.layer.3.intermediate.dense,Linear,1.8224,1.5,603979776.0,2362368,0,36,1.823,counter,"[1, 128, 768]","[1, 128, 3072]",1214.89,0.0,1.5,cpu_perf_counter,cpu
37,encoder.layer.3.intermediate.intermediate_act_fn,GELUActivation,0.1429,1.5,0.0,0,0,37,0.1435,none,"[1, 128, 3072]","[1, 128, 3072]",1214.89,0.0,1.5,cpu_perf_counter,cpu
37,encoder.layer.3.output.dense,Linear,1.4835,0.375,603979776.0,2360064,0,38,1.4841,counter,"[1, 128, 3072]","[1, 128, 768]",1214.89,0.0,0.375,cpu_perf_counter,cpu
37,encoder.layer.3.output.LayerNorm,LayerNorm,0.0472,0.375,491520.0,1536,0,39,0.0478,analytic,"[1, 128, 768]","[1, 128, 768]",1214.89,0.0,0.375,cpu_perf_counter,cpu
37,encoder.layer.4.attention.self.query,Linear,0.3799,0.375,150994944.0,590592,0,40,0.3805,counter,"[1, 128, 768]","[1, 128, 768]",1214.89,0.0,0.375,cpu_perf_counter,cpu
37,encoder.layer.4.attention.self.key,Linear,0.39,0.375,150994944.0,590592,0,41,0.3906,counter,"[1, 128, 768]","[1, 128, 768]",1214.89,0.0,0.375,cpu_perf_counter,cpu
37,encoder.layer.4.attention.self.value,Linear,0.4172,0.375,150994944.0,590592,0,42,0.4178,counter,"[1, 128, 768]","[1, 128, 768]",1214.89,0.0,0.375,cpu_perf_counter,cpu
37,encoder.layer.4.attention.output.dense,Linear,0.4563,0.375,150994944.0,590592,0,43,0.4569,counter,"[1, 128, 768]","[1, 128, 768]",1214.89,0.0,0.375,cpu_perf_counter,cpu
37,encoder.layer.4.attention.output.LayerNorm,LayerNorm,0.0323,0.375,491520.0,1536,0,44,0.0329,analytic,"[1, 128, 768]","[1, 128, 768]",1214.89,0.0,0.375,cpu_perf_counter,cpu
37,encoder.layer.4.intermediate.dense,Linear,1.7319,1.5,603979776.0,2362368,0,45,1.7325,counter,"[1, 128, 768]","[1, 128, 3072]",1214.89,0.0,1.5,cpu_perf_counter,cpu
37,encoder.layer.4.intermediate.intermediate_act_fn,GELUActivation,0.1464,1.5,0.0,0,0,46,0.147,none,"[1, 128, 3072]","[1, 128, 3072]",1214.89,0.0,1.5,cpu_perf_counter,cpu
37,encoder.layer.4.output.dense,Linear,1.4753,0.375,603979776.0,2360064,0,47,1.4759,counter,"[1, 128, 3072]","[1, 128, 768]",1214.89,0.0,0.375,cpu_perf_counter,cpu
37,encoder.layer.4.output.LayerNorm,LayerNorm,0.0408,0.375,491520.0,1536,0,48,0.0414,analytic,"[1, 128, 768]","[1, 128, 768]",1214.89,0.0,0.375,cpu_perf_counter,cpu
37,encoder.layer.5.attention.self.query,Linear,0.3822,0.375,150994944.0,590592,0,49,0.3828,counter,"[1, 128, 768]","[1, 128, 768]",1214.89,0.0,0.375,cpu_perf_counter,cpu
37,encoder.layer.5.attention.self.key,Linear,0.3624,0.375,150994944.0,590592,0,50,0.363,counter,"[1, 128, 768]","[1, 128, 768]",1214.89,0.0,0.375,cpu_perf_counter,cpu
37,encoder.layer.5.attention.self.value,Linear,0.3663,0.375,150994944.0,590592,0,51,0.3669,counter,"[1, 128, 768]","[1, 128, 768]",1214.89,0.0,0.375,cpu_perf_counter,cpu
37,encoder.layer.5.attention.output.dense,Linear,0.3771,0.375,150994944.0,590592,0,52,0.3777,counter,"[1, 128, 768]","[1, 128, 768]",1214.89,0.0,0.375,cpu_perf_counter,cpu
37,encoder.layer.5.attention.output.LayerNorm,LayerNorm,0.0295,0.375,491520.0,1536,0,53,0.0301,analytic,"[1, 128, 768]","[1, 128, 768]",1214.89,0.0,0.375,cpu_perf_counter,cpu
37,encoder.layer.5.intermediate.dense,Linear,1.7573,1.5,603979776.0,2362368,0,54,1.7579,counter,"[1, 128, 768]","[1, 128, 3072]",1214.89,0.0,1.5,cpu_perf_counter,cpu
37,encoder.layer.5.intermediate.intermediate_act_fn,GELUActivation,0.1282,1.5,0.0,0,0,55,0.1288,none,"[1, 128, 3072]","[1, 128, 3072]",1214.89,0.0,1.5,cpu_perf_counter,cpu
37,encoder.layer.5.output.dense,Linear,1.4446,0.375,603979776.0,2360064,0,56,1.4452,counter,"[1, 128, 3072]","[1, 128, 768]",1214.89,0.0,0.375,cpu_perf_counter,cpu
37,encoder.layer.5.output.LayerNorm,LayerNorm,0.0404,0.375,491520.0,1536,0,57,0.041,analytic,"[1, 128, 768]","[1, 128, 768]",1214.89,0.0,0.375,cpu_perf_counter,cpu
37,encoder.layer.6.attention.self.query,Linear,0.3791,0.375,150994944.0,590592,0,58,0.3797,counter,"[1, 128, 768]","[1, 128, 768]",1214.89,0.0,0.375,cpu_perf_counter,cpu
37,encoder.layer.6.attention.self.key,Linear,0.3838,0.375,150994944.0,590592,0,59,0.3844,counter,"[1, 128, 768]","[1, 128, 768]",1214.89,0.0,0.375,cpu_perf_counter,cpu
37,encoder.layer.6.attention.self.value,Linear,0.3687,0.375,150994944.0,590592,0,60,0.3693,counter,"[1, 128, 768]","[1, 128, 768]",1214.89,0.0,0.375,cpu_perf_counter,cpu
37,encoder.layer.6.attention.output.dense,Linear,0.3772,0.375,150994944.0,590592,0,61,0.3778,counter,"[1, 128, 768]","[1, 128, 768]",1214.89,0.0,0.375,cpu_perf_counter,cpu
37,encoder.layer.6.attention.output.LayerNorm,LayerNorm,0.0303,0.375,491520.0,1536,0,62,0.0309,analytic,"[1, 128, 768]","[1, 128, 768]",1214.89,0.0,0.375,cpu_perf_counter,cpu
37,encoder.layer.6.intermediate.dense,Linear,1.5841,1.5,603979776.0,2362368,0,63,1.5847,counter,"[1, 128, 768]","[1, 128, 3072]",1214.89,0.0,1.5,cpu_perf_counter,cpu
37,encoder.layer.6.intermediate.intermediate_act_fn,GELUActivation,0.1279,1.5,0.0,0,0,64,0.1285,none,"[1, 128, 3072]","[1, 128, 3072]",1214.89,0.0,1.5,cpu_perf_counter,cpu
37,encoder.layer.6.output.dense,Linear,1.4868,0.375,603979776.0,2360064,0,65,1.4874,counter,"[1, 128, 3072]","[1, 128, 768]",1214.89,0.0,0.375,cpu_perf_counter,cpu
37,encoder.layer.6.output.LayerNorm,LayerNorm,0.0405,0.375,491520.0,1536,0,66,0.0411,analytic,"[1, 128, 768]","[1, 128, 768]",1214.89,0.0,0.375,cpu_perf_counter,cpu
37,encoder.layer.7.attention.self.query,Linear,0.3912,0.375,150994944.0,590592,0,67,0.3918,counter,"[1, 128, 768]","[1, 128, 768]",1214.89,0.0,0.375,cpu_perf_counter,cpu
37,encoder.layer.7.attention.self.key,Linear,0.3766,0.375,150994944.0,590592,0,68,0.3772,counter,"[1, 128, 768]","[1, 128, 768]",1214.89,0.0,0.375,cpu_perf_counter,cpu
37,encoder.layer.7.attention.self.value,Linear,0.3739,0.375,150994944.0,590592,0,69,0.3745,counter,"[1, 128, 768]","[1, 128, 768]",1214.89,0.0,0.375,cpu_perf_counter,cpu
37,encoder.layer.7.attention.output.dense,Linear,0.3925,0.375,150994944.0,590592,0,70,0.3931,counter,"[1, 128, 768]","[1, 128, 768]",1214.89,0.0,0.375,cpu_perf_counter,cpu
37,encoder.layer.7.attention.output.LayerNorm,LayerNorm,0.0301,0.375,491520.0,1536,0,71,0.0307,analytic,"[1, 128, 768]","[1, 128, 768]",1214.89,0.0,0.375,cpu_perf_counter,cpu
37,encoder.layer.7.intermediate.dense,Linear,1.7262,1.5,603979776.0,2362368,0,72,1.7268,counter,"[1, 128, 768]","[1, 128, 3072]",1214.89,0.0,1.5,cpu_perf_counter,cpu
37,encoder.layer.7.intermediate.intermediate_act_fn,GELUActivation,0.1291,1.5,0.0,0,0,73,0.1297,none,"[1, 128, 3072]","[1, 128, 3072]",1214.89,0.0,1.5,cpu_perf_counter,cpu
37,encoder.layer.7.output.dense,Linear,1.4501,0.375,603979776.0,2360064,0,74,1.4507,counter,"[1, 128, 3072]","[1, 128, 768]",1214.89,0.0,0.375,cpu_perf_counter,cpu
37,encoder.layer.7.output.LayerNorm,LayerNorm,0.0414,0.375,491520.0,1536,0,75,0.042,analytic,"[1, 128, 768]","[1, 128, 768]",1214.89,0.0,0.375,cpu_perf_counter,cpu
37,encoder.layer.8.attention.self.query,Linear,0.3785,0.375,150994944.0,590592,0,76,0.3791,counter,"[1, 128, 768]","[1, 128, 768]",1214.89,0.0,0.375,cpu_perf_counter,cpu
37,encoder.layer.8.attention.self.key,Linear,0.3734,0.375,150994944.0,590592,0,77,0.374,counter,"[1, 128, 768]","[1, 128, 768]",1214.89,0.0,0.375,cpu_perf_counter,cpu
37,encoder.layer.8.attention.self.value,Linear,0.3655,0.375,150994944.0,590592,0,78,0.3661,counter,"[1, 128, 768]","[1, 128, 768]",1214.89,0.0,0.375,cpu_perf_counter,cpu
37,encoder.layer.8.attention.output.dense,Linear,0.4052,0.375,150994944.0,590592,0,79,0.4058,counter,"[1, 128, 768]","[1, 128, 768]",1214.89,0.0,0.375,cpu_perf_counter,cpu
37,encoder.layer.8.attention.output.LayerNorm,LayerNorm,0.0362,0.375,491520.0,1536,0,80,0.0368,analytic,"[1, 128, 768]","[1, 128, 768]",1214.89,0.0,0.375,cpu_perf_counter,cpu
37,encoder.layer.8.intermediate.dense,Linear,1.7798,1.5,603979776.0,2362368,0,81,1.7804,counter,"[1, 128, 768]","[1, 128, 3072]",1214.89,0.0,1.5,cpu_perf_counter,cpu
37,encoder.layer.8.intermediate.intermediate_act_fn,GELUActivation,0.1474,1.5,0.0,0,0,82,0.148,none,"[1, 128, 3072]","[1, 128, 3072]",1214.89,0.0,1.5,cpu_perf_counter,cpu
37,encoder.layer.8.output.dense,Linear,1.483,0.375,603979776.0,2360064,0,83,1.4836,counter,"[1, 128, 3072]","[1, 128, 768]",1214.89,0.0,0.375,cpu_perf_counter,cpu
37,encoder.layer.8.output.LayerNorm,LayerNorm,0.0495,0.375,491520.0,1536,0,84,0.0501,analytic,"[1, 128, 768]","[1, 128, 768]",1214.89,0.0,0.375,cpu_perf_counter,cpu
37,encoder.layer.9.attention.self.query,Linear,0.4223,0.375,150994944.0,590592,0,85,0.4229,counter,"[1, 128, 768]","[1, 128, 768]",1214.89,0.0,0.375,cpu_perf_counter,cpu
37,encoder.layer.9.attention.self.key,Linear,0.4053,0.375,150994944.0,590592,0,86,0.4059,counter,"[1, 128, 768]","[1, 128, 768]",1214.89,0.0,0.375,cpu_perf_counter,cpu
37,encoder.layer.9.attention.self.value,Linear,0.3813,0.375,150994944.0,590592,0,87,0.3819,counter,"[1, 128, 768]","[1, 128, 768]",1214.89,0.0,0.375,cpu_perf_counter,cpu
37,encoder.layer.9.attention.output.dense,Linear,0.3835,0.375,150994944.0,590592,0,88,0.3841,counter,"[1, 128, 768]","[1, 128, 768]",1214.89,0.0,0.375,cpu_perf_counter,cpu
37,encoder.layer.9.attention.output.LayerNorm,LayerNorm,0.0432,0.375,491520.0,1536,0,89,0.0438,analytic,"[1, 128, 768]","[1, 128, 768]",1214.89,0.0,0.375,cpu_perf_counter,cpu
37,encoder.layer.9.intermediate.dense,Linear,1.8718,1.5,603979776.0,2362368,0,90,1.8724,counter,"[1, 128, 768]","[1, 128, 3072]",1214.89,0.0,1.5,cpu_perf_counter,cpu
37,encoder.layer.9.intermediate.intermediate_act_fn,GELUActivation,0.1395,1.5,0.0,0,0,91,0.1401,none,"[1, 128, 3072]","[1, 128, 3072]",1214.89,0.0,1.5,cpu_perf_counter,cpu
37,encoder.layer.9.output.dense,Linear,1.4527,0.375,603979776.0,2360064,0,92,1.4533,counter,"[1, 128, 3072]","[1, 128, 768]",1214.89,0.0,0.375,cpu_perf_counter,cpu
37,encoder.layer.9.output.LayerNorm,LayerNorm,0.0505,0.375,491520.0,1536,0,93,0.0511,analytic,"[1, 128, 768]","[1, 128, 768]",1214.89,0.0,0.375,cpu_perf_counter,cpu
37,encoder.layer.10.attention.self.query,Linear,0.3671,0.375,150994944.0,590592,0,94,0.3677,counter,"[1, 128, 768]","[1, 128, 768]",1214.89,0.0,0.375,cpu_perf_counter,cpu
37,encoder.layer.10.attention.self.key,Linear,0.3606,0.375,150994944.0,590592,0,95,0.3612,counter,"[1, 128, 768]","[1, 128, 768]",1214.89,0.0,0.375,cpu_perf_counter,cpu
37,encoder.layer.10.attention.self.value,Linear,0.3626,0.375,150994944.0,590592,0,96,0.3632,counter,"[1, 128, 768]","[1, 128, 768]",1214.89,0.0,0.375,cpu_perf_counter,cpu
37,encoder.layer.10.attention.output.dense,Linear,0.3728,0.375,150994944.0,590592,0,97,0.3734,counter,"[1, 128, 768]","[1, 128, 768]",1214.89,0.0,0.375,cpu_perf_counter,cpu
37,encoder.layer.10.attention.output.LayerNorm,LayerNorm,0.0291,0.375,491520.0,1536,0,98,0.0297,analytic,"[1, 128, 768]","[1, 128, 768]",1214.89,0.0,0.375,cpu_perf_counter,cpu
37,encoder.layer.10.intermediate.dense,Linear,1.7404,1.5,603979776.0,2362368,0,99,1.741,counter,"[1, 128, 768]","[1, 128, 3072]",1214.89,0.0,1.5,cpu_perf_counter,cpu
37,encoder.layer.10.intermediate.intermediate_act_fn,GELUActivation,0.1391,1.5,0.0,0,0,100,0.1397,none,"[1, 128, 3072]","[1, 128, 3072]",1214.89,0.0,1.5,cpu_perf_counter,cpu
37,encoder.layer.10.output.dense,Linear,1.4729,0.375,603979776.0,2360064,0,101,1.4735,counter,"[1, 128, 3072]","[1, 128, 768]",1214.89,0.0,0.375,cpu_perf_counter,cpu
37,encoder.layer.10.output.LayerNorm,LayerNorm,0.0431,0.375,491520.0,1536,0,102,0.0437,analytic,"[1, 128, 768]","[1, 128, 768]",1214.89,0.0,0.375,cpu_perf_counter,cpu
37,encoder.layer.11.attention.self.query,Linear,0.3816,0.375,150994944.0,590592,0,103,0.3822,counter,"[1, 128, 768]","[1, 128, 768]",1214.89,0.0,0.375,cpu_perf_counter,cpu
37,encoder.layer.11.attention.self.key,Linear,0.3592,0.375,150994944.0,590592,0,104,0.3598,counter,"[1, 128, 768]","[1, 128, 768]",1214.89,0.0,0.375,cpu_perf_counter,cpu
37,encoder.layer.11.attention.self.value,Linear,0.3641,0.375,150994944.0,590592,0,105,0.3647,counter,"[1, 128, 768]","[1, 128, 768]",1214.89,0.0,0.375,cpu_perf_counter,cpu
37,encoder.layer.11.attention.output.dense,Linear,0.3758,0.375,150994944.0,590592,0,106,0.3764,counter,"[1, 128, 768]","[1, 128, 768]",1214.89,0.0,0.375,cpu_perf_counter,cpu
37,encoder.layer.11.attention.output.LayerNorm,LayerNorm,0.031,0.375,491520.0,1536,0,107,0.0316,analytic,"[1, 128, 768]","[1, 128, 768]",1214.89,0.0,0.375,cpu_perf_counter,cpu
37,encoder.layer.11.intermediate.dense,Linear,1.6708,1.5,603979776.0,2362368,0,108,1.6714,counter,"[1, 128, 768]","[1, 128, 3072]",1214.89,0.0,1.5,cpu_perf_counter,cpu
37,encoder.layer.11.intermediate.intermediate_act_fn,GELUActivation,0.1304,1.5,0.0,0,0,109,0.131,none,"[1, 128, 3072]","[1, 128, 3072]",1214.89,0.0,1.5,cpu_perf_counter,cpu
37,encoder.layer.11.output.dense,Linear,1.5146,0.375,603979776.0,2360064,0,110,1.5152,counter,"[1, 128, 3072]","[1, 128, 768]",1214.89,0.0,0.375,cpu_perf_counter,cpu
37,encoder.layer.11.output.LayerNorm,LayerNorm,0.0581,0.375,491520.0,1536,0,111,0.0587,analytic,"[1, 128, 768]","[1, 128, 768]",1214.89,0.0,0.375,cpu_perf_counter,cpu
37,pooler.dense,Linear,0.133,0.00293,1179648.0,590592,0,112,0.1336,counter,"[1, 768]","[1, 768]",1214.89,0.0,0.003,cpu_perf_counter,cpu
37,pooler.activation,Tanh,0.0164,0.00293,3072.0,0,0,113,0.017,analytic,"[1, 768]","[1, 768]",1214.89,0.0,0.003,cpu_perf_counter,cpu
38,embeddings.word_embeddings,Embedding,0.0641,0.375,0.0,23440896,0,0,0.0647,none,"[1, 128]","[1, 128, 768]",1214.89,0.0,0.375,cpu_perf_counter,cpu
38,embeddings.token_type_embeddings,Embedding,0.0258,0.375,0.0,1536,0,1,0.0264,none,"[1, 128]","[1, 128, 768]",1214.89,0.0,0.375,cpu_perf_counter,cpu
38,embeddings.position_embeddings,Embedding,0.0233,0.375,0.0,393216,0,2,0.0239,none,"[1, 128]","[1, 128, 768]",1214.89,0.0,0.375,cpu_perf_counter,cpu
38,embeddings.LayerNorm,LayerNorm,0.0266,0.375,491520.0,1536,0,3,0.0272,analytic,"[1, 128, 768]","[1, 128, 768]",1214.89,0.0,0.375,cpu_perf_counter,cpu
38,encoder.layer.0.attention.self.query,Linear,0.3969,0.375,150994944.0,590592,0,4,0.3975,counter,"[1, 128, 768]","[1, 128, 768]",1214.89,0.0,0.375,cpu_perf_counter,cpu
38,encoder.layer.0.attention.self.key,Linear,0.4001,0.375,150994944.0,590592,0,5,0.4007,counter,"[1, 128, 768]","[1, 128, 768]",1214.89,0.0,0.375,cpu_perf_counter,cpu
38,encoder.layer.0.attention.self.value,Linear,0.4678,0.375,150994944.0,590592,0,6,0.4684,counter,"[1, 128, 768]","[1, 128, 768]",1214.89,0.0,0.375,cpu_perf_counter,cpu
38,encoder.layer.0.attention.output.dense,Linear,0.3819,0.375,150994944.0,590592,0,7,0.3825,counter,"[1, 128, 768]","[1, 128, 768]",1214.89,0.0,0.375,cpu_perf_counter,cpu
38,encoder.layer.0.attention.output.LayerNorm,LayerNorm,0.0311,0.375,491520.0,1536,0,8,0.0317,analytic,"[1, 128, 768]","[1, 128, 768]",1214.89,0.0,0.375,cpu_perf_counter,cpu
38,encoder.layer.0.intermediate.dense,Linear,1.6951,1.5,603979776.0,2362368,0,9,1.6957,counter,"[1, 128, 768]","[1, 128, 3072]",1214.89,0.0,1.5,cpu_perf_counter,cpu
38,encoder.layer.0.intermediate.intermediate_act_fn,GELUActivation,0.1407,1.5,0.0,0,0,10,0.1413,none,"[1, 128, 3072]","[1, 128, 3072]",1214.89,0.0,1.5,cpu_perf_counter,cpu
38,encoder.layer.0.output.dense,Linear,1.4665,0.375,603979776.0,2360064,0,11,1.4671,counter,"[1, 128, 3072]","[1, 128, 768]",1214.89,0.0,0.375,cpu_perf_counter,cpu
38,encoder.layer.0.output.LayerNorm,LayerNorm,0.0429,0.375,491520.0,1536,0,12,0.0435,analytic,"[1, 128, 768]","[1, 128, 768]",1214.89,0.0,0.375,cpu_perf_counter,cpu
38,encoder.layer.1.attention.self.query,Linear,0.3948,0.375,150994944.0,590592,0,13,0.3954,counter,"[1, 128, 768]","[1, 128, 768]",1214.89,0.0,0.375,cpu_perf_counter,cpu
38,encoder.layer.1.attention.self.key,Linear,0.3584,0.375,150994944.0,590592,0,14,0.359,counter,"[1, 128, 768]","[1, 128, 768]",1214.89,0.0,0.375,cpu_perf_counter,cpu
38,encoder.layer.1.attention.self.value,Linear,0.3764,0.375,150994944.0,590592,0,15,0.377,counter,"[1, 128, 768]","[1, 128, 768]",1214.89,0.0,0.375,cpu_perf_counter,cpu
38,encoder.layer.1.attention.output.dense,Linear,0.3849,0.375,150994944.0,590592,0,16,0.3855,counter,"[1, 128, 768]","[1, 128, 768]",1214.89,0.0,0.375,cpu_perf_counter,cpu
38,encoder.layer.1.attention.output.LayerNorm,LayerNorm,0.0266,0.375,491520.0,1536,0,17,0.0272,analytic,"[1, 128, 768]","[1, 128, 768]",1214.89,0.0,0.375,cpu_perf_counter,cpu
38,encoder.layer.1.intermediate.dense,Linear,1.6707,1.5,603979776.0,2362368,0,18,1.6713,counter,"[1, 128, 768]","[1, 128, 3072]",1214.89,0.0,1.5,cpu_perf_counter,cpu
38,encoder.layer.1.intermediate.intermediate_act_fn,GELUActivation,0.1354,1.5,0.0,0,0,19,0.136,none,"[1, 128, 3072]","[1, 128, 3072]",1214.89,0.0,1.5,cpu_perf_counter,cpu
38,encoder.layer.1.output.dense,Linear,1.4946,0.375,603979776.0,2360064,0,20,1.4952,counter,"[1, 128, 3072]","[1, 128, 768]",1214.89,0.0,0.375,cpu_perf_counter,cpu
38,encoder.layer.1.output.LayerNorm,LayerNorm,0.0423,0.375,491520.0,1536,0,21,0.0429,analytic,"[1, 128, 768]","[1, 128, 768]",1214.89,0.0,0.375,cpu_perf_counter,cpu
38,encoder.layer.2.attention.self.query,Linear,0.3901,0.375,150994944.0,590592,0,22,0.3907,counter,"[1, 128, 768]","[1, 128, 768]",1214.89,0.0,0.375,cpu_perf_counter,cpu
38,encoder.layer.2.attention.self.key,Linear,0.3726,0.375,150994944.0,590592,0,23,0.3732,counter,"[1, 128, 768]","[1, 128, 768]",1214.89,0.0,0.375,cpu_perf_counter,cpu
38,encoder.layer.2.attention.self.value,Linear,0.3655,0.375,150994944.0,590592,0,24,0.3661,counter,"[1, 128, 768]","[1, 128, 768]",1214.89,0.0,0.375,cpu_perf_counter,cpu
38,encoder.layer.2.attention.output.dense,Linear,0.3729,0.375,150994944.0,590592,0,25,0.3735,counter,"[1, 128, 768]","[1, 128, 768]",1214.89,0.0,0.375,cpu_perf_counter,cpu
38,encoder.layer.2.attention.output.LayerNorm,LayerNorm,0.0268,0.375,491520.0,1536,0,26,0.0274,analytic,"[1, 128, 768]","[1, 128, 768]",1214.89,0.0,0.375,cpu_perf_counter,cpu
38,encoder.layer.2.intermediate.dense,Linear,1.67,1.5,603979776.0,2362368,0,27,1.6706,counter,"[1, 128, 768]","[1, 128, 3072]",1214.89,0.0,1.5,cpu_perf_counter,cpu
38,encoder.layer.2.intermediate.intermediate_act_fn,GELUActivation,0.1294,1.5,0.0,0,0,28,0.13,none,"[1, 128, 3072]","[1, 128, 3072]",1214.89,0.0,1.5,cpu_perf_counter,cpu
38,encoder.layer.2.output.dense,Linear,1.4831,0.375,603979776.0,2360064,0,29,1.4837,counter,"[1, 128, 3072]","[1, 128, 768]",1214.89,0.0,0.375,cpu_perf_counter,cpu
38,encoder.layer.2.output.LayerNorm,LayerNorm,0.0422,0.375,491520.0,1536,0,30,0.0428,analytic,"[1, 128, 768]","[1, 128, 768]",1214.89,0.0,0.375,cpu_perf_counter,cpu
38,encoder.layer.3.attention.self.query,Linear,0.388,0.375,150994944.0,590592,0,31,0.3886,counter,"[1, 128, 768]","[1, 128, 768]",1214.89,0.0,0.375,cpu_perf_counter,cpu
38,encoder.layer.3.attention.self.key,Linear,0.3697,0.375,150994944.0,590592,0,32,0.3703,counter,"[1, 128, 768]","[1, 128, 768]",1214.89,0.0,0.375,cpu_perf_counter,cpu
38,encoder.layer.3.attention.self.value,Linear,0.3734,0.375,150994944.0,590592,0,33,0.374,counter,"[1, 128, 768]","[1, 128, 768]",1214.89,0.0,0.375,cpu_perf_counter,cpu
38,encoder.layer.3.attention.output.dense,Linear,0.3796,0.375,150994944.0,590592,0,34,0.3802,counter,"[1, 128, 768]","[1, 128, 768]",1214.89,0.0,0.375,cpu_perf_counter,cpu
38,encoder.layer.3.attention.output.LayerNorm,LayerNorm,0.028,0.375,491520.0,1536,0,35,0.0286,analytic,"[1, 128, 768]","[1, 128, 768]",1214.89,0.0,0.375,cpu_perf_counter,cpu
38,encoder.layer.3.intermediate.dense,Linear,1.7354,1.5,603979776.0,2362368,0,36,1.736,counter,"[1, 128, 768]","[1, 128, 3072]",1214.89,0.0,1.5,cpu_perf_counter,cpu
38,encoder.layer.3.intermediate.intermediate_act_fn,GELUActivation,0.1356,1.5,0.0,0,0,37,0.1362,none,"[1, 128, 3072]","[1, 128, 3072]",1214.89,0.0,1.5,cpu_perf_counter,cpu
38,encoder.layer.3.output.dense,Linear,1.493,0.375,603979776.0,2360064,0,38,1.4936,counter,"[1, 128, 3072]","[1, 128, 768]",1214.89,0.0,0.375,cpu_perf_counter,cpu
38,encoder.layer.3.output.LayerNorm,LayerNorm,0.0501,0.375,491520.0,1536,0,39,0.0507,analytic,"[1, 128, 768]","[1, 128, 768]",1214.89,0.0,0.375,cpu_perf_counter,cpu
38,encoder.layer.4.attention.self.query,Linear,0.3715,0.375,150994944.0,590592,0,40,0.3721,counter,"[1, 128, 768]","[1, 128, 768]",1214.89,0.0,0.375,cpu_perf_counter,cpu
38,encoder.layer.4.attention.self.key,Linear,0.3822,0.375,150994944.0,590592,0,41,0.3828,counter,"[1, 128, 768]","[1, 128, 768]",1214.89,0.0,0.375,cpu_perf_counter,cpu
38,encoder.layer.4.attention.self.value,Linear,0.3702,0.375,150994944.0,590592,0,42,0.3708,counter,"[1, 128, 768]","[1, 128, 768]",1214.89,0.0,0.375,cpu_perf_counter,cpu
38,encoder.layer.4.attention.output.dense,Linear,0.3726,0.375,150994944.0,590592,0,43,0.3732,counter,"[1, 128, 768]","[1, 128, 768]",1214.89,0.0,0.375,cpu_perf_counter,cpu
38,encoder.layer.4.attention.output.LayerNorm,LayerNorm,0.0657,0.375,491520.0,1536,0,44,0.0663,analytic,"[1, 128, 768]","[1, 128, 768]",1214.89,0.0,0.375,cpu_perf_counter,cpu
38,encoder.layer.4.intermediate.dense,Linear,1.6935,1.5,603979776.0,2362368,0,45,1.6941,counter,"[1, 128, 768]","[1, 128, 3072]",1214.89,0.0,1.5,cpu_perf_counter,cpu
38,encoder.layer.4.intermediate.intermediate_act_fn,GELUActivation,0.1255,1.5,0.0,0,0,46,0.1261,none,"[1, 128, 3072]","[1, 128, 3072]",1214.89,0.0,1.5,cpu_perf_counter,cpu
38,encoder.layer.4.output.dense,Linear,1.4689,0.375,603979776.0,2360064,0,47,1.4695,counter,"[1, 128, 3072]","[1, 128, 768]",1214.89,0.0,0.375,cpu_perf_counter,cpu
38,encoder.layer.4.output.LayerNorm,LayerNorm,0.0398,0.375,491520.0,1536,0,48,0.0404,analytic,"[1, 128, 768]","[1, 128, 768]",1214.89,0.0,0.375,cpu_perf_counter,cpu
38,encoder.layer.5.attention.self.query,Linear,0.3816,0.375,150994944.0,590592,0,49,0.3822,counter,"[1, 128, 768]","[1, 128, 768]",1214.89,0.0,0.375,cpu_perf_counter,cpu
38,encoder.layer.5.attention.self.key,Linear,0.3601,0.375,150994944.0,590592,0,50,0.3607,counter,"[1, 128, 768]","[1, 128, 768]",1214.89,0.0,0.375,cpu_perf_counter,cpu
38,encoder.layer.5.attention.self.value,Linear,0.374,0.375,150994944.0,590592,0,51,0.3746,counter,"[1, 128, 768]","[1, 128, 768]",1214.89,0.0,0.375,cpu_perf_counter,cpu
38,encoder.layer.5.attention.output.dense,Linear,0.3736,0.375,150994944.0,590592,0,52,0.3742,counter,"[1, 128, 768]","[1, 128, 768]",1214.89,0.0,0.375,cpu_perf_counter,cpu
38,encoder.layer.5.attention.output.LayerNorm,LayerNorm,0.0285,0.375,491520.0,1536,0,53,0.0291,analytic,"[1, 128, 768]","[1, 128, 768]",1214.89,0.0,0.375,cpu_perf_counter,cpu
38,encoder.layer.5.intermediate.dense,Linear,1.6716,1.5,603979776.0,2362368,0,54,1.6722,counter,"[1, 128, 768]","[1, 128, 3072]",1214.89,0.0,1.5,cpu_perf_counter,cpu
38,encoder.layer.5.intermediate.intermediate_act_fn,GELUActivation,0.1319,1.5,0.0,0,0,55,0.1325,none,"[1, 128, 3072]","[1, 128, 3072]",1214.89,0.0,1.5,cpu_perf_counter,cpu
38,encoder.layer.5.output.dense,Linear,1.7821,0.375,603979776.0,2360064,0,56,1.7827,counter,"[1, 128, 3072]","[1, 128, 768]",1214.89,0.0,0.375,cpu_perf_counter,cpu
38,encoder.layer.5.output.LayerNorm,LayerNorm,0.0447,0.375,491520.0,1536,0,57,0.0453,analytic,"[1, 128, 768]","[1, 128, 768]",1214.89,0.0,0.375,cpu_perf_counter,cpu
38,encoder.layer.6.attention.self.query,Linear,0.3987,0.375,150994944.0,590592,0,58,0.3993,counter,"[1, 128, 768]","[1, 128, 768]",1214.89,0.0,0.375,cpu_perf_counter,cpu
38,encoder.layer.6.attention.self.key,Linear,0.3885,0.375,150994944.0,590592,0,59,0.3891,counter,"[1, 128, 768]","[1, 128, 768]",1214.89,0.0,0.375,cpu_perf_counter,cpu
38,encoder.layer.6.attention.self.value,Linear,0.3676,0.375,150994944.0,590592,0,60,0.3682,counter,"[1, 128, 768]","[1, 128, 768]",1214.89,0.0,0.375,cpu_perf_counter,cpu
38,encoder.layer.6.attention.output.dense,Linear,0.3722,0.375,150994944.0,590592,0,61,0.3728,counter,"[1, 128, 768]","[1, 128, 768]",1214.89,0.0,0.375,cpu_perf_counter,cpu
38,encoder.layer.6.attention.output.LayerNorm,LayerNorm,0.0293,0.375,491520.0,1536,0,62,0.0299,analytic,"[1, 128, 768]","[1, 128, 768]",1214.89,0.0,0.375,cpu_perf_counter,cpu
38,encoder.layer.6.intermediate.dense,Linear,1.6944,1.5,603979776.0,2362368,0,63,1.695,counter,"[1, 128, 768]","[1, 128, 3072]",1214.89,0.0,1.5,cpu_perf_counter,cpu
38,encoder.layer.6.intermediate.intermediate_act_fn,GELUActivation,0.1299,1.5,0.0,0,0,64,0.1305,none,"[1, 128, 3072]","[1, 128, 3072]",1214.89,0.0,1.5,cpu_perf_counter,cpu
38,encoder.layer.6.output.dense,Linear,1.4727,0.375,603979776.0,2360064,0,65,1.4733,counter,"[1, 128, 3072]","[1, 128, 768]",1214.89,0.0,0.375,cpu_perf_counter,cpu
38,encoder.layer.6.output.LayerNorm,LayerNorm,0.0407,0.375,491520.0,1536,0,66,0.0413,analytic,"[1, 128, 768]","[1, 128, 768]",1214.89,0.0,0.375,cpu_perf_counter,cpu
38,encoder.layer.7.attention.self.query,Linear,0.3798,0.375,150994944.0,590592,0,67,0.3804,counter,"[1, 128, 768]","[1, 128, 768]",1214.89,0.0,0.375,cpu_perf_counter,cpu
38,encoder.layer.7.attention.self.key,Linear,0.3848,0.375,150994944.0,590592,0,68,0.3854,counter,"[1, 128, 768]","[1, 128, 768]",1214.89,0.0,0.375,cpu_perf_counter,cpu
38,encoder.layer.7.attention.self.value,Linear,0.3725,0.375,150994944.0,590592,0,69,0.3731,counter,"[1, 128, 768]","[1, 128, 768]",1214.89,0.0,0.375,cpu_perf_counter,cpu
38,encoder.layer.7.attention.output.dense,Linear,0.3799,0.375,150994944.0,590592,0,70,0.3805,counter,"[1, 128, 768]","[1, 128, 768]",1214.89,0.0,0.375,cpu_perf_counter,cpu
38,encoder.layer.7.attention.output.LayerNorm,LayerNorm,0.0294,0.375,491520.0,1536,0,71,0.03,analytic,"[1, 128, 768]","[1, 128, 768]",1214.89,0.0,0.375,cpu_perf_counter,cpu
38,encoder.layer.7.intermediate.dense,Linear,1.6864,1.5,603979776.0,2362368,0,72,1.687,counter,"[1, 128, 768]","[1, 128, 3072]",1214.89,0.0,1.5,cpu_perf_counter,cpu
38,encoder.layer.7.intermediate.intermediate_act_fn,GELUActivation,0.131,1.5,0.0,0,0,73,0.1316,none,"[1, 128, 3072]","[1, 128, 3072]",1214.89,0.0,1.5,cpu_perf_counter,cpu
38,encoder.layer.7.output.dense,Linear,1.4605,0.375,603979776.0,2360064,0,74,1.4611,counter,"[1, 128, 3072]","[1, 128, 768]",1214.89,0.0,0.375,cpu_perf_counter,cpu
38,encoder.layer.7.output.LayerNorm,LayerNorm,0.0401,0.375,491520.0,1536,0,75,0.0407,analytic,"[1, 128, 768]","[1, 128, 768]",1214.89,0.0,0.375,cpu_perf_counter,cpu
38,encoder.layer.8.attention.self.query,Linear,0.3761,0.375,150994944.0,590592,0,76,0.3767,counter,"[1, 128, 768]","[1, 128, 768]",1214.89,0.0,0.375,cpu_perf_counter,cpu
38,encoder.layer.8.attention.self.key,Linear,0.3738,0.375,150994944.0,590592,0,77,0.3744,counter,"[1, 128, 768]","[1, 128, 768]",1214.89,0.0,0.375,cpu_perf_counter,cpu
38,encoder.layer.8.attention.self.value,Linear,0.3685,0.375,150994944.0,590592,0,78,0.3691,counter,"[1, 128, 768]","[1, 128, 768]",1214.89,0.0,0.375,cpu_perf_counter,cpu
38,encoder.layer.8.attention.output.dense,Linear,0.3724,0.375,150994944.0,590592,0,79,0.373,counter,"[1, 128, 768]","[1, 128, 768]",1214.89,0.0,0.375,cpu_perf_counter,cpu
38,encoder.layer.8.attention.output.LayerNorm,LayerNorm,0.0269,0.375,491520.0,1536,0,80,0.0275,analytic,"[1, 128, 768]","[1, 128, 768]",1214.89,0.0,0.375,cpu_perf_counter,cpu
38,encoder.layer.8.intermediate.dense,Linear,1.7665,1.5,603979776.0,2362368,0,81,1.7671,counter,"[1, 128, 768]","[1, 128, 3072]",1214.89,0.0,1.5,cpu_perf_counter,cpu
38,encoder.layer.8.intermediate.intermediate_act_fn,GELUActivation,0.1325,1.5,0.0,0,0,82,0.1331,none,"[1, 128, 3072]","[1, 128, 3072]",1214.89,0.0,1.5,cpu_perf_counter,cpu
38,encoder.layer.8.output.dense,Linear,1.5356,0.375,603979776.0,2360064,0,83,1.5362,counter,"[1, 128, 3072]","[1, 128, 768]",1214.89,0.0,0.375,cpu_perf_counter,cpu
38,encoder.layer.8.output.LayerNorm,LayerNorm,0.0447,0.375,491520.0,1536,0,84,0.0453,analytic,"[1, 128, 768]","[1, 128, 768]",1214.89,0.0,0.375,cpu_perf_counter,cpu
38,encoder.layer.9.attention.self.query,Linear,0.4032,0.375,150994944.0,590592,0,85,0.4038,counter,"[1, 128, 768]","[1, 128, 768]",1214.89,0.0,0.375,cpu_perf_counter,cpu
38,encoder.layer.9.attention.self.key,Linear,0.3706,0.375,150994944.0,590592,0,86,0.3712,counter,"[1, 128, 768]","[1, 128, 768]",1214.89,0.0,0.375,cpu_perf_counter,cpu
38,encoder.layer.9.attention.self.value,Linear,0.3802,0.375,150994944.0,590592,0,87,0.3808,counter,"[1, 128, 768]","[1, 128, 768]",1214.89,0.0,0.375,cpu_perf_counter,cpu
38,encoder.layer.9.attention.output.dense,Linear,0.3739,0.375,150994944.0,590592,0,88,0.3745,counter,"[1, 128, 768]","[1, 128, 768]",1214.89,0.0,0.375,cpu_perf_counter,cpu
38,encoder.layer.9.attention.output.LayerNorm,LayerNorm,0.0279,0.375,491520.0,1536,0,89,0.0285,analytic,"[1, 128, 768]","[1, 128, 768]",1214.89,0.0,0.375,cpu_perf_counter,cpu
38,encoder.layer.9.intermediate.dense,Linear,1.8355,1.5,603979776.0,2362368,0,90,1.8361,counter,"[1, 128, 768]","[1, 128, 3072]",1214.89,0.0,1.5,cpu_perf_counter,cpu
38,encoder.layer.9.intermediate.intermediate_act_fn,GELUActivation,0.1297,1.5,0.0,0,0,91,0.1303,none,"[1, 128, 3072]","[1, 128, 3072]",1214.89,0.0,1.5,cpu_perf_counter,cpu
38,encoder.layer.9.output.dense,Linear,1.4862,0.375,603979776.0,2360064,0,92,1.4868,counter,"[1, 128, 3072]","[1, 128, 768]",1214.89,0.0,0.375,cpu_perf_counter,cpu
38,encoder.layer.9.output.LayerNorm,LayerNorm,0.042,0.375,491520.0,1536,0,93,0.0426,analytic,"[1, 128, 768]","[1, 128, 768]",1214.89,0.0,0.375,cpu_perf_counter,cpu
38,encoder.layer.10.attention.self.query,Linear,0.3702,0.375,150994944.0,590592,0,94,0.3708,counter,"[1, 128, 768]","[1, 128, 768]",1214.89,0.0,0.375,cpu_perf_counter,cpu
38,encoder.layer.10.attention.self.key,Linear,0.3657,0.375,150994944.0,590592,0,95,0.3663,counter,"[1, 128, 768]","[1, 128, 768]",1214.89,0.0,0.375,cpu_perf_counter,cpu
38,encoder.layer.10.attention.self.value,Linear,0.36,0.375,150994944.0,590592,0,96,0.3606,counter,"[1, 128, 768]","[1, 128, 768]",1214.89,0.0,0.375,cpu_perf_counter,cpu
38,encoder.layer.10.attention.output.dense,Linear,0.3683,0.375,150994944.0,590592,0,97,0.3689,counter,"[1, 128, 768]","[1, 128, 768]",1214.89,0.0,0.375,cpu_perf_counter,cpu
38,encoder.layer.10.attention.output.LayerNorm,LayerNorm,0.0285,0.375,491520.0,1536,0,98,0.0291,analytic,"[1, 128, 768]","[1, 128, 768]",1214.89,0.0,0.375,cpu_perf_counter,cpu
38,encoder.layer.10.intermediate.dense,Linear,1.6962,1.5,603979776.0,2362368,0,99,1.6968,counter,"[1, 128, 768]","[1, 128, 3072]",1214.89,0.0,1.5,cpu_perf_counter,cpu
38,encoder.layer.10.intermediate.intermediate_act_fn,GELUActivation,0.1279,1.5,0.0,0,0,100,0.1285,none,"[1, 128, 3072]","[1, 128, 3072]",1214.89,0.0,1.5,cpu_perf_counter,cpu
38,encoder.layer.10.output.dense,Linear,1.4922,0.375,603979776.0,2360064,0,101,1.4928,counter,"[1, 128, 3072]","[1, 128, 768]",1214.89,0.0,0.375,cpu_perf_counter,cpu
38,encoder.layer.10.output.LayerNorm,LayerNorm,0.0395,0.375,491520.0,1536,0,102,0.0401,analytic,"[1, 128, 768]","[1, 128, 768]",1214.89,0.0,0.375,cpu_perf_counter,cpu
38,encoder.layer.11.attention.self.query,Linear,0.3768,0.375,150994944.0,590592,0,103,0.3774,counter,"[1, 128, 768]","[1, 128, 768]",1214.89,0.0,0.375,cpu_perf_counter,cpu
38,encoder.layer.11.attention.self.key,Linear,0.3703,0.375,150994944.0,590592,0,104,0.3709,counter,"[1, 128, 768]","[1, 128, 768]",1214.89,0.0,0.375,cpu_perf_counter,cpu
38,encoder.layer.11.attention.self.value,Linear,0.3797,0.375,150994944.0,590592,0,105,0.3803,counter,"[1, 128, 768]","[1, 128, 768]",1214.89,0.0,0.375,cpu_perf_counter,cpu
38,encoder.layer.11.attention.output.dense,Linear,0.4024,0.375,150994944.0,590592,0,106,0.403,counter,"[1, 128, 768]","[1, 128, 768]",1214.89,0.0,0.375,cpu_perf_counter,cpu
38,encoder.layer.11.attention.output.LayerNorm,LayerNorm,0.0329,0.375,491520.0,1536,0,107,0.0335,analytic,"[1, 128, 768]","[1, 128, 768]",1214.89,0.0,0.375,cpu_perf_counter,cpu
38,encoder.layer.11.intermediate.dense,Linear,1.4422,1.5,603979776.0,2362368,0,108,1.4428,counter,"[1, 128, 768]","[1, 128, 3072]",1214.89,0.0,1.5,cpu_perf_counter,cpu
38,encoder.layer.11.intermediate.intermediate_act_fn,GELUActivation,0.1552,1.5,0.0,0,0,109,0.1558,none,"[1, 128, 3072]","[1, 128, 3072]",1214.89,0.0,1.5,cpu_perf_counter,cpu
38,encoder.layer.11.output.dense,Linear,1.3678,0.375,603979776.0,2360064,0,110,1.3684,counter,"[1, 128, 3072]","[1, 128, 768]",1214.89,0.0,0.375,cpu_perf_counter,cpu
38,encoder.layer.11.output.LayerNorm,LayerNorm,0.0498,0.375,491520.0,1536,0,111,0.0504,analytic,"[1, 128, 768]","[1, 128, 768]",1214.89,0.0,0.375,cpu_perf_counter,cpu
38,pooler.dense,Linear,0.1342,0.00293,1179648.0,590592,0,112,0.1348,counter,"[1, 768]","[1, 768]",1214.89,0.0,0.003,cpu_perf_counter,cpu
38,pooler.activation,Tanh,0.0178,0.00293,3072.0,0,0,113,0.0184,analytic,"[1, 768]","[1, 768]",1214.89,0.0,0.003,cpu_perf_counter,cpu
39,embeddings.word_embeddings,Embedding,0.0586,0.375,0.0,23440896,0,0,0.0592,none,"[1, 128]","[1, 128, 768]",1214.89,0.0,0.375,cpu_perf_counter,cpu
39,embeddings.token_type_embeddings,Embedding,0.0249,0.375,0.0,1536,0,1,0.0255,none,"[1, 128]","[1, 128, 768]",1214.89,0.0,0.375,cpu_perf_counter,cpu
39,embeddings.position_embeddings,Embedding,0.0277,0.375,0.0,393216,0,2,0.0283,none,"[1, 128]","[1, 128, 768]",1214.89,0.0,0.375,cpu_perf_counter,cpu
39,embeddings.LayerNorm,LayerNorm,0.0273,0.375,491520.0,1536,0,3,0.0279,analytic,"[1, 128, 768]","[1, 128, 768]",1214.89,0.0,0.375,cpu_perf_counter,cpu
39,encoder.layer.0.attention.self.query,Linear,0.3944,0.375,150994944.0,590592,0,4,0.395,counter,"[1, 128, 768]","[1, 128, 768]",1214.89,0.0,0.375,cpu_perf_counter,cpu
39,encoder.layer.0.attention.self.key,Linear,0.3018,0.375,150994944.0,590592,0,5,0.3024,counter,"[1, 128, 768]","[1, 128, 768]",1214.89,0.0,0.375,cpu_perf_counter,cpu
39,encoder.layer.0.attention.self.value,Linear,0.3019,0.375,150994944.0,590592,0,6,0.3025,counter,"[1, 128, 768]","[1, 128, 768]",1214.89,0.0,0.375,cpu_perf_counter,cpu
39,encoder.layer.0.attention.output.dense,Linear,0.3081,0.375,150994944.0,590592,0,7,0.3087,counter,"[1, 128, 768]","[1, 128, 768]",1214.89,0.0,0.375,cpu_perf_counter,cpu
39,encoder.layer.0.attention.output.LayerNorm,LayerNorm,0.0321,0.375,491520.0,1536,0,8,0.0327,analytic,"[1, 128, 768]","[1, 128, 768]",1214.89,0.0,0.375,cpu_perf_counter,cpu
39,encoder.layer.0.intermediate.dense,Linear,1.3331,1.5,603979776.0,2362368,0,9,1.3337,counter,"[1, 128, 768]","[1, 128, 3072]",1214.89,0.0,1.5,cpu_perf_counter,cpu
39,encoder.layer.0.intermediate.intermediate_act_fn,GELUActivation,0.1265,1.5,0.0,0,0,10,0.1271,none,"[1, 128, 3072]","[1, 128, 3072]",1214.89,0.0,1.5,cpu_perf_counter,cpu
39,encoder.layer.0.output.dense,Linear,0.9512,0.375,603979776.0,2360064,0,11,0.9518,counter,"[1, 128, 3072]","[1, 128, 768]",1214.89,0.0,0.375,cpu_perf_counter,cpu
39,encoder.layer.0.output.LayerNorm,LayerNorm,0.0409,0.375,491520.0,1536,0,12,0.0415,analytic,"[1, 128, 768]","[1, 128, 768]",1214.89,0.0,0.375,cpu_perf_counter,cpu
39,encoder.layer.1.attention.self.query,Linear,0.304,0.375,150994944.0,590592,0,13,0.3046,counter,"[1, 128, 768]","[1, 128, 768]",1214.89,0.0,0.375,cpu_perf_counter,cpu
39,encoder.layer.1.attention.self.key,Linear,0.2576,0.375,150994944.0,590592,0,14,0.2582,counter,"[1, 128, 768]","[1, 128, 768]",1214.89,0.0,0.375,cpu_perf_counter,cpu
39,encoder.layer.1.attention.self.value,Linear,0.2599,0.375,150994944.0,590592,0,15,0.2605,counter,"[1, 128, 768]","[1, 128, 768]",1214.89,0.0,0.375,cpu_perf_counter,cpu
39,encoder.layer.1.attention.output.dense,Linear,0.2856,0.375,150994944.0,590592,0,16,0.2862,counter,"[1, 128, 768]","[1, 128, 768]",1214.89,0.0,0.375,cpu_perf_counter,cpu
39,encoder.layer.1.attention.output.LayerNorm,LayerNorm,0.0269,0.375,491520.0,1536,0,17,0.0275,analytic,"[1, 128, 768]","[1, 128, 768]",1214.89,0.0,0.375,cpu_perf_counter,cpu
39,encoder.layer.1.intermediate.dense,Linear,1.3227,1.5,603979776.0,2362368,0,18,1.3233,counter,"[1, 128, 768]","[1, 128, 3072]",1214.89,0.0,1.5,cpu_perf_counter,cpu
39,encoder.layer.1.intermediate.intermediate_act_fn,GELUActivation,0.1206,1.5,0.0,0,0,19,0.1212,none,"[1, 128, 3072]","[1, 128, 3072]",1214.89,0.0,1.5,cpu_perf_counter,cpu
39,encoder.layer.1.output.dense,Linear,0.9783,0.375,603979776.0,2360064,0,20,0.9789,counter,"[1, 128, 3072]","[1, 128, 768]",1214.89,0.0,0.375,cpu_perf_counter,cpu
39,encoder.layer.1.output.LayerNorm,LayerNorm,0.0397,0.375,491520.0,1536,0,21,0.0403,analytic,"[1, 128, 768]","[1, 128, 768]",1214.89,0.0,0.375,cpu_perf_counter,cpu
39,encoder.layer.2.attention.self.query,Linear,0.2745,0.375,150994944.0,590592,0,22,0.2751,counter,"[1, 128, 768]","[1, 128, 768]",1214.89,0.0,0.375,cpu_perf_counter,cpu
39,encoder.layer.2.attention.self.key,Linear,0.2712,0.375,150994944.0,590592,0,23,0.2718,counter,"[1, 128, 768]","[1, 128, 768]",1214.89,0.0,0.375,cpu_perf_counter,cpu
39,encoder.layer.2.attention.self.value,Linear,0.2594,0.375,150994944.0,590592,0,24,0.26,counter,"[1, 128, 768]","[1, 128, 768]",1214.89,0.0,0.375,cpu_perf_counter,cpu
39,encoder.layer.2.attention.output.dense,Linear,0.2647,0.375,150994944.0,590592,0,25,0.2653,counter,"[1, 128, 768]","[1, 128, 768]",1214.89,0.0,0.375,cpu_perf_counter,cpu
39,encoder.layer.2.attention.output.LayerNorm,LayerNorm,0.0277,0.375,491520.0,1536,0,26,0.0283,analytic,"[1, 128, 768]","[1, 128, 768]",1214.89,0.0,0.375,cpu_perf_counter,cpu
39,encoder.layer.2.intermediate.dense,Linear,1.2769,1.5,603979776.0,2362368,0,27,1.2775,counter,"[1, 128, 768]","[1, 128, 3072]",1214.89,0.0,1.5,cpu_perf_counter,cpu
39,encoder.layer.2.intermediate.intermediate_act_fn,GELUActivation,0.1235,1.5,0.0,0,0,28,0.1241,none,"[1, 128, 3072]","[1, 128, 3072]",1214.89,0.0,1.5,cpu_perf_counter,cpu
39,encoder.layer.2.output.dense,Linear,1.0225,0.375,603979776.0,2360064,0,29,1.0231,counter,"[1, 128, 3072]","[1, 128, 768]",1214.89,0.0,0.375,cpu_perf_counter,cpu
39,encoder.layer.2.output.LayerNorm,LayerNorm,0.0389,0.375,491520.0,1536,0,30,0.0395,analytic,"[1, 128, 768]","[1, 128, 768]",1214.89,0.0,0.375,cpu_perf_counter,cpu
39,encoder.layer.3.attention.self.query,Linear,0.282,0.375,150994944.0,590592,0,31,0.2826,counter,"[1, 128, 768]","[1, 128, 768]",1214.89,0.0,0.375,cpu_perf_counter,cpu
39,encoder.layer.3.attention.self.key,Linear,0.2638,0.375,150994944.0,590592,0,32,0.2644,counter,"[1, 128, 768]","[1, 128, 768]",1214.89,0.0,0.375,cpu_perf_counter,cpu
39,encoder.layer.3.attention.self.value,Linear,0.288,0.375,150994944.0,590592,0,33,0.2886,counter,"[1, 128, 768]","[1, 128, 768]",1214.89,0.0,0.375,cpu_perf_counter,cpu
39,encoder.layer.3.attention.output.dense,Linear,0.2712,0.375,150994944.0,590592,0,34,0.2718,counter,"[1, 128, 768]","[1, 128, 768]",1214.89,0.0,0.375,cpu_perf_counter,cpu
39,encoder.layer.3.attention.output.LayerNorm,LayerNorm,0.0279,0.375,491520.0,1536,0,35,0.0285,analytic,"[1, 128, 768]","[1, 128, 768]",1214.89,0.0,0.375,cpu_perf_counter,cpu
39,encoder.layer.3.intermediate.dense,Linear,1.5112,1.5,603979776.0,2362368,0,36,1.5118,counter,"[1, 128, 768]","[1, 128, 3072]",1214.89,0.0,1.5,cpu_perf_counter,cpu
39,encoder.layer.3.intermediate.intermediate_act_fn,GELUActivation,0.159,1.5,0.0,0,0,37,0.1596,none,"[1, 128, 3072]","[1, 128, 3072]",1214.89,0.0,1.5,cpu_perf_counter,cpu
39,encoder.layer.3.output.dense,Linear,1.3915,0.375,603979776.0,2360064,0,38,1.3921,counter,"[1, 128, 3072]","[1, 128, 768]",1214.89,0.0,0.375,cpu_perf_counter,cpu
39,encoder.layer.3.output.LayerNorm,LayerNorm,0.0496,0.375,491520.0,1536,0,39,0.0502,analytic,"[1, 128, 768]","[1, 128, 768]",1214.89,0.0,0.375,cpu_perf_counter,cpu
39,encoder.layer.4.attention.self.query,Linear,0.4001,0.375,150994944.0,590592,0,40,0.4007,counter,"[1, 128, 768]","[1, 128, 768]",1214.89,0.0,0.375,cpu_perf_counter,cpu
39,encoder.layer.4.attention.self.key,Linear,0.4229,0.375,150994944.0,590592,0,41,0.4235,counter,"[1, 128, 768]","[1, 128, 768]",1214.89,0.0,0.375,cpu_perf_counter,cpu
39,encoder.layer.4.attention.self.value,Linear,0.4045,0.375,150994944.0,590592,0,42,0.4051,counter,"[1, 128, 768]","[1, 128, 768]",1214.89,0.0,0.375,cpu_perf_counter,cpu
39,encoder.layer.4.attention.output.dense,Linear,0.3906,0.375,150994944.0,590592,0,43,0.3912,counter,"[1, 128, 768]","[1, 128, 768]",1214.89,0.0,0.375,cpu_perf_counter,cpu
39,encoder.layer.4.attention.output.LayerNorm,LayerNorm,0.0303,0.375,491520.0,1536,0,44,0.0309,analytic,"[1, 128, 768]","[1, 128, 768]",1214.89,0.0,0.375,cpu_perf_counter,cpu
39,encoder.layer.4.intermediate.dense,Linear,1.777,1.5,603979776.0,2362368,0,45,1.7776,counter,"[1, 128, 768]","[1, 128, 3072]",1214.89,0.0,1.5,cpu_perf_counter,cpu
39,encoder.layer.4.intermediate.intermediate_act_fn,GELUActivation,0.1496,1.5,0.0,0,0,46,0.1502,none,"[1, 128, 3072]","[1, 128, 3072]",1214.89,0.0,1.5,cpu_perf_counter,cpu
39,encoder.layer.4.output.dense,Linear,1.4907,0.375,603979776.0,2360064,0,47,1.4913,counter,"[1, 128, 3072]","[1, 128, 768]",1214.89,0.0,0.375,cpu_perf_counter,cpu
39,encoder.layer.4.output.LayerNorm,LayerNorm,0.0453,0.375,491520.0,1536,0,48,0.0459,analytic,"[1, 128, 768]","[1, 128, 768]",1214.89,0.0,0.375,cpu_perf_counter,cpu
39,encoder.layer.5.attention.self.query,Linear,0.3943,0.375,150994944.0,590592,0,49,0.3949,counter,"[1, 128, 768]","[1, 128, 768]",1214.89,0.0,0.375,cpu_perf_counter,cpu
39,encoder.layer.5.attention.self.key,Linear,0.3787,0.375,150994944.0,590592,0,50,0.3793,counter,"[1, 128, 768]","[1, 128, 768]",1214.89,0.0,0.375,cpu_perf_counter,cpu
39,encoder.layer.5.attention.self.value,Linear,0.3796,0.375,150994944.0,590592,0,51,0.3802,counter,"[1, 128, 768]","[1, 128, 768]",1214.89,0.0,0.375,cpu_perf_counter,cpu
39,encoder.layer.5.attention.output.dense,Linear,0.3856,0.375,150994944.0,590592,0,52,0.3862,counter,"[1, 128, 768]","[1, 128, 768]",1214.89,0.0,0.375,cpu_perf_counter,cpu
39,encoder.layer.5.attention.output.LayerNorm,LayerNorm,0.0327,0.375,491520.0,1536,0,53,0.0333,analytic,"[1, 128, 768]","[1, 128, 768]",1214.89,0.0,0.375,cpu_perf_counter,cpu
39,encoder.layer.5.intermediate.dense,Linear,1.7414,1.5,603979776.0,2362368,0,54,1.742,counter,"[1, 128, 768]","[1, 128, 3072]",1214.89,0.0,1.5,cpu_perf_counter,cpu
39,encoder.layer.5.intermediate.intermediate_act_fn,GELUActivation,0.1467,1.5,0.0,0,0,55,0.1473,none,"[1, 128, 3072]","[1, 128, 3072]",1214.89,0.0,1.5,cpu_perf_counter,cpu
39,encoder.layer.5.output.dense,Linear,1.4739,0.375,603979776.0,2360064,0,56,1.4745,counter,"[1, 128, 3072]","[1, 128, 768]",1214.89,0.0,0.375,cpu_perf_counter,cpu
39,encoder.layer.5.output.LayerNorm,LayerNorm,0.0549,0.375,491520.0,1536,0,57,0.0555,analytic,"[1, 128, 768]","[1, 128, 768]",1214.89,0.0,0.375,cpu_perf_counter,cpu
39,encoder.layer.6.attention.self.query,Linear,0.3913,0.375,150994944.0,590592,0,58,0.3919,counter,"[1, 128, 768]","[1, 128, 768]",1214.89,0.0,0.375,cpu_perf_counter,cpu
39,encoder.layer.6.attention.self.key,Linear,0.4078,0.375,150994944.0,590592,0,59,0.4084,counter,"[1, 128, 768]","[1, 128, 768]",1214.89,0.0,0.375,cpu_perf_counter,cpu
39,encoder.layer.6.attention.self.value,Linear,0.3966,0.375,150994944.0,590592,0,60,0.3972,counter,"[1, 128, 768]","[1, 128, 768]",1214.89,0.0,0.375,cpu_perf_counter,cpu
39,encoder.layer.6.attention.output.dense,Linear,0.3907,0.375,150994944.0,590592,0,61,0.3913,counter,"[1, 128, 768]","[1, 128, 768]",1214.89,0.0,0.375,cpu_perf_counter,cpu
39,encoder.layer.6.attention.output.LayerNorm,LayerNorm,0.0357,0.375,491520.0,1536,0,62,0.0363,analytic,"[1, 128, 768]","[1, 128, 768]",1214.89,0.0,0.375,cpu_perf_counter,cpu
39,encoder.layer.6.intermediate.dense,Linear,1.7386,1.5,603979776.0,2362368,0,63,1.7392,counter,"[1, 128, 768]","[1, 128, 3072]",1214.89,0.0,1.5,cpu_perf_counter,cpu
39,encoder.layer.6.intermediate.intermediate_act_fn,GELUActivation,0.1458,1.5,0.0,0,0,64,0.1464,none,"[1, 128, 3072]","[1, 128, 3072]",1214.89,0.0,1.5,cpu_perf_counter,cpu
39,encoder.layer.6.output.dense,Linear,1.4893,0.375,603979776.0,2360064,0,65,1.4899,counter,"[1, 128, 3072]","[1, 128, 768]",1214.89,0.0,0.375,cpu_perf_counter,cpu
39,encoder.layer.6.output.LayerNorm,LayerNorm,0.0506,0.375,491520.0,1536,0,66,0.0512,analytic,"[1, 128, 768]","[1, 128, 768]",1214.89,0.0,0.375,cpu_perf_counter,cpu
39,encoder.layer.7.attention.self.query,Linear,0.3922,0.375,150994944.0,590592,0,67,0.3928,counter,"[1, 128, 768]","[1, 128, 768]",1214.89,0.0,0.375,cpu_perf_counter,cpu
39,encoder.layer.7.attention.self.key,Linear,0.3772,0.375,150994944.0,590592,0,68,0.3778,counter,"[1, 128, 768]","[1, 128, 768]",1214.89,0.0,0.375,cpu_perf_counter,cpu
39,encoder.layer.7.attention.self.value,Linear,0.3932,0.375,150994944.0,590592,0,69,0.3938,counter,"[1, 128, 768]","[1, 128, 768]",1214.89,0.0,0.375,cpu_perf_counter,cpu
39,encoder.layer.7.attention.output.dense,Linear,0.3981,0.375,150994944.0,590592,0,70,0.3987,counter,"[1, 128, 768]","[1, 128, 768]",1214.89,0.0,0.375,cpu_perf_counter,cpu
39,encoder.layer.7.attention.output.LayerNorm,LayerNorm,0.0338,0.375,491520.0,1536,0,71,0.0344,analytic,"[1, 128, 768]","[1, 128, 768]",1214.89,0.0,0.375,cpu_perf_counter,cpu
39,encoder.layer.7.intermediate.dense,Linear,1.7721,1.5,603979776.0,2362368,0,72,1.7727,counter,"[1, 128, 768]","[1, 128, 3072]",1214.89,0.0,1.5,cpu_perf_counter,cpu
39,encoder.layer.7.intermediate.intermediate_act_fn,GELUActivation,0.152,1.5,0.0,0,0,73,0.1526,none,"[1, 128, 3072]","[1, 128, 3072]",1214.89,0.0,1.5,cpu_perf_counter,cpu
39,encoder.layer.7.output.dense,Linear,1.4655,0.375,603979776.0,2360064,0,74,1.4661,counter,"[1, 128, 3072]","[1, 128, 768]",1214.89,0.0,0.375,cpu_perf_counter,cpu
39,encoder.layer.7.output.LayerNorm,LayerNorm,0.0495,0.375,491520.0,1536,0,75,0.0501,analytic,"[1, 128, 768]","[1, 128, 768]",1214.89,0.0,0.375,cpu_perf_counter,cpu
39,encoder.layer.8.attention.self.query,Linear,0.3858,0.375,150994944.0,590592,0,76,0.3864,counter,"[1, 128, 768]","[1, 128, 768]",1214.89,0.0,0.375,cpu_perf_counter,cpu
39,encoder.layer.8.attention.self.key,Linear,0.3822,0.375,150994944.0,590592,0,77,0.3828,counter,"[1, 128, 768]","[1, 128, 768]",1214.89,0.0,0.375,cpu_perf_counter,cpu
39,encoder.layer.8.attention.self.value,Linear,0.3825,0.375,150994944.0,590592,0,78,0.3831,counter,"[1, 128, 768]","[1, 128, 768]",1214.89,0.0,0.375,cpu_perf_counter,cpu
39,encoder.layer.8.attention.output.dense,Linear,0.3891,0.375,150994944.0,590592,0,79,0.3897,counter,"[1, 128, 768]","[1, 128, 768]",1214.89,0.0,0.375,cpu_perf_counter,cpu
39,encoder.layer.8.attention.output.LayerNorm,LayerNorm,0.0328,0.375,491520.0,1536,0,80,0.0334,analytic,"[1, 128, 768]","[1, 128, 768]",1214.89,0.0,0.375,cpu_perf_counter,cpu
39,encoder.layer.8.intermediate.dense,Linear,1.7798,1.5,603979776.0,2362368,0,81,1.7804,counter,"[1, 128, 768]","[1, 128, 3072]",1214.89,0.0,1.5,cpu_perf_counter,cpu
39,encoder.layer.8.intermediate.intermediate_act_fn,GELUActivation,0.1452,1.5,0.0,0,0,82,0.1458,none,"[1, 128, 3072]","[1, 128, 3072]",1214.89,0.0,1.5,cpu_perf_counter,cpu
39,encoder.layer.8.output.dense,Linear,1.523,0.375,603979776.0,2360064,0,83,1.5236,counter,"[1, 128, 3072]","[1, 128, 768]",1214.89,0.0,0.375,cpu_perf_counter,cpu
39,encoder.layer.8.output.LayerNorm,LayerNorm,0.0517,0.375,491520.0,1536,0,84,0.0523,analytic,"[1, 128, 768]","[1, 128, 768]",1214.89,0.0,0.375,cpu_perf_counter,cpu
39,encoder.layer.9.attention.self.query,Linear,0.4058,0.375,150994944.0,590592,0,85,0.4064,counter,"[1, 128, 768]","[1, 128, 768]",1214.89,0.0,0.375,cpu_perf_counter,cpu
39,encoder.layer.9.attention.self.key,Linear,0.4134,0.375,150994944.0,590592,0,86,0.414,counter,"[1, 128, 768]","[1, 128, 768]",1214.89,0.0,0.375,cpu_perf_counter,cpu
39,encoder.layer.9.attention.self.value,Linear,0.4035,0.375,150994944.0,590592,0,87,0.4041,counter,"[1, 128, 768]","[1, 128, 768]",1214.89,0.0,0.375,cpu_perf_counter,cpu
39,encoder.layer.9.attention.output.dense,Linear,0.3926,0.375,150994944.0,590592,0,88,0.3932,counter,"[1, 128, 768]","[1, 128, 768]",1214.89,0.0,0.375,cpu_perf_counter,cpu
39,encoder.layer.9.attention.output.LayerNorm,LayerNorm,0.0567,0.375,491520.0,1536,0,89,0.0573,analytic,"[1, 128, 768]","[1, 128, 768]",1214.89,0.0,0.375,cpu_perf_counter,cpu
39,encoder.layer.9.intermediate.dense,Linear,2.0419,1.5,603979776.0,2362368,0,90,2.0425,counter,"[1, 128, 768]","[1, 128, 3072]",1214.89,0.0,1.5,cpu_perf_counter,cpu
39,encoder.layer.9.intermediate.intermediate_act_fn,GELUActivation,0.1867,1.5,0.0,0,0,91,0.1873,none,"[1, 128, 3072]","[1, 128, 3072]",1214.89,0.0,1.5,cpu_perf_counter,cpu
39,encoder.layer.9.output.dense,Linear,1.5177,0.375,603979776.0,2360064,0,92,1.5183,counter,"[1, 128, 3072]","[1, 128, 768]",1214.89,0.0,0.375,cpu_perf_counter,cpu
39,encoder.layer.9.output.LayerNorm,LayerNorm,0.0522,0.375,491520.0,1536,0,93,0.0528,analytic,"[1, 128, 768]","[1, 128, 768]",1214.89,0.0,0.375,cpu_perf_counter,cpu
39,encoder.layer.10.attention.self.query,Linear,0.4089,0.375,150994944.0,590592,0,94,0.4095,counter,"[1, 128, 768]","[1, 128, 768]",1214.89,0.0,0.375,cpu_perf_counter,cpu
39,encoder.layer.10.attention.self.key,Linear,0.3903,0.375,150994944.0,590592,0,95,0.3909,counter,"[1, 128, 768]","[1, 128, 768]",1214.89,0.0,0.375,cpu_perf_counter,cpu
39,encoder.layer.10.attention.self.value,Linear,0.3835,0.375,150994944.0,590592,0,96,0.3841,counter,"[1, 128, 768]","[1, 128, 768]",1214.89,0.0,0.375,cpu_perf_counter,cpu
39,encoder.layer.10.attention.output.dense,Linear,0.384,0.375,150994944.0,590592,0,97,0.3846,counter,"[1, 128, 768]","[1, 128, 768]",1214.89,0.0,0.375,cpu_perf_counter,cpu
39,encoder.layer.10.attention.output.LayerNorm,LayerNorm,0.0314,0.375,491520.0,1536,0,98,0.032,analytic,"[1, 128, 768]","[1, 128, 768]",1214.89,0.0,0.375,cpu_perf_counter,cpu
39,encoder.layer.10.intermediate.dense,Linear,1.9162,1.5,603979776.0,2362368,0,99,1.9168,counter,"[1, 128, 768]","[1, 128, 3072]",1214.89,0.0,1.5,cpu_perf_counter,cpu
39,encoder.layer.10.intermediate.intermediate_act_fn,GELUActivation,0.1468,1.5,0.0,0,0,100,0.1474,none,"[1, 128, 3072]","[1, 128, 3072]",1214.89,0.0,1.5,cpu_perf_counter,cpu
39,encoder.layer.10.output.dense,Linear,1.5666,0.375,603979776.0,2360064,0,101,1.5672,counter,"[1, 128, 3072]","[1, 128, 768]",1214.89,0.0,0.375,cpu_perf_counter,cpu
39,encoder.layer.10.output.LayerNorm,LayerNorm,0.0457,0.375,491520.0,1536,0,102,0.0463,analytic,"[1, 128, 768]","[1, 128, 768]",1214.89,0.0,0.375,cpu_perf_counter,cpu
39,encoder.layer.11.attention.self.query,Linear,0.395,0.375,150994944.0,590592,0,103,0.3956,counter,"[1, 128, 768]","[1, 128, 768]",1214.89,0.0,0.375,cpu_perf_counter,cpu
39,encoder.layer.11.attention.self.key,Linear,0.4116,0.375,150994944.0,590592,0,104,0.4122,counter,"[1, 128, 768]","[1, 128, 768]",1214.89,0.0,0.375,cpu_perf_counter,cpu
39,encoder.layer.11.attention.self.value,Linear,0.3877,0.375,150994944.0,590592,0,105,0.3883,counter,"[1, 128, 768]","[1, 128, 768]",1214.89,0.0,0.375,cpu_perf_counter,cpu
39,encoder.layer.11.attention.output.dense,Linear,0.3788,0.375,150994944.0,590592,0,106,0.3794,counter,"[1, 128, 768]","[1, 128, 768]",1214.89,0.0,0.375,cpu_perf_counter,cpu
39,encoder.layer.11.attention.output.LayerNorm,LayerNorm,0.0314,0.375,491520.0,1536,0,107,0.032,analytic,"[1, 128, 768]","[1, 128, 768]",1214.89,0.0,0.375,cpu_perf_counter,cpu
39,encoder.layer.11.intermediate.dense,Linear,1.6811,1.5,603979776.0,2362368,0,108,1.6817,counter,"[1, 128, 768]","[1, 128, 3072]",1214.89,0.0,1.5,cpu_perf_counter,cpu
39,encoder.layer.11.intermediate.intermediate_act_fn,GELUActivation,0.1302,1.5,0.0,0,0,109,0.1308,none,"[1, 128, 3072]","[1, 128, 3072]",1214.89,0.0,1.5,cpu_perf_counter,cpu
39,encoder.layer.11.output.dense,Linear,1.4086,0.375,603979776.0,2360064,0,110,1.4092,counter,"[1, 128, 3072]","[1, 128, 768]",1214.89,0.0,0.375,cpu_perf_counter,cpu
39,encoder.layer.11.output.LayerNorm,LayerNorm,0.0387,0.375,491520.0,1536,0,111,0.0393,analytic,"[1, 128, 768]","[1, 128, 768]",1214.89,0.0,0.375,cpu_perf_counter,cpu
39,pooler.dense,Linear,0.1178,0.00293,1179648.0,590592,0,112,0.1184,counter,"[1, 768]","[1, 768]",1214.89,0.0,0.003,cpu_perf_counter,cpu
39,pooler.activation,Tanh,0.0158,0.00293,3072.0,0,0,113,0.0164,analytic,"[1, 768]","[1, 768]",1214.89,0.0,0.003,cpu_perf_counter,cpu
40,embeddings.word_embeddings,Embedding,0.0467,0.375,0.0,23440896,0,0,0.0473,none,"[1, 128]","[1, 128, 768]",1214.89,0.0,0.375,cpu_perf_counter,cpu
40,embeddings.token_type_embeddings,Embedding,0.0194,0.375,0.0,1536,0,1,0.02,none,"[1, 128]","[1, 128, 768]",1214.89,0.0,0.375,cpu_perf_counter,cpu
40,embeddings.position_embeddings,Embedding,0.02,0.375,0.0,393216,0,2,0.0206,none,"[1, 128]","[1, 128, 768]",1214.89,0.0,0.375,cpu_perf_counter,cpu
40,embeddings.LayerNorm,LayerNorm,0.023,0.375,491520.0,1536,0,3,0.0236,analytic,"[1, 128, 768]","[1, 128, 768]",1214.89,0.0,0.375,cpu_perf_counter,cpu
40,encoder.layer.0.attention.self.query,Linear,0.3782,0.375,150994944.0,590592,0,4,0.3788,counter,"[1, 128, 768]","[1, 128, 768]",1214.89,0.0,0.375,cpu_perf_counter,cpu
40,encoder.layer.0.attention.self.key,Linear,0.3618,0.375,150994944.0,590592,0,5,0.3624,counter,"[1, 128, 768]","[1, 128, 768]",1214.89,0.0,0.375,cpu_perf_counter,cpu
40,encoder.layer.0.attention.self.value,Linear,0.3622,0.375,150994944.0,590592,0,6,0.3628,counter,"[1, 128, 768]","[1, 128, 768]",1214.89,0.0,0.375,cpu_perf_counter,cpu
40,encoder.layer.0.attention.output.dense,Linear,0.3775,0.375,150994944.0,590592,0,7,0.3781,counter,"[1, 128, 768]","[1, 128, 768]",1214.89,0.0,0.375,cpu_perf_counter,cpu
40,encoder.layer.0.attention.output.LayerNorm,LayerNorm,0.0276,0.375,491520.0,1536,0,8,0.0282,analytic,"[1, 128, 768]","[1, 128, 768]",1214.89,0.0,0.375,cpu_perf_counter,cpu
40,encoder.layer.0.intermediate.dense,Linear,1.7521,1.5,603979776.0,2362368,0,9,1.7527,counter,"[1, 128, 768]","[1, 128, 3072]",1214.89,0.0,1.5,cpu_perf_counter,cpu
40,encoder.layer.0.intermediate.intermediate_act_fn,GELUActivation,0.1331,1.5,0.0,0,0,10,0.1337,none,"[1, 128, 3072]","[1, 128, 3072]",1214.89,0.0,1.5,cpu_perf_counter,cpu
40,encoder.layer.0.output.dense,Linear,1.4729,0.375,603979776.0,2360064,0,11,1.4735,counter,"[1, 128, 3072]","[1, 128, 768]",1214.89,0.0,0.375,cpu_perf_counter,cpu
40,encoder.layer.0.output.LayerNorm,LayerNorm,0.0415,0.375,491520.0,1536,0,12,0.0421,analytic,"[1, 128, 768]","[1, 128, 768]",1214.89,0.0,0.375,cpu_perf_counter,cpu
40,encoder.layer.1.attention.self.query,Linear,0.4151,0.375,150994944.0,590592,0,13,0.4157,counter,"[1, 128, 768]","[1, 128, 768]",1214.89,0.0,0.375,cpu_perf_counter,cpu
40,encoder.layer.1.attention.self.key,Linear,0.363,0.375,150994944.0,590592,0,14,0.3636,counter,"[1, 128, 768]","[1, 128, 768]",1214.89,0.0,0.375,cpu_perf_counter,cpu
40,encoder.layer.1.attention.self.value,Linear,0.3703,0.375,150994944.0,590592,0,15,0.3709,counter,"[1, 128, 768]","[1, 128, 768]",1214.89,0.0,0.375,cpu_perf_counter,cpu
40,encoder.layer.1.attention.output.dense,Linear,0.3863,0.375,150994944.0,590592,0,16,0.3869,counter,"[1, 128, 768]","[1, 128, 768]",1214.89,0.0,0.375,cpu_perf_counter,cpu
40,encoder.layer.1.attention.output.LayerNorm,LayerNorm,0.0275,0.375,491520.0,1536,0,17,0.0281,analytic,"[1, 128, 768]","[1, 128, 768]",1214.89,0.0,0.375,cpu_perf_counter,cpu
40,encoder.layer.1.intermediate.dense,Linear,1.7851,1.5,603979776.0,2362368,0,18,1.7857,counter,"[1, 128, 768]","[1, 128, 3072]",1214.89,0.0,1.5,cpu_perf_counter,cpu
40,encoder.layer.1.intermediate.intermediate_act_fn,GELUActivation,0.1637,1.5,0.0,0,0,19,0.1643,none,"[1, 128, 3072]","[1, 128, 3072]",1214.89,0.0,1.5,cpu_perf_counter,cpu
40,encoder.layer.1.output.dense,Linear,1.5134,0.375,603979776.0,2360064,0,20,1.514,counter,"[1, 128, 3072]","[1, 128, 768]",1214.89,0.0,0.375,cpu_perf_counter,cpu
40,encoder.layer.1.output.LayerNorm,LayerNorm,0.0439,0.375,491520.0,1536,0,21,0.0445,analytic,"[1, 128, 768]","[1, 128, 768]",1214.89,0.0,0.375,cpu_perf_counter,cpu
40,encoder.layer.2.attention.self.query,Linear,0.3916,0.375,150994944.0,590592,0,22,0.3922,counter,"[1, 128, 768]","[1, 128, 768]",1214.89,0.0,0.375,cpu_perf_counter,cpu
40,encoder.layer.2.attention.self.key,Linear,0.3822,0.375,150994944.0,590592,0,23,0.3828,counter,"[1, 128, 768]","[1, 128, 768]",1214.89,0.0,0.375,cpu_perf_counter,cpu
40,encoder.layer.2.attention.self.value,Linear,0.3711,0.375,150994944.0,590592,0,24,0.3717,counter,"[1, 128, 768]","[1, 128, 768]",1214.89,0.0,0.375,cpu_perf_counter,cpu
40,encoder.layer.2.attention.output.dense,Linear,0.3741,0.375,150994944.0,590592,0,25,0.3747,counter,"[1, 128, 768]","[1, 128, 768]",1214.89,0.0,0.375,cpu_perf_counter,cpu
40,encoder.layer.2.attention.output.LayerNorm,LayerNorm,0.0294,0.375,491520.0,1536,0,26,0.03,analytic,"[1, 128, 768]","[1, 128, 768]",1214.89,0.0,0.375,cpu_perf_counter,cpu
40,encoder.layer.2.intermediate.dense,Linear,1.7682,1.5,603979776.0,2362368,0,27,1.7688,counter,"[1, 128, 768]","[1, 128, 3072]",1214.89,0.0,1.5,cpu_perf_counter,cpu
40,encoder.layer.2.intermediate.intermediate_act_fn,GELUActivation,0.1389,1.5,0.0,0,0,28,0.1395,none,"[1, 128, 3072]","[1, 128, 3072]",1214.89,0.0,1.5,cpu_perf_counter,cpu
40,encoder.layer.2.output.dense,Linear,1.457,0.375,603979776.0,2360064,0,29,1.4576,counter,"[1, 128, 3072]","[1, 128, 768]",1214.89,0.0,0.375,cpu_perf_counter,cpu
40,encoder.layer.2.output.LayerNorm,LayerNorm,0.0414,0.375,491520.0,1536,0,30,0.042,analytic,"[1, 128, 768]","[1, 128, 768]",1214.89,0.0,0.375,cpu_perf_counter,cpu
40,encoder.layer.3.attention.self.query,Linear,0.3773,0.375,150994944.0,590592,0,31,0.3779,counter,"[1, 128, 768]","[1, 128, 768]",1214.89,0.0,0.375,cpu_perf_counter,cpu
40,encoder.layer.3.attention.self.key,Linear,0.3622,0.375,150994944.0,590592,0,32,0.3628,counter,"[1, 128, 768]","[1, 128, 768]",1214.89,0.0,0.375,cpu_perf_counter,cpu
40,encoder.layer.3.attention.self.value,Linear,0.373,0.375,150994944.0,590592,0,33,0.3736,counter,"[1, 128, 768]","[1, 128, 768]",1214.89,0.0,0.375,cpu_perf_counter,cpu
40,encoder.layer.3.attention.output.dense,Linear,0.373,0.375,150994944.0,590592,0,34,0.3736,counter,"[1, 128, 768]","[1, 128, 768]",1214.89,0.0,0.375,cpu_perf_counter,cpu
40,encoder.layer.3.attention.output.LayerNorm,LayerNorm,0.0268,0.375,491520.0,1536,0,35,0.0274,analytic,"[1, 128, 768]","[1, 128, 768]",1214.89,0.0,0.375,cpu_perf_counter,cpu
40,encoder.layer.3.intermediate.dense,Linear,1.7271,1.5,603979776.0,2362368,0,36,1.7277,counter,"[1, 128, 768]","[1, 128, 3072]",1214.89,0.0,1.5,cpu_perf_counter,cpu
40,encoder.layer.3.intermediate.intermediate_act_fn,GELUActivation,0.1309,1.5,0.0,0,0,37,0.1315,none,"[1, 128, 3072]","[1, 128, 3072]",1214.89,0.0,1.5,cpu_perf_counter,cpu
40,encoder.layer.3.output.dense,Linear,1.4772,0.375,603979776.0,2360064,0,38,1.4778,counter,"[1, 128, 3072]","[1, 128, 768]",1214.89,0.0,0.375,cpu_perf_counter,cpu
40,encoder.layer.3.output.LayerNorm,LayerNorm,0.0401,0.375,491520.0,1536,0,39,0.0407,analytic,"[1, 128, 768]","[1, 128, 768]",1214.89,0.0,0.375,cpu_perf_counter,cpu
40,encoder.layer.4.attention.self.query,Linear,0.3686,0.375,150994944.0,590592,0,40,0.3692,counter,"[1, 128, 768]","[1, 128, 768]",1214.89,0.0,0.375,cpu_perf_counter,cpu
40,encoder.layer.4.attention.self.key,Linear,0.3927,0.375,150994944.0,590592,0,41,0.3933,counter,"[1, 128, 768]","[1, 128, 768]",1214.89,0.0,0.375,cpu_perf_counter,cpu
40,encoder.layer.4.attention.self.value,Linear,0.3776,0.375,150994944.0,590592,0,42,0.3782,counter,"[1, 128, 768]","[1, 128, 768]",1214.89,0.0,0.375,cpu_perf_counter,cpu
40,encoder.layer.4.attention.output.dense,Linear,0.3728,0.375,150994944.0,590592,0,43,0.3734,counter,"[1, 128, 768]","[1, 128, 768]",1214.89,0.0,0.375,cpu_perf_counter,cpu
40,encoder.layer.4.attention.output.LayerNorm,LayerNorm,0.0319,0.375,491520.0,1536,0,44,0.0325,analytic,"[1, 128, 768]","[1, 128, 768]",1214.89,0.0,0.375,cpu_perf_counter,cpu
40,encoder.layer.4.intermediate.dense,Linear,1.6688,1.5,603979776.0,2362368,0,45,1.6694,counter,"[1, 128, 768]","[1, 128, 3072]",1214.89,0.0,1.5,cpu_perf_counter,cpu
40,encoder.layer.4.intermediate.intermediate_act_fn,GELUActivation,0.1277,1.5,0.0,0,0,46,0.1283,none,"[1, 128, 3072]","[1, 128, 3072]",1214.89,0.0,1.5,cpu_perf_counter,cpu
40,encoder.layer.4.output.dense,Linear,1.4615,0.375,603979776.0,2360064,0,47,1.4621,counter,"[1, 128, 3072]","[1, 128, 768]",1214.89,0.0,0.375,cpu_perf_counter,cpu
40,encoder.layer.4.output.LayerNorm,LayerNorm,0.041,0.375,491520.0,1536,0,48,0.0416,analytic,"[1, 128, 768]","[1, 128, 768]",1214.89,0.0,0.375,cpu_perf_counter,cpu
40,encoder.layer.5.attention.self.query,Linear,0.3876,0.375,150994944.0,590592,0,49,0.3882,counter,"[1, 128, 768]","[1, 128, 768]",1214.89,0.0,0.375,cpu_perf_counter,cpu
40,encoder.layer.5.attention.self.key,Linear,0.3711,0.375,150994944.0,590592,0,50,0.3717,counter,"[1, 128, 768]","[1, 128, 768]",1214.89,0.0,0.375,cpu_perf_counter,cpu
40,encoder.layer.5.attention.self.value,Linear,0.3767,0.375,150994944.0,590592,0,51,0.3773,counter,"[1, 128, 768]","[1, 128, 768]",1214.89,0.0,0.375,cpu_perf_counter,cpu
40,encoder.layer.5.attention.output.dense,Linear,0.4033,0.375,150994944.0,590592,0,52,0.4039,counter,"[1, 128, 768]","[1, 128, 768]",1214.89,0.0,0.375,cpu_perf_counter,cpu
40,encoder.layer.5.attention.output.LayerNorm,LayerNorm,0.0335,0.375,491520.0,1536,0,53,0.0341,analytic,"[1, 128, 768]","[1, 128, 768]",1214.89,0.0,0.375,cpu_perf_counter,cpu
40,encoder.layer.5.intermediate.dense,Linear,1.7135,1.5,603979776.0,2362368,0,54,1.7141,counter,"[1, 128, 768]","[1, 128, 3072]",1214.89,0.0,1.5,cpu_perf_counter,cpu
40,encoder.layer.5.intermediate.intermediate_act_fn,GELUActivation,0.147,1.5,0.0,0,0,55,0.1476,none,"[1, 128, 3072]","[1, 128, 3072]",1214.89,0.0,1.5,cpu_perf_counter,cpu
40,encoder.layer.5.output.dense,Linear,1.5143,0.375,603979776.0,2360064,0,56,1.5149,counter,"[1, 128, 3072]","[1, 128, 768]",1214.89,0.0,0.375,cpu_perf_counter,cpu
40,encoder.layer.5.output.LayerNorm,LayerNorm,0.0415,0.375,491520.0,1536,0,57,0.0421,analytic,"[1, 128, 768]","[1, 128, 768]",1214.89,0.0,0.375,cpu_perf_counter,cpu
40,encoder.layer.6.attention.self.query,Linear,0.3834,0.375,150994944.0,590592,0,58,0.384,counter,"[1, 128, 768]","[1, 128, 768]",1214.89,0.0,0.375,cpu_perf_counter,cpu
40,encoder.layer.6.attention.self.key,Linear,0.3795,0.375,150994944.0,590592,0,59,0.3801,counter,"[1, 128, 768]","[1, 128, 768]",1214.89,0.0,0.375,cpu_perf_counter,cpu
40,encoder.layer.6.attention.self.value,Linear,0.2867,0.375,150994944.0,590592,0,60,0.2873,counter,"[1, 128, 768]","[1, 128, 768]",1214.89,0.0,0.375,cpu_perf_counter,cpu
40,encoder.layer.6.attention.output.dense,Linear,0.2966,0.375,150994944.0,590592,0,61,0.2972,counter,"[1, 128, 768]","[1, 128, 768]",1214.89,0.0,0.375,cpu_perf_counter,cpu
40,encoder.layer.6.attention.output.LayerNorm,LayerNorm,0.0281,0.375,491520.0,1536,0,62,0.0287,analytic,"[1, 128, 768]","[1, 128, 768]",1214.89,0.0,0.375,cpu_perf_counter,cpu
40,encoder.layer.6.intermediate.dense,Linear,1.5491,1.5,603979776.0,2362368,0,63,1.5497,counter,"[1, 128, 768]","[1, 128, 3072]",1214.89,0.0,1.5,cpu_perf_counter,cpu
40,encoder.layer.6.intermediate.intermediate_act_fn,GELUActivation,0.128,1.5,0.0,0,0,64,0.1286,none,"[1, 128, 3072]","[1, 128, 3072]",1214.89,0.0,1.5,cpu_perf_counter,cpu
40,encoder.layer.6.output.dense,Linear,1.525,0.375,603979776.0,2360064,0,65,1.5256,counter,"[1, 128, 3072]","[1, 128, 768]",1214.89,0.0,0.375,cpu_perf_counter,cpu
40,encoder.layer.6.output.LayerNorm,LayerNorm,0.0418,0.375,491520.0,1536,0,66,0.0424,analytic,"[1, 128, 768]","[1, 128, 768]",1214.89,0.0,0.375,cpu_perf_counter,cpu
40,encoder.layer.7.attention.self.query,Linear,0.3818,0.375,150994944.0,590592,0,67,0.3824,counter,"[1, 128, 768]","[1, 128, 768]",1214.89,0.0,0.375,cpu_perf_counter,cpu
40,encoder.layer.7.attention.self.key,Linear,0.3654,0.375,150994944.0,590592,0,68,0.366,counter,"[1, 128, 768]","[1, 128, 768]",1214.89,0.0,0.375,cpu_perf_counter,cpu
40,encoder.layer.7.attention.self.value,Linear,0.3891,0.375,150994944.0,590592,0,69,0.3897,counter,"[1, 128, 768]","[1, 128, 768]",1214.89,0.0,0.375,cpu_perf_counter,cpu
40,encoder.layer.7.attention.output.dense,Linear,0.3976,0.375,150994944.0,590592,0,70,0.3982,counter,"[1, 128, 768]","[1, 128, 768]",1214.89,0.0,0.375,cpu_perf_counter,cpu
40,encoder.layer.7.attention.output.LayerNorm,LayerNorm,0.035,0.375,491520.0,1536,0,71,0.0356,analytic,"[1, 128, 768]","[1, 128, 768]",1214.89,0.0,0.375,cpu_perf_counter,cpu
40,encoder.layer.7.intermediate.dense,Linear,1.7421,1.5,603979776.0,2362368,0,72,1.7427,counter,"[1, 128, 768]","[1, 128, 3072]",1214.89,0.0,1.5,cpu_perf_counter,cpu
40,encoder.layer.7.intermediate.intermediate_act_fn,GELUActivation,0.1344,1.5,0.0,0,0,73,0.135,none,"[1, 128, 3072]","[1, 128, 3072]",1214.89,0.0,1.5,cpu_perf_counter,cpu
40,encoder.layer.7.output.dense,Linear,1.4933,0.375,603979776.0,2360064,0,74,1.4939,counter,"[1, 128, 3072]","[1, 128, 768]",1214.89,0.0,0.375,cpu_perf_counter,cpu
40,encoder.layer.7.output.LayerNorm,LayerNorm,0.0419,0.375,491520.0,1536,0,75,0.0425,analytic,"[1, 128, 768]","[1, 128, 768]",1214.89,0.0,0.375,cpu_perf_counter,cpu
40,encoder.layer.8.attention.self.query,Linear,0.3887,0.375,150994944.0,590592,0,76,0.3893,counter,"[1, 128, 768]","[1, 128, 768]",1214.89,0.0,0.375,cpu_perf_counter,cpu
40,encoder.layer.8.attention.self.key,Linear,0.3928,0.375,150994944.0,590592,0,77,0.3934,counter,"[1, 128, 768]","[1, 128, 768]",1214.89,0.0,0.375,cpu_perf_counter,cpu
40,encoder.layer.8.attention.self.value,Linear,0.4142,0.375,150994944.0,590592,0,78,0.4148,counter,"[1, 128, 768]","[1, 128, 768]",1214.89,0.0,0.375,cpu_perf_counter,cpu
40,encoder.layer.8.attention.output.dense,Linear,0.4232,0.375,150994944.0,590592,0,79,0.4238,counter,"[1, 128, 768]","[1, 128, 768]",1214.89,0.0,0.375,cpu_perf_counter,cpu
40,encoder.layer.8.attention.output.LayerNorm,LayerNorm,0.0398,0.375,491520.0,1536,0,80,0.0404,analytic,"[1, 128, 768]","[1, 128, 768]",1214.89,0.0,0.375,cpu_perf_counter,cpu
40,encoder.layer.8.intermediate.dense,Linear,1.8897,1.5,603979776.0,2362368,0,81,1.8903,counter,"[1, 128, 768]","[1, 128, 3072]",1214.89,0.0,1.5,cpu_perf_counter,cpu
40,encoder.layer.8.intermediate.intermediate_act_fn,GELUActivation,0.1558,1.5,0.0,0,0,82,0.1564,none,"[1, 128, 3072]","[1, 128, 3072]",1214.89,0.0,1.5,cpu_perf_counter,cpu
40,encoder.layer.8.output.dense,Linear,1.4898,0.375,603979776.0,2360064,0,83,1.4904,counter,"[1, 128, 3072]","[1, 128, 768]",1214.89,0.0,0.375,cpu_perf_counter,cpu
40,encoder.layer.8.output.LayerNorm,LayerNorm,0.0463,0.375,491520.0,1536,0,84,0.0469,analytic,"[1, 128, 768]","[1, 128, 768]",1214.89,0.0,0.375,cpu_perf_counter,cpu
40,encoder.layer.9.attention.self.query,Linear,0.3977,0.375,150994944.0,590592,0,85,0.3983,counter,"[1, 128, 768]","[1, 128, 768]",1214.89,0.0,0.375,cpu_perf_counter,cpu
40,encoder.layer.9.attention.self.key,Linear,0.3755,0.375,150994944.0,590592,0,86,0.3761,counter,"[1, 128, 768]","[1, 128, 768]",1214.89,0.0,0.375,cpu_perf_counter,cpu
40,encoder.layer.9.attention.self.value,Linear,0.3752,0.375,150994944.0,590592,0,87,0.3758,counter,"[1, 128, 768]","[1, 128, 768]",1214.89,0.0,0.375,cpu_perf_counter,cpu
40,encoder.layer.9.attention.output.dense,Linear,0.392,0.375,150994944.0,590592,0,88,0.3926,counter,"[1, 128, 768]","[1, 128, 768]",1214.89,0.0,0.375,cpu_perf_counter,cpu
40,encoder.layer.9.attention.output.LayerNorm,LayerNorm,0.0323,0.375,491520.0,1536,0,89,0.0329,analytic,"[1, 128, 768]","[1, 128, 768]",1214.89,0.0,0.375,cpu_perf_counter,cpu
40,encoder.layer.9.intermediate.dense,Linear,2.0007,1.5,603979776.0,2362368,0,90,2.0013,counter,"[1, 128, 768]","[1, 128, 3072]",1214.89,0.0,1.5,cpu_perf_counter,cpu
40,encoder.layer.9.intermediate.intermediate_act_fn,GELUActivation,0.1626,1.5,0.0,0,0,91,0.1632,none,"[1, 128, 3072]","[1, 128, 3072]",1214.89,0.0,1.5,cpu_perf_counter,cpu
40,encoder.layer.9.output.dense,Linear,1.5072,0.375,603979776.0,2360064,0,92,1.5078,counter,"[1, 128, 3072]","[1, 128, 768]",1214.89,0.0,0.375,cpu_perf_counter,cpu
40,encoder.layer.9.output.LayerNorm,LayerNorm,0.047,0.375,491520.0,1536,0,93,0.0476,analytic,"[1, 128, 768]","[1, 128, 768]",1214.89,0.0,0.375,cpu_perf_counter,cpu
40,encoder.layer.10.attention.self.query,Linear,0.3792,0.375,150994944.0,590592,0,94,0.3798,counter,"[1, 128, 768]","[1, 128, 768]",1214.89,0.0,0.375,cpu_perf_counter,cpu
40,encoder.layer.10.attention.self.key,Linear,0.3706,0.375,150994944.0,590592,0,95,0.3712,counter,"[1, 128, 768]","[1, 128, 768]",1214.89,0.0,0.375,cpu_perf_counter,cpu
40,encoder.layer.10.attention.self.value,Linear,0.3679,0.375,150994944.0,590592,0,96,0.3685,counter,"[1, 128, 768]","[1, 128, 768]",1214.89,0.0,0.375,cpu_perf_counter,cpu
40,encoder.layer.10.attention.output.dense,Linear,0.3734,0.375,150994944.0,590592,0,97,0.374,counter,"[1, 128, 768]","[1, 128, 768]",1214.89,0.0,0.375,cpu_perf_counter,cpu
40,encoder.layer.10.attention.output.LayerNorm,LayerNorm,0.0284,0.375,491520.0,1536,0,98,0.029,analytic,"[1, 128, 768]","[1, 128, 768]",1214.89,0.0,0.375,cpu_perf_counter,cpu
40,encoder.layer.10.intermediate.dense,Linear,1.7841,1.5,603979776.0,2362368,0,99,1.7847,counter,"[1, 128, 768]","[1, 128, 3072]",1214.89,0.0,1.5,cpu_perf_counter,cpu
40,encoder.layer.10.intermediate.intermediate_act_fn,GELUActivation,0.129,1.5,0.0,0,0,100,0.1296,none,"[1, 128, 3072]","[1, 128, 3072]",1214.89,0.0,1.5,cpu_perf_counter,cpu
40,encoder.layer.10.output.dense,Linear,1.4559,0.375,603979776.0,2360064,0,101,1.4565,counter,"[1, 128, 3072]","[1, 128, 768]",1214.89,0.0,0.375,cpu_perf_counter,cpu
40,encoder.layer.10.output.LayerNorm,LayerNorm,0.0419,0.375,491520.0,1536,0,102,0.0425,analytic,"[1, 128, 768]","[1, 128, 768]",1214.89,0.0,0.375,cpu_perf_counter,cpu
40,encoder.layer.11.attention.self.query,Linear,0.3908,0.375,150994944.0,590592,0,103,0.3914,counter,"[1, 128, 768]","[1, 128, 768]",1214.89,0.0,0.375,cpu_perf_counter,cpu
40,encoder.layer.11.attention.self.key,Linear,0.3821,0.375,150994944.0,590592,0,104,0.3827,counter,"[1, 128, 768]","[1, 128, 768]",1214.89,0.0,0.375,cpu_perf_counter,cpu
40,encoder.layer.11.attention.self.value,Linear,0.3816,0.375,150994944.0,590592,0,105,0.3822,counter,"[1, 128, 768]","[1, 128, 768]",1214.89,0.0,0.375,cpu_perf_counter,cpu
40,encoder.layer.11.attention.output.dense,Linear,0.3897,0.375,150994944.0,590592,0,106,0.3903,counter,"[1, 128, 768]","[1, 128, 768]",1214.89,0.0,0.375,cpu_perf_counter,cpu
40,encoder.layer.11.attention.output.LayerNorm,LayerNorm,0.0307,0.375,491520.0,1536,0,107,0.0313,analytic,"[1, 128, 768]","[1, 128, 768]",1214.89,0.0,0.375,cpu_perf_counter,cpu
40,encoder.layer.11.intermediate.dense,Linear,1.7507,1.5,603979776.0,2362368,0,108,1.7513,counter,"[1, 128, 768]","[1, 128, 3072]",1214.89,0.0,1.5,cpu_perf_counter,cpu
40,encoder.layer.11.intermediate.intermediate_act_fn,GELUActivation,0.1234,1.5,0.0,0,0,109,0.124,none,"[1, 128, 3072]","[1, 128, 3072]",1214.89,0.0,1.5,cpu_perf_counter,cpu
40,encoder.layer.11.output.dense,Linear,1.5051,0.375,603979776.0,2360064,0,110,1.5057,counter,"[1, 128, 3072]","[1, 128, 768]",1214.89,0.0,0.375,cpu_perf_counter,cpu
40,encoder.layer.11.output.LayerNorm,LayerNorm,0.036,0.375,491520.0,1536,0,111,0.0366,analytic,"[1, 128, 768]","[1, 128, 768]",1214.89,0.0,0.375,cpu_perf_counter,cpu
40,pooler.dense,Linear,0.1138,0.00293,1179648.0,590592,0,112,0.1144,counter,"[1, 768]","[1, 768]",1214.89,0.0,0.003,cpu_perf_counter,cpu
40,pooler.activation,Tanh,0.0163,0.00293,3072.0,0,0,113,0.0169,analytic,"[1, 768]","[1, 768]",1214.89,0.0,0.003,cpu_perf_counter,cpu
41,embeddings.word_embeddings,Embedding,0.0521,0.375,0.0,23440896,0,0,0.0527,none,"[1, 128]","[1, 128, 768]",1214.89,0.0,0.375,cpu_perf_counter,cpu
41,embeddings.token_type_embeddings,Embedding,0.0192,0.375,0.0,1536,0,1,0.0198,none,"[1, 128]","[1, 128, 768]",1214.89,0.0,0.375,cpu_perf_counter,cpu
41,embeddings.position_embeddings,Embedding,0.0219,0.375,0.0,393216,0,2,0.0225,none,"[1, 128]","[1, 128, 768]",1214.89,0.0,0.375,cpu_perf_counter,cpu
41,embeddings.LayerNorm,LayerNorm,0.0611,0.375,491520.0,1536,0,3,0.0617,analytic,"[1, 128, 768]","[1, 128, 768]",1214.89,0.0,0.375,cpu_perf_counter,cpu
41,encoder.layer.0.attention.self.query,Linear,0.3714,0.375,150994944.0,590592,0,4,0.372,counter,"[1, 128, 768]","[1, 128, 768]",1214.89,0.0,0.375,cpu_perf_counter,cpu
41,encoder.layer.0.attention.self.key,Linear,0.3517,0.375,150994944.0,590592,0,5,0.3523,counter,"[1, 128, 768]","[1, 128, 768]",1214.89,0.0,0.375,cpu_perf_counter,cpu
41,encoder.layer.0.attention.self.value,Linear,0.3635,0.375,150994944.0,590592,0,6,0.3641,counter,"[1, 128, 768]","[1, 128, 768]",1214.89,0.0,0.375,cpu_perf_counter,cpu
41,encoder.layer.0.attention.output.dense,Linear,0.3708,0.375,150994944.0,590592,0,7,0.3714,counter,"[1, 128, 768]","[1, 128, 768]",1214.89,0.0,0.375,cpu_perf_counter,cpu
41,encoder.layer.0.attention.output.LayerNorm,LayerNorm,0.0235,0.375,491520.0,1536,0,8,0.0241,analytic,"[1, 128, 768]","[1, 128, 768]",1214.89,0.0,0.375,cpu_perf_counter,cpu
41,encoder.layer.0.intermediate.dense,Linear,1.6832,1.5,603979776.0,2362368,0,9,1.6838,counter,"[1, 128, 768]","[1, 128, 3072]",1214.89,0.0,1.5,cpu_perf_counter,cpu
41,encoder.layer.0.intermediate.intermediate_act_fn,GELUActivation,0.1333,1.5,0.0,0,0,10,0.1339,none,"[1, 128, 3072]","[1, 128, 3072]",1214.89,0.0,1.5,cpu_perf_counter,cpu
41,encoder.layer.0.output.dense,Linear,1.484,0.375,603979776.0,2360064,0,11,1.4846,counter,"[1, 128, 3072]","[1, 128, 768]",1214.89,0.0,0.375,cpu_perf_counter,cpu
41,encoder.layer.0.output.LayerNorm,LayerNorm,0.0391,0.375,491520.0,1536,0,12,0.0397,analytic,"[1, 128, 768]","[1, 128, 768]",1214.89,0.0,0.375,cpu_perf_counter,cpu
41,encoder.layer.1.attention.self.query,Linear,0.4217,0.375,150994944.0,590592,0,13,0.4223,counter,"[1, 128, 768]","[1, 128, 768]",1214.89,0.0,0.375,cpu_perf_counter,cpu
41,encoder.layer.1.attention.self.key,Linear,0.3658,0.375,150994944.0,590592,0,14,0.3664,counter,"[1, 128, 768]","[1, 128, 768]",1214.89,0.0,0.375,cpu_perf_counter,cpu
41,encoder.layer.1.attention.self.value,Linear,0.3656,0.375,150994944.0,590592,0,15,0.3662,counter,"[1, 128, 768]","[1, 128, 768]",1214.89,0.0,0.375,cpu_perf_counter,cpu
41,encoder.layer.1.attention.output.dense,Linear,0.3863,0.375,150994944.0,590592,0,16,0.3869,counter,"[1, 128, 768]","[1, 128, 768]",1214.89,0.0,0.375,cpu_perf_counter,cpu
41,encoder.layer.1.attention.output.LayerNorm,LayerNorm,0.0268,0.375,491520.0,1536,0,17,0.0274,analytic,"[1, 128, 768]","[1, 128, 768]",1214.89,0.0,0.375,cpu_perf_counter,cpu
41,encoder.layer.1.intermediate.dense,Linear,1.9705,1.5,603979776.0,2362368,0,18,1.9711,counter,"[1, 128, 768]","[1, 128, 3072]",1214.89,0.0,1.5,cpu_perf_counter,cpu
41,encoder.layer.1.intermediate.intermediate_act_fn,GELUActivation,0.1853,1.5,0.0,0,0,19,0.1859,none,"[1, 128, 3072]","[1, 128, 3072]",1214.89,0.0,1.5,cpu_perf_counter,cpu
41,encoder.layer.1.output.dense,Linear,1.6263,0.375,603979776.0,2360064,0,20,1.6269,counter,"[1, 128, 3072]","[1, 128, 768]",1214.89,0.0,0.375,cpu_perf_counter,cpu
41,encoder.layer.1.output.LayerNorm,LayerNorm,0.0445,0.375,491520.0,1536,0,21,0.0451,analytic,"[1, 128, 768]","[1, 128, 768]",1214.89,0.0,0.375,cpu_perf_counter,cpu
41,encoder.layer.2.attention.self.query,Linear,0.3889,0.375,150994944.0,590592,0,22,0.3895,counter,"[1, 128, 768]","[1, 128, 768]",1214.89,0.0,0.375,cpu_perf_counter,cpu
41,encoder.layer.2.attention.self.key,Linear,0.4006,0.375,150994944.0,590592,0,23,0.4012,counter,"[1, 128, 768]","[1, 128, 768]",1214.89,0.0,0.375,cpu_perf_counter,cpu
41,encoder.layer.2.attention.self.value,Linear,0.3804,0.375,150994944.0,590592,0,24,0.381,counter,"[1, 128, 768]","[1, 128, 768]",1214.89,0.0,0.375,cpu_perf_counter,cpu
41,encoder.layer.2.attention.output.dense,Linear,0.3761,0.375,150994944.0,590592,0,25,0.3767,counter,"[1, 128, 768]","[1, 128, 768]",1214.89,0.0,0.375,cpu_perf_counter,cpu
41,encoder.layer.2.attention.output.LayerNorm,LayerNorm,0.03,0.375,491520.0,1536,0,26,0.0306,analytic,"[1, 128, 768]","[1, 128, 768]",1214.89,0.0,0.375,cpu_perf_counter,cpu
41,encoder.layer.2.intermediate.dense,Linear,1.7349,1.5,603979776.0,2362368,0,27,1.7355,counter,"[1, 128, 768]","[1, 128, 3072]",1214.89,0.0,1.5,cpu_perf_counter,cpu
41,encoder.layer.2.intermediate.intermediate_act_fn,GELUActivation,0.1301,1.5,0.0,0,0,28,0.1307,none,"[1, 128, 3072]","[1, 128, 3072]",1214.89,0.0,1.5,cpu_perf_counter,cpu
41,encoder.layer.2.output.dense,Linear,1.5214,0.375,603979776.0,2360064,0,29,1.522,counter,"[1, 128, 3072]","[1, 128, 768]",1214.89,0.0,0.375,cpu_perf_counter,cpu
41,encoder.layer.2.output.LayerNorm,LayerNorm,0.0395,0.375,491520.0,1536,0,30,0.0401,analytic,"[1, 128, 768]","[1, 128, 768]",1214.89,0.0,0.375,cpu_perf_counter,cpu
41,encoder.layer.3.attention.self.query,Linear,0.3873,0.375,150994944.0,590592,0,31,0.3879,counter,"[1, 128, 768]","[1, 128, 768]",1214.89,0.0,0.375,cpu_perf_counter,cpu
41,encoder.layer.3.attention.self.key,Linear,0.3586,0.375,150994944.0,590592,0,32,0.3592,counter,"[1, 128, 768]","[1, 128, 768]",1214.89,0.0,0.375,cpu_perf_counter,cpu
41,encoder.layer.3.attention.self.value,Linear,0.3659,0.375,150994944.0,590592,0,33,0.3665,counter,"[1, 128, 768]","[1, 128, 768]",1214.89,0.0,0.375,cpu_perf_counter,cpu
41,encoder.layer.3.attention.output.dense,Linear,0.3728,0.375,150994944.0,590592,0,34,0.3734,counter,"[1, 128, 768]","[1, 128, 768]",1214.89,0.0,0.375,cpu_perf_counter,cpu
41,encoder.layer.3.attention.output.LayerNorm,LayerNorm,0.0251,0.375,491520.0,1536,0,35,0.0257,analytic,"[1, 128, 768]","[1, 128, 768]",1214.89,0.0,0.375,cpu_perf_counter,cpu
41,encoder.layer.3.intermediate.dense,Linear,1.7159,1.5,603979776.0,2362368,0,36,1.7165,counter,"[1, 128, 768]","[1, 128, 3072]",1214.89,0.0,1.5,cpu_perf_counter,cpu
41,encoder.layer.3.intermediate.intermediate_act_fn,GELUActivation,0.1279,1.5,0.0,0,0,37,0.1285,none,"[1, 128, 3072]","[1, 128, 3072]",1214.89,0.0,1.5,cpu_perf_counter,cpu
41,encoder.layer.3.output.dense,Linear,1.5051,0.375,603979776.0,2360064,0,38,1.5057,counter,"[1, 128, 3072]","[1, 128, 768]",1214.89,0.0,0.375,cpu_perf_counter,cpu
41,encoder.layer.3.output.LayerNorm,LayerNorm,0.0388,0.375,491520.0,1536,0,39,0.0394,analytic,"[1, 128, 768]","[1, 128, 768]",1214.89,0.0,0.375,cpu_perf_counter,cpu
41,encoder.layer.4.attention.self.query,Linear,0.3706,0.375,150994944.0,590592,0,40,0.3712,counter,"[1, 128, 768]","[1, 128, 768]",1214.89,0.0,0.375,cpu_perf_counter,cpu
41,encoder.layer.4.attention.self.key,Linear,0.4121,0.375,150994944.0,590592,0,41,0.4127,counter,"[1, 128, 768]","[1, 128, 768]",1214.89,0.0,0.375,cpu_perf_counter,cpu
41,encoder.layer.4.attention.self.value,Linear,0.3939,0.375,150994944.0,590592,0,42,0.3945,counter,"[1, 128, 768]","[1, 128, 768]",1214.89,0.0,0.375,cpu_perf_counter,cpu
41,encoder.layer.4.attention.output.dense,Linear,0.3709,0.375,150994944.0,590592,0,43,0.3715,counter,"[1, 128, 768]","[1, 128, 768]",1214.89,0.0,0.375,cpu_perf_counter,cpu
41,encoder.layer.4.attention.output.LayerNorm,LayerNorm,0.0259,0.375,491520.0,1536,0,44,0.0265,analytic,"[1, 128, 768]","[1, 128, 768]",1214.89,0.0,0.375,cpu_perf_counter,cpu
41,encoder.layer.4.intermediate.dense,Linear,1.6549,1.5,603979776.0,2362368,0,45,1.6555,counter,"[1, 128, 768]","[1, 128, 3072]",1214.89,0.0,1.5,cpu_perf_counter,cpu
41,encoder.layer.4.intermediate.intermediate_act_fn,GELUActivation,0.1251,1.5,0.0,0,0,46,0.1257,none,"[1, 128, 3072]","[1, 128, 3072]",1214.89,0.0,1.5,cpu_perf_counter,cpu
41,encoder.layer.4.output.dense,Linear,1.4509,0.375,603979776.0,2360064,0,47,1.4515,counter,"[1, 128, 3072]","[1, 128, 768]",1214.89,0.0,0.375,cpu_perf_counter,cpu
41,encoder.layer.4.output.LayerNorm,LayerNorm,0.0472,0.375,491520.0,1536,0,48,0.0478,analytic,"[1, 128, 768]","[1, 128, 768]",1214.89,0.0,0.375,cpu_perf_counter,cpu
41,encoder.layer.5.attention.self.query,Linear,0.3837,0.375,150994944.0,590592,0,49,0.3843,counter,"[1, 128, 768]","[1, 128, 768]",1214.89,0.0,0.375,cpu_perf_counter,cpu
41,encoder.layer.5.attention.self.key,Linear,0.3618,0.375,150994944.0,590592,0,50,0.3624,counter,"[1, 128, 768]","[1, 128, 768]",1214.89,0.0,0.375,cpu_perf_counter,cpu
41,encoder.layer.5.attention.self.value,Linear,0.3787,0.375,150994944.0,590592,0,51,0.3793,counter,"[1, 128, 768]","[1, 128, 768]",1214.89,0.0,0.375,cpu_perf_counter,cpu
41,encoder.layer.5.attention.output.dense,Linear,0.3787,0.375,150994944.0,590592,0,52,0.3793,counter,"[1, 128, 768]","[1, 128, 768]",1214.89,0.0,0.375,cpu_perf_counter,cpu
41,encoder.layer.5.attention.output.LayerNorm,LayerNorm,0.0298,0.375,491520.0,1536,0,53,0.0304,analytic,"[1, 128, 768]","[1, 128, 768]",1214.89,0.0,0.375,cpu_perf_counter,cpu
41,encoder.layer.5.intermediate.dense,Linear,1.6862,1.5,603979776.0,2362368,0,54,1.6868,counter,"[1, 128, 768]","[1, 128, 3072]",1214.89,0.0,1.5,cpu_perf_counter,cpu
41,encoder.layer.5.intermediate.intermediate_act_fn,GELUActivation,0.1254,1.5,0.0,0,0,55,0.126,none,"[1, 128, 3072]","[1, 128, 3072]",1214.89,0.0,1.5,cpu_perf_counter,cpu
41,encoder.layer.5.output.dense,Linear,1.5119,0.375,603979776.0,2360064,0,56,1.5125,counter,"[1, 128, 3072]","[1, 128, 768]",1214.89,0.0,0.375,cpu_perf_counter,cpu
41,encoder.layer.5.output.LayerNorm,LayerNorm,0.0391,0.375,491520.0,1536,0,57,0.0397,analytic,"[1, 128, 768]","[1, 128, 768]",1214.89,0.0,0.375,cpu_perf_counter,cpu
41,encoder.layer.6.attention.self.query,Linear,0.3737,0.375,150994944.0,590592,0,58,0.3743,counter,"[1, 128, 768]","[1, 128, 768]",1214.89,0.0,0.375,cpu_perf_counter,cpu
41,encoder.layer.6.attention.self.key,Linear,0.3692,0.375,150994944.0,590592,0,59,0.3698,counter,"[1, 128, 768]","[1, 128, 768]",1214.89,0.0,0.375,cpu_perf_counter,cpu
41,encoder.layer.6.attention.self.value,Linear,0.3631,0.375,150994944.0,590592,0,60,0.3637,counter,"[1, 128, 768]","[1, 128, 768]",1214.89,0.0,0.375,cpu_perf_counter,cpu
41,encoder.layer.6.attention.output.dense,Linear,0.3726,0.375,150994944.0,590592,0,61,0.3732,counter,"[1, 128, 768]","[1, 128, 768]",1214.89,0.0,0.375,cpu_perf_counter,cpu
41,encoder.layer.6.attention.output.LayerNorm,LayerNorm,0.0254,0.375,491520.0,1536,0,62,0.026,analytic,"[1, 128, 768]","[1, 128, 768]",1214.89,0.0,0.375,cpu_perf_counter,cpu
41,encoder.layer.6.intermediate.dense,Linear,1.6749,1.5,603979776.0,2362368,0,63,1.6755,counter,"[1, 128, 768]","[1, 128, 3072]",1214.89,0.0,1.5,cpu_perf_counter,cpu
41,encoder.layer.6.intermediate.intermediate_act_fn,GELUActivation,0.1218,1.5,0.0,0,0,64,0.1224,none,"[1, 128, 3072]","[1, 128, 3072]",1214.89,0.0,1.5,cpu_perf_counter,cpu
41,encoder.layer.6.output.dense,Linear,1.4629,0.375,603979776.0,2360064,0,65,1.4635,counter,"[1, 128, 3072]","[1, 128, 768]",1214.89,0.0,0.375,cpu_perf_counter,cpu
41,encoder.layer.6.output.LayerNorm,LayerNorm,0.0487,0.375,491520.0,1536,0,66,0.0493,analytic,"[1, 128, 768]","[1, 128, 768]",1214.89,0.0,0.375,cpu_perf_counter,cpu
41,encoder.layer.7.attention.self.query,Linear,0.3854,0.375,150994944.0,590592,0,67,0.386,counter,"[1, 128, 768]","[1, 128, 768]",1214.89,0.0,0.375,cpu_perf_counter,cpu
41,encoder.layer.7.attention.self.key,Linear,0.365,0.375,150994944.0,590592,0,68,0.3656,counter,"[1, 128, 768]","[1, 128, 768]",1214.89,0.0,0.375,cpu_perf_counter,cpu
41,encoder.layer.7.attention.self.value,Linear,0.3651,0.375,150994944.0,590592,0,69,0.3657,counter,"[1, 128, 768]","[1, 128, 768]",1214.89,0.0,0.375,cpu_perf_counter,cpu
41,encoder.layer.7.attention.output.dense,Linear,0.3728,0.375,150994944.0,590592,0,70,0.3734,counter,"[1, 128, 768]","[1, 128, 768]",1214.89,0.0,0.375,cpu_perf_counter,cpu
41,encoder.layer.7.attention.output.LayerNorm,LayerNorm,0.0275,0.375,491520.0,1536,0,71,0.0281,analytic,"[1, 128, 768]","[1, 128, 768]",1214.89,0.0,0.375,cpu_perf_counter,cpu
41,encoder.layer.7.intermediate.dense,Linear,1.6914,1.5,603979776.0,2362368,0,72,1.692,counter,"[1, 128, 768]","[1, 128, 3072]",1214.89,0.0,1.5,cpu_perf_counter,cpu
41,encoder.layer.7.intermediate.intermediate_act_fn,GELUActivation,0.1259,1.5,0.0,0,0,73,0.1265,none,"[1, 128, 3072]","[1, 128, 3072]",1214.89,0.0,1.5,cpu_perf_counter,cpu
41,encoder.layer.7.output.dense,Linear,1.5475,0.375,603979776.0,2360064,0,74,1.5481,counter,"[1, 128, 3072]","[1, 128, 768]",1214.89,0.0,0.375,cpu_perf_counter,cpu
41,encoder.layer.7.output.LayerNorm,LayerNorm,0.0474,0.375,491520.0,1536,0,75,0.048,analytic,"[1, 128, 768]","[1, 128, 768]",1214.89,0.0,0.375,cpu_perf_counter,cpu
41,encoder.layer.8.attention.self.query,Linear,0.3936,0.375,150994944.0,590592,0,76,0.3942,counter,"[1, 128, 768]","[1, 128, 768]",1214.89,0.0,0.375,cpu_perf_counter,cpu
41,encoder.layer.8.attention.self.key,Linear,0.3763,0.375,150994944.0,590592,0,77,0.3769,counter,"[1, 128, 768]","[1, 128, 768]",1214.89,0.0,0.375,cpu_perf_counter,cpu
41,encoder.layer.8.attention.self.value,Linear,0.3692,0.375,150994944.0,590592,0,78,0.3698,counter,"[1, 128, 768]","[1, 128, 768]",1214.89,0.0,0.375,cpu_perf_counter,cpu
41,encoder.layer.8.attention.output.dense,Linear,0.3962,0.375,150994944.0,590592,0,79,0.3968,counter,"[1, 128, 768]","[1, 128, 768]",1214.89,0.0,0.375,cpu_perf_counter,cpu
41,encoder.layer.8.attention.output.LayerNorm,LayerNorm,0.0273,0.375,491520.0,1536,0,80,0.0279,analytic,"[1, 128, 768]","[1, 128, 768]",1214.89,0.0,0.375,cpu_perf_counter,cpu
41,encoder.layer.8.intermediate.dense,Linear,1.6945,1.5,603979776.0,2362368,0,81,1.6951,counter,"[1, 128, 768]","[1, 128, 3072]",1214.89,0.0,1.5,cpu_perf_counter,cpu
41,encoder.layer.8.intermediate.intermediate_act_fn,GELUActivation,0.1249,1.5,0.0,0,0,82,0.1255,none,"[1, 128, 3072]","[1, 128, 3072]",1214.89,0.0,1.5,cpu_perf_counter,cpu
41,encoder.layer.8.output.dense,Linear,1.4488,0.375,603979776.0,2360064,0,83,1.4494,counter,"[1, 128, 3072]","[1, 128, 768]",1214.89,0.0,0.375,cpu_perf_counter,cpu
41,encoder.layer.8.output.LayerNorm,LayerNorm,0.0388,0.375,491520.0,1536,0,84,0.0394,analytic,"[1, 128, 768]","[1, 128, 768]",1214.89,0.0,0.375,cpu_perf_counter,cpu
41,encoder.layer.9.attention.self.query,Linear,0.3848,0.375,150994944.0,590592,0,85,0.3854,counter,"[1, 128, 768]","[1, 128, 768]",1214.89,0.0,0.375,cpu_perf_counter,cpu
41,encoder.layer.9.attention.self.key,Linear,0.3676,0.375,150994944.0,590592,0,86,0.3682,counter,"[1, 128, 768]","[1, 128, 768]",1214.89,0.0,0.375,cpu_perf_counter,cpu
41,encoder.layer.9.attention.self.value,Linear,0.3685,0.375,150994944.0,590592,0,87,0.3691,counter,"[1, 128, 768]","[1, 128, 768]",1214.89,0.0,0.375,cpu_perf_counter,cpu
41,encoder.layer.9.attention.output.dense,Linear,0.3697,0.375,150994944.0,590592,0,88,0.3703,counter,"[1, 128, 768]","[1, 128, 768]",1214.89,0.0,0.375,cpu_perf_counter,cpu
41,encoder.layer.9.attention.output.LayerNorm,LayerNorm,0.0277,0.375,491520.0,1536,0,89,0.0283,analytic,"[1, 128, 768]","[1, 128, 768]",1214.89,0.0,0.375,cpu_perf_counter,cpu
41,encoder.layer.9.intermediate.dense,Linear,1.7848,1.5,603979776.0,2362368,0,90,1.7854,counter,"[1, 128, 768]","[1, 128, 3072]",1214.89,0.0,1.5,cpu_perf_counter,cpu
41,encoder.layer.9.intermediate.intermediate_act_fn,GELUActivation,0.1248,1.5,0.0,0,0,91,0.1254,none,"[1, 128, 3072]","[1, 128, 3072]",1214.89,0.0,1.5,cpu_perf_counter,cpu
41,encoder.layer.9.output.dense,Linear,1.4548,0.375,603979776.0,2360064,0,92,1.4554,counter,"[1, 128, 3072]","[1, 128, 768]",1214.89,0.0,0.375,cpu_perf_counter,cpu
41,encoder.layer.9.output.LayerNorm,LayerNorm,0.0397,0.375,491520.0,1536,0,93,0.0403,analytic,"[1, 128, 768]","[1, 128, 768]",1214.89,0.0,0.375,cpu_perf_counter,cpu
41,encoder.layer.10.attention.self.query,Linear,0.3749,0.375,150994944.0,590592,0,94,0.3755,counter,"[1, 128, 768]","[1, 128, 768]",1214.89,0.0,0.375,cpu_perf_counter,cpu
41,encoder.layer.10.attention.self.key,Linear,0.3671,0.375,150994944.0,590592,0,95,0.3677,counter,"[1, 128, 768]","[1, 128, 768]",1214.89,0.0,0.375,cpu_perf_counter,cpu
41,encoder.layer.10.attention.self.value,Linear,0.3599,0.375,150994944.0,590592,0,96,0.3605,counter,"[1, 128, 768]","[1, 128, 768]",1214.89,0.0,0.375,cpu_perf_counter,cpu
41,encoder.layer.10.attention.output.dense,Linear,0.372,0.375,150994944.0,590592,0,97,0.3726,counter,"[1, 128, 768]","[1, 128, 768]",1214.89,0.0,0.375,cpu_perf_counter,cpu
41,encoder.layer.10.attention.output.LayerNorm,LayerNorm,0.0272,0.375,491520.0,1536,0,98,0.0278,analytic,"[1, 128, 768]","[1, 128, 768]",1214.89,0.0,0.375,cpu_perf_counter,cpu
41,encoder.layer.10.intermediate.dense,Linear,1.7748,1.5,603979776.0,2362368,0,99,1.7754,counter,"[1, 128, 768]","[1, 128, 3072]",1214.89,0.0,1.5,cpu_perf_counter,cpu
41,encoder.layer.10.intermediate.intermediate_act_fn,GELUActivation,0.135,1.5,0.0,0,0,100,0.1356,none,"[1, 128, 3072]","[1, 128, 3072]",1214.89,0.0,1.5,cpu_perf_counter,cpu
41,encoder.layer.10.output.dense,Linear,1.4754,0.375,603979776.0,2360064,0,101,1.476,counter,"[1, 128, 3072]","[1, 128, 768]",1214.89,0.0,0.375,cpu_perf_counter,cpu
41,encoder.layer.10.output.LayerNorm,LayerNorm,0.0389,0.375,491520.0,1536,0,102,0.0395,analytic,"[1, 128, 768]","[1, 128, 768]",1214.89,0.0,0.375,cpu_perf_counter,cpu
41,encoder.layer.11.attention.self.query,Linear,0.3758,0.375,150994944.0,590592,0,103,0.3764,counter,"[1, 128, 768]","[1, 128, 768]",1214.89,0.0,0.375,cpu_perf_counter,cpu
41,encoder.layer.11.attention.self.key,Linear,0.3682,0.375,150994944.0,590592,0,104,0.3688,counter,"[1, 128, 768]","[1, 128, 768]",1214.89,0.0,0.375,cpu_perf_counter,cpu
41,encoder.layer.11.attention.self.value,Linear,0.3669,0.375,150994944.0,590592,0,105,0.3675,counter,"[1, 128, 768]","[1, 128, 768]",1214.89,0.0,0.375,cpu_perf_counter,cpu
41,encoder.layer.11.attention.output.dense,Linear,0.3777,0.375,150994944.0,590592,0,106,0.3783,counter,"[1, 128, 768]","[1, 128, 768]",1214.89,0.0,0.375,cpu_perf_counter,cpu
41,encoder.layer.11.attention.output.LayerNorm,LayerNorm,0.0271,0.375,491520.0,1536,0,107,0.0277,analytic,"[1, 128, 768]","[1, 128, 768]",1214.89,0.0,0.375,cpu_perf_counter,cpu
41,encoder.layer.11.intermediate.dense,Linear,1.7051,1.5,603979776.0,2362368,0,108,1.7057,counter,"[1, 128, 768]","[1, 128, 3072]",1214.89,0.0,1.5,cpu_perf_counter,cpu
41,encoder.layer.11.intermediate.intermediate_act_fn,GELUActivation,0.1198,1.5,0.0,0,0,109,0.1204,none,"[1, 128, 3072]","[1, 128, 3072]",1214.89,0.0,1.5,cpu_perf_counter,cpu
41,encoder.layer.11.output.dense,Linear,1.47,0.375,603979776.0,2360064,0,110,1.4706,counter,"[1, 128, 3072]","[1, 128, 768]",1214.89,0.0,0.375,cpu_perf_counter,cpu
41,encoder.layer.11.output.LayerNorm,LayerNorm,0.0382,0.375,491520.0,1536,0,111,0.0388,analytic,"[1, 128, 768]","[1, 128, 768]",1214.89,0.0,0.375,cpu_perf_counter,cpu
41,pooler.dense,Linear,0.1175,0.00293,1179648.0,590592,0,112,0.1181,counter,"[1, 768]","[1, 768]",1214.89,0.0,0.003,cpu_perf_counter,cpu
41,pooler.activation,Tanh,0.0149,0.00293,3072.0,0,0,113,0.0155,analytic,"[1, 768]","[1, 768]",1214.89,0.0,0.003,cpu_perf_counter,cpu
42,embeddings.word_embeddings,Embedding,0.0459,0.375,0.0,23440896,0,0,0.0465,none,"[1, 128]","[1, 128, 768]",1214.89,0.0,0.375,cpu_perf_counter,cpu
42,embeddings.token_type_embeddings,Embedding,0.0197,0.375,0.0,1536,0,1,0.0203,none,"[1, 128]","[1, 128, 768]",1214.89,0.0,0.375,cpu_perf_counter,cpu
42,embeddings.position_embeddings,Embedding,0.0201,0.375,0.0,393216,0,2,0.0207,none,"[1, 128]","[1, 128, 768]",1214.89,0.0,0.375,cpu_perf_counter,cpu
42,embeddings.LayerNorm,LayerNorm,0.0232,0.375,491520.0,1536,0,3,0.0238,analytic,"[1, 128, 768]","[1, 128, 768]",1214.89,0.0,0.375,cpu_perf_counter,cpu
42,encoder.layer.0.attention.self.query,Linear,0.3759,0.375,150994944.0,590592,0,4,0.3765,counter,"[1, 128, 768]","[1, 128, 768]",1214.89,0.0,0.375,cpu_perf_counter,cpu
42,encoder.layer.0.attention.self.key,Linear,0.355,0.375,150994944.0,590592,0,5,0.3556,counter,"[1, 128, 768]","[1, 128, 768]",1214.89,0.0,0.375,cpu_perf_counter,cpu
42,encoder.layer.0.attention.self.value,Linear,0.3618,0.375,150994944.0,590592,0,6,0.3624,counter,"[1, 128, 768]","[1, 128, 768]",1214.89,0.0,0.375,cpu_perf_counter,cpu
42,encoder.layer.0.attention.output.dense,Linear,0.3743,0.375,150994944.0,590592,0,7,0.3749,counter,"[1, 128, 768]","[1, 128, 768]",1214.89,0.0,0.375,cpu_perf_counter,cpu
42,encoder.layer.0.attention.output.LayerNorm,LayerNorm,0.0241,0.375,491520.0,1536,0,8,0.0247,analytic,"[1, 128, 768]","[1, 128, 768]",1214.89,0.0,0.375,cpu_perf_counter,cpu
42,encoder.layer.0.intermediate.dense,Linear,1.7339,1.5,603979776.0,2362368,0,9,1.7345,counter,"[1, 128, 768]","[1, 128, 3072]",1214.89,0.0,1.5,cpu_perf_counter,cpu
42,encoder.layer.0.intermediate.intermediate_act_fn,GELUActivation,0.1475,1.5,0.0,0,0,10,0.1481,none,"[1, 128, 3072]","[1, 128, 3072]",1214.89,0.0,1.5,cpu_perf_counter,cpu
42,encoder.layer.0.output.dense,Linear,1.5144,0.375,603979776.0,2360064,0,11,1.515,counter,"[1, 128, 3072]","[1, 128, 768]",1214.89,0.0,0.375,cpu_perf_counter,cpu
42,encoder.layer.0.output.LayerNorm,LayerNorm,0.0396,0.375,491520.0,1536,0,12,0.0402,analytic,"[1, 128, 768]","[1, 128, 768]",1214.89,0.0,0.375,cpu_perf_counter,cpu
42,encoder.layer.1.attention.self.query,Linear,0.4299,0.375,150994944.0,590592,0,13,0.4305,counter,"[1, 128, 768]","[1, 128, 768]",1214.89,0.0,0.375,cpu_perf_counter,cpu
42,encoder.layer.1.attention.self.key,Linear,0.359,0.375,150994944.0,590592,0,14,0.3596,counter,"[1, 128, 768]","[1, 128, 768]",1214.89,0.0,0.375,cpu_perf_counter,cpu
42,encoder.layer.1.attention.self.value,Linear,0.3681,0.375,150994944.0,590592,0,15,0.3687,counter,"[1, 128, 768]","[1, 128, 768]",1214.89,0.0,0.375,cpu_perf_counter,cpu
42,encoder.layer.1.attention.output.dense,Linear,0.3768,0.375,150994944.0,590592,0,16,0.3774,counter,"[1, 128, 768]","[1, 128, 768]",1214.89,0.0,0.375,cpu_perf_counter,cpu
42,encoder.layer.1.attention.output.LayerNorm,LayerNorm,0.0264,0.375,491520.0,1536,0,17,0.027,analytic,"[1, 128, 768]","[1, 128, 768]",1214.89,0.0,0.375,cpu_perf_counter,cpu
42,encoder.layer.1.intermediate.dense,Linear,1.7261,1.5,603979776.0,2362368,0,18,1.7267,counter,"[1, 128, 768]","[1, 128, 3072]",1214.89,0.0,1.5,cpu_perf_counter,cpu
42,encoder.layer.1.intermediate.intermediate_act_fn,GELUActivation,0.1307,1.5,0.0,0,0,19,0.1313,none,"[1, 128, 3072]","[1, 128, 3072]",1214.89,0.0,1.5,cpu_perf_counter,cpu
42,encoder.layer.1.output.dense,Linear,1.5169,0.375,603979776.0,2360064,0,20,1.5175,counter,"[1, 128, 3072]","[1, 128, 768]",1214.89,0.0,0.375,cpu_perf_counter,cpu
42,encoder.layer.1.output.LayerNorm,LayerNorm,0.0398,0.375,491520.0,1536,0,21,0.0404,analytic,"[1, 128, 768]","[1, 128, 768]",1214.89,0.0,0.375,cpu_perf_counter,cpu
42,encoder.layer.2.attention.self.query,Linear,0.3839,0.375,150994944.0,590592,0,22,0.3845,counter,"[1, 128, 768]","[1, 128, 768]",1214.89,0.0,0.375,cpu_perf_counter,cpu
42,encoder.layer.2.attention.self.key,Linear,0.3715,0.375,150994944.0,590592,0,23,0.3721,counter,"[1, 128, 768]","[1, 128, 768]",1214.89,0.0,0.375,cpu_perf_counter,cpu
42,encoder.layer.2.attention.self.value,Linear,0.3686,0.375,150994944.0,590592,0,24,0.3692,counter,"[1, 128, 768]","[1, 128, 768]",1214.89,0.0,0.375,cpu_perf_counter,cpu
42,encoder.layer.2.attention.output.dense,Linear,0.3676,0.375,150994944.0,590592,0,25,0.3682,counter,"[1, 128, 768]","[1, 128, 768]",1214.89,0.0,0.375,cpu_perf_counter,cpu
42,encoder.layer.2.attention.output.LayerNorm,LayerNorm,0.0318,0.375,491520.0,1536,0,26,0.0324,analytic,"[1, 128, 768]","[1, 128, 768]",1214.89,0.0,0.375,cpu_perf_counter,cpu
42,encoder.layer.2.intermediate.dense,Linear,1.71,1.5,603979776.0,2362368,0,27,1.7106,counter,"[1, 128, 768]","[1, 128, 3072]",1214.89,0.0,1.5,cpu_perf_counter,cpu
42,encoder.layer.2.intermediate.intermediate_act_fn,GELUActivation,0.1307,1.5,0.0,0,0,28,0.1313,none,"[1, 128, 3072]","[1, 128, 3072]",1214.89,0.0,1.5,cpu_perf_counter,cpu
42,encoder.layer.2.output.dense,Linear,1.4439,0.375,603979776.0,2360064,0,29,1.4445,counter,"[1, 128, 3072]","[1, 128, 768]",1214.89,0.0,0.375,cpu_perf_counter,cpu
42,encoder.layer.2.output.LayerNorm,LayerNorm,0.0395,0.375,491520.0,1536,0,30,0.0401,analytic,"[1, 128, 768]","[1, 128, 768]",1214.89,0.0,0.375,cpu_perf_counter,cpu
42,encoder.layer.3.attention.self.query,Linear,0.3817,0.375,150994944.0,590592,0,31,0.3823,counter,"[1, 128, 768]","[1, 128, 768]",1214.89,0.0,0.375,cpu_perf_counter,cpu
42,encoder.layer.3.attention.self.key,Linear,0.3589,0.375,150994944.0,590592,0,32,0.3595,counter,"[1, 128, 768]","[1, 128, 768]",1214.89,0.0,0.375,cpu_perf_counter,cpu
42,encoder.layer.3.attention.self.value,Linear,0.3834,0.375,150994944.0,590592,0,33,0.384,counter,"[1, 128, 768]","[1, 128, 768]",1214.89,0.0,0.375,cpu_perf_counter,cpu
42,encoder.layer.3.attention.output.dense,Linear,0.381,0.375,150994944.0,590592,0,34,0.3816,counter,"[1, 128, 768]","[1, 128, 768]",1214.89,0.0,0.375,cpu_perf_counter,cpu
42,encoder.layer.3.attention.output.LayerNorm,LayerNorm,0.0288,0.375,491520.0,1536,0,35,0.0294,analytic,"[1, 128, 768]","[1, 128, 768]",1214.89,0.0,0.375,cpu_perf_counter,cpu
42,encoder.layer.3.intermediate.dense,Linear,1.7604,1.5,603979776.0,2362368,0,36,1.761,counter,"[1, 128, 768]","[1, 128, 3072]",1214.89,0.0,1.5,cpu_perf_counter,cpu
42,encoder.layer.3.intermediate.intermediate_act_fn,GELUActivation,0.1291,1.5,0.0,0,0,37,0.1297,none,"[1, 128, 3072]","[1, 128, 3072]",1214.89,0.0,1.5,cpu_perf_counter,cpu
42,encoder.layer.3.output.dense,Linear,1.5088,0.375,603979776.0,2360064,0,38,1.5094,counter,"[1, 128, 3072]","[1, 128, 768]",1214.89,0.0,0.375,cpu_perf_counter,cpu
42,encoder.layer.3.output.LayerNorm,LayerNorm,0.0377,0.375,491520.0,1536,0,39,0.0383,analytic,"[1, 128, 768]","[1, 128, 768]",1214.89,0.0,0.375,cpu_perf_counter,cpu
42,encoder.layer.4.attention.self.query,Linear,0.3849,0.375,150994944.0,590592,0,40,0.3855,counter,"[1, 128, 768]","[1, 128, 768]",1214.89,0.0,0.375,cpu_perf_counter,cpu
42,encoder.layer.4.attention.self.key,Linear,0.4028,0.375,150994944.0,590592,0,41,0.4034,counter,"[1, 128, 768]","[1, 128, 768]",1214.89,0.0,0.375,cpu_perf_counter,cpu
42,encoder.layer.4.attention.self.value,Linear,0.379,0.375,150994944.0,590592,0,42,0.3796,counter,"[1, 128, 768]","[1, 128, 768]",1214.89,0.0,0.375,cpu_perf_counter,cpu
42,encoder.layer.4.attention.output.dense,Linear,0.3768,0.375,150994944.0,590592,0,43,0.3774,counter,"[1, 128, 768]","[1, 128, 768]",1214.89,0.0,0.375,cpu_perf_counter,cpu
42,encoder.layer.4.attention.output.LayerNorm,LayerNorm,0.0226,0.375,491520.0,1536,0,44,0.0232,analytic,"[1, 128, 768]","[1, 128, 768]",1214.89,0.0,0.375,cpu_perf_counter,cpu
42,encoder.layer.4.intermediate.dense,Linear,1.6482,1.5,603979776.0,2362368,0,45,1.6488,counter,"[1, 128, 768]","[1, 128, 3072]",1214.89,0.0,1.5,cpu_perf_counter,cpu
42,encoder.layer.4.intermediate.intermediate_act_fn,GELUActivation,0.1321,1.5,0.0,0,0,46,0.1327,none,"[1, 128, 3072]","[1, 128, 3072]",1214.89,0.0,1.5,cpu_perf_counter,cpu
42,encoder.layer.4.output.dense,Linear,1.8581,0.375,603979776.0,2360064,0,47,1.8587,counter,"[1, 128, 3072]","[1, 128, 768]",1214.89,0.0,0.375,cpu_perf_counter,cpu
42,encoder.layer.4.output.LayerNorm,LayerNorm,0.0416,0.375,491520.0,1536,0,48,0.0422,analytic,"[1, 128, 768]","[1, 128, 768]",1214.89,0.0,0.375,cpu_perf_counter,cpu
42,encoder.layer.5.attention.self.query,Linear,0.417,0.375,150994944.0,590592,0,49,0.4176,counter,"[1, 128, 768]","[1, 128, 768]",1214.89,0.0,0.375,cpu_perf_counter,cpu
42,encoder.layer.5.attention.self.key,Linear,0.3832,0.375,150994944.0,590592,0,50,0.3838,counter,"[1, 128, 768]","[1, 128, 768]",1214.89,0.0,0.375,cpu_perf_counter,cpu
42,encoder.layer.5.attention.self.value,Linear,0.3956,0.375,150994944.0,590592,0,51,0.3962,counter,"[1, 128, 768]","[1, 128, 768]",1214.89,0.0,0.375,cpu_perf_counter,cpu
42,encoder.layer.5.attention.output.dense,Linear,0.3988,0.375,150994944.0,590592,0,52,0.3994,counter,"[1, 128, 768]","[1, 128, 768]",1214.89,0.0,0.375,cpu_perf_counter,cpu
42,encoder.layer.5.attention.output.LayerNorm,LayerNorm,0.0286,0.375,491520.0,1536,0,53,0.0292,analytic,"[1, 128, 768]","[1, 128, 768]",1214.89,0.0,0.375,cpu_perf_counter,cpu
42,encoder.layer.5.intermediate.dense,Linear,1.8073,1.5,603979776.0,2362368,0,54,1.8079,counter,"[1, 128, 768]","[1, 128, 3072]",1214.89,0.0,1.5,cpu_perf_counter,cpu
42,encoder.layer.5.intermediate.intermediate_act_fn,GELUActivation,0.1385,1.5,0.0,0,0,55,0.1391,none,"[1, 128, 3072]","[1, 128, 3072]",1214.89,0.0,1.5,cpu_perf_counter,cpu
42,encoder.layer.5.output.dense,Linear,1.8382,0.375,603979776.0,2360064,0,56,1.8388,counter,"[1, 128, 3072]","[1, 128, 768]",1214.89,0.0,0.375,cpu_perf_counter,cpu
42,encoder.layer.5.output.LayerNorm,LayerNorm,0.045,0.375,491520.0,1536,0,57,0.0456,analytic,"[1, 128, 768]","[1, 128, 768]",1214.89,0.0,0.375,cpu_perf_counter,cpu
42,encoder.layer.6.attention.self.query,Linear,0.4064,0.375,150994944.0,590592,0,58,0.407,counter,"[1, 128, 768]","[1, 128, 768]",1214.89,0.0,0.375,cpu_perf_counter,cpu
42,encoder.layer.6.attention.self.key,Linear,0.3918,0.375,150994944.0,590592,0,59,0.3924,counter,"[1, 128, 768]","[1, 128, 768]",1214.89,0.0,0.375,cpu_perf_counter,cpu
42,encoder.layer.6.attention.self.value,Linear,0.3777,0.375,150994944.0,590592,0,60,0.3783,counter,"[1, 128, 768]","[1, 128, 768]",1214.89,0.0,0.375,cpu_perf_counter,cpu
42,encoder.layer.6.attention.output.dense,Linear,0.3961,0.375,150994944.0,590592,0,61,0.3967,counter,"[1, 128, 768]","[1, 128, 768]",1214.89,0.0,0.375,cpu_perf_counter,cpu
42,encoder.layer.6.attention.output.LayerNorm,LayerNorm,0.027,0.375,491520.0,1536,0,62,0.0276,analytic,"[1, 128, 768]","[1, 128, 768]",1214.89,0.0,0.375,cpu_perf_counter,cpu
42,encoder.layer.6.intermediate.dense,Linear,1.751,1.5,603979776.0,2362368,0,63,1.7516,counter,"[1, 128, 768]","[1, 128, 3072]",1214.89,0.0,1.5,cpu_perf_counter,cpu
42,encoder.layer.6.intermediate.intermediate_act_fn,GELUActivation,0.1468,1.5,0.0,0,0,64,0.1474,none,"[1, 128, 3072]","[1, 128, 3072]",1214.89,0.0,1.5,cpu_perf_counter,cpu
42,encoder.layer.6.output.dense,Linear,1.8703,0.375,603979776.0,2360064,0,65,1.8709,counter,"[1, 128, 3072]","[1, 128, 768]",1214.89,0.0,0.375,cpu_perf_counter,cpu
42,encoder.layer.6.output.LayerNorm,LayerNorm,0.0421,0.375,491520.0,1536,0,66,0.0427,analytic,"[1, 128, 768]","[1, 128, 768]",1214.89,0.0,0.375,cpu_perf_counter,cpu
42,encoder.layer.7.attention.self.query,Linear,0.3919,0.375,150994944.0,590592,0,67,0.3925,counter,"[1, 128, 768]","[1, 128, 768]",1214.89,0.0,0.375,cpu_perf_counter,cpu
42,encoder.layer.7.attention.self.key,Linear,0.373,0.375,150994944.0,590592,0,68,0.3736,counter,"[1, 128, 768]","[1, 128, 768]",1214.89,0.0,0.375,cpu_perf_counter,cpu
42,encoder.layer.7.attention.self.value,Linear,0.3866,0.375,150994944.0,590592,0,69,0.3872,counter,"[1, 128, 768]","[1, 128, 768]",1214.89,0.0,0.375,cpu_perf_counter,cpu
42,encoder.layer.7.attention.output.dense,Linear,0.4006,0.375,150994944.0,590592,0,70,0.4012,counter,"[1, 128, 768]","[1, 128, 768]",1214.89,0.0,0.375,cpu_perf_counter,cpu
42,encoder.layer.7.attention.output.LayerNorm,LayerNorm,0.0312,0.375,491520.0,1536,0,71,0.0318,analytic,"[1, 128, 768]","[1, 128, 768]",1214.89,0.0,0.375,cpu_perf_counter,cpu
42,encoder.layer.7.intermediate.dense,Linear,1.7304,1.5,603979776.0,2362368,0,72,1.731,counter,"[1, 128, 768]","[1, 128, 3072]",1214.89,0.0,1.5,cpu_perf_counter,cpu
42,encoder.layer.7.intermediate.intermediate_act_fn,GELUActivation,0.1273,1.5,0.0,0,0,73,0.1279,none,"[1, 128, 3072]","[1, 128, 3072]",1214.89,0.0,1.5,cpu_perf_counter,cpu
42,encoder.layer.7.output.dense,Linear,1.6495,0.375,603979776.0,2360064,0,74,1.6501,counter,"[1, 128, 3072]","[1, 128, 768]",1214.89,0.0,0.375,cpu_perf_counter,cpu
42,encoder.layer.7.output.LayerNorm,LayerNorm,0.0407,0.375,491520.0,1536,0,75,0.0413,analytic,"[1, 128, 768]","[1, 128, 768]",1214.89,0.0,0.375,cpu_perf_counter,cpu
42,encoder.layer.8.attention.self.query,Linear,0.396,0.375,150994944.0,590592,0,76,0.3966,counter,"[1, 128, 768]","[1, 128, 768]",1214.89,0.0,0.375,cpu_perf_counter,cpu
42,encoder.layer.8.attention.self.key,Linear,0.3752,0.375,150994944.0,590592,0,77,0.3758,counter,"[1, 128, 768]","[1, 128, 768]",1214.89,0.0,0.375,cpu_perf_counter,cpu
42,encoder.layer.8.attention.self.value,Linear,0.3767,0.375,150994944.0,590592,0,78,0.3773,counter,"[1, 128, 768]","[1, 128, 768]",1214.89,0.0,0.375,cpu_perf_counter,cpu
42,encoder.layer.8.attention.output.dense,Linear,0.3825,0.375,150994944.0,590592,0,79,0.3831,counter,"[1, 128, 768]","[1, 128, 768]",1214.89,0.0,0.375,cpu_perf_counter,cpu
42,encoder.layer.8.attention.output.LayerNorm,LayerNorm,0.0258,0.375,491520.0,1536,0,80,0.0264,analytic,"[1, 128, 768]","[1, 128, 768]",1214.89,0.0,0.375,cpu_perf_counter,cpu
42,encoder.layer.8.intermediate.dense,Linear,1.7512,1.5,603979776.0,2362368,0,81,1.7518,counter,"[1, 128, 768]","[1, 128, 3072]",1214.89,0.0,1.5,cpu_perf_counter,cpu
42,encoder.layer.8.intermediate.intermediate_act_fn,GELUActivation,0.1264,1.5,0.0,0,0,82,0.127,none,"[1, 128, 3072]","[1, 128, 3072]",1214.89,0.0,1.5,cpu_perf_counter,cpu
42,encoder.layer.8.output.dense,Linear,1.6209,0.375,603979776.0,2360064,0,83,1.6215,counter,"[1, 128, 3072]","[1, 128, 768]",1214.89,0.0,0.375,cpu_perf_counter,cpu
42,encoder.layer.8.output.LayerNorm,LayerNorm,0.0391,0.375,491520.0,1536,0,84,0.0397,analytic,"[1, 128, 768]","[1, 128, 768]",1214.89,0.0,0.375,cpu_perf_counter,cpu
42,encoder.layer.9.attention.self.query,Linear,0.3974,0.375,150994944.0,590592,0,85,0.398,counter,"[1, 128, 768]","[1, 128, 768]",1214.89,0.0,0.375,cpu_perf_counter,cpu
42,encoder.layer.9.attention.self.key,Linear,0.3798,0.375,150994944.0,590592,0,86,0.3804,counter,"[1, 128, 768]","[1, 128, 768]",1214.89,0.0,0.375,cpu_perf_counter,cpu
42,encoder.layer.9.attention.self.value,Linear,0.3765,0.375,150994944.0,590592,0,87,0.3771,counter,"[1, 128, 768]","[1, 128, 768]",1214.89,0.0,0.375,cpu_perf_counter,cpu
42,encoder.layer.9.attention.output.dense,Linear,0.3822,0.375,150994944.0,590592,0,88,0.3828,counter,"[1, 128, 768]","[1, 128, 768]",1214.89,0.0,0.375,cpu_perf_counter,cpu
42,encoder.layer.9.attention.output.LayerNorm,LayerNorm,0.0272,0.375,491520.0,1536,0,89,0.0278,analytic,"[1, 128, 768]","[1, 128, 768]",1214.89,0.0,0.375,cpu_perf_counter,cpu
42,encoder.layer.9.intermediate.dense,Linear,1.7136,1.5,603979776.0,2362368,0,90,1.7142,counter,"[1, 128, 768]","[1, 128, 3072]",1214.89,0.0,1.5,cpu_perf_counter,cpu
42,encoder.layer.9.intermediate.intermediate_act_fn,GELUActivation,0.1247,1.5,0.0,0,0,91,0.1253,none,"[1, 128, 3072]","[1, 128, 3072]",1214.89,0.0,1.5,cpu_perf_counter,cpu
42,encoder.layer.9.output.dense,Linear,1.4589,0.375,603979776.0,2360064,0,92,1.4595,counter,"[1, 128, 3072]","[1, 128, 768]",1214.89,0.0,0.375,cpu_perf_counter,cpu
42,encoder.layer.9.output.LayerNorm,LayerNorm,0.0387,0.375,491520.0,1536,0,93,0.0393,analytic,"[1, 128, 768]","[1, 128, 768]",1214.89,0.0,0.375,cpu_perf_counter,cpu
42,encoder.layer.10.attention.self.query,Linear,0.3689,0.375,150994944.0,590592,0,94,0.3695,counter,"[1, 128, 768]","[1, 128, 768]",1214.89,0.0,0.375,cpu_perf_counter,cpu
42,encoder.layer.10.attention.self.key,Linear,0.3657,0.375,150994944.0,590592,0,95,0.3663,counter,"[1, 128, 768]","[1, 128, 768]",1214.89,0.0,0.375,cpu_perf_counter,cpu
42,encoder.layer.10.attention.self.value,Linear,0.3652,0.375,150994944.0,590592,0,96,0.3658,counter,"[1, 128, 768]","[1, 128, 768]",1214.89,0.0,0.375,cpu_perf_counter,cpu
42,encoder.layer.10.attention.output.dense,Linear,0.3895,0.375,150994944.0,590592,0,97,0.3901,counter,"[1, 128, 768]","[1, 128, 768]",1214.89,0.0,0.375,cpu_perf_counter,cpu
42,encoder.layer.10.attention.output.LayerNorm,LayerNorm,0.0302,0.375,491520.0,1536,0,98,0.0308,analytic,"[1, 128, 768]","[1, 128, 768]",1214.89,0.0,0.375,cpu_perf_counter,cpu
42,encoder.layer.10.intermediate.dense,Linear,1.696,1.5,603979776.0,2362368,0,99,1.6966,counter,"[1, 128, 768]","[1, 128, 3072]",1214.89,0.0,1.5,cpu_perf_counter,cpu
42,encoder.layer.10.intermediate.intermediate_act_fn,GELUActivation,0.1334,1.5,0.0,0,0,100,0.134,none,"[1, 128, 3072]","[1, 128, 3072]",1214.89,0.0,1.5,cpu_perf_counter,cpu
42,encoder.layer.10.output.dense,Linear,1.4999,0.375,603979776.0,2360064,0,101,1.5005,counter,"[1, 128, 3072]","[1, 128, 768]",1214.89,0.0,0.375,cpu_perf_counter,cpu
42,encoder.layer.10.output.LayerNorm,LayerNorm,0.0412,0.375,491520.0,1536,0,102,0.0418,analytic,"[1, 128, 768]","[1, 128, 768]",1214.89,0.0,0.375,cpu_perf_counter,cpu
42,encoder.layer.11.attention.self.query,Linear,0.3845,0.375,150994944.0,590592,0,103,0.3851,counter,"[1, 128, 768]","[1, 128, 768]",1214.89,0.0,0.375,cpu_perf_counter,cpu
42,encoder.layer.11.attention.self.key,Linear,0.367,0.375,150994944.0,590592,0,104,0.3676,counter,"[1, 128, 768]","[1, 128, 768]",1214.89,0.0,0.375,cpu_perf_counter,cpu
42,encoder.layer.11.attention.self.value,Linear,0.375,0.375,150994944.0,590592,0,105,0.3756,counter,"[1, 128, 768]","[1, 128, 768]",1214.89,0.0,0.375,cpu_perf_counter,cpu
42,encoder.layer.11.attention.output.dense,Linear,0.406,0.375,150994944.0,590592,0,106,0.4066,counter,"[1, 128, 768]","[1, 128, 768]",1214.89,0.0,0.375,cpu_perf_counter,cpu
42,encoder.layer.11.attention.output.LayerNorm,LayerNorm,0.0299,0.375,491520.0,1536,0,107,0.0305,analytic,"[1, 128, 768]","[1, 128, 768]",1214.89,0.0,0.375,cpu_perf_counter,cpu
42,encoder.layer.11.intermediate.dense,Linear,1.785,1.5,603979776.0,2362368,0,108,1.7856,counter,"[1, 128, 768]","[1, 128, 3072]",1214.89,0.0,1.5,cpu_perf_counter,cpu
42,encoder.layer.11.intermediate.intermediate_act_fn,GELUActivation,0.126,1.5,0.0,0,0,109,0.1266,none,"[1, 128, 3072]","[1, 128, 3072]",1214.89,0.0,1.5,cpu_perf_counter,cpu
42,encoder.layer.11.output.dense,Linear,1.4561,0.375,603979776.0,2360064,0,110,1.4567,counter,"[1, 128, 3072]","[1, 128, 768]",1214.89,0.0,0.375,cpu_perf_counter,cpu
42,encoder.layer.11.output.LayerNorm,LayerNorm,0.0367,0.375,491520.0,1536,0,111,0.0373,analytic,"[1, 128, 768]","[1, 128, 768]",1214.89,0.0,0.375,cpu_perf_counter,cpu
42,pooler.dense,Linear,0.1314,0.00293,1179648.0,590592,0,112,0.132,counter,"[1, 768]","[1, 768]",1214.89,0.0,0.003,cpu_perf_counter,cpu
42,pooler.activation,Tanh,0.0159,0.00293,3072.0,0,0,113,0.0165,analytic,"[1, 768]","[1, 768]",1214.89,0.0,0.003,cpu_perf_counter,cpu
43,embeddings.word_embeddings,Embedding,0.0491,0.375,0.0,23440896,0,0,0.0497,none,"[1, 128]","[1, 128, 768]",1214.89,0.0,0.375,cpu_perf_counter,cpu
43,embeddings.token_type_embeddings,Embedding,0.0195,0.375,0.0,1536,0,1,0.0201,none,"[1, 128]","[1, 128, 768]",1214.89,0.0,0.375,cpu_perf_counter,cpu
43,embeddings.position_embeddings,Embedding,0.0194,0.375,0.0,393216,0,2,0.02,none,"[1, 128]","[1, 128, 768]",1214.89,0.0,0.375,cpu_perf_counter,cpu
43,embeddings.LayerNorm,LayerNorm,0.0234,0.375,491520.0,1536,0,3,0.024,analytic,"[1, 128, 768]","[1, 128, 768]",1214.89,0.0,0.375,cpu_perf_counter,cpu
43,encoder.layer.0.attention.self.query,Linear,0.3803,0.375,150994944.0,590592,0,4,0.3809,counter,"[1, 128, 768]","[1, 128, 768]",1214.89,0.0,0.375,cpu_perf_counter,cpu
43,encoder.layer.0.attention.self.key,Linear,0.3575,0.375,150994944.0,590592,0,5,0.3581,counter,"[1, 128, 768]","[1, 128, 768]",1214.89,0.0,0.375,cpu_perf_counter,cpu
43,encoder.layer.0.attention.self.value,Linear,0.3697,0.375,150994944.0,590592,0,6,0.3703,counter,"[1, 128, 768]","[1, 128, 768]",1214.89,0.0,0.375,cpu_perf_counter,cpu
43,encoder.layer.0.attention.output.dense,Linear,0.3703,0.375,150994944.0,590592,0,7,0.3709,counter,"[1, 128, 768]","[1, 128, 768]",1214.89,0.0,0.375,cpu_perf_counter,cpu
43,encoder.layer.0.attention.output.LayerNorm,LayerNorm,0.0316,0.375,491520.0,1536,0,8,0.0322,analytic,"[1, 128, 768]","[1, 128, 768]",1214.89,0.0,0.375,cpu_perf_counter,cpu
43,encoder.layer.0.intermediate.dense,Linear,1.7392,1.5,603979776.0,2362368,0,9,1.7398,counter,"[1, 128, 768]","[1, 128, 3072]",1214.89,0.0,1.5,cpu_perf_counter,cpu
43,encoder.layer.0.intermediate.intermediate_act_fn,GELUActivation,0.1285,1.5,0.0,0,0,10,0.1291,none,"[1, 128, 3072]","[1, 128, 3072]",1214.89,0.0,1.5,cpu_perf_counter,cpu
43,encoder.layer.0.output.dense,Linear,1.479,0.375,603979776.0,2360064,0,11,1.4796,counter,"[1, 128, 3072]","[1, 128, 768]",1214.89,0.0,0.375,cpu_perf_counter,cpu
43,encoder.layer.0.output.LayerNorm,LayerNorm,0.0403,0.375,491520.0,1536,0,12,0.0409,analytic,"[1, 128, 768]","[1, 128, 768]",1214.89,0.0,0.375,cpu_perf_counter,cpu
43,encoder.layer.1.attention.self.query,Linear,0.4141,0.375,150994944.0,590592,0,13,0.4147,counter,"[1, 128, 768]","[1, 128, 768]",1214.89,0.0,0.375,cpu_perf_counter,cpu
43,encoder.layer.1.attention.self.key,Linear,0.3688,0.375,150994944.0,590592,0,14,0.3694,counter,"[1, 128, 768]","[1, 128, 768]",1214.89,0.0,0.375,cpu_perf_counter,cpu
43,encoder.layer.1.attention.self.value,Linear,0.3819,0.375,150994944.0,590592,0,15,0.3825,counter,"[1, 128, 768]","[1, 128, 768]",1214.89,0.0,0.375,cpu_perf_counter,cpu
43,encoder.layer.1.attention.output.dense,Linear,0.3895,0.375,150994944.0,590592,0,16,0.3901,counter,"[1, 128, 768]","[1, 128, 768]",1214.89,0.0,0.375,cpu_perf_counter,cpu
43,encoder.layer.1.attention.output.LayerNorm,LayerNorm,0.0367,0.375,491520.0,1536,0,17,0.0373,analytic,"[1, 128, 768]","[1, 128, 768]",1214.89,0.0,0.375,cpu_perf_counter,cpu
43,encoder.layer.1.intermediate.dense,Linear,1.6573,1.5,603979776.0,2362368,0,18,1.6579,counter,"[1, 128, 768]","[1, 128, 3072]",1214.89,0.0,1.5,cpu_perf_counter,cpu
43,encoder.layer.1.intermediate.intermediate_act_fn,GELUActivation,0.1297,1.5,0.0,0,0,19,0.1303,none,"[1, 128, 3072]","[1, 128, 3072]",1214.89,0.0,1.5,cpu_perf_counter,cpu
43,encoder.layer.1.output.dense,Linear,1.5695,0.375,603979776.0,2360064,0,20,1.5701,counter,"[1, 128, 3072]","[1, 128, 768]",1214.89,0.0,0.375,cpu_perf_counter,cpu
43,encoder.layer.1.output.LayerNorm,LayerNorm,0.0402,0.375,491520.0,1536,0,21,0.0408,analytic,"[1, 128, 768]","[1, 128, 768]",1214.89,0.0,0.375,cpu_perf_counter,cpu
43,encoder.layer.2.attention.self.query,Linear,0.3761,0.375,150994944.0,590592,0,22,0.3767,counter,"[1, 128, 768]","[1, 128, 768]",1214.89,0.0,0.375,cpu_perf_counter,cpu
43,encoder.layer.2.attention.self.key,Linear,0.3693,0.375,150994944.0,590592,0,23,0.3699,counter,"[1, 128, 768]","[1, 128, 768]",1214.89,0.0,0.375,cpu_perf_counter,cpu
43,encoder.layer.2.attention.self.value,Linear,0.3574,0.375,150994944.0,590592,0,24,0.358,counter,"[1, 128, 768]","[1, 128, 768]",1214.89,0.0,0.375,cpu_perf_counter,cpu
43,encoder.layer.2.attention.output.dense,Linear,0.3701,0.375,150994944.0,590592,0,25,0.3707,counter,"[1, 128, 768]","[1, 128, 768]",1214.89,0.0,0.375,cpu_perf_counter,cpu
43,encoder.layer.2.attention.output.LayerNorm,LayerNorm,0.0276,0.375,491520.0,1536,0,26,0.0282,analytic,"[1, 128, 768]","[1, 128, 768]",1214.89,0.0,0.375,cpu_perf_counter,cpu
43,encoder.layer.2.intermediate.dense,Linear,1.6267,1.5,603979776.0,2362368,0,27,1.6273,counter,"[1, 128, 768]","[1, 128, 3072]",1214.89,0.0,1.5,cpu_perf_counter,cpu
43,encoder.layer.2.intermediate.intermediate_act_fn,GELUActivation,0.1228,1.5,0.0,0,0,28,0.1234,none,"[1, 128, 3072]","[1, 128, 3072]",1214.89,0.0,1.5,cpu_perf_counter,cpu
43,encoder.layer.2.output.dense,Linear,1.4553,0.375,603979776.0,2360064,0,29,1.4559,counter,"[1, 128, 3072]","[1, 128, 768]",1214.89,0.0,0.375,cpu_perf_counter,cpu
43,encoder.layer.2.output.LayerNorm,LayerNorm,0.0402,0.375,491520.0,1536,0,30,0.0408,analytic,"[1, 128, 768]","[1, 128, 768]",1214.89,0.0,0.375,cpu_perf_counter,cpu
43,encoder.layer.3.attention.self.query,Linear,0.4136,0.375,150994944.0,590592,0,31,0.4142,counter,"[1, 128, 768]","[1, 128, 768]",1214.89,0.0,0.375,cpu_perf_counter,cpu
43,encoder.layer.3.attention.self.key,Linear,0.3606,0.375,150994944.0,590592,0,32,0.3612,counter,"[1, 128, 768]","[1, 128, 768]",1214.89,0.0,0.375,cpu_perf_counter,cpu
43,encoder.layer.3.attention.self.value,Linear,0.3721,0.375,150994944.0,590592,0,33,0.3727,counter,"[1, 128, 768]","[1, 128, 768]",1214.89,0.0,0.375,cpu_perf_counter,cpu
43,encoder.layer.3.attention.output.dense,Linear,0.3662,0.375,150994944.0,590592,0,34,0.3668,counter,"[1, 128, 768]","[1, 128, 768]",1214.89,0.0,0.375,cpu_perf_counter,cpu
43,encoder.layer.3.attention.output.LayerNorm,LayerNorm,0.0265,0.375,491520.0,1536,0,35,0.0271,analytic,"[1, 128, 768]","[1, 128, 768]",1214.89,0.0,0.375,cpu_perf_counter,cpu
43,encoder.layer.3.intermediate.dense,Linear,1.704,1.5,603979776.0,2362368,0,36,1.7046,counter,"[1, 128, 768]","[1, 128, 3072]",1214.89,0.0,1.5,cpu_perf_counter,cpu
43,encoder.layer.3.intermediate.intermediate_act_fn,GELUActivation,0.1256,1.5,0.0,0,0,37,0.1262,none,"[1, 128, 3072]","[1, 128, 3072]",1214.89,0.0,1.5,cpu_perf_counter,cpu
43,encoder.layer.3.output.dense,Linear,1.5157,0.375,603979776.0,2360064,0,38,1.5163,counter,"[1, 128, 3072]","[1, 128, 768]",1214.89,0.0,0.375,cpu_perf_counter,cpu
43,encoder.layer.3.output.LayerNorm,LayerNorm,0.0406,0.375,491520.0,1536,0,39,0.0412,analytic,"[1, 128, 768]","[1, 128, 768]",1214.89,0.0,0.375,cpu_perf_counter,cpu
43,encoder.layer.4.attention.self.query,Linear,0.3776,0.375,150994944.0,590592,0,40,0.3782,counter,"[1, 128, 768]","[1, 128, 768]",1214.89,0.0,0.375,cpu_perf_counter,cpu
43,encoder.layer.4.attention.self.key,Linear,0.3926,0.375,150994944.0,590592,0,41,0.3932,counter,"[1, 128, 768]","[1, 128, 768]",1214.89,0.0,0.375,cpu_perf_counter,cpu
43,encoder.layer.4.attention.self.value,Linear,0.3794,0.375,150994944.0,590592,0,42,0.38,counter,"[1, 128, 768]","[1, 128, 768]",1214.89,0.0,0.375,cpu_perf_counter,cpu
43,encoder.layer.4.attention.output.dense,Linear,0.3739,0.375,150994944.0,590592,0,43,0.3745,counter,"[1, 128, 768]","[1, 128, 768]",1214.89,0.0,0.375,cpu_perf_counter,cpu
43,encoder.layer.4.attention.output.LayerNorm,LayerNorm,0.0238,0.375,491520.0,1536,0,44,0.0244,analytic,"[1, 128, 768]","[1, 128, 768]",1214.89,0.0,0.375,cpu_perf_counter,cpu
43,encoder.layer.4.intermediate.dense,Linear,1.6201,1.5,603979776.0,2362368,0,45,1.6207,counter,"[1, 128, 768]","[1, 128, 3072]",1214.89,0.0,1.5,cpu_perf_counter,cpu
43,encoder.layer.4.intermediate.intermediate_act_fn,GELUActivation,0.1216,1.5,0.0,0,0,46,0.1222,none,"[1, 128, 3072]","[1, 128, 3072]",1214.89,0.0,1.5,cpu_perf_counter,cpu
43,encoder.layer.4.output.dense,Linear,1.5254,0.375,603979776.0,2360064,0,47,1.526,counter,"[1, 128, 3072]","[1, 128, 768]",1214.89,0.0,0.375,cpu_perf_counter,cpu
43,encoder.layer.4.output.LayerNorm,LayerNorm,0.0408,0.375,491520.0,1536,0,48,0.0414,analytic,"[1, 128, 768]","[1, 128, 768]",1214.89,0.0,0.375,cpu_perf_counter,cpu
43,encoder.layer.5.attention.self.query,Linear,0.3868,0.375,150994944.0,590592,0,49,0.3874,counter,"[1, 128, 768]","[1, 128, 768]",1214.89,0.0,0.375,cpu_perf_counter,cpu
43,encoder.layer.5.attention.self.key,Linear,0.3637,0.375,150994944.0,590592,0,50,0.3643,counter,"[1, 128, 768]","[1, 128, 768]",1214.89,0.0,0.375,cpu_perf_counter,cpu
43,encoder.layer.5.attention.self.value,Linear,0.3682,0.375,150994944.0,590592,0,51,0.3688,counter,"[1, 128, 768]","[1, 128, 768]",1214.89,0.0,0.375,cpu_perf_counter,cpu
43,encoder.layer.5.attention.output.dense,Linear,0.3728,0.375,150994944.0,590592,0,52,0.3734,counter,"[1, 128, 768]","[1, 128, 768]",1214.89,0.0,0.375,cpu_perf_counter,cpu
43,encoder.layer.5.attention.output.LayerNorm,LayerNorm,0.0289,0.375,491520.0,1536,0,53,0.0295,analytic,"[1, 128, 768]","[1, 128, 768]",1214.89,0.0,0.375,cpu_perf_counter,cpu
43,encoder.layer.5.intermediate.dense,Linear,1.6688,1.5,603979776.0,2362368,0,54,1.6694,counter,"[1, 128, 768]","[1, 128, 3072]",1214.89,0.0,1.5,cpu_perf_counter,cpu
43,encoder.layer.5.intermediate.intermediate_act_fn,GELUActivation,0.1269,1.5,0.0,0,0,55,0.1275,none,"[1, 128, 3072]","[1, 128, 3072]",1214.89,0.0,1.5,cpu_perf_counter,cpu
43,encoder.layer.5.output.dense,Linear,1.5026,0.375,603979776.0,2360064,0,56,1.5032,counter,"[1, 128, 3072]","[1, 128, 768]",1214.89,0.0,0.375,cpu_perf_counter,cpu
43,encoder.layer.5.output.LayerNorm,LayerNorm,0.0399,0.375,491520.0,1536,0,57,0.0405,analytic,"[1, 128, 768]","[1, 128, 768]",1214.89,0.0,0.375,cpu_perf_counter,cpu
43,encoder.layer.6.attention.self.query,Linear,0.3683,0.375,150994944.0,590592,0,58,0.3689,counter,"[1, 128, 768]","[1, 128, 768]",1214.89,0.0,0.375,cpu_perf_counter,cpu
43,encoder.layer.6.attention.self.key,Linear,0.3716,0.375,150994944.0,590592,0,59,0.3722,counter,"[1, 128, 768]","[1, 128, 768]",1214.89,0.0,0.375,cpu_perf_counter,cpu
43,encoder.layer.6.attention.self.value,Linear,0.3604,0.375,150994944.0,590592,0,60,0.361,counter,"[1, 128, 768]","[1, 128, 768]",1214.89,0.0,0.375,cpu_perf_counter,cpu
43,encoder.layer.6.attention.output.dense,Linear,0.374,0.375,150994944.0,590592,0,61,0.3746,counter,"[1, 128, 768]","[1, 128, 768]",1214.89,0.0,0.375,cpu_perf_counter,cpu
43,encoder.layer.6.attention.output.LayerNorm,LayerNorm,0.0254,0.375,491520.0,1536,0,62,0.026,analytic,"[1, 128, 768]","[1, 128, 768]",1214.89,0.0,0.375,cpu_perf_counter,cpu
43,encoder.layer.6.intermediate.dense,Linear,1.6604,1.5,603979776.0,2362368,0,63,1.661,counter,"[1, 128, 768]","[1, 128, 3072]",1214.89,0.0,1.5,cpu_perf_counter,cpu
43,encoder.layer.6.intermediate.intermediate_act_fn,GELUActivation,0.1327,1.5,0.0,0,0,64,0.1333,none,"[1, 128, 3072]","[1, 128, 3072]",1214.89,0.0,1.5,cpu_perf_counter,cpu
43,encoder.layer.6.output.dense,Linear,1.4434,0.375,603979776.0,2360064,0,65,1.444,counter,"[1, 128, 3072]","[1, 128, 768]",1214.89,0.0,0.375,cpu_perf_counter,cpu
43,encoder.layer.6.output.LayerNorm,LayerNorm,0.0433,0.375,491520.0,1536,0,66,0.0439,analytic,"[1, 128, 768]","[1, 128, 768]",1214.89,0.0,0.375,cpu_perf_counter,cpu
43,encoder.layer.7.attention.self.query,Linear,0.3874,0.375,150994944.0,590592,0,67,0.388,counter,"[1, 128, 768]","[1, 128, 768]",1214.89,0.0,0.375,cpu_perf_counter,cpu
43,encoder.layer.7.attention.self.key,Linear,0.3677,0.375,150994944.0,590592,0,68,0.3683,counter,"[1, 128, 768]","[1, 128, 768]",1214.89,0.0,0.375,cpu_perf_counter,cpu
43,encoder.layer.7.attention.self.value,Linear,0.379,0.375,150994944.0,590592,0,69,0.3796,counter,"[1, 128, 768]","[1, 128, 768]",1214.89,0.0,0.375,cpu_perf_counter,cpu
43,encoder.layer.7.attention.output.dense,Linear,0.3852,0.375,150994944.0,590592,0,70,0.3858,counter,"[1, 128, 768]","[1, 128, 768]",1214.89,0.0,0.375,cpu_perf_counter,cpu
43,encoder.layer.7.attention.output.LayerNorm,LayerNorm,0.0272,0.375,491520.0,1536,0,71,0.0278,analytic,"[1, 128, 768]","[1, 128, 768]",1214.89,0.0,0.375,cpu_perf_counter,cpu
43,encoder.layer.7.intermediate.dense,Linear,1.643,1.5,603979776.0,2362368,0,72,1.6436,counter,"[1, 128, 768]","[1, 128, 3072]",1214.89,0.0,1.5,cpu_perf_counter,cpu
43,encoder.layer.7.intermediate.intermediate_act_fn,GELUActivation,0.1249,1.5,0.0,0,0,73,0.1255,none,"[1, 128, 3072]","[1, 128, 3072]",1214.89,0.0,1.5,cpu_perf_counter,cpu
43,encoder.layer.7.output.dense,Linear,1.496,0.375,603979776.0,2360064,0,74,1.4966,counter,"[1, 128, 3072]","[1, 128, 768]",1214.89,0.0,0.375,cpu_perf_counter,cpu
43,encoder.layer.7.output.LayerNorm,LayerNorm,0.0392,0.375,491520.0,1536,0,75,0.0398,analytic,"[1, 128, 768]","[1, 128, 768]",1214.89,0.0,0.375,cpu_perf_counter,cpu
43,encoder.layer.8.attention.self.query,Linear,0.3795,0.375,150994944.0,590592,0,76,0.3801,counter,"[1, 128, 768]","[1, 128, 768]",1214.89,0.0,0.375,cpu_perf_counter,cpu
43,encoder.layer.8.attention.self.key,Linear,0.3765,0.375,150994944.0,590592,0,77,0.3771,counter,"[1, 128, 768]","[1, 128, 768]",1214.89,0.0,0.375,cpu_perf_counter,cpu
43,encoder.layer.8.attention.self.value,Linear,0.3725,0.375,150994944.0,590592,0,78,0.3731,counter,"[1, 128, 768]","[1, 128, 768]",1214.89,0.0,0.375,cpu_perf_counter,cpu
43,encoder.layer.8.attention.output.dense,Linear,0.3702,0.375,150994944.0,590592,0,79,0.3708,counter,"[1, 128, 768]","[1, 128, 768]",1214.89,0.0,0.375,cpu_perf_counter,cpu
43,encoder.layer.8.attention.output.LayerNorm,LayerNorm,0.0247,0.375,491520.0,1536,0,80,0.0253,analytic,"[1, 128, 768]","[1, 128, 768]",1214.89,0.0,0.375,cpu_perf_counter,cpu
43,encoder.layer.8.intermediate.dense,Linear,1.7968,1.5,603979776.0,2362368,0,81,1.7974,counter,"[1, 128, 768]","[1, 128, 3072]",1214.89,0.0,1.5,cpu_perf_counter,cpu
43,encoder.layer.8.intermediate.intermediate_act_fn,GELUActivation,0.1698,1.5,0.0,0,0,82,0.1704,none,"[1, 128, 3072]","[1, 128, 3072]",1214.89,0.0,1.5,cpu_perf_counter,cpu
43,encoder.layer.8.output.dense,Linear,1.1472,0.375,603979776.0,2360064,0,83,1.1478,counter,"[1, 128, 3072]","[1, 128, 768]",1214.89,0.0,0.375,cpu_perf_counter,cpu
43,encoder.layer.8.output.LayerNorm,LayerNorm,0.0419,0.375,491520.0,1536,0,84,0.0425,analytic,"[1, 128, 768]","[1, 128, 768]",1214.89,0.0,0.375,cpu_perf_counter,cpu
43,encoder.layer.9.attention.self.query,Linear,0.2724,0.375,150994944.0,590592,0,85,0.273,counter,"[1, 128, 768]","[1, 128, 768]",1214.89,0.0,0.375,cpu_perf_counter,cpu
43,encoder.layer.9.attention.self.key,Linear,0.3817,0.375,150994944.0,590592,0,86,0.3823,counter,"[1, 128, 768]","[1, 128, 768]",1214.89,0.0,0.375,cpu_perf_counter,cpu
43,encoder.layer.9.attention.self.value,Linear,0.3774,0.375,150994944.0,590592,0,87,0.378,counter,"[1, 128, 768]","[1, 128, 768]",1214.89,0.0,0.375,cpu_perf_counter,cpu
43,encoder.layer.9.attention.output.dense,Linear,0.3848,0.375,150994944.0,590592,0,88,0.3854,counter,"[1, 128, 768]","[1, 128, 768]",1214.89,0.0,0.375,cpu_perf_counter,cpu
43,encoder.layer.9.attention.output.LayerNorm,LayerNorm,0.033,0.375,491520.0,1536,0,89,0.0336,analytic,"[1, 128, 768]","[1, 128, 768]",1214.89,0.0,0.375,cpu_perf_counter,cpu
43,encoder.layer.9.intermediate.dense,Linear,1.8653,1.5,603979776.0,2362368,0,90,1.8659,counter,"[1, 128, 768]","[1, 128, 3072]",1214.89,0.0,1.5,cpu_perf_counter,cpu
43,encoder.layer.9.intermediate.intermediate_act_fn,GELUActivation,0.148,1.5,0.0,0,0,91,0.1486,none,"[1, 128, 3072]","[1, 128, 3072]",1214.89,0.0,1.5,cpu_perf_counter,cpu
43,encoder.layer.9.output.dense,Linear,1.4737,0.375,603979776.0,2360064,0,92,1.4743,counter,"[1, 128, 3072]","[1, 128, 768]",1214.89,0.0,0.375,cpu_perf_counter,cpu
43,encoder.layer.9.output.LayerNorm,LayerNorm,0.0525,0.375,491520.0,1536,0,93,0.0531,analytic,"[1, 128, 768]","[1, 128, 768]",1214.89,0.0,0.375,cpu_perf_counter,cpu
43,encoder.layer.10.attention.self.query,Linear,0.3952,0.375,150994944.0,590592,0,94,0.3958,counter,"[1, 128, 768]","[1, 128, 768]",1214.89,0.0,0.375,cpu_perf_counter,cpu
43,encoder.layer.10.attention.self.key,Linear,0.3828,0.375,150994944.0,590592,0,95,0.3834,counter,"[1, 128, 768]","[1, 128, 768]",1214.89,0.0,0.375,cpu_perf_counter,cpu
43,encoder.layer.10.attention.self.value,Linear,0.377,0.375,150994944.0,590592,0,96,0.3776,counter,"[1, 128, 768]","[1, 128, 768]",1214.89,0.0,0.375,cpu_perf_counter,cpu
43,encoder.layer.10.attention.output.dense,Linear,0.3749,0.375,150994944.0,590592,0,97,0.3755,counter,"[1, 128, 768]","[1, 128, 768]",1214.89,0.0,0.375,cpu_perf_counter,cpu
43,encoder.layer.10.attention.output.LayerNorm,LayerNorm,0.032,0.375,491520.0,1536,0,98,0.0326,analytic,"[1, 128, 768]","[1, 128, 768]",1214.89,0.0,0.375,cpu_perf_counter,cpu
43,encoder.layer.10.intermediate.dense,Linear,1.7642,1.5,603979776.0,2362368,0,99,1.7648,counter,"[1, 128, 768]","[1, 128, 3072]",1214.89,0.0,1.5,cpu_perf_counter,cpu
43,encoder.layer.10.intermediate.intermediate_act_fn,GELUActivation,0.1433,1.5,0.0,0,0,100,0.1439,none,"[1, 128, 3072]","[1, 128, 3072]",1214.89,0.0,1.5,cpu_perf_counter,cpu
43,encoder.layer.10.output.dense,Linear,1.4954,0.375,603979776.0,2360064,0,101,1.496,counter,"[1, 128, 3072]","[1, 128, 768]",1214.89,0.0,0.375,cpu_perf_counter,cpu
43,encoder.layer.10.output.LayerNorm,LayerNorm,0.0423,0.375,491520.0,1536,0,102,0.0429,analytic,"[1, 128, 768]","[1, 128, 768]",1214.89,0.0,0.375,cpu_perf_counter,cpu
43,encoder.layer.11.attention.self.query,Linear,0.3859,0.375,150994944.0,590592,0,103,0.3865,counter,"[1, 128, 768]","[1, 128, 768]",1214.89,0.0,0.375,cpu_perf_counter,cpu
43,encoder.layer.11.attention.self.key,Linear,0.3755,0.375,150994944.0,590592,0,104,0.3761,counter,"[1, 128, 768]","[1, 128, 768]",1214.89,0.0,0.375,cpu_perf_counter,cpu
43,encoder.layer.11.attention.self.value,Linear,0.3729,0.375,150994944.0,590592,0,105,0.3735,counter,"[1, 128, 768]","[1, 128, 768]",1214.89,0.0,0.375,cpu_perf_counter,cpu
43,encoder.layer.11.attention.output.dense,Linear,0.3777,0.375,150994944.0,590592,0,106,0.3783,counter,"[1, 128, 768]","[1, 128, 768]",1214.89,0.0,0.375,cpu_perf_counter,cpu
43,encoder.layer.11.attention.output.LayerNorm,LayerNorm,0.0311,0.375,491520.0,1536,0,107,0.0317,analytic,"[1, 128, 768]","[1, 128, 768]",1214.89,0.0,0.375,cpu_perf_counter,cpu
43,encoder.layer.11.intermediate.dense,Linear,1.7811,1.5,603979776.0,2362368,0,108,1.7817,counter,"[1, 128, 768]","[1, 128, 3072]",1214.89,0.0,1.5,cpu_perf_counter,cpu
43,encoder.layer.11.intermediate.intermediate_act_fn,GELUActivation,0.1369,1.5,0.0,0,0,109,0.1375,none,"[1, 128, 3072]","[1, 128, 3072]",1214.89,0.0,1.5,cpu_perf_counter,cpu
43,encoder.layer.11.output.dense,Linear,1.5,0.375,603979776.0,2360064,0,110,1.5006,counter,"[1, 128, 3072]","[1, 128, 768]",1214.89,0.0,0.375,cpu_perf_counter,cpu
43,encoder.layer.11.output.LayerNorm,LayerNorm,0.0432,0.375,491520.0,1536,0,111,0.0438,analytic,"[1, 128, 768]","[1, 128, 768]",1214.89,0.0,0.375,cpu_perf_counter,cpu
43,pooler.dense,Linear,0.1234,0.00293,1179648.0,590592,0,112,0.124,counter,"[1, 768]","[1, 768]",1214.89,0.0,0.003,cpu_perf_counter,cpu
43,pooler.activation,Tanh,0.0167,0.00293,3072.0,0,0,113,0.0173,analytic,"[1, 768]","[1, 768]",1214.89,0.0,0.003,cpu_perf_counter,cpu
44,embeddings.word_embeddings,Embedding,0.0504,0.375,0.0,23440896,0,0,0.051,none,"[1, 128]","[1, 128, 768]",1214.89,0.0,0.375,cpu_perf_counter,cpu
44,embeddings.token_type_embeddings,Embedding,0.022,0.375,0.0,1536,0,1,0.0226,none,"[1, 128]","[1, 128, 768]",1214.89,0.0,0.375,cpu_perf_counter,cpu
44,embeddings.position_embeddings,Embedding,0.027,0.375,0.0,393216,0,2,0.0276,none,"[1, 128]","[1, 128, 768]",1214.89,0.0,0.375,cpu_perf_counter,cpu
44,embeddings.LayerNorm,LayerNorm,0.0266,0.375,491520.0,1536,0,3,0.0272,analytic,"[1, 128, 768]","[1, 128, 768]",1214.89,0.0,0.375,cpu_perf_counter,cpu
44,encoder.layer.0.attention.self.query,Linear,0.3668,0.375,150994944.0,590592,0,4,0.3674,counter,"[1, 128, 768]","[1, 128, 768]",1214.89,0.0,0.375,cpu_perf_counter,cpu
44,encoder.layer.0.attention.self.key,Linear,0.3533,0.375,150994944.0,590592,0,5,0.3539,counter,"[1, 128, 768]","[1, 128, 768]",1214.89,0.0,0.375,cpu_perf_counter,cpu
44,encoder.layer.0.attention.self.value,Linear,0.3688,0.375,150994944.0,590592,0,6,0.3694,counter,"[1, 128, 768]","[1, 128, 768]",1214.89,0.0,0.375,cpu_perf_counter,cpu
44,encoder.layer.0.attention.output.dense,Linear,0.3865,0.375,150994944.0,590592,0,7,0.3871,counter,"[1, 128, 768]","[1, 128, 768]",1214.89,0.0,0.375,cpu_perf_counter,cpu
44,encoder.layer.0.attention.output.LayerNorm,LayerNorm,0.0292,0.375,491520.0,1536,0,8,0.0298,analytic,"[1, 128, 768]","[1, 128, 768]",1214.89,0.0,0.375,cpu_perf_counter,cpu
44,encoder.layer.0.intermediate.dense,Linear,1.7525,1.5,603979776.0,2362368,0,9,1.7531,counter,"[1, 128, 768]","[1, 128, 3072]",1214.89,0.0,1.5,cpu_perf_counter,cpu
44,encoder.layer.0.intermediate.intermediate_act_fn,GELUActivation,0.147,1.5,0.0,0,0,10,0.1476,none,"[1, 128, 3072]","[1, 128, 3072]",1214.89,0.0,1.5,cpu_perf_counter,cpu
44,encoder.layer.0.output.dense,Linear,1.4622,0.375,603979776.0,2360064,0,11,1.4628,counter,"[1, 128, 3072]","[1, 128, 768]",1214.89,0.0,0.375,cpu_perf_counter,cpu
44,encoder.layer.0.output.LayerNorm,LayerNorm,0.0472,0.375,491520.0,1536,0,12,0.0478,analytic,"[1, 128, 768]","[1, 128, 768]",1214.89,0.0,0.375,cpu_perf_counter,cpu
44,encoder.layer.1.attention.self.query,Linear,0.4295,0.375,150994944.0,590592,0,13,0.4301,counter,"[1, 128, 768]","[1, 128, 768]",1214.89,0.0,0.375,cpu_perf_counter,cpu
44,encoder.layer.1.attention.self.key,Linear,0.3741,0.375,150994944.0,590592,0,14,0.3747,counter,"[1, 128, 768]","[1, 128, 768]",1214.89,0.0,0.375,cpu_perf_counter,cpu
44,encoder.layer.1.attention.self.value,Linear,0.3719,0.375,150994944.0,590592,0,15,0.3725,counter,"[1, 128, 768]","[1, 128, 768]",1214.89,0.0,0.375,cpu_perf_counter,cpu
44,encoder.layer.1.attention.output.dense,Linear,0.3858,0.375,150994944.0,590592,0,16,0.3864,counter,"[1, 128, 768]","[1, 128, 768]",1214.89,0.0,0.375,cpu_perf_counter,cpu
44,encoder.layer.1.attention.output.LayerNorm,LayerNorm,0.0317,0.375,491520.0,1536,0,17,0.0323,analytic,"[1, 128, 768]","[1, 128, 768]",1214.89,0.0,0.375,cpu_perf_counter,cpu
44,encoder.layer.1.intermediate.dense,Linear,1.703,1.5,603979776.0,2362368,0,18,1.7036,counter,"[1, 128, 768]","[1, 128, 3072]",1214.89,0.0,1.5,cpu_perf_counter,cpu
44,encoder.layer.1.intermediate.intermediate_act_fn,GELUActivation,0.143,1.5,0.0,0,0,19,0.1436,none,"[1, 128, 3072]","[1, 128, 3072]",1214.89,0.0,1.5,cpu_perf_counter,cpu
44,encoder.layer.1.output.dense,Linear,1.4618,0.375,603979776.0,2360064,0,20,1.4624,counter,"[1, 128, 3072]","[1, 128, 768]",1214.89,0.0,0.375,cpu_perf_counter,cpu
44,encoder.layer.1.output.LayerNorm,LayerNorm,0.0496,0.375,491520.0,1536,0,21,0.0502,analytic,"[1, 128, 768]","[1, 128, 768]",1214.89,0.0,0.375,cpu_perf_counter,cpu
44,encoder.layer.2.attention.self.query,Linear,0.3921,0.375,150994944.0,590592,0,22,0.3927,counter,"[1, 128, 768]","[1, 128, 768]",1214.89,0.0,0.375,cpu_perf_counter,cpu
44,encoder.layer.2.attention.self.key,Linear,0.3848,0.375,150994944.0,590592,0,23,0.3854,counter,"[1, 128, 768]","[1, 128, 768]",1214.89,0.0,0.375,cpu_perf_counter,cpu
44,encoder.layer.2.attention.self.value,Linear,0.3751,0.375,150994944.0,590592,0,24,0.3757,counter,"[1, 128, 768]","[1, 128, 768]",1214.89,0.0,0.375,cpu_perf_counter,cpu
44,encoder.layer.2.attention.output.dense,Linear,0.3903,0.375,150994944.0,590592,0,25,0.3909,counter,"[1, 128, 768]","[1, 128, 768]",1214.89,0.0,0.375,cpu_perf_counter,cpu
44,encoder.layer.2.attention.output.LayerNorm,LayerNorm,0.0418,0.375,491520.0,1536,0,26,0.0424,analytic,"[1, 128, 768]","[1, 128, 768]",1214.89,0.0,0.375,cpu_perf_counter,cpu
44,encoder.layer.2.intermediate.dense,Linear,1.7489,1.5,603979776.0,2362368,0,27,1.7495,counter,"[1, 128, 768]","[1, 128, 3072]",1214.89,0.0,1.5,cpu_perf_counter,cpu
44,encoder.layer.2.intermediate.intermediate_act_fn,GELUActivation,0.1492,1.5,0.0,0,0,28,0.1498,none,"[1, 128, 3072]","[1, 128, 3072]",1214.89,0.0,1.5,cpu_perf_counter,cpu
44,encoder.layer.2.output.dense,Linear,1.4929,0.375,603979776.0,2360064,0,29,1.4935,counter,"[1, 128, 3072]","[1, 128, 768]",1214.89,0.0,0.375,cpu_perf_counter,cpu
44,encoder.layer.2.output.LayerNorm,LayerNorm,0.0497,0.375,491520.0,1536,0,30,0.0503,analytic,"[1, 128, 768]","[1, 128, 768]",1214.89,0.0,0.375,cpu_perf_counter,cpu
44,encoder.layer.3.attention.self.query,Linear,0.4231,0.375,150994944.0,590592,0,31,0.4237,counter,"[1, 128, 768]","[1, 128, 768]",1214.89,0.0,0.375,cpu_perf_counter,cpu
44,encoder.layer.3.attention.self.key,Linear,0.3695,0.375,150994944.0,590592,0,32,0.3701,counter,"[1, 128, 768]","[1, 128, 768]",1214.89,0.0,0.375,cpu_perf_counter,cpu
44,encoder.layer.3.attention.self.value,Linear,0.3826,0.375,150994944.0,590592,0,33,0.3832,counter,"[1, 128, 768]","[1, 128, 768]",1214.89,0.0,0.375,cpu_perf_counter,cpu
44,encoder.layer.3.attention.output.dense,Linear,0.3815,0.375,150994944.0,590592,0,34,0.3821,counter,"[1, 128, 768]","[1, 128, 768]",1214.89,0.0,0.375,cpu_perf_counter,cpu
44,encoder.layer.3.attention.output.LayerNorm,LayerNorm,0.032,0.375,491520.0,1536,0,35,0.0326,analytic,"[1, 128, 768]","[1, 128, 768]",1214.89,0.0,0.375,cpu_perf_counter,cpu
44,encoder.layer.3.intermediate.dense,Linear,1.8317,1.5,603979776.0,2362368,0,36,1.8323,counter,"[1, 128, 768]","[1, 128, 3072]",1214.89,0.0,1.5,cpu_perf_counter,cpu
44,encoder.layer.3.intermediate.intermediate_act_fn,GELUActivation,0.1577,1.5,0.0,0,0,37,0.1583,none,"[1, 128, 3072]","[1, 128, 3072]",1214.89,0.0,1.5,cpu_perf_counter,cpu
44,encoder.layer.3.output.dense,Linear,1.4925,0.375,603979776.0,2360064,0,38,1.4931,counter,"[1, 128, 3072]","[1, 128, 768]",1214.89,0.0,0.375,cpu_perf_counter,cpu
44,encoder.layer.3.output.LayerNorm,LayerNorm,0.0562,0.375,491520.0,1536,0,39,0.0568,analytic,"[1, 128, 768]","[1, 128, 768]",1214.89,0.0,0.375,cpu_perf_counter,cpu
44,encoder.layer.4.attention.self.query,Linear,0.3819,0.375,150994944.0,590592,0,40,0.3825,counter,"[1, 128, 768]","[1, 128, 768]",1214.89,0.0,0.375,cpu_perf_counter,cpu
44,encoder.layer.4.attention.self.key,Linear,0.4074,0.375,150994944.0,590592,0,41,0.408,counter,"[1, 128, 768]","[1, 128, 768]",1214.89,0.0,0.375,cpu_perf_counter,cpu
44,encoder.layer.4.attention.self.value,Linear,0.39,0.375,150994944.0,590592,0,42,0.3906,counter,"[1, 128, 768]","[1, 128, 768]",1214.89,0.0,0.375,cpu_perf_counter,cpu
44,encoder.layer.4.attention.output.dense,Linear,0.3812,0.375,150994944.0,590592,0,43,0.3818,counter,"[1, 128, 768]","[1, 128, 768]",1214.89,0.0,0.375,cpu_perf_counter,cpu
44,encoder.layer.4.attention.output.LayerNorm,LayerNorm,0.0285,0.375,491520.0,1536,0,44,0.0291,analytic,"[1, 128, 768]","[1, 128, 768]",1214.89,0.0,0.375,cpu_perf_counter,cpu
44,encoder.layer.4.intermediate.dense,Linear,1.7252,1.5,603979776.0,2362368,0,45,1.7258,counter,"[1, 128, 768]","[1, 128, 3072]",1214.89,0.0,1.5,cpu_perf_counter,cpu
44,encoder.layer.4.intermediate.intermediate_act_fn,GELUActivation,0.1403,1.5,0.0,0,0,46,0.1409,none,"[1, 128, 3072]","[1, 128, 3072]",1214.89,0.0,1.5,cpu_perf_counter,cpu
44,encoder.layer.4.output.dense,Linear,1.4681,0.375,603979776.0,2360064,0,47,1.4687,counter,"[1, 128, 3072]","[1, 128, 768]",1214.89,0.0,0.375,cpu_perf_counter,cpu
44,encoder.layer.4.output.LayerNorm,LayerNorm,0.0465,0.375,491520.0,1536,0,48,0.0471,analytic,"[1, 128, 768]","[1, 128, 768]",1214.89,0.0,0.375,cpu_perf_counter,cpu
44,encoder.layer.5.attention.self.query,Linear,0.3909,0.375,150994944.0,590592,0,49,0.3915,counter,"[1, 128, 768]","[1, 128, 768]",1214.89,0.0,0.375,cpu_perf_counter,cpu
44,encoder.layer.5.attention.self.key,Linear,0.3657,0.375,150994944.0,590592,0,50,0.3663,counter,"[1, 128, 768]","[1, 128, 768]",1214.89,0.0,0.375,cpu_perf_counter,cpu
44,encoder.layer.5.attention.self.value,Linear,0.3713,0.375,150994944.0,590592,0,51,0.3719,counter,"[1, 128, 768]","[1, 128, 768]",1214.89,0.0,0.375,cpu_perf_counter,cpu
44,encoder.layer.5.attention.output.dense,Linear,0.3945,0.375,150994944.0,590592,0,52,0.3951,counter,"[1, 128, 768]","[1, 128, 768]",1214.89,0.0,0.375,cpu_perf_counter,cpu
44,encoder.layer.5.attention.output.LayerNorm,LayerNorm,0.0353,0.375,491520.0,1536,0,53,0.0359,analytic,"[1, 128, 768]","[1, 128, 768]",1214.89,0.0,0.375,cpu_perf_counter,cpu
44,encoder.layer.5.intermediate.dense,Linear,1.8602,1.5,603979776.0,2362368,0,54,1.8608,counter,"[1, 128, 768]","[1, 128, 3072]",1214.89,0.0,1.5,cpu_perf_counter,cpu
44,encoder.layer.5.intermediate.intermediate_act_fn,GELUActivation,0.151,1.5,0.0,0,0,55,0.1516,none,"[1, 128, 3072]","[1, 128, 3072]",1214.89,0.0,1.5,cpu_perf_counter,cpu
44,encoder.layer.5.output.dense,Linear,1.4747,0.375,603979776.0,2360064,0,56,1.4753,counter,"[1, 128, 3072]","[1, 128, 768]",1214.89,0.0,0.375,cpu_perf_counter,cpu
44,encoder.layer.5.output.LayerNorm,LayerNorm,0.046,0.375,491520.0,1536,0,57,0.0466,analytic,"[1, 128, 768]","[1, 128, 768]",1214.89,0.0,0.375,cpu_perf_counter,cpu
44,encoder.layer.6.attention.self.query,Linear,0.3854,0.375,150994944.0,590592,0,58,0.386,counter,"[1, 128, 768]","[1, 128, 768]",1214.89,0.0,0.375,cpu_perf_counter,cpu
44,encoder.layer.6.attention.self.key,Linear,0.3769,0.375,150994944.0,590592,0,59,0.3775,counter,"[1, 128, 768]","[1, 128, 768]",1214.89,0.0,0.375,cpu_perf_counter,cpu
44,encoder.layer.6.attention.self.value,Linear,0.3793,0.375,150994944.0,590592,0,60,0.3799,counter,"[1, 128, 768]","[1, 128, 768]",1214.89,0.0,0.375,cpu_perf_counter,cpu
44,encoder.layer.6.attention.output.dense,Linear,0.3924,0.375,150994944.0,590592,0,61,0.393,counter,"[1, 128, 768]","[1, 128, 768]",1214.89,0.0,0.375,cpu_perf_counter,cpu
44,encoder.layer.6.attention.output.LayerNorm,LayerNorm,0.0371,0.375,491520.0,1536,0,62,0.0377,analytic,"[1, 128, 768]","[1, 128, 768]",1214.89,0.0,0.375,cpu_perf_counter,cpu
44,encoder.layer.6.intermediate.dense,Linear,1.7751,1.5,603979776.0,2362368,0,63,1.7757,counter,"[1, 128, 768]","[1, 128, 3072]",1214.89,0.0,1.5,cpu_perf_counter,cpu
44,encoder.layer.6.intermediate.intermediate_act_fn,GELUActivation,0.1431,1.5,0.0,0,0,64,0.1437,none,"[1, 128, 3072]","[1, 128, 3072]",1214.89,0.0,1.5,cpu_perf_counter,cpu
44,encoder.layer.6.output.dense,Linear,1.4727,0.375,603979776.0,2360064,0,65,1.4733,counter,"[1, 128, 3072]","[1, 128, 768]",1214.89,0.0,0.375,cpu_perf_counter,cpu
44,encoder.layer.6.output.LayerNorm,LayerNorm,0.0453,0.375,491520.0,1536,0,66,0.0459,analytic,"[1, 128, 768]","[1, 128, 768]",1214.89,0.0,0.375,cpu_perf_counter,cpu
44,encoder.layer.7.attention.self.query,Linear,0.3991,0.375,150994944.0,590592,0,67,0.3997,counter,"[1, 128, 768]","[1, 128, 768]",1214.89,0.0,0.375,cpu_perf_counter,cpu
44,encoder.layer.7.attention.self.key,Linear,0.3788,0.375,150994944.0,590592,0,68,0.3794,counter,"[1, 128, 768]","[1, 128, 768]",1214.89,0.0,0.375,cpu_perf_counter,cpu
44,encoder.layer.7.attention.self.value,Linear,0.3772,0.375,150994944.0,590592,0,69,0.3778,counter,"[1, 128, 768]","[1, 128, 768]",1214.89,0.0,0.375,cpu_perf_counter,cpu
44,encoder.layer.7.attention.output.dense,Linear,0.3882,0.375,150994944.0,590592,0,70,0.3888,counter,"[1, 128, 768]","[1, 128, 768]",1214.89,0.0,0.375,cpu_perf_counter,cpu
44,encoder.layer.7.attention.output.LayerNorm,LayerNorm,0.0323,0.375,491520.0,1536,0,71,0.0329,analytic,"[1, 128, 768]","[1, 128, 768]",1214.89,0.0,0.375,cpu_perf_counter,cpu
44,encoder.layer.7.intermediate.dense,Linear,1.8597,1.5,603979776.0,2362368,0,72,1.8603,counter,"[1, 128, 768]","[1, 128, 3072]",1214.89,0.0,1.5,cpu_perf_counter,cpu
44,encoder.layer.7.intermediate.intermediate_act_fn,GELUActivation,0.1542,1.5,0.0,0,0,73,0.1548,none,"[1, 128, 3072]","[1, 128, 3072]",1214.89,0.0,1.5,cpu_perf_counter,cpu
44,encoder.layer.7.output.dense,Linear,1.4521,0.375,603979776.0,2360064,0,74,1.4527,counter,"[1, 128, 3072]","[1, 128, 768]",1214.89,0.0,0.375,cpu_perf_counter,cpu
44,encoder.layer.7.output.LayerNorm,LayerNorm,0.046,0.375,491520.0,1536,0,75,0.0466,analytic,"[1, 128, 768]","[1, 128, 768]",1214.89,0.0,0.375,cpu_perf_counter,cpu
44,encoder.layer.8.attention.self.query,Linear,0.3824,0.375,150994944.0,590592,0,76,0.383,counter,"[1, 128, 768]","[1, 128, 768]",1214.89,0.0,0.375,cpu_perf_counter,cpu
44,encoder.layer.8.attention.self.key,Linear,0.3993,0.375,150994944.0,590592,0,77,0.3999,counter,"[1, 128, 768]","[1, 128, 768]",1214.89,0.0,0.375,cpu_perf_counter,cpu
44,encoder.layer.8.attention.self.value,Linear,0.3743,0.375,150994944.0,590592,0,78,0.3749,counter,"[1, 128, 768]","[1, 128, 768]",1214.89,0.0,0.375,cpu_perf_counter,cpu
44,encoder.layer.8.attention.output.dense,Linear,0.3992,0.375,150994944.0,590592,0,79,0.3998,counter,"[1, 128, 768]","[1, 128, 768]",1214.89,0.0,0.375,cpu_perf_counter,cpu
44,encoder.layer.8.attention.output.LayerNorm,LayerNorm,0.0379,0.375,491520.0,1536,0,80,0.0385,analytic,"[1, 128, 768]","[1, 128, 768]",1214.89,0.0,0.375,cpu_perf_counter,cpu
44,encoder.layer.8.intermediate.dense,Linear,1.7884,1.5,603979776.0,2362368,0,81,1.789,counter,"[1, 128, 768]","[1, 128, 3072]",1214.89,0.0,1.5,cpu_perf_counter,cpu
44,encoder.layer.8.intermediate.intermediate_act_fn,GELUActivation,0.143,1.5,0.0,0,0,82,0.1436,none,"[1, 128, 3072]","[1, 128, 3072]",1214.89,0.0,1.5,cpu_perf_counter,cpu
44,encoder.layer.8.output.dense,Linear,1.4939,0.375,603979776.0,2360064,0,83,1.4945,counter,"[1, 128, 3072]","[1, 128, 768]",1214.89,0.0,0.375,cpu_perf_counter,cpu
44,encoder.layer.8.output.LayerNorm,LayerNorm,0.0456,0.375,491520.0,1536,0,84,0.0462,analytic,"[1, 128, 768]","[1, 128, 768]",1214.89,0.0,0.375,cpu_perf_counter,cpu
44,encoder.layer.9.attention.self.query,Linear,0.3931,0.375,150994944.0,590592,0,85,0.3937,counter,"[1, 128, 768]","[1, 128, 768]",1214.89,0.0,0.375,cpu_perf_counter,cpu
44,encoder.layer.9.attention.self.key,Linear,0.3792,0.375,150994944.0,590592,0,86,0.3798,counter,"[1, 128, 768]","[1, 128, 768]",1214.89,0.0,0.375,cpu_perf_counter,cpu
44,encoder.layer.9.attention.self.value,Linear,0.3765,0.375,150994944.0,590592,0,87,0.3771,counter,"[1, 128, 768]","[1, 128, 768]",1214.89,0.0,0.375,cpu_perf_counter,cpu
44,encoder.layer.9.attention.output.dense,Linear,0.3868,0.375,150994944.0,590592,0,88,0.3874,counter,"[1, 128, 768]","[1, 128, 768]",1214.89,0.0,0.375,cpu_perf_counter,cpu
44,encoder.layer.9.attention.output.LayerNorm,LayerNorm,0.0327,0.375,491520.0,1536,0,89,0.0333,analytic,"[1, 128, 768]","[1, 128, 768]",1214.89,0.0,0.375,cpu_perf_counter,cpu
44,encoder.layer.9.intermediate.dense,Linear,1.8801,1.5,603979776.0,2362368,0,90,1.8807,counter,"[1, 128, 768]","[1, 128, 3072]",1214.89,0.0,1.5,cpu_perf_counter,cpu
44,encoder.layer.9.intermediate.intermediate_act_fn,GELUActivation,0.1476,1.5,0.0,0,0,91,0.1482,none,"[1, 128, 3072]","[1, 128, 3072]",1214.89,0.0,1.5,cpu_perf_counter,cpu
44,encoder.layer.9.output.dense,Linear,1.4446,0.375,603979776.0,2360064,0,92,1.4452,counter,"[1, 128, 3072]","[1, 128, 768]",1214.89,0.0,0.375,cpu_perf_counter,cpu
44,encoder.layer.9.output.LayerNorm,LayerNorm,0.0458,0.375,491520.0,1536,0,93,0.0464,analytic,"[1, 128, 768]","[1, 128, 768]",1214.89,0.0,0.375,cpu_perf_counter,cpu
44,encoder.layer.10.attention.self.query,Linear,0.3772,0.375,150994944.0,590592,0,94,0.3778,counter,"[1, 128, 768]","[1, 128, 768]",1214.89,0.0,0.375,cpu_perf_counter,cpu
44,encoder.layer.10.attention.self.key,Linear,0.3691,0.375,150994944.0,590592,0,95,0.3697,counter,"[1, 128, 768]","[1, 128, 768]",1214.89,0.0,0.375,cpu_perf_counter,cpu
44,encoder.layer.10.attention.self.value,Linear,0.3679,0.375,150994944.0,590592,0,96,0.3685,counter,"[1, 128, 768]","[1, 128, 768]",1214.89,0.0,0.375,cpu_perf_counter,cpu
44,encoder.layer.10.attention.output.dense,Linear,0.3812,0.375,150994944.0,590592,0,97,0.3818,counter,"[1, 128, 768]","[1, 128, 768]",1214.89,0.0,0.375,cpu_perf_counter,cpu
44,encoder.layer.10.attention.output.LayerNorm,LayerNorm,0.0313,0.375,491520.0,1536,0,98,0.0319,analytic,"[1, 128, 768]","[1, 128, 768]",1214.89,0.0,0.375,cpu_perf_counter,cpu
44,encoder.layer.10.intermediate.dense,Linear,1.8333,1.5,603979776.0,2362368,0,99,1.8339,counter,"[1, 128, 768]","[1, 128, 3072]",1214.89,0.0,1.5,cpu_perf_counter,cpu
44,encoder.layer.10.intermediate.intermediate_act_fn,GELUActivation,0.1464,1.5,0.0,0,0,100,0.147,none,"[1, 128, 3072]","[1, 128, 3072]",1214.89,0.0,1.5,cpu_perf_counter,cpu
44,encoder.layer.10.output.dense,Linear,1.492,0.375,603979776.0,2360064,0,101,1.4926,counter,"[1, 128, 3072]","[1, 128, 768]",1214.89,0.0,0.375,cpu_perf_counter,cpu
44,encoder.layer.10.output.LayerNorm,LayerNorm,0.0442,0.375,491520.0,1536,0,102,0.0448,analytic,"[1, 128, 768]","[1, 128, 768]",1214.89,0.0,0.375,cpu_perf_counter,cpu
44,encoder.layer.11.attention.self.query,Linear,0.3845,0.375,150994944.0,590592,0,103,0.3851,counter,"[1, 128, 768]","[1, 128, 768]",1214.89,0.0,0.375,cpu_perf_counter,cpu
44,encoder.layer.11.attention.self.key,Linear,0.3796,0.375,150994944.0,590592,0,104,0.3802,counter,"[1, 128, 768]","[1, 128, 768]",1214.89,0.0,0.375,cpu_perf_counter,cpu
44,encoder.layer.11.attention.self.value,Linear,0.3754,0.375,150994944.0,590592,0,105,0.376,counter,"[1, 128, 768]","[1, 128, 768]",1214.89,0.0,0.375,cpu_perf_counter,cpu
44,encoder.layer.11.attention.output.dense,Linear,0.3815,0.375,150994944.0,590592,0,106,0.3821,counter,"[1, 128, 768]","[1, 128, 768]",1214.89,0.0,0.375,cpu_perf_counter,cpu
44,encoder.layer.11.attention.output.LayerNorm,LayerNorm,0.0318,0.375,491520.0,1536,0,107,0.0324,analytic,"[1, 128, 768]","[1, 128, 768]",1214.89,0.0,0.375,cpu_perf_counter,cpu
44,encoder.layer.11.intermediate.dense,Linear,1.7744,1.5,603979776.0,2362368,0,108,1.775,counter,"[1, 128, 768]","[1, 128, 3072]",1214.89,0.0,1.5,cpu_perf_counter,cpu
44,encoder.layer.11.intermediate.intermediate_act_fn,GELUActivation,0.1379,1.5,0.0,0,0,109,0.1385,none,"[1, 128, 3072]","[1, 128, 3072]",1214.89,0.0,1.5,cpu_perf_counter,cpu
44,encoder.layer.11.output.dense,Linear,1.4866,0.375,603979776.0,2360064,0,110,1.4872,counter,"[1, 128, 3072]","[1, 128, 768]",1214.89,0.0,0.375,cpu_perf_counter,cpu
44,encoder.layer.11.output.LayerNorm,LayerNorm,0.0531,0.375,491520.0,1536,0,111,0.0537,analytic,"[1, 128, 768]","[1, 128, 768]",1214.89,0.0,0.375,cpu_perf_counter,cpu
44,pooler.dense,Linear,0.1237,0.00293,1179648.0,590592,0,112,0.1243,counter,"[1, 768]","[1, 768]",1214.89,0.0,0.003,cpu_perf_counter,cpu
44,pooler.activation,Tanh,0.0166,0.00293,3072.0,0,0,113,0.0172,analytic,"[1, 768]","[1, 768]",1214.89,0.0,0.003,cpu_perf_counter,cpu
45,embeddings.word_embeddings,Embedding,0.0501,0.375,0.0,23440896,0,0,0.0507,none,"[1, 128]","[1, 128, 768]",1214.89,0.0,0.375,cpu_perf_counter,cpu
45,embeddings.token_type_embeddings,Embedding,0.0218,0.375,0.0,1536,0,1,0.0224,none,"[1, 128]","[1, 128, 768]",1214.89,0.0,0.375,cpu_perf_counter,cpu
45,embeddings.position_embeddings,Embedding,0.0272,0.375,0.0,393216,0,2,0.0278,none,"[1, 128]","[1, 128, 768]",1214.89,0.0,0.375,cpu_perf_counter,cpu
45,embeddings.LayerNorm,LayerNorm,0.0275,0.375,491520.0,1536,0,3,0.0281,analytic,"[1, 128, 768]","[1, 128, 768]",1214.89,0.0,0.375,cpu_perf_counter,cpu
45,encoder.layer.0.attention.self.query,Linear,0.3783,0.375,150994944.0,590592,0,4,0.3789,counter,"[1, 128, 768]","[1, 128, 768]",1214.89,0.0,0.375,cpu_perf_counter,cpu
45,encoder.layer.0.attention.self.key,Linear,0.3551,0.375,150994944.0,590592,0,5,0.3557,counter,"[1, 128, 768]","[1, 128, 768]",1214.89,0.0,0.375,cpu_perf_counter,cpu
45,encoder.layer.0.attention.self.value,Linear,0.3758,0.375,150994944.0,590592,0,6,0.3764,counter,"[1, 128, 768]","[1, 128, 768]",1214.89,0.0,0.375,cpu_perf_counter,cpu
45,encoder.layer.0.attention.output.dense,Linear,0.3822,0.375,150994944.0,590592,0,7,0.3828,counter,"[1, 128, 768]","[1, 128, 768]",1214.89,0.0,0.375,cpu_perf_counter,cpu
45,encoder.layer.0.attention.output.LayerNorm,LayerNorm,0.0294,0.375,491520.0,1536,0,8,0.03,analytic,"[1, 128, 768]","[1, 128, 768]",1214.89,0.0,0.375,cpu_perf_counter,cpu
45,encoder.layer.0.intermediate.dense,Linear,1.737,1.5,603979776.0,2362368,0,9,1.7376,counter,"[1, 128, 768]","[1, 128, 3072]",1214.89,0.0,1.5,cpu_perf_counter,cpu
45,encoder.layer.0.intermediate.intermediate_act_fn,GELUActivation,0.1466,1.5,0.0,0,0,10,0.1472,none,"[1, 128, 3072]","[1, 128, 3072]",1214.89,0.0,1.5,cpu_perf_counter,cpu
45,encoder.layer.0.output.dense,Linear,1.4547,0.375,603979776.0,2360064,0,11,1.4553,counter,"[1, 128, 3072]","[1, 128, 768]",1214.89,0.0,0.375,cpu_perf_counter,cpu
45,encoder.layer.0.output.LayerNorm,LayerNorm,0.0465,0.375,491520.0,1536,0,12,0.0471,analytic,"[1, 128, 768]","[1, 128, 768]",1214.89,0.0,0.375,cpu_perf_counter,cpu
45,encoder.layer.1.attention.self.query,Linear,0.4526,0.375,150994944.0,590592,0,13,0.4532,counter,"[1, 128, 768]","[1, 128, 768]",1214.89,0.0,0.375,cpu_perf_counter,cpu
45,encoder.layer.1.attention.self.key,Linear,0.3826,0.375,150994944.0,590592,0,14,0.3832,counter,"[1, 128, 768]","[1, 128, 768]",1214.89,0.0,0.375,cpu_perf_counter,cpu
45,encoder.layer.1.attention.self.value,Linear,0.3726,0.375,150994944.0,590592,0,15,0.3732,counter,"[1, 128, 768]","[1, 128, 768]",1214.89,0.0,0.375,cpu_perf_counter,cpu
45,encoder.layer.1.attention.output.dense,Linear,0.4084,0.375,150994944.0,590592,0,16,0.409,counter,"[1, 128, 768]","[1, 128, 768]",1214.89,0.0,0.375,cpu_perf_counter,cpu
45,encoder.layer.1.attention.output.LayerNorm,LayerNorm,0.0318,0.375,491520.0,1536,0,17,0.0324,analytic,"[1, 128, 768]","[1, 128, 768]",1214.89,0.0,0.375,cpu_perf_counter,cpu
45,encoder.layer.1.intermediate.dense,Linear,1.89,1.5,603979776.0,2362368,0,18,1.8906,counter,"[1, 128, 768]","[1, 128, 3072]",1214.89,0.0,1.5,cpu_perf_counter,cpu
45,encoder.layer.1.intermediate.intermediate_act_fn,GELUActivation,0.1547,1.5,0.0,0,0,19,0.1553,none,"[1, 128, 3072]","[1, 128, 3072]",1214.89,0.0,1.5,cpu_perf_counter,cpu
45,encoder.layer.1.output.dense,Linear,1.6172,0.375,603979776.0,2360064,0,20,1.6178,counter,"[1, 128, 3072]","[1, 128, 768]",1214.89,0.0,0.375,cpu_perf_counter,cpu
45,encoder.layer.1.output.LayerNorm,LayerNorm,0.0458,0.375,491520.0,1536,0,21,0.0464,analytic,"[1, 128, 768]","[1, 128, 768]",1214.89,0.0,0.375,cpu_perf_counter,cpu
45,encoder.layer.2.attention.self.query,Linear,0.3949,0.375,150994944.0,590592,0,22,0.3955,counter,"[1, 128, 768]","[1, 128, 768]",1214.89,0.0,0.375,cpu_perf_counter,cpu
45,encoder.layer.2.attention.self.key,Linear,0.392,0.375,150994944.0,590592,0,23,0.3926,counter,"[1, 128, 768]","[1, 128, 768]",1214.89,0.0,0.375,cpu_perf_counter,cpu
45,encoder.layer.2.attention.self.value,Linear,0.3881,0.375,150994944.0,590592,0,24,0.3887,counter,"[1, 128, 768]","[1, 128, 768]",1214.89,0.0,0.375,cpu_perf_counter,cpu
45,encoder.layer.2.attention.output.dense,Linear,0.3845,0.375,150994944.0,590592,0,25,0.3851,counter,"[1, 128, 768]","[1, 128, 768]",1214.89,0.0,0.375,cpu_perf_counter,cpu
45,encoder.layer.2.attention.output.LayerNorm,LayerNorm,0.0322,0.375,491520.0,1536,0,26,0.0328,analytic,"[1, 128, 768]","[1, 128, 768]",1214.89,0.0,0.375,cpu_perf_counter,cpu
45,encoder.layer.2.intermediate.dense,Linear,1.7208,1.5,603979776.0,2362368,0,27,1.7214,counter,"[1, 128, 768]","[1, 128, 3072]",1214.89,0.0,1.5,cpu_perf_counter,cpu
45,encoder.layer.2.intermediate.intermediate_act_fn,GELUActivation,0.1513,1.5,0.0,0,0,28,0.1519,none,"[1, 128, 3072]","[1, 128, 3072]",1214.89,0.0,1.5,cpu_perf_counter,cpu
45,encoder.layer.2.output.dense,Linear,1.5128,0.375,603979776.0,2360064,0,29,1.5134,counter,"[1, 128, 3072]","[1, 128, 768]",1214.89,0.0,0.375,cpu_perf_counter,cpu
45,encoder.layer.2.output.LayerNorm,LayerNorm,0.0457,0.375,491520.0,1536,0,30,0.0463,analytic,"[1, 128, 768]","[1, 128, 768]",1214.89,0.0,0.375,cpu_perf_counter,cpu
45,encoder.layer.3.attention.self.query,Linear,0.3912,0.375,150994944.0,590592,0,31,0.3918,counter,"[1, 128, 768]","[1, 128, 768]",1214.89,0.0,0.375,cpu_perf_counter,cpu
45,encoder.layer.3.attention.self.key,Linear,0.3645,0.375,150994944.0,590592,0,32,0.3651,counter,"[1, 128, 768]","[1, 128, 768]",1214.89,0.0,0.375,cpu_perf_counter,cpu
45,encoder.layer.3.attention.self.value,Linear,0.3763,0.375,150994944.0,590592,0,33,0.3769,counter,"[1, 128, 768]","[1, 128, 768]",1214.89,0.0,0.375,cpu_perf_counter,cpu
45,encoder.layer.3.attention.output.dense,Linear,0.3785,0.375,150994944.0,590592,0,34,0.3791,counter,"[1, 128, 768]","[1, 128, 768]",1214.89,0.0,0.375,cpu_perf_counter,cpu
45,encoder.layer.3.attention.output.LayerNorm,LayerNorm,0.0294,0.375,491520.0,1536,0,35,0.03,analytic,"[1, 128, 768]","[1, 128, 768]",1214.89,0.0,0.375,cpu_perf_counter,cpu
45,encoder.layer.3.intermediate.dense,Linear,1.7377,1.5,603979776.0,2362368,0,36,1.7383,counter,"[1, 128, 768]","[1, 128, 3072]",1214.89,0.0,1.5,cpu_perf_counter,cpu
45,encoder.layer.3.intermediate.intermediate_act_fn,GELUActivation,0.1452,1.5,0.0,0,0,37,0.1458,none,"[1, 128, 3072]","[1, 128, 3072]",1214.89,0.0,1.5,cpu_perf_counter,cpu
45,encoder.layer.3.output.dense,Linear,1.4562,0.375,603979776.0,2360064,0,38,1.4568,counter,"[1, 128, 3072]","[1, 128, 768]",1214.89,0.0,0.375,cpu_perf_counter,cpu
45,encoder.layer.3.output.LayerNorm,LayerNorm,0.0456,0.375,491520.0,1536,0,39,0.0462,analytic,"[1, 128, 768]","[1, 128, 768]",1214.89,0.0,0.375,cpu_perf_counter,cpu
45,encoder.layer.4.attention.self.query,Linear,0.3843,0.375,150994944.0,590592,0,40,0.3849,counter,"[1, 128, 768]","[1, 128, 768]",1214.89,0.0,0.375,cpu_perf_counter,cpu
45,encoder.layer.4.attention.self.key,Linear,0.4041,0.375,150994944.0,590592,0,41,0.4047,counter,"[1, 128, 768]","[1, 128, 768]",1214.89,0.0,0.375,cpu_perf_counter,cpu
45,encoder.layer.4.attention.self.value,Linear,0.3928,0.375,150994944.0,590592,0,42,0.3934,counter,"[1, 128, 768]","[1, 128, 768]",1214.89,0.0,0.375,cpu_perf_counter,cpu
45,encoder.layer.4.attention.output.dense,Linear,0.3803,0.375,150994944.0,590592,0,43,0.3809,counter,"[1, 128, 768]","[1, 128, 768]",1214.89,0.0,0.375,cpu_perf_counter,cpu
45,encoder.layer.4.attention.output.LayerNorm,LayerNorm,0.0277,0.375,491520.0,1536,0,44,0.0283,analytic,"[1, 128, 768]","[1, 128, 768]",1214.89,0.0,0.375,cpu_perf_counter,cpu
45,encoder.layer.4.intermediate.dense,Linear,1.7269,1.5,603979776.0,2362368,0,45,1.7275,counter,"[1, 128, 768]","[1, 128, 3072]",1214.89,0.0,1.5,cpu_perf_counter,cpu
45,encoder.layer.4.intermediate.intermediate_act_fn,GELUActivation,0.1484,1.5,0.0,0,0,46,0.149,none,"[1, 128, 3072]","[1, 128, 3072]",1214.89,0.0,1.5,cpu_perf_counter,cpu
45,encoder.layer.4.output.dense,Linear,1.4667,0.375,603979776.0,2360064,0,47,1.4673,counter,"[1, 128, 3072]","[1, 128, 768]",1214.89,0.0,0.375,cpu_perf_counter,cpu
45,encoder.layer.4.output.LayerNorm,LayerNorm,0.0464,0.375,491520.0,1536,0,48,0.047,analytic,"[1, 128, 768]","[1, 128, 768]",1214.89,0.0,0.375,cpu_perf_counter,cpu
45,encoder.layer.5.attention.self.query,Linear,0.3897,0.375,150994944.0,590592,0,49,0.3903,counter,"[1, 128, 768]","[1, 128, 768]",1214.89,0.0,0.375,cpu_perf_counter,cpu
45,encoder.layer.5.attention.self.key,Linear,0.3713,0.375,150994944.0,590592,0,50,0.3719,counter,"[1, 128, 768]","[1, 128, 768]",1214.89,0.0,0.375,cpu_perf_counter,cpu
45,encoder.layer.5.attention.self.value,Linear,0.3742,0.375,150994944.0,590592,0,51,0.3748,counter,"[1, 128, 768]","[1, 128, 768]",1214.89,0.0,0.375,cpu_perf_counter,cpu
45,encoder.layer.5.attention.output.dense,Linear,0.3937,0.375,150994944.0,590592,0,52,0.3943,counter,"[1, 128, 768]","[1, 128, 768]",1214.89,0.0,0.375,cpu_perf_counter,cpu
45,encoder.layer.5.attention.output.LayerNorm,LayerNorm,0.0362,0.375,491520.0,1536,0,53,0.0368,analytic,"[1, 128, 768]","[1, 128, 768]",1214.89,0.0,0.375,cpu_perf_counter,cpu
45,encoder.layer.5.intermediate.dense,Linear,1.7934,1.5,603979776.0,2362368,0,54,1.794,counter,"[1, 128, 768]","[1, 128, 3072]",1214.89,0.0,1.5,cpu_perf_counter,cpu
45,encoder.layer.5.intermediate.intermediate_act_fn,GELUActivation,0.1638,1.5,0.0,0,0,55,0.1644,none,"[1, 128, 3072]","[1, 128, 3072]",1214.89,0.0,1.5,cpu_perf_counter,cpu
45,encoder.layer.5.output.dense,Linear,1.5778,0.375,603979776.0,2360064,0,56,1.5784,counter,"[1, 128, 3072]","[1, 128, 768]",1214.89,0.0,0.375,cpu_perf_counter,cpu
45,encoder.layer.5.output.LayerNorm,LayerNorm,0.0542,0.375,491520.0,1536,0,57,0.0548,analytic,"[1, 128, 768]","[1, 128, 768]",1214.89,0.0,0.375,cpu_perf_counter,cpu
45,encoder.layer.6.attention.self.query,Linear,0.3875,0.375,150994944.0,590592,0,58,0.3881,counter,"[1, 128, 768]","[1, 128, 768]",1214.89,0.0,0.375,cpu_perf_counter,cpu
45,encoder.layer.6.attention.self.key,Linear,0.3771,0.375,150994944.0,590592,0,59,0.3777,counter,"[1, 128, 768]","[1, 128, 768]",1214.89,0.0,0.375,cpu_perf_counter,cpu
45,encoder.layer.6.attention.self.value,Linear,0.3704,0.375,150994944.0,590592,0,60,0.371,counter,"[1, 128, 768]","[1, 128, 768]",1214.89,0.0,0.375,cpu_perf_counter,cpu
45,encoder.layer.6.attention.output.dense,Linear,0.3766,0.375,150994944.0,590592,0,61,0.3772,counter,"[1, 128, 768]","[1, 128, 768]",1214.89,0.0,0.375,cpu_perf_counter,cpu
45,encoder.layer.6.attention.output.LayerNorm,LayerNorm,0.0301,0.375,491520.0,1536,0,62,0.0307,analytic,"[1, 128, 768]","[1, 128, 768]",1214.89,0.0,0.375,cpu_perf_counter,cpu
45,encoder.layer.6.intermediate.dense,Linear,1.7207,1.5,603979776.0,2362368,0,63,1.7213,counter,"[1, 128, 768]","[1, 128, 3072]",1214.89,0.0,1.5,cpu_perf_counter,cpu
45,encoder.layer.6.intermediate.intermediate_act_fn,GELUActivation,0.1493,1.5,0.0,0,0,64,0.1499,none,"[1, 128, 3072]","[1, 128, 3072]",1214.89,0.0,1.5,cpu_perf_counter,cpu
45,encoder.layer.6.output.dense,Linear,1.548,0.375,603979776.0,2360064,0,65,1.5486,counter,"[1, 128, 3072]","[1, 128, 768]",1214.89,0.0,0.375,cpu_perf_counter,cpu
45,encoder.layer.6.output.LayerNorm,LayerNorm,0.0452,0.375,491520.0,1536,0,66,0.0458,analytic,"[1, 128, 768]","[1, 128, 768]",1214.89,0.0,0.375,cpu_perf_counter,cpu
45,encoder.layer.7.attention.self.query,Linear,0.393,0.375,150994944.0,590592,0,67,0.3936,counter,"[1, 128, 768]","[1, 128, 768]",1214.89,0.0,0.375,cpu_perf_counter,cpu
45,encoder.layer.7.attention.self.key,Linear,0.3731,0.375,150994944.0,590592,0,68,0.3737,counter,"[1, 128, 768]","[1, 128, 768]",1214.89,0.0,0.375,cpu_perf_counter,cpu
45,encoder.layer.7.attention.self.value,Linear,0.3743,0.375,150994944.0,590592,0,69,0.3749,counter,"[1, 128, 768]","[1, 128, 768]",1214.89,0.0,0.375,cpu_perf_counter,cpu
45,encoder.layer.7.attention.output.dense,Linear,0.383,0.375,150994944.0,590592,0,70,0.3836,counter,"[1, 128, 768]","[1, 128, 768]",1214.89,0.0,0.375,cpu_perf_counter,cpu
45,encoder.layer.7.attention.output.LayerNorm,LayerNorm,0.0316,0.375,491520.0,1536,0,71,0.0322,analytic,"[1, 128, 768]","[1, 128, 768]",1214.89,0.0,0.375,cpu_perf_counter,cpu
45,encoder.layer.7.intermediate.dense,Linear,1.7218,1.5,603979776.0,2362368,0,72,1.7224,counter,"[1, 128, 768]","[1, 128, 3072]",1214.89,0.0,1.5,cpu_perf_counter,cpu
45,encoder.layer.7.intermediate.intermediate_act_fn,GELUActivation,0.1545,1.5,0.0,0,0,73,0.1551,none,"[1, 128, 3072]","[1, 128, 3072]",1214.89,0.0,1.5,cpu_perf_counter,cpu
45,encoder.layer.7.output.dense,Linear,1.4545,0.375,603979776.0,2360064,0,74,1.4551,counter,"[1, 128, 3072]","[1, 128, 768]",1214.89,0.0,0.375,cpu_perf_counter,cpu
45,encoder.layer.7.output.LayerNorm,LayerNorm,0.0454,0.375,491520.0,1536,0,75,0.046,analytic,"[1, 128, 768]","[1, 128, 768]",1214.89,0.0,0.375,cpu_perf_counter,cpu
45,encoder.layer.8.attention.self.query,Linear,0.3871,0.375,150994944.0,590592,0,76,0.3877,counter,"[1, 128, 768]","[1, 128, 768]",1214.89,0.0,0.375,cpu_perf_counter,cpu
45,encoder.layer.8.attention.self.key,Linear,0.3793,0.375,150994944.0,590592,0,77,0.3799,counter,"[1, 128, 768]","[1, 128, 768]",1214.89,0.0,0.375,cpu_perf_counter,cpu
45,encoder.layer.8.attention.self.value,Linear,0.3756,0.375,150994944.0,590592,0,78,0.3762,counter,"[1, 128, 768]","[1, 128, 768]",1214.89,0.0,0.375,cpu_perf_counter,cpu
45,encoder.layer.8.attention.output.dense,Linear,0.3778,0.375,150994944.0,590592,0,79,0.3784,counter,"[1, 128, 768]","[1, 128, 768]",1214.89,0.0,0.375,cpu_perf_counter,cpu
45,encoder.layer.8.attention.output.LayerNorm,LayerNorm,0.0299,0.375,491520.0,1536,0,80,0.0305,analytic,"[1, 128, 768]","[1, 128, 768]",1214.89,0.0,0.375,cpu_perf_counter,cpu
45,encoder.layer.8.intermediate.dense,Linear,1.8316,1.5,603979776.0,2362368,0,81,1.8322,counter,"[1, 128, 768]","[1, 128, 3072]",1214.89,0.0,1.5,cpu_perf_counter,cpu
45,encoder.layer.8.intermediate.intermediate_act_fn,GELUActivation,0.1473,1.5,0.0,0,0,82,0.1479,none,"[1, 128, 3072]","[1, 128, 3072]",1214.89,0.0,1.5,cpu_perf_counter,cpu
45,encoder.layer.8.output.dense,Linear,1.518,0.375,603979776.0,2360064,0,83,1.5186,counter,"[1, 128, 3072]","[1, 128, 768]",1214.89,0.0,0.375,cpu_perf_counter,cpu
45,encoder.layer.8.output.LayerNorm,LayerNorm,0.0454,0.375,491520.0,1536,0,84,0.046,analytic,"[1, 128, 768]","[1, 128, 768]",1214.89,0.0,0.375,cpu_perf_counter,cpu
45,encoder.layer.9.attention.self.query,Linear,0.3901,0.375,150994944.0,590592,0,85,0.3907,counter,"[1, 128, 768]","[1, 128, 768]",1214.89,0.0,0.375,cpu_perf_counter,cpu
45,encoder.layer.9.attention.self.key,Linear,0.375,0.375,150994944.0,590592,0,86,0.3756,counter,"[1, 128, 768]","[1, 128, 768]",1214.89,0.0,0.375,cpu_perf_counter,cpu
45,encoder.layer.9.attention.self.value,Linear,0.3697,0.375,150994944.0,590592,0,87,0.3703,counter,"[1, 128, 768]","[1, 128, 768]",1214.89,0.0,0.375,cpu_perf_counter,cpu
45,encoder.layer.9.attention.output.dense,Linear,0.3804,0.375,150994944.0,590592,0,88,0.381,counter,"[1, 128, 768]","[1, 128, 768]",1214.89,0.0,0.375,cpu_perf_counter,cpu
45,encoder.layer.9.attention.output.LayerNorm,LayerNorm,0.0382,0.375,491520.0,1536,0,89,0.0388,analytic,"[1, 128, 768]","[1, 128, 768]",1214.89,0.0,0.375,cpu_perf_counter,cpu
45,encoder.layer.9.intermediate.dense,Linear,1.9364,1.5,603979776.0,2362368,0,90,1.937,counter,"[1, 128, 768]","[1, 128, 3072]",1214.89,0.0,1.5,cpu_perf_counter,cpu
45,encoder.layer.9.intermediate.intermediate_act_fn,GELUActivation,0.1284,1.5,0.0,0,0,91,0.129,none,"[1, 128, 3072]","[1, 128, 3072]",1214.89,0.0,1.5,cpu_perf_counter,cpu
45,encoder.layer.9.output.dense,Linear,1.468,0.375,603979776.0,2360064,0,92,1.4686,counter,"[1, 128, 3072]","[1, 128, 768]",1214.89,0.0,0.375,cpu_perf_counter,cpu
45,encoder.layer.9.output.LayerNorm,LayerNorm,0.0408,0.375,491520.0,1536,0,93,0.0414,analytic,"[1, 128, 768]","[1, 128, 768]",1214.89,0.0,0.375,cpu_perf_counter,cpu
45,encoder.layer.10.attention.self.query,Linear,0.3805,0.375,150994944.0,590592,0,94,0.3811,counter,"[1, 128, 768]","[1, 128, 768]",1214.89,0.0,0.375,cpu_perf_counter,cpu
45,encoder.layer.10.attention.self.key,Linear,0.3713,0.375,150994944.0,590592,0,95,0.3719,counter,"[1, 128, 768]","[1, 128, 768]",1214.89,0.0,0.375,cpu_perf_counter,cpu
45,encoder.layer.10.attention.self.value,Linear,0.3694,0.375,150994944.0,590592,0,96,0.37,counter,"[1, 128, 768]","[1, 128, 768]",1214.89,0.0,0.375,cpu_perf_counter,cpu
45,encoder.layer.10.attention.output.dense,Linear,0.3788,0.375,150994944.0,590592,0,97,0.3794,counter,"[1, 128, 768]","[1, 128, 768]",1214.89,0.0,0.375,cpu_perf_counter,cpu
45,encoder.layer.10.attention.output.LayerNorm,LayerNorm,0.0257,0.375,491520.0,1536,0,98,0.0263,analytic,"[1, 128, 768]","[1, 128, 768]",1214.89,0.0,0.375,cpu_perf_counter,cpu
45,encoder.layer.10.intermediate.dense,Linear,1.862,1.5,603979776.0,2362368,0,99,1.8626,counter,"[1, 128, 768]","[1, 128, 3072]",1214.89,0.0,1.5,cpu_perf_counter,cpu
45,encoder.layer.10.intermediate.intermediate_act_fn,GELUActivation,0.1269,1.5,0.0,0,0,100,0.1275,none,"[1, 128, 3072]","[1, 128, 3072]",1214.89,0.0,1.5,cpu_perf_counter,cpu
45,encoder.layer.10.output.dense,Linear,1.494,0.375,603979776.0,2360064,0,101,1.4946,counter,"[1, 128, 3072]","[1, 128, 768]",1214.89,0.0,0.375,cpu_perf_counter,cpu
45,encoder.layer.10.output.LayerNorm,LayerNorm,0.0364,0.375,491520.0,1536,0,102,0.037,analytic,"[1, 128, 768]","[1, 128, 768]",1214.89,0.0,0.375,cpu_perf_counter,cpu
45,encoder.layer.11.attention.self.query,Linear,0.3944,0.375,150994944.0,590592,0,103,0.395,counter,"[1, 128, 768]","[1, 128, 768]",1214.89,0.0,0.375,cpu_perf_counter,cpu
45,encoder.layer.11.attention.self.key,Linear,0.3753,0.375,150994944.0,590592,0,104,0.3759,counter,"[1, 128, 768]","[1, 128, 768]",1214.89,0.0,0.375,cpu_perf_counter,cpu
45,encoder.layer.11.attention.self.value,Linear,0.3945,0.375,150994944.0,590592,0,105,0.3951,counter,"[1, 128, 768]","[1, 128, 768]",1214.89,0.0,0.375,cpu_perf_counter,cpu
45,encoder.layer.11.attention.output.dense,Linear,0.4131,0.375,150994944.0,590592,0,106,0.4137,counter,"[1, 128, 768]","[1, 128, 768]",1214.89,0.0,0.375,cpu_perf_counter,cpu
45,encoder.layer.11.attention.output.LayerNorm,LayerNorm,0.0361,0.375,491520.0,1536,0,107,0.0367,analytic,"[1, 128, 768]","[1, 128, 768]",1214.89,0.0,0.375,cpu_perf_counter,cpu
45,encoder.layer.11.intermediate.dense,Linear,1.8542,1.5,603979776.0,2362368,0,108,1.8548,counter,"[1, 128, 768]","[1, 128, 3072]",1214.89,0.0,1.5,cpu_perf_counter,cpu
45,encoder.layer.11.intermediate.intermediate_act_fn,GELUActivation,0.1513,1.5,0.0,0,0,109,0.1519,none,"[1, 128, 3072]","[1, 128, 3072]",1214.89,0.0,1.5,cpu_perf_counter,cpu
45,encoder.layer.11.output.dense,Linear,1.5196,0.375,603979776.0,2360064,0,110,1.5202,counter,"[1, 128, 3072]","[1, 128, 768]",1214.89,0.0,0.375,cpu_perf_counter,cpu
45,encoder.layer.11.output.LayerNorm,LayerNorm,0.046,0.375,491520.0,1536,0,111,0.0466,analytic,"[1, 128, 768]","[1, 128, 768]",1214.89,0.0,0.375,cpu_perf_counter,cpu
45,pooler.dense,Linear,0.1317,0.00293,1179648.0,590592,0,112,0.1323,counter,"[1, 768]","[1, 768]",1214.89,0.0,0.003,cpu_perf_counter,cpu
45,pooler.activation,Tanh,0.0174,0.00293,3072.0,0,0,113,0.018,analytic,"[1, 768]","[1, 768]",1214.89,0.0,0.003,cpu_perf_counter,cpu
46,embeddings.word_embeddings,Embedding,0.0539,0.375,0.0,23440896,0,0,0.0545,none,"[1, 128]","[1, 128, 768]",1214.89,0.0,0.375,cpu_perf_counter,cpu
46,embeddings.token_type_embeddings,Embedding,0.0228,0.375,0.0,1536,0,1,0.0234,none,"[1, 128]","[1, 128, 768]",1214.89,0.0,0.375,cpu_perf_counter,cpu
46,embeddings.position_embeddings,Embedding,0.0274,0.375,0.0,393216,0,2,0.028,none,"[1, 128]","[1, 128, 768]",1214.89,0.0,0.375,cpu_perf_counter,cpu
46,embeddings.LayerNorm,LayerNorm,0.024,0.375,491520.0,1536,0,3,0.0246,analytic,"[1, 128, 768]","[1, 128, 768]",1214.89,0.0,0.375,cpu_perf_counter,cpu
46,encoder.layer.0.attention.self.query,Linear,0.3745,0.375,150994944.0,590592,0,4,0.3751,counter,"[1, 128, 768]","[1, 128, 768]",1214.89,0.0,0.375,cpu_perf_counter,cpu
46,encoder.layer.0.attention.self.key,Linear,0.3597,0.375,150994944.0,590592,0,5,0.3603,counter,"[1, 128, 768]","[1, 128, 768]",1214.89,0.0,0.375,cpu_perf_counter,cpu
46,encoder.layer.0.attention.self.value,Linear,0.3857,0.375,150994944.0,590592,0,6,0.3863,counter,"[1, 128, 768]","[1, 128, 768]",1214.89,0.0,0.375,cpu_perf_counter,cpu
46,encoder.layer.0.attention.output.dense,Linear,0.3863,0.375,150994944.0,590592,0,7,0.3869,counter,"[1, 128, 768]","[1, 128, 768]",1214.89,0.0,0.375,cpu_perf_counter,cpu
46,encoder.layer.0.attention.output.LayerNorm,LayerNorm,0.0312,0.375,491520.0,1536,0,8,0.0318,analytic,"[1, 128, 768]","[1, 128, 768]",1214.89,0.0,0.375,cpu_perf_counter,cpu
46,encoder.layer.0.intermediate.dense,Linear,1.8565,1.5,603979776.0,2362368,0,9,1.8571,counter,"[1, 128, 768]","[1, 128, 3072]",1214.89,0.0,1.5,cpu_perf_counter,cpu
46,encoder.layer.0.intermediate.intermediate_act_fn,GELUActivation,0.1678,1.5,0.0,0,0,10,0.1684,none,"[1, 128, 3072]","[1, 128, 3072]",1214.89,0.0,1.5,cpu_perf_counter,cpu
46,encoder.layer.0.output.dense,Linear,1.7067,0.375,603979776.0,2360064,0,11,1.7073,counter,"[1, 128, 3072]","[1, 128, 768]",1214.89,0.0,0.375,cpu_perf_counter,cpu
46,encoder.layer.0.output.LayerNorm,LayerNorm,0.0493,0.375,491520.0,1536,0,12,0.0499,analytic,"[1, 128, 768]","[1, 128, 768]",1214.89,0.0,0.375,cpu_perf_counter,cpu
46,encoder.layer.1.attention.self.query,Linear,0.4446,0.375,150994944.0,590592,0,13,0.4452,counter,"[1, 128, 768]","[1, 128, 768]",1214.89,0.0,0.375,cpu_perf_counter,cpu
46,encoder.layer.1.attention.self.key,Linear,0.3912,0.375,150994944.0,590592,0,14,0.3918,counter,"[1, 128, 768]","[1, 128, 768]",1214.89,0.0,0.375,cpu_perf_counter,cpu
46,encoder.layer.1.attention.self.value,Linear,0.3887,0.375,150994944.0,590592,0,15,0.3893,counter,"[1, 128, 768]","[1, 128, 768]",1214.89,0.0,0.375,cpu_perf_counter,cpu
46,encoder.layer.1.attention.output.dense,Linear,0.3959,0.375,150994944.0,590592,0,16,0.3965,counter,"[1, 128, 768]","[1, 128, 768]",1214.89,0.0,0.375,cpu_perf_counter,cpu
46,encoder.layer.1.attention.output.LayerNorm,LayerNorm,0.0307,0.375,491520.0,1536,0,17,0.0313,analytic,"[1, 128, 768]","[1, 128, 768]",1214.89,0.0,0.375,cpu_perf_counter,cpu
46,encoder.layer.1.intermediate.dense,Linear,1.8566,1.5,603979776.0,2362368,0,18,1.8572,counter,"[1, 128, 768]","[1, 128, 3072]",1214.89,0.0,1.5,cpu_perf_counter,cpu
46,encoder.layer.1.intermediate.intermediate_act_fn,GELUActivation,0.1564,1.5,0.0,0,0,19,0.157,none,"[1, 128, 3072]","[1, 128, 3072]",1214.89,0.0,1.5,cpu_perf_counter,cpu
46,encoder.layer.1.output.dense,Linear,1.8429,0.375,603979776.0,2360064,0,20,1.8435,counter,"[1, 128, 3072]","[1, 128, 768]",1214.89,0.0,0.375,cpu_perf_counter,cpu
46,encoder.layer.1.output.LayerNorm,LayerNorm,0.045,0.375,491520.0,1536,0,21,0.0456,analytic,"[1, 128, 768]","[1, 128, 768]",1214.89,0.0,0.375,cpu_perf_counter,cpu
46,encoder.layer.2.attention.self.query,Linear,0.4011,0.375,150994944.0,590592,0,22,0.4017,counter,"[1, 128, 768]","[1, 128, 768]",1214.89,0.0,0.375,cpu_perf_counter,cpu
46,encoder.layer.2.attention.self.key,Linear,0.3943,0.375,150994944.0,590592,0,23,0.3949,counter,"[1, 128, 768]","[1, 128, 768]",1214.89,0.0,0.375,cpu_perf_counter,cpu
46,encoder.layer.2.attention.self.value,Linear,0.3835,0.375,150994944.0,590592,0,24,0.3841,counter,"[1, 128, 768]","[1, 128, 768]",1214.89,0.0,0.375,cpu_perf_counter,cpu
46,encoder.layer.2.attention.output.dense,Linear,0.3987,0.375,150994944.0,590592,0,25,0.3993,counter,"[1, 128, 768]","[1, 128, 768]",1214.89,0.0,0.375,cpu_perf_counter,cpu
46,encoder.layer.2.attention.output.LayerNorm,LayerNorm,0.0331,0.375,491520.0,1536,0,26,0.0337,analytic,"[1, 128, 768]","[1, 128, 768]",1214.89,0.0,0.375,cpu_perf_counter,cpu
46,encoder.layer.2.intermediate.dense,Linear,1.8877,1.5,603979776.0,2362368,0,27,1.8883,counter,"[1, 128, 768]","[1, 128, 3072]",1214.89,0.0,1.5,cpu_perf_counter,cpu
46,encoder.layer.2.intermediate.intermediate_act_fn,GELUActivation,0.1609,1.5,0.0,0,0,28,0.1615,none,"[1, 128, 3072]","[1, 128, 3072]",1214.89,0.0,1.5,cpu_perf_counter,cpu
46,encoder.layer.2.output.dense,Linear,1.498,0.375,603979776.0,2360064,0,29,1.4986,counter,"[1, 128, 3072]","[1, 128, 768]",1214.89,0.0,0.375,cpu_perf_counter,cpu
46,encoder.layer.2.output.LayerNorm,LayerNorm,0.0431,0.375,491520.0,1536,0,30,0.0437,analytic,"[1, 128, 768]","[1, 128, 768]",1214.89,0.0,0.375,cpu_perf_counter,cpu
46,encoder.layer.3.attention.self.query,Linear,0.3932,0.375,150994944.0,590592,0,31,0.3938,counter,"[1, 128, 768]","[1, 128, 768]",1214.89,0.0,0.375,cpu_perf_counter,cpu
46,encoder.layer.3.attention.self.key,Linear,0.37,0.375,150994944.0,590592,0,32,0.3706,counter,"[1, 128, 768]","[1, 128, 768]",1214.89,0.0,0.375,cpu_perf_counter,cpu
46,encoder.layer.3.attention.self.value,Linear,0.3794,0.375,150994944.0,590592,0,33,0.38,counter,"[1, 128, 768]","[1, 128, 768]",1214.89,0.0,0.375,cpu_perf_counter,cpu
46,encoder.layer.3.attention.output.dense,Linear,0.3799,0.375,150994944.0,590592,0,34,0.3805,counter,"[1, 128, 768]","[1, 128, 768]",1214.89,0.0,0.375,cpu_perf_counter,cpu
46,encoder.layer.3.attention.output.LayerNorm,LayerNorm,0.0266,0.375,491520.0,1536,0,35,0.0272,analytic,"[1, 128, 768]","[1, 128, 768]",1214.89,0.0,0.375,cpu_perf_counter,cpu
46,encoder.layer.3.intermediate.dense,Linear,1.7096,1.5,603979776.0,2362368,0,36,1.7102,counter,"[1, 128, 768]","[1, 128, 3072]",1214.89,0.0,1.5,cpu_perf_counter,cpu
46,encoder.layer.3.intermediate.intermediate_act_fn,GELUActivation,0.1332,1.5,0.0,0,0,37,0.1338,none,"[1, 128, 3072]","[1, 128, 3072]",1214.89,0.0,1.5,cpu_perf_counter,cpu
46,encoder.layer.3.output.dense,Linear,1.456,0.375,603979776.0,2360064,0,38,1.4566,counter,"[1, 128, 3072]","[1, 128, 768]",1214.89,0.0,0.375,cpu_perf_counter,cpu
46,encoder.layer.3.output.LayerNorm,LayerNorm,0.0387,0.375,491520.0,1536,0,39,0.0393,analytic,"[1, 128, 768]","[1, 128, 768]",1214.89,0.0,0.375,cpu_perf_counter,cpu
46,encoder.layer.4.attention.self.query,Linear,0.3702,0.375,150994944.0,590592,0,40,0.3708,counter,"[1, 128, 768]","[1, 128, 768]",1214.89,0.0,0.375,cpu_perf_counter,cpu
46,encoder.layer.4.attention.self.key,Linear,0.4107,0.375,150994944.0,590592,0,41,0.4113,counter,"[1, 128, 768]","[1, 128, 768]",1214.89,0.0,0.375,cpu_perf_counter,cpu
46,encoder.layer.4.attention.self.value,Linear,0.3775,0.375,150994944.0,590592,0,42,0.3781,counter,"[1, 128, 768]","[1, 128, 768]",1214.89,0.0,0.375,cpu_perf_counter,cpu
46,encoder.layer.4.attention.output.dense,Linear,0.3787,0.375,150994944.0,590592,0,43,0.3793,counter,"[1, 128, 768]","[1, 128, 768]",1214.89,0.0,0.375,cpu_perf_counter,cpu
46,encoder.layer.4.attention.output.LayerNorm,LayerNorm,0.0255,0.375,491520.0,1536,0,44,0.0261,analytic,"[1, 128, 768]","[1, 128, 768]",1214.89,0.0,0.375,cpu_perf_counter,cpu
46,encoder.layer.4.intermediate.dense,Linear,1.6445,1.5,603979776.0,2362368,0,45,1.6451,counter,"[1, 128, 768]","[1, 128, 3072]",1214.89,0.0,1.5,cpu_perf_counter,cpu
46,encoder.layer.4.intermediate.intermediate_act_fn,GELUActivation,0.1438,1.5,0.0,0,0,46,0.1444,none,"[1, 128, 3072]","[1, 128, 3072]",1214.89,0.0,1.5,cpu_perf_counter,cpu
46,encoder.layer.4.output.dense,Linear,1.5188,0.375,603979776.0,2360064,0,47,1.5194,counter,"[1, 128, 3072]","[1, 128, 768]",1214.89,0.0,0.375,cpu_perf_counter,cpu
46,encoder.layer.4.output.LayerNorm,LayerNorm,0.0432,0.375,491520.0,1536,0,48,0.0438,analytic,"[1, 128, 768]","[1, 128, 768]",1214.89,0.0,0.375,cpu_perf_counter,cpu
46,encoder.layer.5.attention.self.query,Linear,0.3993,0.375,150994944.0,590592,0,49,0.3999,counter,"[1, 128, 768]","[1, 128, 768]",1214.89,0.0,0.375,cpu_perf_counter,cpu
46,encoder.layer.5.attention.self.key,Linear,0.396,0.375,150994944.0,590592,0,50,0.3966,counter,"[1, 128, 768]","[1, 128, 768]",1214.89,0.0,0.375,cpu_perf_counter,cpu
46,encoder.layer.5.attention.self.value,Linear,0.3861,0.375,150994944.0,590592,0,51,0.3867,counter,"[1, 128, 768]","[1, 128, 768]",1214.89,0.0,0.375,cpu_perf_counter,cpu
46,encoder.layer.5.attention.output.dense,Linear,0.387,0.375,150994944.0,590592,0,52,0.3876,counter,"[1, 128, 768]","[1, 128, 768]",1214.89,0.0,0.375,cpu_perf_counter,cpu
46,encoder.layer.5.attention.output.LayerNorm,LayerNorm,0.0315,0.375,491520.0,1536,0,53,0.0321,analytic,"[1, 128, 768]","[1, 128, 768]",1214.89,0.0,0.375,cpu_perf_counter,cpu
46,encoder.layer.5.intermediate.dense,Linear,1.7733,1.5,603979776.0,2362368,0,54,1.7739,counter,"[1, 128, 768]","[1, 128, 3072]",1214.89,0.0,1.5,cpu_perf_counter,cpu
46,encoder.layer.5.intermediate.intermediate_act_fn,GELUActivation,0.1453,1.5,0.0,0,0,55,0.1459,none,"[1, 128, 3072]","[1, 128, 3072]",1214.89,0.0,1.5,cpu_perf_counter,cpu
46,encoder.layer.5.output.dense,Linear,1.5099,0.375,603979776.0,2360064,0,56,1.5105,counter,"[1, 128, 3072]","[1, 128, 768]",1214.89,0.0,0.375,cpu_perf_counter,cpu
46,encoder.layer.5.output.LayerNorm,LayerNorm,0.0422,0.375,491520.0,1536,0,57,0.0428,analytic,"[1, 128, 768]","[1, 128, 768]",1214.89,0.0,0.375,cpu_perf_counter,cpu
46,encoder.layer.6.attention.self.query,Linear,0.3926,0.375,150994944.0,590592,0,58,0.3932,counter,"[1, 128, 768]","[1, 128, 768]",1214.89,0.0,0.375,cpu_perf_counter,cpu
46,encoder.layer.6.attention.self.key,Linear,0.3896,0.375,150994944.0,590592,0,59,0.3902,counter,"[1, 128, 768]","[1, 128, 768]",1214.89,0.0,0.375,cpu_perf_counter,cpu
46,encoder.layer.6.attention.self.value,Linear,0.3755,0.375,150994944.0,590592,0,60,0.3761,counter,"[1, 128, 768]","[1, 128, 768]",1214.89,0.0,0.375,cpu_perf_counter,cpu
46,encoder.layer.6.attention.output.dense,Linear,0.3791,0.375,150994944.0,590592,0,61,0.3797,counter,"[1, 128, 768]","[1, 128, 768]",1214.89,0.0,0.375,cpu_perf_counter,cpu
46,encoder.layer.6.attention.output.LayerNorm,LayerNorm,0.0264,0.375,491520.0,1536,0,62,0.027,analytic,"[1, 128, 768]","[1, 128, 768]",1214.89,0.0,0.375,cpu_perf_counter,cpu
46,encoder.layer.6.intermediate.dense,Linear,1.7392,1.5,603979776.0,2362368,0,63,1.7398,counter,"[1, 128, 768]","[1, 128, 3072]",1214.89,0.0,1.5,cpu_perf_counter,cpu
46,encoder.layer.6.intermediate.intermediate_act_fn,GELUActivation,0.1233,1.5,0.0,0,0,64,0.1239,none,"[1, 128, 3072]","[1, 128, 3072]",1214.89,0.0,1.5,cpu_perf_counter,cpu
46,encoder.layer.6.output.dense,Linear,1.6101,0.375,603979776.0,2360064,0,65,1.6107,counter,"[1, 128, 3072]","[1, 128, 768]",1214.89,0.0,0.375,cpu_perf_counter,cpu
46,encoder.layer.6.output.LayerNorm,LayerNorm,0.0394,0.375,491520.0,1536,0,66,0.04,analytic,"[1, 128, 768]","[1, 128, 768]",1214.89,0.0,0.375,cpu_perf_counter,cpu
46,encoder.layer.7.attention.self.query,Linear,0.4025,0.375,150994944.0,590592,0,67,0.4031,counter,"[1, 128, 768]","[1, 128, 768]",1214.89,0.0,0.375,cpu_perf_counter,cpu
46,encoder.layer.7.attention.self.key,Linear,0.3884,0.375,150994944.0,590592,0,68,0.389,counter,"[1, 128, 768]","[1, 128, 768]",1214.89,0.0,0.375,cpu_perf_counter,cpu
46,encoder.layer.7.attention.self.value,Linear,0.3851,0.375,150994944.0,590592,0,69,0.3857,counter,"[1, 128, 768]","[1, 128, 768]",1214.89,0.0,0.375,cpu_perf_counter,cpu
46,encoder.layer.7.attention.output.dense,Linear,0.3894,0.375,150994944.0,590592,0,70,0.39,counter,"[1, 128, 768]","[1, 128, 768]",1214.89,0.0,0.375,cpu_perf_counter,cpu
46,encoder.layer.7.attention.output.LayerNorm,LayerNorm,0.0268,0.375,491520.0,1536,0,71,0.0274,analytic,"[1, 128, 768]","[1, 128, 768]",1214.89,0.0,0.375,cpu_perf_counter,cpu
46,encoder.layer.7.intermediate.dense,Linear,1.7906,1.5,603979776.0,2362368,0,72,1.7912,counter,"[1, 128, 768]","[1, 128, 3072]",1214.89,0.0,1.5,cpu_perf_counter,cpu
46,encoder.layer.7.intermediate.intermediate_act_fn,GELUActivation,0.1329,1.5,0.0,0,0,73,0.1335,none,"[1, 128, 3072]","[1, 128, 3072]",1214.89,0.0,1.5,cpu_perf_counter,cpu
46,encoder.layer.7.output.dense,Linear,1.4632,0.375,603979776.0,2360064,0,74,1.4638,counter,"[1, 128, 3072]","[1, 128, 768]",1214.89,0.0,0.375,cpu_perf_counter,cpu
46,encoder.layer.7.output.LayerNorm,LayerNorm,0.0427,0.375,491520.0,1536,0,75,0.0433,analytic,"[1, 128, 768]","[1, 128, 768]",1214.89,0.0,0.375,cpu_perf_counter,cpu
46,encoder.layer.8.attention.self.query,Linear,0.3776,0.375,150994944.0,590592,0,76,0.3782,counter,"[1, 128, 768]","[1, 128, 768]",1214.89,0.0,0.375,cpu_perf_counter,cpu
46,encoder.layer.8.attention.self.key,Linear,0.3787,0.375,150994944.0,590592,0,77,0.3793,counter,"[1, 128, 768]","[1, 128, 768]",1214.89,0.0,0.375,cpu_perf_counter,cpu
46,encoder.layer.8.attention.self.value,Linear,0.358,0.375,150994944.0,590592,0,78,0.3586,counter,"[1, 128, 768]","[1, 128, 768]",1214.89,0.0,0.375,cpu_perf_counter,cpu
46,encoder.layer.8.attention.output.dense,Linear,0.3766,0.375,150994944.0,590592,0,79,0.3772,counter,"[1, 128, 768]","[1, 128, 768]",1214.89,0.0,0.375,cpu_perf_counter,cpu
46,encoder.layer.8.attention.output.LayerNorm,LayerNorm,0.0257,0.375,491520.0,1536,0,80,0.0263,analytic,"[1, 128, 768]","[1, 128, 768]",1214.89,0.0,0.375,cpu_perf_counter,cpu
46,encoder.layer.8.intermediate.dense,Linear,1.6395,1.5,603979776.0,2362368,0,81,1.6401,counter,"[1, 128, 768]","[1, 128, 3072]",1214.89,0.0,1.5,cpu_perf_counter,cpu
46,encoder.layer.8.intermediate.intermediate_act_fn,GELUActivation,0.1228,1.5,0.0,0,0,82,0.1234,none,"[1, 128, 3072]","[1, 128, 3072]",1214.89,0.0,1.5,cpu_perf_counter,cpu
46,encoder.layer.8.output.dense,Linear,1.428,0.375,603979776.0,2360064,0,83,1.4286,counter,"[1, 128, 3072]","[1, 128, 768]",1214.89,0.0,0.375,cpu_perf_counter,cpu
46,encoder.layer.8.output.LayerNorm,LayerNorm,0.0398,0.375,491520.0,1536,0,84,0.0404,analytic,"[1, 128, 768]","[1, 128, 768]",1214.89,0.0,0.375,cpu_perf_counter,cpu
46,encoder.layer.9.attention.self.query,Linear,0.38,0.375,150994944.0,590592,0,85,0.3806,counter,"[1, 128, 768]","[1, 128, 768]",1214.89,0.0,0.375,cpu_perf_counter,cpu
46,encoder.layer.9.attention.self.key,Linear,0.3678,0.375,150994944.0,590592,0,86,0.3684,counter,"[1, 128, 768]","[1, 128, 768]",1214.89,0.0,0.375,cpu_perf_counter,cpu
46,encoder.layer.9.attention.self.value,Linear,0.3623,0.375,150994944.0,590592,0,87,0.3629,counter,"[1, 128, 768]","[1, 128, 768]",1214.89,0.0,0.375,cpu_perf_counter,cpu
46,encoder.layer.9.attention.output.dense,Linear,0.3717,0.375,150994944.0,590592,0,88,0.3723,counter,"[1, 128, 768]","[1, 128, 768]",1214.89,0.0,0.375,cpu_perf_counter,cpu
46,encoder.layer.9.attention.output.LayerNorm,LayerNorm,0.0271,0.375,491520.0,1536,0,89,0.0277,analytic,"[1, 128, 768]","[1, 128, 768]",1214.89,0.0,0.375,cpu_perf_counter,cpu
46,encoder.layer.9.intermediate.dense,Linear,1.7551,1.5,603979776.0,2362368,0,90,1.7557,counter,"[1, 128, 768]","[1, 128, 3072]",1214.89,0.0,1.5,cpu_perf_counter,cpu
46,encoder.layer.9.intermediate.intermediate_act_fn,GELUActivation,0.1251,1.5,0.0,0,0,91,0.1257,none,"[1, 128, 3072]","[1, 128, 3072]",1214.89,0.0,1.5,cpu_perf_counter,cpu
46,encoder.layer.9.output.dense,Linear,1.4613,0.375,603979776.0,2360064,0,92,1.4619,counter,"[1, 128, 3072]","[1, 128, 768]",1214.89,0.0,0.375,cpu_perf_counter,cpu
46,encoder.layer.9.output.LayerNorm,LayerNorm,0.0375,0.375,491520.0,1536,0,93,0.0381,analytic,"[1, 128, 768]","[1, 128, 768]",1214.89,0.0,0.375,cpu_perf_counter,cpu
46,encoder.layer.10.attention.self.query,Linear,0.369,0.375,150994944.0,590592,0,94,0.3696,counter,"[1, 128, 768]","[1, 128, 768]",1214.89,0.0,0.375,cpu_perf_counter,cpu
46,encoder.layer.10.attention.self.key,Linear,0.3637,0.375,150994944.0,590592,0,95,0.3643,counter,"[1, 128, 768]","[1, 128, 768]",1214.89,0.0,0.375,cpu_perf_counter,cpu
46,encoder.layer.10.attention.self.value,Linear,0.3659,0.375,150994944.0,590592,0,96,0.3665,counter,"[1, 128, 768]","[1, 128, 768]",1214.89,0.0,0.375,cpu_perf_counter,cpu
46,encoder.layer.10.attention.output.dense,Linear,0.3735,0.375,150994944.0,590592,0,97,0.3741,counter,"[1, 128, 768]","[1, 128, 768]",1214.89,0.0,0.375,cpu_perf_counter,cpu
46,encoder.layer.10.attention.output.LayerNorm,LayerNorm,0.0295,0.375,491520.0,1536,0,98,0.0301,analytic,"[1, 128, 768]","[1, 128, 768]",1214.89,0.0,0.375,cpu_perf_counter,cpu
46,encoder.layer.10.intermediate.dense,Linear,1.7768,1.5,603979776.0,2362368,0,99,1.7774,counter,"[1, 128, 768]","[1, 128, 3072]",1214.89,0.0,1.5,cpu_perf_counter,cpu
46,encoder.layer.10.intermediate.intermediate_act_fn,GELUActivation,0.1325,1.5,0.0,0,0,100,0.1331,none,"[1, 128, 3072]","[1, 128, 3072]",1214.89,0.0,1.5,cpu_perf_counter,cpu
46,encoder.layer.10.output.dense,Linear,1.5128,0.375,603979776.0,2360064,0,101,1.5134,counter,"[1, 128, 3072]","[1, 128, 768]",1214.89,0.0,0.375,cpu_perf_counter,cpu
46,encoder.layer.10.output.LayerNorm,LayerNorm,0.043,0.375,491520.0,1536,0,102,0.0436,analytic,"[1, 128, 768]","[1, 128, 768]",1214.89,0.0,0.375,cpu_perf_counter,cpu
46,encoder.layer.11.attention.self.query,Linear,0.3858,0.375,150994944.0,590592,0,103,0.3864,counter,"[1, 128, 768]","[1, 128, 768]",1214.89,0.0,0.375,cpu_perf_counter,cpu
46,encoder.layer.11.attention.self.key,Linear,0.3653,0.375,150994944.0,590592,0,104,0.3659,counter,"[1, 128, 768]","[1, 128, 768]",1214.89,0.0,0.375,cpu_perf_counter,cpu
46,encoder.layer.11.attention.self.value,Linear,0.3781,0.375,150994944.0,590592,0,105,0.3787,counter,"[1, 128, 768]","[1, 128, 768]",1214.89,0.0,0.375,cpu_perf_counter,cpu
46,encoder.layer.11.attention.output.dense,Linear,0.3756,0.375,150994944.0,590592,0,106,0.3762,counter,"[1, 128, 768]","[1, 128, 768]",1214.89,0.0,0.375,cpu_perf_counter,cpu
46,encoder.layer.11.attention.output.LayerNorm,LayerNorm,0.0285,0.375,491520.0,1536,0,107,0.0291,analytic,"[1, 128, 768]","[1, 128, 768]",1214.89,0.0,0.375,cpu_perf_counter,cpu
46,encoder.layer.11.intermediate.dense,Linear,1.6964,1.5,603979776.0,2362368,0,108,1.697,counter,"[1, 128, 768]","[1, 128, 3072]",1214.89,0.0,1.5,cpu_perf_counter,cpu
46,encoder.layer.11.intermediate.intermediate_act_fn,GELUActivation,0.1228,1.5,0.0,0,0,109,0.1234,none,"[1, 128, 3072]","[1, 128, 3072]",1214.89,0.0,1.5,cpu_perf_counter,cpu
46,encoder.layer.11.output.dense,Linear,1.4514,0.375,603979776.0,2360064,0,110,1.452,counter,"[1, 128, 3072]","[1, 128, 768]",1214.89,0.0,0.375,cpu_perf_counter,cpu
46,encoder.layer.11.output.LayerNorm,LayerNorm,0.0368,0.375,491520.0,1536,0,111,0.0374,analytic,"[1, 128, 768]","[1, 128, 768]",1214.89,0.0,0.375,cpu_perf_counter,cpu
46,pooler.dense,Linear,0.1259,0.00293,1179648.0,590592,0,112,0.1265,counter,"[1, 768]","[1, 768]",1214.89,0.0,0.003,cpu_perf_counter,cpu
46,pooler.activation,Tanh,0.0159,0.00293,3072.0,0,0,113,0.0165,analytic,"[1, 768]","[1, 768]",1214.89,0.0,0.003,cpu_perf_counter,cpu
47,embeddings.word_embeddings,Embedding,0.0518,0.375,0.0,23440896,0,0,0.0524,none,"[1, 128]","[1, 128, 768]",1214.89,0.0,0.375,cpu_perf_counter,cpu
47,embeddings.token_type_embeddings,Embedding,0.0209,0.375,0.0,1536,0,1,0.0215,none,"[1, 128]","[1, 128, 768]",1214.89,0.0,0.375,cpu_perf_counter,cpu
47,embeddings.position_embeddings,Embedding,0.0214,0.375,0.0,393216,0,2,0.022,none,"[1, 128]","[1, 128, 768]",1214.89,0.0,0.375,cpu_perf_counter,cpu
47,embeddings.LayerNorm,LayerNorm,0.0228,0.375,491520.0,1536,0,3,0.0234,analytic,"[1, 128, 768]","[1, 128, 768]",1214.89,0.0,0.375,cpu_perf_counter,cpu
47,encoder.layer.0.attention.self.query,Linear,0.367,0.375,150994944.0,590592,0,4,0.3676,counter,"[1, 128, 768]","[1, 128, 768]",1214.89,0.0,0.375,cpu_perf_counter,cpu
47,encoder.layer.0.attention.self.key,Linear,0.3558,0.375,150994944.0,590592,0,5,0.3564,counter,"[1, 128, 768]","[1, 128, 768]",1214.89,0.0,0.375,cpu_perf_counter,cpu
47,encoder.layer.0.attention.self.value,Linear,0.3669,0.375,150994944.0,590592,0,6,0.3675,counter,"[1, 128, 768]","[1, 128, 768]",1214.89,0.0,0.375,cpu_perf_counter,cpu
47,encoder.layer.0.attention.output.dense,Linear,0.4012,0.375,150994944.0,590592,0,7,0.4018,counter,"[1, 128, 768]","[1, 128, 768]",1214.89,0.0,0.375,cpu_perf_counter,cpu
47,encoder.layer.0.attention.output.LayerNorm,LayerNorm,0.0352,0.375,491520.0,1536,0,8,0.0358,analytic,"[1, 128, 768]","[1, 128, 768]",1214.89,0.0,0.375,cpu_perf_counter,cpu
47,encoder.layer.0.intermediate.dense,Linear,1.849,1.5,603979776.0,2362368,0,9,1.8496,counter,"[1, 128, 768]","[1, 128, 3072]",1214.89,0.0,1.5,cpu_perf_counter,cpu
47,encoder.layer.0.intermediate.intermediate_act_fn,GELUActivation,0.1407,1.5,0.0,0,0,10,0.1413,none,"[1, 128, 3072]","[1, 128, 3072]",1214.89,0.0,1.5,cpu_perf_counter,cpu
47,encoder.layer.0.output.dense,Linear,1.5462,0.375,603979776.0,2360064,0,11,1.5468,counter,"[1, 128, 3072]","[1, 128, 768]",1214.89,0.0,0.375,cpu_perf_counter,cpu
47,encoder.layer.0.output.LayerNorm,LayerNorm,0.046,0.375,491520.0,1536,0,12,0.0466,analytic,"[1, 128, 768]","[1, 128, 768]",1214.89,0.0,0.375,cpu_perf_counter,cpu
47,encoder.layer.1.attention.self.query,Linear,0.441,0.375,150994944.0,590592,0,13,0.4416,counter,"[1, 128, 768]","[1, 128, 768]",1214.89,0.0,0.375,cpu_perf_counter,cpu
47,encoder.layer.1.attention.self.key,Linear,0.3729,0.375,150994944.0,590592,0,14,0.3735,counter,"[1, 128, 768]","[1, 128, 768]",1214.89,0.0,0.375,cpu_perf_counter,cpu
47,encoder.layer.1.attention.self.value,Linear,0.3712,0.375,150994944.0,590592,0,15,0.3718,counter,"[1, 128, 768]","[1, 128, 768]",1214.89,0.0,0.375,cpu_perf_counter,cpu
47,encoder.layer.1.attention.output.dense,Linear,0.3747,0.375,150994944.0,590592,0,16,0.3753,counter,"[1, 128, 768]","[1, 128, 768]",1214.89,0.0,0.375,cpu_perf_counter,cpu
47,encoder.layer.1.attention.output.LayerNorm,LayerNorm,0.03,0.375,491520.0,1536,0,17,0.0306,analytic,"[1, 128, 768]","[1, 128, 768]",1214.89,0.0,0.375,cpu_perf_counter,cpu
47,encoder.layer.1.intermediate.dense,Linear,1.7276,1.5,603979776.0,2362368,0,18,1.7282,counter,"[1, 128, 768]","[1, 128, 3072]",1214.89,0.0,1.5,cpu_perf_counter,cpu
47,encoder.layer.1.intermediate.intermediate_act_fn,GELUActivation,0.1302,1.5,0.0,0,0,19,0.1308,none,"[1, 128, 3072]","[1, 128, 3072]",1214.89,0.0,1.5,cpu_perf_counter,cpu
47,encoder.layer.1.output.dense,Linear,1.4837,0.375,603979776.0,2360064,0,20,1.4843,counter,"[1, 128, 3072]","[1, 128, 768]",1214.89,0.0,0.375,cpu_perf_counter,cpu
47,encoder.layer.1.output.LayerNorm,LayerNorm,0.0536,0.375,491520.0,1536,0,21,0.0542,analytic,"[1, 128, 768]","[1, 128, 768]",1214.89,0.0,0.375,cpu_perf_counter,cpu
47,encoder.layer.2.attention.self.query,Linear,0.3832,0.375,150994944.0,590592,0,22,0.3838,counter,"[1, 128, 768]","[1, 128, 768]",1214.89,0.0,0.375,cpu_perf_counter,cpu
47,encoder.layer.2.attention.self.key,Linear,0.3717,0.375,150994944.0,590592,0,23,0.3723,counter,"[1, 128, 768]","[1, 128, 768]",1214.89,0.0,0.375,cpu_perf_counter,cpu
47,encoder.layer.2.attention.self.value,Linear,0.3569,0.375,150994944.0,590592,0,24,0.3575,counter,"[1, 128, 768]","[1, 128, 768]",1214.89,0.0,0.375,cpu_perf_counter,cpu
47,encoder.layer.2.attention.output.dense,Linear,0.3776,0.375,150994944.0,590592,0,25,0.3782,counter,"[1, 128, 768]","[1, 128, 768]",1214.89,0.0,0.375,cpu_perf_counter,cpu
47,encoder.layer.2.attention.output.LayerNorm,LayerNorm,0.0289,0.375,491520.0,1536,0,26,0.0295,analytic,"[1, 128, 768]","[1, 128, 768]",1214.89,0.0,0.375,cpu_perf_counter,cpu
47,encoder.layer.2.intermediate.dense,Linear,1.6906,1.5,603979776.0,2362368,0,27,1.6912,counter,"[1, 128, 768]","[1, 128, 3072]",1214.89,0.0,1.5,cpu_perf_counter,cpu
47,encoder.layer.2.intermediate.intermediate_act_fn,GELUActivation,0.1236,1.5,0.0,0,0,28,0.1242,none,"[1, 128, 3072]","[1, 128, 3072]",1214.89,0.0,1.5,cpu_perf_counter,cpu
47,encoder.layer.2.output.dense,Linear,1.4253,0.375,603979776.0,2360064,0,29,1.4259,counter,"[1, 128, 3072]","[1, 128, 768]",1214.89,0.0,0.375,cpu_perf_counter,cpu
47,encoder.layer.2.output.LayerNorm,LayerNorm,0.0392,0.375,491520.0,1536,0,30,0.0398,analytic,"[1, 128, 768]","[1, 128, 768]",1214.89,0.0,0.375,cpu_perf_counter,cpu
47,encoder.layer.3.attention.self.query,Linear,0.3758,0.375,150994944.0,590592,0,31,0.3764,counter,"[1, 128, 768]","[1, 128, 768]",1214.89,0.0,0.375,cpu_perf_counter,cpu
47,encoder.layer.3.attention.self.key,Linear,0.3679,0.375,150994944.0,590592,0,32,0.3685,counter,"[1, 128, 768]","[1, 128, 768]",1214.89,0.0,0.375,cpu_perf_counter,cpu
47,encoder.layer.3.attention.self.value,Linear,0.3655,0.375,150994944.0,590592,0,33,0.3661,counter,"[1, 128, 768]","[1, 128, 768]",1214.89,0.0,0.375,cpu_perf_counter,cpu
47,encoder.layer.3.attention.output.dense,Linear,0.3702,0.375,150994944.0,590592,0,34,0.3708,counter,"[1, 128, 768]","[1, 128, 768]",1214.89,0.0,0.375,cpu_perf_counter,cpu
47,encoder.layer.3.attention.output.LayerNorm,LayerNorm,0.0347,0.375,491520.0,1536,0,35,0.0353,analytic,"[1, 128, 768]","[1, 128, 768]",1214.89,0.0,0.375,cpu_perf_counter,cpu
47,encoder.layer.3.intermediate.dense,Linear,1.7201,1.5,603979776.0,2362368,0,36,1.7207,counter,"[1, 128, 768]","[1, 128, 3072]",1214.89,0.0,1.5,cpu_perf_counter,cpu
47,encoder.layer.3.intermediate.intermediate_act_fn,GELUActivation,0.1193,1.5,0.0,0,0,37,0.1199,none,"[1, 128, 3072]","[1, 128, 3072]",1214.89,0.0,1.5,cpu_perf_counter,cpu
47,encoder.layer.3.output.dense,Linear,1.5119,0.375,603979776.0,2360064,0,38,1.5125,counter,"[1, 128, 3072]","[1, 128, 768]",1214.89,0.0,0.375,cpu_perf_counter,cpu
47,encoder.layer.3.output.LayerNorm,LayerNorm,0.0444,0.375,491520.0,1536,0,39,0.045,analytic,"[1, 128, 768]","[1, 128, 768]",1214.89,0.0,0.375,cpu_perf_counter,cpu
47,encoder.layer.4.attention.self.query,Linear,0.3912,0.375,150994944.0,590592,0,40,0.3918,counter,"[1, 128, 768]","[1, 128, 768]",1214.89,0.0,0.375,cpu_perf_counter,cpu
47,encoder.layer.4.attention.self.key,Linear,0.419,0.375,150994944.0,590592,0,41,0.4196,counter,"[1, 128, 768]","[1, 128, 768]",1214.89,0.0,0.375,cpu_perf_counter,cpu
47,encoder.layer.4.attention.self.value,Linear,0.4004,0.375,150994944.0,590592,0,42,0.401,counter,"[1, 128, 768]","[1, 128, 768]",1214.89,0.0,0.375,cpu_perf_counter,cpu
47,encoder.layer.4.attention.output.dense,Linear,0.3856,0.375,150994944.0,590592,0,43,0.3862,counter,"[1, 128, 768]","[1, 128, 768]",1214.89,0.0,0.375,cpu_perf_counter,cpu
47,encoder.layer.4.attention.output.LayerNorm,LayerNorm,0.0296,0.375,491520.0,1536,0,44,0.0302,analytic,"[1, 128, 768]","[1, 128, 768]",1214.89,0.0,0.375,cpu_perf_counter,cpu
47,encoder.layer.4.intermediate.dense,Linear,1.7201,1.5,603979776.0,2362368,0,45,1.7207,counter,"[1, 128, 768]","[1, 128, 3072]",1214.89,0.0,1.5,cpu_perf_counter,cpu
47,encoder.layer.4.intermediate.intermediate_act_fn,GELUActivation,0.1239,1.5,0.0,0,0,46,0.1245,none,"[1, 128, 3072]","[1, 128, 3072]",1214.89,0.0,1.5,cpu_perf_counter,cpu
47,encoder.layer.4.output.dense,Linear,1.5036,0.375,603979776.0,2360064,0,47,1.5042,counter,"[1, 128, 3072]","[1, 128, 768]",1214.89,0.0,0.375,cpu_perf_counter,cpu
47,encoder.layer.4.output.LayerNorm,LayerNorm,0.0406,0.375,491520.0,1536,0,48,0.0412,analytic,"[1, 128, 768]","[1, 128, 768]",1214.89,0.0,0.375,cpu_perf_counter,cpu
47,encoder.layer.5.attention.self.query,Linear,0.3789,0.375,150994944.0,590592,0,49,0.3795,counter,"[1, 128, 768]","[1, 128, 768]",1214.89,0.0,0.375,cpu_perf_counter,cpu
47,encoder.layer.5.attention.self.key,Linear,0.3603,0.375,150994944.0,590592,0,50,0.3609,counter,"[1, 128, 768]","[1, 128, 768]",1214.89,0.0,0.375,cpu_perf_counter,cpu
47,encoder.layer.5.attention.self.value,Linear,0.3633,0.375,150994944.0,590592,0,51,0.3639,counter,"[1, 128, 768]","[1, 128, 768]",1214.89,0.0,0.375,cpu_perf_counter,cpu
47,encoder.layer.5.attention.output.dense,Linear,0.3891,0.375,150994944.0,590592,0,52,0.3897,counter,"[1, 128, 768]","[1, 128, 768]",1214.89,0.0,0.375,cpu_perf_counter,cpu
47,encoder.layer.5.attention.output.LayerNorm,LayerNorm,0.0287,0.375,491520.0,1536,0,53,0.0293,analytic,"[1, 128, 768]","[1, 128, 768]",1214.89,0.0,0.375,cpu_perf_counter,cpu
47,encoder.layer.5.intermediate.dense,Linear,1.6451,1.5,603979776.0,2362368,0,54,1.6457,counter,"[1, 128, 768]","[1, 128, 3072]",1214.89,0.0,1.5,cpu_perf_counter,cpu
47,encoder.layer.5.intermediate.intermediate_act_fn,GELUActivation,0.1202,1.5,0.0,0,0,55,0.1208,none,"[1, 128, 3072]","[1, 128, 3072]",1214.89,0.0,1.5,cpu_perf_counter,cpu
47,encoder.layer.5.output.dense,Linear,1.5254,0.375,603979776.0,2360064,0,56,1.526,counter,"[1, 128, 3072]","[1, 128, 768]",1214.89,0.0,0.375,cpu_perf_counter,cpu
47,encoder.layer.5.output.LayerNorm,LayerNorm,0.0388,0.375,491520.0,1536,0,57,0.0394,analytic,"[1, 128, 768]","[1, 128, 768]",1214.89,0.0,0.375,cpu_perf_counter,cpu
47,encoder.layer.6.attention.self.query,Linear,0.3732,0.375,150994944.0,590592,0,58,0.3738,counter,"[1, 128, 768]","[1, 128, 768]",1214.89,0.0,0.375,cpu_perf_counter,cpu
47,encoder.layer.6.attention.self.key,Linear,0.3697,0.375,150994944.0,590592,0,59,0.3703,counter,"[1, 128, 768]","[1, 128, 768]",1214.89,0.0,0.375,cpu_perf_counter,cpu
47,encoder.layer.6.attention.self.value,Linear,0.3665,0.375,150994944.0,590592,0,60,0.3671,counter,"[1, 128, 768]","[1, 128, 768]",1214.89,0.0,0.375,cpu_perf_counter,cpu
47,encoder.layer.6.attention.output.dense,Linear,0.37,0.375,150994944.0,590592,0,61,0.3706,counter,"[1, 128, 768]","[1, 128, 768]",1214.89,0.0,0.375,cpu_perf_counter,cpu
47,encoder.layer.6.attention.output.LayerNorm,LayerNorm,0.0254,0.375,491520.0,1536,0,62,0.026,analytic,"[1, 128, 768]","[1, 128, 768]",1214.89,0.0,0.375,cpu_perf_counter,cpu
47,encoder.layer.6.intermediate.dense,Linear,1.6622,1.5,603979776.0,2362368,0,63,1.6628,counter,"[1, 128, 768]","[1, 128, 3072]",1214.89,0.0,1.5,cpu_perf_counter,cpu
47,encoder.layer.6.intermediate.intermediate_act_fn,GELUActivation,0.1195,1.5,0.0,0,0,64,0.1201,none,"[1, 128, 3072]","[1, 128, 3072]",1214.89,0.0,1.5,cpu_perf_counter,cpu
47,encoder.layer.6.output.dense,Linear,1.4637,0.375,603979776.0,2360064,0,65,1.4643,counter,"[1, 128, 3072]","[1, 128, 768]",1214.89,0.0,0.375,cpu_perf_counter,cpu
47,encoder.layer.6.output.LayerNorm,LayerNorm,0.0479,0.375,491520.0,1536,0,66,0.0485,analytic,"[1, 128, 768]","[1, 128, 768]",1214.89,0.0,0.375,cpu_perf_counter,cpu
47,encoder.layer.7.attention.self.query,Linear,0.4061,0.375,150994944.0,590592,0,67,0.4067,counter,"[1, 128, 768]","[1, 128, 768]",1214.89,0.0,0.375,cpu_perf_counter,cpu
47,encoder.layer.7.attention.self.key,Linear,0.3762,0.375,150994944.0,590592,0,68,0.3768,counter,"[1, 128, 768]","[1, 128, 768]",1214.89,0.0,0.375,cpu_perf_counter,cpu
47,encoder.layer.7.attention.self.value,Linear,0.3796,0.375,150994944.0,590592,0,69,0.3802,counter,"[1, 128, 768]","[1, 128, 768]",1214.89,0.0,0.375,cpu_perf_counter,cpu
47,encoder.layer.7.attention.output.dense,Linear,0.3842,0.375,150994944.0,590592,0,70,0.3848,counter,"[1, 128, 768]","[1, 128, 768]",1214.89,0.0,0.375,cpu_perf_counter,cpu
47,encoder.layer.7.attention.output.LayerNorm,LayerNorm,0.0282,0.375,491520.0,1536,0,71,0.0288,analytic,"[1, 128, 768]","[1, 128, 768]",1214.89,0.0,0.375,cpu_perf_counter,cpu
47,encoder.layer.7.intermediate.dense,Linear,1.7292,1.5,603979776.0,2362368,0,72,1.7298,counter,"[1, 128, 768]","[1, 128, 3072]",1214.89,0.0,1.5,cpu_perf_counter,cpu
47,encoder.layer.7.intermediate.intermediate_act_fn,GELUActivation,0.1306,1.5,0.0,0,0,73,0.1312,none,"[1, 128, 3072]","[1, 128, 3072]",1214.89,0.0,1.5,cpu_perf_counter,cpu
47,encoder.layer.7.output.dense,Linear,1.5364,0.375,603979776.0,2360064,0,74,1.537,counter,"[1, 128, 3072]","[1, 128, 768]",1214.89,0.0,0.375,cpu_perf_counter,cpu
47,encoder.layer.7.output.LayerNorm,LayerNorm,0.0428,0.375,491520.0,1536,0,75,0.0434,analytic,"[1, 128, 768]","[1, 128, 768]",1214.89,0.0,0.375,cpu_perf_counter,cpu
47,encoder.layer.8.attention.self.query,Linear,0.383,0.375,150994944.0,590592,0,76,0.3836,counter,"[1, 128, 768]","[1, 128, 768]",1214.89,0.0,0.375,cpu_perf_counter,cpu
47,encoder.layer.8.attention.self.key,Linear,0.3769,0.375,150994944.0,590592,0,77,0.3775,counter,"[1, 128, 768]","[1, 128, 768]",1214.89,0.0,0.375,cpu_perf_counter,cpu
47,encoder.layer.8.attention.self.value,Linear,0.3651,0.375,150994944.0,590592,0,78,0.3657,counter,"[1, 128, 768]","[1, 128, 768]",1214.89,0.0,0.375,cpu_perf_counter,cpu
47,encoder.layer.8.attention.output.dense,Linear,0.3767,0.375,150994944.0,590592,0,79,0.3773,counter,"[1, 128, 768]","[1, 128, 768]",1214.89,0.0,0.375,cpu_perf_counter,cpu
47,encoder.layer.8.attention.output.LayerNorm,LayerNorm,0.0262,0.375,491520.0,1536,0,80,0.0268,analytic,"[1, 128, 768]","[1, 128, 768]",1214.89,0.0,0.375,cpu_perf_counter,cpu
47,encoder.layer.8.intermediate.dense,Linear,1.6714,1.5,603979776.0,2362368,0,81,1.672,counter,"[1, 128, 768]","[1, 128, 3072]",1214.89,0.0,1.5,cpu_perf_counter,cpu
47,encoder.layer.8.intermediate.intermediate_act_fn,GELUActivation,0.1289,1.5,0.0,0,0,82,0.1295,none,"[1, 128, 3072]","[1, 128, 3072]",1214.89,0.0,1.5,cpu_perf_counter,cpu
47,encoder.layer.8.output.dense,Linear,1.4514,0.375,603979776.0,2360064,0,83,1.452,counter,"[1, 128, 3072]","[1, 128, 768]",1214.89,0.0,0.375,cpu_perf_counter,cpu
47,encoder.layer.8.output.LayerNorm,LayerNorm,0.04,0.375,491520.0,1536,0,84,0.0406,analytic,"[1, 128, 768]","[1, 128, 768]",1214.89,0.0,0.375,cpu_perf_counter,cpu
47,encoder.layer.9.attention.self.query,Linear,0.3828,0.375,150994944.0,590592,0,85,0.3834,counter,"[1, 128, 768]","[1, 128, 768]",1214.89,0.0,0.375,cpu_perf_counter,cpu
47,encoder.layer.9.attention.self.key,Linear,0.3723,0.375,150994944.0,590592,0,86,0.3729,counter,"[1, 128, 768]","[1, 128, 768]",1214.89,0.0,0.375,cpu_perf_counter,cpu
47,encoder.layer.9.attention.self.value,Linear,0.3732,0.375,150994944.0,590592,0,87,0.3738,counter,"[1, 128, 768]","[1, 128, 768]",1214.89,0.0,0.375,cpu_perf_counter,cpu
47,encoder.layer.9.attention.output.dense,Linear,0.371,0.375,150994944.0,590592,0,88,0.3716,counter,"[1, 128, 768]","[1, 128, 768]",1214.89,0.0,0.375,cpu_perf_counter,cpu
47,encoder.layer.9.attention.output.LayerNorm,LayerNorm,0.0281,0.375,491520.0,1536,0,89,0.0287,analytic,"[1, 128, 768]","[1, 128, 768]",1214.89,0.0,0.375,cpu_perf_counter,cpu
47,encoder.layer.9.intermediate.dense,Linear,1.7653,1.5,603979776.0,2362368,0,90,1.7659,counter,"[1, 128, 768]","[1, 128, 3072]",1214.89,0.0,1.5,cpu_perf_counter,cpu
47,encoder.layer.9.intermediate.intermediate_act_fn,GELUActivation,0.1196,1.5,0.0,0,0,91,0.1202,none,"[1, 128, 3072]","[1, 128, 3072]",1214.89,0.0,1.5,cpu_perf_counter,cpu
47,encoder.layer.9.output.dense,Linear,1.513,0.375,603979776.0,2360064,0,92,1.5136,counter,"[1, 128, 3072]","[1, 128, 768]",1214.89,0.0,0.375,cpu_perf_counter,cpu
47,encoder.layer.9.output.LayerNorm,LayerNorm,0.043,0.375,491520.0,1536,0,93,0.0436,analytic,"[1, 128, 768]","[1, 128, 768]",1214.89,0.0,0.375,cpu_perf_counter,cpu
47,encoder.layer.10.attention.self.query,Linear,0.3827,0.375,150994944.0,590592,0,94,0.3833,counter,"[1, 128, 768]","[1, 128, 768]",1214.89,0.0,0.375,cpu_perf_counter,cpu
47,encoder.layer.10.attention.self.key,Linear,0.3819,0.375,150994944.0,590592,0,95,0.3825,counter,"[1, 128, 768]","[1, 128, 768]",1214.89,0.0,0.375,cpu_perf_counter,cpu
47,encoder.layer.10.attention.self.value,Linear,0.3934,0.375,150994944.0,590592,0,96,0.394,counter,"[1, 128, 768]","[1, 128, 768]",1214.89,0.0,0.375,cpu_perf_counter,cpu
47,encoder.layer.10.attention.output.dense,Linear,0.3891,0.375,150994944.0,590592,0,97,0.3897,counter,"[1, 128, 768]","[1, 128, 768]",1214.89,0.0,0.375,cpu_perf_counter,cpu
47,encoder.layer.10.attention.output.LayerNorm,LayerNorm,0.0278,0.375,491520.0,1536,0,98,0.0284,analytic,"[1, 128, 768]","[1, 128, 768]",1214.89,0.0,0.375,cpu_perf_counter,cpu
47,encoder.layer.10.intermediate.dense,Linear,1.88,1.5,603979776.0,2362368,0,99,1.8806,counter,"[1, 128, 768]","[1, 128, 3072]",1214.89,0.0,1.5,cpu_perf_counter,cpu
47,encoder.layer.10.intermediate.intermediate_act_fn,GELUActivation,0.1352,1.5,0.0,0,0,100,0.1358,none,"[1, 128, 3072]","[1, 128, 3072]",1214.89,0.0,1.5,cpu_perf_counter,cpu
47,encoder.layer.10.output.dense,Linear,1.4874,0.375,603979776.0,2360064,0,101,1.488,counter,"[1, 128, 3072]","[1, 128, 768]",1214.89,0.0,0.375,cpu_perf_counter,cpu
47,encoder.layer.10.output.LayerNorm,LayerNorm,0.0416,0.375,491520.0,1536,0,102,0.0422,analytic,"[1, 128, 768]","[1, 128, 768]",1214.89,0.0,0.375,cpu_perf_counter,cpu
47,encoder.layer.11.attention.self.query,Linear,0.3854,0.375,150994944.0,590592,0,103,0.386,counter,"[1, 128, 768]","[1, 128, 768]",1214.89,0.0,0.375,cpu_perf_counter,cpu
47,encoder.layer.11.attention.self.key,Linear,0.37,0.375,150994944.0,590592,0,104,0.3706,counter,"[1, 128, 768]","[1, 128, 768]",1214.89,0.0,0.375,cpu_perf_counter,cpu
47,encoder.layer.11.attention.self.value,Linear,0.3796,0.375,150994944.0,590592,0,105,0.3802,counter,"[1, 128, 768]","[1, 128, 768]",1214.89,0.0,0.375,cpu_perf_counter,cpu
47,encoder.layer.11.attention.output.dense,Linear,0.3809,0.375,150994944.0,590592,0,106,0.3815,counter,"[1, 128, 768]","[1, 128, 768]",1214.89,0.0,0.375,cpu_perf_counter,cpu
47,encoder.layer.11.attention.output.LayerNorm,LayerNorm,0.028,0.375,491520.0,1536,0,107,0.0286,analytic,"[1, 128, 768]","[1, 128, 768]",1214.89,0.0,0.375,cpu_perf_counter,cpu
47,encoder.layer.11.intermediate.dense,Linear,1.722,1.5,603979776.0,2362368,0,108,1.7226,counter,"[1, 128, 768]","[1, 128, 3072]",1214.89,0.0,1.5,cpu_perf_counter,cpu
47,encoder.layer.11.intermediate.intermediate_act_fn,GELUActivation,0.1231,1.5,0.0,0,0,109,0.1237,none,"[1, 128, 3072]","[1, 128, 3072]",1214.89,0.0,1.5,cpu_perf_counter,cpu
47,encoder.layer.11.output.dense,Linear,1.4935,0.375,603979776.0,2360064,0,110,1.4941,counter,"[1, 128, 3072]","[1, 128, 768]",1214.89,0.0,0.375,cpu_perf_counter,cpu
47,encoder.layer.11.output.LayerNorm,LayerNorm,0.0377,0.375,491520.0,1536,0,111,0.0383,analytic,"[1, 128, 768]","[1, 128, 768]",1214.89,0.0,0.375,cpu_perf_counter,cpu
47,pooler.dense,Linear,0.1159,0.00293,1179648.0,590592,0,112,0.1165,counter,"[1, 768]","[1, 768]",1214.89,0.0,0.003,cpu_perf_counter,cpu
47,pooler.activation,Tanh,0.0156,0.00293,3072.0,0,0,113,0.0162,analytic,"[1, 768]","[1, 768]",1214.89,0.0,0.003,cpu_perf_counter,cpu
48,embeddings.word_embeddings,Embedding,0.0497,0.375,0.0,23440896,0,0,0.0503,none,"[1, 128]","[1, 128, 768]",1214.89,0.0,0.375,cpu_perf_counter,cpu
48,embeddings.token_type_embeddings,Embedding,0.0194,0.375,0.0,1536,0,1,0.02,none,"[1, 128]","[1, 128, 768]",1214.89,0.0,0.375,cpu_perf_counter,cpu
48,embeddings.position_embeddings,Embedding,0.0228,0.375,0.0,393216,0,2,0.0234,none,"[1, 128]","[1, 128, 768]",1214.89,0.0,0.375,cpu_perf_counter,cpu
48,embeddings.LayerNorm,LayerNorm,0.023,0.375,491520.0,1536,0,3,0.0236,analytic,"[1, 128, 768]","[1, 128, 768]",1214.89,0.0,0.375,cpu_perf_counter,cpu
48,encoder.layer.0.attention.self.query,Linear,0.3727,0.375,150994944.0,590592,0,4,0.3733,counter,"[1, 128, 768]","[1, 128, 768]",1214.89,0.0,0.375,cpu_perf_counter,cpu
48,encoder.layer.0.attention.self.key,Linear,0.3556,0.375,150994944.0,590592,0,5,0.3562,counter,"[1, 128, 768]","[1, 128, 768]",1214.89,0.0,0.375,cpu_perf_counter,cpu
48,encoder.layer.0.attention.self.value,Linear,0.3702,0.375,150994944.0,590592,0,6,0.3708,counter,"[1, 128, 768]","[1, 128, 768]",1214.89,0.0,0.375,cpu_perf_counter,cpu
48,encoder.layer.0.attention.output.dense,Linear,0.374,0.375,150994944.0,590592,0,7,0.3746,counter,"[1, 128, 768]","[1, 128, 768]",1214.89,0.0,0.375,cpu_perf_counter,cpu
48,encoder.layer.0.attention.output.LayerNorm,LayerNorm,0.0265,0.375,491520.0,1536,0,8,0.0271,analytic,"[1, 128, 768]","[1, 128, 768]",1214.89,0.0,0.375,cpu_perf_counter,cpu
48,encoder.layer.0.intermediate.dense,Linear,1.6809,1.5,603979776.0,2362368,0,9,1.6815,counter,"[1, 128, 768]","[1, 128, 3072]",1214.89,0.0,1.5,cpu_perf_counter,cpu
48,encoder.layer.0.intermediate.intermediate_act_fn,GELUActivation,0.1288,1.5,0.0,0,0,10,0.1294,none,"[1, 128, 3072]","[1, 128, 3072]",1214.89,0.0,1.5,cpu_perf_counter,cpu
48,encoder.layer.0.output.dense,Linear,1.5595,0.375,603979776.0,2360064,0,11,1.5601,counter,"[1, 128, 3072]","[1, 128, 768]",1214.89,0.0,0.375,cpu_perf_counter,cpu
48,encoder.layer.0.output.LayerNorm,LayerNorm,0.0462,0.375,491520.0,1536,0,12,0.0468,analytic,"[1, 128, 768]","[1, 128, 768]",1214.89,0.0,0.375,cpu_perf_counter,cpu
48,encoder.layer.1.attention.self.query,Linear,0.4333,0.375,150994944.0,590592,0,13,0.4339,counter,"[1, 128, 768]","[1, 128, 768]",1214.89,0.0,0.375,cpu_perf_counter,cpu
48,encoder.layer.1.attention.self.key,Linear,0.3724,0.375,150994944.0,590592,0,14,0.373,counter,"[1, 128, 768]","[1, 128, 768]",1214.89,0.0,0.375,cpu_perf_counter,cpu
48,encoder.layer.1.attention.self.value,Linear,0.3705,0.375,150994944.0,590592,0,15,0.3711,counter,"[1, 128, 768]","[1, 128, 768]",1214.89,0.0,0.375,cpu_perf_counter,cpu
48,encoder.layer.1.attention.output.dense,Linear,0.3828,0.375,150994944.0,590592,0,16,0.3834,counter,"[1, 128, 768]","[1, 128, 768]",1214.89,0.0,0.375,cpu_perf_counter,cpu
48,encoder.layer.1.attention.output.LayerNorm,LayerNorm,0.0258,0.375,491520.0,1536,0,17,0.0264,analytic,"[1, 128, 768]","[1, 128, 768]",1214.89,0.0,0.375,cpu_perf_counter,cpu
48,encoder.layer.1.intermediate.dense,Linear,1.6996,1.5,603979776.0,2362368,0,18,1.7002,counter,"[1, 128, 768]","[1, 128, 3072]",1214.89,0.0,1.5,cpu_perf_counter,cpu
48,encoder.layer.1.intermediate.intermediate_act_fn,GELUActivation,0.1258,1.5,0.0,0,0,19,0.1264,none,"[1, 128, 3072]","[1, 128, 3072]",1214.89,0.0,1.5,cpu_perf_counter,cpu
48,encoder.layer.1.output.dense,Linear,1.443,0.375,603979776.0,2360064,0,20,1.4436,counter,"[1, 128, 3072]","[1, 128, 768]",1214.89,0.0,0.375,cpu_perf_counter,cpu
48,encoder.layer.1.output.LayerNorm,LayerNorm,0.0408,0.375,491520.0,1536,0,21,0.0414,analytic,"[1, 128, 768]","[1, 128, 768]",1214.89,0.0,0.375,cpu_perf_counter,cpu
48,encoder.layer.2.attention.self.query,Linear,0.3763,0.375,150994944.0,590592,0,22,0.3769,counter,"[1, 128, 768]","[1, 128, 768]",1214.89,0.0,0.375,cpu_perf_counter,cpu
48,encoder.layer.2.attention.self.key,Linear,0.369,0.375,150994944.0,590592,0,23,0.3696,counter,"[1, 128, 768]","[1, 128, 768]",1214.89,0.0,0.375,cpu_perf_counter,cpu
48,encoder.layer.2.attention.self.value,Linear,0.3715,0.375,150994944.0,590592,0,24,0.3721,counter,"[1, 128, 768]","[1, 128, 768]",1214.89,0.0,0.375,cpu_perf_counter,cpu
48,encoder.layer.2.attention.output.dense,Linear,0.378,0.375,150994944.0,590592,0,25,0.3786,counter,"[1, 128, 768]","[1, 128, 768]",1214.89,0.0,0.375,cpu_perf_counter,cpu
48,encoder.layer.2.attention.output.LayerNorm,LayerNorm,0.028,0.375,491520.0,1536,0,26,0.0286,analytic,"[1, 128, 768]","[1, 128, 768]",1214.89,0.0,0.375,cpu_perf_counter,cpu
48,encoder.layer.2.intermediate.dense,Linear,1.6807,1.5,603979776.0,2362368,0,27,1.6813,counter,"[1, 128, 768]","[1, 128, 3072]",1214.89,0.0,1.5,cpu_perf_counter,cpu
48,encoder.layer.2.intermediate.intermediate_act_fn,GELUActivation,0.1181,1.5,0.0,0,0,28,0.1187,none,"[1, 128, 3072]","[1, 128, 3072]",1214.89,0.0,1.5,cpu_perf_counter,cpu
48,encoder.layer.2.output.dense,Linear,1.4463,0.375,603979776.0,2360064,0,29,1.4469,counter,"[1, 128, 3072]","[1, 128, 768]",1214.89,0.0,0.375,cpu_perf_counter,cpu
48,encoder.layer.2.output.LayerNorm,LayerNorm,0.0389,0.375,491520.0,1536,0,30,0.0395,analytic,"[1, 128, 768]","[1, 128, 768]",1214.89,0.0,0.375,cpu_perf_counter,cpu
48,encoder.layer.3.attention.self.query,Linear,0.3803,0.375,150994944.0,590592,0,31,0.3809,counter,"[1, 128, 768]","[1, 128, 768]",1214.89,0.0,0.375,cpu_perf_counter,cpu
48,encoder.layer.3.attention.self.key,Linear,0.3658,0.375,150994944.0,590592,0,32,0.3664,counter,"[1, 128, 768]","[1, 128, 768]",1214.89,0.0,0.375,cpu_perf_counter,cpu
48,encoder.layer.3.attention.self.value,Linear,0.3725,0.375,150994944.0,590592,0,33,0.3731,counter,"[1, 128, 768]","[1, 128, 768]",1214.89,0.0,0.375,cpu_perf_counter,cpu
48,encoder.layer.3.attention.output.dense,Linear,0.3702,0.375,150994944.0,590592,0,34,0.3708,counter,"[1, 128, 768]","[1, 128, 768]",1214.89,0.0,0.375,cpu_perf_counter,cpu
48,encoder.layer.3.attention.output.LayerNorm,LayerNorm,0.0252,0.375,491520.0,1536,0,35,0.0258,analytic,"[1, 128, 768]","[1, 128, 768]",1214.89,0.0,0.375,cpu_perf_counter,cpu
48,encoder.layer.3.intermediate.dense,Linear,1.7309,1.5,603979776.0,2362368,0,36,1.7315,counter,"[1, 128, 768]","[1, 128, 3072]",1214.89,0.0,1.5,cpu_perf_counter,cpu
48,encoder.layer.3.intermediate.intermediate_act_fn,GELUActivation,0.1332,1.5,0.0,0,0,37,0.1338,none,"[1, 128, 3072]","[1, 128, 3072]",1214.89,0.0,1.5,cpu_perf_counter,cpu
48,encoder.layer.3.output.dense,Linear,1.4702,0.375,603979776.0,2360064,0,38,1.4708,counter,"[1, 128, 3072]","[1, 128, 768]",1214.89,0.0,0.375,cpu_perf_counter,cpu
48,encoder.layer.3.output.LayerNorm,LayerNorm,0.0436,0.375,491520.0,1536,0,39,0.0442,analytic,"[1, 128, 768]","[1, 128, 768]",1214.89,0.0,0.375,cpu_perf_counter,cpu
48,encoder.layer.4.attention.self.query,Linear,0.4033,0.375,150994944.0,590592,0,40,0.4039,counter,"[1, 128, 768]","[1, 128, 768]",1214.89,0.0,0.375,cpu_perf_counter,cpu
48,encoder.layer.4.attention.self.key,Linear,0.4006,0.375,150994944.0,590592,0,41,0.4012,counter,"[1, 128, 768]","[1, 128, 768]",1214.89,0.0,0.375,cpu_perf_counter,cpu
48,encoder.layer.4.attention.self.value,Linear,0.3794,0.375,150994944.0,590592,0,42,0.38,counter,"[1, 128, 768]","[1, 128, 768]",1214.89,0.0,0.375,cpu_perf_counter,cpu
48,encoder.layer.4.attention.output.dense,Linear,0.3706,0.375,150994944.0,590592,0,43,0.3712,counter,"[1, 128, 768]","[1, 128, 768]",1214.89,0.0,0.375,cpu_perf_counter,cpu
48,encoder.layer.4.attention.output.LayerNorm,LayerNorm,0.0257,0.375,491520.0,1536,0,44,0.0263,analytic,"[1, 128, 768]","[1, 128, 768]",1214.89,0.0,0.375,cpu_perf_counter,cpu
48,encoder.layer.4.intermediate.dense,Linear,1.6641,1.5,603979776.0,2362368,0,45,1.6647,counter,"[1, 128, 768]","[1, 128, 3072]",1214.89,0.0,1.5,cpu_perf_counter,cpu
48,encoder.layer.4.intermediate.intermediate_act_fn,GELUActivation,0.1209,1.5,0.0,0,0,46,0.1215,none,"[1, 128, 3072]","[1, 128, 3072]",1214.89,0.0,1.5,cpu_perf_counter,cpu
48,encoder.layer.4.output.dense,Linear,1.4976,0.375,603979776.0,2360064,0,47,1.4982,counter,"[1, 128, 3072]","[1, 128, 768]",1214.89,0.0,0.375,cpu_perf_counter,cpu
48,encoder.layer.4.output.LayerNorm,LayerNorm,0.0389,0.375,491520.0,1536,0,48,0.0395,analytic,"[1, 128, 768]","[1, 128, 768]",1214.89,0.0,0.375,cpu_perf_counter,cpu
48,encoder.layer.5.attention.self.query,Linear,0.3885,0.375,150994944.0,590592,0,49,0.3891,counter,"[1, 128, 768]","[1, 128, 768]",1214.89,0.0,0.375,cpu_perf_counter,cpu
48,encoder.layer.5.attention.self.key,Linear,0.3589,0.375,150994944.0,590592,0,50,0.3595,counter,"[1, 128, 768]","[1, 128, 768]",1214.89,0.0,0.375,cpu_perf_counter,cpu
48,encoder.layer.5.attention.self.value,Linear,0.3665,0.375,150994944.0,590592,0,51,0.3671,counter,"[1, 128, 768]","[1, 128, 768]",1214.89,0.0,0.375,cpu_perf_counter,cpu
48,encoder.layer.5.attention.output.dense,Linear,0.3729,0.375,150994944.0,590592,0,52,0.3735,counter,"[1, 128, 768]","[1, 128, 768]",1214.89,0.0,0.375,cpu_perf_counter,cpu
48,encoder.layer.5.attention.output.LayerNorm,LayerNorm,0.0279,0.375,491520.0,1536,0,53,0.0285,analytic,"[1, 128, 768]","[1, 128, 768]",1214.89,0.0,0.375,cpu_perf_counter,cpu
48,encoder.layer.5.intermediate.dense,Linear,1.6553,1.5,603979776.0,2362368,0,54,1.6559,counter,"[1, 128, 768]","[1, 128, 3072]",1214.89,0.0,1.5,cpu_perf_counter,cpu
48,encoder.layer.5.intermediate.intermediate_act_fn,GELUActivation,0.1189,1.5,0.0,0,0,55,0.1195,none,"[1, 128, 3072]","[1, 128, 3072]",1214.89,0.0,1.5,cpu_perf_counter,cpu
48,encoder.layer.5.output.dense,Linear,1.446,0.375,603979776.0,2360064,0,56,1.4466,counter,"[1, 128, 3072]","[1, 128, 768]",1214.89,0.0,0.375,cpu_perf_counter,cpu
48,encoder.layer.5.output.LayerNorm,LayerNorm,0.0384,0.375,491520.0,1536,0,57,0.039,analytic,"[1, 128, 768]","[1, 128, 768]",1214.89,0.0,0.375,cpu_perf_counter,cpu
48,encoder.layer.6.attention.self.query,Linear,0.3727,0.375,150994944.0,590592,0,58,0.3733,counter,"[1, 128, 768]","[1, 128, 768]",1214.89,0.0,0.375,cpu_perf_counter,cpu
48,encoder.layer.6.attention.self.key,Linear,0.3822,0.375,150994944.0,590592,0,59,0.3828,counter,"[1, 128, 768]","[1, 128, 768]",1214.89,0.0,0.375,cpu_perf_counter,cpu
48,encoder.layer.6.attention.self.value,Linear,0.3609,0.375,150994944.0,590592,0,60,0.3615,counter,"[1, 128, 768]","[1, 128, 768]",1214.89,0.0,0.375,cpu_perf_counter,cpu
48,encoder.layer.6.attention.output.dense,Linear,0.3689,0.375,150994944.0,590592,0,61,0.3695,counter,"[1, 128, 768]","[1, 128, 768]",1214.89,0.0,0.375,cpu_perf_counter,cpu
48,encoder.layer.6.attention.output.LayerNorm,LayerNorm,0.0259,0.375,491520.0,1536,0,62,0.0265,analytic,"[1, 128, 768]","[1, 128, 768]",1214.89,0.0,0.375,cpu_perf_counter,cpu
48,encoder.layer.6.intermediate.dense,Linear,1.6475,1.5,603979776.0,2362368,0,63,1.6481,counter,"[1, 128, 768]","[1, 128, 3072]",1214.89,0.0,1.5,cpu_perf_counter,cpu
48,encoder.layer.6.intermediate.intermediate_act_fn,GELUActivation,0.132,1.5,0.0,0,0,64,0.1326,none,"[1, 128, 3072]","[1, 128, 3072]",1214.89,0.0,1.5,cpu_perf_counter,cpu
48,encoder.layer.6.output.dense,Linear,1.4827,0.375,603979776.0,2360064,0,65,1.4833,counter,"[1, 128, 3072]","[1, 128, 768]",1214.89,0.0,0.375,cpu_perf_counter,cpu
48,encoder.layer.6.output.LayerNorm,LayerNorm,0.0483,0.375,491520.0,1536,0,66,0.0489,analytic,"[1, 128, 768]","[1, 128, 768]",1214.89,0.0,0.375,cpu_perf_counter,cpu
48,encoder.layer.7.attention.self.query,Linear,0.4129,0.375,150994944.0,590592,0,67,0.4135,counter,"[1, 128, 768]","[1, 128, 768]",1214.89,0.0,0.375,cpu_perf_counter,cpu
48,encoder.layer.7.attention.self.key,Linear,0.3848,0.375,150994944.0,590592,0,68,0.3854,counter,"[1, 128, 768]","[1, 128, 768]",1214.89,0.0,0.375,cpu_perf_counter,cpu
48,encoder.layer.7.attention.self.value,Linear,0.3866,0.375,150994944.0,590592,0,69,0.3872,counter,"[1, 128, 768]","[1, 128, 768]",1214.89,0.0,0.375,cpu_perf_counter,cpu
48,encoder.layer.7.attention.output.dense,Linear,0.401,0.375,150994944.0,590592,0,70,0.4016,counter,"[1, 128, 768]","[1, 128, 768]",1214.89,0.0,0.375,cpu_perf_counter,cpu
48,encoder.layer.7.attention.output.LayerNorm,LayerNorm,0.0304,0.375,491520.0,1536,0,71,0.031,analytic,"[1, 128, 768]","[1, 128, 768]",1214.89,0.0,0.375,cpu_perf_counter,cpu
48,encoder.layer.7.intermediate.dense,Linear,1.8263,1.5,603979776.0,2362368,0,72,1.8269,counter,"[1, 128, 768]","[1, 128, 3072]",1214.89,0.0,1.5,cpu_perf_counter,cpu
48,encoder.layer.7.intermediate.intermediate_act_fn,GELUActivation,0.1457,1.5,0.0,0,0,73,0.1463,none,"[1, 128, 3072]","[1, 128, 3072]",1214.89,0.0,1.5,cpu_perf_counter,cpu
48,encoder.layer.7.output.dense,Linear,1.5483,0.375,603979776.0,2360064,0,74,1.5489,counter,"[1, 128, 3072]","[1, 128, 768]",1214.89,0.0,0.375,cpu_perf_counter,cpu
48,encoder.layer.7.output.LayerNorm,LayerNorm,0.0454,0.375,491520.0,1536,0,75,0.046,analytic,"[1, 128, 768]","[1, 128, 768]",1214.89,0.0,0.375,cpu_perf_counter,cpu
48,encoder.layer.8.attention.self.query,Linear,0.4061,0.375,150994944.0,590592,0,76,0.4067,counter,"[1, 128, 768]","[1, 128, 768]",1214.89,0.0,0.375,cpu_perf_counter,cpu
48,encoder.layer.8.attention.self.key,Linear,0.3918,0.375,150994944.0,590592,0,77,0.3924,counter,"[1, 128, 768]","[1, 128, 768]",1214.89,0.0,0.375,cpu_perf_counter,cpu
48,encoder.layer.8.attention.self.value,Linear,0.3732,0.375,150994944.0,590592,0,78,0.3738,counter,"[1, 128, 768]","[1, 128, 768]",1214.89,0.0,0.375,cpu_perf_counter,cpu
48,encoder.layer.8.attention.output.dense,Linear,0.3899,0.375,150994944.0,590592,0,79,0.3905,counter,"[1, 128, 768]","[1, 128, 768]",1214.89,0.0,0.375,cpu_perf_counter,cpu
48,encoder.layer.8.attention.output.LayerNorm,LayerNorm,0.0288,0.375,491520.0,1536,0,80,0.0294,analytic,"[1, 128, 768]","[1, 128, 768]",1214.89,0.0,0.375,cpu_perf_counter,cpu
48,encoder.layer.8.intermediate.dense,Linear,1.8152,1.5,603979776.0,2362368,0,81,1.8158,counter,"[1, 128, 768]","[1, 128, 3072]",1214.89,0.0,1.5,cpu_perf_counter,cpu
48,encoder.layer.8.intermediate.intermediate_act_fn,GELUActivation,0.134,1.5,0.0,0,0,82,0.1346,none,"[1, 128, 3072]","[1, 128, 3072]",1214.89,0.0,1.5,cpu_perf_counter,cpu
48,encoder.layer.8.output.dense,Linear,1.6236,0.375,603979776.0,2360064,0,83,1.6242,counter,"[1, 128, 3072]","[1, 128, 768]",1214.89,0.0,0.375,cpu_perf_counter,cpu
48,encoder.layer.8.output.LayerNorm,LayerNorm,0.0443,0.375,491520.0,1536,0,84,0.0449,analytic,"[1, 128, 768]","[1, 128, 768]",1214.89,0.0,0.375,cpu_perf_counter,cpu
48,encoder.layer.9.attention.self.query,Linear,0.4029,0.375,150994944.0,590592,0,85,0.4035,counter,"[1, 128, 768]","[1, 128, 768]",1214.89,0.0,0.375,cpu_perf_counter,cpu
48,encoder.layer.9.attention.self.key,Linear,0.3898,0.375,150994944.0,590592,0,86,0.3904,counter,"[1, 128, 768]","[1, 128, 768]",1214.89,0.0,0.375,cpu_perf_counter,cpu
48,encoder.layer.9.attention.self.value,Linear,0.3825,0.375,150994944.0,590592,0,87,0.3831,counter,"[1, 128, 768]","[1, 128, 768]",1214.89,0.0,0.375,cpu_perf_counter,cpu
48,encoder.layer.9.attention.output.dense,Linear,0.3933,0.375,150994944.0,590592,0,88,0.3939,counter,"[1, 128, 768]","[1, 128, 768]",1214.89,0.0,0.375,cpu_perf_counter,cpu
48,encoder.layer.9.attention.output.LayerNorm,LayerNorm,0.0315,0.375,491520.0,1536,0,89,0.0321,analytic,"[1, 128, 768]","[1, 128, 768]",1214.89,0.0,0.375,cpu_perf_counter,cpu
48,encoder.layer.9.intermediate.dense,Linear,2.108,1.5,603979776.0,2362368,0,90,2.1086,counter,"[1, 128, 768]","[1, 128, 3072]",1214.89,0.0,1.5,cpu_perf_counter,cpu
48,encoder.layer.9.intermediate.intermediate_act_fn,GELUActivation,0.1503,1.5,0.0,0,0,91,0.1509,none,"[1, 128, 3072]","[1, 128, 3072]",1214.89,0.0,1.5,cpu_perf_counter,cpu
48,encoder.layer.9.output.dense,Linear,1.5303,0.375,603979776.0,2360064,0,92,1.5309,counter,"[1, 128, 3072]","[1, 128, 768]",1214.89,0.0,0.375,cpu_perf_counter,cpu
48,encoder.layer.9.output.LayerNorm,LayerNorm,0.0449,0.375,491520.0,1536,0,93,0.0455,analytic,"[1, 128, 768]","[1, 128, 768]",1214.89,0.0,0.375,cpu_perf_counter,cpu
48,encoder.layer.10.attention.self.query,Linear,0.3836,0.375,150994944.0,590592,0,94,0.3842,counter,"[1, 128, 768]","[1, 128, 768]",1214.89,0.0,0.375,cpu_perf_counter,cpu
48,encoder.layer.10.attention.self.key,Linear,0.3867,0.375,150994944.0,590592,0,95,0.3873,counter,"[1, 128, 768]","[1, 128, 768]",1214.89,0.0,0.375,cpu_perf_counter,cpu
48,encoder.layer.10.attention.self.value,Linear,0.3765,0.375,150994944.0,590592,0,96,0.3771,counter,"[1, 128, 768]","[1, 128, 768]",1214.89,0.0,0.375,cpu_perf_counter,cpu
48,encoder.layer.10.attention.output.dense,Linear,0.3816,0.375,150994944.0,590592,0,97,0.3822,counter,"[1, 128, 768]","[1, 128, 768]",1214.89,0.0,0.375,cpu_perf_counter,cpu
48,encoder.layer.10.attention.output.LayerNorm,LayerNorm,0.0298,0.375,491520.0,1536,0,98,0.0304,analytic,"[1, 128, 768]","[1, 128, 768]",1214.89,0.0,0.375,cpu_perf_counter,cpu
48,encoder.layer.10.intermediate.dense,Linear,1.8805,1.5,603979776.0,2362368,0,99,1.8811,counter,"[1, 128, 768]","[1, 128, 3072]",1214.89,0.0,1.5,cpu_perf_counter,cpu
48,encoder.layer.10.intermediate.intermediate_act_fn,GELUActivation,0.1367,1.5,0.0,0,0,100,0.1373,none,"[1, 128, 3072]","[1, 128, 3072]",1214.89,0.0,1.5,cpu_perf_counter,cpu
48,encoder.layer.10.output.dense,Linear,1.4754,0.375,603979776.0,2360064,0,101,1.476,counter,"[1, 128, 3072]","[1, 128, 768]",1214.89,0.0,0.375,cpu_perf_counter,cpu
48,encoder.layer.10.output.LayerNorm,LayerNorm,0.0419,0.375,491520.0,1536,0,102,0.0425,analytic,"[1, 128, 768]","[1, 128, 768]",1214.89,0.0,0.375,cpu_perf_counter,cpu
48,encoder.layer.11.attention.self.query,Linear,0.3936,0.375,150994944.0,590592,0,103,0.3942,counter,"[1, 128, 768]","[1, 128, 768]",1214.89,0.0,0.375,cpu_perf_counter,cpu
48,encoder.layer.11.attention.self.key,Linear,0.3754,0.375,150994944.0,590592,0,104,0.376,counter,"[1, 128, 768]","[1, 128, 768]",1214.89,0.0,0.375,cpu_perf_counter,cpu
48,encoder.layer.11.attention.self.value,Linear,0.3788,0.375,150994944.0,590592,0,105,0.3794,counter,"[1, 128, 768]","[1, 128, 768]",1214.89,0.0,0.375,cpu_perf_counter,cpu
48,encoder.layer.11.attention.output.dense,Linear,0.399,0.375,150994944.0,590592,0,106,0.3996,counter,"[1, 128, 768]","[1, 128, 768]",1214.89,0.0,0.375,cpu_perf_counter,cpu
48,encoder.layer.11.attention.output.LayerNorm,LayerNorm,0.0314,0.375,491520.0,1536,0,107,0.032,analytic,"[1, 128, 768]","[1, 128, 768]",1214.89,0.0,0.375,cpu_perf_counter,cpu
48,encoder.layer.11.intermediate.dense,Linear,1.7987,1.5,603979776.0,2362368,0,108,1.7993,counter,"[1, 128, 768]","[1, 128, 3072]",1214.89,0.0,1.5,cpu_perf_counter,cpu
48,encoder.layer.11.intermediate.intermediate_act_fn,GELUActivation,0.1346,1.5,0.0,0,0,109,0.1352,none,"[1, 128, 3072]","[1, 128, 3072]",1214.89,0.0,1.5,cpu_perf_counter,cpu
48,encoder.layer.11.output.dense,Linear,1.2607,0.375,603979776.0,2360064,0,110,1.2613,counter,"[1, 128, 3072]","[1, 128, 768]",1214.89,0.0,0.375,cpu_perf_counter,cpu
48,encoder.layer.11.output.LayerNorm,LayerNorm,0.0402,0.375,491520.0,1536,0,111,0.0408,analytic,"[1, 128, 768]","[1, 128, 768]",1214.89,0.0,0.375,cpu_perf_counter,cpu
48,pooler.dense,Linear,0.1174,0.00293,1179648.0,590592,0,112,0.118,counter,"[1, 768]","[1, 768]",1214.89,0.0,0.003,cpu_perf_counter,cpu
48,pooler.activation,Tanh,0.0144,0.00293,3072.0,0,0,113,0.015,analytic,"[1, 768]","[1, 768]",1214.89,0.0,0.003,cpu_perf_counter,cpu
49,embeddings.word_embeddings,Embedding,0.0486,0.375,0.0,23440896,0,0,0.0492,none,"[1, 128]","[1, 128, 768]",1214.89,0.0,0.375,cpu_perf_counter,cpu
49,embeddings.token_type_embeddings,Embedding,0.0188,0.375,0.0,1536,0,1,0.0194,none,"[1, 128]","[1, 128, 768]",1214.89,0.0,0.375,cpu_perf_counter,cpu
49,embeddings.position_embeddings,Embedding,0.0254,0.375,0.0,393216,0,2,0.026,none,"[1, 128]","[1, 128, 768]",1214.89,0.0,0.375,cpu_perf_counter,cpu
49,embeddings.LayerNorm,LayerNorm,0.0236,0.375,491520.0,1536,0,3,0.0242,analytic,"[1, 128, 768]","[1, 128, 768]",1214.89,0.0,0.375,cpu_perf_counter,cpu
49,encoder.layer.0.attention.self.query,Linear,0.3663,0.375,150994944.0,590592,0,4,0.3669,counter,"[1, 128, 768]","[1, 128, 768]",1214.89,0.0,0.375,cpu_perf_counter,cpu
49,encoder.layer.0.attention.self.key,Linear,0.3598,0.375,150994944.0,590592,0,5,0.3604,counter,"[1, 128, 768]","[1, 128, 768]",1214.89,0.0,0.375,cpu_perf_counter,cpu
49,encoder.layer.0.attention.self.value,Linear,0.3627,0.375,150994944.0,590592,0,6,0.3633,counter,"[1, 128, 768]","[1, 128, 768]",1214.89,0.0,0.375,cpu_perf_counter,cpu
49,encoder.layer.0.attention.output.dense,Linear,0.3689,0.375,150994944.0,590592,0,7,0.3695,counter,"[1, 128, 768]","[1, 128, 768]",1214.89,0.0,0.375,cpu_perf_counter,cpu
49,encoder.layer.0.attention.output.LayerNorm,LayerNorm,0.0263,0.375,491520.0,1536,0,8,0.0269,analytic,"[1, 128, 768]","[1, 128, 768]",1214.89,0.0,0.375,cpu_perf_counter,cpu
49,encoder.layer.0.intermediate.dense,Linear,1.6559,1.5,603979776.0,2362368,0,9,1.6565,counter,"[1, 128, 768]","[1, 128, 3072]",1214.89,0.0,1.5,cpu_perf_counter,cpu
49,encoder.layer.0.intermediate.intermediate_act_fn,GELUActivation,0.1268,1.5,0.0,0,0,10,0.1274,none,"[1, 128, 3072]","[1, 128, 3072]",1214.89,0.0,1.5,cpu_perf_counter,cpu
49,encoder.layer.0.output.dense,Linear,1.4542,0.375,603979776.0,2360064,0,11,1.4548,counter,"[1, 128, 3072]","[1, 128, 768]",1214.89,0.0,0.375,cpu_perf_counter,cpu
49,encoder.layer.0.output.LayerNorm,LayerNorm,0.0394,0.375,491520.0,1536,0,12,0.04,analytic,"[1, 128, 768]","[1, 128, 768]",1214.89,0.0,0.375,cpu_perf_counter,cpu
49,encoder.layer.1.attention.self.query,Linear,0.4112,0.375,150994944.0,590592,0,13,0.4118,counter,"[1, 128, 768]","[1, 128, 768]",1214.89,0.0,0.375,cpu_perf_counter,cpu
49,encoder.layer.1.attention.self.key,Linear,0.3611,0.375,150994944.0,590592,0,14,0.3617,counter,"[1, 128, 768]","[1, 128, 768]",1214.89,0.0,0.375,cpu_perf_counter,cpu
49,encoder.layer.1.attention.self.value,Linear,0.37,0.375,150994944.0,590592,0,15,0.3706,counter,"[1, 128, 768]","[1, 128, 768]",1214.89,0.0,0.375,cpu_perf_counter,cpu
49,encoder.layer.1.attention.output.dense,Linear,0.3672,0.375,150994944.0,590592,0,16,0.3678,counter,"[1, 128, 768]","[1, 128, 768]",1214.89,0.0,0.375,cpu_perf_counter,cpu
49,encoder.layer.1.attention.output.LayerNorm,LayerNorm,0.0322,0.375,491520.0,1536,0,17,0.0328,analytic,"[1, 128, 768]","[1, 128, 768]",1214.89,0.0,0.375,cpu_perf_counter,cpu
49,encoder.layer.1.intermediate.dense,Linear,1.6476,1.5,603979776.0,2362368,0,18,1.6482,counter,"[1, 128, 768]","[1, 128, 3072]",1214.89,0.0,1.5,cpu_perf_counter,cpu
49,encoder.layer.1.intermediate.intermediate_act_fn,GELUActivation,0.1249,1.5,0.0,0,0,19,0.1255,none,"[1, 128, 3072]","[1, 128, 3072]",1214.89,0.0,1.5,cpu_perf_counter,cpu
49,encoder.layer.1.output.dense,Linear,1.4935,0.375,603979776.0,2360064,0,20,1.4941,counter,"[1, 128, 3072]","[1, 128, 768]",1214.89,0.0,0.375,cpu_perf_counter,cpu
49,encoder.layer.1.output.LayerNorm,LayerNorm,0.0415,0.375,491520.0,1536,0,21,0.0421,analytic,"[1, 128, 768]","[1, 128, 768]",1214.89,0.0,0.375,cpu_perf_counter,cpu
49,encoder.layer.2.attention.self.query,Linear,0.3718,0.375,150994944.0,590592,0,22,0.3724,counter,"[1, 128, 768]","[1, 128, 768]",1214.89,0.0,0.375,cpu_perf_counter,cpu
49,encoder.layer.2.attention.self.key,Linear,0.3649,0.375,150994944.0,590592,0,23,0.3655,counter,"[1, 128, 768]","[1, 128, 768]",1214.89,0.0,0.375,cpu_perf_counter,cpu
49,encoder.layer.2.attention.self.value,Linear,0.358,0.375,150994944.0,590592,0,24,0.3586,counter,"[1, 128, 768]","[1, 128, 768]",1214.89,0.0,0.375,cpu_perf_counter,cpu
49,encoder.layer.2.attention.output.dense,Linear,0.3673,0.375,150994944.0,590592,0,25,0.3679,counter,"[1, 128, 768]","[1, 128, 768]",1214.89,0.0,0.375,cpu_perf_counter,cpu
49,encoder.layer.2.attention.output.LayerNorm,LayerNorm,0.0277,0.375,491520.0,1536,0,26,0.0283,analytic,"[1, 128, 768]","[1, 128, 768]",1214.89,0.0,0.375,cpu_perf_counter,cpu
49,encoder.layer.2.intermediate.dense,Linear,1.6145,1.5,603979776.0,2362368,0,27,1.6151,counter,"[1, 128, 768]","[1, 128, 3072]",1214.89,0.0,1.5,cpu_perf_counter,cpu
49,encoder.layer.2.intermediate.intermediate_act_fn,GELUActivation,0.1215,1.5,0.0,0,0,28,0.1221,none,"[1, 128, 3072]","[1, 128, 3072]",1214.89,0.0,1.5,cpu_perf_counter,cpu
49,encoder.layer.2.output.dense,Linear,1.5172,0.375,603979776.0,2360064,0,29,1.5178,counter,"[1, 128, 3072]","[1, 128, 768]",1214.89,0.0,0.375,cpu_perf_counter,cpu
49,encoder.layer.2.output.LayerNorm,LayerNorm,0.0478,0.375,491520.0,1536,0,30,0.0484,analytic,"[1, 128, 768]","[1, 128, 768]",1214.89,0.0,0.375,cpu_perf_counter,cpu
49,encoder.layer.3.attention.self.query,Linear,0.4156,0.375,150994944.0,590592,0,31,0.4162,counter,"[1, 128, 768]","[1, 128, 768]",1214.89,0.0,0.375,cpu_perf_counter,cpu
49,encoder.layer.3.attention.self.key,Linear,0.3907,0.375,150994944.0,590592,0,32,0.3913,counter,"[1, 128, 768]","[1, 128, 768]",1214.89,0.0,0.375,cpu_perf_counter,cpu
49,encoder.layer.3.attention.self.value,Linear,0.3893,0.375,150994944.0,590592,0,33,0.3899,counter,"[1, 128, 768]","[1, 128, 768]",1214.89,0.0,0.375,cpu_perf_counter,cpu
49,encoder.layer.3.attention.output.dense,Linear,0.3821,0.375,150994944.0,590592,0,34,0.3827,counter,"[1, 128, 768]","[1, 128, 768]",1214.89,0.0,0.375,cpu_perf_counter,cpu
49,encoder.layer.3.attention.output.LayerNorm,LayerNorm,0.0314,0.375,491520.0,1536,0,35,0.032,analytic,"[1, 128, 768]","[1, 128, 768]",1214.89,0.0,0.375,cpu_perf_counter,cpu
49,encoder.layer.3.intermediate.dense,Linear,1.8426,1.5,603979776.0,2362368,0,36,1.8432,counter,"[1, 128, 768]","[1, 128, 3072]",1214.89,0.0,1.5,cpu_perf_counter,cpu
49,encoder.layer.3.intermediate.intermediate_act_fn,GELUActivation,0.1701,1.5,0.0,0,0,37,0.1707,none,"[1, 128, 3072]","[1, 128, 3072]",1214.89,0.0,1.5,cpu_perf_counter,cpu
49,encoder.layer.3.output.dense,Linear,1.55,0.375,603979776.0,2360064,0,38,1.5506,counter,"[1, 128, 3072]","[1, 128, 768]",1214.89,0.0,0.375,cpu_perf_counter,cpu
49,encoder.layer.3.output.LayerNorm,LayerNorm,0.0566,0.375,491520.0,1536,0,39,0.0572,analytic,"[1, 128, 768]","[1, 128, 768]",1214.89,0.0,0.375,cpu_perf_counter,cpu
49,encoder.layer.4.attention.self.query,Linear,0.3896,0.375,150994944.0,590592,0,40,0.3902,counter,"[1, 128, 768]","[1, 128, 768]",1214.89,0.0,0.375,cpu_perf_counter,cpu
49,encoder.layer.4.attention.self.key,Linear,0.3927,0.375,150994944.0,590592,0,41,0.3933,counter,"[1, 128, 768]","[1, 128, 768]",1214.89,0.0,0.375,cpu_perf_counter,cpu
49,encoder.layer.4.attention.self.value,Linear,0.3722,0.375,150994944.0,590592,0,42,0.3728,counter,"[1, 128, 768]","[1, 128, 768]",1214.89,0.0,0.375,cpu_perf_counter,cpu
49,encoder.layer.4.attention.output.dense,Linear,0.3772,0.375,150994944.0,590592,0,43,0.3778,counter,"[1, 128, 768]","[1, 128, 768]",1214.89,0.0,0.375,cpu_perf_counter,cpu
49,encoder.layer.4.attention.output.LayerNorm,LayerNorm,0.0292,0.375,491520.0,1536,0,44,0.0298,analytic,"[1, 128, 768]","[1, 128, 768]",1214.89,0.0,0.375,cpu_perf_counter,cpu
49,encoder.layer.4.intermediate.dense,Linear,1.7104,1.5,603979776.0,2362368,0,45,1.711,counter,"[1, 128, 768]","[1, 128, 3072]",1214.89,0.0,1.5,cpu_perf_counter,cpu
49,encoder.layer.4.intermediate.intermediate_act_fn,GELUActivation,0.1421,1.5,0.0,0,0,46,0.1427,none,"[1, 128, 3072]","[1, 128, 3072]",1214.89,0.0,1.5,cpu_perf_counter,cpu
49,encoder.layer.4.output.dense,Linear,1.5219,0.375,603979776.0,2360064,0,47,1.5225,counter,"[1, 128, 3072]","[1, 128, 768]",1214.89,0.0,0.375,cpu_perf_counter,cpu
49,encoder.layer.4.output.LayerNorm,LayerNorm,0.0411,0.375,491520.0,1536,0,48,0.0417,analytic,"[1, 128, 768]","[1, 128, 768]",1214.89,0.0,0.375,cpu_perf_counter,cpu
49,encoder.layer.5.attention.self.query,Linear,0.3866,0.375,150994944.0,590592,0,49,0.3872,counter,"[1, 128, 768]","[1, 128, 768]",1214.89,0.0,0.375,cpu_perf_counter,cpu
49,encoder.layer.5.attention.self.key,Linear,0.3571,0.375,150994944.0,590592,0,50,0.3577,counter,"[1, 128, 768]","[1, 128, 768]",1214.89,0.0,0.375,cpu_perf_counter,cpu
49,encoder.layer.5.attention.self.value,Linear,0.3701,0.375,150994944.0,590592,0,51,0.3707,counter,"[1, 128, 768]","[1, 128, 768]",1214.89,0.0,0.375,cpu_perf_counter,cpu
49,encoder.layer.5.attention.output.dense,Linear,0.3802,0.375,150994944.0,590592,0,52,0.3808,counter,"[1, 128, 768]","[1, 128, 768]",1214.89,0.0,0.375,cpu_perf_counter,cpu
49,encoder.layer.5.attention.output.LayerNorm,LayerNorm,0.03,0.375,491520.0,1536,0,53,0.0306,analytic,"[1, 128, 768]","[1, 128, 768]",1214.89,0.0,0.375,cpu_perf_counter,cpu
49,encoder.layer.5.intermediate.dense,Linear,1.6548,1.5,603979776.0,2362368,0,54,1.6554,counter,"[1, 128, 768]","[1, 128, 3072]",1214.89,0.0,1.5,cpu_perf_counter,cpu
49,encoder.layer.5.intermediate.intermediate_act_fn,GELUActivation,0.1245,1.5,0.0,0,0,55,0.1251,none,"[1, 128, 3072]","[1, 128, 3072]",1214.89,0.0,1.5,cpu_perf_counter,cpu
49,encoder.layer.5.output.dense,Linear,1.5217,0.375,603979776.0,2360064,0,56,1.5223,counter,"[1, 128, 3072]","[1, 128, 768]",1214.89,0.0,0.375,cpu_perf_counter,cpu
49,encoder.layer.5.output.LayerNorm,LayerNorm,0.042,0.375,491520.0,1536,0,57,0.0426,analytic,"[1, 128, 768]","[1, 128, 768]",1214.89,0.0,0.375,cpu_perf_counter,cpu
49,encoder.layer.6.attention.self.query,Linear,0.3865,0.375,150994944.0,590592,0,58,0.3871,counter,"[1, 128, 768]","[1, 128, 768]",1214.89,0.0,0.375,cpu_perf_counter,cpu
49,encoder.layer.6.attention.self.key,Linear,0.3854,0.375,150994944.0,590592,0,59,0.386,counter,"[1, 128, 768]","[1, 128, 768]",1214.89,0.0,0.375,cpu_perf_counter,cpu
49,encoder.layer.6.attention.self.value,Linear,0.3879,0.375,150994944.0,590592,0,60,0.3885,counter,"[1, 128, 768]","[1, 128, 768]",1214.89,0.0,0.375,cpu_perf_counter,cpu
49,encoder.layer.6.attention.output.dense,Linear,0.3884,0.375,150994944.0,590592,0,61,0.389,counter,"[1, 128, 768]","[1, 128, 768]",1214.89,0.0,0.375,cpu_perf_counter,cpu
49,encoder.layer.6.attention.output.LayerNorm,LayerNorm,0.0401,0.375,491520.0,1536,0,62,0.0407,analytic,"[1, 128, 768]","[1, 128, 768]",1214.89,0.0,0.375,cpu_perf_counter,cpu
49,encoder.layer.6.intermediate.dense,Linear,1.7231,1.5,603979776.0,2362368,0,63,1.7237,counter,"[1, 128, 768]","[1, 128, 3072]",1214.89,0.0,1.5,cpu_perf_counter,cpu
49,encoder.layer.6.intermediate.intermediate_act_fn,GELUActivation,0.1554,1.5,0.0,0,0,64,0.156,none,"[1, 128, 3072]","[1, 128, 3072]",1214.89,0.0,1.5,cpu_perf_counter,cpu
49,encoder.layer.6.output.dense,Linear,1.5645,0.375,603979776.0,2360064,0,65,1.5651,counter,"[1, 128, 3072]","[1, 128, 768]",1214.89,0.0,0.375,cpu_perf_counter,cpu
49,encoder.layer.6.output.LayerNorm,LayerNorm,0.053,0.375,491520.0,1536,0,66,0.0536,analytic,"[1, 128, 768]","[1, 128, 768]",1214.89,0.0,0.375,cpu_perf_counter,cpu
49,encoder.layer.7.attention.self.query,Linear,0.4257,0.375,150994944.0,590592,0,67,0.4263,counter,"[1, 128, 768]","[1, 128, 768]",1214.89,0.0,0.375,cpu_perf_counter,cpu
49,encoder.layer.7.attention.self.key,Linear,0.4088,0.375,150994944.0,590592,0,68,0.4094,counter,"[1, 128, 768]","[1, 128, 768]",1214.89,0.0,0.375,cpu_perf_counter,cpu
49,encoder.layer.7.attention.self.value,Linear,0.406,0.375,150994944.0,590592,0,69,0.4066,counter,"[1, 128, 768]","[1, 128, 768]",1214.89,0.0,0.375,cpu_perf_counter,cpu
49,encoder.layer.7.attention.output.dense,Linear,0.4016,0.375,150994944.0,590592,0,70,0.4022,counter,"[1, 128, 768]","[1, 128, 768]",1214.89,0.0,0.375,cpu_perf_counter,cpu
49,encoder.layer.7.attention.output.LayerNorm,LayerNorm,0.0377,0.375,491520.0,1536,0,71,0.0383,analytic,"[1, 128, 768]","[1, 128, 768]",1214.89,0.0,0.375,cpu_perf_counter,cpu
49,encoder.layer.7.intermediate.dense,Linear,1.8391,1.5,603979776.0,2362368,0,72,1.8397,counter,"[1, 128, 768]","[1, 128, 3072]",1214.89,0.0,1.5,cpu_perf_counter,cpu
49,encoder.layer.7.intermediate.intermediate_act_fn,GELUActivation,0.1508,1.5,0.0,0,0,73,0.1514,none,"[1, 128, 3072]","[1, 128, 3072]",1214.89,0.0,1.5,cpu_perf_counter,cpu
49,encoder.layer.7.output.dense,Linear,1.5136,0.375,603979776.0,2360064,0,74,1.5142,counter,"[1, 128, 3072]","[1, 128, 768]",1214.89,0.0,0.375,cpu_perf_counter,cpu
49,encoder.layer.7.output.LayerNorm,LayerNorm,0.0474,0.375,491520.0,1536,0,75,0.048,analytic,"[1, 128, 768]","[1, 128, 768]",1214.89,0.0,0.375,cpu_perf_counter,cpu
49,encoder.layer.8.attention.self.query,Linear,0.4062,0.375,150994944.0,590592,0,76,0.4068,counter,"[1, 128, 768]","[1, 128, 768]",1214.89,0.0,0.375,cpu_perf_counter,cpu
49,encoder.layer.8.attention.self.key,Linear,0.388,0.375,150994944.0,590592,0,77,0.3886,counter,"[1, 128, 768]","[1, 128, 768]",1214.89,0.0,0.375,cpu_perf_counter,cpu
49,encoder.layer.8.attention.self.value,Linear,0.3673,0.375,150994944.0,590592,0,78,0.3679,counter,"[1, 128, 768]","[1, 128, 768]",1214.89,0.0,0.375,cpu_perf_counter,cpu
49,encoder.layer.8.attention.output.dense,Linear,0.3838,0.375,150994944.0,590592,0,79,0.3844,counter,"[1, 128, 768]","[1, 128, 768]",1214.89,0.0,0.375,cpu_perf_counter,cpu
49,encoder.layer.8.attention.output.LayerNorm,LayerNorm,0.0323,0.375,491520.0,1536,0,80,0.0329,analytic,"[1, 128, 768]","[1, 128, 768]",1214.89,0.0,0.375,cpu_perf_counter,cpu
49,encoder.layer.8.intermediate.dense,Linear,1.8981,1.5,603979776.0,2362368,0,81,1.8987,counter,"[1, 128, 768]","[1, 128, 3072]",1214.89,0.0,1.5,cpu_perf_counter,cpu
49,encoder.layer.8.intermediate.intermediate_act_fn,GELUActivation,0.149,1.5,0.0,0,0,82,0.1496,none,"[1, 128, 3072]","[1, 128, 3072]",1214.89,0.0,1.5,cpu_perf_counter,cpu
49,encoder.layer.8.output.dense,Linear,1.5566,0.375,603979776.0,2360064,0,83,1.5572,counter,"[1, 128, 3072]","[1, 128, 768]",1214.89,0.0,0.375,cpu_perf_counter,cpu
49,encoder.layer.8.output.LayerNorm,LayerNorm,0.0502,0.375,491520.0,1536,0,84,0.0508,analytic,"[1, 128, 768]","[1, 128, 768]",1214.89,0.0,0.375,cpu_perf_counter,cpu
49,encoder.layer.9.attention.self.query,Linear,0.4181,0.375,150994944.0,590592,0,85,0.4187,counter,"[1, 128, 768]","[1, 128, 768]",1214.89,0.0,0.375,cpu_perf_counter,cpu
49,encoder.layer.9.attention.self.key,Linear,0.4087,0.375,150994944.0,590592,0,86,0.4093,counter,"[1, 128, 768]","[1, 128, 768]",1214.89,0.0,0.375,cpu_perf_counter,cpu
49,encoder.layer.9.attention.self.value,Linear,0.4015,0.375,150994944.0,590592,0,87,0.4021,counter,"[1, 128, 768]","[1, 128, 768]",1214.89,0.0,0.375,cpu_perf_counter,cpu
49,encoder.layer.9.attention.output.dense,Linear,0.4196,0.375,150994944.0,590592,0,88,0.4202,counter,"[1, 128, 768]","[1, 128, 768]",1214.89,0.0,0.375,cpu_perf_counter,cpu
49,encoder.layer.9.attention.output.LayerNorm,LayerNorm,0.0341,0.375,491520.0,1536,0,89,0.0347,analytic,"[1, 128, 768]","[1, 128, 768]",1214.89,0.0,0.375,cpu_perf_counter,cpu
49,encoder.layer.9.intermediate.dense,Linear,1.9951,1.5,603979776.0,2362368,0,90,1.9957,counter,"[1, 128, 768]","[1, 128, 3072]",1214.89,0.0,1.5,cpu_perf_counter,cpu
49,encoder.layer.9.intermediate.intermediate_act_fn,GELUActivation,0.1465,1.5,0.0,0,0,91,0.1471,none,"[1, 128, 3072]","[1, 128, 3072]",1214.89,0.0,1.5,cpu_perf_counter,cpu
49,encoder.layer.9.output.dense,Linear,1.4602,0.375,603979776.0,2360064,0,92,1.4608,counter,"[1, 128, 3072]","[1, 128, 768]",1214.89,0.0,0.375,cpu_perf_counter,cpu
49,encoder.layer.9.output.LayerNorm,LayerNorm,0.046,0.375,491520.0,1536,0,93,0.0466,analytic,"[1, 128, 768]","[1, 128, 768]",1214.89,0.0,0.375,cpu_perf_counter,cpu
49,encoder.layer.10.attention.self.query,Linear,0.3832,0.375,150994944.0,590592,0,94,0.3838,counter,"[1, 128, 768]","[1, 128, 768]",1214.89,0.0,0.375,cpu_perf_counter,cpu
49,encoder.layer.10.attention.self.key,Linear,0.3825,0.375,150994944.0,590592,0,95,0.3831,counter,"[1, 128, 768]","[1, 128, 768]",1214.89,0.0,0.375,cpu_perf_counter,cpu
49,encoder.layer.10.attention.self.value,Linear,0.371,0.375,150994944.0,590592,0,96,0.3716,counter,"[1, 128, 768]","[1, 128, 768]",1214.89,0.0,0.375,cpu_perf_counter,cpu
49,encoder.layer.10.attention.output.dense,Linear,0.3746,0.375,150994944.0,590592,0,97,0.3752,counter,"[1, 128, 768]","[1, 128, 768]",1214.89,0.0,0.375,cpu_perf_counter,cpu
49,encoder.layer.10.attention.output.LayerNorm,LayerNorm,0.031,0.375,491520.0,1536,0,98,0.0316,analytic,"[1, 128, 768]","[1, 128, 768]",1214.89,0.0,0.375,cpu_perf_counter,cpu
49,encoder.layer.10.intermediate.dense,Linear,1.7477,1.5,603979776.0,2362368,0,99,1.7483,counter,"[1, 128, 768]","[1, 128, 3072]",1214.89,0.0,1.5,cpu_perf_counter,cpu
49,encoder.layer.10.intermediate.intermediate_act_fn,GELUActivation,0.1273,1.5,0.0,0,0,100,0.1279,none,"[1, 128, 3072]","[1, 128, 3072]",1214.89,0.0,1.5,cpu_perf_counter,cpu
49,encoder.layer.10.output.dense,Linear,1.471,0.375,603979776.0,2360064,0,101,1.4716,counter,"[1, 128, 3072]","[1, 128, 768]",1214.89,0.0,0.375,cpu_perf_counter,cpu
49,encoder.layer.10.output.LayerNorm,LayerNorm,0.0377,0.375,491520.0,1536,0,102,0.0383,analytic,"[1, 128, 768]","[1, 128, 768]",1214.89,0.0,0.375,cpu_perf_counter,cpu
49,encoder.layer.11.attention.self.query,Linear,0.3719,0.375,150994944.0,590592,0,103,0.3725,counter,"[1, 128, 768]","[1, 128, 768]",1214.89,0.0,0.375,cpu_perf_counter,cpu
49,encoder.layer.11.attention.self.key,Linear,0.3599,0.375,150994944.0,590592,0,104,0.3605,counter,"[1, 128, 768]","[1, 128, 768]",1214.89,0.0,0.375,cpu_perf_counter,cpu
49,encoder.layer.11.attention.self.value,Linear,0.364,0.375,150994944.0,590592,0,105,0.3646,counter,"[1, 128, 768]","[1, 128, 768]",1214.89,0.0,0.375,cpu_perf_counter,cpu
49,encoder.layer.11.attention.output.dense,Linear,0.3727,0.375,150994944.0,590592,0,106,0.3733,counter,"[1, 128, 768]","[1, 128, 768]",1214.89,0.0,0.375,cpu_perf_counter,cpu
49,encoder.layer.11.attention.output.LayerNorm,LayerNorm,0.0296,0.375,491520.0,1536,0,107,0.0302,analytic,"[1, 128, 768]","[1, 128, 768]",1214.89,0.0,0.375,cpu_perf_counter,cpu
49,encoder.layer.11.intermediate.dense,Linear,1.7199,1.5,603979776.0,2362368,0,108,1.7205,counter,"[1, 128, 768]","[1, 128, 3072]",1214.89,0.0,1.5,cpu_perf_counter,cpu
49,encoder.layer.11.intermediate.intermediate_act_fn,GELUActivation,0.1446,1.5,0.0,0,0,109,0.1452,none,"[1, 128, 3072]","[1, 128, 3072]",1214.89,0.0,1.5,cpu_perf_counter,cpu
49,encoder.layer.11.output.dense,Linear,1.489,0.375,603979776.0,2360064,0,110,1.4896,counter,"[1, 128, 3072]","[1, 128, 768]",1214.89,0.0,0.375,cpu_perf_counter,cpu
49,encoder.layer.11.output.LayerNorm,LayerNorm,0.0428,0.375,491520.0,1536,0,111,0.0434,analytic,"[1, 128, 768]","[1, 128, 768]",1214.89,0.0,0.375,cpu_perf_counter,cpu
49,pooler.dense,Linear,0.1243,0.00293,1179648.0,590592,0,112,0.1249,counter,"[1, 768]","[1, 768]",1214.89,0.0,0.003,cpu_perf_counter,cpu
49,pooler.activation,Tanh,0.0159,0.00293,3072.0,0,0,113,0.0165,analytic,"[1, 768]","[1, 768]",1214.89,0.0,0.003,cpu_perf_counter,cpu
